연도,분기,행정동_코드,행정동_코드_명,집객시설_수,관공서_수,은행_수,종합병원_수,일반_병원_수,약국_수,유치원_수,초등학교_수,중학교_수,고등학교_수,대학교_수,백화점_수,슈퍼마켓_수,극장_수,숙박_시설_수,공항_수,철도_역_수,버스_터미널_수,지하철_역_수,버스_정거장_수
2020,1,11110515,청운효자동,93,6.0,3.0,,,4.0,1.0,1.0,2.0,2.0,8.0,,,,,,,,,26.0
2020,1,11110530,사직동,206,18.0,24.0,,,15.0,,1.0,,1.0,1.0,,,3.0,,,,,2.0,34.0
2020,1,11110540,삼청동,49,10.0,4.0,,1.0,1.0,,,1.0,1.0,2.0,,,,,,,,,16.0
2020,1,11110550,부암동,84,4.0,2.0,,,1.0,1.0,2.0,1.0,1.0,14.0,,,,,,,,,38.0
2020,1,11110560,평창동,162,6.0,2.0,,1.0,5.0,1.0,,,1.0,2.0,,,,,,,,,91.0
2020,1,11110570,무악동,42,2.0,1.0,1.0,,4.0,1.0,1.0,,,,,,,,,,,1.0,7.0
2020,1,11110580,교남동,78,4.0,3.0,2.0,,17.0,,,,1.0,1.0,,,,,,,,,26.0
2020,1,11110600,가회동,63,5.0,3.0,,,1.0,1.0,1.0,1.0,2.0,1.0,,,,,,,,,22.0
2020,1,11110615,종로1?2?3?4가동,500,19.0,35.0,,,47.0,1.0,2.0,,,4.0,,1.0,5.0,17.0,,,,5.0,72.0
2020,1,11110630,종로5?6가동,212,7.0,8.0,,,31.0,,1.0,,,1.0,,4.0,,3.0,,,,1.0,23.0
2020,1,11110640,이화동,119,4.0,4.0,1.0,,11.0,,,2.0,,37.0,,,,,,,,1.0,28.0
2020,1,11110650,혜화동,145,6.0,5.0,,,16.0,3.0,1.0,1.0,4.0,26.0,,,1.0,,,,,,36.0
2020,1,11110670,창신1동,111,3.0,4.0,,,9.0,,2.0,,,,,1.0,,7.0,,,,2.0,11.0
2020,1,11110680,창신2동,38,2.0,1.0,,,5.0,,,,,,,,,,,,,,
2020,1,11110690,창신3동,24,3.0,,,,1.0,,1.0,,1.0,,,,,,,,,1.0,5.0
2020,1,11110700,숭인1동,43,3.0,1.0,,,3.0,1.0,,,,,,,,,,,,,14.0
2020,1,11110710,숭인2동,89,4.0,3.0,,1.0,4.0,,,,,,,2.0,,3.0,,,,2.0,6.0
2020,1,11140520,소공동,231,13.0,29.0,,,10.0,,1.0,4.0,3.0,,1.0,,3.0,3.0,,,,3.0,37.0
2020,1,11140540,회현동,211,9.0,17.0,,,16.0,1.0,,,,2.0,,2.0,1.0,2.0,,,,6.0,35.0
2020,1,11140550,명동,542,20.0,46.0,,,35.0,,1.0,,,4.0,,,3.0,12.0,,,,1.0,29.0
2020,1,11140570,필동,123,6.0,9.0,1.0,,7.0,,2.0,,1.0,19.0,,,2.0,1.0,,,,2.0,15.0
2020,1,11140580,장충동,63,6.0,2.0,,,1.0,,1.0,,,3.0,,,1.0,2.0,,,,1.0,13.0
2020,1,11140590,광희동,185,3.0,16.0,1.0,,14.0,,,1.0,,,,1.0,3.0,11.0,,,,3.0,19.0
2020,1,11140605,을지로동,145,5.0,10.0,,,13.0,,,,,,,1.0,2.0,3.0,,,,4.0,20.0
2020,1,11140615,신당동,99,7.0,5.0,,1.0,12.0,,1.0,1.0,3.0,,,3.0,,1.0,,,,2.0,8.0
2020,1,11140625,다산동,86,3.0,4.0,,1.0,9.0,,1.0,1.0,1.0,,,,,1.0,,,,1.0,7.0
2020,1,11140635,약수동,87,4.0,2.0,,1.0,12.0,2.0,,,,,,,,,,,,2.0,12.0
2020,1,11140645,청구동,34,2.0,,,,3.0,1.0,2.0,1.0,1.0,,,,,,,,,,5.0
2020,1,11140650,신당5동,65,4.0,2.0,,,5.0,,1.0,,2.0,,,,,,,,,,12.0
2020,1,11140665,동화동,47,3.0,1.0,,,5.0,,1.0,1.0,,,,,,,,,,2.0,4.0
2020,1,11140670,황학동,76,1.0,6.0,,,10.0,,,,,,,,,7.0,,,,,6.0
2020,1,11140680,중림동,77,3.0,2.0,,,7.0,,1.0,,2.0,1.0,,,,5.0,,,,,14.0
2020,1,11170510,후암동,80,6.0,1.0,,,7.0,1.0,2.0,,1.0,,,2.0,,,,,,,18.0
2020,1,11170520,용산2가동,63,3.0,,,,4.0,,1.0,2.0,2.0,,,,,,,,,1.0,29.0
2020,1,11170530,남영동,147,7.0,5.0,,,14.0,,,1.0,,,,,,12.0,,,,3.0,26.0
2020,1,11170555,청파동,128,7.0,2.0,,1.0,11.0,,2.0,2.0,4.0,22.0,,1.0,,1.0,,,,,35.0
2020,1,11170560,원효로1동,94,6.0,3.0,,,6.0,1.0,1.0,,,3.0,,4.0,,,,,,,31.0
2020,1,11170570,원효로2동,69,4.0,2.0,,,4.0,2.0,1.0,1.0,1.0,,,2.0,,,,,,,27.0
2020,1,11170580,효창동,66,1.0,1.0,,,5.0,,1.0,,1.0,1.0,,,,,,,,2.0,22.0
2020,1,11170590,용문동,54,1.0,,,,3.0,,,,,,,,,,,,,,22.0
2020,1,11170625,한강로동,242,19.0,19.0,,,21.0,,2.0,,1.0,,,5.0,3.0,2.0,,,,7.0,41.0
2020,1,11170630,이촌1동,102,4.0,9.0,,1.0,12.0,2.0,1.0,1.0,1.0,,,1.0,,,,,,,14.0
2020,1,11170640,이촌2동,26,2.0,,,,1.0,,,,,,,,,,,,,,11.0
2020,1,11170650,이태원1동,71,8.0,5.0,,,3.0,,1.0,,,,,3.0,,,,,,1.0,14.0
2020,1,11170660,이태원2동,60,8.0,5.0,,,3.0,1.0,1.0,,1.0,,,,,,,,,,22.0
2020,1,11170685,한남동,171,30.0,11.0,1.0,,13.0,3.0,1.0,,,,,3.0,,,,,,2.0,36.0
2020,1,11170690,서빙고동,61,15.0,1.0,,,1.0,,1.0,1.0,,,,,,,,,,1.0,21.0
2020,1,11170700,보광동,70,4.0,1.0,,,8.0,1.0,,1.0,1.0,6.0,,,,,,,,,14.0
2020,1,11200520,왕십리2동,63,2.0,,,,5.0,1.0,1.0,,,,,,,,,,,1.0,18.0
2020,1,11200535,왕십리도선동,189,4.0,4.0,,2.0,20.0,2.0,2.0,,2.0,,,,,,,,,,26.0
2020,1,11200540,마장동,111,6.0,5.0,,,8.0,2.0,2.0,2.0,,,,,,,,,,1.0,29.0
2020,1,11200550,사근동,128,5.0,3.0,1.0,,10.0,,2.0,1.0,2.0,52.0,,1.0,,,,,,2.0,34.0
2020,1,11200560,행당1동,130,9.0,4.0,,2.0,13.0,1.0,1.0,,,,,1.0,1.0,,,,,4.0,30.0
2020,1,11200570,행당2동,79,2.0,2.0,,,4.0,1.0,1.0,1.0,1.0,,,,,,,,,1.0,24.0
2020,1,11200580,응봉동,56,3.0,,,,2.0,,1.0,1.0,,,,,,,,,,1.0,30.0
2020,1,11200590,금호1가동,88,2.0,,,,6.0,1.0,1.0,,1.0,,,,,,,,,1.0,45.0
2020,1,11200615,금호2?3가동,135,3.0,2.0,,,13.0,,1.0,,,,,,,,,,,,46.0
2020,1,11200620,금호4가동,84,3.0,3.0,,,6.0,1.0,2.0,,,,,,,,,,,1.0,27.0
2020,1,11200645,옥수동,129,4.0,2.0,,,10.0,2.0,2.0,1.0,1.0,,,,,,,,,2.0,45.0
2020,1,11200650,성수1가1동,83,4.0,2.0,,,4.0,1.0,2.0,1.0,1.0,,,,1.0,,,,,1.0,33.0
2020,1,11200660,성수1가2동,79,3.0,6.0,,,6.0,,,1.0,1.0,1.0,,,,,,,,1.0,12.0
2020,1,11200670,성수2가1동,109,3.0,3.0,,,13.0,,1.0,2.0,1.0,,,2.0,,1.0,,,,,38.0
2020,1,11200690,성수2가3동,104,3.0,16.0,,,11.0,,2.0,,,,,,1.0,,,,,1.0,20.0
2020,1,11200720,송정동,44,2.0,,,1.0,5.0,,1.0,,,,,,,,,,,,17.0
2020,1,11200790,용답동,82,7.0,2.0,,,8.0,,1.0,,,,,1.0,,,,,,2.0,11.0
2020,1,11215710,화양동,167,3.0,5.0,1.0,,17.0,,2.0,2.0,1.0,34.0,,,1.0,,,,,2.0,16.0
2020,1,11215730,군자동,135,5.0,5.0,,1.0,12.0,1.0,2.0,,,20.0,,,1.0,,,,,,23.0
2020,1,11215740,중곡1동,74,2.0,,,,10.0,1.0,,,,,,1.0,,,,,,,19.0
2020,1,11215750,중곡2동,104,2.0,4.0,,,14.0,1.0,1.0,,,,,,,,,,,2.0,21.0
2020,1,11215760,중곡3동,97,3.0,1.0,,1.0,9.0,,2.0,,,,,1.0,,,,,,1.0,29.0
2020,1,11215770,중곡4동,105,2.0,2.0,,,7.0,,1.0,1.0,2.0,,,,,,,,,,37.0
2020,1,11215780,능동,47,4.0,,,1.0,5.0,,1.0,,1.0,,,,,,,,,1.0,5.0
2020,1,11215810,광장동,139,5.0,9.0,,,9.0,3.0,3.0,3.0,1.0,11.0,,,,,,,,1.0,32.0
2020,1,11215820,자양1동,106,3.0,4.0,1.0,,14.0,1.0,1.0,,,2.0,,,,,,,,,17.0
2020,1,11215830,자양2동,95,2.0,1.0,,,8.0,2.0,4.0,2.0,1.0,,,1.0,,,,,,,21.0
2020,1,11215840,자양3동,105,2.0,6.0,,,8.0,2.0,2.0,1.0,1.0,1.0,1.0,,1.0,,,,,,30.0
2020,1,11215847,자양4동,106,5.0,2.0,,1.0,15.0,1.0,,1.0,,,,1.0,1.0,,,,,1.0,16.0
2020,1,11215850,구의1동,77,2.0,4.0,,,9.0,1.0,,1.0,1.0,,,,,,,,,1.0,16.0
2020,1,11215860,구의2동,112,3.0,2.0,,1.0,9.0,3.0,2.0,,,1.0,,,,,,,,1.0,24.0
2020,1,11215870,구의3동,133,5.0,4.0,,,16.0,2.0,1.0,,,,,1.0,1.0,,,,1.0,1.0,25.0
2020,1,11230536,용신동,231,10.0,8.0,1.0,4.0,20.0,1.0,1.0,1.0,1.0,,,1.0,,5.0,,,,5.0,41.0
2020,1,11230545,제기동,288,4.0,5.0,,1.0,22.0,2.0,2.0,2.0,1.0,1.0,,3.0,,14.0,,,,1.0,30.0
2020,1,11230560,전농1동,152,5.0,2.0,,1.0,13.0,3.0,1.0,1.0,1.0,,,,1.0,5.0,,,,3.0,35.0
2020,1,11230570,전농2동,102,2.0,2.0,,,12.0,3.0,3.0,2.0,1.0,27.0,,,,,,,,,15.0
2020,1,11230600,답십리1동,124,4.0,5.0,,,9.0,,2.0,1.0,,,,,,,,,,,25.0
2020,1,11230610,답십리2동,108,3.0,2.0,,2.0,13.0,3.0,1.0,,,,,3.0,,,,,,,19.0
2020,1,11230650,장안1동,192,5.0,11.0,,4.0,26.0,2.0,2.0,2.0,,,,,,,,,,1.0,43.0
2020,1,11230660,장안2동,168,3.0,2.0,,2.0,21.0,1.0,2.0,,1.0,1.0,,,1.0,1.0,,,,,38.0
2020,1,11230705,청량리동,154,9.0,4.0,1.0,,16.0,2.0,1.0,1.0,1.0,1.0,,,,2.0,,,,,34.0
2020,1,11230710,회기동,84,3.0,5.0,1.0,,10.0,1.0,3.0,1.0,1.0,14.0,,,,,,,,,10.0
2020,1,11230720,휘경1동,82,2.0,1.0,,,12.0,,,,,,,,,1.0,,,,3.0,18.0
2020,1,11230730,휘경2동,84,5.0,1.0,1.0,,5.0,1.0,2.0,3.0,3.0,4.0,,,,,,,,,27.0
2020,1,11230740,이문1동,147,5.0,2.0,,,13.0,3.0,,,2.0,30.0,,,,,,,,1.0,26.0
2020,1,11230750,이문2동,71,2.0,,,,6.0,1.0,1.0,,,2.0,,,,,,,,1.0,17.0
2020,1,11260520,면목2동,112,3.0,,,1.0,11.0,2.0,2.0,,,,,8.0,,1.0,,,,,25.0
2020,1,11260540,면목4동,61,2.0,,,,5.0,1.0,1.0,1.0,,,,,,,,,,1.0,15.0
2020,1,11260550,면목5동,42,2.0,1.0,,,3.0,,,,,,,4.0,,,,,,,13.0
2020,1,11260565,면목본동,168,4.0,2.0,,,18.0,1.0,2.0,,,,,13.0,,1.0,,,,1.0,30.0
2020,1,11260570,면목7동,108,2.0,2.0,,1.0,11.0,,1.0,,,,,1.0,,,,,,,18.0
2020,1,11260575,면목3?8동,150,4.0,1.0,1.0,,17.0,1.0,2.0,2.0,1.0,8.0,,,,1.0,,,,1.0,34.0
2020,1,11260580,상봉1동,78,3.0,1.0,,1.0,8.0,2.0,1.0,2.0,1.0,,,,,,,,,4.0,12.0
2020,1,11260590,상봉2동,127,4.0,3.0,,1.0,10.0,,,,,,,,2.0,2.0,,,1.0,1.0,18.0
2020,1,11260600,중화1동,79,2.0,1.0,,1.0,7.0,1.0,2.0,2.0,1.0,,,,,,,,,,14.0
2020,1,11260610,중화2동,123,2.0,3.0,,,14.0,,,,,,,2.0,,,,,,3.0,32.0
2020,1,11260620,묵1동,144,4.0,2.0,,2.0,11.0,2.0,1.0,2.0,2.0,,,,,,,,,,34.0
2020,1,11260630,묵2동,92,3.0,4.0,,,7.0,,2.0,,,,,,1.0,,,,,1.0,19.0
2020,1,11260655,망우본동,238,9.0,4.0,1.0,4.0,25.0,1.0,2.0,3.0,4.0,,,9.0,,2.0,,,,2.0,54.0
2020,1,11260660,망우3동,54,1.0,1.0,,1.0,3.0,,2.0,,1.0,,,3.0,,,,,,,11.0
2020,1,11260680,신내1동,160,3.0,2.0,1.0,,13.0,2.0,2.0,,,,,,,,,,,1.0,53.0
2020,1,11260690,신내2동,104,6.0,3.0,,,12.0,3.0,4.0,,,,,,,,,,,,21.0
2020,1,11290525,성북동,166,6.0,4.0,,,6.0,2.0,1.0,3.0,2.0,5.0,,,,,,,,,55.0
2020,1,11290555,삼선동,163,7.0,5.0,,,14.0,,1.0,1.0,2.0,14.0,,,,,,,,2.0,46.0
2020,1,11290575,동선동,146,1.0,4.0,,1.0,13.0,1.0,2.0,2.0,1.0,12.0,,,1.0,,,,,1.0,19.0
2020,1,11290580,돈암1동,42,1.0,,,,2.0,2.0,2.0,2.0,1.0,,,,,,,,,,15.0
2020,1,11290590,돈암2동,88,4.0,2.0,,,4.0,6.0,1.0,,,,,,1.0,,,,,,38.0
2020,1,11290600,안암동,167,4.0,6.0,1.0,1.0,10.0,,1.0,1.0,1.0,71.0,,,,,,,,1.0,35.0
2020,1,11290610,보문동,77,4.0,4.0,,,6.0,,2.0,,,,,,,1.0,,,,2.0,10.0
2020,1,11290620,정릉1동,63,2.0,,,,6.0,2.0,,,,1.0,,,,,,,,,19.0
2020,1,11290630,정릉2동,110,4.0,3.0,,,6.0,1.0,2.0,,,,,,,,,,,1.0,50.0
2020,1,11290640,정릉3동,124,4.0,1.0,,,2.0,,1.0,3.0,1.0,28.0,,,,,,,,,38.0
2020,1,11290650,정릉4동,133,7.0,3.0,,,12.0,2.0,1.0,,2.0,11.0,,,,,,,,1.0,40.0
2020,1,11290660,길음1동,129,3.0,4.0,,,10.0,2.0,3.0,1.0,1.0,,,1.0,,,,,,1.0,26.0
2020,1,11290685,길음2동,112,5.0,,,3.0,14.0,,,,,,,,,,,,,,23.0
2020,1,11290705,종암동,189,7.0,2.0,,1.0,17.0,3.0,2.0,2.0,1.0,2.0,,,,,,,,,56.0
2020,1,11290715,월곡1동,108,2.0,3.0,,,10.0,,2.0,1.0,1.0,,,,,1.0,,,,,30.0
2020,1,11290725,월곡2동,135,6.0,4.0,,,12.0,2.0,,1.0,,12.0,,,,,,,,2.0,34.0
2020,1,11290760,장위1동,103,4.0,1.0,,,8.0,6.0,1.0,1.0,,,,,,,,,,,37.0
2020,1,11290770,장위2동,89,3.0,2.0,,,11.0,1.0,3.0,,,,,,,,,,,1.0,27.0
2020,1,11290780,장위3동,82,1.0,,,,5.0,1.0,2.0,1.0,,1.0,,1.0,,,,,,,39.0
2020,1,11290810,석관동,154,6.0,3.0,,,16.0,2.0,2.0,1.0,1.0,,,1.0,,2.0,,,,2.0,32.0
2020,1,11305534,삼양동,165,4.0,1.0,,,14.0,3.0,2.0,,1.0,,,,,,,,,3.0,34.0
2020,1,11305535,미아동,144,3.0,3.0,,1.0,14.0,,,,1.0,4.0,,,,,,,,1.0,28.0
2020,1,11305545,송중동,212,4.0,1.0,,2.0,18.0,4.0,2.0,,1.0,2.0,1.0,,1.0,,,,,,69.0
2020,1,11305555,송천동,164,9.0,5.0,,1.0,17.0,,1.0,2.0,2.0,,,2.0,,,,,,1.0,24.0
2020,1,11305575,삼각산동,114,2.0,1.0,,,9.0,1.0,,1.0,1.0,1.0,,,,,,,,,36.0
2020,1,11305595,번1동,136,3.0,3.0,,1.0,14.0,1.0,1.0,1.0,,,,,1.0,,,,,,30.0
2020,1,11305603,번2동,110,5.0,,,,7.0,1.0,,1.0,,,,,,1.0,,,,,54.0
2020,1,11305608,번3동,95,3.0,1.0,,,8.0,,2.0,,,,,,,,,,,,37.0
2020,1,11305615,수유1동,153,4.0,2.0,,,12.0,,2.0,3.0,1.0,,,1.0,,,,,,1.0,40.0
2020,1,11305625,수유2동,85,3.0,,,,12.0,3.0,,,,,,,,,,,,1.0,15.0
2020,1,11305635,수유3동,158,4.0,6.0,,1.0,16.0,,,1.0,,,,,1.0,,,,,1.0,30.0
2020,1,11305645,우이동,132,2.0,,,,7.0,1.0,,1.0,,2.0,,,,,,,,3.0,54.0
2020,1,11305660,인수동,175,13.0,2.0,1.0,2.0,14.0,2.0,2.0,2.0,,5.0,,1.0,,,,,,,57.0
2020,1,11320511,창1동,94,3.0,2.0,,,7.0,1.0,1.0,2.0,1.0,,,,,,,,,1.0,28.0
2020,1,11320512,창2동,95,3.0,,,1.0,8.0,1.0,1.0,,,,,,,,,,,,44.0
2020,1,11320513,창3동,66,1.0,,,,7.0,1.0,2.0,,,,,1.0,,,,,,,25.0
2020,1,11320514,창4동,130,7.0,4.0,,,8.0,1.0,2.0,1.0,2.0,,,,,,,,,,51.0
2020,1,11320515,창5동,119,7.0,3.0,,3.0,12.0,1.0,3.0,,,,,,2.0,,,,,2.0,24.0
2020,1,11320521,도봉1동,122,4.0,1.0,,,9.0,2.0,2.0,1.0,1.0,2.0,,1.0,,,,,,,38.0
2020,1,11320522,도봉2동,127,8.0,3.0,,,7.0,1.0,1.0,1.0,1.0,1.0,,,,1.0,,,,3.0,49.0
2020,1,11320660,쌍문1동,126,6.0,1.0,,1.0,4.0,1.0,3.0,,1.0,17.0,,,,,,,,,54.0
2020,1,11320670,쌍문2동,87,3.0,1.0,,1.0,10.0,1.0,1.0,1.0,,,,,,2.0,,,,,19.0
2020,1,11320680,쌍문3동,78,3.0,3.0,1.0,,12.0,,,1.0,,,,,,1.0,,,,1.0,17.0
2020,1,11320681,쌍문4동,64,1.0,,,,4.0,5.0,2.0,2.0,3.0,,,,,,,,,,23.0
2020,1,11320690,방학1동,148,6.0,6.0,,2.0,15.0,2.0,1.0,1.0,1.0,,,,,,,,,1.0,39.0
2020,1,11320700,방학2동,64,3.0,,,,7.0,,1.0,1.0,,,,,,,,,,,23.0
2020,1,11320710,방학3동,112,3.0,3.0,,,6.0,3.0,3.0,1.0,,,,,,,,,,,47.0
2020,1,11350560,월계1동,159,4.0,2.0,,,10.0,2.0,1.0,1.0,1.0,17.0,,,,,,,,,59.0
2020,1,11350570,월계2동,136,4.0,,,,5.0,3.0,2.0,3.0,4.0,11.0,,,,,,,,1.0,64.0
2020,1,11350580,월계3동,135,5.0,3.0,,,8.0,4.0,3.0,1.0,,,,,,,,,,2.0,47.0
2020,1,11350595,공릉1동,211,4.0,6.0,,4.0,21.0,3.0,3.0,,,1.0,,1.0,,,,,,3.0,54.0
2020,1,11350600,공릉2동,271,7.0,6.0,1.0,,14.0,3.0,4.0,4.0,2.0,64.0,,1.0,,,,,,1.0,63.0
2020,1,11350611,하계1동,133,4.0,3.0,1.0,,9.0,1.0,1.0,2.0,4.0,16.0,,,,,,,,,41.0
2020,1,11350612,하계2동,67,2.0,1.0,,,4.0,2.0,2.0,1.0,,,,,,,,,,1.0,28.0
2020,1,11350619,중계본동,95,5.0,2.0,,,7.0,3.0,2.0,,3.0,,,,,,,,,,21.0
2020,1,11350621,중계1동,85,2.0,3.0,,,7.0,,2.0,1.0,2.0,,,,,,,,,,18.0
2020,1,11350624,중계4동,81,2.0,3.0,,,14.0,1.0,1.0,3.0,2.0,,,,,,,,,,6.0
2020,1,11350625,중계2?3동,142,7.0,2.0,,,10.0,4.0,4.0,1.0,3.0,,,,2.0,,,,,1.0,39.0
2020,1,11350630,상계1동,190,5.0,2.0,,,14.0,3.0,3.0,2.0,1.0,,,,1.0,,,,,1.0,38.0
2020,1,11350640,상계2동,182,2.0,1.0,,2.0,19.0,1.0,1.0,1.0,,,,,1.0,,,,,2.0,33.0
2020,1,11350665,상계3?4동,107,4.0,1.0,,,9.0,3.0,2.0,,,1.0,,,,2.0,,,,1.0,11.0
2020,1,11350670,상계5동,105,2.0,1.0,,,11.0,,1.0,,,,,,,3.0,,,,1.0,36.0
2020,1,11350695,상계6?7동,253,9.0,11.0,1.0,1.0,29.0,,3.0,2.0,1.0,4.0,,,1.0,,,,,,40.0
2020,1,11350700,상계8동,92,3.0,3.0,,,7.0,,,1.0,,,,,,,,,,1.0,15.0
2020,1,11350710,상계9동,78,3.0,4.0,,,6.0,1.0,3.0,2.0,2.0,,,,,,,,,,18.0
2020,1,11350720,상계10동,64,3.0,,,,1.0,1.0,2.0,1.0,1.0,,,,,,,,,,30.0
2020,1,11380510,녹번동,148,8.0,3.0,,2.0,12.0,1.0,3.0,,,,,1.0,1.0,,,,,2.0,35.0
2020,1,11380520,불광1동,198,6.0,4.0,,1.0,17.0,4.0,2.0,,,,,,1.0,,,,,3.0,49.0
2020,1,11380530,불광2동,113,6.0,1.0,,,5.0,,3.0,3.0,1.0,,,3.0,,,,,,,32.0
2020,1,11380551,갈현1동,133,2.0,2.0,1.0,,13.0,1.0,,,,,,,,,,,,2.0,48.0
2020,1,11380552,갈현2동,121,3.0,1.0,,1.0,15.0,5.0,2.0,1.0,5.0,,,,,,,,,1.0,34.0
2020,1,11380560,구산동,127,3.0,,,1.0,8.0,3.0,3.0,2.0,3.0,,,,,,,,,,38.0
2020,1,11380570,대조동,205,3.0,5.0,,1.0,24.0,,2.0,,2.0,,,,1.0,,,,,,32.0
2020,1,11380580,응암1동,133,5.0,5.0,,1.0,20.0,1.0,1.0,1.0,1.0,,,,,,,,,,27.0
2020,1,11380590,응암2동,91,3.0,1.0,,1.0,10.0,2.0,1.0,,,,,,,,,,,,37.0
2020,1,11380600,응암3동,138,3.0,3.0,,1.0,16.0,1.0,1.0,2.0,1.0,,,2.0,,,,,,,31.0
2020,1,11380625,역촌동,176,5.0,5.0,,2.0,18.0,2.0,1.0,,,,,,,,,,,,51.0
2020,1,11380631,신사1동,94,3.0,,,,8.0,3.0,,1.0,,5.0,,,,,,,,1.0,22.0
2020,1,11380632,신사2동,82,4.0,,,,5.0,,3.0,1.0,1.0,,,,,,,,,1.0,35.0
2020,1,11380640,증산동,83,3.0,,,,8.0,1.0,1.0,2.0,,,,2.0,,,,,,1.0,16.0
2020,1,11380650,수색동,60,5.0,2.0,,,5.0,1.0,1.0,,,,,2.0,,,,,,1.0,22.0
2020,1,11380690,진관동,242,6.0,6.0,,,22.0,6.0,6.0,2.0,4.0,,,,1.0,,,,,1.0,81.0
2020,1,11410520,천연동,127,4.0,1.0,,,4.0,,1.0,1.0,1.0,11.0,,,,1.0,,,,,44.0
2020,1,11410555,북아현동,76,2.0,2.0,,1.0,7.0,1.0,1.0,,1.0,,,,,,,,,,17.0
2020,1,11410565,충현동,184,9.0,8.0,,,7.0,1.0,3.0,1.0,2.0,24.0,,,,,,,,3.0,58.0
2020,1,11410585,신촌동,368,6.0,10.0,1.0,,22.0,1.0,3.0,1.0,1.0,109.0,1.0,,4.0,3.0,,,,2.0,60.0
2020,1,11410615,연희동,201,7.0,7.0,,1.0,16.0,,1.0,3.0,1.0,13.0,,,1.0,1.0,,,,,70.0
2020,1,11410620,홍제1동,135,3.0,2.0,,,10.0,2.0,2.0,,,1.0,,,,1.0,,,,1.0,40.0
2020,1,11410640,홍제3동,129,3.0,3.0,,2.0,14.0,1.0,2.0,1.0,,3.0,,4.0,,6.0,,,,1.0,46.0
2020,1,11410655,홍제2동,56,1.0,,,,6.0,3.0,,,,,,,,1.0,,,,,15.0
2020,1,11410660,홍은1동,86,3.0,,,,7.0,1.0,1.0,,,,,,,1.0,,,,,32.0
2020,1,11410685,홍은2동,161,4.0,2.0,1.0,,8.0,,2.0,3.0,1.0,12.0,,,,,,,,,83.0
2020,1,11410690,남가좌1동,94,2.0,3.0,,1.0,9.0,,1.0,,,,,1.0,,1.0,,,,1.0,20.0
2020,1,11410700,남가좌2동,117,4.0,4.0,,,12.0,4.0,1.0,1.0,,8.0,,,,,,,,,24.0
2020,1,11410710,북가좌1동,60,1.0,2.0,,,5.0,2.0,1.0,1.0,1.0,,,,,,,,,,13.0
2020,1,11410720,북가좌2동,115,3.0,3.0,,,12.0,2.0,,,,,,,,,,,,,39.0
2020,1,11440555,아현동,145,5.0,8.0,,,16.0,1.0,1.0,1.0,1.0,,,,,1.0,,,,2.0,23.0
2020,1,11440565,공덕동,172,7.0,9.0,,,21.0,1.0,3.0,,,,,2.0,,,,,,4.0,39.0
2020,1,11440585,도화동,144,4.0,7.0,,,15.0,2.0,1.0,,,,,,1.0,1.0,,,,1.0,38.0
2020,1,11440590,용강동,90,7.0,6.0,,1.0,10.0,2.0,1.0,,,,,,,,,,,1.0,24.0
2020,1,11440600,대흥동,209,5.0,5.0,,,18.0,,3.0,1.0,1.0,27.0,,,,3.0,,,,3.0,38.0
2020,1,11440610,염리동,52,3.0,1.0,,,3.0,1.0,1.0,2.0,3.0,,,,,2.0,,,,,10.0
2020,1,11440630,신수동,76,4.0,1.0,,1.0,5.0,1.0,1.0,1.0,1.0,,,,,,,,,,24.0
2020,1,11440655,서강동,156,6.0,4.0,,,7.0,1.0,1.0,,,20.0,,,,,,,,2.0,64.0
2020,1,11440660,서교동,358,13.0,22.0,,,31.0,1.0,1.0,,,2.0,,,5.0,3.0,,,,7.0,88.0
2020,1,11440680,합정동,109,4.0,3.0,,,10.0,1.0,1.0,1.0,,,,,,,,,,,32.0
2020,1,11440690,망원1동,95,2.0,2.0,,,11.0,,,,,,,,,1.0,,,,,23.0
2020,1,11440700,망원2동,83,4.0,1.0,,,6.0,1.0,2.0,,,,,,,,,,,,33.0
2020,1,11440710,연남동,52,2.0,1.0,,,2.0,1.0,,1.0,2.0,,,,,,,,,,23.0
2020,1,11440720,성산1동,86,4.0,2.0,,,5.0,1.0,2.0,2.0,1.0,1.0,,,,1.0,,,,,29.0
2020,1,11440730,성산2동,158,6.0,3.0,,,13.0,2.0,3.0,2.0,,,,1.0,1.0,,,,,2.0,47.0
2020,1,11440740,상암동,247,10.0,11.0,,,14.0,3.0,3.0,1.0,1.0,,,1.0,,,,,,4.0,104.0
2020,1,11470510,목1동,190,5.0,12.0,,1.0,21.0,1.0,1.0,1.0,1.0,2.0,,,2.0,,,,,2.0,29.0
2020,1,11470520,목2동,97,3.0,2.0,,1.0,13.0,3.0,1.0,,,,,,,1.0,,,,1.0,18.0
2020,1,11470530,목3동,96,3.0,4.0,,,11.0,1.0,,1.0,,,,,,,,,,,7.0
2020,1,11470540,목4동,84,3.0,3.0,,,9.0,1.0,1.0,1.0,1.0,,,,,,,,,,14.0
2020,1,11470550,목5동,143,8.0,9.0,1.0,,12.0,4.0,3.0,2.0,2.0,,,,,,,,,,52.0
2020,1,11470560,신월1동,71,3.0,3.0,,,12.0,1.0,,,,,,,,,,,,,9.0
2020,1,11470570,신월2동,65,3.0,1.0,,,6.0,1.0,2.0,2.0,,,,,,,,,,,12.0
2020,1,11470580,신월3동,70,2.0,1.0,,,7.0,1.0,1.0,2.0,3.0,,,,,,,,,,8.0
2020,1,11470590,신월4동,63,2.0,1.0,,,6.0,3.0,1.0,,,,,,,,,,,,11.0
2020,1,11470600,신월5동,54,3.0,,,1.0,3.0,2.0,1.0,2.0,,,,,,,,,,,12.0
2020,1,11470610,신월6동,47,1.0,2.0,,1.0,5.0,1.0,1.0,1.0,,,,,,,,,,,15.0
2020,1,11470611,신월7동,74,6.0,1.0,,,10.0,2.0,,1.0,,,,,,,,,,,21.0
2020,1,11470620,신정1동,94,7.0,3.0,,,9.0,2.0,2.0,1.0,,,,,,,,,,,26.0
2020,1,11470630,신정2동,71,3.0,1.0,,,7.0,1.0,2.0,1.0,,,,,,,,,,,20.0
2020,1,11470640,신정3동,203,4.0,1.0,,,15.0,1.0,3.0,1.0,4.0,,,,,,,,,1.0,81.0
2020,1,11470650,신정4동,161,3.0,8.0,1.0,1.0,16.0,3.0,2.0,,2.0,,,,,,,,,1.0,18.0
2020,1,11470670,신정6동,72,7.0,6.0,,,2.0,2.0,,1.0,1.0,,,,,,,,,,31.0
2020,1,11470680,신정7동,107,3.0,2.0,,,8.0,3.0,3.0,1.0,1.0,,,,,,,,,1.0,30.0
2020,1,11500510,염창동,147,5.0,3.0,,1.0,15.0,,2.0,2.0,,,,,,,,,,2.0,35.0
2020,1,11500520,등촌1동,95,1.0,5.0,,1.0,10.0,,1.0,,,,,,1.0,,,,,,20.0
2020,1,11500530,등촌2동,58,3.0,,,1.0,6.0,2.0,2.0,2.0,2.0,,,,,,,,,,8.0
2020,1,11500535,등촌3동,184,6.0,3.0,1.0,2.0,18.0,2.0,5.0,2.0,4.0,,,,1.0,,,,,,55.0
2020,1,11500540,화곡1동,226,3.0,2.0,,2.0,26.0,,2.0,1.0,,,,,1.0,,,,,2.0,27.0
2020,1,11500550,화곡2동,65,2.0,,,,3.0,2.0,1.0,,,,,,,,,,,,30.0
2020,1,11500560,화곡3동,87,4.0,3.0,,,8.0,2.0,,,,,,,,,,,,,12.0
2020,1,11500570,화곡4동,101,4.0,2.0,,,14.0,3.0,1.0,,2.0,,,,,,,,,,30.0
2020,1,11500590,화곡본동,145,3.0,,,1.0,11.0,1.0,2.0,,,,,,,,,,,,31.0
2020,1,11500591,화곡6동,118,7.0,5.0,,,8.0,2.0,1.0,,,9.0,,,,,,,,,29.0
2020,1,11500593,화곡8동,95,2.0,3.0,,,8.0,1.0,,,,,,,,,,,,1.0,33.0
2020,1,11500603,가양1동,279,5.0,13.0,,,20.0,3.0,1.0,1.0,1.0,,,,1.0,2.0,,,,5.0,69.0
2020,1,11500604,가양2동,75,4.0,3.0,,,7.0,3.0,1.0,1.0,1.0,,,,,,,,,1.0,14.0
2020,1,11500605,가양3동,52,3.0,,,,4.0,3.0,2.0,1.0,1.0,,,,,,,,,1.0,13.0
2020,1,11500611,발산1동,246,3.0,9.0,1.0,2.0,33.0,2.0,3.0,4.0,8.0,,,1.0,,,,,,,63.0
2020,1,11500615,우장산동,158,4.0,4.0,,3.0,12.0,3.0,2.0,,,5.0,,,,,,,,1.0,33.0
2020,1,11500620,공항동,176,6.0,7.0,1.0,,11.0,1.0,2.0,2.0,,4.0,,,,,21.0,,,2.0,39.0
2020,1,11500630,방화1동,200,2.0,3.0,,2.0,21.0,4.0,3.0,1.0,3.0,,,,,1.0,,,,1.0,46.0
2020,1,11500640,방화2동,124,4.0,,,,7.0,3.0,1.0,1.0,,,,2.0,1.0,,4.0,,,5.0,37.0
2020,1,11500641,방화3동,83,5.0,1.0,,,5.0,2.0,3.0,2.0,1.0,1.0,,,,,,,,1.0,22.0
2020,1,11530510,신도림동,168,5.0,4.0,,,12.0,2.0,1.0,1.0,1.0,1.0,,2.0,1.0,1.0,,,,3.0,43.0
2020,1,11530520,구로1동,88,4.0,1.0,,,5.0,3.0,1.0,1.0,1.0,,,4.0,,,,,,,25.0
2020,1,11530530,구로2동,197,6.0,12.0,1.0,1.0,21.0,1.0,1.0,,1.0,,,7.0,,16.0,,,,1.0,48.0
2020,1,11530540,구로3동,187,7.0,18.0,,,15.0,1.0,2.0,1.0,,,,,,5.0,,,,2.0,47.0
2020,1,11530550,구로4동,139,5.0,3.0,,,15.0,2.0,1.0,1.0,,,,1.0,,19.0,,,,,13.0
2020,1,11530560,구로5동,167,5.0,4.0,,2.0,18.0,,3.0,1.0,1.0,2.0,1.0,,3.0,,,,,1.0,49.0
2020,1,11530595,가리봉동,74,,,,,6.0,,1.0,,1.0,,,,,23.0,,,,,8.0
2020,1,11530720,고척1동,135,5.0,4.0,1.0,1.0,9.0,,3.0,1.0,1.0,12.0,,8.0,,4.0,,,,,31.0
2020,1,11530730,고척2동,128,5.0,2.0,,1.0,11.0,,2.0,1.0,1.0,,,,,,,,,,40.0
2020,1,11530740,개봉1동,163,5.0,3.0,,1.0,11.0,2.0,1.0,2.0,,4.0,,1.0,,,,,,1.0,57.0
2020,1,11530750,개봉2동,116,3.0,3.0,,,10.0,2.0,,,,,,1.0,1.0,,,,,,26.0
2020,1,11530760,개봉3동,81,3.0,2.0,,,9.0,1.0,3.0,1.0,,,,1.0,1.0,,,,,,23.0
2020,1,11530770,오류1동,122,5.0,4.0,,,11.0,3.0,1.0,,,,,,,,,,,1.0,22.0
2020,1,11530780,오류2동,209,3.0,1.0,,1.0,9.0,6.0,3.0,2.0,1.0,,,,,,,,,1.0,86.0
2020,1,11530790,수궁동,154,3.0,1.0,,,5.0,2.0,1.0,1.0,6.0,,,1.0,,,,,,3.0,69.0
2020,1,11530800,항동,64,1.0,,,,2.0,1.0,1.0,,,10.0,,,,,,,,,37.0
2020,1,11545510,가산동,304,10.0,25.0,,1.0,21.0,2.0,,,,,,,1.0,17.0,,,,3.0,111.0
2020,1,11545610,독산1동,217,3.0,6.0,,2.0,17.0,2.0,4.0,3.0,,,,,1.0,3.0,,,,,74.0
2020,1,11545620,독산2동,73,2.0,1.0,,,8.0,,2.0,,,1.0,,,,,,,,,11.0
2020,1,11545630,독산3동,119,4.0,4.0,,,14.0,2.0,2.0,2.0,1.0,,,1.0,,,,,,,29.0
2020,1,11545640,독산4동,64,5.0,2.0,,1.0,4.0,,1.0,,,,,,,,,,,,16.0
2020,1,11545670,시흥1동,223,9.0,7.0,1.0,2.0,25.0,2.0,3.0,1.0,1.0,,,,,3.0,,,,1.0,52.0
2020,1,11545680,시흥2동,76,2.0,,,,3.0,2.0,3.0,1.0,2.0,,,,,,,,,,30.0
2020,1,11545690,시흥3동,66,3.0,3.0,,,5.0,,1.0,1.0,1.0,,,,,1.0,,,,,21.0
2020,1,11545700,시흥4동,72,1.0,1.0,,,6.0,,1.0,1.0,,,,,,,,,,,27.0
2020,1,11545710,시흥5동,106,3.0,,,,16.0,2.0,3.0,,,,,,,,,,,,37.0
2020,1,11560515,영등포본동,94,4.0,,,,10.0,2.0,2.0,1.0,2.0,,,,1.0,2.0,,,,1.0,23.0
2020,1,11560535,영등포동,325,10.0,17.0,2.0,2.0,37.0,,1.0,,,1.0,,,1.0,16.0,,,,1.0,41.0
2020,1,11560540,여의동,399,23.0,70.0,1.0,,44.0,,2.0,2.0,2.0,,,,1.0,,,,,5.0,61.0
2020,1,11560550,당산1동,131,6.0,5.0,,1.0,8.0,1.0,,,,,,,,12.0,,,,2.0,23.0
2020,1,11560560,당산2동,192,6.0,4.0,,,20.0,3.0,2.0,2.0,,,,,,,,,,2.0,46.0
2020,1,11560585,도림동,66,2.0,,,,6.0,2.0,,,,,,,,,,,,,28.0
2020,1,11560605,문래동,185,8.0,9.0,,,17.0,,3.0,2.0,,,,,,2.0,,,,1.0,56.0
2020,1,11560610,양평1동,87,5.0,3.0,,1.0,6.0,,1.0,,1.0,,,,,1.0,,,,1.0,22.0
2020,1,11560620,양평2동,131,8.0,6.0,,,7.0,1.0,2.0,1.0,2.0,,,,,3.0,,,,1.0,35.0
2020,1,11560630,신길1동,85,1.0,2.0,1.0,1.0,13.0,,1.0,,,,,,,4.0,,,,2.0,25.0
2020,1,11560650,신길3동,102,3.0,5.0,,1.0,12.0,3.0,1.0,,,,,,,2.0,,,,,32.0
2020,1,11560660,신길4동,43,1.0,1.0,,,2.0,2.0,1.0,,,,,,,,,,,,13.0
2020,1,11560670,신길5동,66,3.0,,,,,1.0,1.0,1.0,1.0,,,,,5.0,,,,,31.0
2020,1,11560680,신길6동,123,4.0,1.0,,1.0,14.0,1.0,1.0,,1.0,,,1.0,,2.0,,,,1.0,29.0
2020,1,11560690,신길7동,78,5.0,1.0,,,7.0,1.0,1.0,,,,,,,1.0,,,,1.0,32.0
2020,1,11560700,대림1동,81,2.0,4.0,2.0,,18.0,,1.0,1.0,,,,2.0,,3.0,,,,,16.0
2020,1,11560710,대림2동,86,4.0,2.0,1.0,,16.0,,2.0,,,1.0,,,,1.0,,,,,13.0
2020,1,11560720,대림3동,126,2.0,7.0,,1.0,11.0,3.0,2.0,1.0,,2.0,,1.0,,,,,,2.0,46.0
2020,1,11590510,노량진1동,180,5.0,4.0,,,14.0,2.0,3.0,1.0,,1.0,,,,2.0,,,,3.0,57.0
2020,1,11590520,노량진2동,72,5.0,4.0,,1.0,14.0,1.0,,,,,,,,1.0,,,,,14.0
2020,1,11590530,상도1동,201,5.0,4.0,,1.0,16.0,2.0,2.0,1.0,,23.0,,,,,,,,2.0,47.0
2020,1,11590540,상도2동,154,6.0,3.0,,,16.0,1.0,1.0,1.0,,,,1.0,,1.0,,,,1.0,41.0
2020,1,11590550,상도3동,113,2.0,2.0,,,11.0,,,1.0,,,,1.0,,,,,,,36.0
2020,1,11590560,상도4동,112,3.0,1.0,,1.0,11.0,4.0,1.0,1.0,,,,,1.0,,,,,,36.0
2020,1,11590605,흑석동,195,6.0,6.0,1.0,,24.0,5.0,3.0,2.0,,16.0,,,,1.0,,,,1.0,50.0
2020,1,11590620,사당1동,126,4.0,6.0,,2.0,12.0,1.0,1.0,,,1.0,,,1.0,1.0,,,,2.0,13.0
2020,1,11590630,사당2동,179,3.0,2.0,,,14.0,,1.0,1.0,2.0,,,,,2.0,,,,4.0,36.0
2020,1,11590640,사당3동,88,3.0,1.0,,,5.0,,2.0,1.0,,3.0,,1.0,,,,,,1.0,30.0
2020,1,11590650,사당4동,62,2.0,1.0,,,6.0,,,1.0,,,,1.0,,,,,,,4.0
2020,1,11590651,사당5동,61,4.0,,,,3.0,1.0,2.0,1.0,1.0,,,,,,,,,,28.0
2020,1,11590660,대방동,199,5.0,5.0,,,16.0,3.0,3.0,4.0,4.0,,,,,,,,,2.0,61.0
2020,1,11590670,신대방1동,83,3.0,1.0,,,10.0,3.0,1.0,1.0,,1.0,,,,,,,,1.0,15.0
2020,1,11590680,신대방2동,109,7.0,7.0,1.0,,16.0,,1.0,1.0,1.0,,,,,,,,,,29.0
2020,1,11620525,보라매동,83,1.0,1.0,,,5.0,,1.0,1.0,1.0,,,,,,,,,,25.0
2020,1,11620545,청림동,50,2.0,,,,4.0,2.0,,,,,,,,2.0,,,,,7.0
2020,1,11620565,성현동,104,4.0,,,,6.0,3.0,2.0,1.0,1.0,,,,,,,,,,38.0
2020,1,11620575,행운동,111,3.0,3.0,1.0,2.0,12.0,1.0,2.0,2.0,1.0,,,,,,,,,,15.0
2020,1,11620585,낙성대동,148,2.0,3.0,,,10.0,,1.0,,,37.0,,,,2.0,,,,,37.0
2020,1,11620595,청룡동,147,5.0,6.0,,1.0,23.0,,2.0,2.0,3.0,,,1.0,1.0,1.0,,,,1.0,15.0
2020,1,11620605,은천동,123,6.0,,,,9.0,3.0,1.0,,1.0,,,,,,,,,,43.0
2020,1,11620615,중앙동,83,1.0,3.0,,1.0,14.0,,1.0,,,,,,,,,,,1.0,12.0
2020,1,11620625,인헌동,105,2.0,5.0,,,14.0,1.0,,1.0,1.0,,,2.0,,,,,,1.0,23.0
2020,1,11620630,남현동,70,3.0,1.0,,,6.0,1.0,1.0,,,1.0,,,,,,,,,6.0
2020,1,11620645,서원동,94,3.0,1.0,1.0,1.0,9.0,,,1.0,,,,,1.0,,,,,,27.0
2020,1,11620655,신원동,54,6.0,1.0,,,7.0,,1.0,,,1.0,,,,,,,,,10.0
2020,1,11620665,서림동,74,2.0,,,,5.0,1.0,1.0,1.0,,,,,,,,,,,34.0
2020,1,11620685,신사동,79,3.0,2.0,,1.0,10.0,1.0,1.0,,,1.0,,1.0,,,,,,,21.0
2020,1,11620695,신림동,168,2.0,3.0,,,17.0,,,,,,,,,4.0,,,,1.0,16.0
2020,1,11620715,난향동,68,1.0,,,,5.0,,1.0,,,,,,,,,,,,34.0
2020,1,11620725,조원동,96,3.0,1.0,,1.0,12.0,,1.0,,,,,1.0,,,,,,,30.0
2020,1,11620735,대학동,283,5.0,6.0,,,11.0,,1.0,1.0,2.0,140.0,,,,,,,,,73.0
2020,1,11620745,삼성동,94,3.0,,,,7.0,,2.0,,1.0,,,,,3.0,,,,,44.0
2020,1,11620765,미성동,126,3.0,3.0,,1.0,11.0,1.0,2.0,2.0,2.0,,,,,1.0,,,,,44.0
2020,1,11620775,난곡동,95,2.0,1.0,,,11.0,2.0,1.0,2.0,1.0,,,1.0,,,,,,,28.0
2020,1,11650510,서초1동,194,4.0,10.0,,1.0,14.0,,2.0,,,13.0,,,,,,,,2.0,38.0
2020,1,11650520,서초2동,217,8.0,26.0,,,24.0,,1.0,1.0,1.0,,,,,1.0,,,,2.0,47.0
2020,1,11650530,서초3동,332,25.0,30.0,,3.0,30.0,1.0,1.0,1.0,3.0,2.0,,,,,,,1.0,2.0,77.0
2020,1,11650531,서초4동,257,2.0,13.0,,1.0,31.0,2.0,2.0,1.0,,,,,1.0,,,,,,36.0
2020,1,11650540,잠원동,135,3.0,8.0,,,13.0,1.0,1.0,1.0,,,,,,,,,,2.0,23.0
2020,1,11650550,반포본동,33,1.0,3.0,,,2.0,,1.0,2.0,2.0,,,1.0,,,,,,1.0,5.0
2020,1,11650560,반포1동,140,6.0,6.0,,1.0,20.0,1.0,2.0,1.0,1.0,,,,,,,,,1.0,26.0
2020,1,11650570,반포2동,74,4.0,5.0,,,5.0,,2.0,1.0,,,,1.0,,,,,,1.0,25.0
2020,1,11650580,반포3동,109,3.0,7.0,,,11.0,,1.0,1.0,,,,,,,,,,,18.0
2020,1,11650581,반포4동,130,7.0,12.0,1.0,,12.0,,,1.0,,3.0,,,1.0,,,,,3.0,33.0
2020,1,11650590,방배본동,103,2.0,6.0,,,16.0,,1.0,,,,,1.0,,,,,,,25.0
2020,1,11650600,방배1동,102,3.0,4.0,,1.0,10.0,,1.0,,,3.0,,1.0,,,,,,1.0,19.0
2020,1,11650610,방배2동,114,4.0,2.0,,,3.0,,1.0,1.0,1.0,,,1.0,,1.0,,,,1.0,37.0
2020,1,11650620,방배3동,112,4.0,3.0,,2.0,6.0,,2.0,,1.0,7.0,,,,,,,,,50.0
2020,1,11650621,방배4동,156,3.0,10.0,,,11.0,,1.0,,1.0,4.0,,,,1.0,,,,1.0,31.0
2020,1,11650651,양재1동,263,12.0,11.0,,1.0,20.0,3.0,4.0,1.0,,1.0,,,,,,,,2.0,86.0
2020,1,11650652,양재2동,147,2.0,16.0,,,11.0,,1.0,2.0,1.0,,,1.0,,,,,,1.0,57.0
2020,1,11650660,내곡동,161,5.0,1.0,,1.0,2.0,2.0,1.0,,,3.0,,1.0,,,,,,1.0,85.0
2020,1,11680510,신사동,260,3.0,14.0,,,36.0,2.0,1.0,1.0,2.0,,1.0,,1.0,,,,,1.0,12.0
2020,1,11680521,논현1동,300,4.0,15.0,,4.0,42.0,,1.0,,,,,1.0,8.0,,,,,3.0,23.0
2020,1,11680531,논현2동,240,8.0,16.0,,5.0,29.0,1.0,1.0,1.0,,4.0,,,2.0,,,,,1.0,33.0
2020,1,11680545,압구정동,313,4.0,25.0,,5.0,30.0,1.0,1.0,2.0,2.0,,2.0,1.0,3.0,,,,,2.0,18.0
2020,1,11680565,청담동,288,11.0,19.0,,4.0,27.0,2.0,2.0,1.0,1.0,1.0,,,,,,,,3.0,23.0
2020,1,11680580,삼성1동,199,6.0,26.0,,3.0,13.0,1.0,1.0,1.0,1.0,,1.0,,1.0,,,,,3.0,38.0
2020,1,11680590,삼성2동,177,10.0,11.0,,,11.0,,1.0,1.0,,1.0,,,,,,,,4.0,28.0
2020,1,11680600,대치1동,130,4.0,11.0,,,13.0,1.0,1.0,1.0,2.0,1.0,,,,,,,,,24.0
2020,1,11680610,대치2동,210,6.0,26.0,,2.0,20.0,,2.0,1.0,1.0,,,,,,,,,2.0,39.0
2020,1,11680630,대치4동,159,4.0,12.0,1.0,1.0,18.0,,1.0,,,1.0,1.0,,,,,,,,14.0
2020,1,11680640,역삼1동,542,15.0,49.0,1.0,3.0,64.0,1.0,1.0,,,,,,3.0,1.0,,,,1.0,44.0
2020,1,11680650,역삼2동,195,3.0,14.0,,2.0,25.0,,1.0,2.0,1.0,1.0,,,,,,,,,31.0
2020,1,11680655,도곡1동,142,4.0,9.0,1.0,4.0,20.0,2.0,1.0,2.0,1.0,,,,,,,,,1.0,27.0
2020,1,11680656,도곡2동,118,7.0,23.0,,,10.0,2.0,1.0,1.0,2.0,,,,,,,,,3.0,25.0
2020,1,11680660,개포1동,38,1.0,1.0,,,1.0,,1.0,2.0,,,,,,,,,,,29.0
2020,1,11680670,개포2동,135,3.0,3.0,,,9.0,5.0,4.0,1.0,3.0,,,,,,,,,3.0,50.0
2020,1,11680690,개포4동,115,3.0,4.0,,,7.0,,2.0,1.0,1.0,,,,,,,,,,49.0
2020,1,11680700,세곡동,191,4.0,1.0,,,9.0,3.0,4.0,1.0,1.0,,,,,,,,,,95.0
2020,1,11680720,일원본동,103,2.0,6.0,1.0,,15.0,2.0,2.0,1.0,2.0,,,,,,,,,1.0,32.0
2020,1,11680730,일원1동,74,4.0,1.0,,,11.0,1.0,2.0,,1.0,,,,,,,,,,18.0
2020,1,11680740,일원2동,66,3.0,3.0,,,6.0,2.0,1.0,1.0,,,,,,,,,,1.0,13.0
2020,1,11680750,수서동,89,3.0,3.0,,,11.0,2.0,1.0,1.0,2.0,,,,,,,,,2.0,23.0
2020,1,11710510,풍납1동,48,3.0,,,1.0,6.0,1.0,1.0,,,,,,,,,,,,6.0
2020,1,11710520,풍납2동,125,5.0,5.0,1.0,,26.0,2.0,2.0,3.0,1.0,3.0,,,,,,,,1.0,24.0
2020,1,11710531,거여1동,48,2.0,,,,2.0,,1.0,,1.0,,,,,1.0,,,,1.0,6.0
2020,1,11710532,거여2동,78,3.0,3.0,,1.0,12.0,1.0,1.0,1.0,,,,,,,,,,,11.0
2020,1,11710540,마천1동,73,4.0,1.0,,,8.0,1.0,1.0,,,,,,,1.0,,,,1.0,15.0
2020,1,11710550,마천2동,93,3.0,2.0,,,14.0,,1.0,,,,,,,,,,,,12.0
2020,1,11710561,방이1동,73,2.0,1.0,,,10.0,2.0,2.0,1.0,1.0,,,,,,,,,1.0,11.0
2020,1,11710562,방이2동,164,3.0,5.0,,,18.0,,1.0,1.0,,,,,,,,,,1.0,13.0
2020,1,11710566,오륜동,74,4.0,6.0,,,6.0,1.0,2.0,2.0,3.0,11.0,,,,,,,,3.0,15.0
2020,1,11710570,오금동,134,5.0,5.0,,,13.0,3.0,3.0,4.0,2.0,,,,,,,,,3.0,27.0
2020,1,11710580,송파1동,102,2.0,4.0,,3.0,14.0,1.0,1.0,,,,,,,,,,,2.0,13.0
2020,1,11710590,송파2동,79,3.0,1.0,,,11.0,3.0,1.0,2.0,3.0,,,,,,,,,,7.0
2020,1,11710600,석촌동,159,3.0,7.0,,2.0,27.0,3.0,2.0,,,,,,,,,,,,20.0
2020,1,11710610,삼전동,118,4.0,2.0,,,14.0,3.0,1.0,1.0,1.0,,,,,1.0,,,,1.0,12.0
2020,1,11710620,가락본동,144,5.0,9.0,1.0,5.0,21.0,1.0,2.0,2.0,,,,,,,,,,,21.0
2020,1,11710631,가락1동,82,2.0,8.0,,,13.0,1.0,1.0,1.0,,,,1.0,,,,,,3.0,16.0
2020,1,11710632,가락2동,143,3.0,6.0,,,17.0,4.0,2.0,1.0,,,,,,,,,,1.0,22.0
2020,1,11710641,문정1동,70,3.0,1.0,,,5.0,1.0,1.0,1.0,,,,,,,,,,,19.0
2020,1,11710642,문정2동,149,10.0,12.0,,1.0,22.0,,1.0,,,,,,2.0,,,,,3.0,14.0
2020,1,11710646,장지동,136,4.0,3.0,,,10.0,1.0,2.0,1.0,3.0,,,,1.0,,,,,1.0,41.0
2020,1,11710647,위례동,84,3.0,1.0,,,5.0,2.0,2.0,1.0,,,,,,,,,,,32.0
2020,1,11710650,잠실본동,192,5.0,9.0,,1.0,24.0,,1.0,,,,,,,,,,,1.0,12.0
2020,1,11710670,잠실2동,91,4.0,6.0,,,14.0,1.0,2.0,2.0,2.0,,,,,,,,,1.0,5.0
2020,1,11710680,잠실3동,103,5.0,9.0,,,11.0,1.0,3.0,,1.0,,,,,,,,,,16.0
2020,1,11710690,잠실4동,74,3.0,3.0,,,10.0,1.0,2.0,,1.0,,,,,,,,,2.0,7.0
2020,1,11710710,잠실6동,144,4.0,17.0,,1.0,23.0,,1.0,1.0,,,,,1.0,,,,,2.0,13.0
2020,1,11710720,잠실7동,30,2.0,4.0,,,4.0,,1.0,2.0,1.0,,,,,,,,,2.0,3.0
2020,1,11740515,강일동,187,5.0,3.0,,,12.0,2.0,2.0,2.0,1.0,,,,,,,,,3.0,79.0
2020,1,11740520,상일동,105,4.0,2.0,1.0,,8.0,4.0,2.0,2.0,5.0,,,,,,,,,,37.0
2020,1,11740530,명일1동,151,5.0,6.0,,2.0,17.0,,1.0,,,,,,,,,,,1.0,22.0
2020,1,11740540,명일2동,107,3.0,6.0,,,18.0,4.0,2.0,,1.0,,,,,,,,,,18.0
2020,1,11740550,고덕1동,92,3.0,,,,4.0,1.0,2.0,1.0,1.0,,,,,,,,,1.0,26.0
2020,1,11740560,고덕2동,78,3.0,1.0,,,9.0,1.0,2.0,1.0,2.0,,,,,,,,,1.0,25.0
2020,1,11740570,암사1동,90,2.0,1.0,,,8.0,1.0,1.0,,,1.0,,1.0,,,,,,,13.0
2020,1,11740580,암사2동,61,1.0,3.0,,,6.0,1.0,2.0,,,,,,,,,,,1.0,6.0
2020,1,11740590,암사3동,50,2.0,1.0,,,5.0,1.0,,2.0,1.0,,,,,,,,,,12.0
2020,1,11740600,천호1동,92,4.0,1.0,,,11.0,,1.0,1.0,1.0,1.0,,,1.0,,,,,1.0,11.0
2020,1,11740610,천호2동,203,4.0,3.0,,1.0,26.0,1.0,1.0,1.0,,,,,,3.0,,,,,22.0
2020,1,11740620,천호3동,115,4.0,3.0,,2.0,14.0,,,1.0,,,,,,1.0,,,,,11.0
2020,1,11740640,성내1동,98,6.0,4.0,,2.0,9.0,1.0,2.0,1.0,,1.0,,,1.0,,,,,,20.0
2020,1,11740650,성내2동,113,2.0,3.0,,4.0,14.0,,,,,,,,1.0,,,,,3.0,16.0
2020,1,11740660,성내3동,136,4.0,5.0,,,13.0,2.0,,,,2.0,,,,,,,,1.0,13.0
2020,1,11740685,길동,242,6.0,10.0,1.0,4.0,34.0,4.0,3.0,1.0,,1.0,,,,,,,,1.0,36.0
2020,1,11740690,둔촌1동,14,,,,,,,2.0,,1.0,,,,,,,,,1.0,6.0
2020,1,11740700,둔촌2동,129,5.0,4.0,1.0,,17.0,2.0,1.0,2.0,1.0,,,,,,,,,1.0,32.0
2020,2,11110515,청운효자동,93,6.0,3.0,,,4.0,1.0,1.0,2.0,2.0,8.0,,,,,,,,,26.0
2020,2,11110530,사직동,206,18.0,24.0,,,15.0,,1.0,,1.0,1.0,,,3.0,,,,,2.0,34.0
2020,2,11110540,삼청동,49,10.0,4.0,,1.0,1.0,,,1.0,1.0,2.0,,,,,,,,,16.0
2020,2,11110550,부암동,84,4.0,2.0,,,1.0,1.0,2.0,1.0,1.0,14.0,,,,,,,,,38.0
2020,2,11110560,평창동,162,6.0,2.0,,1.0,5.0,1.0,,,1.0,2.0,,,,,,,,,91.0
2020,2,11110570,무악동,42,2.0,1.0,1.0,,4.0,1.0,1.0,,,,,,,,,,,1.0,7.0
2020,2,11110580,교남동,78,4.0,3.0,2.0,,17.0,,,,1.0,1.0,,,,,,,,,26.0
2020,2,11110600,가회동,63,5.0,3.0,,,1.0,1.0,1.0,1.0,2.0,1.0,,,,,,,,,22.0
2020,2,11110615,종로1?2?3?4가동,500,19.0,35.0,,,47.0,1.0,2.0,,,4.0,,1.0,5.0,17.0,,,,5.0,72.0
2020,2,11110630,종로5?6가동,212,7.0,8.0,,,31.0,,1.0,,,1.0,,4.0,,3.0,,,,1.0,23.0
2020,2,11110640,이화동,119,4.0,4.0,1.0,,11.0,,,2.0,,37.0,,,,,,,,1.0,28.0
2020,2,11110650,혜화동,145,6.0,5.0,,,16.0,3.0,1.0,1.0,4.0,26.0,,,1.0,,,,,,36.0
2020,2,11110670,창신1동,111,3.0,4.0,,,9.0,,2.0,,,,,1.0,,7.0,,,,2.0,11.0
2020,2,11110680,창신2동,38,2.0,1.0,,,5.0,,,,,,,,,,,,,,
2020,2,11110690,창신3동,24,3.0,,,,1.0,,1.0,,1.0,,,,,,,,,1.0,5.0
2020,2,11110700,숭인1동,43,3.0,1.0,,,3.0,1.0,,,,,,,,,,,,,14.0
2020,2,11110710,숭인2동,89,4.0,3.0,,1.0,4.0,,,,,,,2.0,,3.0,,,,2.0,6.0
2020,2,11140520,소공동,231,13.0,29.0,,,10.0,,1.0,4.0,3.0,,1.0,,3.0,3.0,,,,3.0,37.0
2020,2,11140540,회현동,211,9.0,17.0,,,16.0,1.0,,,,2.0,,2.0,1.0,2.0,,,,6.0,35.0
2020,2,11140550,명동,542,20.0,46.0,,,35.0,,1.0,,,4.0,,,3.0,12.0,,,,1.0,29.0
2020,2,11140570,필동,123,6.0,9.0,1.0,,7.0,,2.0,,1.0,19.0,,,2.0,1.0,,,,2.0,15.0
2020,2,11140580,장충동,63,6.0,2.0,,,1.0,,1.0,,,3.0,,,1.0,2.0,,,,1.0,13.0
2020,2,11140590,광희동,185,3.0,16.0,1.0,,14.0,,,1.0,,,,1.0,3.0,11.0,,,,3.0,19.0
2020,2,11140605,을지로동,145,5.0,10.0,,,13.0,,,,,,,1.0,2.0,3.0,,,,4.0,20.0
2020,2,11140615,신당동,99,7.0,5.0,,1.0,12.0,,1.0,1.0,3.0,,,3.0,,1.0,,,,2.0,8.0
2020,2,11140625,다산동,86,3.0,4.0,,1.0,9.0,,1.0,1.0,1.0,,,,,1.0,,,,1.0,7.0
2020,2,11140635,약수동,87,4.0,2.0,,1.0,12.0,2.0,,,,,,,,,,,,2.0,12.0
2020,2,11140645,청구동,34,2.0,,,,3.0,1.0,2.0,1.0,1.0,,,,,,,,,,5.0
2020,2,11140650,신당5동,65,4.0,2.0,,,5.0,,1.0,,2.0,,,,,,,,,,12.0
2020,2,11140665,동화동,47,3.0,1.0,,,5.0,,1.0,1.0,,,,,,,,,,2.0,4.0
2020,2,11140670,황학동,76,1.0,6.0,,,10.0,,,,,,,,,7.0,,,,,6.0
2020,2,11140680,중림동,77,3.0,2.0,,,7.0,,1.0,,2.0,1.0,,,,5.0,,,,,14.0
2020,2,11170510,후암동,80,6.0,1.0,,,7.0,1.0,2.0,,1.0,,,2.0,,,,,,,18.0
2020,2,11170520,용산2가동,63,3.0,,,,4.0,,1.0,2.0,2.0,,,,,,,,,1.0,29.0
2020,2,11170530,남영동,147,7.0,5.0,,,14.0,,,1.0,,,,,,12.0,,,,3.0,26.0
2020,2,11170555,청파동,128,7.0,2.0,,1.0,11.0,,2.0,2.0,4.0,22.0,,1.0,,1.0,,,,,35.0
2020,2,11170560,원효로1동,94,6.0,3.0,,,6.0,1.0,1.0,,,3.0,,4.0,,,,,,,31.0
2020,2,11170570,원효로2동,69,4.0,2.0,,,4.0,2.0,1.0,1.0,1.0,,,2.0,,,,,,,27.0
2020,2,11170580,효창동,66,1.0,1.0,,,5.0,,1.0,,1.0,1.0,,,,,,,,2.0,22.0
2020,2,11170590,용문동,54,1.0,,,,3.0,,,,,,,,,,,,,,22.0
2020,2,11170625,한강로동,242,19.0,19.0,,,21.0,,2.0,,1.0,,,5.0,3.0,2.0,,,,7.0,41.0
2020,2,11170630,이촌1동,102,4.0,9.0,,1.0,12.0,2.0,1.0,1.0,1.0,,,1.0,,,,,,,14.0
2020,2,11170640,이촌2동,26,2.0,,,,1.0,,,,,,,,,,,,,,11.0
2020,2,11170650,이태원1동,71,8.0,5.0,,,3.0,,1.0,,,,,3.0,,,,,,1.0,14.0
2020,2,11170660,이태원2동,60,8.0,5.0,,,3.0,1.0,1.0,,1.0,,,,,,,,,,22.0
2020,2,11170685,한남동,171,30.0,11.0,1.0,,13.0,3.0,1.0,,,,,3.0,,,,,,2.0,36.0
2020,2,11170690,서빙고동,61,15.0,1.0,,,1.0,,1.0,1.0,,,,,,,,,,1.0,21.0
2020,2,11170700,보광동,70,4.0,1.0,,,8.0,1.0,,1.0,1.0,6.0,,,,,,,,,14.0
2020,2,11200520,왕십리2동,63,2.0,,,,5.0,1.0,1.0,,,,,,,,,,,1.0,18.0
2020,2,11200535,왕십리도선동,189,4.0,4.0,,2.0,20.0,2.0,2.0,,2.0,,,,,,,,,,26.0
2020,2,11200540,마장동,111,6.0,5.0,,,8.0,2.0,2.0,2.0,,,,,,,,,,1.0,29.0
2020,2,11200550,사근동,128,5.0,3.0,1.0,,10.0,,2.0,1.0,2.0,52.0,,1.0,,,,,,2.0,34.0
2020,2,11200560,행당1동,130,9.0,4.0,,2.0,13.0,1.0,1.0,,,,,1.0,1.0,,,,,4.0,30.0
2020,2,11200570,행당2동,79,2.0,2.0,,,4.0,1.0,1.0,1.0,1.0,,,,,,,,,1.0,24.0
2020,2,11200580,응봉동,56,3.0,,,,2.0,,1.0,1.0,,,,,,,,,,1.0,30.0
2020,2,11200590,금호1가동,88,2.0,,,,6.0,1.0,1.0,,1.0,,,,,,,,,1.0,45.0
2020,2,11200615,금호2?3가동,135,3.0,2.0,,,13.0,,1.0,,,,,,,,,,,,46.0
2020,2,11200620,금호4가동,84,3.0,3.0,,,6.0,1.0,2.0,,,,,,,,,,,1.0,27.0
2020,2,11200645,옥수동,129,4.0,2.0,,,10.0,2.0,2.0,1.0,1.0,,,,,,,,,2.0,45.0
2020,2,11200650,성수1가1동,83,4.0,2.0,,,4.0,1.0,2.0,1.0,1.0,,,,1.0,,,,,1.0,33.0
2020,2,11200660,성수1가2동,79,3.0,6.0,,,6.0,,,1.0,1.0,1.0,,,,,,,,1.0,12.0
2020,2,11200670,성수2가1동,109,3.0,3.0,,,13.0,,1.0,2.0,1.0,,,2.0,,1.0,,,,,38.0
2020,2,11200690,성수2가3동,104,3.0,16.0,,,11.0,,2.0,,,,,,1.0,,,,,1.0,20.0
2020,2,11200720,송정동,44,2.0,,,1.0,5.0,,1.0,,,,,,,,,,,,17.0
2020,2,11200790,용답동,82,7.0,2.0,,,8.0,,1.0,,,,,1.0,,,,,,2.0,11.0
2020,2,11215710,화양동,167,3.0,5.0,1.0,,17.0,,2.0,2.0,1.0,34.0,,,1.0,,,,,2.0,16.0
2020,2,11215730,군자동,135,5.0,5.0,,1.0,12.0,1.0,2.0,,,20.0,,,1.0,,,,,,23.0
2020,2,11215740,중곡1동,74,2.0,,,,10.0,1.0,,,,,,1.0,,,,,,,19.0
2020,2,11215750,중곡2동,104,2.0,4.0,,,14.0,1.0,1.0,,,,,,,,,,,2.0,21.0
2020,2,11215760,중곡3동,97,3.0,1.0,,1.0,9.0,,2.0,,,,,1.0,,,,,,1.0,29.0
2020,2,11215770,중곡4동,105,2.0,2.0,,,7.0,,1.0,1.0,2.0,,,,,,,,,,37.0
2020,2,11215780,능동,47,4.0,,,1.0,5.0,,1.0,,1.0,,,,,,,,,1.0,5.0
2020,2,11215810,광장동,139,5.0,9.0,,,9.0,3.0,3.0,3.0,1.0,11.0,,,,,,,,1.0,32.0
2020,2,11215820,자양1동,106,3.0,4.0,1.0,,14.0,1.0,1.0,,,2.0,,,,,,,,,17.0
2020,2,11215830,자양2동,95,2.0,1.0,,,8.0,2.0,4.0,2.0,1.0,,,1.0,,,,,,,21.0
2020,2,11215840,자양3동,105,2.0,6.0,,,8.0,2.0,2.0,1.0,1.0,1.0,1.0,,1.0,,,,,,30.0
2020,2,11215847,자양4동,106,5.0,2.0,,1.0,15.0,1.0,,1.0,,,,1.0,1.0,,,,,1.0,16.0
2020,2,11215850,구의1동,77,2.0,4.0,,,9.0,1.0,,1.0,1.0,,,,,,,,,1.0,16.0
2020,2,11215860,구의2동,112,3.0,2.0,,1.0,9.0,3.0,2.0,,,1.0,,,,,,,,1.0,24.0
2020,2,11215870,구의3동,133,5.0,4.0,,,16.0,2.0,1.0,,,,,1.0,1.0,,,,1.0,1.0,25.0
2020,2,11230536,용신동,231,10.0,8.0,1.0,4.0,20.0,1.0,1.0,1.0,1.0,,,1.0,,5.0,,,,5.0,41.0
2020,2,11230545,제기동,288,4.0,5.0,,1.0,22.0,2.0,2.0,2.0,1.0,1.0,,3.0,,14.0,,,,1.0,30.0
2020,2,11230560,전농1동,152,5.0,2.0,,1.0,13.0,3.0,1.0,1.0,1.0,,,,1.0,5.0,,,,3.0,35.0
2020,2,11230570,전농2동,102,2.0,2.0,,,12.0,3.0,3.0,2.0,1.0,27.0,,,,,,,,,15.0
2020,2,11230600,답십리1동,124,4.0,5.0,,,9.0,,2.0,1.0,,,,,,,,,,,25.0
2020,2,11230610,답십리2동,108,3.0,2.0,,2.0,13.0,3.0,1.0,,,,,3.0,,,,,,,19.0
2020,2,11230650,장안1동,192,5.0,11.0,,4.0,26.0,2.0,2.0,2.0,,,,,,,,,,1.0,43.0
2020,2,11230660,장안2동,168,3.0,2.0,,2.0,21.0,1.0,2.0,,1.0,1.0,,,1.0,1.0,,,,,38.0
2020,2,11230705,청량리동,154,9.0,4.0,1.0,,16.0,2.0,1.0,1.0,1.0,1.0,,,,2.0,,,,,34.0
2020,2,11230710,회기동,84,3.0,5.0,1.0,,10.0,1.0,3.0,1.0,1.0,14.0,,,,,,,,,10.0
2020,2,11230720,휘경1동,82,2.0,1.0,,,12.0,,,,,,,,,1.0,,,,3.0,18.0
2020,2,11230730,휘경2동,84,5.0,1.0,1.0,,5.0,1.0,2.0,3.0,3.0,4.0,,,,,,,,,27.0
2020,2,11230740,이문1동,147,5.0,2.0,,,13.0,3.0,,,2.0,30.0,,,,,,,,1.0,26.0
2020,2,11230750,이문2동,71,2.0,,,,6.0,1.0,1.0,,,2.0,,,,,,,,1.0,17.0
2020,2,11260520,면목2동,112,3.0,,,1.0,11.0,2.0,2.0,,,,,8.0,,1.0,,,,,25.0
2020,2,11260540,면목4동,61,2.0,,,,5.0,1.0,1.0,1.0,,,,,,,,,,1.0,15.0
2020,2,11260550,면목5동,42,2.0,1.0,,,3.0,,,,,,,4.0,,,,,,,13.0
2020,2,11260565,면목본동,168,4.0,2.0,,,18.0,1.0,2.0,,,,,13.0,,1.0,,,,1.0,30.0
2020,2,11260570,면목7동,108,2.0,2.0,,1.0,11.0,,1.0,,,,,1.0,,,,,,,18.0
2020,2,11260575,면목3?8동,150,4.0,1.0,1.0,,17.0,1.0,2.0,2.0,1.0,8.0,,,,1.0,,,,1.0,34.0
2020,2,11260580,상봉1동,78,3.0,1.0,,1.0,8.0,2.0,1.0,2.0,1.0,,,,,,,,,4.0,12.0
2020,2,11260590,상봉2동,127,4.0,3.0,,1.0,10.0,,,,,,,,2.0,2.0,,,1.0,1.0,18.0
2020,2,11260600,중화1동,79,2.0,1.0,,1.0,7.0,1.0,2.0,2.0,1.0,,,,,,,,,,14.0
2020,2,11260610,중화2동,123,2.0,3.0,,,14.0,,,,,,,2.0,,,,,,3.0,32.0
2020,2,11260620,묵1동,144,4.0,2.0,,2.0,11.0,2.0,1.0,2.0,2.0,,,,,,,,,,34.0
2020,2,11260630,묵2동,92,3.0,4.0,,,7.0,,2.0,,,,,,1.0,,,,,1.0,19.0
2020,2,11260655,망우본동,238,9.0,4.0,1.0,4.0,25.0,1.0,2.0,3.0,4.0,,,9.0,,2.0,,,,2.0,54.0
2020,2,11260660,망우3동,54,1.0,1.0,,1.0,3.0,,2.0,,1.0,,,3.0,,,,,,,11.0
2020,2,11260680,신내1동,160,3.0,2.0,1.0,,13.0,2.0,2.0,,,,,,,,,,,1.0,53.0
2020,2,11260690,신내2동,104,6.0,3.0,,,12.0,3.0,4.0,,,,,,,,,,,,21.0
2020,2,11290525,성북동,166,6.0,4.0,,,6.0,2.0,1.0,3.0,2.0,5.0,,,,,,,,,55.0
2020,2,11290555,삼선동,163,7.0,5.0,,,14.0,,1.0,1.0,2.0,14.0,,,,,,,,2.0,46.0
2020,2,11290575,동선동,146,1.0,4.0,,1.0,13.0,1.0,2.0,2.0,1.0,12.0,,,1.0,,,,,1.0,19.0
2020,2,11290580,돈암1동,42,1.0,,,,2.0,2.0,2.0,2.0,1.0,,,,,,,,,,15.0
2020,2,11290590,돈암2동,88,4.0,2.0,,,4.0,6.0,1.0,,,,,,1.0,,,,,,38.0
2020,2,11290600,안암동,167,4.0,6.0,1.0,1.0,10.0,,1.0,1.0,1.0,71.0,,,,,,,,1.0,35.0
2020,2,11290610,보문동,77,4.0,4.0,,,6.0,,2.0,,,,,,,1.0,,,,2.0,10.0
2020,2,11290620,정릉1동,63,2.0,,,,6.0,2.0,,,,1.0,,,,,,,,,19.0
2020,2,11290630,정릉2동,110,4.0,3.0,,,6.0,1.0,2.0,,,,,,,,,,,1.0,50.0
2020,2,11290640,정릉3동,124,4.0,1.0,,,2.0,,1.0,3.0,1.0,28.0,,,,,,,,,38.0
2020,2,11290650,정릉4동,133,7.0,3.0,,,12.0,2.0,1.0,,2.0,11.0,,,,,,,,1.0,40.0
2020,2,11290660,길음1동,129,3.0,4.0,,,10.0,2.0,3.0,1.0,1.0,,,1.0,,,,,,1.0,26.0
2020,2,11290685,길음2동,112,5.0,,,3.0,14.0,,,,,,,,,,,,,,23.0
2020,2,11290705,종암동,189,7.0,2.0,,1.0,17.0,3.0,2.0,2.0,1.0,2.0,,,,,,,,,56.0
2020,2,11290715,월곡1동,108,2.0,3.0,,,10.0,,2.0,1.0,1.0,,,,,1.0,,,,,30.0
2020,2,11290725,월곡2동,135,6.0,4.0,,,12.0,2.0,,1.0,,12.0,,,,,,,,2.0,34.0
2020,2,11290760,장위1동,103,4.0,1.0,,,8.0,6.0,1.0,1.0,,,,,,,,,,,37.0
2020,2,11290770,장위2동,89,3.0,2.0,,,11.0,1.0,3.0,,,,,,,,,,,1.0,27.0
2020,2,11290780,장위3동,82,1.0,,,,5.0,1.0,2.0,1.0,,1.0,,1.0,,,,,,,39.0
2020,2,11290810,석관동,154,6.0,3.0,,,16.0,2.0,2.0,1.0,1.0,,,1.0,,2.0,,,,2.0,32.0
2020,2,11305534,삼양동,165,4.0,1.0,,,14.0,3.0,2.0,,1.0,,,,,,,,,3.0,34.0
2020,2,11305535,미아동,144,3.0,3.0,,1.0,14.0,,,,1.0,4.0,,,,,,,,1.0,28.0
2020,2,11305545,송중동,212,4.0,1.0,,2.0,18.0,4.0,2.0,,1.0,2.0,1.0,,1.0,,,,,,69.0
2020,2,11305555,송천동,164,9.0,5.0,,1.0,17.0,,1.0,2.0,2.0,,,2.0,,,,,,1.0,24.0
2020,2,11305575,삼각산동,114,2.0,1.0,,,9.0,1.0,,1.0,1.0,1.0,,,,,,,,,36.0
2020,2,11305595,번1동,136,3.0,3.0,,1.0,14.0,1.0,1.0,1.0,,,,,1.0,,,,,,30.0
2020,2,11305603,번2동,110,5.0,,,,7.0,1.0,,1.0,,,,,,1.0,,,,,54.0
2020,2,11305608,번3동,95,3.0,1.0,,,8.0,,2.0,,,,,,,,,,,,37.0
2020,2,11305615,수유1동,153,4.0,2.0,,,12.0,,2.0,3.0,1.0,,,1.0,,,,,,1.0,40.0
2020,2,11305625,수유2동,85,3.0,,,,12.0,3.0,,,,,,,,,,,,1.0,15.0
2020,2,11305635,수유3동,158,4.0,6.0,,1.0,16.0,,,1.0,,,,,1.0,,,,,1.0,30.0
2020,2,11305645,우이동,132,2.0,,,,7.0,1.0,,1.0,,2.0,,,,,,,,3.0,54.0
2020,2,11305660,인수동,175,13.0,2.0,1.0,2.0,14.0,2.0,2.0,2.0,,5.0,,1.0,,,,,,,57.0
2020,2,11320511,창1동,94,3.0,2.0,,,7.0,1.0,1.0,2.0,1.0,,,,,,,,,1.0,28.0
2020,2,11320512,창2동,95,3.0,,,1.0,8.0,1.0,1.0,,,,,,,,,,,,44.0
2020,2,11320513,창3동,66,1.0,,,,7.0,1.0,2.0,,,,,1.0,,,,,,,25.0
2020,2,11320514,창4동,130,7.0,4.0,,,8.0,1.0,2.0,1.0,2.0,,,,,,,,,,51.0
2020,2,11320515,창5동,119,7.0,3.0,,3.0,12.0,1.0,3.0,,,,,,2.0,,,,,2.0,24.0
2020,2,11320521,도봉1동,122,4.0,1.0,,,9.0,2.0,2.0,1.0,1.0,2.0,,1.0,,,,,,,38.0
2020,2,11320522,도봉2동,127,8.0,3.0,,,7.0,1.0,1.0,1.0,1.0,1.0,,,,1.0,,,,3.0,49.0
2020,2,11320660,쌍문1동,126,6.0,1.0,,1.0,4.0,1.0,3.0,,1.0,17.0,,,,,,,,,54.0
2020,2,11320670,쌍문2동,87,3.0,1.0,,1.0,10.0,1.0,1.0,1.0,,,,,,2.0,,,,,19.0
2020,2,11320680,쌍문3동,78,3.0,3.0,1.0,,12.0,,,1.0,,,,,,1.0,,,,1.0,17.0
2020,2,11320681,쌍문4동,64,1.0,,,,4.0,5.0,2.0,2.0,3.0,,,,,,,,,,23.0
2020,2,11320690,방학1동,148,6.0,6.0,,2.0,15.0,2.0,1.0,1.0,1.0,,,,,,,,,1.0,39.0
2020,2,11320700,방학2동,64,3.0,,,,7.0,,1.0,1.0,,,,,,,,,,,23.0
2020,2,11320710,방학3동,112,3.0,3.0,,,6.0,3.0,3.0,1.0,,,,,,,,,,,47.0
2020,2,11350560,월계1동,159,4.0,2.0,,,10.0,2.0,1.0,1.0,1.0,17.0,,,,,,,,,59.0
2020,2,11350570,월계2동,136,4.0,,,,5.0,3.0,2.0,3.0,4.0,11.0,,,,,,,,1.0,64.0
2020,2,11350580,월계3동,135,5.0,3.0,,,8.0,4.0,3.0,1.0,,,,,,,,,,2.0,47.0
2020,2,11350595,공릉1동,211,4.0,6.0,,4.0,21.0,3.0,3.0,,,1.0,,1.0,,,,,,3.0,54.0
2020,2,11350600,공릉2동,271,7.0,6.0,1.0,,14.0,3.0,4.0,4.0,2.0,64.0,,1.0,,,,,,1.0,63.0
2020,2,11350611,하계1동,133,4.0,3.0,1.0,,9.0,1.0,1.0,2.0,4.0,16.0,,,,,,,,,41.0
2020,2,11350612,하계2동,67,2.0,1.0,,,4.0,2.0,2.0,1.0,,,,,,,,,,1.0,28.0
2020,2,11350619,중계본동,95,5.0,2.0,,,7.0,3.0,2.0,,3.0,,,,,,,,,,21.0
2020,2,11350621,중계1동,85,2.0,3.0,,,7.0,,2.0,1.0,2.0,,,,,,,,,,18.0
2020,2,11350624,중계4동,81,2.0,3.0,,,14.0,1.0,1.0,3.0,2.0,,,,,,,,,,6.0
2020,2,11350625,중계2?3동,142,7.0,2.0,,,10.0,4.0,4.0,1.0,3.0,,,,2.0,,,,,1.0,39.0
2020,2,11350630,상계1동,190,5.0,2.0,,,14.0,3.0,3.0,2.0,1.0,,,,1.0,,,,,1.0,38.0
2020,2,11350640,상계2동,182,2.0,1.0,,2.0,19.0,1.0,1.0,1.0,,,,,1.0,,,,,2.0,33.0
2020,2,11350665,상계3?4동,107,4.0,1.0,,,9.0,3.0,2.0,,,1.0,,,,2.0,,,,1.0,11.0
2020,2,11350670,상계5동,105,2.0,1.0,,,11.0,,1.0,,,,,,,3.0,,,,1.0,36.0
2020,2,11350695,상계6?7동,253,9.0,11.0,1.0,1.0,29.0,,3.0,2.0,1.0,4.0,,,1.0,,,,,,40.0
2020,2,11350700,상계8동,92,3.0,3.0,,,7.0,,,1.0,,,,,,,,,,1.0,15.0
2020,2,11350710,상계9동,78,3.0,4.0,,,6.0,1.0,3.0,2.0,2.0,,,,,,,,,,18.0
2020,2,11350720,상계10동,64,3.0,,,,1.0,1.0,2.0,1.0,1.0,,,,,,,,,,30.0
2020,2,11380510,녹번동,148,8.0,3.0,,2.0,12.0,1.0,3.0,,,,,1.0,1.0,,,,,2.0,35.0
2020,2,11380520,불광1동,198,6.0,4.0,,1.0,17.0,4.0,2.0,,,,,,1.0,,,,,3.0,49.0
2020,2,11380530,불광2동,113,6.0,1.0,,,5.0,,3.0,3.0,1.0,,,3.0,,,,,,,32.0
2020,2,11380551,갈현1동,133,2.0,2.0,1.0,,13.0,1.0,,,,,,,,,,,,2.0,48.0
2020,2,11380552,갈현2동,121,3.0,1.0,,1.0,15.0,5.0,2.0,1.0,5.0,,,,,,,,,1.0,34.0
2020,2,11380560,구산동,127,3.0,,,1.0,8.0,3.0,3.0,2.0,3.0,,,,,,,,,,38.0
2020,2,11380570,대조동,205,3.0,5.0,,1.0,24.0,,2.0,,2.0,,,,1.0,,,,,,32.0
2020,2,11380580,응암1동,133,5.0,5.0,,1.0,20.0,1.0,1.0,1.0,1.0,,,,,,,,,,27.0
2020,2,11380590,응암2동,91,3.0,1.0,,1.0,10.0,2.0,1.0,,,,,,,,,,,,37.0
2020,2,11380600,응암3동,138,3.0,3.0,,1.0,16.0,1.0,1.0,2.0,1.0,,,2.0,,,,,,,31.0
2020,2,11380625,역촌동,176,5.0,5.0,,2.0,18.0,2.0,1.0,,,,,,,,,,,,51.0
2020,2,11380631,신사1동,94,3.0,,,,8.0,3.0,,1.0,,5.0,,,,,,,,1.0,22.0
2020,2,11380632,신사2동,82,4.0,,,,5.0,,3.0,1.0,1.0,,,,,,,,,1.0,35.0
2020,2,11380640,증산동,83,3.0,,,,8.0,1.0,1.0,2.0,,,,2.0,,,,,,1.0,16.0
2020,2,11380650,수색동,60,5.0,2.0,,,5.0,1.0,1.0,,,,,2.0,,,,,,1.0,22.0
2020,2,11380690,진관동,242,6.0,6.0,,,22.0,6.0,6.0,2.0,4.0,,,,1.0,,,,,1.0,81.0
2020,2,11410520,천연동,127,4.0,1.0,,,4.0,,1.0,1.0,1.0,11.0,,,,1.0,,,,,44.0
2020,2,11410555,북아현동,76,2.0,2.0,,1.0,7.0,1.0,1.0,,1.0,,,,,,,,,,17.0
2020,2,11410565,충현동,184,9.0,8.0,,,7.0,1.0,3.0,1.0,2.0,24.0,,,,,,,,3.0,58.0
2020,2,11410585,신촌동,368,6.0,10.0,1.0,,22.0,1.0,3.0,1.0,1.0,109.0,1.0,,4.0,3.0,,,,2.0,60.0
2020,2,11410615,연희동,201,7.0,7.0,,1.0,16.0,,1.0,3.0,1.0,13.0,,,1.0,1.0,,,,,70.0
2020,2,11410620,홍제1동,135,3.0,2.0,,,10.0,2.0,2.0,,,1.0,,,,1.0,,,,1.0,40.0
2020,2,11410640,홍제3동,129,3.0,3.0,,2.0,14.0,1.0,2.0,1.0,,3.0,,4.0,,6.0,,,,1.0,46.0
2020,2,11410655,홍제2동,56,1.0,,,,6.0,3.0,,,,,,,,1.0,,,,,15.0
2020,2,11410660,홍은1동,86,3.0,,,,7.0,1.0,1.0,,,,,,,1.0,,,,,32.0
2020,2,11410685,홍은2동,161,4.0,2.0,1.0,,8.0,,2.0,3.0,1.0,12.0,,,,,,,,,83.0
2020,2,11410690,남가좌1동,94,2.0,3.0,,1.0,9.0,,1.0,,,,,1.0,,1.0,,,,1.0,20.0
2020,2,11410700,남가좌2동,117,4.0,4.0,,,12.0,4.0,1.0,1.0,,8.0,,,,,,,,,24.0
2020,2,11410710,북가좌1동,60,1.0,2.0,,,5.0,2.0,1.0,1.0,1.0,,,,,,,,,,13.0
2020,2,11410720,북가좌2동,115,3.0,3.0,,,12.0,2.0,,,,,,,,,,,,,39.0
2020,2,11440555,아현동,145,5.0,8.0,,,16.0,1.0,1.0,1.0,1.0,,,,,1.0,,,,2.0,23.0
2020,2,11440565,공덕동,172,7.0,9.0,,,21.0,1.0,3.0,,,,,2.0,,,,,,4.0,39.0
2020,2,11440585,도화동,144,4.0,7.0,,,15.0,2.0,1.0,,,,,,1.0,1.0,,,,1.0,38.0
2020,2,11440590,용강동,90,7.0,6.0,,1.0,10.0,2.0,1.0,,,,,,,,,,,1.0,24.0
2020,2,11440600,대흥동,209,5.0,5.0,,,18.0,,3.0,1.0,1.0,27.0,,,,3.0,,,,3.0,38.0
2020,2,11440610,염리동,52,3.0,1.0,,,3.0,1.0,1.0,2.0,3.0,,,,,2.0,,,,,10.0
2020,2,11440630,신수동,76,4.0,1.0,,1.0,5.0,1.0,1.0,1.0,1.0,,,,,,,,,,24.0
2020,2,11440655,서강동,156,6.0,4.0,,,7.0,1.0,1.0,,,20.0,,,,,,,,2.0,64.0
2020,2,11440660,서교동,358,13.0,22.0,,,31.0,1.0,1.0,,,2.0,,,5.0,3.0,,,,7.0,88.0
2020,2,11440680,합정동,109,4.0,3.0,,,10.0,1.0,1.0,1.0,,,,,,,,,,,32.0
2020,2,11440690,망원1동,95,2.0,2.0,,,11.0,,,,,,,,,1.0,,,,,23.0
2020,2,11440700,망원2동,83,4.0,1.0,,,6.0,1.0,2.0,,,,,,,,,,,,33.0
2020,2,11440710,연남동,52,2.0,1.0,,,2.0,1.0,,1.0,2.0,,,,,,,,,,23.0
2020,2,11440720,성산1동,86,4.0,2.0,,,5.0,1.0,2.0,2.0,1.0,1.0,,,,1.0,,,,,29.0
2020,2,11440730,성산2동,158,6.0,3.0,,,13.0,2.0,3.0,2.0,,,,1.0,1.0,,,,,2.0,47.0
2020,2,11440740,상암동,247,10.0,11.0,,,14.0,3.0,3.0,1.0,1.0,,,1.0,,,,,,4.0,104.0
2020,2,11470510,목1동,190,5.0,12.0,,1.0,21.0,1.0,1.0,1.0,1.0,2.0,,,2.0,,,,,2.0,29.0
2020,2,11470520,목2동,97,3.0,2.0,,1.0,13.0,3.0,1.0,,,,,,,1.0,,,,1.0,18.0
2020,2,11470530,목3동,96,3.0,4.0,,,11.0,1.0,,1.0,,,,,,,,,,,7.0
2020,2,11470540,목4동,84,3.0,3.0,,,9.0,1.0,1.0,1.0,1.0,,,,,,,,,,14.0
2020,2,11470550,목5동,143,8.0,9.0,1.0,,12.0,4.0,3.0,2.0,2.0,,,,,,,,,,52.0
2020,2,11470560,신월1동,71,3.0,3.0,,,12.0,1.0,,,,,,,,,,,,,9.0
2020,2,11470570,신월2동,65,3.0,1.0,,,6.0,1.0,2.0,2.0,,,,,,,,,,,12.0
2020,2,11470580,신월3동,70,2.0,1.0,,,7.0,1.0,1.0,2.0,3.0,,,,,,,,,,8.0
2020,2,11470590,신월4동,63,2.0,1.0,,,6.0,3.0,1.0,,,,,,,,,,,,11.0
2020,2,11470600,신월5동,54,3.0,,,1.0,3.0,2.0,1.0,2.0,,,,,,,,,,,12.0
2020,2,11470610,신월6동,47,1.0,2.0,,1.0,5.0,1.0,1.0,1.0,,,,,,,,,,,15.0
2020,2,11470611,신월7동,74,6.0,1.0,,,10.0,2.0,,1.0,,,,,,,,,,,21.0
2020,2,11470620,신정1동,94,7.0,3.0,,,9.0,2.0,2.0,1.0,,,,,,,,,,,26.0
2020,2,11470630,신정2동,71,3.0,1.0,,,7.0,1.0,2.0,1.0,,,,,,,,,,,20.0
2020,2,11470640,신정3동,203,4.0,1.0,,,15.0,1.0,3.0,1.0,4.0,,,,,,,,,1.0,81.0
2020,2,11470650,신정4동,161,3.0,8.0,1.0,1.0,16.0,3.0,2.0,,2.0,,,,,,,,,1.0,18.0
2020,2,11470670,신정6동,72,7.0,6.0,,,2.0,2.0,,1.0,1.0,,,,,,,,,,31.0
2020,2,11470680,신정7동,107,3.0,2.0,,,8.0,3.0,3.0,1.0,1.0,,,,,,,,,1.0,30.0
2020,2,11500510,염창동,147,5.0,3.0,,1.0,15.0,,2.0,2.0,,,,,,,,,,2.0,35.0
2020,2,11500520,등촌1동,95,1.0,5.0,,1.0,10.0,,1.0,,,,,,1.0,,,,,,20.0
2020,2,11500530,등촌2동,58,3.0,,,1.0,6.0,2.0,2.0,2.0,2.0,,,,,,,,,,8.0
2020,2,11500535,등촌3동,184,6.0,3.0,1.0,2.0,18.0,2.0,5.0,2.0,4.0,,,,1.0,,,,,,55.0
2020,2,11500540,화곡1동,226,3.0,2.0,,2.0,26.0,,2.0,1.0,,,,,1.0,,,,,2.0,27.0
2020,2,11500550,화곡2동,65,2.0,,,,3.0,2.0,1.0,,,,,,,,,,,,30.0
2020,2,11500560,화곡3동,87,4.0,3.0,,,8.0,2.0,,,,,,,,,,,,,12.0
2020,2,11500570,화곡4동,101,4.0,2.0,,,14.0,3.0,1.0,,2.0,,,,,,,,,,30.0
2020,2,11500590,화곡본동,145,3.0,,,1.0,11.0,1.0,2.0,,,,,,,,,,,,31.0
2020,2,11500591,화곡6동,118,7.0,5.0,,,8.0,2.0,1.0,,,9.0,,,,,,,,,29.0
2020,2,11500593,화곡8동,95,2.0,3.0,,,8.0,1.0,,,,,,,,,,,,1.0,33.0
2020,2,11500603,가양1동,279,5.0,13.0,,,20.0,3.0,1.0,1.0,1.0,,,,1.0,2.0,,,,5.0,69.0
2020,2,11500604,가양2동,75,4.0,3.0,,,7.0,3.0,1.0,1.0,1.0,,,,,,,,,1.0,14.0
2020,2,11500605,가양3동,52,3.0,,,,4.0,3.0,2.0,1.0,1.0,,,,,,,,,1.0,13.0
2020,2,11500611,발산1동,246,3.0,9.0,1.0,2.0,33.0,2.0,3.0,4.0,8.0,,,1.0,,,,,,,63.0
2020,2,11500615,우장산동,158,4.0,4.0,,3.0,12.0,3.0,2.0,,,5.0,,,,,,,,1.0,33.0
2020,2,11500620,공항동,176,6.0,7.0,1.0,,11.0,1.0,2.0,2.0,,4.0,,,,,21.0,,,2.0,39.0
2020,2,11500630,방화1동,200,2.0,3.0,,2.0,21.0,4.0,3.0,1.0,3.0,,,,,1.0,,,,1.0,46.0
2020,2,11500640,방화2동,124,4.0,,,,7.0,3.0,1.0,1.0,,,,2.0,1.0,,4.0,,,5.0,37.0
2020,2,11500641,방화3동,83,5.0,1.0,,,5.0,2.0,3.0,2.0,1.0,1.0,,,,,,,,1.0,22.0
2020,2,11530510,신도림동,168,5.0,4.0,,,12.0,2.0,1.0,1.0,1.0,1.0,,2.0,1.0,1.0,,,,3.0,43.0
2020,2,11530520,구로1동,88,4.0,1.0,,,5.0,3.0,1.0,1.0,1.0,,,4.0,,,,,,,25.0
2020,2,11530530,구로2동,197,6.0,12.0,1.0,1.0,21.0,1.0,1.0,,1.0,,,7.0,,16.0,,,,1.0,48.0
2020,2,11530540,구로3동,187,7.0,18.0,,,15.0,1.0,2.0,1.0,,,,,,5.0,,,,2.0,47.0
2020,2,11530550,구로4동,139,5.0,3.0,,,15.0,2.0,1.0,1.0,,,,1.0,,19.0,,,,,13.0
2020,2,11530560,구로5동,167,5.0,4.0,,2.0,18.0,,3.0,1.0,1.0,2.0,1.0,,3.0,,,,,1.0,49.0
2020,2,11530595,가리봉동,74,,,,,6.0,,1.0,,1.0,,,,,23.0,,,,,8.0
2020,2,11530720,고척1동,135,5.0,4.0,1.0,1.0,9.0,,3.0,1.0,1.0,12.0,,8.0,,4.0,,,,,31.0
2020,2,11530730,고척2동,128,5.0,2.0,,1.0,11.0,,2.0,1.0,1.0,,,,,,,,,,40.0
2020,2,11530740,개봉1동,163,5.0,3.0,,1.0,11.0,2.0,1.0,2.0,,4.0,,1.0,,,,,,1.0,57.0
2020,2,11530750,개봉2동,116,3.0,3.0,,,10.0,2.0,,,,,,1.0,1.0,,,,,,26.0
2020,2,11530760,개봉3동,81,3.0,2.0,,,9.0,1.0,3.0,1.0,,,,1.0,1.0,,,,,,23.0
2020,2,11530770,오류1동,122,5.0,4.0,,,11.0,3.0,1.0,,,,,,,,,,,1.0,22.0
2020,2,11530780,오류2동,209,3.0,1.0,,1.0,9.0,6.0,3.0,2.0,1.0,,,,,,,,,1.0,86.0
2020,2,11530790,수궁동,154,3.0,1.0,,,5.0,2.0,1.0,1.0,6.0,,,1.0,,,,,,3.0,69.0
2020,2,11530800,항동,64,1.0,,,,2.0,1.0,1.0,,,10.0,,,,,,,,,37.0
2020,2,11545510,가산동,304,10.0,25.0,,1.0,21.0,2.0,,,,,,,1.0,17.0,,,,3.0,111.0
2020,2,11545610,독산1동,217,3.0,6.0,,2.0,17.0,2.0,4.0,3.0,,,,,1.0,3.0,,,,,74.0
2020,2,11545620,독산2동,73,2.0,1.0,,,8.0,,2.0,,,1.0,,,,,,,,,11.0
2020,2,11545630,독산3동,119,4.0,4.0,,,14.0,2.0,2.0,2.0,1.0,,,1.0,,,,,,,29.0
2020,2,11545640,독산4동,64,5.0,2.0,,1.0,4.0,,1.0,,,,,,,,,,,,16.0
2020,2,11545670,시흥1동,223,9.0,7.0,1.0,2.0,25.0,2.0,3.0,1.0,1.0,,,,,3.0,,,,1.0,52.0
2020,2,11545680,시흥2동,76,2.0,,,,3.0,2.0,3.0,1.0,2.0,,,,,,,,,,30.0
2020,2,11545690,시흥3동,66,3.0,3.0,,,5.0,,1.0,1.0,1.0,,,,,1.0,,,,,21.0
2020,2,11545700,시흥4동,72,1.0,1.0,,,6.0,,1.0,1.0,,,,,,,,,,,27.0
2020,2,11545710,시흥5동,106,3.0,,,,16.0,2.0,3.0,,,,,,,,,,,,37.0
2020,2,11560515,영등포본동,94,4.0,,,,10.0,2.0,2.0,1.0,2.0,,,,1.0,2.0,,,,1.0,23.0
2020,2,11560535,영등포동,325,10.0,17.0,2.0,2.0,37.0,,1.0,,,1.0,,,1.0,16.0,,,,1.0,41.0
2020,2,11560540,여의동,399,23.0,70.0,1.0,,44.0,,2.0,2.0,2.0,,,,1.0,,,,,5.0,61.0
2020,2,11560550,당산1동,131,6.0,5.0,,1.0,8.0,1.0,,,,,,,,12.0,,,,2.0,23.0
2020,2,11560560,당산2동,192,6.0,4.0,,,20.0,3.0,2.0,2.0,,,,,,,,,,2.0,46.0
2020,2,11560585,도림동,66,2.0,,,,6.0,2.0,,,,,,,,,,,,,28.0
2020,2,11560605,문래동,185,8.0,9.0,,,17.0,,3.0,2.0,,,,,,2.0,,,,1.0,56.0
2020,2,11560610,양평1동,87,5.0,3.0,,1.0,6.0,,1.0,,1.0,,,,,1.0,,,,1.0,22.0
2020,2,11560620,양평2동,131,8.0,6.0,,,7.0,1.0,2.0,1.0,2.0,,,,,3.0,,,,1.0,35.0
2020,2,11560630,신길1동,85,1.0,2.0,1.0,1.0,13.0,,1.0,,,,,,,4.0,,,,2.0,25.0
2020,2,11560650,신길3동,102,3.0,5.0,,1.0,12.0,3.0,1.0,,,,,,,2.0,,,,,32.0
2020,2,11560660,신길4동,43,1.0,1.0,,,2.0,2.0,1.0,,,,,,,,,,,,13.0
2020,2,11560670,신길5동,66,3.0,,,,,1.0,1.0,1.0,1.0,,,,,5.0,,,,,31.0
2020,2,11560680,신길6동,123,4.0,1.0,,1.0,14.0,1.0,1.0,,1.0,,,1.0,,2.0,,,,1.0,29.0
2020,2,11560690,신길7동,78,5.0,1.0,,,7.0,1.0,1.0,,,,,,,1.0,,,,1.0,32.0
2020,2,11560700,대림1동,81,2.0,4.0,2.0,,18.0,,1.0,1.0,,,,2.0,,3.0,,,,,16.0
2020,2,11560710,대림2동,86,4.0,2.0,1.0,,16.0,,2.0,,,1.0,,,,1.0,,,,,13.0
2020,2,11560720,대림3동,126,2.0,7.0,,1.0,11.0,3.0,2.0,1.0,,2.0,,1.0,,,,,,2.0,46.0
2020,2,11590510,노량진1동,180,5.0,4.0,,,14.0,2.0,3.0,1.0,,1.0,,,,2.0,,,,3.0,57.0
2020,2,11590520,노량진2동,72,5.0,4.0,,1.0,14.0,1.0,,,,,,,,1.0,,,,,14.0
2020,2,11590530,상도1동,201,5.0,4.0,,1.0,16.0,2.0,2.0,1.0,,23.0,,,,,,,,2.0,47.0
2020,2,11590540,상도2동,154,6.0,3.0,,,16.0,1.0,1.0,1.0,,,,1.0,,1.0,,,,1.0,41.0
2020,2,11590550,상도3동,113,2.0,2.0,,,11.0,,,1.0,,,,1.0,,,,,,,36.0
2020,2,11590560,상도4동,112,3.0,1.0,,1.0,11.0,4.0,1.0,1.0,,,,,1.0,,,,,,36.0
2020,2,11590605,흑석동,195,6.0,6.0,1.0,,24.0,5.0,3.0,2.0,,16.0,,,,1.0,,,,1.0,50.0
2020,2,11590620,사당1동,126,4.0,6.0,,2.0,12.0,1.0,1.0,,,1.0,,,1.0,1.0,,,,2.0,13.0
2020,2,11590630,사당2동,179,3.0,2.0,,,14.0,,1.0,1.0,2.0,,,,,2.0,,,,4.0,36.0
2020,2,11590640,사당3동,88,3.0,1.0,,,5.0,,2.0,1.0,,3.0,,1.0,,,,,,1.0,30.0
2020,2,11590650,사당4동,62,2.0,1.0,,,6.0,,,1.0,,,,1.0,,,,,,,4.0
2020,2,11590651,사당5동,61,4.0,,,,3.0,1.0,2.0,1.0,1.0,,,,,,,,,,28.0
2020,2,11590660,대방동,199,5.0,5.0,,,16.0,3.0,3.0,4.0,4.0,,,,,,,,,2.0,61.0
2020,2,11590670,신대방1동,83,3.0,1.0,,,10.0,3.0,1.0,1.0,,1.0,,,,,,,,1.0,15.0
2020,2,11590680,신대방2동,109,7.0,7.0,1.0,,16.0,,1.0,1.0,1.0,,,,,,,,,,29.0
2020,2,11620525,보라매동,83,1.0,1.0,,,5.0,,1.0,1.0,1.0,,,,,,,,,,25.0
2020,2,11620545,청림동,50,2.0,,,,4.0,2.0,,,,,,,,2.0,,,,,7.0
2020,2,11620565,성현동,104,4.0,,,,6.0,3.0,2.0,1.0,1.0,,,,,,,,,,38.0
2020,2,11620575,행운동,111,3.0,3.0,1.0,2.0,12.0,1.0,2.0,2.0,1.0,,,,,,,,,,15.0
2020,2,11620585,낙성대동,148,2.0,3.0,,,10.0,,1.0,,,37.0,,,,2.0,,,,,37.0
2020,2,11620595,청룡동,147,5.0,6.0,,1.0,23.0,,2.0,2.0,3.0,,,1.0,1.0,1.0,,,,1.0,15.0
2020,2,11620605,은천동,123,6.0,,,,9.0,3.0,1.0,,1.0,,,,,,,,,,43.0
2020,2,11620615,중앙동,83,1.0,3.0,,1.0,14.0,,1.0,,,,,,,,,,,1.0,12.0
2020,2,11620625,인헌동,105,2.0,5.0,,,14.0,1.0,,1.0,1.0,,,2.0,,,,,,1.0,23.0
2020,2,11620630,남현동,70,3.0,1.0,,,6.0,1.0,1.0,,,1.0,,,,,,,,,6.0
2020,2,11620645,서원동,94,3.0,1.0,1.0,1.0,9.0,,,1.0,,,,,1.0,,,,,,27.0
2020,2,11620655,신원동,54,6.0,1.0,,,7.0,,1.0,,,1.0,,,,,,,,,10.0
2020,2,11620665,서림동,74,2.0,,,,5.0,1.0,1.0,1.0,,,,,,,,,,,34.0
2020,2,11620685,신사동,79,3.0,2.0,,1.0,10.0,1.0,1.0,,,1.0,,1.0,,,,,,,21.0
2020,2,11620695,신림동,168,2.0,3.0,,,17.0,,,,,,,,,4.0,,,,1.0,16.0
2020,2,11620715,난향동,68,1.0,,,,5.0,,1.0,,,,,,,,,,,,34.0
2020,2,11620725,조원동,96,3.0,1.0,,1.0,12.0,,1.0,,,,,1.0,,,,,,,30.0
2020,2,11620735,대학동,283,5.0,6.0,,,11.0,,1.0,1.0,2.0,140.0,,,,,,,,,73.0
2020,2,11620745,삼성동,94,3.0,,,,7.0,,2.0,,1.0,,,,,3.0,,,,,44.0
2020,2,11620765,미성동,126,3.0,3.0,,1.0,11.0,1.0,2.0,2.0,2.0,,,,,1.0,,,,,44.0
2020,2,11620775,난곡동,95,2.0,1.0,,,11.0,2.0,1.0,2.0,1.0,,,1.0,,,,,,,28.0
2020,2,11650510,서초1동,194,4.0,10.0,,1.0,14.0,,2.0,,,13.0,,,,,,,,2.0,38.0
2020,2,11650520,서초2동,217,8.0,26.0,,,24.0,,1.0,1.0,1.0,,,,,1.0,,,,2.0,47.0
2020,2,11650530,서초3동,332,25.0,30.0,,3.0,30.0,1.0,1.0,1.0,3.0,2.0,,,,,,,1.0,2.0,77.0
2020,2,11650531,서초4동,257,2.0,13.0,,1.0,31.0,2.0,2.0,1.0,,,,,1.0,,,,,,36.0
2020,2,11650540,잠원동,135,3.0,8.0,,,13.0,1.0,1.0,1.0,,,,,,,,,,2.0,23.0
2020,2,11650550,반포본동,33,1.0,3.0,,,2.0,,1.0,2.0,2.0,,,1.0,,,,,,1.0,5.0
2020,2,11650560,반포1동,140,6.0,6.0,,1.0,20.0,1.0,2.0,1.0,1.0,,,,,,,,,1.0,26.0
2020,2,11650570,반포2동,74,4.0,5.0,,,5.0,,2.0,1.0,,,,1.0,,,,,,1.0,25.0
2020,2,11650580,반포3동,109,3.0,7.0,,,11.0,,1.0,1.0,,,,,,,,,,,18.0
2020,2,11650581,반포4동,130,7.0,12.0,1.0,,12.0,,,1.0,,3.0,,,1.0,,,,,3.0,33.0
2020,2,11650590,방배본동,103,2.0,6.0,,,16.0,,1.0,,,,,1.0,,,,,,,25.0
2020,2,11650600,방배1동,102,3.0,4.0,,1.0,10.0,,1.0,,,3.0,,1.0,,,,,,1.0,19.0
2020,2,11650610,방배2동,114,4.0,2.0,,,3.0,,1.0,1.0,1.0,,,1.0,,1.0,,,,1.0,37.0
2020,2,11650620,방배3동,112,4.0,3.0,,2.0,6.0,,2.0,,1.0,7.0,,,,,,,,,50.0
2020,2,11650621,방배4동,156,3.0,10.0,,,11.0,,1.0,,1.0,4.0,,,,1.0,,,,1.0,31.0
2020,2,11650651,양재1동,263,12.0,11.0,,1.0,20.0,3.0,4.0,1.0,,1.0,,,,,,,,2.0,86.0
2020,2,11650652,양재2동,147,2.0,16.0,,,11.0,,1.0,2.0,1.0,,,1.0,,,,,,1.0,57.0
2020,2,11650660,내곡동,161,5.0,1.0,,1.0,2.0,2.0,1.0,,,3.0,,1.0,,,,,,1.0,85.0
2020,2,11680510,신사동,260,3.0,14.0,,,36.0,2.0,1.0,1.0,2.0,,1.0,,1.0,,,,,1.0,12.0
2020,2,11680521,논현1동,300,4.0,15.0,,4.0,42.0,,1.0,,,,,1.0,8.0,,,,,3.0,23.0
2020,2,11680531,논현2동,240,8.0,16.0,,5.0,29.0,1.0,1.0,1.0,,4.0,,,2.0,,,,,1.0,33.0
2020,2,11680545,압구정동,313,4.0,25.0,,5.0,30.0,1.0,1.0,2.0,2.0,,2.0,1.0,3.0,,,,,2.0,18.0
2020,2,11680565,청담동,288,11.0,19.0,,4.0,27.0,2.0,2.0,1.0,1.0,1.0,,,,,,,,3.0,23.0
2020,2,11680580,삼성1동,199,6.0,26.0,,3.0,13.0,1.0,1.0,1.0,1.0,,1.0,,1.0,,,,,3.0,38.0
2020,2,11680590,삼성2동,177,10.0,11.0,,,11.0,,1.0,1.0,,1.0,,,,,,,,4.0,28.0
2020,2,11680600,대치1동,130,4.0,11.0,,,13.0,1.0,1.0,1.0,2.0,1.0,,,,,,,,,24.0
2020,2,11680610,대치2동,210,6.0,26.0,,2.0,20.0,,2.0,1.0,1.0,,,,,,,,,2.0,39.0
2020,2,11680630,대치4동,159,4.0,12.0,1.0,1.0,18.0,,1.0,,,1.0,1.0,,,,,,,,14.0
2020,2,11680640,역삼1동,542,15.0,49.0,1.0,3.0,64.0,1.0,1.0,,,,,,3.0,1.0,,,,1.0,44.0
2020,2,11680650,역삼2동,195,3.0,14.0,,2.0,25.0,,1.0,2.0,1.0,1.0,,,,,,,,,31.0
2020,2,11680655,도곡1동,142,4.0,9.0,1.0,4.0,20.0,2.0,1.0,2.0,1.0,,,,,,,,,1.0,27.0
2020,2,11680656,도곡2동,118,7.0,23.0,,,10.0,2.0,1.0,1.0,2.0,,,,,,,,,3.0,25.0
2020,2,11680660,개포1동,38,1.0,1.0,,,1.0,,1.0,2.0,,,,,,,,,,,29.0
2020,2,11680670,개포2동,135,3.0,3.0,,,9.0,5.0,4.0,1.0,3.0,,,,,,,,,3.0,50.0
2020,2,11680690,개포4동,115,3.0,4.0,,,7.0,,2.0,1.0,1.0,,,,,,,,,,49.0
2020,2,11680700,세곡동,191,4.0,1.0,,,9.0,3.0,4.0,1.0,1.0,,,,,,,,,,95.0
2020,2,11680720,일원본동,103,2.0,6.0,1.0,,15.0,2.0,2.0,1.0,2.0,,,,,,,,,1.0,32.0
2020,2,11680730,일원1동,74,4.0,1.0,,,11.0,1.0,2.0,,1.0,,,,,,,,,,18.0
2020,2,11680740,일원2동,66,3.0,3.0,,,6.0,2.0,1.0,1.0,,,,,,,,,,1.0,13.0
2020,2,11680750,수서동,89,3.0,3.0,,,11.0,2.0,1.0,1.0,2.0,,,,,,,,,2.0,23.0
2020,2,11710510,풍납1동,48,3.0,,,1.0,6.0,1.0,1.0,,,,,,,,,,,,6.0
2020,2,11710520,풍납2동,125,5.0,5.0,1.0,,26.0,2.0,2.0,3.0,1.0,3.0,,,,,,,,1.0,24.0
2020,2,11710531,거여1동,48,2.0,,,,2.0,,1.0,,1.0,,,,,1.0,,,,1.0,6.0
2020,2,11710532,거여2동,78,3.0,3.0,,1.0,12.0,1.0,1.0,1.0,,,,,,,,,,,11.0
2020,2,11710540,마천1동,73,4.0,1.0,,,8.0,1.0,1.0,,,,,,,1.0,,,,1.0,15.0
2020,2,11710550,마천2동,93,3.0,2.0,,,14.0,,1.0,,,,,,,,,,,,12.0
2020,2,11710561,방이1동,73,2.0,1.0,,,10.0,2.0,2.0,1.0,1.0,,,,,,,,,1.0,11.0
2020,2,11710562,방이2동,164,3.0,5.0,,,18.0,,1.0,1.0,,,,,,,,,,1.0,13.0
2020,2,11710566,오륜동,74,4.0,6.0,,,6.0,1.0,2.0,2.0,3.0,11.0,,,,,,,,3.0,15.0
2020,2,11710570,오금동,134,5.0,5.0,,,13.0,3.0,3.0,4.0,2.0,,,,,,,,,3.0,27.0
2020,2,11710580,송파1동,102,2.0,4.0,,3.0,14.0,1.0,1.0,,,,,,,,,,,2.0,13.0
2020,2,11710590,송파2동,79,3.0,1.0,,,11.0,3.0,1.0,2.0,3.0,,,,,,,,,,7.0
2020,2,11710600,석촌동,159,3.0,7.0,,2.0,27.0,3.0,2.0,,,,,,,,,,,,20.0
2020,2,11710610,삼전동,118,4.0,2.0,,,14.0,3.0,1.0,1.0,1.0,,,,,1.0,,,,1.0,12.0
2020,2,11710620,가락본동,144,5.0,9.0,1.0,5.0,21.0,1.0,2.0,2.0,,,,,,,,,,,21.0
2020,2,11710631,가락1동,82,2.0,8.0,,,13.0,1.0,1.0,1.0,,,,1.0,,,,,,3.0,16.0
2020,2,11710632,가락2동,143,3.0,6.0,,,17.0,4.0,2.0,1.0,,,,,,,,,,1.0,22.0
2020,2,11710641,문정1동,70,3.0,1.0,,,5.0,1.0,1.0,1.0,,,,,,,,,,,19.0
2020,2,11710642,문정2동,149,10.0,12.0,,1.0,22.0,,1.0,,,,,,2.0,,,,,3.0,14.0
2020,2,11710646,장지동,136,4.0,3.0,,,10.0,1.0,2.0,1.0,3.0,,,,1.0,,,,,1.0,41.0
2020,2,11710647,위례동,84,3.0,1.0,,,5.0,2.0,2.0,1.0,,,,,,,,,,,32.0
2020,2,11710650,잠실본동,192,5.0,9.0,,1.0,24.0,,1.0,,,,,,,,,,,1.0,12.0
2020,2,11710670,잠실2동,91,4.0,6.0,,,14.0,1.0,2.0,2.0,2.0,,,,,,,,,1.0,5.0
2020,2,11710680,잠실3동,103,5.0,9.0,,,11.0,1.0,3.0,,1.0,,,,,,,,,,16.0
2020,2,11710690,잠실4동,74,3.0,3.0,,,10.0,1.0,2.0,,1.0,,,,,,,,,2.0,7.0
2020,2,11710710,잠실6동,144,4.0,17.0,,1.0,23.0,,1.0,1.0,,,,,1.0,,,,,2.0,13.0
2020,2,11710720,잠실7동,30,2.0,4.0,,,4.0,,1.0,2.0,1.0,,,,,,,,,2.0,3.0
2020,2,11740515,강일동,187,5.0,3.0,,,12.0,2.0,2.0,2.0,1.0,,,,,,,,,3.0,79.0
2020,2,11740520,상일동,105,4.0,2.0,1.0,,8.0,4.0,2.0,2.0,5.0,,,,,,,,,,37.0
2020,2,11740530,명일1동,151,5.0,6.0,,2.0,17.0,,1.0,,,,,,,,,,,1.0,22.0
2020,2,11740540,명일2동,107,3.0,6.0,,,18.0,4.0,2.0,,1.0,,,,,,,,,,18.0
2020,2,11740550,고덕1동,92,3.0,,,,4.0,1.0,2.0,1.0,1.0,,,,,,,,,1.0,26.0
2020,2,11740560,고덕2동,78,3.0,1.0,,,9.0,1.0,2.0,1.0,2.0,,,,,,,,,1.0,25.0
2020,2,11740570,암사1동,90,2.0,1.0,,,8.0,1.0,1.0,,,1.0,,1.0,,,,,,,13.0
2020,2,11740580,암사2동,61,1.0,3.0,,,6.0,1.0,2.0,,,,,,,,,,,1.0,6.0
2020,2,11740590,암사3동,50,2.0,1.0,,,5.0,1.0,,2.0,1.0,,,,,,,,,,12.0
2020,2,11740600,천호1동,92,4.0,1.0,,,11.0,,1.0,1.0,1.0,1.0,,,1.0,,,,,1.0,11.0
2020,2,11740610,천호2동,203,4.0,3.0,,1.0,26.0,1.0,1.0,1.0,,,,,,3.0,,,,,22.0
2020,2,11740620,천호3동,115,4.0,3.0,,2.0,14.0,,,1.0,,,,,,1.0,,,,,11.0
2020,2,11740640,성내1동,98,6.0,4.0,,2.0,9.0,1.0,2.0,1.0,,1.0,,,1.0,,,,,,20.0
2020,2,11740650,성내2동,113,2.0,3.0,,4.0,14.0,,,,,,,,1.0,,,,,3.0,16.0
2020,2,11740660,성내3동,136,4.0,5.0,,,13.0,2.0,,,,2.0,,,,,,,,1.0,13.0
2020,2,11740685,길동,242,6.0,10.0,1.0,4.0,34.0,4.0,3.0,1.0,,1.0,,,,,,,,1.0,36.0
2020,2,11740690,둔촌1동,14,,,,,,,2.0,,1.0,,,,,,,,,1.0,6.0
2020,2,11740700,둔촌2동,129,5.0,4.0,1.0,,17.0,2.0,1.0,2.0,1.0,,,,,,,,,1.0,32.0
2020,3,11110515,청운효자동,93,6.0,3.0,,,4.0,1.0,1.0,2.0,2.0,8.0,,,,,,,,,26.0
2020,3,11110530,사직동,206,18.0,24.0,,,15.0,,1.0,,1.0,1.0,,,3.0,,,,,2.0,34.0
2020,3,11110540,삼청동,49,10.0,4.0,,1.0,1.0,,,1.0,1.0,2.0,,,,,,,,,16.0
2020,3,11110550,부암동,84,4.0,2.0,,,1.0,1.0,2.0,1.0,1.0,14.0,,,,,,,,,38.0
2020,3,11110560,평창동,162,6.0,2.0,,1.0,5.0,1.0,,,1.0,2.0,,,,,,,,,91.0
2020,3,11110570,무악동,42,2.0,1.0,1.0,,4.0,1.0,1.0,,,,,,,,,,,1.0,7.0
2020,3,11110580,교남동,78,4.0,3.0,2.0,,17.0,,,,1.0,1.0,,,,,,,,,26.0
2020,3,11110600,가회동,63,5.0,3.0,,,1.0,1.0,1.0,1.0,2.0,1.0,,,,,,,,,22.0
2020,3,11110615,종로1?2?3?4가동,500,19.0,35.0,,,47.0,1.0,2.0,,,4.0,,1.0,5.0,17.0,,,,5.0,72.0
2020,3,11110630,종로5?6가동,212,7.0,8.0,,,31.0,,1.0,,,1.0,,4.0,,3.0,,,,1.0,23.0
2020,3,11110640,이화동,119,4.0,4.0,1.0,,11.0,,,2.0,,37.0,,,,,,,,1.0,28.0
2020,3,11110650,혜화동,145,6.0,5.0,,,16.0,3.0,1.0,1.0,4.0,26.0,,,1.0,,,,,,36.0
2020,3,11110670,창신1동,111,3.0,4.0,,,9.0,,2.0,,,,,1.0,,7.0,,,,2.0,11.0
2020,3,11110680,창신2동,38,2.0,1.0,,,5.0,,,,,,,,,,,,,,
2020,3,11110690,창신3동,24,3.0,,,,1.0,,1.0,,1.0,,,,,,,,,1.0,5.0
2020,3,11110700,숭인1동,43,3.0,1.0,,,3.0,1.0,,,,,,,,,,,,,14.0
2020,3,11110710,숭인2동,89,4.0,3.0,,1.0,4.0,,,,,,,2.0,,3.0,,,,2.0,6.0
2020,3,11140520,소공동,231,13.0,29.0,,,10.0,,1.0,4.0,3.0,,1.0,,3.0,3.0,,,,3.0,37.0
2020,3,11140540,회현동,211,9.0,17.0,,,16.0,1.0,,,,2.0,,2.0,1.0,2.0,,,,6.0,35.0
2020,3,11140550,명동,542,20.0,46.0,,,35.0,,1.0,,,4.0,,,3.0,12.0,,,,1.0,29.0
2020,3,11140570,필동,123,6.0,9.0,1.0,,7.0,,2.0,,1.0,19.0,,,2.0,1.0,,,,2.0,15.0
2020,3,11140580,장충동,63,6.0,2.0,,,1.0,,1.0,,,3.0,,,1.0,2.0,,,,1.0,13.0
2020,3,11140590,광희동,185,3.0,16.0,1.0,,14.0,,,1.0,,,,1.0,3.0,11.0,,,,3.0,19.0
2020,3,11140605,을지로동,145,5.0,10.0,,,13.0,,,,,,,1.0,2.0,3.0,,,,4.0,20.0
2020,3,11140615,신당동,99,7.0,5.0,,1.0,12.0,,1.0,1.0,3.0,,,3.0,,1.0,,,,2.0,8.0
2020,3,11140625,다산동,86,3.0,4.0,,1.0,9.0,,1.0,1.0,1.0,,,,,1.0,,,,1.0,7.0
2020,3,11140635,약수동,87,4.0,2.0,,1.0,12.0,2.0,,,,,,,,,,,,2.0,12.0
2020,3,11140645,청구동,34,2.0,,,,3.0,1.0,2.0,1.0,1.0,,,,,,,,,,5.0
2020,3,11140650,신당5동,65,4.0,2.0,,,5.0,,1.0,,2.0,,,,,,,,,,12.0
2020,3,11140665,동화동,47,3.0,1.0,,,5.0,,1.0,1.0,,,,,,,,,,2.0,4.0
2020,3,11140670,황학동,76,1.0,6.0,,,10.0,,,,,,,,,7.0,,,,,6.0
2020,3,11140680,중림동,77,3.0,2.0,,,7.0,,1.0,,2.0,1.0,,,,5.0,,,,,14.0
2020,3,11170510,후암동,80,6.0,1.0,,,7.0,1.0,2.0,,1.0,,,2.0,,,,,,,18.0
2020,3,11170520,용산2가동,63,3.0,,,,4.0,,1.0,2.0,2.0,,,,,,,,,1.0,29.0
2020,3,11170530,남영동,147,7.0,5.0,,,14.0,,,1.0,,,,,,12.0,,,,3.0,26.0
2020,3,11170555,청파동,128,7.0,2.0,,1.0,11.0,,2.0,2.0,4.0,22.0,,1.0,,1.0,,,,,35.0
2020,3,11170560,원효로1동,94,6.0,3.0,,,6.0,1.0,1.0,,,3.0,,4.0,,,,,,,31.0
2020,3,11170570,원효로2동,69,4.0,2.0,,,4.0,2.0,1.0,1.0,1.0,,,2.0,,,,,,,27.0
2020,3,11170580,효창동,66,1.0,1.0,,,5.0,,1.0,,1.0,1.0,,,,,,,,2.0,22.0
2020,3,11170590,용문동,54,1.0,,,,3.0,,,,,,,,,,,,,,22.0
2020,3,11170625,한강로동,242,19.0,19.0,,,21.0,,2.0,,1.0,,,5.0,3.0,2.0,,,,7.0,41.0
2020,3,11170630,이촌1동,102,4.0,9.0,,1.0,12.0,2.0,1.0,1.0,1.0,,,1.0,,,,,,,14.0
2020,3,11170640,이촌2동,26,2.0,,,,1.0,,,,,,,,,,,,,,11.0
2020,3,11170650,이태원1동,71,8.0,5.0,,,3.0,,1.0,,,,,3.0,,,,,,1.0,14.0
2020,3,11170660,이태원2동,60,8.0,5.0,,,3.0,1.0,1.0,,1.0,,,,,,,,,,22.0
2020,3,11170685,한남동,171,30.0,11.0,1.0,,13.0,3.0,1.0,,,,,3.0,,,,,,2.0,36.0
2020,3,11170690,서빙고동,61,15.0,1.0,,,1.0,,1.0,1.0,,,,,,,,,,1.0,21.0
2020,3,11170700,보광동,70,4.0,1.0,,,8.0,1.0,,1.0,1.0,6.0,,,,,,,,,14.0
2020,3,11200520,왕십리2동,63,2.0,,,,5.0,1.0,1.0,,,,,,,,,,,1.0,18.0
2020,3,11200535,왕십리도선동,189,4.0,4.0,,2.0,20.0,2.0,2.0,,2.0,,,,,,,,,,26.0
2020,3,11200540,마장동,111,6.0,5.0,,,8.0,2.0,2.0,2.0,,,,,,,,,,1.0,29.0
2020,3,11200550,사근동,128,5.0,3.0,1.0,,10.0,,2.0,1.0,2.0,52.0,,1.0,,,,,,2.0,34.0
2020,3,11200560,행당1동,130,9.0,4.0,,2.0,13.0,1.0,1.0,,,,,1.0,1.0,,,,,4.0,30.0
2020,3,11200570,행당2동,79,2.0,2.0,,,4.0,1.0,1.0,1.0,1.0,,,,,,,,,1.0,24.0
2020,3,11200580,응봉동,56,3.0,,,,2.0,,1.0,1.0,,,,,,,,,,1.0,30.0
2020,3,11200590,금호1가동,88,2.0,,,,6.0,1.0,1.0,,1.0,,,,,,,,,1.0,45.0
2020,3,11200615,금호2?3가동,135,3.0,2.0,,,13.0,,1.0,,,,,,,,,,,,46.0
2020,3,11200620,금호4가동,84,3.0,3.0,,,6.0,1.0,2.0,,,,,,,,,,,1.0,27.0
2020,3,11200645,옥수동,129,4.0,2.0,,,10.0,2.0,2.0,1.0,1.0,,,,,,,,,2.0,45.0
2020,3,11200650,성수1가1동,83,4.0,2.0,,,4.0,1.0,2.0,1.0,1.0,,,,1.0,,,,,1.0,33.0
2020,3,11200660,성수1가2동,79,3.0,6.0,,,6.0,,,1.0,1.0,1.0,,,,,,,,1.0,12.0
2020,3,11200670,성수2가1동,109,3.0,3.0,,,13.0,,1.0,2.0,1.0,,,2.0,,1.0,,,,,38.0
2020,3,11200690,성수2가3동,104,3.0,16.0,,,11.0,,2.0,,,,,,1.0,,,,,1.0,20.0
2020,3,11200720,송정동,44,2.0,,,1.0,5.0,,1.0,,,,,,,,,,,,17.0
2020,3,11200790,용답동,82,7.0,2.0,,,8.0,,1.0,,,,,1.0,,,,,,2.0,11.0
2020,3,11215710,화양동,167,3.0,5.0,1.0,,17.0,,2.0,2.0,1.0,34.0,,,1.0,,,,,2.0,16.0
2020,3,11215730,군자동,135,5.0,5.0,,1.0,12.0,1.0,2.0,,,20.0,,,1.0,,,,,,23.0
2020,3,11215740,중곡1동,74,2.0,,,,10.0,1.0,,,,,,1.0,,,,,,,19.0
2020,3,11215750,중곡2동,104,2.0,4.0,,,14.0,1.0,1.0,,,,,,,,,,,2.0,21.0
2020,3,11215760,중곡3동,97,3.0,1.0,,1.0,9.0,,2.0,,,,,1.0,,,,,,1.0,29.0
2020,3,11215770,중곡4동,105,2.0,2.0,,,7.0,,1.0,1.0,2.0,,,,,,,,,,37.0
2020,3,11215780,능동,47,4.0,,,1.0,5.0,,1.0,,1.0,,,,,,,,,1.0,5.0
2020,3,11215810,광장동,139,5.0,9.0,,,9.0,3.0,3.0,3.0,1.0,11.0,,,,,,,,1.0,32.0
2020,3,11215820,자양1동,106,3.0,4.0,1.0,,14.0,1.0,1.0,,,2.0,,,,,,,,,17.0
2020,3,11215830,자양2동,95,2.0,1.0,,,8.0,2.0,4.0,2.0,1.0,,,1.0,,,,,,,21.0
2020,3,11215840,자양3동,105,2.0,6.0,,,8.0,2.0,2.0,1.0,1.0,1.0,1.0,,1.0,,,,,,30.0
2020,3,11215847,자양4동,106,5.0,2.0,,1.0,15.0,1.0,,1.0,,,,1.0,1.0,,,,,1.0,16.0
2020,3,11215850,구의1동,77,2.0,4.0,,,9.0,1.0,,1.0,1.0,,,,,,,,,1.0,16.0
2020,3,11215860,구의2동,112,3.0,2.0,,1.0,9.0,3.0,2.0,,,1.0,,,,,,,,1.0,24.0
2020,3,11215870,구의3동,133,5.0,4.0,,,16.0,2.0,1.0,,,,,1.0,1.0,,,,1.0,1.0,25.0
2020,3,11230536,용신동,231,10.0,8.0,1.0,4.0,20.0,1.0,1.0,1.0,1.0,,,1.0,,5.0,,,,5.0,41.0
2020,3,11230545,제기동,288,4.0,5.0,,1.0,22.0,2.0,2.0,2.0,1.0,1.0,,3.0,,14.0,,,,1.0,30.0
2020,3,11230560,전농1동,152,5.0,2.0,,1.0,13.0,3.0,1.0,1.0,1.0,,,,1.0,5.0,,,,3.0,35.0
2020,3,11230570,전농2동,102,2.0,2.0,,,12.0,3.0,3.0,2.0,1.0,27.0,,,,,,,,,15.0
2020,3,11230600,답십리1동,124,4.0,5.0,,,9.0,,2.0,1.0,,,,,,,,,,,25.0
2020,3,11230610,답십리2동,108,3.0,2.0,,2.0,13.0,3.0,1.0,,,,,3.0,,,,,,,19.0
2020,3,11230650,장안1동,192,5.0,11.0,,4.0,26.0,2.0,2.0,2.0,,,,,,,,,,1.0,43.0
2020,3,11230660,장안2동,168,3.0,2.0,,2.0,21.0,1.0,2.0,,1.0,1.0,,,1.0,1.0,,,,,38.0
2020,3,11230705,청량리동,154,9.0,4.0,1.0,,16.0,2.0,1.0,1.0,1.0,1.0,,,,2.0,,,,,34.0
2020,3,11230710,회기동,84,3.0,5.0,1.0,,10.0,1.0,3.0,1.0,1.0,14.0,,,,,,,,,10.0
2020,3,11230720,휘경1동,82,2.0,1.0,,,12.0,,,,,,,,,1.0,,,,3.0,18.0
2020,3,11230730,휘경2동,84,5.0,1.0,1.0,,5.0,1.0,2.0,3.0,3.0,4.0,,,,,,,,,27.0
2020,3,11230740,이문1동,147,5.0,2.0,,,13.0,3.0,,,2.0,30.0,,,,,,,,1.0,26.0
2020,3,11230750,이문2동,71,2.0,,,,6.0,1.0,1.0,,,2.0,,,,,,,,1.0,17.0
2020,3,11260520,면목2동,112,3.0,,,1.0,11.0,2.0,2.0,,,,,8.0,,1.0,,,,,25.0
2020,3,11260540,면목4동,61,2.0,,,,5.0,1.0,1.0,1.0,,,,,,,,,,1.0,15.0
2020,3,11260550,면목5동,42,2.0,1.0,,,3.0,,,,,,,4.0,,,,,,,13.0
2020,3,11260565,면목본동,168,4.0,2.0,,,18.0,1.0,2.0,,,,,13.0,,1.0,,,,1.0,30.0
2020,3,11260570,면목7동,108,2.0,2.0,,1.0,11.0,,1.0,,,,,1.0,,,,,,,18.0
2020,3,11260575,면목3?8동,150,4.0,1.0,1.0,,17.0,1.0,2.0,2.0,1.0,8.0,,,,1.0,,,,1.0,34.0
2020,3,11260580,상봉1동,78,3.0,1.0,,1.0,8.0,2.0,1.0,2.0,1.0,,,,,,,,,4.0,12.0
2020,3,11260590,상봉2동,127,4.0,3.0,,1.0,10.0,,,,,,,,2.0,2.0,,,1.0,1.0,18.0
2020,3,11260600,중화1동,79,2.0,1.0,,1.0,7.0,1.0,2.0,2.0,1.0,,,,,,,,,,14.0
2020,3,11260610,중화2동,123,2.0,3.0,,,14.0,,,,,,,2.0,,,,,,3.0,32.0
2020,3,11260620,묵1동,144,4.0,2.0,,2.0,11.0,2.0,1.0,2.0,2.0,,,,,,,,,,34.0
2020,3,11260630,묵2동,92,3.0,4.0,,,7.0,,2.0,,,,,,1.0,,,,,1.0,19.0
2020,3,11260655,망우본동,238,9.0,4.0,1.0,4.0,25.0,1.0,2.0,3.0,4.0,,,9.0,,2.0,,,,2.0,54.0
2020,3,11260660,망우3동,54,1.0,1.0,,1.0,3.0,,2.0,,1.0,,,3.0,,,,,,,11.0
2020,3,11260680,신내1동,160,3.0,2.0,1.0,,13.0,2.0,2.0,,,,,,,,,,,1.0,53.0
2020,3,11260690,신내2동,104,6.0,3.0,,,12.0,3.0,4.0,,,,,,,,,,,,21.0
2020,3,11290525,성북동,166,6.0,4.0,,,6.0,2.0,1.0,3.0,2.0,5.0,,,,,,,,,55.0
2020,3,11290555,삼선동,163,7.0,5.0,,,14.0,,1.0,1.0,2.0,14.0,,,,,,,,2.0,46.0
2020,3,11290575,동선동,146,1.0,4.0,,1.0,13.0,1.0,2.0,2.0,1.0,12.0,,,1.0,,,,,1.0,19.0
2020,3,11290580,돈암1동,42,1.0,,,,2.0,2.0,2.0,2.0,1.0,,,,,,,,,,15.0
2020,3,11290590,돈암2동,88,4.0,2.0,,,4.0,6.0,1.0,,,,,,1.0,,,,,,38.0
2020,3,11290600,안암동,167,4.0,6.0,1.0,1.0,10.0,,1.0,1.0,1.0,71.0,,,,,,,,1.0,35.0
2020,3,11290610,보문동,77,4.0,4.0,,,6.0,,2.0,,,,,,,1.0,,,,2.0,10.0
2020,3,11290620,정릉1동,63,2.0,,,,6.0,2.0,,,,1.0,,,,,,,,,19.0
2020,3,11290630,정릉2동,110,4.0,3.0,,,6.0,1.0,2.0,,,,,,,,,,,1.0,50.0
2020,3,11290640,정릉3동,124,4.0,1.0,,,2.0,,1.0,3.0,1.0,28.0,,,,,,,,,38.0
2020,3,11290650,정릉4동,133,7.0,3.0,,,12.0,2.0,1.0,,2.0,11.0,,,,,,,,1.0,40.0
2020,3,11290660,길음1동,129,3.0,4.0,,,10.0,2.0,3.0,1.0,1.0,,,1.0,,,,,,1.0,26.0
2020,3,11290685,길음2동,112,5.0,,,3.0,14.0,,,,,,,,,,,,,,23.0
2020,3,11290705,종암동,189,7.0,2.0,,1.0,17.0,3.0,2.0,2.0,1.0,2.0,,,,,,,,,56.0
2020,3,11290715,월곡1동,108,2.0,3.0,,,10.0,,2.0,1.0,1.0,,,,,1.0,,,,,30.0
2020,3,11290725,월곡2동,135,6.0,4.0,,,12.0,2.0,,1.0,,12.0,,,,,,,,2.0,34.0
2020,3,11290760,장위1동,103,4.0,1.0,,,8.0,6.0,1.0,1.0,,,,,,,,,,,37.0
2020,3,11290770,장위2동,89,3.0,2.0,,,11.0,1.0,3.0,,,,,,,,,,,1.0,27.0
2020,3,11290780,장위3동,82,1.0,,,,5.0,1.0,2.0,1.0,,1.0,,1.0,,,,,,,39.0
2020,3,11290810,석관동,154,6.0,3.0,,,16.0,2.0,2.0,1.0,1.0,,,1.0,,2.0,,,,2.0,32.0
2020,3,11305534,삼양동,165,4.0,1.0,,,14.0,3.0,2.0,,1.0,,,,,,,,,3.0,34.0
2020,3,11305535,미아동,144,3.0,3.0,,1.0,14.0,,,,1.0,4.0,,,,,,,,1.0,28.0
2020,3,11305545,송중동,212,4.0,1.0,,2.0,18.0,4.0,2.0,,1.0,2.0,1.0,,1.0,,,,,,69.0
2020,3,11305555,송천동,164,9.0,5.0,,1.0,17.0,,1.0,2.0,2.0,,,2.0,,,,,,1.0,24.0
2020,3,11305575,삼각산동,114,2.0,1.0,,,9.0,1.0,,1.0,1.0,1.0,,,,,,,,,36.0
2020,3,11305595,번1동,136,3.0,3.0,,1.0,14.0,1.0,1.0,1.0,,,,,1.0,,,,,,30.0
2020,3,11305603,번2동,110,5.0,,,,7.0,1.0,,1.0,,,,,,1.0,,,,,54.0
2020,3,11305608,번3동,95,3.0,1.0,,,8.0,,2.0,,,,,,,,,,,,37.0
2020,3,11305615,수유1동,153,4.0,2.0,,,12.0,,2.0,3.0,1.0,,,1.0,,,,,,1.0,40.0
2020,3,11305625,수유2동,85,3.0,,,,12.0,3.0,,,,,,,,,,,,1.0,15.0
2020,3,11305635,수유3동,158,4.0,6.0,,1.0,16.0,,,1.0,,,,,1.0,,,,,1.0,30.0
2020,3,11305645,우이동,132,2.0,,,,7.0,1.0,,1.0,,2.0,,,,,,,,3.0,54.0
2020,3,11305660,인수동,175,13.0,2.0,1.0,2.0,14.0,2.0,2.0,2.0,,5.0,,1.0,,,,,,,57.0
2020,3,11320511,창1동,94,3.0,2.0,,,7.0,1.0,1.0,2.0,1.0,,,,,,,,,1.0,28.0
2020,3,11320512,창2동,95,3.0,,,1.0,8.0,1.0,1.0,,,,,,,,,,,,44.0
2020,3,11320513,창3동,66,1.0,,,,7.0,1.0,2.0,,,,,1.0,,,,,,,25.0
2020,3,11320514,창4동,130,7.0,4.0,,,8.0,1.0,2.0,1.0,2.0,,,,,,,,,,51.0
2020,3,11320515,창5동,119,7.0,3.0,,3.0,12.0,1.0,3.0,,,,,,2.0,,,,,2.0,24.0
2020,3,11320521,도봉1동,122,4.0,1.0,,,9.0,2.0,2.0,1.0,1.0,2.0,,1.0,,,,,,,38.0
2020,3,11320522,도봉2동,127,8.0,3.0,,,7.0,1.0,1.0,1.0,1.0,1.0,,,,1.0,,,,3.0,49.0
2020,3,11320660,쌍문1동,126,6.0,1.0,,1.0,4.0,1.0,3.0,,1.0,17.0,,,,,,,,,54.0
2020,3,11320670,쌍문2동,87,3.0,1.0,,1.0,10.0,1.0,1.0,1.0,,,,,,2.0,,,,,19.0
2020,3,11320680,쌍문3동,78,3.0,3.0,1.0,,12.0,,,1.0,,,,,,1.0,,,,1.0,17.0
2020,3,11320681,쌍문4동,64,1.0,,,,4.0,5.0,2.0,2.0,3.0,,,,,,,,,,23.0
2020,3,11320690,방학1동,148,6.0,6.0,,2.0,15.0,2.0,1.0,1.0,1.0,,,,,,,,,1.0,39.0
2020,3,11320700,방학2동,64,3.0,,,,7.0,,1.0,1.0,,,,,,,,,,,23.0
2020,3,11320710,방학3동,112,3.0,3.0,,,6.0,3.0,3.0,1.0,,,,,,,,,,,47.0
2020,3,11350560,월계1동,159,4.0,2.0,,,10.0,2.0,1.0,1.0,1.0,17.0,,,,,,,,,59.0
2020,3,11350570,월계2동,136,4.0,,,,5.0,3.0,2.0,3.0,4.0,11.0,,,,,,,,1.0,64.0
2020,3,11350580,월계3동,135,5.0,3.0,,,8.0,4.0,3.0,1.0,,,,,,,,,,2.0,47.0
2020,3,11350595,공릉1동,211,4.0,6.0,,4.0,21.0,3.0,3.0,,,1.0,,1.0,,,,,,3.0,54.0
2020,3,11350600,공릉2동,271,7.0,6.0,1.0,,14.0,3.0,4.0,4.0,2.0,64.0,,1.0,,,,,,1.0,63.0
2020,3,11350611,하계1동,133,4.0,3.0,1.0,,9.0,1.0,1.0,2.0,4.0,16.0,,,,,,,,,41.0
2020,3,11350612,하계2동,67,2.0,1.0,,,4.0,2.0,2.0,1.0,,,,,,,,,,1.0,28.0
2020,3,11350619,중계본동,95,5.0,2.0,,,7.0,3.0,2.0,,3.0,,,,,,,,,,21.0
2020,3,11350621,중계1동,85,2.0,3.0,,,7.0,,2.0,1.0,2.0,,,,,,,,,,18.0
2020,3,11350624,중계4동,81,2.0,3.0,,,14.0,1.0,1.0,3.0,2.0,,,,,,,,,,6.0
2020,3,11350625,중계2?3동,142,7.0,2.0,,,10.0,4.0,4.0,1.0,3.0,,,,2.0,,,,,1.0,39.0
2020,3,11350630,상계1동,190,5.0,2.0,,,14.0,3.0,3.0,2.0,1.0,,,,1.0,,,,,1.0,38.0
2020,3,11350640,상계2동,182,2.0,1.0,,2.0,19.0,1.0,1.0,1.0,,,,,1.0,,,,,2.0,33.0
2020,3,11350665,상계3?4동,107,4.0,1.0,,,9.0,3.0,2.0,,,1.0,,,,2.0,,,,1.0,11.0
2020,3,11350670,상계5동,105,2.0,1.0,,,11.0,,1.0,,,,,,,3.0,,,,1.0,36.0
2020,3,11350695,상계6?7동,253,9.0,11.0,1.0,1.0,29.0,,3.0,2.0,1.0,4.0,,,1.0,,,,,,40.0
2020,3,11350700,상계8동,92,3.0,3.0,,,7.0,,,1.0,,,,,,,,,,1.0,15.0
2020,3,11350710,상계9동,78,3.0,4.0,,,6.0,1.0,3.0,2.0,2.0,,,,,,,,,,18.0
2020,3,11350720,상계10동,64,3.0,,,,1.0,1.0,2.0,1.0,1.0,,,,,,,,,,30.0
2020,3,11380510,녹번동,148,8.0,3.0,,2.0,12.0,1.0,3.0,,,,,1.0,1.0,,,,,2.0,35.0
2020,3,11380520,불광1동,198,6.0,4.0,,1.0,17.0,4.0,2.0,,,,,,1.0,,,,,3.0,49.0
2020,3,11380530,불광2동,113,6.0,1.0,,,5.0,,3.0,3.0,1.0,,,3.0,,,,,,,32.0
2020,3,11380551,갈현1동,133,2.0,2.0,1.0,,13.0,1.0,,,,,,,,,,,,2.0,48.0
2020,3,11380552,갈현2동,121,3.0,1.0,,1.0,15.0,5.0,2.0,1.0,5.0,,,,,,,,,1.0,34.0
2020,3,11380560,구산동,127,3.0,,,1.0,8.0,3.0,3.0,2.0,3.0,,,,,,,,,,38.0
2020,3,11380570,대조동,205,3.0,5.0,,1.0,24.0,,2.0,,2.0,,,,1.0,,,,,,32.0
2020,3,11380580,응암1동,133,5.0,5.0,,1.0,20.0,1.0,1.0,1.0,1.0,,,,,,,,,,27.0
2020,3,11380590,응암2동,91,3.0,1.0,,1.0,10.0,2.0,1.0,,,,,,,,,,,,37.0
2020,3,11380600,응암3동,138,3.0,3.0,,1.0,16.0,1.0,1.0,2.0,1.0,,,2.0,,,,,,,31.0
2020,3,11380625,역촌동,176,5.0,5.0,,2.0,18.0,2.0,1.0,,,,,,,,,,,,51.0
2020,3,11380631,신사1동,94,3.0,,,,8.0,3.0,,1.0,,5.0,,,,,,,,1.0,22.0
2020,3,11380632,신사2동,82,4.0,,,,5.0,,3.0,1.0,1.0,,,,,,,,,1.0,35.0
2020,3,11380640,증산동,83,3.0,,,,8.0,1.0,1.0,2.0,,,,2.0,,,,,,1.0,16.0
2020,3,11380650,수색동,60,5.0,2.0,,,5.0,1.0,1.0,,,,,2.0,,,,,,1.0,22.0
2020,3,11380690,진관동,242,6.0,6.0,,,22.0,6.0,6.0,2.0,4.0,,,,1.0,,,,,1.0,81.0
2020,3,11410520,천연동,127,4.0,1.0,,,4.0,,1.0,1.0,1.0,11.0,,,,1.0,,,,,44.0
2020,3,11410555,북아현동,76,2.0,2.0,,1.0,7.0,1.0,1.0,,1.0,,,,,,,,,,17.0
2020,3,11410565,충현동,184,9.0,8.0,,,7.0,1.0,3.0,1.0,2.0,24.0,,,,,,,,3.0,58.0
2020,3,11410585,신촌동,368,6.0,10.0,1.0,,22.0,1.0,3.0,1.0,1.0,109.0,1.0,,4.0,3.0,,,,2.0,60.0
2020,3,11410615,연희동,201,7.0,7.0,,1.0,16.0,,1.0,3.0,1.0,13.0,,,1.0,1.0,,,,,70.0
2020,3,11410620,홍제1동,135,3.0,2.0,,,10.0,2.0,2.0,,,1.0,,,,1.0,,,,1.0,40.0
2020,3,11410640,홍제3동,129,3.0,3.0,,2.0,14.0,1.0,2.0,1.0,,3.0,,4.0,,6.0,,,,1.0,46.0
2020,3,11410655,홍제2동,56,1.0,,,,6.0,3.0,,,,,,,,1.0,,,,,15.0
2020,3,11410660,홍은1동,86,3.0,,,,7.0,1.0,1.0,,,,,,,1.0,,,,,32.0
2020,3,11410685,홍은2동,161,4.0,2.0,1.0,,8.0,,2.0,3.0,1.0,12.0,,,,,,,,,83.0
2020,3,11410690,남가좌1동,94,2.0,3.0,,1.0,9.0,,1.0,,,,,1.0,,1.0,,,,1.0,20.0
2020,3,11410700,남가좌2동,117,4.0,4.0,,,12.0,4.0,1.0,1.0,,8.0,,,,,,,,,24.0
2020,3,11410710,북가좌1동,60,1.0,2.0,,,5.0,2.0,1.0,1.0,1.0,,,,,,,,,,13.0
2020,3,11410720,북가좌2동,115,3.0,3.0,,,12.0,2.0,,,,,,,,,,,,,39.0
2020,3,11440555,아현동,145,5.0,8.0,,,16.0,1.0,1.0,1.0,1.0,,,,,1.0,,,,2.0,23.0
2020,3,11440565,공덕동,172,7.0,9.0,,,21.0,1.0,3.0,,,,,2.0,,,,,,4.0,39.0
2020,3,11440585,도화동,144,4.0,7.0,,,15.0,2.0,1.0,,,,,,1.0,1.0,,,,1.0,38.0
2020,3,11440590,용강동,90,7.0,6.0,,1.0,10.0,2.0,1.0,,,,,,,,,,,1.0,24.0
2020,3,11440600,대흥동,209,5.0,5.0,,,18.0,,3.0,1.0,1.0,27.0,,,,3.0,,,,3.0,38.0
2020,3,11440610,염리동,52,3.0,1.0,,,3.0,1.0,1.0,2.0,3.0,,,,,2.0,,,,,10.0
2020,3,11440630,신수동,76,4.0,1.0,,1.0,5.0,1.0,1.0,1.0,1.0,,,,,,,,,,24.0
2020,3,11440655,서강동,156,6.0,4.0,,,7.0,1.0,1.0,,,20.0,,,,,,,,2.0,64.0
2020,3,11440660,서교동,358,13.0,22.0,,,31.0,1.0,1.0,,,2.0,,,5.0,3.0,,,,7.0,88.0
2020,3,11440680,합정동,109,4.0,3.0,,,10.0,1.0,1.0,1.0,,,,,,,,,,,32.0
2020,3,11440690,망원1동,95,2.0,2.0,,,11.0,,,,,,,,,1.0,,,,,23.0
2020,3,11440700,망원2동,83,4.0,1.0,,,6.0,1.0,2.0,,,,,,,,,,,,33.0
2020,3,11440710,연남동,52,2.0,1.0,,,2.0,1.0,,1.0,2.0,,,,,,,,,,23.0
2020,3,11440720,성산1동,86,4.0,2.0,,,5.0,1.0,2.0,2.0,1.0,1.0,,,,1.0,,,,,29.0
2020,3,11440730,성산2동,158,6.0,3.0,,,13.0,2.0,3.0,2.0,,,,1.0,1.0,,,,,2.0,47.0
2020,3,11440740,상암동,247,10.0,11.0,,,14.0,3.0,3.0,1.0,1.0,,,1.0,,,,,,4.0,104.0
2020,3,11470510,목1동,190,5.0,12.0,,1.0,21.0,1.0,1.0,1.0,1.0,2.0,,,2.0,,,,,2.0,29.0
2020,3,11470520,목2동,97,3.0,2.0,,1.0,13.0,3.0,1.0,,,,,,,1.0,,,,1.0,18.0
2020,3,11470530,목3동,96,3.0,4.0,,,11.0,1.0,,1.0,,,,,,,,,,,7.0
2020,3,11470540,목4동,84,3.0,3.0,,,9.0,1.0,1.0,1.0,1.0,,,,,,,,,,14.0
2020,3,11470550,목5동,143,8.0,9.0,1.0,,12.0,4.0,3.0,2.0,2.0,,,,,,,,,,52.0
2020,3,11470560,신월1동,71,3.0,3.0,,,12.0,1.0,,,,,,,,,,,,,9.0
2020,3,11470570,신월2동,65,3.0,1.0,,,6.0,1.0,2.0,2.0,,,,,,,,,,,12.0
2020,3,11470580,신월3동,70,2.0,1.0,,,7.0,1.0,1.0,2.0,3.0,,,,,,,,,,8.0
2020,3,11470590,신월4동,63,2.0,1.0,,,6.0,3.0,1.0,,,,,,,,,,,,11.0
2020,3,11470600,신월5동,54,3.0,,,1.0,3.0,2.0,1.0,2.0,,,,,,,,,,,12.0
2020,3,11470610,신월6동,47,1.0,2.0,,1.0,5.0,1.0,1.0,1.0,,,,,,,,,,,15.0
2020,3,11470611,신월7동,74,6.0,1.0,,,10.0,2.0,,1.0,,,,,,,,,,,21.0
2020,3,11470620,신정1동,94,7.0,3.0,,,9.0,2.0,2.0,1.0,,,,,,,,,,,26.0
2020,3,11470630,신정2동,71,3.0,1.0,,,7.0,1.0,2.0,1.0,,,,,,,,,,,20.0
2020,3,11470640,신정3동,203,4.0,1.0,,,15.0,1.0,3.0,1.0,4.0,,,,,,,,,1.0,81.0
2020,3,11470650,신정4동,161,3.0,8.0,1.0,1.0,16.0,3.0,2.0,,2.0,,,,,,,,,1.0,18.0
2020,3,11470670,신정6동,72,7.0,6.0,,,2.0,2.0,,1.0,1.0,,,,,,,,,,31.0
2020,3,11470680,신정7동,107,3.0,2.0,,,8.0,3.0,3.0,1.0,1.0,,,,,,,,,1.0,30.0
2020,3,11500510,염창동,147,5.0,3.0,,1.0,15.0,,2.0,2.0,,,,,,,,,,2.0,35.0
2020,3,11500520,등촌1동,95,1.0,5.0,,1.0,10.0,,1.0,,,,,,1.0,,,,,,20.0
2020,3,11500530,등촌2동,58,3.0,,,1.0,6.0,2.0,2.0,2.0,2.0,,,,,,,,,,8.0
2020,3,11500535,등촌3동,184,6.0,3.0,1.0,2.0,18.0,2.0,5.0,2.0,4.0,,,,1.0,,,,,,55.0
2020,3,11500540,화곡1동,226,3.0,2.0,,2.0,26.0,,2.0,1.0,,,,,1.0,,,,,2.0,27.0
2020,3,11500550,화곡2동,65,2.0,,,,3.0,2.0,1.0,,,,,,,,,,,,30.0
2020,3,11500560,화곡3동,87,4.0,3.0,,,8.0,2.0,,,,,,,,,,,,,12.0
2020,3,11500570,화곡4동,101,4.0,2.0,,,14.0,3.0,1.0,,2.0,,,,,,,,,,30.0
2020,3,11500590,화곡본동,145,3.0,,,1.0,11.0,1.0,2.0,,,,,,,,,,,,31.0
2020,3,11500591,화곡6동,118,7.0,5.0,,,8.0,2.0,1.0,,,9.0,,,,,,,,,29.0
2020,3,11500593,화곡8동,95,2.0,3.0,,,8.0,1.0,,,,,,,,,,,,1.0,33.0
2020,3,11500603,가양1동,279,5.0,13.0,,,20.0,3.0,1.0,1.0,1.0,,,,1.0,2.0,,,,5.0,69.0
2020,3,11500604,가양2동,75,4.0,3.0,,,7.0,3.0,1.0,1.0,1.0,,,,,,,,,1.0,14.0
2020,3,11500605,가양3동,52,3.0,,,,4.0,3.0,2.0,1.0,1.0,,,,,,,,,1.0,13.0
2020,3,11500611,발산1동,246,3.0,9.0,1.0,2.0,33.0,2.0,3.0,4.0,8.0,,,1.0,,,,,,,63.0
2020,3,11500615,우장산동,158,4.0,4.0,,3.0,12.0,3.0,2.0,,,5.0,,,,,,,,1.0,33.0
2020,3,11500620,공항동,176,6.0,7.0,1.0,,11.0,1.0,2.0,2.0,,4.0,,,,,21.0,,,2.0,39.0
2020,3,11500630,방화1동,200,2.0,3.0,,2.0,21.0,4.0,3.0,1.0,3.0,,,,,1.0,,,,1.0,46.0
2020,3,11500640,방화2동,124,4.0,,,,7.0,3.0,1.0,1.0,,,,2.0,1.0,,4.0,,,5.0,37.0
2020,3,11500641,방화3동,83,5.0,1.0,,,5.0,2.0,3.0,2.0,1.0,1.0,,,,,,,,1.0,22.0
2020,3,11530510,신도림동,168,5.0,4.0,,,12.0,2.0,1.0,1.0,1.0,1.0,,2.0,1.0,1.0,,,,3.0,43.0
2020,3,11530520,구로1동,88,4.0,1.0,,,5.0,3.0,1.0,1.0,1.0,,,4.0,,,,,,,25.0
2020,3,11530530,구로2동,197,6.0,12.0,1.0,1.0,21.0,1.0,1.0,,1.0,,,7.0,,16.0,,,,1.0,48.0
2020,3,11530540,구로3동,187,7.0,18.0,,,15.0,1.0,2.0,1.0,,,,,,5.0,,,,2.0,47.0
2020,3,11530550,구로4동,139,5.0,3.0,,,15.0,2.0,1.0,1.0,,,,1.0,,19.0,,,,,13.0
2020,3,11530560,구로5동,167,5.0,4.0,,2.0,18.0,,3.0,1.0,1.0,2.0,1.0,,3.0,,,,,1.0,49.0
2020,3,11530595,가리봉동,74,,,,,6.0,,1.0,,1.0,,,,,23.0,,,,,8.0
2020,3,11530720,고척1동,135,5.0,4.0,1.0,1.0,9.0,,3.0,1.0,1.0,12.0,,8.0,,4.0,,,,,31.0
2020,3,11530730,고척2동,128,5.0,2.0,,1.0,11.0,,2.0,1.0,1.0,,,,,,,,,,40.0
2020,3,11530740,개봉1동,163,5.0,3.0,,1.0,11.0,2.0,1.0,2.0,,4.0,,1.0,,,,,,1.0,57.0
2020,3,11530750,개봉2동,116,3.0,3.0,,,10.0,2.0,,,,,,1.0,1.0,,,,,,26.0
2020,3,11530760,개봉3동,81,3.0,2.0,,,9.0,1.0,3.0,1.0,,,,1.0,1.0,,,,,,23.0
2020,3,11530770,오류1동,122,5.0,4.0,,,11.0,3.0,1.0,,,,,,,,,,,1.0,22.0
2020,3,11530780,오류2동,209,3.0,1.0,,1.0,9.0,6.0,3.0,2.0,1.0,,,,,,,,,1.0,86.0
2020,3,11530790,수궁동,154,3.0,1.0,,,5.0,2.0,1.0,1.0,6.0,,,1.0,,,,,,3.0,69.0
2020,3,11530800,항동,64,1.0,,,,2.0,1.0,1.0,,,10.0,,,,,,,,,37.0
2020,3,11545510,가산동,304,10.0,25.0,,1.0,21.0,2.0,,,,,,,1.0,17.0,,,,3.0,111.0
2020,3,11545610,독산1동,217,3.0,6.0,,2.0,17.0,2.0,4.0,3.0,,,,,1.0,3.0,,,,,74.0
2020,3,11545620,독산2동,73,2.0,1.0,,,8.0,,2.0,,,1.0,,,,,,,,,11.0
2020,3,11545630,독산3동,119,4.0,4.0,,,14.0,2.0,2.0,2.0,1.0,,,1.0,,,,,,,29.0
2020,3,11545640,독산4동,64,5.0,2.0,,1.0,4.0,,1.0,,,,,,,,,,,,16.0
2020,3,11545670,시흥1동,223,9.0,7.0,1.0,2.0,25.0,2.0,3.0,1.0,1.0,,,,,3.0,,,,1.0,52.0
2020,3,11545680,시흥2동,76,2.0,,,,3.0,2.0,3.0,1.0,2.0,,,,,,,,,,30.0
2020,3,11545690,시흥3동,66,3.0,3.0,,,5.0,,1.0,1.0,1.0,,,,,1.0,,,,,21.0
2020,3,11545700,시흥4동,72,1.0,1.0,,,6.0,,1.0,1.0,,,,,,,,,,,27.0
2020,3,11545710,시흥5동,106,3.0,,,,16.0,2.0,3.0,,,,,,,,,,,,37.0
2020,3,11560515,영등포본동,94,4.0,,,,10.0,2.0,2.0,1.0,2.0,,,,1.0,2.0,,,,1.0,23.0
2020,3,11560535,영등포동,325,10.0,17.0,2.0,2.0,37.0,,1.0,,,1.0,,,1.0,16.0,,,,1.0,41.0
2020,3,11560540,여의동,399,23.0,70.0,1.0,,44.0,,2.0,2.0,2.0,,,,1.0,,,,,5.0,61.0
2020,3,11560550,당산1동,131,6.0,5.0,,1.0,8.0,1.0,,,,,,,,12.0,,,,2.0,23.0
2020,3,11560560,당산2동,192,6.0,4.0,,,20.0,3.0,2.0,2.0,,,,,,,,,,2.0,46.0
2020,3,11560585,도림동,66,2.0,,,,6.0,2.0,,,,,,,,,,,,,28.0
2020,3,11560605,문래동,185,8.0,9.0,,,17.0,,3.0,2.0,,,,,,2.0,,,,1.0,56.0
2020,3,11560610,양평1동,87,5.0,3.0,,1.0,6.0,,1.0,,1.0,,,,,1.0,,,,1.0,22.0
2020,3,11560620,양평2동,131,8.0,6.0,,,7.0,1.0,2.0,1.0,2.0,,,,,3.0,,,,1.0,35.0
2020,3,11560630,신길1동,85,1.0,2.0,1.0,1.0,13.0,,1.0,,,,,,,4.0,,,,2.0,25.0
2020,3,11560650,신길3동,102,3.0,5.0,,1.0,12.0,3.0,1.0,,,,,,,2.0,,,,,32.0
2020,3,11560660,신길4동,43,1.0,1.0,,,2.0,2.0,1.0,,,,,,,,,,,,13.0
2020,3,11560670,신길5동,66,3.0,,,,,1.0,1.0,1.0,1.0,,,,,5.0,,,,,31.0
2020,3,11560680,신길6동,123,4.0,1.0,,1.0,14.0,1.0,1.0,,1.0,,,1.0,,2.0,,,,1.0,29.0
2020,3,11560690,신길7동,78,5.0,1.0,,,7.0,1.0,1.0,,,,,,,1.0,,,,1.0,32.0
2020,3,11560700,대림1동,81,2.0,4.0,2.0,,18.0,,1.0,1.0,,,,2.0,,3.0,,,,,16.0
2020,3,11560710,대림2동,86,4.0,2.0,1.0,,16.0,,2.0,,,1.0,,,,1.0,,,,,13.0
2020,3,11560720,대림3동,126,2.0,7.0,,1.0,11.0,3.0,2.0,1.0,,2.0,,1.0,,,,,,2.0,46.0
2020,3,11590510,노량진1동,180,5.0,4.0,,,14.0,2.0,3.0,1.0,,1.0,,,,2.0,,,,3.0,57.0
2020,3,11590520,노량진2동,72,5.0,4.0,,1.0,14.0,1.0,,,,,,,,1.0,,,,,14.0
2020,3,11590530,상도1동,201,5.0,4.0,,1.0,16.0,2.0,2.0,1.0,,23.0,,,,,,,,2.0,47.0
2020,3,11590540,상도2동,154,6.0,3.0,,,16.0,1.0,1.0,1.0,,,,1.0,,1.0,,,,1.0,41.0
2020,3,11590550,상도3동,113,2.0,2.0,,,11.0,,,1.0,,,,1.0,,,,,,,36.0
2020,3,11590560,상도4동,112,3.0,1.0,,1.0,11.0,4.0,1.0,1.0,,,,,1.0,,,,,,36.0
2020,3,11590605,흑석동,195,6.0,6.0,1.0,,24.0,5.0,3.0,2.0,,16.0,,,,1.0,,,,1.0,50.0
2020,3,11590620,사당1동,126,4.0,6.0,,2.0,12.0,1.0,1.0,,,1.0,,,1.0,1.0,,,,2.0,13.0
2020,3,11590630,사당2동,179,3.0,2.0,,,14.0,,1.0,1.0,2.0,,,,,2.0,,,,4.0,36.0
2020,3,11590640,사당3동,88,3.0,1.0,,,5.0,,2.0,1.0,,3.0,,1.0,,,,,,1.0,30.0
2020,3,11590650,사당4동,62,2.0,1.0,,,6.0,,,1.0,,,,1.0,,,,,,,4.0
2020,3,11590651,사당5동,61,4.0,,,,3.0,1.0,2.0,1.0,1.0,,,,,,,,,,28.0
2020,3,11590660,대방동,199,5.0,5.0,,,16.0,3.0,3.0,4.0,4.0,,,,,,,,,2.0,61.0
2020,3,11590670,신대방1동,83,3.0,1.0,,,10.0,3.0,1.0,1.0,,1.0,,,,,,,,1.0,15.0
2020,3,11590680,신대방2동,109,7.0,7.0,1.0,,16.0,,1.0,1.0,1.0,,,,,,,,,,29.0
2020,3,11620525,보라매동,83,1.0,1.0,,,5.0,,1.0,1.0,1.0,,,,,,,,,,25.0
2020,3,11620545,청림동,50,2.0,,,,4.0,2.0,,,,,,,,2.0,,,,,7.0
2020,3,11620565,성현동,104,4.0,,,,6.0,3.0,2.0,1.0,1.0,,,,,,,,,,38.0
2020,3,11620575,행운동,111,3.0,3.0,1.0,2.0,12.0,1.0,2.0,2.0,1.0,,,,,,,,,,15.0
2020,3,11620585,낙성대동,148,2.0,3.0,,,10.0,,1.0,,,37.0,,,,2.0,,,,,37.0
2020,3,11620595,청룡동,147,5.0,6.0,,1.0,23.0,,2.0,2.0,3.0,,,1.0,1.0,1.0,,,,1.0,15.0
2020,3,11620605,은천동,123,6.0,,,,9.0,3.0,1.0,,1.0,,,,,,,,,,43.0
2020,3,11620615,중앙동,83,1.0,3.0,,1.0,14.0,,1.0,,,,,,,,,,,1.0,12.0
2020,3,11620625,인헌동,105,2.0,5.0,,,14.0,1.0,,1.0,1.0,,,2.0,,,,,,1.0,23.0
2020,3,11620630,남현동,70,3.0,1.0,,,6.0,1.0,1.0,,,1.0,,,,,,,,,6.0
2020,3,11620645,서원동,94,3.0,1.0,1.0,1.0,9.0,,,1.0,,,,,1.0,,,,,,27.0
2020,3,11620655,신원동,54,6.0,1.0,,,7.0,,1.0,,,1.0,,,,,,,,,10.0
2020,3,11620665,서림동,74,2.0,,,,5.0,1.0,1.0,1.0,,,,,,,,,,,34.0
2020,3,11620685,신사동,79,3.0,2.0,,1.0,10.0,1.0,1.0,,,1.0,,1.0,,,,,,,21.0
2020,3,11620695,신림동,168,2.0,3.0,,,17.0,,,,,,,,,4.0,,,,1.0,16.0
2020,3,11620715,난향동,68,1.0,,,,5.0,,1.0,,,,,,,,,,,,34.0
2020,3,11620725,조원동,96,3.0,1.0,,1.0,12.0,,1.0,,,,,1.0,,,,,,,30.0
2020,3,11620735,대학동,283,5.0,6.0,,,11.0,,1.0,1.0,2.0,140.0,,,,,,,,,73.0
2020,3,11620745,삼성동,94,3.0,,,,7.0,,2.0,,1.0,,,,,3.0,,,,,44.0
2020,3,11620765,미성동,126,3.0,3.0,,1.0,11.0,1.0,2.0,2.0,2.0,,,,,1.0,,,,,44.0
2020,3,11620775,난곡동,95,2.0,1.0,,,11.0,2.0,1.0,2.0,1.0,,,1.0,,,,,,,28.0
2020,3,11650510,서초1동,194,4.0,10.0,,1.0,14.0,,2.0,,,13.0,,,,,,,,2.0,38.0
2020,3,11650520,서초2동,217,8.0,26.0,,,24.0,,1.0,1.0,1.0,,,,,1.0,,,,2.0,47.0
2020,3,11650530,서초3동,332,25.0,30.0,,3.0,30.0,1.0,1.0,1.0,3.0,2.0,,,,,,,1.0,2.0,77.0
2020,3,11650531,서초4동,257,2.0,13.0,,1.0,31.0,2.0,2.0,1.0,,,,,1.0,,,,,,36.0
2020,3,11650540,잠원동,135,3.0,8.0,,,13.0,1.0,1.0,1.0,,,,,,,,,,2.0,23.0
2020,3,11650550,반포본동,33,1.0,3.0,,,2.0,,1.0,2.0,2.0,,,1.0,,,,,,1.0,5.0
2020,3,11650560,반포1동,140,6.0,6.0,,1.0,20.0,1.0,2.0,1.0,1.0,,,,,,,,,1.0,26.0
2020,3,11650570,반포2동,74,4.0,5.0,,,5.0,,2.0,1.0,,,,1.0,,,,,,1.0,25.0
2020,3,11650580,반포3동,109,3.0,7.0,,,11.0,,1.0,1.0,,,,,,,,,,,18.0
2020,3,11650581,반포4동,130,7.0,12.0,1.0,,12.0,,,1.0,,3.0,,,1.0,,,,,3.0,33.0
2020,3,11650590,방배본동,103,2.0,6.0,,,16.0,,1.0,,,,,1.0,,,,,,,25.0
2020,3,11650600,방배1동,102,3.0,4.0,,1.0,10.0,,1.0,,,3.0,,1.0,,,,,,1.0,19.0
2020,3,11650610,방배2동,114,4.0,2.0,,,3.0,,1.0,1.0,1.0,,,1.0,,1.0,,,,1.0,37.0
2020,3,11650620,방배3동,112,4.0,3.0,,2.0,6.0,,2.0,,1.0,7.0,,,,,,,,,50.0
2020,3,11650621,방배4동,156,3.0,10.0,,,11.0,,1.0,,1.0,4.0,,,,1.0,,,,1.0,31.0
2020,3,11650651,양재1동,263,12.0,11.0,,1.0,20.0,3.0,4.0,1.0,,1.0,,,,,,,,2.0,86.0
2020,3,11650652,양재2동,147,2.0,16.0,,,11.0,,1.0,2.0,1.0,,,1.0,,,,,,1.0,57.0
2020,3,11650660,내곡동,161,5.0,1.0,,1.0,2.0,2.0,1.0,,,3.0,,1.0,,,,,,1.0,85.0
2020,3,11680510,신사동,260,3.0,14.0,,,36.0,2.0,1.0,1.0,2.0,,1.0,,1.0,,,,,1.0,12.0
2020,3,11680521,논현1동,300,4.0,15.0,,4.0,42.0,,1.0,,,,,1.0,8.0,,,,,3.0,23.0
2020,3,11680531,논현2동,240,8.0,16.0,,5.0,29.0,1.0,1.0,1.0,,4.0,,,2.0,,,,,1.0,33.0
2020,3,11680545,압구정동,313,4.0,25.0,,5.0,30.0,1.0,1.0,2.0,2.0,,2.0,1.0,3.0,,,,,2.0,18.0
2020,3,11680565,청담동,288,11.0,19.0,,4.0,27.0,2.0,2.0,1.0,1.0,1.0,,,,,,,,3.0,23.0
2020,3,11680580,삼성1동,199,6.0,26.0,,3.0,13.0,1.0,1.0,1.0,1.0,,1.0,,1.0,,,,,3.0,38.0
2020,3,11680590,삼성2동,177,10.0,11.0,,,11.0,,1.0,1.0,,1.0,,,,,,,,4.0,28.0
2020,3,11680600,대치1동,130,4.0,11.0,,,13.0,1.0,1.0,1.0,2.0,1.0,,,,,,,,,24.0
2020,3,11680610,대치2동,210,6.0,26.0,,2.0,20.0,,2.0,1.0,1.0,,,,,,,,,2.0,39.0
2020,3,11680630,대치4동,159,4.0,12.0,1.0,1.0,18.0,,1.0,,,1.0,1.0,,,,,,,,14.0
2020,3,11680640,역삼1동,542,15.0,49.0,1.0,3.0,64.0,1.0,1.0,,,,,,3.0,1.0,,,,1.0,44.0
2020,3,11680650,역삼2동,195,3.0,14.0,,2.0,25.0,,1.0,2.0,1.0,1.0,,,,,,,,,31.0
2020,3,11680655,도곡1동,142,4.0,9.0,1.0,4.0,20.0,2.0,1.0,2.0,1.0,,,,,,,,,1.0,27.0
2020,3,11680656,도곡2동,118,7.0,23.0,,,10.0,2.0,1.0,1.0,2.0,,,,,,,,,3.0,25.0
2020,3,11680660,개포1동,38,1.0,1.0,,,1.0,,1.0,2.0,,,,,,,,,,,29.0
2020,3,11680670,개포2동,135,3.0,3.0,,,9.0,5.0,4.0,1.0,3.0,,,,,,,,,3.0,50.0
2020,3,11680690,개포4동,115,3.0,4.0,,,7.0,,2.0,1.0,1.0,,,,,,,,,,49.0
2020,3,11680700,세곡동,191,4.0,1.0,,,9.0,3.0,4.0,1.0,1.0,,,,,,,,,,95.0
2020,3,11680720,일원본동,103,2.0,6.0,1.0,,15.0,2.0,2.0,1.0,2.0,,,,,,,,,1.0,32.0
2020,3,11680730,일원1동,74,4.0,1.0,,,11.0,1.0,2.0,,1.0,,,,,,,,,,18.0
2020,3,11680740,일원2동,66,3.0,3.0,,,6.0,2.0,1.0,1.0,,,,,,,,,,1.0,13.0
2020,3,11680750,수서동,89,3.0,3.0,,,11.0,2.0,1.0,1.0,2.0,,,,,,,,,2.0,23.0
2020,3,11710510,풍납1동,48,3.0,,,1.0,6.0,1.0,1.0,,,,,,,,,,,,6.0
2020,3,11710520,풍납2동,125,5.0,5.0,1.0,,26.0,2.0,2.0,3.0,1.0,3.0,,,,,,,,1.0,24.0
2020,3,11710531,거여1동,48,2.0,,,,2.0,,1.0,,1.0,,,,,1.0,,,,1.0,6.0
2020,3,11710532,거여2동,78,3.0,3.0,,1.0,12.0,1.0,1.0,1.0,,,,,,,,,,,11.0
2020,3,11710540,마천1동,73,4.0,1.0,,,8.0,1.0,1.0,,,,,,,1.0,,,,1.0,15.0
2020,3,11710550,마천2동,93,3.0,2.0,,,14.0,,1.0,,,,,,,,,,,,12.0
2020,3,11710561,방이1동,73,2.0,1.0,,,10.0,2.0,2.0,1.0,1.0,,,,,,,,,1.0,11.0
2020,3,11710562,방이2동,164,3.0,5.0,,,18.0,,1.0,1.0,,,,,,,,,,1.0,13.0
2020,3,11710566,오륜동,74,4.0,6.0,,,6.0,1.0,2.0,2.0,3.0,11.0,,,,,,,,3.0,15.0
2020,3,11710570,오금동,134,5.0,5.0,,,13.0,3.0,3.0,4.0,2.0,,,,,,,,,3.0,27.0
2020,3,11710580,송파1동,102,2.0,4.0,,3.0,14.0,1.0,1.0,,,,,,,,,,,2.0,13.0
2020,3,11710590,송파2동,79,3.0,1.0,,,11.0,3.0,1.0,2.0,3.0,,,,,,,,,,7.0
2020,3,11710600,석촌동,159,3.0,7.0,,2.0,27.0,3.0,2.0,,,,,,,,,,,,20.0
2020,3,11710610,삼전동,118,4.0,2.0,,,14.0,3.0,1.0,1.0,1.0,,,,,1.0,,,,1.0,12.0
2020,3,11710620,가락본동,144,5.0,9.0,1.0,5.0,21.0,1.0,2.0,2.0,,,,,,,,,,,21.0
2020,3,11710631,가락1동,82,2.0,8.0,,,13.0,1.0,1.0,1.0,,,,1.0,,,,,,3.0,16.0
2020,3,11710632,가락2동,143,3.0,6.0,,,17.0,4.0,2.0,1.0,,,,,,,,,,1.0,22.0
2020,3,11710641,문정1동,70,3.0,1.0,,,5.0,1.0,1.0,1.0,,,,,,,,,,,19.0
2020,3,11710642,문정2동,149,10.0,12.0,,1.0,22.0,,1.0,,,,,,2.0,,,,,3.0,14.0
2020,3,11710646,장지동,136,4.0,3.0,,,10.0,1.0,2.0,1.0,3.0,,,,1.0,,,,,1.0,41.0
2020,3,11710647,위례동,84,3.0,1.0,,,5.0,2.0,2.0,1.0,,,,,,,,,,,32.0
2020,3,11710650,잠실본동,192,5.0,9.0,,1.0,24.0,,1.0,,,,,,,,,,,1.0,12.0
2020,3,11710670,잠실2동,91,4.0,6.0,,,14.0,1.0,2.0,2.0,2.0,,,,,,,,,1.0,5.0
2020,3,11710680,잠실3동,103,5.0,9.0,,,11.0,1.0,3.0,,1.0,,,,,,,,,,16.0
2020,3,11710690,잠실4동,74,3.0,3.0,,,10.0,1.0,2.0,,1.0,,,,,,,,,2.0,7.0
2020,3,11710710,잠실6동,144,4.0,17.0,,1.0,23.0,,1.0,1.0,,,,,1.0,,,,,2.0,13.0
2020,3,11710720,잠실7동,30,2.0,4.0,,,4.0,,1.0,2.0,1.0,,,,,,,,,2.0,3.0
2020,3,11740515,강일동,187,5.0,3.0,,,12.0,2.0,2.0,2.0,1.0,,,,,,,,,3.0,79.0
2020,3,11740520,상일동,105,4.0,2.0,1.0,,8.0,4.0,2.0,2.0,5.0,,,,,,,,,,37.0
2020,3,11740530,명일1동,151,5.0,6.0,,2.0,17.0,,1.0,,,,,,,,,,,1.0,22.0
2020,3,11740540,명일2동,107,3.0,6.0,,,18.0,4.0,2.0,,1.0,,,,,,,,,,18.0
2020,3,11740550,고덕1동,92,3.0,,,,4.0,1.0,2.0,1.0,1.0,,,,,,,,,1.0,26.0
2020,3,11740560,고덕2동,78,3.0,1.0,,,9.0,1.0,2.0,1.0,2.0,,,,,,,,,1.0,25.0
2020,3,11740570,암사1동,90,2.0,1.0,,,8.0,1.0,1.0,,,1.0,,1.0,,,,,,,13.0
2020,3,11740580,암사2동,61,1.0,3.0,,,6.0,1.0,2.0,,,,,,,,,,,1.0,6.0
2020,3,11740590,암사3동,50,2.0,1.0,,,5.0,1.0,,2.0,1.0,,,,,,,,,,12.0
2020,3,11740600,천호1동,92,4.0,1.0,,,11.0,,1.0,1.0,1.0,1.0,,,1.0,,,,,1.0,11.0
2020,3,11740610,천호2동,203,4.0,3.0,,1.0,26.0,1.0,1.0,1.0,,,,,,3.0,,,,,22.0
2020,3,11740620,천호3동,115,4.0,3.0,,2.0,14.0,,,1.0,,,,,,1.0,,,,,11.0
2020,3,11740640,성내1동,98,6.0,4.0,,2.0,9.0,1.0,2.0,1.0,,1.0,,,1.0,,,,,,20.0
2020,3,11740650,성내2동,113,2.0,3.0,,4.0,14.0,,,,,,,,1.0,,,,,3.0,16.0
2020,3,11740660,성내3동,136,4.0,5.0,,,13.0,2.0,,,,2.0,,,,,,,,1.0,13.0
2020,3,11740685,길동,242,6.0,10.0,1.0,4.0,34.0,4.0,3.0,1.0,,1.0,,,,,,,,1.0,36.0
2020,3,11740690,둔촌1동,14,,,,,,,2.0,,1.0,,,,,,,,,1.0,6.0
2020,3,11740700,둔촌2동,129,5.0,4.0,1.0,,17.0,2.0,1.0,2.0,1.0,,,,,,,,,1.0,32.0
2020,4,11110515,청운효자동,93,6.0,3.0,,,4.0,1.0,1.0,2.0,2.0,8.0,,,,,,,,,26.0
2020,4,11110530,사직동,206,18.0,24.0,,,15.0,,1.0,,1.0,1.0,,,3.0,,,,,2.0,34.0
2020,4,11110540,삼청동,49,10.0,4.0,,1.0,1.0,,,1.0,1.0,2.0,,,,,,,,,16.0
2020,4,11110550,부암동,84,4.0,2.0,,,1.0,1.0,2.0,1.0,1.0,14.0,,,,,,,,,38.0
2020,4,11110560,평창동,162,6.0,2.0,,1.0,5.0,1.0,,,1.0,2.0,,,,,,,,,91.0
2020,4,11110570,무악동,42,2.0,1.0,1.0,,4.0,1.0,1.0,,,,,,,,,,,1.0,7.0
2020,4,11110580,교남동,78,4.0,3.0,2.0,,17.0,,,,1.0,1.0,,,,,,,,,26.0
2020,4,11110600,가회동,63,5.0,3.0,,,1.0,1.0,1.0,1.0,2.0,1.0,,,,,,,,,22.0
2020,4,11110615,종로1?2?3?4가동,500,19.0,35.0,,,47.0,1.0,2.0,,,4.0,,1.0,5.0,17.0,,,,5.0,72.0
2020,4,11110630,종로5?6가동,212,7.0,8.0,,,31.0,,1.0,,,1.0,,4.0,,3.0,,,,1.0,23.0
2020,4,11110640,이화동,119,4.0,4.0,1.0,,11.0,,,2.0,,37.0,,,,,,,,1.0,28.0
2020,4,11110650,혜화동,145,6.0,5.0,,,16.0,3.0,1.0,1.0,4.0,26.0,,,1.0,,,,,,36.0
2020,4,11110670,창신1동,111,3.0,4.0,,,9.0,,2.0,,,,,1.0,,7.0,,,,2.0,11.0
2020,4,11110680,창신2동,38,2.0,1.0,,,5.0,,,,,,,,,,,,,,
2020,4,11110690,창신3동,24,3.0,,,,1.0,,1.0,,1.0,,,,,,,,,1.0,5.0
2020,4,11110700,숭인1동,43,3.0,1.0,,,3.0,1.0,,,,,,,,,,,,,14.0
2020,4,11110710,숭인2동,89,4.0,3.0,,1.0,4.0,,,,,,,2.0,,3.0,,,,2.0,6.0
2020,4,11140520,소공동,231,13.0,29.0,,,10.0,,1.0,4.0,3.0,,1.0,,3.0,3.0,,,,3.0,37.0
2020,4,11140540,회현동,211,9.0,17.0,,,16.0,1.0,,,,2.0,,2.0,1.0,2.0,,,,6.0,35.0
2020,4,11140550,명동,542,20.0,46.0,,,35.0,,1.0,,,4.0,,,3.0,12.0,,,,1.0,29.0
2020,4,11140570,필동,123,6.0,9.0,1.0,,7.0,,2.0,,1.0,19.0,,,2.0,1.0,,,,2.0,15.0
2020,4,11140580,장충동,63,6.0,2.0,,,1.0,,1.0,,,3.0,,,1.0,2.0,,,,1.0,13.0
2020,4,11140590,광희동,185,3.0,16.0,1.0,,14.0,,,1.0,,,,1.0,3.0,11.0,,,,3.0,19.0
2020,4,11140605,을지로동,145,5.0,10.0,,,13.0,,,,,,,1.0,2.0,3.0,,,,4.0,20.0
2020,4,11140615,신당동,99,7.0,5.0,,1.0,12.0,,1.0,1.0,3.0,,,3.0,,1.0,,,,2.0,8.0
2020,4,11140625,다산동,86,3.0,4.0,,1.0,9.0,,1.0,1.0,1.0,,,,,1.0,,,,1.0,7.0
2020,4,11140635,약수동,87,4.0,2.0,,1.0,12.0,2.0,,,,,,,,,,,,2.0,12.0
2020,4,11140645,청구동,34,2.0,,,,3.0,1.0,2.0,1.0,1.0,,,,,,,,,,5.0
2020,4,11140650,신당5동,65,4.0,2.0,,,5.0,,1.0,,2.0,,,,,,,,,,12.0
2020,4,11140665,동화동,47,3.0,1.0,,,5.0,,1.0,1.0,,,,,,,,,,2.0,4.0
2020,4,11140670,황학동,76,1.0,6.0,,,10.0,,,,,,,,,7.0,,,,,6.0
2020,4,11140680,중림동,77,3.0,2.0,,,7.0,,1.0,,2.0,1.0,,,,5.0,,,,,14.0
2020,4,11170510,후암동,80,6.0,1.0,,,7.0,1.0,2.0,,1.0,,,2.0,,,,,,,18.0
2020,4,11170520,용산2가동,63,3.0,,,,4.0,,1.0,2.0,2.0,,,,,,,,,1.0,29.0
2020,4,11170530,남영동,147,7.0,5.0,,,14.0,,,1.0,,,,,,12.0,,,,3.0,26.0
2020,4,11170555,청파동,128,7.0,2.0,,1.0,11.0,,2.0,2.0,4.0,22.0,,1.0,,1.0,,,,,35.0
2020,4,11170560,원효로1동,94,6.0,3.0,,,6.0,1.0,1.0,,,3.0,,4.0,,,,,,,31.0
2020,4,11170570,원효로2동,69,4.0,2.0,,,4.0,2.0,1.0,1.0,1.0,,,2.0,,,,,,,27.0
2020,4,11170580,효창동,66,1.0,1.0,,,5.0,,1.0,,1.0,1.0,,,,,,,,2.0,22.0
2020,4,11170590,용문동,54,1.0,,,,3.0,,,,,,,,,,,,,,22.0
2020,4,11170625,한강로동,242,19.0,19.0,,,21.0,,2.0,,1.0,,,5.0,3.0,2.0,,,,7.0,41.0
2020,4,11170630,이촌1동,102,4.0,9.0,,1.0,12.0,2.0,1.0,1.0,1.0,,,1.0,,,,,,,14.0
2020,4,11170640,이촌2동,26,2.0,,,,1.0,,,,,,,,,,,,,,11.0
2020,4,11170650,이태원1동,71,8.0,5.0,,,3.0,,1.0,,,,,3.0,,,,,,1.0,14.0
2020,4,11170660,이태원2동,60,8.0,5.0,,,3.0,1.0,1.0,,1.0,,,,,,,,,,22.0
2020,4,11170685,한남동,171,30.0,11.0,1.0,,13.0,3.0,1.0,,,,,3.0,,,,,,2.0,36.0
2020,4,11170690,서빙고동,61,15.0,1.0,,,1.0,,1.0,1.0,,,,,,,,,,1.0,21.0
2020,4,11170700,보광동,70,4.0,1.0,,,8.0,1.0,,1.0,1.0,6.0,,,,,,,,,14.0
2020,4,11200520,왕십리2동,63,2.0,,,,5.0,1.0,1.0,,,,,,,,,,,1.0,18.0
2020,4,11200535,왕십리도선동,189,4.0,4.0,,2.0,20.0,2.0,2.0,,2.0,,,,,,,,,,26.0
2020,4,11200540,마장동,111,6.0,5.0,,,8.0,2.0,2.0,2.0,,,,,,,,,,1.0,29.0
2020,4,11200550,사근동,128,5.0,3.0,1.0,,10.0,,2.0,1.0,2.0,52.0,,1.0,,,,,,2.0,34.0
2020,4,11200560,행당1동,130,9.0,4.0,,2.0,13.0,1.0,1.0,,,,,1.0,1.0,,,,,4.0,30.0
2020,4,11200570,행당2동,79,2.0,2.0,,,4.0,1.0,1.0,1.0,1.0,,,,,,,,,1.0,24.0
2020,4,11200580,응봉동,56,3.0,,,,2.0,,1.0,1.0,,,,,,,,,,1.0,30.0
2020,4,11200590,금호1가동,88,2.0,,,,6.0,1.0,1.0,,1.0,,,,,,,,,1.0,45.0
2020,4,11200615,금호2?3가동,135,3.0,2.0,,,13.0,,1.0,,,,,,,,,,,,46.0
2020,4,11200620,금호4가동,84,3.0,3.0,,,6.0,1.0,2.0,,,,,,,,,,,1.0,27.0
2020,4,11200645,옥수동,129,4.0,2.0,,,10.0,2.0,2.0,1.0,1.0,,,,,,,,,2.0,45.0
2020,4,11200650,성수1가1동,83,4.0,2.0,,,4.0,1.0,2.0,1.0,1.0,,,,1.0,,,,,1.0,33.0
2020,4,11200660,성수1가2동,79,3.0,6.0,,,6.0,,,1.0,1.0,1.0,,,,,,,,1.0,12.0
2020,4,11200670,성수2가1동,109,3.0,3.0,,,13.0,,1.0,2.0,1.0,,,2.0,,1.0,,,,,38.0
2020,4,11200690,성수2가3동,104,3.0,16.0,,,11.0,,2.0,,,,,,1.0,,,,,1.0,20.0
2020,4,11200720,송정동,44,2.0,,,1.0,5.0,,1.0,,,,,,,,,,,,17.0
2020,4,11200790,용답동,82,7.0,2.0,,,8.0,,1.0,,,,,1.0,,,,,,2.0,11.0
2020,4,11215710,화양동,167,3.0,5.0,1.0,,17.0,,2.0,2.0,1.0,34.0,,,1.0,,,,,2.0,16.0
2020,4,11215730,군자동,135,5.0,5.0,,1.0,12.0,1.0,2.0,,,20.0,,,1.0,,,,,,23.0
2020,4,11215740,중곡1동,74,2.0,,,,10.0,1.0,,,,,,1.0,,,,,,,19.0
2020,4,11215750,중곡2동,104,2.0,4.0,,,14.0,1.0,1.0,,,,,,,,,,,2.0,21.0
2020,4,11215760,중곡3동,97,3.0,1.0,,1.0,9.0,,2.0,,,,,1.0,,,,,,1.0,29.0
2020,4,11215770,중곡4동,105,2.0,2.0,,,7.0,,1.0,1.0,2.0,,,,,,,,,,37.0
2020,4,11215780,능동,47,4.0,,,1.0,5.0,,1.0,,1.0,,,,,,,,,1.0,5.0
2020,4,11215810,광장동,139,5.0,9.0,,,9.0,3.0,3.0,3.0,1.0,11.0,,,,,,,,1.0,32.0
2020,4,11215820,자양1동,106,3.0,4.0,1.0,,14.0,1.0,1.0,,,2.0,,,,,,,,,17.0
2020,4,11215830,자양2동,95,2.0,1.0,,,8.0,2.0,4.0,2.0,1.0,,,1.0,,,,,,,21.0
2020,4,11215840,자양3동,105,2.0,6.0,,,8.0,2.0,2.0,1.0,1.0,1.0,1.0,,1.0,,,,,,30.0
2020,4,11215847,자양4동,106,5.0,2.0,,1.0,15.0,1.0,,1.0,,,,1.0,1.0,,,,,1.0,16.0
2020,4,11215850,구의1동,77,2.0,4.0,,,9.0,1.0,,1.0,1.0,,,,,,,,,1.0,16.0
2020,4,11215860,구의2동,112,3.0,2.0,,1.0,9.0,3.0,2.0,,,1.0,,,,,,,,1.0,24.0
2020,4,11215870,구의3동,133,5.0,4.0,,,16.0,2.0,1.0,,,,,1.0,1.0,,,,1.0,1.0,25.0
2020,4,11230536,용신동,231,10.0,8.0,1.0,4.0,20.0,1.0,1.0,1.0,1.0,,,1.0,,5.0,,,,5.0,41.0
2020,4,11230545,제기동,288,4.0,5.0,,1.0,22.0,2.0,2.0,2.0,1.0,1.0,,3.0,,14.0,,,,1.0,30.0
2020,4,11230560,전농1동,152,5.0,2.0,,1.0,13.0,3.0,1.0,1.0,1.0,,,,1.0,5.0,,,,3.0,35.0
2020,4,11230570,전농2동,102,2.0,2.0,,,12.0,3.0,3.0,2.0,1.0,27.0,,,,,,,,,15.0
2020,4,11230600,답십리1동,124,4.0,5.0,,,9.0,,2.0,1.0,,,,,,,,,,,25.0
2020,4,11230610,답십리2동,108,3.0,2.0,,2.0,13.0,3.0,1.0,,,,,3.0,,,,,,,19.0
2020,4,11230650,장안1동,192,5.0,11.0,,4.0,26.0,2.0,2.0,2.0,,,,,,,,,,1.0,43.0
2020,4,11230660,장안2동,168,3.0,2.0,,2.0,21.0,1.0,2.0,,1.0,1.0,,,1.0,1.0,,,,,38.0
2020,4,11230705,청량리동,154,9.0,4.0,1.0,,16.0,2.0,1.0,1.0,1.0,1.0,,,,2.0,,,,,34.0
2020,4,11230710,회기동,84,3.0,5.0,1.0,,10.0,1.0,3.0,1.0,1.0,14.0,,,,,,,,,10.0
2020,4,11230720,휘경1동,82,2.0,1.0,,,12.0,,,,,,,,,1.0,,,,3.0,18.0
2020,4,11230730,휘경2동,84,5.0,1.0,1.0,,5.0,1.0,2.0,3.0,3.0,4.0,,,,,,,,,27.0
2020,4,11230740,이문1동,147,5.0,2.0,,,13.0,3.0,,,2.0,30.0,,,,,,,,1.0,26.0
2020,4,11230750,이문2동,71,2.0,,,,6.0,1.0,1.0,,,2.0,,,,,,,,1.0,17.0
2020,4,11260520,면목2동,112,3.0,,,1.0,11.0,2.0,2.0,,,,,8.0,,1.0,,,,,25.0
2020,4,11260540,면목4동,61,2.0,,,,5.0,1.0,1.0,1.0,,,,,,,,,,1.0,15.0
2020,4,11260550,면목5동,42,2.0,1.0,,,3.0,,,,,,,4.0,,,,,,,13.0
2020,4,11260565,면목본동,168,4.0,2.0,,,18.0,1.0,2.0,,,,,13.0,,1.0,,,,1.0,30.0
2020,4,11260570,면목7동,108,2.0,2.0,,1.0,11.0,,1.0,,,,,1.0,,,,,,,18.0
2020,4,11260575,면목3?8동,150,4.0,1.0,1.0,,17.0,1.0,2.0,2.0,1.0,8.0,,,,1.0,,,,1.0,34.0
2020,4,11260580,상봉1동,78,3.0,1.0,,1.0,8.0,2.0,1.0,2.0,1.0,,,,,,,,,4.0,12.0
2020,4,11260590,상봉2동,127,4.0,3.0,,1.0,10.0,,,,,,,,2.0,2.0,,,1.0,1.0,18.0
2020,4,11260600,중화1동,79,2.0,1.0,,1.0,7.0,1.0,2.0,2.0,1.0,,,,,,,,,,14.0
2020,4,11260610,중화2동,123,2.0,3.0,,,14.0,,,,,,,2.0,,,,,,3.0,32.0
2020,4,11260620,묵1동,144,4.0,2.0,,2.0,11.0,2.0,1.0,2.0,2.0,,,,,,,,,,34.0
2020,4,11260630,묵2동,92,3.0,4.0,,,7.0,,2.0,,,,,,1.0,,,,,1.0,19.0
2020,4,11260655,망우본동,238,9.0,4.0,1.0,4.0,25.0,1.0,2.0,3.0,4.0,,,9.0,,2.0,,,,2.0,54.0
2020,4,11260660,망우3동,54,1.0,1.0,,1.0,3.0,,2.0,,1.0,,,3.0,,,,,,,11.0
2020,4,11260680,신내1동,160,3.0,2.0,1.0,,13.0,2.0,2.0,,,,,,,,,,,1.0,53.0
2020,4,11260690,신내2동,104,6.0,3.0,,,12.0,3.0,4.0,,,,,,,,,,,,21.0
2020,4,11290525,성북동,166,6.0,4.0,,,6.0,2.0,1.0,3.0,2.0,5.0,,,,,,,,,55.0
2020,4,11290555,삼선동,163,7.0,5.0,,,14.0,,1.0,1.0,2.0,14.0,,,,,,,,2.0,46.0
2020,4,11290575,동선동,146,1.0,4.0,,1.0,13.0,1.0,2.0,2.0,1.0,12.0,,,1.0,,,,,1.0,19.0
2020,4,11290580,돈암1동,42,1.0,,,,2.0,2.0,2.0,2.0,1.0,,,,,,,,,,15.0
2020,4,11290590,돈암2동,88,4.0,2.0,,,4.0,6.0,1.0,,,,,,1.0,,,,,,38.0
2020,4,11290600,안암동,167,4.0,6.0,1.0,1.0,10.0,,1.0,1.0,1.0,71.0,,,,,,,,1.0,35.0
2020,4,11290610,보문동,77,4.0,4.0,,,6.0,,2.0,,,,,,,1.0,,,,2.0,10.0
2020,4,11290620,정릉1동,63,2.0,,,,6.0,2.0,,,,1.0,,,,,,,,,19.0
2020,4,11290630,정릉2동,110,4.0,3.0,,,6.0,1.0,2.0,,,,,,,,,,,1.0,50.0
2020,4,11290640,정릉3동,124,4.0,1.0,,,2.0,,1.0,3.0,1.0,28.0,,,,,,,,,38.0
2020,4,11290650,정릉4동,133,7.0,3.0,,,12.0,2.0,1.0,,2.0,11.0,,,,,,,,1.0,40.0
2020,4,11290660,길음1동,129,3.0,4.0,,,10.0,2.0,3.0,1.0,1.0,,,1.0,,,,,,1.0,26.0
2020,4,11290685,길음2동,112,5.0,,,3.0,14.0,,,,,,,,,,,,,,23.0
2020,4,11290705,종암동,189,7.0,2.0,,1.0,17.0,3.0,2.0,2.0,1.0,2.0,,,,,,,,,56.0
2020,4,11290715,월곡1동,108,2.0,3.0,,,10.0,,2.0,1.0,1.0,,,,,1.0,,,,,30.0
2020,4,11290725,월곡2동,135,6.0,4.0,,,12.0,2.0,,1.0,,12.0,,,,,,,,2.0,34.0
2020,4,11290760,장위1동,103,4.0,1.0,,,8.0,6.0,1.0,1.0,,,,,,,,,,,37.0
2020,4,11290770,장위2동,89,3.0,2.0,,,11.0,1.0,3.0,,,,,,,,,,,1.0,27.0
2020,4,11290780,장위3동,82,1.0,,,,5.0,1.0,2.0,1.0,,1.0,,1.0,,,,,,,39.0
2020,4,11290810,석관동,154,6.0,3.0,,,16.0,2.0,2.0,1.0,1.0,,,1.0,,2.0,,,,2.0,32.0
2020,4,11305534,삼양동,165,4.0,1.0,,,14.0,3.0,2.0,,1.0,,,,,,,,,3.0,34.0
2020,4,11305535,미아동,144,3.0,3.0,,1.0,14.0,,,,1.0,4.0,,,,,,,,1.0,28.0
2020,4,11305545,송중동,212,4.0,1.0,,2.0,18.0,4.0,2.0,,1.0,2.0,1.0,,1.0,,,,,,69.0
2020,4,11305555,송천동,164,9.0,5.0,,1.0,17.0,,1.0,2.0,2.0,,,2.0,,,,,,1.0,24.0
2020,4,11305575,삼각산동,114,2.0,1.0,,,9.0,1.0,,1.0,1.0,1.0,,,,,,,,,36.0
2020,4,11305595,번1동,136,3.0,3.0,,1.0,14.0,1.0,1.0,1.0,,,,,1.0,,,,,,30.0
2020,4,11305603,번2동,110,5.0,,,,7.0,1.0,,1.0,,,,,,1.0,,,,,54.0
2020,4,11305608,번3동,95,3.0,1.0,,,8.0,,2.0,,,,,,,,,,,,37.0
2020,4,11305615,수유1동,153,4.0,2.0,,,12.0,,2.0,3.0,1.0,,,1.0,,,,,,1.0,40.0
2020,4,11305625,수유2동,85,3.0,,,,12.0,3.0,,,,,,,,,,,,1.0,15.0
2020,4,11305635,수유3동,158,4.0,6.0,,1.0,16.0,,,1.0,,,,,1.0,,,,,1.0,30.0
2020,4,11305645,우이동,132,2.0,,,,7.0,1.0,,1.0,,2.0,,,,,,,,3.0,54.0
2020,4,11305660,인수동,175,13.0,2.0,1.0,2.0,14.0,2.0,2.0,2.0,,5.0,,1.0,,,,,,,57.0
2020,4,11320511,창1동,94,3.0,2.0,,,7.0,1.0,1.0,2.0,1.0,,,,,,,,,1.0,28.0
2020,4,11320512,창2동,95,3.0,,,1.0,8.0,1.0,1.0,,,,,,,,,,,,44.0
2020,4,11320513,창3동,66,1.0,,,,7.0,1.0,2.0,,,,,1.0,,,,,,,25.0
2020,4,11320514,창4동,130,7.0,4.0,,,8.0,1.0,2.0,1.0,2.0,,,,,,,,,,51.0
2020,4,11320515,창5동,119,7.0,3.0,,3.0,12.0,1.0,3.0,,,,,,2.0,,,,,2.0,24.0
2020,4,11320521,도봉1동,122,4.0,1.0,,,9.0,2.0,2.0,1.0,1.0,2.0,,1.0,,,,,,,38.0
2020,4,11320522,도봉2동,127,8.0,3.0,,,7.0,1.0,1.0,1.0,1.0,1.0,,,,1.0,,,,3.0,49.0
2020,4,11320660,쌍문1동,126,6.0,1.0,,1.0,4.0,1.0,3.0,,1.0,17.0,,,,,,,,,54.0
2020,4,11320670,쌍문2동,87,3.0,1.0,,1.0,10.0,1.0,1.0,1.0,,,,,,2.0,,,,,19.0
2020,4,11320680,쌍문3동,78,3.0,3.0,1.0,,12.0,,,1.0,,,,,,1.0,,,,1.0,17.0
2020,4,11320681,쌍문4동,64,1.0,,,,4.0,5.0,2.0,2.0,3.0,,,,,,,,,,23.0
2020,4,11320690,방학1동,148,6.0,6.0,,2.0,15.0,2.0,1.0,1.0,1.0,,,,,,,,,1.0,39.0
2020,4,11320700,방학2동,64,3.0,,,,7.0,,1.0,1.0,,,,,,,,,,,23.0
2020,4,11320710,방학3동,112,3.0,3.0,,,6.0,3.0,3.0,1.0,,,,,,,,,,,47.0
2020,4,11350560,월계1동,159,4.0,2.0,,,10.0,2.0,1.0,1.0,1.0,17.0,,,,,,,,,59.0
2020,4,11350570,월계2동,136,4.0,,,,5.0,3.0,2.0,3.0,4.0,11.0,,,,,,,,1.0,64.0
2020,4,11350580,월계3동,135,5.0,3.0,,,8.0,4.0,3.0,1.0,,,,,,,,,,2.0,47.0
2020,4,11350595,공릉1동,211,4.0,6.0,,4.0,21.0,3.0,3.0,,,1.0,,1.0,,,,,,3.0,54.0
2020,4,11350600,공릉2동,271,7.0,6.0,1.0,,14.0,3.0,4.0,4.0,2.0,64.0,,1.0,,,,,,1.0,63.0
2020,4,11350611,하계1동,133,4.0,3.0,1.0,,9.0,1.0,1.0,2.0,4.0,16.0,,,,,,,,,41.0
2020,4,11350612,하계2동,67,2.0,1.0,,,4.0,2.0,2.0,1.0,,,,,,,,,,1.0,28.0
2020,4,11350619,중계본동,95,5.0,2.0,,,7.0,3.0,2.0,,3.0,,,,,,,,,,21.0
2020,4,11350621,중계1동,85,2.0,3.0,,,7.0,,2.0,1.0,2.0,,,,,,,,,,18.0
2020,4,11350624,중계4동,81,2.0,3.0,,,14.0,1.0,1.0,3.0,2.0,,,,,,,,,,6.0
2020,4,11350625,중계2?3동,142,7.0,2.0,,,10.0,4.0,4.0,1.0,3.0,,,,2.0,,,,,1.0,39.0
2020,4,11350630,상계1동,190,5.0,2.0,,,14.0,3.0,3.0,2.0,1.0,,,,1.0,,,,,1.0,38.0
2020,4,11350640,상계2동,182,2.0,1.0,,2.0,19.0,1.0,1.0,1.0,,,,,1.0,,,,,2.0,33.0
2020,4,11350665,상계3?4동,107,4.0,1.0,,,9.0,3.0,2.0,,,1.0,,,,2.0,,,,1.0,11.0
2020,4,11350670,상계5동,105,2.0,1.0,,,11.0,,1.0,,,,,,,3.0,,,,1.0,36.0
2020,4,11350695,상계6?7동,253,9.0,11.0,1.0,1.0,29.0,,3.0,2.0,1.0,4.0,,,1.0,,,,,,40.0
2020,4,11350700,상계8동,92,3.0,3.0,,,7.0,,,1.0,,,,,,,,,,1.0,15.0
2020,4,11350710,상계9동,78,3.0,4.0,,,6.0,1.0,3.0,2.0,2.0,,,,,,,,,,18.0
2020,4,11350720,상계10동,64,3.0,,,,1.0,1.0,2.0,1.0,1.0,,,,,,,,,,30.0
2020,4,11380510,녹번동,148,8.0,3.0,,2.0,12.0,1.0,3.0,,,,,1.0,1.0,,,,,2.0,35.0
2020,4,11380520,불광1동,198,6.0,4.0,,1.0,17.0,4.0,2.0,,,,,,1.0,,,,,3.0,49.0
2020,4,11380530,불광2동,113,6.0,1.0,,,5.0,,3.0,3.0,1.0,,,3.0,,,,,,,32.0
2020,4,11380551,갈현1동,133,2.0,2.0,1.0,,13.0,1.0,,,,,,,,,,,,2.0,48.0
2020,4,11380552,갈현2동,121,3.0,1.0,,1.0,15.0,5.0,2.0,1.0,5.0,,,,,,,,,1.0,34.0
2020,4,11380560,구산동,127,3.0,,,1.0,8.0,3.0,3.0,2.0,3.0,,,,,,,,,,38.0
2020,4,11380570,대조동,205,3.0,5.0,,1.0,24.0,,2.0,,2.0,,,,1.0,,,,,,32.0
2020,4,11380580,응암1동,133,5.0,5.0,,1.0,20.0,1.0,1.0,1.0,1.0,,,,,,,,,,27.0
2020,4,11380590,응암2동,91,3.0,1.0,,1.0,10.0,2.0,1.0,,,,,,,,,,,,37.0
2020,4,11380600,응암3동,138,3.0,3.0,,1.0,16.0,1.0,1.0,2.0,1.0,,,2.0,,,,,,,31.0
2020,4,11380625,역촌동,176,5.0,5.0,,2.0,18.0,2.0,1.0,,,,,,,,,,,,51.0
2020,4,11380631,신사1동,94,3.0,,,,8.0,3.0,,1.0,,5.0,,,,,,,,1.0,22.0
2020,4,11380632,신사2동,82,4.0,,,,5.0,,3.0,1.0,1.0,,,,,,,,,1.0,35.0
2020,4,11380640,증산동,83,3.0,,,,8.0,1.0,1.0,2.0,,,,2.0,,,,,,1.0,16.0
2020,4,11380650,수색동,60,5.0,2.0,,,5.0,1.0,1.0,,,,,2.0,,,,,,1.0,22.0
2020,4,11380690,진관동,242,6.0,6.0,,,22.0,6.0,6.0,2.0,4.0,,,,1.0,,,,,1.0,81.0
2020,4,11410520,천연동,127,4.0,1.0,,,4.0,,1.0,1.0,1.0,11.0,,,,1.0,,,,,44.0
2020,4,11410555,북아현동,76,2.0,2.0,,1.0,7.0,1.0,1.0,,1.0,,,,,,,,,,17.0
2020,4,11410565,충현동,184,9.0,8.0,,,7.0,1.0,3.0,1.0,2.0,24.0,,,,,,,,3.0,58.0
2020,4,11410585,신촌동,368,6.0,10.0,1.0,,22.0,1.0,3.0,1.0,1.0,109.0,1.0,,4.0,3.0,,,,2.0,60.0
2020,4,11410615,연희동,201,7.0,7.0,,1.0,16.0,,1.0,3.0,1.0,13.0,,,1.0,1.0,,,,,70.0
2020,4,11410620,홍제1동,135,3.0,2.0,,,10.0,2.0,2.0,,,1.0,,,,1.0,,,,1.0,40.0
2020,4,11410640,홍제3동,129,3.0,3.0,,2.0,14.0,1.0,2.0,1.0,,3.0,,4.0,,6.0,,,,1.0,46.0
2020,4,11410655,홍제2동,56,1.0,,,,6.0,3.0,,,,,,,,1.0,,,,,15.0
2020,4,11410660,홍은1동,86,3.0,,,,7.0,1.0,1.0,,,,,,,1.0,,,,,32.0
2020,4,11410685,홍은2동,161,4.0,2.0,1.0,,8.0,,2.0,3.0,1.0,12.0,,,,,,,,,83.0
2020,4,11410690,남가좌1동,94,2.0,3.0,,1.0,9.0,,1.0,,,,,1.0,,1.0,,,,1.0,20.0
2020,4,11410700,남가좌2동,117,4.0,4.0,,,12.0,4.0,1.0,1.0,,8.0,,,,,,,,,24.0
2020,4,11410710,북가좌1동,60,1.0,2.0,,,5.0,2.0,1.0,1.0,1.0,,,,,,,,,,13.0
2020,4,11410720,북가좌2동,115,3.0,3.0,,,12.0,2.0,,,,,,,,,,,,,39.0
2020,4,11440555,아현동,145,5.0,8.0,,,16.0,1.0,1.0,1.0,1.0,,,,,1.0,,,,2.0,23.0
2020,4,11440565,공덕동,172,7.0,9.0,,,21.0,1.0,3.0,,,,,2.0,,,,,,4.0,39.0
2020,4,11440585,도화동,144,4.0,7.0,,,15.0,2.0,1.0,,,,,,1.0,1.0,,,,1.0,38.0
2020,4,11440590,용강동,90,7.0,6.0,,1.0,10.0,2.0,1.0,,,,,,,,,,,1.0,24.0
2020,4,11440600,대흥동,209,5.0,5.0,,,18.0,,3.0,1.0,1.0,27.0,,,,3.0,,,,3.0,38.0
2020,4,11440610,염리동,52,3.0,1.0,,,3.0,1.0,1.0,2.0,3.0,,,,,2.0,,,,,10.0
2020,4,11440630,신수동,76,4.0,1.0,,1.0,5.0,1.0,1.0,1.0,1.0,,,,,,,,,,24.0
2020,4,11440655,서강동,156,6.0,4.0,,,7.0,1.0,1.0,,,20.0,,,,,,,,2.0,64.0
2020,4,11440660,서교동,358,13.0,22.0,,,31.0,1.0,1.0,,,2.0,,,5.0,3.0,,,,7.0,88.0
2020,4,11440680,합정동,109,4.0,3.0,,,10.0,1.0,1.0,1.0,,,,,,,,,,,32.0
2020,4,11440690,망원1동,95,2.0,2.0,,,11.0,,,,,,,,,1.0,,,,,23.0
2020,4,11440700,망원2동,83,4.0,1.0,,,6.0,1.0,2.0,,,,,,,,,,,,33.0
2020,4,11440710,연남동,52,2.0,1.0,,,2.0,1.0,,1.0,2.0,,,,,,,,,,23.0
2020,4,11440720,성산1동,86,4.0,2.0,,,5.0,1.0,2.0,2.0,1.0,1.0,,,,1.0,,,,,29.0
2020,4,11440730,성산2동,158,6.0,3.0,,,13.0,2.0,3.0,2.0,,,,1.0,1.0,,,,,2.0,47.0
2020,4,11440740,상암동,247,10.0,11.0,,,14.0,3.0,3.0,1.0,1.0,,,1.0,,,,,,4.0,104.0
2020,4,11470510,목1동,190,5.0,12.0,,1.0,21.0,1.0,1.0,1.0,1.0,2.0,,,2.0,,,,,2.0,29.0
2020,4,11470520,목2동,97,3.0,2.0,,1.0,13.0,3.0,1.0,,,,,,,1.0,,,,1.0,18.0
2020,4,11470530,목3동,96,3.0,4.0,,,11.0,1.0,,1.0,,,,,,,,,,,7.0
2020,4,11470540,목4동,84,3.0,3.0,,,9.0,1.0,1.0,1.0,1.0,,,,,,,,,,14.0
2020,4,11470550,목5동,143,8.0,9.0,1.0,,12.0,4.0,3.0,2.0,2.0,,,,,,,,,,52.0
2020,4,11470560,신월1동,71,3.0,3.0,,,12.0,1.0,,,,,,,,,,,,,9.0
2020,4,11470570,신월2동,65,3.0,1.0,,,6.0,1.0,2.0,2.0,,,,,,,,,,,12.0
2020,4,11470580,신월3동,70,2.0,1.0,,,7.0,1.0,1.0,2.0,3.0,,,,,,,,,,8.0
2020,4,11470590,신월4동,63,2.0,1.0,,,6.0,3.0,1.0,,,,,,,,,,,,11.0
2020,4,11470600,신월5동,54,3.0,,,1.0,3.0,2.0,1.0,2.0,,,,,,,,,,,12.0
2020,4,11470610,신월6동,47,1.0,2.0,,1.0,5.0,1.0,1.0,1.0,,,,,,,,,,,15.0
2020,4,11470611,신월7동,74,6.0,1.0,,,10.0,2.0,,1.0,,,,,,,,,,,21.0
2020,4,11470620,신정1동,94,7.0,3.0,,,9.0,2.0,2.0,1.0,,,,,,,,,,,26.0
2020,4,11470630,신정2동,71,3.0,1.0,,,7.0,1.0,2.0,1.0,,,,,,,,,,,20.0
2020,4,11470640,신정3동,203,4.0,1.0,,,15.0,1.0,3.0,1.0,4.0,,,,,,,,,1.0,81.0
2020,4,11470650,신정4동,161,3.0,8.0,1.0,1.0,16.0,3.0,2.0,,2.0,,,,,,,,,1.0,18.0
2020,4,11470670,신정6동,72,7.0,6.0,,,2.0,2.0,,1.0,1.0,,,,,,,,,,31.0
2020,4,11470680,신정7동,107,3.0,2.0,,,8.0,3.0,3.0,1.0,1.0,,,,,,,,,1.0,30.0
2020,4,11500510,염창동,147,5.0,3.0,,1.0,15.0,,2.0,2.0,,,,,,,,,,2.0,35.0
2020,4,11500520,등촌1동,95,1.0,5.0,,1.0,10.0,,1.0,,,,,,1.0,,,,,,20.0
2020,4,11500530,등촌2동,58,3.0,,,1.0,6.0,2.0,2.0,2.0,2.0,,,,,,,,,,8.0
2020,4,11500535,등촌3동,184,6.0,3.0,1.0,2.0,18.0,2.0,5.0,2.0,4.0,,,,1.0,,,,,,55.0
2020,4,11500540,화곡1동,226,3.0,2.0,,2.0,26.0,,2.0,1.0,,,,,1.0,,,,,2.0,27.0
2020,4,11500550,화곡2동,65,2.0,,,,3.0,2.0,1.0,,,,,,,,,,,,30.0
2020,4,11500560,화곡3동,87,4.0,3.0,,,8.0,2.0,,,,,,,,,,,,,12.0
2020,4,11500570,화곡4동,101,4.0,2.0,,,14.0,3.0,1.0,,2.0,,,,,,,,,,30.0
2020,4,11500590,화곡본동,145,3.0,,,1.0,11.0,1.0,2.0,,,,,,,,,,,,31.0
2020,4,11500591,화곡6동,118,7.0,5.0,,,8.0,2.0,1.0,,,9.0,,,,,,,,,29.0
2020,4,11500593,화곡8동,95,2.0,3.0,,,8.0,1.0,,,,,,,,,,,,1.0,33.0
2020,4,11500603,가양1동,279,5.0,13.0,,,20.0,3.0,1.0,1.0,1.0,,,,1.0,2.0,,,,5.0,69.0
2020,4,11500604,가양2동,75,4.0,3.0,,,7.0,3.0,1.0,1.0,1.0,,,,,,,,,1.0,14.0
2020,4,11500605,가양3동,52,3.0,,,,4.0,3.0,2.0,1.0,1.0,,,,,,,,,1.0,13.0
2020,4,11500611,발산1동,246,3.0,9.0,1.0,2.0,33.0,2.0,3.0,4.0,8.0,,,1.0,,,,,,,63.0
2020,4,11500615,우장산동,158,4.0,4.0,,3.0,12.0,3.0,2.0,,,5.0,,,,,,,,1.0,33.0
2020,4,11500620,공항동,176,6.0,7.0,1.0,,11.0,1.0,2.0,2.0,,4.0,,,,,21.0,,,2.0,39.0
2020,4,11500630,방화1동,200,2.0,3.0,,2.0,21.0,4.0,3.0,1.0,3.0,,,,,1.0,,,,1.0,46.0
2020,4,11500640,방화2동,124,4.0,,,,7.0,3.0,1.0,1.0,,,,2.0,1.0,,4.0,,,5.0,37.0
2020,4,11500641,방화3동,83,5.0,1.0,,,5.0,2.0,3.0,2.0,1.0,1.0,,,,,,,,1.0,22.0
2020,4,11530510,신도림동,168,5.0,4.0,,,12.0,2.0,1.0,1.0,1.0,1.0,,2.0,1.0,1.0,,,,3.0,43.0
2020,4,11530520,구로1동,88,4.0,1.0,,,5.0,3.0,1.0,1.0,1.0,,,4.0,,,,,,,25.0
2020,4,11530530,구로2동,197,6.0,12.0,1.0,1.0,21.0,1.0,1.0,,1.0,,,7.0,,16.0,,,,1.0,48.0
2020,4,11530540,구로3동,187,7.0,18.0,,,15.0,1.0,2.0,1.0,,,,,,5.0,,,,2.0,47.0
2020,4,11530550,구로4동,139,5.0,3.0,,,15.0,2.0,1.0,1.0,,,,1.0,,19.0,,,,,13.0
2020,4,11530560,구로5동,167,5.0,4.0,,2.0,18.0,,3.0,1.0,1.0,2.0,1.0,,3.0,,,,,1.0,49.0
2020,4,11530595,가리봉동,74,,,,,6.0,,1.0,,1.0,,,,,23.0,,,,,8.0
2020,4,11530720,고척1동,135,5.0,4.0,1.0,1.0,9.0,,3.0,1.0,1.0,12.0,,8.0,,4.0,,,,,31.0
2020,4,11530730,고척2동,128,5.0,2.0,,1.0,11.0,,2.0,1.0,1.0,,,,,,,,,,40.0
2020,4,11530740,개봉1동,163,5.0,3.0,,1.0,11.0,2.0,1.0,2.0,,4.0,,1.0,,,,,,1.0,57.0
2020,4,11530750,개봉2동,116,3.0,3.0,,,10.0,2.0,,,,,,1.0,1.0,,,,,,26.0
2020,4,11530760,개봉3동,81,3.0,2.0,,,9.0,1.0,3.0,1.0,,,,1.0,1.0,,,,,,23.0
2020,4,11530770,오류1동,122,5.0,4.0,,,11.0,3.0,1.0,,,,,,,,,,,1.0,22.0
2020,4,11530780,오류2동,209,3.0,1.0,,1.0,9.0,6.0,3.0,2.0,1.0,,,,,,,,,1.0,86.0
2020,4,11530790,수궁동,154,3.0,1.0,,,5.0,2.0,1.0,1.0,6.0,,,1.0,,,,,,3.0,69.0
2020,4,11530800,항동,64,1.0,,,,2.0,1.0,1.0,,,10.0,,,,,,,,,37.0
2020,4,11545510,가산동,304,10.0,25.0,,1.0,21.0,2.0,,,,,,,1.0,17.0,,,,3.0,111.0
2020,4,11545610,독산1동,217,3.0,6.0,,2.0,17.0,2.0,4.0,3.0,,,,,1.0,3.0,,,,,74.0
2020,4,11545620,독산2동,73,2.0,1.0,,,8.0,,2.0,,,1.0,,,,,,,,,11.0
2020,4,11545630,독산3동,119,4.0,4.0,,,14.0,2.0,2.0,2.0,1.0,,,1.0,,,,,,,29.0
2020,4,11545640,독산4동,64,5.0,2.0,,1.0,4.0,,1.0,,,,,,,,,,,,16.0
2020,4,11545670,시흥1동,223,9.0,7.0,1.0,2.0,25.0,2.0,3.0,1.0,1.0,,,,,3.0,,,,1.0,52.0
2020,4,11545680,시흥2동,76,2.0,,,,3.0,2.0,3.0,1.0,2.0,,,,,,,,,,30.0
2020,4,11545690,시흥3동,66,3.0,3.0,,,5.0,,1.0,1.0,1.0,,,,,1.0,,,,,21.0
2020,4,11545700,시흥4동,72,1.0,1.0,,,6.0,,1.0,1.0,,,,,,,,,,,27.0
2020,4,11545710,시흥5동,106,3.0,,,,16.0,2.0,3.0,,,,,,,,,,,,37.0
2020,4,11560515,영등포본동,94,4.0,,,,10.0,2.0,2.0,1.0,2.0,,,,1.0,2.0,,,,1.0,23.0
2020,4,11560535,영등포동,325,10.0,17.0,2.0,2.0,37.0,,1.0,,,1.0,,,1.0,16.0,,,,1.0,41.0
2020,4,11560540,여의동,399,23.0,70.0,1.0,,44.0,,2.0,2.0,2.0,,,,1.0,,,,,5.0,61.0
2020,4,11560550,당산1동,131,6.0,5.0,,1.0,8.0,1.0,,,,,,,,12.0,,,,2.0,23.0
2020,4,11560560,당산2동,192,6.0,4.0,,,20.0,3.0,2.0,2.0,,,,,,,,,,2.0,46.0
2020,4,11560585,도림동,66,2.0,,,,6.0,2.0,,,,,,,,,,,,,28.0
2020,4,11560605,문래동,185,8.0,9.0,,,17.0,,3.0,2.0,,,,,,2.0,,,,1.0,56.0
2020,4,11560610,양평1동,87,5.0,3.0,,1.0,6.0,,1.0,,1.0,,,,,1.0,,,,1.0,22.0
2020,4,11560620,양평2동,131,8.0,6.0,,,7.0,1.0,2.0,1.0,2.0,,,,,3.0,,,,1.0,35.0
2020,4,11560630,신길1동,85,1.0,2.0,1.0,1.0,13.0,,1.0,,,,,,,4.0,,,,2.0,25.0
2020,4,11560650,신길3동,102,3.0,5.0,,1.0,12.0,3.0,1.0,,,,,,,2.0,,,,,32.0
2020,4,11560660,신길4동,43,1.0,1.0,,,2.0,2.0,1.0,,,,,,,,,,,,13.0
2020,4,11560670,신길5동,66,3.0,,,,,1.0,1.0,1.0,1.0,,,,,5.0,,,,,31.0
2020,4,11560680,신길6동,123,4.0,1.0,,1.0,14.0,1.0,1.0,,1.0,,,1.0,,2.0,,,,1.0,29.0
2020,4,11560690,신길7동,78,5.0,1.0,,,7.0,1.0,1.0,,,,,,,1.0,,,,1.0,32.0
2020,4,11560700,대림1동,81,2.0,4.0,2.0,,18.0,,1.0,1.0,,,,2.0,,3.0,,,,,16.0
2020,4,11560710,대림2동,86,4.0,2.0,1.0,,16.0,,2.0,,,1.0,,,,1.0,,,,,13.0
2020,4,11560720,대림3동,126,2.0,7.0,,1.0,11.0,3.0,2.0,1.0,,2.0,,1.0,,,,,,2.0,46.0
2020,4,11590510,노량진1동,180,5.0,4.0,,,14.0,2.0,3.0,1.0,,1.0,,,,2.0,,,,3.0,57.0
2020,4,11590520,노량진2동,72,5.0,4.0,,1.0,14.0,1.0,,,,,,,,1.0,,,,,14.0
2020,4,11590530,상도1동,201,5.0,4.0,,1.0,16.0,2.0,2.0,1.0,,23.0,,,,,,,,2.0,47.0
2020,4,11590540,상도2동,154,6.0,3.0,,,16.0,1.0,1.0,1.0,,,,1.0,,1.0,,,,1.0,41.0
2020,4,11590550,상도3동,113,2.0,2.0,,,11.0,,,1.0,,,,1.0,,,,,,,36.0
2020,4,11590560,상도4동,112,3.0,1.0,,1.0,11.0,4.0,1.0,1.0,,,,,1.0,,,,,,36.0
2020,4,11590605,흑석동,195,6.0,6.0,1.0,,24.0,5.0,3.0,2.0,,16.0,,,,1.0,,,,1.0,50.0
2020,4,11590620,사당1동,126,4.0,6.0,,2.0,12.0,1.0,1.0,,,1.0,,,1.0,1.0,,,,2.0,13.0
2020,4,11590630,사당2동,179,3.0,2.0,,,14.0,,1.0,1.0,2.0,,,,,2.0,,,,4.0,36.0
2020,4,11590640,사당3동,88,3.0,1.0,,,5.0,,2.0,1.0,,3.0,,1.0,,,,,,1.0,30.0
2020,4,11590650,사당4동,62,2.0,1.0,,,6.0,,,1.0,,,,1.0,,,,,,,4.0
2020,4,11590651,사당5동,61,4.0,,,,3.0,1.0,2.0,1.0,1.0,,,,,,,,,,28.0
2020,4,11590660,대방동,199,5.0,5.0,,,16.0,3.0,3.0,4.0,4.0,,,,,,,,,2.0,61.0
2020,4,11590670,신대방1동,83,3.0,1.0,,,10.0,3.0,1.0,1.0,,1.0,,,,,,,,1.0,15.0
2020,4,11590680,신대방2동,109,7.0,7.0,1.0,,16.0,,1.0,1.0,1.0,,,,,,,,,,29.0
2020,4,11620525,보라매동,83,1.0,1.0,,,5.0,,1.0,1.0,1.0,,,,,,,,,,25.0
2020,4,11620545,청림동,50,2.0,,,,4.0,2.0,,,,,,,,2.0,,,,,7.0
2020,4,11620565,성현동,104,4.0,,,,6.0,3.0,2.0,1.0,1.0,,,,,,,,,,38.0
2020,4,11620575,행운동,111,3.0,3.0,1.0,2.0,12.0,1.0,2.0,2.0,1.0,,,,,,,,,,15.0
2020,4,11620585,낙성대동,148,2.0,3.0,,,10.0,,1.0,,,37.0,,,,2.0,,,,,37.0
2020,4,11620595,청룡동,147,5.0,6.0,,1.0,23.0,,2.0,2.0,3.0,,,1.0,1.0,1.0,,,,1.0,15.0
2020,4,11620605,은천동,123,6.0,,,,9.0,3.0,1.0,,1.0,,,,,,,,,,43.0
2020,4,11620615,중앙동,83,1.0,3.0,,1.0,14.0,,1.0,,,,,,,,,,,1.0,12.0
2020,4,11620625,인헌동,105,2.0,5.0,,,14.0,1.0,,1.0,1.0,,,2.0,,,,,,1.0,23.0
2020,4,11620630,남현동,70,3.0,1.0,,,6.0,1.0,1.0,,,1.0,,,,,,,,,6.0
2020,4,11620645,서원동,94,3.0,1.0,1.0,1.0,9.0,,,1.0,,,,,1.0,,,,,,27.0
2020,4,11620655,신원동,54,6.0,1.0,,,7.0,,1.0,,,1.0,,,,,,,,,10.0
2020,4,11620665,서림동,74,2.0,,,,5.0,1.0,1.0,1.0,,,,,,,,,,,34.0
2020,4,11620685,신사동,79,3.0,2.0,,1.0,10.0,1.0,1.0,,,1.0,,1.0,,,,,,,21.0
2020,4,11620695,신림동,168,2.0,3.0,,,17.0,,,,,,,,,4.0,,,,1.0,16.0
2020,4,11620715,난향동,68,1.0,,,,5.0,,1.0,,,,,,,,,,,,34.0
2020,4,11620725,조원동,96,3.0,1.0,,1.0,12.0,,1.0,,,,,1.0,,,,,,,30.0
2020,4,11620735,대학동,283,5.0,6.0,,,11.0,,1.0,1.0,2.0,140.0,,,,,,,,,73.0
2020,4,11620745,삼성동,94,3.0,,,,7.0,,2.0,,1.0,,,,,3.0,,,,,44.0
2020,4,11620765,미성동,126,3.0,3.0,,1.0,11.0,1.0,2.0,2.0,2.0,,,,,1.0,,,,,44.0
2020,4,11620775,난곡동,95,2.0,1.0,,,11.0,2.0,1.0,2.0,1.0,,,1.0,,,,,,,28.0
2020,4,11650510,서초1동,194,4.0,10.0,,1.0,14.0,,2.0,,,13.0,,,,,,,,2.0,38.0
2020,4,11650520,서초2동,217,8.0,26.0,,,24.0,,1.0,1.0,1.0,,,,,1.0,,,,2.0,47.0
2020,4,11650530,서초3동,332,25.0,30.0,,3.0,30.0,1.0,1.0,1.0,3.0,2.0,,,,,,,1.0,2.0,77.0
2020,4,11650531,서초4동,257,2.0,13.0,,1.0,31.0,2.0,2.0,1.0,,,,,1.0,,,,,,36.0
2020,4,11650540,잠원동,135,3.0,8.0,,,13.0,1.0,1.0,1.0,,,,,,,,,,2.0,23.0
2020,4,11650550,반포본동,33,1.0,3.0,,,2.0,,1.0,2.0,2.0,,,1.0,,,,,,1.0,5.0
2020,4,11650560,반포1동,140,6.0,6.0,,1.0,20.0,1.0,2.0,1.0,1.0,,,,,,,,,1.0,26.0
2020,4,11650570,반포2동,74,4.0,5.0,,,5.0,,2.0,1.0,,,,1.0,,,,,,1.0,25.0
2020,4,11650580,반포3동,109,3.0,7.0,,,11.0,,1.0,1.0,,,,,,,,,,,18.0
2020,4,11650581,반포4동,130,7.0,12.0,1.0,,12.0,,,1.0,,3.0,,,1.0,,,,,3.0,33.0
2020,4,11650590,방배본동,103,2.0,6.0,,,16.0,,1.0,,,,,1.0,,,,,,,25.0
2020,4,11650600,방배1동,102,3.0,4.0,,1.0,10.0,,1.0,,,3.0,,1.0,,,,,,1.0,19.0
2020,4,11650610,방배2동,114,4.0,2.0,,,3.0,,1.0,1.0,1.0,,,1.0,,1.0,,,,1.0,37.0
2020,4,11650620,방배3동,112,4.0,3.0,,2.0,6.0,,2.0,,1.0,7.0,,,,,,,,,50.0
2020,4,11650621,방배4동,156,3.0,10.0,,,11.0,,1.0,,1.0,4.0,,,,1.0,,,,1.0,31.0
2020,4,11650651,양재1동,263,12.0,11.0,,1.0,20.0,3.0,4.0,1.0,,1.0,,,,,,,,2.0,86.0
2020,4,11650652,양재2동,147,2.0,16.0,,,11.0,,1.0,2.0,1.0,,,1.0,,,,,,1.0,57.0
2020,4,11650660,내곡동,161,5.0,1.0,,1.0,2.0,2.0,1.0,,,3.0,,1.0,,,,,,1.0,85.0
2020,4,11680510,신사동,260,3.0,14.0,,,36.0,2.0,1.0,1.0,2.0,,1.0,,1.0,,,,,1.0,12.0
2020,4,11680521,논현1동,300,4.0,15.0,,4.0,42.0,,1.0,,,,,1.0,8.0,,,,,3.0,23.0
2020,4,11680531,논현2동,240,8.0,16.0,,5.0,29.0,1.0,1.0,1.0,,4.0,,,2.0,,,,,1.0,33.0
2020,4,11680545,압구정동,313,4.0,25.0,,5.0,30.0,1.0,1.0,2.0,2.0,,2.0,1.0,3.0,,,,,2.0,18.0
2020,4,11680565,청담동,288,11.0,19.0,,4.0,27.0,2.0,2.0,1.0,1.0,1.0,,,,,,,,3.0,23.0
2020,4,11680580,삼성1동,199,6.0,26.0,,3.0,13.0,1.0,1.0,1.0,1.0,,1.0,,1.0,,,,,3.0,38.0
2020,4,11680590,삼성2동,177,10.0,11.0,,,11.0,,1.0,1.0,,1.0,,,,,,,,4.0,28.0
2020,4,11680600,대치1동,130,4.0,11.0,,,13.0,1.0,1.0,1.0,2.0,1.0,,,,,,,,,24.0
2020,4,11680610,대치2동,210,6.0,26.0,,2.0,20.0,,2.0,1.0,1.0,,,,,,,,,2.0,39.0
2020,4,11680630,대치4동,159,4.0,12.0,1.0,1.0,18.0,,1.0,,,1.0,1.0,,,,,,,,14.0
2020,4,11680640,역삼1동,542,15.0,49.0,1.0,3.0,64.0,1.0,1.0,,,,,,3.0,1.0,,,,1.0,44.0
2020,4,11680650,역삼2동,195,3.0,14.0,,2.0,25.0,,1.0,2.0,1.0,1.0,,,,,,,,,31.0
2020,4,11680655,도곡1동,142,4.0,9.0,1.0,4.0,20.0,2.0,1.0,2.0,1.0,,,,,,,,,1.0,27.0
2020,4,11680656,도곡2동,118,7.0,23.0,,,10.0,2.0,1.0,1.0,2.0,,,,,,,,,3.0,25.0
2020,4,11680660,개포1동,38,1.0,1.0,,,1.0,,1.0,2.0,,,,,,,,,,,29.0
2020,4,11680670,개포2동,135,3.0,3.0,,,9.0,5.0,4.0,1.0,3.0,,,,,,,,,3.0,50.0
2020,4,11680690,개포4동,115,3.0,4.0,,,7.0,,2.0,1.0,1.0,,,,,,,,,,49.0
2020,4,11680700,세곡동,191,4.0,1.0,,,9.0,3.0,4.0,1.0,1.0,,,,,,,,,,95.0
2020,4,11680720,일원본동,103,2.0,6.0,1.0,,15.0,2.0,2.0,1.0,2.0,,,,,,,,,1.0,32.0
2020,4,11680730,일원1동,74,4.0,1.0,,,11.0,1.0,2.0,,1.0,,,,,,,,,,18.0
2020,4,11680740,일원2동,66,3.0,3.0,,,6.0,2.0,1.0,1.0,,,,,,,,,,1.0,13.0
2020,4,11680750,수서동,89,3.0,3.0,,,11.0,2.0,1.0,1.0,2.0,,,,,,,,,2.0,23.0
2020,4,11710510,풍납1동,48,3.0,,,1.0,6.0,1.0,1.0,,,,,,,,,,,,6.0
2020,4,11710520,풍납2동,125,5.0,5.0,1.0,,26.0,2.0,2.0,3.0,1.0,3.0,,,,,,,,1.0,24.0
2020,4,11710531,거여1동,48,2.0,,,,2.0,,1.0,,1.0,,,,,1.0,,,,1.0,6.0
2020,4,11710532,거여2동,78,3.0,3.0,,1.0,12.0,1.0,1.0,1.0,,,,,,,,,,,11.0
2020,4,11710540,마천1동,73,4.0,1.0,,,8.0,1.0,1.0,,,,,,,1.0,,,,1.0,15.0
2020,4,11710550,마천2동,93,3.0,2.0,,,14.0,,1.0,,,,,,,,,,,,12.0
2020,4,11710561,방이1동,73,2.0,1.0,,,10.0,2.0,2.0,1.0,1.0,,,,,,,,,1.0,11.0
2020,4,11710562,방이2동,164,3.0,5.0,,,18.0,,1.0,1.0,,,,,,,,,,1.0,13.0
2020,4,11710566,오륜동,74,4.0,6.0,,,6.0,1.0,2.0,2.0,3.0,11.0,,,,,,,,3.0,15.0
2020,4,11710570,오금동,134,5.0,5.0,,,13.0,3.0,3.0,4.0,2.0,,,,,,,,,3.0,27.0
2020,4,11710580,송파1동,102,2.0,4.0,,3.0,14.0,1.0,1.0,,,,,,,,,,,2.0,13.0
2020,4,11710590,송파2동,79,3.0,1.0,,,11.0,3.0,1.0,2.0,3.0,,,,,,,,,,7.0
2020,4,11710600,석촌동,159,3.0,7.0,,2.0,27.0,3.0,2.0,,,,,,,,,,,,20.0
2020,4,11710610,삼전동,118,4.0,2.0,,,14.0,3.0,1.0,1.0,1.0,,,,,1.0,,,,1.0,12.0
2020,4,11710620,가락본동,144,5.0,9.0,1.0,5.0,21.0,1.0,2.0,2.0,,,,,,,,,,,21.0
2020,4,11710631,가락1동,82,2.0,8.0,,,13.0,1.0,1.0,1.0,,,,1.0,,,,,,3.0,16.0
2020,4,11710632,가락2동,143,3.0,6.0,,,17.0,4.0,2.0,1.0,,,,,,,,,,1.0,22.0
2020,4,11710641,문정1동,70,3.0,1.0,,,5.0,1.0,1.0,1.0,,,,,,,,,,,19.0
2020,4,11710642,문정2동,149,10.0,12.0,,1.0,22.0,,1.0,,,,,,2.0,,,,,3.0,14.0
2020,4,11710646,장지동,136,4.0,3.0,,,10.0,1.0,2.0,1.0,3.0,,,,1.0,,,,,1.0,41.0
2020,4,11710647,위례동,84,3.0,1.0,,,5.0,2.0,2.0,1.0,,,,,,,,,,,32.0
2020,4,11710650,잠실본동,192,5.0,9.0,,1.0,24.0,,1.0,,,,,,,,,,,1.0,12.0
2020,4,11710670,잠실2동,91,4.0,6.0,,,14.0,1.0,2.0,2.0,2.0,,,,,,,,,1.0,5.0
2020,4,11710680,잠실3동,103,5.0,9.0,,,11.0,1.0,3.0,,1.0,,,,,,,,,,16.0
2020,4,11710690,잠실4동,74,3.0,3.0,,,10.0,1.0,2.0,,1.0,,,,,,,,,2.0,7.0
2020,4,11710710,잠실6동,144,4.0,17.0,,1.0,23.0,,1.0,1.0,,,,,1.0,,,,,2.0,13.0
2020,4,11710720,잠실7동,30,2.0,4.0,,,4.0,,1.0,2.0,1.0,,,,,,,,,2.0,3.0
2020,4,11740515,강일동,187,5.0,3.0,,,12.0,2.0,2.0,2.0,1.0,,,,,,,,,3.0,79.0
2020,4,11740520,상일동,105,4.0,2.0,1.0,,8.0,4.0,2.0,2.0,5.0,,,,,,,,,,37.0
2020,4,11740530,명일1동,151,5.0,6.0,,2.0,17.0,,1.0,,,,,,,,,,,1.0,22.0
2020,4,11740540,명일2동,107,3.0,6.0,,,18.0,4.0,2.0,,1.0,,,,,,,,,,18.0
2020,4,11740550,고덕1동,92,3.0,,,,4.0,1.0,2.0,1.0,1.0,,,,,,,,,1.0,26.0
2020,4,11740560,고덕2동,78,3.0,1.0,,,9.0,1.0,2.0,1.0,2.0,,,,,,,,,1.0,25.0
2020,4,11740570,암사1동,90,2.0,1.0,,,8.0,1.0,1.0,,,1.0,,1.0,,,,,,,13.0
2020,4,11740580,암사2동,61,1.0,3.0,,,6.0,1.0,2.0,,,,,,,,,,,1.0,6.0
2020,4,11740590,암사3동,50,2.0,1.0,,,5.0,1.0,,2.0,1.0,,,,,,,,,,12.0
2020,4,11740600,천호1동,92,4.0,1.0,,,11.0,,1.0,1.0,1.0,1.0,,,1.0,,,,,1.0,11.0
2020,4,11740610,천호2동,203,4.0,3.0,,1.0,26.0,1.0,1.0,1.0,,,,,,3.0,,,,,22.0
2020,4,11740620,천호3동,115,4.0,3.0,,2.0,14.0,,,1.0,,,,,,1.0,,,,,11.0
2020,4,11740640,성내1동,98,6.0,4.0,,2.0,9.0,1.0,2.0,1.0,,1.0,,,1.0,,,,,,20.0
2020,4,11740650,성내2동,113,2.0,3.0,,4.0,14.0,,,,,,,,1.0,,,,,3.0,16.0
2020,4,11740660,성내3동,136,4.0,5.0,,,13.0,2.0,,,,2.0,,,,,,,,1.0,13.0
2020,4,11740685,길동,242,6.0,10.0,1.0,4.0,34.0,4.0,3.0,1.0,,1.0,,,,,,,,1.0,36.0
2020,4,11740690,둔촌1동,14,,,,,,,2.0,,1.0,,,,,,,,,1.0,6.0
2020,4,11740700,둔촌2동,129,5.0,4.0,1.0,,17.0,2.0,1.0,2.0,1.0,,,,,,,,,1.0,32.0
2021,1,11110515,청운효자동,93,6.0,3.0,,,4.0,1.0,1.0,2.0,2.0,8.0,,,,,,,,,26.0
2021,1,11110530,사직동,206,18.0,24.0,,,15.0,,1.0,,1.0,1.0,,,3.0,,,,,2.0,34.0
2021,1,11110540,삼청동,49,10.0,4.0,,1.0,1.0,,,1.0,1.0,2.0,,,,,,,,,16.0
2021,1,11110550,부암동,84,4.0,2.0,,,1.0,1.0,2.0,1.0,1.0,14.0,,,,,,,,,38.0
2021,1,11110560,평창동,162,6.0,2.0,,1.0,5.0,1.0,,,1.0,2.0,,,,,,,,,91.0
2021,1,11110570,무악동,42,2.0,1.0,1.0,,4.0,1.0,1.0,,,,,,,,,,,1.0,7.0
2021,1,11110580,교남동,78,4.0,3.0,2.0,,17.0,,,,1.0,1.0,,,,,,,,,26.0
2021,1,11110600,가회동,63,5.0,3.0,,,1.0,1.0,1.0,1.0,2.0,1.0,,,,,,,,,22.0
2021,1,11110615,종로1?2?3?4가동,500,19.0,35.0,,,47.0,1.0,2.0,,,4.0,,1.0,5.0,17.0,,,,5.0,72.0
2021,1,11110630,종로5?6가동,212,7.0,8.0,,,31.0,,1.0,,,1.0,,4.0,,3.0,,,,1.0,23.0
2021,1,11110640,이화동,119,4.0,4.0,1.0,,11.0,,,2.0,,37.0,,,,,,,,1.0,28.0
2021,1,11110650,혜화동,145,6.0,5.0,,,16.0,3.0,1.0,1.0,4.0,26.0,,,1.0,,,,,,36.0
2021,1,11110670,창신1동,111,3.0,4.0,,,9.0,,2.0,,,,,1.0,,7.0,,,,2.0,11.0
2021,1,11110680,창신2동,38,2.0,1.0,,,5.0,,,,,,,,,,,,,,
2021,1,11110690,창신3동,24,3.0,,,,1.0,,1.0,,1.0,,,,,,,,,1.0,5.0
2021,1,11110700,숭인1동,43,3.0,1.0,,,3.0,1.0,,,,,,,,,,,,,14.0
2021,1,11110710,숭인2동,89,4.0,3.0,,1.0,4.0,,,,,,,2.0,,3.0,,,,2.0,6.0
2021,1,11140520,소공동,231,13.0,29.0,,,10.0,,1.0,4.0,3.0,,1.0,,3.0,3.0,,,,3.0,37.0
2021,1,11140540,회현동,211,9.0,17.0,,,16.0,1.0,,,,2.0,,2.0,1.0,2.0,,,,6.0,35.0
2021,1,11140550,명동,542,20.0,46.0,,,35.0,,1.0,,,4.0,,,3.0,12.0,,,,1.0,29.0
2021,1,11140570,필동,123,6.0,9.0,1.0,,7.0,,2.0,,1.0,19.0,,,2.0,1.0,,,,2.0,15.0
2021,1,11140580,장충동,63,6.0,2.0,,,1.0,,1.0,,,3.0,,,1.0,2.0,,,,1.0,13.0
2021,1,11140590,광희동,185,3.0,16.0,1.0,,14.0,,,1.0,,,,1.0,3.0,11.0,,,,3.0,19.0
2021,1,11140605,을지로동,145,5.0,10.0,,,13.0,,,,,,,1.0,2.0,3.0,,,,4.0,20.0
2021,1,11140615,신당동,99,7.0,5.0,,1.0,12.0,,1.0,1.0,3.0,,,3.0,,1.0,,,,2.0,8.0
2021,1,11140625,다산동,86,3.0,4.0,,1.0,9.0,,1.0,1.0,1.0,,,,,1.0,,,,1.0,7.0
2021,1,11140635,약수동,87,4.0,2.0,,1.0,12.0,2.0,,,,,,,,,,,,2.0,12.0
2021,1,11140645,청구동,34,2.0,,,,3.0,1.0,2.0,1.0,1.0,,,,,,,,,,5.0
2021,1,11140650,신당5동,65,4.0,2.0,,,5.0,,1.0,,2.0,,,,,,,,,,12.0
2021,1,11140665,동화동,47,3.0,1.0,,,5.0,,1.0,1.0,,,,,,,,,,2.0,4.0
2021,1,11140670,황학동,76,1.0,6.0,,,10.0,,,,,,,,,7.0,,,,,6.0
2021,1,11140680,중림동,77,3.0,2.0,,,7.0,,1.0,,2.0,1.0,,,,5.0,,,,,14.0
2021,1,11170510,후암동,80,6.0,1.0,,,7.0,1.0,2.0,,1.0,,,2.0,,,,,,,18.0
2021,1,11170520,용산2가동,63,3.0,,,,4.0,,1.0,2.0,2.0,,,,,,,,,1.0,29.0
2021,1,11170530,남영동,147,7.0,5.0,,,14.0,,,1.0,,,,,,12.0,,,,3.0,26.0
2021,1,11170555,청파동,128,7.0,2.0,,1.0,11.0,,2.0,2.0,4.0,22.0,,1.0,,1.0,,,,,35.0
2021,1,11170560,원효로1동,94,6.0,3.0,,,6.0,1.0,1.0,,,3.0,,4.0,,,,,,,31.0
2021,1,11170570,원효로2동,69,4.0,2.0,,,4.0,2.0,1.0,1.0,1.0,,,2.0,,,,,,,27.0
2021,1,11170580,효창동,66,1.0,1.0,,,5.0,,1.0,,1.0,1.0,,,,,,,,2.0,22.0
2021,1,11170590,용문동,54,1.0,,,,3.0,,,,,,,,,,,,,,22.0
2021,1,11170625,한강로동,242,19.0,19.0,,,21.0,,2.0,,1.0,,,5.0,3.0,2.0,,,,7.0,41.0
2021,1,11170630,이촌1동,102,4.0,9.0,,1.0,12.0,2.0,1.0,1.0,1.0,,,1.0,,,,,,,14.0
2021,1,11170640,이촌2동,26,2.0,,,,1.0,,,,,,,,,,,,,,11.0
2021,1,11170650,이태원1동,71,8.0,5.0,,,3.0,,1.0,,,,,3.0,,,,,,1.0,14.0
2021,1,11170660,이태원2동,60,8.0,5.0,,,3.0,1.0,1.0,,1.0,,,,,,,,,,22.0
2021,1,11170685,한남동,171,30.0,11.0,1.0,,13.0,3.0,1.0,,,,,3.0,,,,,,2.0,36.0
2021,1,11170690,서빙고동,61,15.0,1.0,,,1.0,,1.0,1.0,,,,,,,,,,1.0,21.0
2021,1,11170700,보광동,70,4.0,1.0,,,8.0,1.0,,1.0,1.0,6.0,,,,,,,,,14.0
2021,1,11200520,왕십리2동,63,2.0,,,,5.0,1.0,1.0,,,,,,,,,,,1.0,18.0
2021,1,11200535,왕십리도선동,189,4.0,4.0,,2.0,20.0,2.0,2.0,,2.0,,,,,,,,,,26.0
2021,1,11200540,마장동,111,6.0,5.0,,,8.0,2.0,2.0,2.0,,,,,,,,,,1.0,29.0
2021,1,11200550,사근동,128,5.0,3.0,1.0,,10.0,,2.0,1.0,2.0,52.0,,1.0,,,,,,2.0,34.0
2021,1,11200560,행당1동,130,9.0,4.0,,2.0,13.0,1.0,1.0,,,,,1.0,1.0,,,,,4.0,30.0
2021,1,11200570,행당2동,79,2.0,2.0,,,4.0,1.0,1.0,1.0,1.0,,,,,,,,,1.0,24.0
2021,1,11200580,응봉동,56,3.0,,,,2.0,,1.0,1.0,,,,,,,,,,1.0,30.0
2021,1,11200590,금호1가동,88,2.0,,,,6.0,1.0,1.0,,1.0,,,,,,,,,1.0,45.0
2021,1,11200615,금호2?3가동,135,3.0,2.0,,,13.0,,1.0,,,,,,,,,,,,46.0
2021,1,11200620,금호4가동,84,3.0,3.0,,,6.0,1.0,2.0,,,,,,,,,,,1.0,27.0
2021,1,11200645,옥수동,129,4.0,2.0,,,10.0,2.0,2.0,1.0,1.0,,,,,,,,,2.0,45.0
2021,1,11200650,성수1가1동,83,4.0,2.0,,,4.0,1.0,2.0,1.0,1.0,,,,1.0,,,,,1.0,33.0
2021,1,11200660,성수1가2동,79,3.0,6.0,,,6.0,,,1.0,1.0,1.0,,,,,,,,1.0,12.0
2021,1,11200670,성수2가1동,109,3.0,3.0,,,13.0,,1.0,2.0,1.0,,,2.0,,1.0,,,,,38.0
2021,1,11200690,성수2가3동,104,3.0,16.0,,,11.0,,2.0,,,,,,1.0,,,,,1.0,20.0
2021,1,11200720,송정동,44,2.0,,,1.0,5.0,,1.0,,,,,,,,,,,,17.0
2021,1,11200790,용답동,82,7.0,2.0,,,8.0,,1.0,,,,,1.0,,,,,,2.0,11.0
2021,1,11215710,화양동,167,3.0,5.0,1.0,,17.0,,2.0,2.0,1.0,34.0,,,1.0,,,,,2.0,16.0
2021,1,11215730,군자동,135,5.0,5.0,,1.0,12.0,1.0,2.0,,,20.0,,,1.0,,,,,,23.0
2021,1,11215740,중곡1동,74,2.0,,,,10.0,1.0,,,,,,1.0,,,,,,,19.0
2021,1,11215750,중곡2동,104,2.0,4.0,,,14.0,1.0,1.0,,,,,,,,,,,2.0,21.0
2021,1,11215760,중곡3동,97,3.0,1.0,,1.0,9.0,,2.0,,,,,1.0,,,,,,1.0,29.0
2021,1,11215770,중곡4동,105,2.0,2.0,,,7.0,,1.0,1.0,2.0,,,,,,,,,,37.0
2021,1,11215780,능동,47,4.0,,,1.0,5.0,,1.0,,1.0,,,,,,,,,1.0,5.0
2021,1,11215810,광장동,139,5.0,9.0,,,9.0,3.0,3.0,3.0,1.0,11.0,,,,,,,,1.0,32.0
2021,1,11215820,자양1동,106,3.0,4.0,1.0,,14.0,1.0,1.0,,,2.0,,,,,,,,,17.0
2021,1,11215830,자양2동,95,2.0,1.0,,,8.0,2.0,4.0,2.0,1.0,,,1.0,,,,,,,21.0
2021,1,11215840,자양3동,105,2.0,6.0,,,8.0,2.0,2.0,1.0,1.0,1.0,1.0,,1.0,,,,,,30.0
2021,1,11215847,자양4동,106,5.0,2.0,,1.0,15.0,1.0,,1.0,,,,1.0,1.0,,,,,1.0,16.0
2021,1,11215850,구의1동,77,2.0,4.0,,,9.0,1.0,,1.0,1.0,,,,,,,,,1.0,16.0
2021,1,11215860,구의2동,112,3.0,2.0,,1.0,9.0,3.0,2.0,,,1.0,,,,,,,,1.0,24.0
2021,1,11215870,구의3동,133,5.0,4.0,,,16.0,2.0,1.0,,,,,1.0,1.0,,,,1.0,1.0,25.0
2021,1,11230536,용신동,231,10.0,8.0,1.0,4.0,20.0,1.0,1.0,1.0,1.0,,,1.0,,5.0,,,,5.0,41.0
2021,1,11230545,제기동,288,4.0,5.0,,1.0,22.0,2.0,2.0,2.0,1.0,1.0,,3.0,,14.0,,,,1.0,30.0
2021,1,11230560,전농1동,152,5.0,2.0,,1.0,13.0,3.0,1.0,1.0,1.0,,,,1.0,5.0,,,,3.0,35.0
2021,1,11230570,전농2동,102,2.0,2.0,,,12.0,3.0,3.0,2.0,1.0,27.0,,,,,,,,,15.0
2021,1,11230600,답십리1동,124,4.0,5.0,,,9.0,,2.0,1.0,,,,,,,,,,,25.0
2021,1,11230610,답십리2동,108,3.0,2.0,,2.0,13.0,3.0,1.0,,,,,3.0,,,,,,,19.0
2021,1,11230650,장안1동,192,5.0,11.0,,4.0,26.0,2.0,2.0,2.0,,,,,,,,,,1.0,43.0
2021,1,11230660,장안2동,168,3.0,2.0,,2.0,21.0,1.0,2.0,,1.0,1.0,,,1.0,1.0,,,,,38.0
2021,1,11230705,청량리동,154,9.0,4.0,1.0,,16.0,2.0,1.0,1.0,1.0,1.0,,,,2.0,,,,,34.0
2021,1,11230710,회기동,84,3.0,5.0,1.0,,10.0,1.0,3.0,1.0,1.0,14.0,,,,,,,,,10.0
2021,1,11230720,휘경1동,82,2.0,1.0,,,12.0,,,,,,,,,1.0,,,,3.0,18.0
2021,1,11230730,휘경2동,84,5.0,1.0,1.0,,5.0,1.0,2.0,3.0,3.0,4.0,,,,,,,,,27.0
2021,1,11230740,이문1동,147,5.0,2.0,,,13.0,3.0,,,2.0,30.0,,,,,,,,1.0,26.0
2021,1,11230750,이문2동,71,2.0,,,,6.0,1.0,1.0,,,2.0,,,,,,,,1.0,17.0
2021,1,11260520,면목2동,112,3.0,,,1.0,11.0,2.0,2.0,,,,,8.0,,1.0,,,,,25.0
2021,1,11260540,면목4동,61,2.0,,,,5.0,1.0,1.0,1.0,,,,,,,,,,1.0,15.0
2021,1,11260550,면목5동,42,2.0,1.0,,,3.0,,,,,,,4.0,,,,,,,13.0
2021,1,11260565,면목본동,168,4.0,2.0,,,18.0,1.0,2.0,,,,,13.0,,1.0,,,,1.0,30.0
2021,1,11260570,면목7동,108,2.0,2.0,,1.0,11.0,,1.0,,,,,1.0,,,,,,,18.0
2021,1,11260575,면목3?8동,150,4.0,1.0,1.0,,17.0,1.0,2.0,2.0,1.0,8.0,,,,1.0,,,,1.0,34.0
2021,1,11260580,상봉1동,78,3.0,1.0,,1.0,8.0,2.0,1.0,2.0,1.0,,,,,,,,,4.0,12.0
2021,1,11260590,상봉2동,127,4.0,3.0,,1.0,10.0,,,,,,,,2.0,2.0,,,1.0,1.0,18.0
2021,1,11260600,중화1동,79,2.0,1.0,,1.0,7.0,1.0,2.0,2.0,1.0,,,,,,,,,,14.0
2021,1,11260610,중화2동,123,2.0,3.0,,,14.0,,,,,,,2.0,,,,,,3.0,32.0
2021,1,11260620,묵1동,144,4.0,2.0,,2.0,11.0,2.0,1.0,2.0,2.0,,,,,,,,,,34.0
2021,1,11260630,묵2동,92,3.0,4.0,,,7.0,,2.0,,,,,,1.0,,,,,1.0,19.0
2021,1,11260655,망우본동,238,9.0,4.0,1.0,4.0,25.0,1.0,2.0,3.0,4.0,,,9.0,,2.0,,,,2.0,54.0
2021,1,11260660,망우3동,54,1.0,1.0,,1.0,3.0,,2.0,,1.0,,,3.0,,,,,,,11.0
2021,1,11260680,신내1동,160,3.0,2.0,1.0,,13.0,2.0,2.0,,,,,,,,,,,1.0,53.0
2021,1,11260690,신내2동,104,6.0,3.0,,,12.0,3.0,4.0,,,,,,,,,,,,21.0
2021,1,11290525,성북동,166,6.0,4.0,,,6.0,2.0,1.0,3.0,2.0,5.0,,,,,,,,,55.0
2021,1,11290555,삼선동,163,7.0,5.0,,,14.0,,1.0,1.0,2.0,14.0,,,,,,,,2.0,46.0
2021,1,11290575,동선동,146,1.0,4.0,,1.0,13.0,1.0,2.0,2.0,1.0,12.0,,,1.0,,,,,1.0,19.0
2021,1,11290580,돈암1동,42,1.0,,,,2.0,2.0,2.0,2.0,1.0,,,,,,,,,,15.0
2021,1,11290590,돈암2동,88,4.0,2.0,,,4.0,6.0,1.0,,,,,,1.0,,,,,,38.0
2021,1,11290600,안암동,167,4.0,6.0,1.0,1.0,10.0,,1.0,1.0,1.0,71.0,,,,,,,,1.0,35.0
2021,1,11290610,보문동,77,4.0,4.0,,,6.0,,2.0,,,,,,,1.0,,,,2.0,10.0
2021,1,11290620,정릉1동,63,2.0,,,,6.0,2.0,,,,1.0,,,,,,,,,19.0
2021,1,11290630,정릉2동,110,4.0,3.0,,,6.0,1.0,2.0,,,,,,,,,,,1.0,50.0
2021,1,11290640,정릉3동,124,4.0,1.0,,,2.0,,1.0,3.0,1.0,28.0,,,,,,,,,38.0
2021,1,11290650,정릉4동,133,7.0,3.0,,,12.0,2.0,1.0,,2.0,11.0,,,,,,,,1.0,40.0
2021,1,11290660,길음1동,129,3.0,4.0,,,10.0,2.0,3.0,1.0,1.0,,,1.0,,,,,,1.0,26.0
2021,1,11290685,길음2동,112,5.0,,,3.0,14.0,,,,,,,,,,,,,,23.0
2021,1,11290705,종암동,189,7.0,2.0,,1.0,17.0,3.0,2.0,2.0,1.0,2.0,,,,,,,,,56.0
2021,1,11290715,월곡1동,108,2.0,3.0,,,10.0,,2.0,1.0,1.0,,,,,1.0,,,,,30.0
2021,1,11290725,월곡2동,135,6.0,4.0,,,12.0,2.0,,1.0,,12.0,,,,,,,,2.0,34.0
2021,1,11290760,장위1동,103,4.0,1.0,,,8.0,6.0,1.0,1.0,,,,,,,,,,,37.0
2021,1,11290770,장위2동,89,3.0,2.0,,,11.0,1.0,3.0,,,,,,,,,,,1.0,27.0
2021,1,11290780,장위3동,82,1.0,,,,5.0,1.0,2.0,1.0,,1.0,,1.0,,,,,,,39.0
2021,1,11290810,석관동,154,6.0,3.0,,,16.0,2.0,2.0,1.0,1.0,,,1.0,,2.0,,,,2.0,32.0
2021,1,11305534,삼양동,165,4.0,1.0,,,14.0,3.0,2.0,,1.0,,,,,,,,,3.0,34.0
2021,1,11305535,미아동,144,3.0,3.0,,1.0,14.0,,,,1.0,4.0,,,,,,,,1.0,28.0
2021,1,11305545,송중동,212,4.0,1.0,,2.0,18.0,4.0,2.0,,1.0,2.0,1.0,,1.0,,,,,,69.0
2021,1,11305555,송천동,164,9.0,5.0,,1.0,17.0,,1.0,2.0,2.0,,,2.0,,,,,,1.0,24.0
2021,1,11305575,삼각산동,114,2.0,1.0,,,9.0,1.0,,1.0,1.0,1.0,,,,,,,,,36.0
2021,1,11305595,번1동,136,3.0,3.0,,1.0,14.0,1.0,1.0,1.0,,,,,1.0,,,,,,30.0
2021,1,11305603,번2동,110,5.0,,,,7.0,1.0,,1.0,,,,,,1.0,,,,,54.0
2021,1,11305608,번3동,95,3.0,1.0,,,8.0,,2.0,,,,,,,,,,,,37.0
2021,1,11305615,수유1동,153,4.0,2.0,,,12.0,,2.0,3.0,1.0,,,1.0,,,,,,1.0,40.0
2021,1,11305625,수유2동,85,3.0,,,,12.0,3.0,,,,,,,,,,,,1.0,15.0
2021,1,11305635,수유3동,158,4.0,6.0,,1.0,16.0,,,1.0,,,,,1.0,,,,,1.0,30.0
2021,1,11305645,우이동,132,2.0,,,,7.0,1.0,,1.0,,2.0,,,,,,,,3.0,54.0
2021,1,11305660,인수동,175,13.0,2.0,1.0,2.0,14.0,2.0,2.0,2.0,,5.0,,1.0,,,,,,,57.0
2021,1,11320511,창1동,94,3.0,2.0,,,7.0,1.0,1.0,2.0,1.0,,,,,,,,,1.0,28.0
2021,1,11320512,창2동,95,3.0,,,1.0,8.0,1.0,1.0,,,,,,,,,,,,44.0
2021,1,11320513,창3동,66,1.0,,,,7.0,1.0,2.0,,,,,1.0,,,,,,,25.0
2021,1,11320514,창4동,130,7.0,4.0,,,8.0,1.0,2.0,1.0,2.0,,,,,,,,,,51.0
2021,1,11320515,창5동,119,7.0,3.0,,3.0,12.0,1.0,3.0,,,,,,2.0,,,,,2.0,24.0
2021,1,11320521,도봉1동,122,4.0,1.0,,,9.0,2.0,2.0,1.0,1.0,2.0,,1.0,,,,,,,38.0
2021,1,11320522,도봉2동,127,8.0,3.0,,,7.0,1.0,1.0,1.0,1.0,1.0,,,,1.0,,,,3.0,49.0
2021,1,11320660,쌍문1동,126,6.0,1.0,,1.0,4.0,1.0,3.0,,1.0,17.0,,,,,,,,,54.0
2021,1,11320670,쌍문2동,87,3.0,1.0,,1.0,10.0,1.0,1.0,1.0,,,,,,2.0,,,,,19.0
2021,1,11320680,쌍문3동,78,3.0,3.0,1.0,,12.0,,,1.0,,,,,,1.0,,,,1.0,17.0
2021,1,11320681,쌍문4동,64,1.0,,,,4.0,5.0,2.0,2.0,3.0,,,,,,,,,,23.0
2021,1,11320690,방학1동,148,6.0,6.0,,2.0,15.0,2.0,1.0,1.0,1.0,,,,,,,,,1.0,39.0
2021,1,11320700,방학2동,64,3.0,,,,7.0,,1.0,1.0,,,,,,,,,,,23.0
2021,1,11320710,방학3동,112,3.0,3.0,,,6.0,3.0,3.0,1.0,,,,,,,,,,,47.0
2021,1,11350560,월계1동,159,4.0,2.0,,,10.0,2.0,1.0,1.0,1.0,17.0,,,,,,,,,59.0
2021,1,11350570,월계2동,136,4.0,,,,5.0,3.0,2.0,3.0,4.0,11.0,,,,,,,,1.0,64.0
2021,1,11350580,월계3동,135,5.0,3.0,,,8.0,4.0,3.0,1.0,,,,,,,,,,2.0,47.0
2021,1,11350595,공릉1동,211,4.0,6.0,,4.0,21.0,3.0,3.0,,,1.0,,1.0,,,,,,3.0,54.0
2021,1,11350600,공릉2동,271,7.0,6.0,1.0,,14.0,3.0,4.0,4.0,2.0,64.0,,1.0,,,,,,1.0,63.0
2021,1,11350611,하계1동,133,4.0,3.0,1.0,,9.0,1.0,1.0,2.0,4.0,16.0,,,,,,,,,41.0
2021,1,11350612,하계2동,67,2.0,1.0,,,4.0,2.0,2.0,1.0,,,,,,,,,,1.0,28.0
2021,1,11350619,중계본동,95,5.0,2.0,,,7.0,3.0,2.0,,3.0,,,,,,,,,,21.0
2021,1,11350621,중계1동,85,2.0,3.0,,,7.0,,2.0,1.0,2.0,,,,,,,,,,18.0
2021,1,11350624,중계4동,81,2.0,3.0,,,14.0,1.0,1.0,3.0,2.0,,,,,,,,,,6.0
2021,1,11350625,중계2?3동,142,7.0,2.0,,,10.0,4.0,4.0,1.0,3.0,,,,2.0,,,,,1.0,39.0
2021,1,11350630,상계1동,190,5.0,2.0,,,14.0,3.0,3.0,2.0,1.0,,,,1.0,,,,,1.0,38.0
2021,1,11350640,상계2동,182,2.0,1.0,,2.0,19.0,1.0,1.0,1.0,,,,,1.0,,,,,2.0,33.0
2021,1,11350665,상계3?4동,107,4.0,1.0,,,9.0,3.0,2.0,,,1.0,,,,2.0,,,,1.0,11.0
2021,1,11350670,상계5동,105,2.0,1.0,,,11.0,,1.0,,,,,,,3.0,,,,1.0,36.0
2021,1,11350695,상계6?7동,253,9.0,11.0,1.0,1.0,29.0,,3.0,2.0,1.0,4.0,,,1.0,,,,,,40.0
2021,1,11350700,상계8동,92,3.0,3.0,,,7.0,,,1.0,,,,,,,,,,1.0,15.0
2021,1,11350710,상계9동,78,3.0,4.0,,,6.0,1.0,3.0,2.0,2.0,,,,,,,,,,18.0
2021,1,11350720,상계10동,64,3.0,,,,1.0,1.0,2.0,1.0,1.0,,,,,,,,,,30.0
2021,1,11380510,녹번동,148,8.0,3.0,,2.0,12.0,1.0,3.0,,,,,1.0,1.0,,,,,2.0,35.0
2021,1,11380520,불광1동,198,6.0,4.0,,1.0,17.0,4.0,2.0,,,,,,1.0,,,,,3.0,49.0
2021,1,11380530,불광2동,113,6.0,1.0,,,5.0,,3.0,3.0,1.0,,,3.0,,,,,,,32.0
2021,1,11380551,갈현1동,133,2.0,2.0,1.0,,13.0,1.0,,,,,,,,,,,,2.0,48.0
2021,1,11380552,갈현2동,121,3.0,1.0,,1.0,15.0,5.0,2.0,1.0,5.0,,,,,,,,,1.0,34.0
2021,1,11380560,구산동,127,3.0,,,1.0,8.0,3.0,3.0,2.0,3.0,,,,,,,,,,38.0
2021,1,11380570,대조동,205,3.0,5.0,,1.0,24.0,,2.0,,2.0,,,,1.0,,,,,,32.0
2021,1,11380580,응암1동,133,5.0,5.0,,1.0,20.0,1.0,1.0,1.0,1.0,,,,,,,,,,27.0
2021,1,11380590,응암2동,91,3.0,1.0,,1.0,10.0,2.0,1.0,,,,,,,,,,,,37.0
2021,1,11380600,응암3동,138,3.0,3.0,,1.0,16.0,1.0,1.0,2.0,1.0,,,2.0,,,,,,,31.0
2021,1,11380625,역촌동,176,5.0,5.0,,2.0,18.0,2.0,1.0,,,,,,,,,,,,51.0
2021,1,11380631,신사1동,94,3.0,,,,8.0,3.0,,1.0,,5.0,,,,,,,,1.0,22.0
2021,1,11380632,신사2동,82,4.0,,,,5.0,,3.0,1.0,1.0,,,,,,,,,1.0,35.0
2021,1,11380640,증산동,83,3.0,,,,8.0,1.0,1.0,2.0,,,,2.0,,,,,,1.0,16.0
2021,1,11380650,수색동,60,5.0,2.0,,,5.0,1.0,1.0,,,,,2.0,,,,,,1.0,22.0
2021,1,11380690,진관동,242,6.0,6.0,,,22.0,6.0,6.0,2.0,4.0,,,,1.0,,,,,1.0,81.0
2021,1,11410520,천연동,127,4.0,1.0,,,4.0,,1.0,1.0,1.0,11.0,,,,1.0,,,,,44.0
2021,1,11410555,북아현동,76,2.0,2.0,,1.0,7.0,1.0,1.0,,1.0,,,,,,,,,,17.0
2021,1,11410565,충현동,184,9.0,8.0,,,7.0,1.0,3.0,1.0,2.0,24.0,,,,,,,,3.0,58.0
2021,1,11410585,신촌동,368,6.0,10.0,1.0,,22.0,1.0,3.0,1.0,1.0,109.0,1.0,,4.0,3.0,,,,2.0,60.0
2021,1,11410615,연희동,201,7.0,7.0,,1.0,16.0,,1.0,3.0,1.0,13.0,,,1.0,1.0,,,,,70.0
2021,1,11410620,홍제1동,135,3.0,2.0,,,10.0,2.0,2.0,,,1.0,,,,1.0,,,,1.0,40.0
2021,1,11410640,홍제3동,129,3.0,3.0,,2.0,14.0,1.0,2.0,1.0,,3.0,,4.0,,6.0,,,,1.0,46.0
2021,1,11410655,홍제2동,56,1.0,,,,6.0,3.0,,,,,,,,1.0,,,,,15.0
2021,1,11410660,홍은1동,86,3.0,,,,7.0,1.0,1.0,,,,,,,1.0,,,,,32.0
2021,1,11410685,홍은2동,161,4.0,2.0,1.0,,8.0,,2.0,3.0,1.0,12.0,,,,,,,,,83.0
2021,1,11410690,남가좌1동,94,2.0,3.0,,1.0,9.0,,1.0,,,,,1.0,,1.0,,,,1.0,20.0
2021,1,11410700,남가좌2동,117,4.0,4.0,,,12.0,4.0,1.0,1.0,,8.0,,,,,,,,,24.0
2021,1,11410710,북가좌1동,60,1.0,2.0,,,5.0,2.0,1.0,1.0,1.0,,,,,,,,,,13.0
2021,1,11410720,북가좌2동,115,3.0,3.0,,,12.0,2.0,,,,,,,,,,,,,39.0
2021,1,11440555,아현동,145,5.0,8.0,,,16.0,1.0,1.0,1.0,1.0,,,,,1.0,,,,2.0,23.0
2021,1,11440565,공덕동,172,7.0,9.0,,,21.0,1.0,3.0,,,,,2.0,,,,,,4.0,39.0
2021,1,11440585,도화동,144,4.0,7.0,,,15.0,2.0,1.0,,,,,,1.0,1.0,,,,1.0,38.0
2021,1,11440590,용강동,90,7.0,6.0,,1.0,10.0,2.0,1.0,,,,,,,,,,,1.0,24.0
2021,1,11440600,대흥동,209,5.0,5.0,,,18.0,,3.0,1.0,1.0,27.0,,,,3.0,,,,3.0,38.0
2021,1,11440610,염리동,52,3.0,1.0,,,3.0,1.0,1.0,2.0,3.0,,,,,2.0,,,,,10.0
2021,1,11440630,신수동,76,4.0,1.0,,1.0,5.0,1.0,1.0,1.0,1.0,,,,,,,,,,24.0
2021,1,11440655,서강동,156,6.0,4.0,,,7.0,1.0,1.0,,,20.0,,,,,,,,2.0,64.0
2021,1,11440660,서교동,358,13.0,22.0,,,31.0,1.0,1.0,,,2.0,,,5.0,3.0,,,,7.0,88.0
2021,1,11440680,합정동,109,4.0,3.0,,,10.0,1.0,1.0,1.0,,,,,,,,,,,32.0
2021,1,11440690,망원1동,95,2.0,2.0,,,11.0,,,,,,,,,1.0,,,,,23.0
2021,1,11440700,망원2동,83,4.0,1.0,,,6.0,1.0,2.0,,,,,,,,,,,,33.0
2021,1,11440710,연남동,52,2.0,1.0,,,2.0,1.0,,1.0,2.0,,,,,,,,,,23.0
2021,1,11440720,성산1동,86,4.0,2.0,,,5.0,1.0,2.0,2.0,1.0,1.0,,,,1.0,,,,,29.0
2021,1,11440730,성산2동,158,6.0,3.0,,,13.0,2.0,3.0,2.0,,,,1.0,1.0,,,,,2.0,47.0
2021,1,11440740,상암동,247,10.0,11.0,,,14.0,3.0,3.0,1.0,1.0,,,1.0,,,,,,4.0,104.0
2021,1,11470510,목1동,190,5.0,12.0,,1.0,21.0,1.0,1.0,1.0,1.0,2.0,,,2.0,,,,,2.0,29.0
2021,1,11470520,목2동,97,3.0,2.0,,1.0,13.0,3.0,1.0,,,,,,,1.0,,,,1.0,18.0
2021,1,11470530,목3동,96,3.0,4.0,,,11.0,1.0,,1.0,,,,,,,,,,,7.0
2021,1,11470540,목4동,84,3.0,3.0,,,9.0,1.0,1.0,1.0,1.0,,,,,,,,,,14.0
2021,1,11470550,목5동,143,8.0,9.0,1.0,,12.0,4.0,3.0,2.0,2.0,,,,,,,,,,52.0
2021,1,11470560,신월1동,71,3.0,3.0,,,12.0,1.0,,,,,,,,,,,,,9.0
2021,1,11470570,신월2동,65,3.0,1.0,,,6.0,1.0,2.0,2.0,,,,,,,,,,,12.0
2021,1,11470580,신월3동,70,2.0,1.0,,,7.0,1.0,1.0,2.0,3.0,,,,,,,,,,8.0
2021,1,11470590,신월4동,63,2.0,1.0,,,6.0,3.0,1.0,,,,,,,,,,,,11.0
2021,1,11470600,신월5동,54,3.0,,,1.0,3.0,2.0,1.0,2.0,,,,,,,,,,,12.0
2021,1,11470610,신월6동,47,1.0,2.0,,1.0,5.0,1.0,1.0,1.0,,,,,,,,,,,15.0
2021,1,11470611,신월7동,74,6.0,1.0,,,10.0,2.0,,1.0,,,,,,,,,,,21.0
2021,1,11470620,신정1동,94,7.0,3.0,,,9.0,2.0,2.0,1.0,,,,,,,,,,,26.0
2021,1,11470630,신정2동,71,3.0,1.0,,,7.0,1.0,2.0,1.0,,,,,,,,,,,20.0
2021,1,11470640,신정3동,203,4.0,1.0,,,15.0,1.0,3.0,1.0,4.0,,,,,,,,,1.0,81.0
2021,1,11470650,신정4동,161,3.0,8.0,1.0,1.0,16.0,3.0,2.0,,2.0,,,,,,,,,1.0,18.0
2021,1,11470670,신정6동,72,7.0,6.0,,,2.0,2.0,,1.0,1.0,,,,,,,,,,31.0
2021,1,11470680,신정7동,107,3.0,2.0,,,8.0,3.0,3.0,1.0,1.0,,,,,,,,,1.0,30.0
2021,1,11500510,염창동,147,5.0,3.0,,1.0,15.0,,2.0,2.0,,,,,,,,,,2.0,35.0
2021,1,11500520,등촌1동,95,1.0,5.0,,1.0,10.0,,1.0,,,,,,1.0,,,,,,20.0
2021,1,11500530,등촌2동,58,3.0,,,1.0,6.0,2.0,2.0,2.0,2.0,,,,,,,,,,8.0
2021,1,11500535,등촌3동,184,6.0,3.0,1.0,2.0,18.0,2.0,5.0,2.0,4.0,,,,1.0,,,,,,55.0
2021,1,11500540,화곡1동,226,3.0,2.0,,2.0,26.0,,2.0,1.0,,,,,1.0,,,,,2.0,27.0
2021,1,11500550,화곡2동,65,2.0,,,,3.0,2.0,1.0,,,,,,,,,,,,30.0
2021,1,11500560,화곡3동,87,4.0,3.0,,,8.0,2.0,,,,,,,,,,,,,12.0
2021,1,11500570,화곡4동,101,4.0,2.0,,,14.0,3.0,1.0,,2.0,,,,,,,,,,30.0
2021,1,11500590,화곡본동,145,3.0,,,1.0,11.0,1.0,2.0,,,,,,,,,,,,31.0
2021,1,11500591,화곡6동,118,7.0,5.0,,,8.0,2.0,1.0,,,9.0,,,,,,,,,29.0
2021,1,11500593,화곡8동,95,2.0,3.0,,,8.0,1.0,,,,,,,,,,,,1.0,33.0
2021,1,11500603,가양1동,279,5.0,13.0,,,20.0,3.0,1.0,1.0,1.0,,,,1.0,2.0,,,,5.0,69.0
2021,1,11500604,가양2동,75,4.0,3.0,,,7.0,3.0,1.0,1.0,1.0,,,,,,,,,1.0,14.0
2021,1,11500605,가양3동,52,3.0,,,,4.0,3.0,2.0,1.0,1.0,,,,,,,,,1.0,13.0
2021,1,11500611,발산1동,246,3.0,9.0,1.0,2.0,33.0,2.0,3.0,4.0,8.0,,,1.0,,,,,,,63.0
2021,1,11500615,우장산동,158,4.0,4.0,,3.0,12.0,3.0,2.0,,,5.0,,,,,,,,1.0,33.0
2021,1,11500620,공항동,176,6.0,7.0,1.0,,11.0,1.0,2.0,2.0,,4.0,,,,,21.0,,,2.0,39.0
2021,1,11500630,방화1동,200,2.0,3.0,,2.0,21.0,4.0,3.0,1.0,3.0,,,,,1.0,,,,1.0,46.0
2021,1,11500640,방화2동,124,4.0,,,,7.0,3.0,1.0,1.0,,,,2.0,1.0,,4.0,,,5.0,37.0
2021,1,11500641,방화3동,83,5.0,1.0,,,5.0,2.0,3.0,2.0,1.0,1.0,,,,,,,,1.0,22.0
2021,1,11530510,신도림동,168,5.0,4.0,,,12.0,2.0,1.0,1.0,1.0,1.0,,2.0,1.0,1.0,,,,3.0,43.0
2021,1,11530520,구로1동,88,4.0,1.0,,,5.0,3.0,1.0,1.0,1.0,,,4.0,,,,,,,25.0
2021,1,11530530,구로2동,197,6.0,12.0,1.0,1.0,21.0,1.0,1.0,,1.0,,,7.0,,16.0,,,,1.0,48.0
2021,1,11530540,구로3동,187,7.0,18.0,,,15.0,1.0,2.0,1.0,,,,,,5.0,,,,2.0,47.0
2021,1,11530550,구로4동,139,5.0,3.0,,,15.0,2.0,1.0,1.0,,,,1.0,,19.0,,,,,13.0
2021,1,11530560,구로5동,167,5.0,4.0,,2.0,18.0,,3.0,1.0,1.0,2.0,1.0,,3.0,,,,,1.0,49.0
2021,1,11530595,가리봉동,74,,,,,6.0,,1.0,,1.0,,,,,23.0,,,,,8.0
2021,1,11530720,고척1동,135,5.0,4.0,1.0,1.0,9.0,,3.0,1.0,1.0,12.0,,8.0,,4.0,,,,,31.0
2021,1,11530730,고척2동,128,5.0,2.0,,1.0,11.0,,2.0,1.0,1.0,,,,,,,,,,40.0
2021,1,11530740,개봉1동,163,5.0,3.0,,1.0,11.0,2.0,1.0,2.0,,4.0,,1.0,,,,,,1.0,57.0
2021,1,11530750,개봉2동,116,3.0,3.0,,,10.0,2.0,,,,,,1.0,1.0,,,,,,26.0
2021,1,11530760,개봉3동,81,3.0,2.0,,,9.0,1.0,3.0,1.0,,,,1.0,1.0,,,,,,23.0
2021,1,11530770,오류1동,122,5.0,4.0,,,11.0,3.0,1.0,,,,,,,,,,,1.0,22.0
2021,1,11530780,오류2동,209,3.0,1.0,,1.0,9.0,6.0,3.0,2.0,1.0,,,,,,,,,1.0,86.0
2021,1,11530790,수궁동,154,3.0,1.0,,,5.0,2.0,1.0,1.0,6.0,,,1.0,,,,,,3.0,69.0
2021,1,11530800,항동,64,1.0,,,,2.0,1.0,1.0,,,10.0,,,,,,,,,37.0
2021,1,11545510,가산동,304,10.0,25.0,,1.0,21.0,2.0,,,,,,,1.0,17.0,,,,3.0,111.0
2021,1,11545610,독산1동,217,3.0,6.0,,2.0,17.0,2.0,4.0,3.0,,,,,1.0,3.0,,,,,74.0
2021,1,11545620,독산2동,73,2.0,1.0,,,8.0,,2.0,,,1.0,,,,,,,,,11.0
2021,1,11545630,독산3동,119,4.0,4.0,,,14.0,2.0,2.0,2.0,1.0,,,1.0,,,,,,,29.0
2021,1,11545640,독산4동,64,5.0,2.0,,1.0,4.0,,1.0,,,,,,,,,,,,16.0
2021,1,11545670,시흥1동,223,9.0,7.0,1.0,2.0,25.0,2.0,3.0,1.0,1.0,,,,,3.0,,,,1.0,52.0
2021,1,11545680,시흥2동,76,2.0,,,,3.0,2.0,3.0,1.0,2.0,,,,,,,,,,30.0
2021,1,11545690,시흥3동,66,3.0,3.0,,,5.0,,1.0,1.0,1.0,,,,,1.0,,,,,21.0
2021,1,11545700,시흥4동,72,1.0,1.0,,,6.0,,1.0,1.0,,,,,,,,,,,27.0
2021,1,11545710,시흥5동,106,3.0,,,,16.0,2.0,3.0,,,,,,,,,,,,37.0
2021,1,11560515,영등포본동,94,4.0,,,,10.0,2.0,2.0,1.0,2.0,,,,1.0,2.0,,,,1.0,23.0
2021,1,11560535,영등포동,325,10.0,17.0,2.0,2.0,37.0,,1.0,,,1.0,,,1.0,16.0,,,,1.0,41.0
2021,1,11560540,여의동,399,23.0,70.0,1.0,,44.0,,2.0,2.0,2.0,,,,1.0,,,,,5.0,61.0
2021,1,11560550,당산1동,131,6.0,5.0,,1.0,8.0,1.0,,,,,,,,12.0,,,,2.0,23.0
2021,1,11560560,당산2동,192,6.0,4.0,,,20.0,3.0,2.0,2.0,,,,,,,,,,2.0,46.0
2021,1,11560585,도림동,66,2.0,,,,6.0,2.0,,,,,,,,,,,,,28.0
2021,1,11560605,문래동,185,8.0,9.0,,,17.0,,3.0,2.0,,,,,,2.0,,,,1.0,56.0
2021,1,11560610,양평1동,87,5.0,3.0,,1.0,6.0,,1.0,,1.0,,,,,1.0,,,,1.0,22.0
2021,1,11560620,양평2동,131,8.0,6.0,,,7.0,1.0,2.0,1.0,2.0,,,,,3.0,,,,1.0,35.0
2021,1,11560630,신길1동,85,1.0,2.0,1.0,1.0,13.0,,1.0,,,,,,,4.0,,,,2.0,25.0
2021,1,11560650,신길3동,102,3.0,5.0,,1.0,12.0,3.0,1.0,,,,,,,2.0,,,,,32.0
2021,1,11560660,신길4동,43,1.0,1.0,,,2.0,2.0,1.0,,,,,,,,,,,,13.0
2021,1,11560670,신길5동,66,3.0,,,,,1.0,1.0,1.0,1.0,,,,,5.0,,,,,31.0
2021,1,11560680,신길6동,123,4.0,1.0,,1.0,14.0,1.0,1.0,,1.0,,,1.0,,2.0,,,,1.0,29.0
2021,1,11560690,신길7동,78,5.0,1.0,,,7.0,1.0,1.0,,,,,,,1.0,,,,1.0,32.0
2021,1,11560700,대림1동,81,2.0,4.0,2.0,,18.0,,1.0,1.0,,,,2.0,,3.0,,,,,16.0
2021,1,11560710,대림2동,86,4.0,2.0,1.0,,16.0,,2.0,,,1.0,,,,1.0,,,,,13.0
2021,1,11560720,대림3동,126,2.0,7.0,,1.0,11.0,3.0,2.0,1.0,,2.0,,1.0,,,,,,2.0,46.0
2021,1,11590510,노량진1동,180,5.0,4.0,,,14.0,2.0,3.0,1.0,,1.0,,,,2.0,,,,3.0,57.0
2021,1,11590520,노량진2동,72,5.0,4.0,,1.0,14.0,1.0,,,,,,,,1.0,,,,,14.0
2021,1,11590530,상도1동,201,5.0,4.0,,1.0,16.0,2.0,2.0,1.0,,23.0,,,,,,,,2.0,47.0
2021,1,11590540,상도2동,154,6.0,3.0,,,16.0,1.0,1.0,1.0,,,,1.0,,1.0,,,,1.0,41.0
2021,1,11590550,상도3동,113,2.0,2.0,,,11.0,,,1.0,,,,1.0,,,,,,,36.0
2021,1,11590560,상도4동,112,3.0,1.0,,1.0,11.0,4.0,1.0,1.0,,,,,1.0,,,,,,36.0
2021,1,11590605,흑석동,195,6.0,6.0,1.0,,24.0,5.0,3.0,2.0,,16.0,,,,1.0,,,,1.0,50.0
2021,1,11590620,사당1동,126,4.0,6.0,,2.0,12.0,1.0,1.0,,,1.0,,,1.0,1.0,,,,2.0,13.0
2021,1,11590630,사당2동,179,3.0,2.0,,,14.0,,1.0,1.0,2.0,,,,,2.0,,,,4.0,36.0
2021,1,11590640,사당3동,88,3.0,1.0,,,5.0,,2.0,1.0,,3.0,,1.0,,,,,,1.0,30.0
2021,1,11590650,사당4동,62,2.0,1.0,,,6.0,,,1.0,,,,1.0,,,,,,,4.0
2021,1,11590651,사당5동,61,4.0,,,,3.0,1.0,2.0,1.0,1.0,,,,,,,,,,28.0
2021,1,11590660,대방동,199,5.0,5.0,,,16.0,3.0,3.0,4.0,4.0,,,,,,,,,2.0,61.0
2021,1,11590670,신대방1동,83,3.0,1.0,,,10.0,3.0,1.0,1.0,,1.0,,,,,,,,1.0,15.0
2021,1,11590680,신대방2동,109,7.0,7.0,1.0,,16.0,,1.0,1.0,1.0,,,,,,,,,,29.0
2021,1,11620525,보라매동,83,1.0,1.0,,,5.0,,1.0,1.0,1.0,,,,,,,,,,25.0
2021,1,11620545,청림동,50,2.0,,,,4.0,2.0,,,,,,,,2.0,,,,,7.0
2021,1,11620565,성현동,104,4.0,,,,6.0,3.0,2.0,1.0,1.0,,,,,,,,,,38.0
2021,1,11620575,행운동,111,3.0,3.0,1.0,2.0,12.0,1.0,2.0,2.0,1.0,,,,,,,,,,15.0
2021,1,11620585,낙성대동,148,2.0,3.0,,,10.0,,1.0,,,37.0,,,,2.0,,,,,37.0
2021,1,11620595,청룡동,147,5.0,6.0,,1.0,23.0,,2.0,2.0,3.0,,,1.0,1.0,1.0,,,,1.0,15.0
2021,1,11620605,은천동,123,6.0,,,,9.0,3.0,1.0,,1.0,,,,,,,,,,43.0
2021,1,11620615,중앙동,83,1.0,3.0,,1.0,14.0,,1.0,,,,,,,,,,,1.0,12.0
2021,1,11620625,인헌동,105,2.0,5.0,,,14.0,1.0,,1.0,1.0,,,2.0,,,,,,1.0,23.0
2021,1,11620630,남현동,70,3.0,1.0,,,6.0,1.0,1.0,,,1.0,,,,,,,,,6.0
2021,1,11620645,서원동,94,3.0,1.0,1.0,1.0,9.0,,,1.0,,,,,1.0,,,,,,27.0
2021,1,11620655,신원동,54,6.0,1.0,,,7.0,,1.0,,,1.0,,,,,,,,,10.0
2021,1,11620665,서림동,74,2.0,,,,5.0,1.0,1.0,1.0,,,,,,,,,,,34.0
2021,1,11620685,신사동,79,3.0,2.0,,1.0,10.0,1.0,1.0,,,1.0,,1.0,,,,,,,21.0
2021,1,11620695,신림동,168,2.0,3.0,,,17.0,,,,,,,,,4.0,,,,1.0,16.0
2021,1,11620715,난향동,68,1.0,,,,5.0,,1.0,,,,,,,,,,,,34.0
2021,1,11620725,조원동,96,3.0,1.0,,1.0,12.0,,1.0,,,,,1.0,,,,,,,30.0
2021,1,11620735,대학동,283,5.0,6.0,,,11.0,,1.0,1.0,2.0,140.0,,,,,,,,,73.0
2021,1,11620745,삼성동,94,3.0,,,,7.0,,2.0,,1.0,,,,,3.0,,,,,44.0
2021,1,11620765,미성동,126,3.0,3.0,,1.0,11.0,1.0,2.0,2.0,2.0,,,,,1.0,,,,,44.0
2021,1,11620775,난곡동,95,2.0,1.0,,,11.0,2.0,1.0,2.0,1.0,,,1.0,,,,,,,28.0
2021,1,11650510,서초1동,194,4.0,10.0,,1.0,14.0,,2.0,,,13.0,,,,,,,,2.0,38.0
2021,1,11650520,서초2동,217,8.0,26.0,,,24.0,,1.0,1.0,1.0,,,,,1.0,,,,2.0,47.0
2021,1,11650530,서초3동,332,25.0,30.0,,3.0,30.0,1.0,1.0,1.0,3.0,2.0,,,,,,,1.0,2.0,77.0
2021,1,11650531,서초4동,257,2.0,13.0,,1.0,31.0,2.0,2.0,1.0,,,,,1.0,,,,,,36.0
2021,1,11650540,잠원동,135,3.0,8.0,,,13.0,1.0,1.0,1.0,,,,,,,,,,2.0,23.0
2021,1,11650550,반포본동,33,1.0,3.0,,,2.0,,1.0,2.0,2.0,,,1.0,,,,,,1.0,5.0
2021,1,11650560,반포1동,140,6.0,6.0,,1.0,20.0,1.0,2.0,1.0,1.0,,,,,,,,,1.0,26.0
2021,1,11650570,반포2동,74,4.0,5.0,,,5.0,,2.0,1.0,,,,1.0,,,,,,1.0,25.0
2021,1,11650580,반포3동,109,3.0,7.0,,,11.0,,1.0,1.0,,,,,,,,,,,18.0
2021,1,11650581,반포4동,130,7.0,12.0,1.0,,12.0,,,1.0,,3.0,,,1.0,,,,,3.0,33.0
2021,1,11650590,방배본동,103,2.0,6.0,,,16.0,,1.0,,,,,1.0,,,,,,,25.0
2021,1,11650600,방배1동,102,3.0,4.0,,1.0,10.0,,1.0,,,3.0,,1.0,,,,,,1.0,19.0
2021,1,11650610,방배2동,114,4.0,2.0,,,3.0,,1.0,1.0,1.0,,,1.0,,1.0,,,,1.0,37.0
2021,1,11650620,방배3동,112,4.0,3.0,,2.0,6.0,,2.0,,1.0,7.0,,,,,,,,,50.0
2021,1,11650621,방배4동,156,3.0,10.0,,,11.0,,1.0,,1.0,4.0,,,,1.0,,,,1.0,31.0
2021,1,11650651,양재1동,263,12.0,11.0,,1.0,20.0,3.0,4.0,1.0,,1.0,,,,,,,,2.0,86.0
2021,1,11650652,양재2동,147,2.0,16.0,,,11.0,,1.0,2.0,1.0,,,1.0,,,,,,1.0,57.0
2021,1,11650660,내곡동,161,5.0,1.0,,1.0,2.0,2.0,1.0,,,3.0,,1.0,,,,,,1.0,85.0
2021,1,11680510,신사동,260,3.0,14.0,,,36.0,2.0,1.0,1.0,2.0,,1.0,,1.0,,,,,1.0,12.0
2021,1,11680521,논현1동,300,4.0,15.0,,4.0,42.0,,1.0,,,,,1.0,8.0,,,,,3.0,23.0
2021,1,11680531,논현2동,240,8.0,16.0,,5.0,29.0,1.0,1.0,1.0,,4.0,,,2.0,,,,,1.0,33.0
2021,1,11680545,압구정동,313,4.0,25.0,,5.0,30.0,1.0,1.0,2.0,2.0,,2.0,1.0,3.0,,,,,2.0,18.0
2021,1,11680565,청담동,288,11.0,19.0,,4.0,27.0,2.0,2.0,1.0,1.0,1.0,,,,,,,,3.0,23.0
2021,1,11680580,삼성1동,199,6.0,26.0,,3.0,13.0,1.0,1.0,1.0,1.0,,1.0,,1.0,,,,,3.0,38.0
2021,1,11680590,삼성2동,177,10.0,11.0,,,11.0,,1.0,1.0,,1.0,,,,,,,,4.0,28.0
2021,1,11680600,대치1동,130,4.0,11.0,,,13.0,1.0,1.0,1.0,2.0,1.0,,,,,,,,,24.0
2021,1,11680610,대치2동,210,6.0,26.0,,2.0,20.0,,2.0,1.0,1.0,,,,,,,,,2.0,39.0
2021,1,11680630,대치4동,159,4.0,12.0,1.0,1.0,18.0,,1.0,,,1.0,1.0,,,,,,,,14.0
2021,1,11680640,역삼1동,542,15.0,49.0,1.0,3.0,64.0,1.0,1.0,,,,,,3.0,1.0,,,,1.0,44.0
2021,1,11680650,역삼2동,195,3.0,14.0,,2.0,25.0,,1.0,2.0,1.0,1.0,,,,,,,,,31.0
2021,1,11680655,도곡1동,142,4.0,9.0,1.0,4.0,20.0,2.0,1.0,2.0,1.0,,,,,,,,,1.0,27.0
2021,1,11680656,도곡2동,118,7.0,23.0,,,10.0,2.0,1.0,1.0,2.0,,,,,,,,,3.0,25.0
2021,1,11680660,개포1동,38,1.0,1.0,,,1.0,,1.0,2.0,,,,,,,,,,,29.0
2021,1,11680670,개포2동,135,3.0,3.0,,,9.0,5.0,4.0,1.0,3.0,,,,,,,,,3.0,50.0
2021,1,11680690,개포4동,115,3.0,4.0,,,7.0,,2.0,1.0,1.0,,,,,,,,,,49.0
2021,1,11680700,세곡동,191,4.0,1.0,,,9.0,3.0,4.0,1.0,1.0,,,,,,,,,,95.0
2021,1,11680720,일원본동,103,2.0,6.0,1.0,,15.0,2.0,2.0,1.0,2.0,,,,,,,,,1.0,32.0
2021,1,11680730,일원1동,74,4.0,1.0,,,11.0,1.0,2.0,,1.0,,,,,,,,,,18.0
2021,1,11680740,일원2동,66,3.0,3.0,,,6.0,2.0,1.0,1.0,,,,,,,,,,1.0,13.0
2021,1,11680750,수서동,89,3.0,3.0,,,11.0,2.0,1.0,1.0,2.0,,,,,,,,,2.0,23.0
2021,1,11710510,풍납1동,48,3.0,,,1.0,6.0,1.0,1.0,,,,,,,,,,,,6.0
2021,1,11710520,풍납2동,125,5.0,5.0,1.0,,26.0,2.0,2.0,3.0,1.0,3.0,,,,,,,,1.0,24.0
2021,1,11710531,거여1동,48,2.0,,,,2.0,,1.0,,1.0,,,,,1.0,,,,1.0,6.0
2021,1,11710532,거여2동,78,3.0,3.0,,1.0,12.0,1.0,1.0,1.0,,,,,,,,,,,11.0
2021,1,11710540,마천1동,73,4.0,1.0,,,8.0,1.0,1.0,,,,,,,1.0,,,,1.0,15.0
2021,1,11710550,마천2동,93,3.0,2.0,,,14.0,,1.0,,,,,,,,,,,,12.0
2021,1,11710561,방이1동,73,2.0,1.0,,,10.0,2.0,2.0,1.0,1.0,,,,,,,,,1.0,11.0
2021,1,11710562,방이2동,164,3.0,5.0,,,18.0,,1.0,1.0,,,,,,,,,,1.0,13.0
2021,1,11710566,오륜동,74,4.0,6.0,,,6.0,1.0,2.0,2.0,3.0,11.0,,,,,,,,3.0,15.0
2021,1,11710570,오금동,134,5.0,5.0,,,13.0,3.0,3.0,4.0,2.0,,,,,,,,,3.0,27.0
2021,1,11710580,송파1동,102,2.0,4.0,,3.0,14.0,1.0,1.0,,,,,,,,,,,2.0,13.0
2021,1,11710590,송파2동,79,3.0,1.0,,,11.0,3.0,1.0,2.0,3.0,,,,,,,,,,7.0
2021,1,11710600,석촌동,159,3.0,7.0,,2.0,27.0,3.0,2.0,,,,,,,,,,,,20.0
2021,1,11710610,삼전동,118,4.0,2.0,,,14.0,3.0,1.0,1.0,1.0,,,,,1.0,,,,1.0,12.0
2021,1,11710620,가락본동,144,5.0,9.0,1.0,5.0,21.0,1.0,2.0,2.0,,,,,,,,,,,21.0
2021,1,11710631,가락1동,82,2.0,8.0,,,13.0,1.0,1.0,1.0,,,,1.0,,,,,,3.0,16.0
2021,1,11710632,가락2동,143,3.0,6.0,,,17.0,4.0,2.0,1.0,,,,,,,,,,1.0,22.0
2021,1,11710641,문정1동,70,3.0,1.0,,,5.0,1.0,1.0,1.0,,,,,,,,,,,19.0
2021,1,11710642,문정2동,149,10.0,12.0,,1.0,22.0,,1.0,,,,,,2.0,,,,,3.0,14.0
2021,1,11710646,장지동,136,4.0,3.0,,,10.0,1.0,2.0,1.0,3.0,,,,1.0,,,,,1.0,41.0
2021,1,11710647,위례동,84,3.0,1.0,,,5.0,2.0,2.0,1.0,,,,,,,,,,,32.0
2021,1,11710650,잠실본동,192,5.0,9.0,,1.0,24.0,,1.0,,,,,,,,,,,1.0,12.0
2021,1,11710670,잠실2동,91,4.0,6.0,,,14.0,1.0,2.0,2.0,2.0,,,,,,,,,1.0,5.0
2021,1,11710680,잠실3동,103,5.0,9.0,,,11.0,1.0,3.0,,1.0,,,,,,,,,,16.0
2021,1,11710690,잠실4동,74,3.0,3.0,,,10.0,1.0,2.0,,1.0,,,,,,,,,2.0,7.0
2021,1,11710710,잠실6동,144,4.0,17.0,,1.0,23.0,,1.0,1.0,,,,,1.0,,,,,2.0,13.0
2021,1,11710720,잠실7동,30,2.0,4.0,,,4.0,,1.0,2.0,1.0,,,,,,,,,2.0,3.0
2021,1,11740515,강일동,187,5.0,3.0,,,12.0,2.0,2.0,2.0,1.0,,,,,,,,,3.0,79.0
2021,1,11740520,상일동,105,4.0,2.0,1.0,,8.0,4.0,2.0,2.0,5.0,,,,,,,,,,37.0
2021,1,11740530,명일1동,151,5.0,6.0,,2.0,17.0,,1.0,,,,,,,,,,,1.0,22.0
2021,1,11740540,명일2동,107,3.0,6.0,,,18.0,4.0,2.0,,1.0,,,,,,,,,,18.0
2021,1,11740550,고덕1동,92,3.0,,,,4.0,1.0,2.0,1.0,1.0,,,,,,,,,1.0,26.0
2021,1,11740560,고덕2동,78,3.0,1.0,,,9.0,1.0,2.0,1.0,2.0,,,,,,,,,1.0,25.0
2021,1,11740570,암사1동,90,2.0,1.0,,,8.0,1.0,1.0,,,1.0,,1.0,,,,,,,13.0
2021,1,11740580,암사2동,61,1.0,3.0,,,6.0,1.0,2.0,,,,,,,,,,,1.0,6.0
2021,1,11740590,암사3동,50,2.0,1.0,,,5.0,1.0,,2.0,1.0,,,,,,,,,,12.0
2021,1,11740600,천호1동,92,4.0,1.0,,,11.0,,1.0,1.0,1.0,1.0,,,1.0,,,,,1.0,11.0
2021,1,11740610,천호2동,203,4.0,3.0,,1.0,26.0,1.0,1.0,1.0,,,,,,3.0,,,,,22.0
2021,1,11740620,천호3동,115,4.0,3.0,,2.0,14.0,,,1.0,,,,,,1.0,,,,,11.0
2021,1,11740640,성내1동,98,6.0,4.0,,2.0,9.0,1.0,2.0,1.0,,1.0,,,1.0,,,,,,20.0
2021,1,11740650,성내2동,113,2.0,3.0,,4.0,14.0,,,,,,,,1.0,,,,,3.0,16.0
2021,1,11740660,성내3동,136,4.0,5.0,,,13.0,2.0,,,,2.0,,,,,,,,1.0,13.0
2021,1,11740685,길동,242,6.0,10.0,1.0,4.0,34.0,4.0,3.0,1.0,,1.0,,,,,,,,1.0,36.0
2021,1,11740690,둔촌1동,14,,,,,,,2.0,,1.0,,,,,,,,,1.0,6.0
2021,1,11740700,둔촌2동,129,5.0,4.0,1.0,,17.0,2.0,1.0,2.0,1.0,,,,,,,,,1.0,32.0
2021,2,11110515,청운효자동,93,6.0,3.0,,,4.0,1.0,1.0,2.0,2.0,8.0,,,,,,,,,26.0
2021,2,11110530,사직동,206,18.0,24.0,,,15.0,,1.0,,1.0,1.0,,,3.0,,,,,2.0,34.0
2021,2,11110540,삼청동,49,10.0,4.0,,1.0,1.0,,,1.0,1.0,2.0,,,,,,,,,16.0
2021,2,11110550,부암동,84,4.0,2.0,,,1.0,1.0,2.0,1.0,1.0,14.0,,,,,,,,,38.0
2021,2,11110560,평창동,162,6.0,2.0,,1.0,5.0,1.0,,,1.0,2.0,,,,,,,,,91.0
2021,2,11110570,무악동,42,2.0,1.0,1.0,,4.0,1.0,1.0,,,,,,,,,,,1.0,7.0
2021,2,11110580,교남동,78,4.0,3.0,2.0,,17.0,,,,1.0,1.0,,,,,,,,,26.0
2021,2,11110600,가회동,63,5.0,3.0,,,1.0,1.0,1.0,1.0,2.0,1.0,,,,,,,,,22.0
2021,2,11110615,종로1?2?3?4가동,500,19.0,35.0,,,47.0,1.0,2.0,,,4.0,,1.0,5.0,17.0,,,,5.0,72.0
2021,2,11110630,종로5?6가동,212,7.0,8.0,,,31.0,,1.0,,,1.0,,4.0,,3.0,,,,1.0,23.0
2021,2,11110640,이화동,119,4.0,4.0,1.0,,11.0,,,2.0,,37.0,,,,,,,,1.0,28.0
2021,2,11110650,혜화동,145,6.0,5.0,,,16.0,3.0,1.0,1.0,4.0,26.0,,,1.0,,,,,,36.0
2021,2,11110670,창신1동,111,3.0,4.0,,,9.0,,2.0,,,,,1.0,,7.0,,,,2.0,11.0
2021,2,11110680,창신2동,38,2.0,1.0,,,5.0,,,,,,,,,,,,,,
2021,2,11110690,창신3동,24,3.0,,,,1.0,,1.0,,1.0,,,,,,,,,1.0,5.0
2021,2,11110700,숭인1동,43,3.0,1.0,,,3.0,1.0,,,,,,,,,,,,,14.0
2021,2,11110710,숭인2동,89,4.0,3.0,,1.0,4.0,,,,,,,2.0,,3.0,,,,2.0,6.0
2021,2,11140520,소공동,231,13.0,29.0,,,10.0,,1.0,4.0,3.0,,1.0,,3.0,3.0,,,,3.0,37.0
2021,2,11140540,회현동,211,9.0,17.0,,,16.0,1.0,,,,2.0,,2.0,1.0,2.0,,,,6.0,35.0
2021,2,11140550,명동,542,20.0,46.0,,,35.0,,1.0,,,4.0,,,3.0,12.0,,,,1.0,29.0
2021,2,11140570,필동,123,6.0,9.0,1.0,,7.0,,2.0,,1.0,19.0,,,2.0,1.0,,,,2.0,15.0
2021,2,11140580,장충동,63,6.0,2.0,,,1.0,,1.0,,,3.0,,,1.0,2.0,,,,1.0,13.0
2021,2,11140590,광희동,185,3.0,16.0,1.0,,14.0,,,1.0,,,,1.0,3.0,11.0,,,,3.0,19.0
2021,2,11140605,을지로동,145,5.0,10.0,,,13.0,,,,,,,1.0,2.0,3.0,,,,4.0,20.0
2021,2,11140615,신당동,99,7.0,5.0,,1.0,12.0,,1.0,1.0,3.0,,,3.0,,1.0,,,,2.0,8.0
2021,2,11140625,다산동,86,3.0,4.0,,1.0,9.0,,1.0,1.0,1.0,,,,,1.0,,,,1.0,7.0
2021,2,11140635,약수동,87,4.0,2.0,,1.0,12.0,2.0,,,,,,,,,,,,2.0,12.0
2021,2,11140645,청구동,34,2.0,,,,3.0,1.0,2.0,1.0,1.0,,,,,,,,,,5.0
2021,2,11140650,신당5동,65,4.0,2.0,,,5.0,,1.0,,2.0,,,,,,,,,,12.0
2021,2,11140665,동화동,47,3.0,1.0,,,5.0,,1.0,1.0,,,,,,,,,,2.0,4.0
2021,2,11140670,황학동,76,1.0,6.0,,,10.0,,,,,,,,,7.0,,,,,6.0
2021,2,11140680,중림동,77,3.0,2.0,,,7.0,,1.0,,2.0,1.0,,,,5.0,,,,,14.0
2021,2,11170510,후암동,80,6.0,1.0,,,7.0,1.0,2.0,,1.0,,,2.0,,,,,,,18.0
2021,2,11170520,용산2가동,63,3.0,,,,4.0,,1.0,2.0,2.0,,,,,,,,,1.0,29.0
2021,2,11170530,남영동,147,7.0,5.0,,,14.0,,,1.0,,,,,,12.0,,,,3.0,26.0
2021,2,11170555,청파동,128,7.0,2.0,,1.0,11.0,,2.0,2.0,4.0,22.0,,1.0,,1.0,,,,,35.0
2021,2,11170560,원효로1동,94,6.0,3.0,,,6.0,1.0,1.0,,,3.0,,4.0,,,,,,,31.0
2021,2,11170570,원효로2동,69,4.0,2.0,,,4.0,2.0,1.0,1.0,1.0,,,2.0,,,,,,,27.0
2021,2,11170580,효창동,66,1.0,1.0,,,5.0,,1.0,,1.0,1.0,,,,,,,,2.0,22.0
2021,2,11170590,용문동,54,1.0,,,,3.0,,,,,,,,,,,,,,22.0
2021,2,11170625,한강로동,242,19.0,19.0,,,21.0,,2.0,,1.0,,,5.0,3.0,2.0,,,,7.0,41.0
2021,2,11170630,이촌1동,102,4.0,9.0,,1.0,12.0,2.0,1.0,1.0,1.0,,,1.0,,,,,,,14.0
2021,2,11170640,이촌2동,26,2.0,,,,1.0,,,,,,,,,,,,,,11.0
2021,2,11170650,이태원1동,71,8.0,5.0,,,3.0,,1.0,,,,,3.0,,,,,,1.0,14.0
2021,2,11170660,이태원2동,60,8.0,5.0,,,3.0,1.0,1.0,,1.0,,,,,,,,,,22.0
2021,2,11170685,한남동,171,30.0,11.0,1.0,,13.0,3.0,1.0,,,,,3.0,,,,,,2.0,36.0
2021,2,11170690,서빙고동,61,15.0,1.0,,,1.0,,1.0,1.0,,,,,,,,,,1.0,21.0
2021,2,11170700,보광동,70,4.0,1.0,,,8.0,1.0,,1.0,1.0,6.0,,,,,,,,,14.0
2021,2,11200520,왕십리2동,63,2.0,,,,5.0,1.0,1.0,,,,,,,,,,,1.0,18.0
2021,2,11200535,왕십리도선동,189,4.0,4.0,,2.0,20.0,2.0,2.0,,2.0,,,,,,,,,,26.0
2021,2,11200540,마장동,111,6.0,5.0,,,8.0,2.0,2.0,2.0,,,,,,,,,,1.0,29.0
2021,2,11200550,사근동,128,5.0,3.0,1.0,,10.0,,2.0,1.0,2.0,52.0,,1.0,,,,,,2.0,34.0
2021,2,11200560,행당1동,130,9.0,4.0,,2.0,13.0,1.0,1.0,,,,,1.0,1.0,,,,,4.0,30.0
2021,2,11200570,행당2동,79,2.0,2.0,,,4.0,1.0,1.0,1.0,1.0,,,,,,,,,1.0,24.0
2021,2,11200580,응봉동,56,3.0,,,,2.0,,1.0,1.0,,,,,,,,,,1.0,30.0
2021,2,11200590,금호1가동,88,2.0,,,,6.0,1.0,1.0,,1.0,,,,,,,,,1.0,45.0
2021,2,11200615,금호2?3가동,135,3.0,2.0,,,13.0,,1.0,,,,,,,,,,,,46.0
2021,2,11200620,금호4가동,84,3.0,3.0,,,6.0,1.0,2.0,,,,,,,,,,,1.0,27.0
2021,2,11200645,옥수동,129,4.0,2.0,,,10.0,2.0,2.0,1.0,1.0,,,,,,,,,2.0,45.0
2021,2,11200650,성수1가1동,83,4.0,2.0,,,4.0,1.0,2.0,1.0,1.0,,,,1.0,,,,,1.0,33.0
2021,2,11200660,성수1가2동,79,3.0,6.0,,,6.0,,,1.0,1.0,1.0,,,,,,,,1.0,12.0
2021,2,11200670,성수2가1동,109,3.0,3.0,,,13.0,,1.0,2.0,1.0,,,2.0,,1.0,,,,,38.0
2021,2,11200690,성수2가3동,104,3.0,16.0,,,11.0,,2.0,,,,,,1.0,,,,,1.0,20.0
2021,2,11200720,송정동,44,2.0,,,1.0,5.0,,1.0,,,,,,,,,,,,17.0
2021,2,11200790,용답동,82,7.0,2.0,,,8.0,,1.0,,,,,1.0,,,,,,2.0,11.0
2021,2,11215710,화양동,167,3.0,5.0,1.0,,17.0,,2.0,2.0,1.0,34.0,,,1.0,,,,,2.0,16.0
2021,2,11215730,군자동,135,5.0,5.0,,1.0,12.0,1.0,2.0,,,20.0,,,1.0,,,,,,23.0
2021,2,11215740,중곡1동,74,2.0,,,,10.0,1.0,,,,,,1.0,,,,,,,19.0
2021,2,11215750,중곡2동,104,2.0,4.0,,,14.0,1.0,1.0,,,,,,,,,,,2.0,21.0
2021,2,11215760,중곡3동,97,3.0,1.0,,1.0,9.0,,2.0,,,,,1.0,,,,,,1.0,29.0
2021,2,11215770,중곡4동,105,2.0,2.0,,,7.0,,1.0,1.0,2.0,,,,,,,,,,37.0
2021,2,11215780,능동,47,4.0,,,1.0,5.0,,1.0,,1.0,,,,,,,,,1.0,5.0
2021,2,11215810,광장동,139,5.0,9.0,,,9.0,3.0,3.0,3.0,1.0,11.0,,,,,,,,1.0,32.0
2021,2,11215820,자양1동,106,3.0,4.0,1.0,,14.0,1.0,1.0,,,2.0,,,,,,,,,17.0
2021,2,11215830,자양2동,95,2.0,1.0,,,8.0,2.0,4.0,2.0,1.0,,,1.0,,,,,,,21.0
2021,2,11215840,자양3동,105,2.0,6.0,,,8.0,2.0,2.0,1.0,1.0,1.0,1.0,,1.0,,,,,,30.0
2021,2,11215847,자양4동,106,5.0,2.0,,1.0,15.0,1.0,,1.0,,,,1.0,1.0,,,,,1.0,16.0
2021,2,11215850,구의1동,77,2.0,4.0,,,9.0,1.0,,1.0,1.0,,,,,,,,,1.0,16.0
2021,2,11215860,구의2동,112,3.0,2.0,,1.0,9.0,3.0,2.0,,,1.0,,,,,,,,1.0,24.0
2021,2,11215870,구의3동,133,5.0,4.0,,,16.0,2.0,1.0,,,,,1.0,1.0,,,,1.0,1.0,25.0
2021,2,11230536,용신동,231,10.0,8.0,1.0,4.0,20.0,1.0,1.0,1.0,1.0,,,1.0,,5.0,,,,5.0,41.0
2021,2,11230545,제기동,288,4.0,5.0,,1.0,22.0,2.0,2.0,2.0,1.0,1.0,,3.0,,14.0,,,,1.0,30.0
2021,2,11230560,전농1동,152,5.0,2.0,,1.0,13.0,3.0,1.0,1.0,1.0,,,,1.0,5.0,,,,3.0,35.0
2021,2,11230570,전농2동,102,2.0,2.0,,,12.0,3.0,3.0,2.0,1.0,27.0,,,,,,,,,15.0
2021,2,11230600,답십리1동,124,4.0,5.0,,,9.0,,2.0,1.0,,,,,,,,,,,25.0
2021,2,11230610,답십리2동,108,3.0,2.0,,2.0,13.0,3.0,1.0,,,,,3.0,,,,,,,19.0
2021,2,11230650,장안1동,192,5.0,11.0,,4.0,26.0,2.0,2.0,2.0,,,,,,,,,,1.0,43.0
2021,2,11230660,장안2동,168,3.0,2.0,,2.0,21.0,1.0,2.0,,1.0,1.0,,,1.0,1.0,,,,,38.0
2021,2,11230705,청량리동,154,9.0,4.0,1.0,,16.0,2.0,1.0,1.0,1.0,1.0,,,,2.0,,,,,34.0
2021,2,11230710,회기동,84,3.0,5.0,1.0,,10.0,1.0,3.0,1.0,1.0,14.0,,,,,,,,,10.0
2021,2,11230720,휘경1동,82,2.0,1.0,,,12.0,,,,,,,,,1.0,,,,3.0,18.0
2021,2,11230730,휘경2동,84,5.0,1.0,1.0,,5.0,1.0,2.0,3.0,3.0,4.0,,,,,,,,,27.0
2021,2,11230740,이문1동,147,5.0,2.0,,,13.0,3.0,,,2.0,30.0,,,,,,,,1.0,26.0
2021,2,11230750,이문2동,71,2.0,,,,6.0,1.0,1.0,,,2.0,,,,,,,,1.0,17.0
2021,2,11260520,면목2동,112,3.0,,,1.0,11.0,2.0,2.0,,,,,8.0,,1.0,,,,,25.0
2021,2,11260540,면목4동,61,2.0,,,,5.0,1.0,1.0,1.0,,,,,,,,,,1.0,15.0
2021,2,11260550,면목5동,42,2.0,1.0,,,3.0,,,,,,,4.0,,,,,,,13.0
2021,2,11260565,면목본동,168,4.0,2.0,,,18.0,1.0,2.0,,,,,13.0,,1.0,,,,1.0,30.0
2021,2,11260570,면목7동,108,2.0,2.0,,1.0,11.0,,1.0,,,,,1.0,,,,,,,18.0
2021,2,11260575,면목3?8동,150,4.0,1.0,1.0,,17.0,1.0,2.0,2.0,1.0,8.0,,,,1.0,,,,1.0,34.0
2021,2,11260580,상봉1동,78,3.0,1.0,,1.0,8.0,2.0,1.0,2.0,1.0,,,,,,,,,4.0,12.0
2021,2,11260590,상봉2동,127,4.0,3.0,,1.0,10.0,,,,,,,,2.0,2.0,,,1.0,1.0,18.0
2021,2,11260600,중화1동,79,2.0,1.0,,1.0,7.0,1.0,2.0,2.0,1.0,,,,,,,,,,14.0
2021,2,11260610,중화2동,123,2.0,3.0,,,14.0,,,,,,,2.0,,,,,,3.0,32.0
2021,2,11260620,묵1동,144,4.0,2.0,,2.0,11.0,2.0,1.0,2.0,2.0,,,,,,,,,,34.0
2021,2,11260630,묵2동,92,3.0,4.0,,,7.0,,2.0,,,,,,1.0,,,,,1.0,19.0
2021,2,11260655,망우본동,238,9.0,4.0,1.0,4.0,25.0,1.0,2.0,3.0,4.0,,,9.0,,2.0,,,,2.0,54.0
2021,2,11260660,망우3동,54,1.0,1.0,,1.0,3.0,,2.0,,1.0,,,3.0,,,,,,,11.0
2021,2,11260680,신내1동,160,3.0,2.0,1.0,,13.0,2.0,2.0,,,,,,,,,,,1.0,53.0
2021,2,11260690,신내2동,104,6.0,3.0,,,12.0,3.0,4.0,,,,,,,,,,,,21.0
2021,2,11290525,성북동,166,6.0,4.0,,,6.0,2.0,1.0,3.0,2.0,5.0,,,,,,,,,55.0
2021,2,11290555,삼선동,163,7.0,5.0,,,14.0,,1.0,1.0,2.0,14.0,,,,,,,,2.0,46.0
2021,2,11290575,동선동,146,1.0,4.0,,1.0,13.0,1.0,2.0,2.0,1.0,12.0,,,1.0,,,,,1.0,19.0
2021,2,11290580,돈암1동,42,1.0,,,,2.0,2.0,2.0,2.0,1.0,,,,,,,,,,15.0
2021,2,11290590,돈암2동,88,4.0,2.0,,,4.0,6.0,1.0,,,,,,1.0,,,,,,38.0
2021,2,11290600,안암동,167,4.0,6.0,1.0,1.0,10.0,,1.0,1.0,1.0,71.0,,,,,,,,1.0,35.0
2021,2,11290610,보문동,77,4.0,4.0,,,6.0,,2.0,,,,,,,1.0,,,,2.0,10.0
2021,2,11290620,정릉1동,63,2.0,,,,6.0,2.0,,,,1.0,,,,,,,,,19.0
2021,2,11290630,정릉2동,110,4.0,3.0,,,6.0,1.0,2.0,,,,,,,,,,,1.0,50.0
2021,2,11290640,정릉3동,124,4.0,1.0,,,2.0,,1.0,3.0,1.0,28.0,,,,,,,,,38.0
2021,2,11290650,정릉4동,133,7.0,3.0,,,12.0,2.0,1.0,,2.0,11.0,,,,,,,,1.0,40.0
2021,2,11290660,길음1동,129,3.0,4.0,,,10.0,2.0,3.0,1.0,1.0,,,1.0,,,,,,1.0,26.0
2021,2,11290685,길음2동,112,5.0,,,3.0,14.0,,,,,,,,,,,,,,23.0
2021,2,11290705,종암동,189,7.0,2.0,,1.0,17.0,3.0,2.0,2.0,1.0,2.0,,,,,,,,,56.0
2021,2,11290715,월곡1동,108,2.0,3.0,,,10.0,,2.0,1.0,1.0,,,,,1.0,,,,,30.0
2021,2,11290725,월곡2동,135,6.0,4.0,,,12.0,2.0,,1.0,,12.0,,,,,,,,2.0,34.0
2021,2,11290760,장위1동,103,4.0,1.0,,,8.0,6.0,1.0,1.0,,,,,,,,,,,37.0
2021,2,11290770,장위2동,89,3.0,2.0,,,11.0,1.0,3.0,,,,,,,,,,,1.0,27.0
2021,2,11290780,장위3동,82,1.0,,,,5.0,1.0,2.0,1.0,,1.0,,1.0,,,,,,,39.0
2021,2,11290810,석관동,154,6.0,3.0,,,16.0,2.0,2.0,1.0,1.0,,,1.0,,2.0,,,,2.0,32.0
2021,2,11305534,삼양동,165,4.0,1.0,,,14.0,3.0,2.0,,1.0,,,,,,,,,3.0,34.0
2021,2,11305535,미아동,144,3.0,3.0,,1.0,14.0,,,,1.0,4.0,,,,,,,,1.0,28.0
2021,2,11305545,송중동,212,4.0,1.0,,2.0,18.0,4.0,2.0,,1.0,2.0,1.0,,1.0,,,,,,69.0
2021,2,11305555,송천동,164,9.0,5.0,,1.0,17.0,,1.0,2.0,2.0,,,2.0,,,,,,1.0,24.0
2021,2,11305575,삼각산동,114,2.0,1.0,,,9.0,1.0,,1.0,1.0,1.0,,,,,,,,,36.0
2021,2,11305595,번1동,136,3.0,3.0,,1.0,14.0,1.0,1.0,1.0,,,,,1.0,,,,,,30.0
2021,2,11305603,번2동,110,5.0,,,,7.0,1.0,,1.0,,,,,,1.0,,,,,54.0
2021,2,11305608,번3동,95,3.0,1.0,,,8.0,,2.0,,,,,,,,,,,,37.0
2021,2,11305615,수유1동,153,4.0,2.0,,,12.0,,2.0,3.0,1.0,,,1.0,,,,,,1.0,40.0
2021,2,11305625,수유2동,85,3.0,,,,12.0,3.0,,,,,,,,,,,,1.0,15.0
2021,2,11305635,수유3동,158,4.0,6.0,,1.0,16.0,,,1.0,,,,,1.0,,,,,1.0,30.0
2021,2,11305645,우이동,132,2.0,,,,7.0,1.0,,1.0,,2.0,,,,,,,,3.0,54.0
2021,2,11305660,인수동,175,13.0,2.0,1.0,2.0,14.0,2.0,2.0,2.0,,5.0,,1.0,,,,,,,57.0
2021,2,11320511,창1동,94,3.0,2.0,,,7.0,1.0,1.0,2.0,1.0,,,,,,,,,1.0,28.0
2021,2,11320512,창2동,95,3.0,,,1.0,8.0,1.0,1.0,,,,,,,,,,,,44.0
2021,2,11320513,창3동,66,1.0,,,,7.0,1.0,2.0,,,,,1.0,,,,,,,25.0
2021,2,11320514,창4동,130,7.0,4.0,,,8.0,1.0,2.0,1.0,2.0,,,,,,,,,,51.0
2021,2,11320515,창5동,119,7.0,3.0,,3.0,12.0,1.0,3.0,,,,,,2.0,,,,,2.0,24.0
2021,2,11320521,도봉1동,122,4.0,1.0,,,9.0,2.0,2.0,1.0,1.0,2.0,,1.0,,,,,,,38.0
2021,2,11320522,도봉2동,127,8.0,3.0,,,7.0,1.0,1.0,1.0,1.0,1.0,,,,1.0,,,,3.0,49.0
2021,2,11320660,쌍문1동,126,6.0,1.0,,1.0,4.0,1.0,3.0,,1.0,17.0,,,,,,,,,54.0
2021,2,11320670,쌍문2동,87,3.0,1.0,,1.0,10.0,1.0,1.0,1.0,,,,,,2.0,,,,,19.0
2021,2,11320680,쌍문3동,78,3.0,3.0,1.0,,12.0,,,1.0,,,,,,1.0,,,,1.0,17.0
2021,2,11320681,쌍문4동,64,1.0,,,,4.0,5.0,2.0,2.0,3.0,,,,,,,,,,23.0
2021,2,11320690,방학1동,148,6.0,6.0,,2.0,15.0,2.0,1.0,1.0,1.0,,,,,,,,,1.0,39.0
2021,2,11320700,방학2동,64,3.0,,,,7.0,,1.0,1.0,,,,,,,,,,,23.0
2021,2,11320710,방학3동,112,3.0,3.0,,,6.0,3.0,3.0,1.0,,,,,,,,,,,47.0
2021,2,11350560,월계1동,159,4.0,2.0,,,10.0,2.0,1.0,1.0,1.0,17.0,,,,,,,,,59.0
2021,2,11350570,월계2동,136,4.0,,,,5.0,3.0,2.0,3.0,4.0,11.0,,,,,,,,1.0,64.0
2021,2,11350580,월계3동,135,5.0,3.0,,,8.0,4.0,3.0,1.0,,,,,,,,,,2.0,47.0
2021,2,11350595,공릉1동,211,4.0,6.0,,4.0,21.0,3.0,3.0,,,1.0,,1.0,,,,,,3.0,54.0
2021,2,11350600,공릉2동,271,7.0,6.0,1.0,,14.0,3.0,4.0,4.0,2.0,64.0,,1.0,,,,,,1.0,63.0
2021,2,11350611,하계1동,133,4.0,3.0,1.0,,9.0,1.0,1.0,2.0,4.0,16.0,,,,,,,,,41.0
2021,2,11350612,하계2동,67,2.0,1.0,,,4.0,2.0,2.0,1.0,,,,,,,,,,1.0,28.0
2021,2,11350619,중계본동,95,5.0,2.0,,,7.0,3.0,2.0,,3.0,,,,,,,,,,21.0
2021,2,11350621,중계1동,85,2.0,3.0,,,7.0,,2.0,1.0,2.0,,,,,,,,,,18.0
2021,2,11350624,중계4동,81,2.0,3.0,,,14.0,1.0,1.0,3.0,2.0,,,,,,,,,,6.0
2021,2,11350625,중계2?3동,142,7.0,2.0,,,10.0,4.0,4.0,1.0,3.0,,,,2.0,,,,,1.0,39.0
2021,2,11350630,상계1동,190,5.0,2.0,,,14.0,3.0,3.0,2.0,1.0,,,,1.0,,,,,1.0,38.0
2021,2,11350640,상계2동,182,2.0,1.0,,2.0,19.0,1.0,1.0,1.0,,,,,1.0,,,,,2.0,33.0
2021,2,11350665,상계3?4동,107,4.0,1.0,,,9.0,3.0,2.0,,,1.0,,,,2.0,,,,1.0,11.0
2021,2,11350670,상계5동,105,2.0,1.0,,,11.0,,1.0,,,,,,,3.0,,,,1.0,36.0
2021,2,11350695,상계6?7동,253,9.0,11.0,1.0,1.0,29.0,,3.0,2.0,1.0,4.0,,,1.0,,,,,,40.0
2021,2,11350700,상계8동,92,3.0,3.0,,,7.0,,,1.0,,,,,,,,,,1.0,15.0
2021,2,11350710,상계9동,78,3.0,4.0,,,6.0,1.0,3.0,2.0,2.0,,,,,,,,,,18.0
2021,2,11350720,상계10동,64,3.0,,,,1.0,1.0,2.0,1.0,1.0,,,,,,,,,,30.0
2021,2,11380510,녹번동,148,8.0,3.0,,2.0,12.0,1.0,3.0,,,,,1.0,1.0,,,,,2.0,35.0
2021,2,11380520,불광1동,198,6.0,4.0,,1.0,17.0,4.0,2.0,,,,,,1.0,,,,,3.0,49.0
2021,2,11380530,불광2동,113,6.0,1.0,,,5.0,,3.0,3.0,1.0,,,3.0,,,,,,,32.0
2021,2,11380551,갈현1동,133,2.0,2.0,1.0,,13.0,1.0,,,,,,,,,,,,2.0,48.0
2021,2,11380552,갈현2동,121,3.0,1.0,,1.0,15.0,5.0,2.0,1.0,5.0,,,,,,,,,1.0,34.0
2021,2,11380560,구산동,127,3.0,,,1.0,8.0,3.0,3.0,2.0,3.0,,,,,,,,,,38.0
2021,2,11380570,대조동,205,3.0,5.0,,1.0,24.0,,2.0,,2.0,,,,1.0,,,,,,32.0
2021,2,11380580,응암1동,133,5.0,5.0,,1.0,20.0,1.0,1.0,1.0,1.0,,,,,,,,,,27.0
2021,2,11380590,응암2동,91,3.0,1.0,,1.0,10.0,2.0,1.0,,,,,,,,,,,,37.0
2021,2,11380600,응암3동,138,3.0,3.0,,1.0,16.0,1.0,1.0,2.0,1.0,,,2.0,,,,,,,31.0
2021,2,11380625,역촌동,176,5.0,5.0,,2.0,18.0,2.0,1.0,,,,,,,,,,,,51.0
2021,2,11380631,신사1동,94,3.0,,,,8.0,3.0,,1.0,,5.0,,,,,,,,1.0,22.0
2021,2,11380632,신사2동,82,4.0,,,,5.0,,3.0,1.0,1.0,,,,,,,,,1.0,35.0
2021,2,11380640,증산동,83,3.0,,,,8.0,1.0,1.0,2.0,,,,2.0,,,,,,1.0,16.0
2021,2,11380650,수색동,60,5.0,2.0,,,5.0,1.0,1.0,,,,,2.0,,,,,,1.0,22.0
2021,2,11380690,진관동,242,6.0,6.0,,,22.0,6.0,6.0,2.0,4.0,,,,1.0,,,,,1.0,81.0
2021,2,11410520,천연동,127,4.0,1.0,,,4.0,,1.0,1.0,1.0,11.0,,,,1.0,,,,,44.0
2021,2,11410555,북아현동,76,2.0,2.0,,1.0,7.0,1.0,1.0,,1.0,,,,,,,,,,17.0
2021,2,11410565,충현동,184,9.0,8.0,,,7.0,1.0,3.0,1.0,2.0,24.0,,,,,,,,3.0,58.0
2021,2,11410585,신촌동,368,6.0,10.0,1.0,,22.0,1.0,3.0,1.0,1.0,109.0,1.0,,4.0,3.0,,,,2.0,60.0
2021,2,11410615,연희동,201,7.0,7.0,,1.0,16.0,,1.0,3.0,1.0,13.0,,,1.0,1.0,,,,,70.0
2021,2,11410620,홍제1동,135,3.0,2.0,,,10.0,2.0,2.0,,,1.0,,,,1.0,,,,1.0,40.0
2021,2,11410640,홍제3동,129,3.0,3.0,,2.0,14.0,1.0,2.0,1.0,,3.0,,4.0,,6.0,,,,1.0,46.0
2021,2,11410655,홍제2동,56,1.0,,,,6.0,3.0,,,,,,,,1.0,,,,,15.0
2021,2,11410660,홍은1동,86,3.0,,,,7.0,1.0,1.0,,,,,,,1.0,,,,,32.0
2021,2,11410685,홍은2동,161,4.0,2.0,1.0,,8.0,,2.0,3.0,1.0,12.0,,,,,,,,,83.0
2021,2,11410690,남가좌1동,94,2.0,3.0,,1.0,9.0,,1.0,,,,,1.0,,1.0,,,,1.0,20.0
2021,2,11410700,남가좌2동,117,4.0,4.0,,,12.0,4.0,1.0,1.0,,8.0,,,,,,,,,24.0
2021,2,11410710,북가좌1동,60,1.0,2.0,,,5.0,2.0,1.0,1.0,1.0,,,,,,,,,,13.0
2021,2,11410720,북가좌2동,115,3.0,3.0,,,12.0,2.0,,,,,,,,,,,,,39.0
2021,2,11440555,아현동,145,5.0,8.0,,,16.0,1.0,1.0,1.0,1.0,,,,,1.0,,,,2.0,23.0
2021,2,11440565,공덕동,172,7.0,9.0,,,21.0,1.0,3.0,,,,,2.0,,,,,,4.0,39.0
2021,2,11440585,도화동,144,4.0,7.0,,,15.0,2.0,1.0,,,,,,1.0,1.0,,,,1.0,38.0
2021,2,11440590,용강동,90,7.0,6.0,,1.0,10.0,2.0,1.0,,,,,,,,,,,1.0,24.0
2021,2,11440600,대흥동,209,5.0,5.0,,,18.0,,3.0,1.0,1.0,27.0,,,,3.0,,,,3.0,38.0
2021,2,11440610,염리동,52,3.0,1.0,,,3.0,1.0,1.0,2.0,3.0,,,,,2.0,,,,,10.0
2021,2,11440630,신수동,76,4.0,1.0,,1.0,5.0,1.0,1.0,1.0,1.0,,,,,,,,,,24.0
2021,2,11440655,서강동,156,6.0,4.0,,,7.0,1.0,1.0,,,20.0,,,,,,,,2.0,64.0
2021,2,11440660,서교동,358,13.0,22.0,,,31.0,1.0,1.0,,,2.0,,,5.0,3.0,,,,7.0,88.0
2021,2,11440680,합정동,109,4.0,3.0,,,10.0,1.0,1.0,1.0,,,,,,,,,,,32.0
2021,2,11440690,망원1동,95,2.0,2.0,,,11.0,,,,,,,,,1.0,,,,,23.0
2021,2,11440700,망원2동,83,4.0,1.0,,,6.0,1.0,2.0,,,,,,,,,,,,33.0
2021,2,11440710,연남동,52,2.0,1.0,,,2.0,1.0,,1.0,2.0,,,,,,,,,,23.0
2021,2,11440720,성산1동,86,4.0,2.0,,,5.0,1.0,2.0,2.0,1.0,1.0,,,,1.0,,,,,29.0
2021,2,11440730,성산2동,158,6.0,3.0,,,13.0,2.0,3.0,2.0,,,,1.0,1.0,,,,,2.0,47.0
2021,2,11440740,상암동,247,10.0,11.0,,,14.0,3.0,3.0,1.0,1.0,,,1.0,,,,,,4.0,104.0
2021,2,11470510,목1동,190,5.0,12.0,,1.0,21.0,1.0,1.0,1.0,1.0,2.0,,,2.0,,,,,2.0,29.0
2021,2,11470520,목2동,97,3.0,2.0,,1.0,13.0,3.0,1.0,,,,,,,1.0,,,,1.0,18.0
2021,2,11470530,목3동,96,3.0,4.0,,,11.0,1.0,,1.0,,,,,,,,,,,7.0
2021,2,11470540,목4동,84,3.0,3.0,,,9.0,1.0,1.0,1.0,1.0,,,,,,,,,,14.0
2021,2,11470550,목5동,143,8.0,9.0,1.0,,12.0,4.0,3.0,2.0,2.0,,,,,,,,,,52.0
2021,2,11470560,신월1동,71,3.0,3.0,,,12.0,1.0,,,,,,,,,,,,,9.0
2021,2,11470570,신월2동,65,3.0,1.0,,,6.0,1.0,2.0,2.0,,,,,,,,,,,12.0
2021,2,11470580,신월3동,70,2.0,1.0,,,7.0,1.0,1.0,2.0,3.0,,,,,,,,,,8.0
2021,2,11470590,신월4동,63,2.0,1.0,,,6.0,3.0,1.0,,,,,,,,,,,,11.0
2021,2,11470600,신월5동,54,3.0,,,1.0,3.0,2.0,1.0,2.0,,,,,,,,,,,12.0
2021,2,11470610,신월6동,47,1.0,2.0,,1.0,5.0,1.0,1.0,1.0,,,,,,,,,,,15.0
2021,2,11470611,신월7동,74,6.0,1.0,,,10.0,2.0,,1.0,,,,,,,,,,,21.0
2021,2,11470620,신정1동,94,7.0,3.0,,,9.0,2.0,2.0,1.0,,,,,,,,,,,26.0
2021,2,11470630,신정2동,71,3.0,1.0,,,7.0,1.0,2.0,1.0,,,,,,,,,,,20.0
2021,2,11470640,신정3동,203,4.0,1.0,,,15.0,1.0,3.0,1.0,4.0,,,,,,,,,1.0,81.0
2021,2,11470650,신정4동,161,3.0,8.0,1.0,1.0,16.0,3.0,2.0,,2.0,,,,,,,,,1.0,18.0
2021,2,11470670,신정6동,72,7.0,6.0,,,2.0,2.0,,1.0,1.0,,,,,,,,,,31.0
2021,2,11470680,신정7동,107,3.0,2.0,,,8.0,3.0,3.0,1.0,1.0,,,,,,,,,1.0,30.0
2021,2,11500510,염창동,147,5.0,3.0,,1.0,15.0,,2.0,2.0,,,,,,,,,,2.0,35.0
2021,2,11500520,등촌1동,95,1.0,5.0,,1.0,10.0,,1.0,,,,,,1.0,,,,,,20.0
2021,2,11500530,등촌2동,58,3.0,,,1.0,6.0,2.0,2.0,2.0,2.0,,,,,,,,,,8.0
2021,2,11500535,등촌3동,184,6.0,3.0,1.0,2.0,18.0,2.0,5.0,2.0,4.0,,,,1.0,,,,,,55.0
2021,2,11500540,화곡1동,226,3.0,2.0,,2.0,26.0,,2.0,1.0,,,,,1.0,,,,,2.0,27.0
2021,2,11500550,화곡2동,65,2.0,,,,3.0,2.0,1.0,,,,,,,,,,,,30.0
2021,2,11500560,화곡3동,87,4.0,3.0,,,8.0,2.0,,,,,,,,,,,,,12.0
2021,2,11500570,화곡4동,101,4.0,2.0,,,14.0,3.0,1.0,,2.0,,,,,,,,,,30.0
2021,2,11500590,화곡본동,145,3.0,,,1.0,11.0,1.0,2.0,,,,,,,,,,,,31.0
2021,2,11500591,화곡6동,118,7.0,5.0,,,8.0,2.0,1.0,,,9.0,,,,,,,,,29.0
2021,2,11500593,화곡8동,95,2.0,3.0,,,8.0,1.0,,,,,,,,,,,,1.0,33.0
2021,2,11500603,가양1동,279,5.0,13.0,,,20.0,3.0,1.0,1.0,1.0,,,,1.0,2.0,,,,5.0,69.0
2021,2,11500604,가양2동,75,4.0,3.0,,,7.0,3.0,1.0,1.0,1.0,,,,,,,,,1.0,14.0
2021,2,11500605,가양3동,52,3.0,,,,4.0,3.0,2.0,1.0,1.0,,,,,,,,,1.0,13.0
2021,2,11500611,발산1동,246,3.0,9.0,1.0,2.0,33.0,2.0,3.0,4.0,8.0,,,1.0,,,,,,,63.0
2021,2,11500615,우장산동,158,4.0,4.0,,3.0,12.0,3.0,2.0,,,5.0,,,,,,,,1.0,33.0
2021,2,11500620,공항동,176,6.0,7.0,1.0,,11.0,1.0,2.0,2.0,,4.0,,,,,21.0,,,2.0,39.0
2021,2,11500630,방화1동,200,2.0,3.0,,2.0,21.0,4.0,3.0,1.0,3.0,,,,,1.0,,,,1.0,46.0
2021,2,11500640,방화2동,124,4.0,,,,7.0,3.0,1.0,1.0,,,,2.0,1.0,,4.0,,,5.0,37.0
2021,2,11500641,방화3동,83,5.0,1.0,,,5.0,2.0,3.0,2.0,1.0,1.0,,,,,,,,1.0,22.0
2021,2,11530510,신도림동,168,5.0,4.0,,,12.0,2.0,1.0,1.0,1.0,1.0,,2.0,1.0,1.0,,,,3.0,43.0
2021,2,11530520,구로1동,88,4.0,1.0,,,5.0,3.0,1.0,1.0,1.0,,,4.0,,,,,,,25.0
2021,2,11530530,구로2동,197,6.0,12.0,1.0,1.0,21.0,1.0,1.0,,1.0,,,7.0,,16.0,,,,1.0,48.0
2021,2,11530540,구로3동,187,7.0,18.0,,,15.0,1.0,2.0,1.0,,,,,,5.0,,,,2.0,47.0
2021,2,11530550,구로4동,139,5.0,3.0,,,15.0,2.0,1.0,1.0,,,,1.0,,19.0,,,,,13.0
2021,2,11530560,구로5동,167,5.0,4.0,,2.0,18.0,,3.0,1.0,1.0,2.0,1.0,,3.0,,,,,1.0,49.0
2021,2,11530595,가리봉동,74,,,,,6.0,,1.0,,1.0,,,,,23.0,,,,,8.0
2021,2,11530720,고척1동,135,5.0,4.0,1.0,1.0,9.0,,3.0,1.0,1.0,12.0,,8.0,,4.0,,,,,31.0
2021,2,11530730,고척2동,128,5.0,2.0,,1.0,11.0,,2.0,1.0,1.0,,,,,,,,,,40.0
2021,2,11530740,개봉1동,163,5.0,3.0,,1.0,11.0,2.0,1.0,2.0,,4.0,,1.0,,,,,,1.0,57.0
2021,2,11530750,개봉2동,116,3.0,3.0,,,10.0,2.0,,,,,,1.0,1.0,,,,,,26.0
2021,2,11530760,개봉3동,81,3.0,2.0,,,9.0,1.0,3.0,1.0,,,,1.0,1.0,,,,,,23.0
2021,2,11530770,오류1동,122,5.0,4.0,,,11.0,3.0,1.0,,,,,,,,,,,1.0,22.0
2021,2,11530780,오류2동,209,3.0,1.0,,1.0,9.0,6.0,3.0,2.0,1.0,,,,,,,,,1.0,86.0
2021,2,11530790,수궁동,154,3.0,1.0,,,5.0,2.0,1.0,1.0,6.0,,,1.0,,,,,,3.0,69.0
2021,2,11530800,항동,64,1.0,,,,2.0,1.0,1.0,,,10.0,,,,,,,,,37.0
2021,2,11545510,가산동,304,10.0,25.0,,1.0,21.0,2.0,,,,,,,1.0,17.0,,,,3.0,111.0
2021,2,11545610,독산1동,217,3.0,6.0,,2.0,17.0,2.0,4.0,3.0,,,,,1.0,3.0,,,,,74.0
2021,2,11545620,독산2동,73,2.0,1.0,,,8.0,,2.0,,,1.0,,,,,,,,,11.0
2021,2,11545630,독산3동,119,4.0,4.0,,,14.0,2.0,2.0,2.0,1.0,,,1.0,,,,,,,29.0
2021,2,11545640,독산4동,64,5.0,2.0,,1.0,4.0,,1.0,,,,,,,,,,,,16.0
2021,2,11545670,시흥1동,223,9.0,7.0,1.0,2.0,25.0,2.0,3.0,1.0,1.0,,,,,3.0,,,,1.0,52.0
2021,2,11545680,시흥2동,76,2.0,,,,3.0,2.0,3.0,1.0,2.0,,,,,,,,,,30.0
2021,2,11545690,시흥3동,66,3.0,3.0,,,5.0,,1.0,1.0,1.0,,,,,1.0,,,,,21.0
2021,2,11545700,시흥4동,72,1.0,1.0,,,6.0,,1.0,1.0,,,,,,,,,,,27.0
2021,2,11545710,시흥5동,106,3.0,,,,16.0,2.0,3.0,,,,,,,,,,,,37.0
2021,2,11560515,영등포본동,94,4.0,,,,10.0,2.0,2.0,1.0,2.0,,,,1.0,2.0,,,,1.0,23.0
2021,2,11560535,영등포동,325,10.0,17.0,2.0,2.0,37.0,,1.0,,,1.0,,,1.0,16.0,,,,1.0,41.0
2021,2,11560540,여의동,399,23.0,70.0,1.0,,44.0,,2.0,2.0,2.0,,,,1.0,,,,,5.0,61.0
2021,2,11560550,당산1동,131,6.0,5.0,,1.0,8.0,1.0,,,,,,,,12.0,,,,2.0,23.0
2021,2,11560560,당산2동,192,6.0,4.0,,,20.0,3.0,2.0,2.0,,,,,,,,,,2.0,46.0
2021,2,11560585,도림동,66,2.0,,,,6.0,2.0,,,,,,,,,,,,,28.0
2021,2,11560605,문래동,185,8.0,9.0,,,17.0,,3.0,2.0,,,,,,2.0,,,,1.0,56.0
2021,2,11560610,양평1동,87,5.0,3.0,,1.0,6.0,,1.0,,1.0,,,,,1.0,,,,1.0,22.0
2021,2,11560620,양평2동,131,8.0,6.0,,,7.0,1.0,2.0,1.0,2.0,,,,,3.0,,,,1.0,35.0
2021,2,11560630,신길1동,85,1.0,2.0,1.0,1.0,13.0,,1.0,,,,,,,4.0,,,,2.0,25.0
2021,2,11560650,신길3동,102,3.0,5.0,,1.0,12.0,3.0,1.0,,,,,,,2.0,,,,,32.0
2021,2,11560660,신길4동,43,1.0,1.0,,,2.0,2.0,1.0,,,,,,,,,,,,13.0
2021,2,11560670,신길5동,66,3.0,,,,,1.0,1.0,1.0,1.0,,,,,5.0,,,,,31.0
2021,2,11560680,신길6동,123,4.0,1.0,,1.0,14.0,1.0,1.0,,1.0,,,1.0,,2.0,,,,1.0,29.0
2021,2,11560690,신길7동,78,5.0,1.0,,,7.0,1.0,1.0,,,,,,,1.0,,,,1.0,32.0
2021,2,11560700,대림1동,81,2.0,4.0,2.0,,18.0,,1.0,1.0,,,,2.0,,3.0,,,,,16.0
2021,2,11560710,대림2동,86,4.0,2.0,1.0,,16.0,,2.0,,,1.0,,,,1.0,,,,,13.0
2021,2,11560720,대림3동,126,2.0,7.0,,1.0,11.0,3.0,2.0,1.0,,2.0,,1.0,,,,,,2.0,46.0
2021,2,11590510,노량진1동,180,5.0,4.0,,,14.0,2.0,3.0,1.0,,1.0,,,,2.0,,,,3.0,57.0
2021,2,11590520,노량진2동,72,5.0,4.0,,1.0,14.0,1.0,,,,,,,,1.0,,,,,14.0
2021,2,11590530,상도1동,201,5.0,4.0,,1.0,16.0,2.0,2.0,1.0,,23.0,,,,,,,,2.0,47.0
2021,2,11590540,상도2동,154,6.0,3.0,,,16.0,1.0,1.0,1.0,,,,1.0,,1.0,,,,1.0,41.0
2021,2,11590550,상도3동,113,2.0,2.0,,,11.0,,,1.0,,,,1.0,,,,,,,36.0
2021,2,11590560,상도4동,112,3.0,1.0,,1.0,11.0,4.0,1.0,1.0,,,,,1.0,,,,,,36.0
2021,2,11590605,흑석동,195,6.0,6.0,1.0,,24.0,5.0,3.0,2.0,,16.0,,,,1.0,,,,1.0,50.0
2021,2,11590620,사당1동,126,4.0,6.0,,2.0,12.0,1.0,1.0,,,1.0,,,1.0,1.0,,,,2.0,13.0
2021,2,11590630,사당2동,179,3.0,2.0,,,14.0,,1.0,1.0,2.0,,,,,2.0,,,,4.0,36.0
2021,2,11590640,사당3동,88,3.0,1.0,,,5.0,,2.0,1.0,,3.0,,1.0,,,,,,1.0,30.0
2021,2,11590650,사당4동,62,2.0,1.0,,,6.0,,,1.0,,,,1.0,,,,,,,4.0
2021,2,11590651,사당5동,61,4.0,,,,3.0,1.0,2.0,1.0,1.0,,,,,,,,,,28.0
2021,2,11590660,대방동,199,5.0,5.0,,,16.0,3.0,3.0,4.0,4.0,,,,,,,,,2.0,61.0
2021,2,11590670,신대방1동,83,3.0,1.0,,,10.0,3.0,1.0,1.0,,1.0,,,,,,,,1.0,15.0
2021,2,11590680,신대방2동,109,7.0,7.0,1.0,,16.0,,1.0,1.0,1.0,,,,,,,,,,29.0
2021,2,11620525,보라매동,83,1.0,1.0,,,5.0,,1.0,1.0,1.0,,,,,,,,,,25.0
2021,2,11620545,청림동,50,2.0,,,,4.0,2.0,,,,,,,,2.0,,,,,7.0
2021,2,11620565,성현동,104,4.0,,,,6.0,3.0,2.0,1.0,1.0,,,,,,,,,,38.0
2021,2,11620575,행운동,111,3.0,3.0,1.0,2.0,12.0,1.0,2.0,2.0,1.0,,,,,,,,,,15.0
2021,2,11620585,낙성대동,148,2.0,3.0,,,10.0,,1.0,,,37.0,,,,2.0,,,,,37.0
2021,2,11620595,청룡동,147,5.0,6.0,,1.0,23.0,,2.0,2.0,3.0,,,1.0,1.0,1.0,,,,1.0,15.0
2021,2,11620605,은천동,123,6.0,,,,9.0,3.0,1.0,,1.0,,,,,,,,,,43.0
2021,2,11620615,중앙동,83,1.0,3.0,,1.0,14.0,,1.0,,,,,,,,,,,1.0,12.0
2021,2,11620625,인헌동,105,2.0,5.0,,,14.0,1.0,,1.0,1.0,,,2.0,,,,,,1.0,23.0
2021,2,11620630,남현동,70,3.0,1.0,,,6.0,1.0,1.0,,,1.0,,,,,,,,,6.0
2021,2,11620645,서원동,94,3.0,1.0,1.0,1.0,9.0,,,1.0,,,,,1.0,,,,,,27.0
2021,2,11620655,신원동,54,6.0,1.0,,,7.0,,1.0,,,1.0,,,,,,,,,10.0
2021,2,11620665,서림동,74,2.0,,,,5.0,1.0,1.0,1.0,,,,,,,,,,,34.0
2021,2,11620685,신사동,79,3.0,2.0,,1.0,10.0,1.0,1.0,,,1.0,,1.0,,,,,,,21.0
2021,2,11620695,신림동,168,2.0,3.0,,,17.0,,,,,,,,,4.0,,,,1.0,16.0
2021,2,11620715,난향동,68,1.0,,,,5.0,,1.0,,,,,,,,,,,,34.0
2021,2,11620725,조원동,96,3.0,1.0,,1.0,12.0,,1.0,,,,,1.0,,,,,,,30.0
2021,2,11620735,대학동,283,5.0,6.0,,,11.0,,1.0,1.0,2.0,140.0,,,,,,,,,73.0
2021,2,11620745,삼성동,94,3.0,,,,7.0,,2.0,,1.0,,,,,3.0,,,,,44.0
2021,2,11620765,미성동,126,3.0,3.0,,1.0,11.0,1.0,2.0,2.0,2.0,,,,,1.0,,,,,44.0
2021,2,11620775,난곡동,95,2.0,1.0,,,11.0,2.0,1.0,2.0,1.0,,,1.0,,,,,,,28.0
2021,2,11650510,서초1동,194,4.0,10.0,,1.0,14.0,,2.0,,,13.0,,,,,,,,2.0,38.0
2021,2,11650520,서초2동,217,8.0,26.0,,,24.0,,1.0,1.0,1.0,,,,,1.0,,,,2.0,47.0
2021,2,11650530,서초3동,332,25.0,30.0,,3.0,30.0,1.0,1.0,1.0,3.0,2.0,,,,,,,1.0,2.0,77.0
2021,2,11650531,서초4동,257,2.0,13.0,,1.0,31.0,2.0,2.0,1.0,,,,,1.0,,,,,,36.0
2021,2,11650540,잠원동,135,3.0,8.0,,,13.0,1.0,1.0,1.0,,,,,,,,,,2.0,23.0
2021,2,11650550,반포본동,33,1.0,3.0,,,2.0,,1.0,2.0,2.0,,,1.0,,,,,,1.0,5.0
2021,2,11650560,반포1동,140,6.0,6.0,,1.0,20.0,1.0,2.0,1.0,1.0,,,,,,,,,1.0,26.0
2021,2,11650570,반포2동,74,4.0,5.0,,,5.0,,2.0,1.0,,,,1.0,,,,,,1.0,25.0
2021,2,11650580,반포3동,109,3.0,7.0,,,11.0,,1.0,1.0,,,,,,,,,,,18.0
2021,2,11650581,반포4동,130,7.0,12.0,1.0,,12.0,,,1.0,,3.0,,,1.0,,,,,3.0,33.0
2021,2,11650590,방배본동,103,2.0,6.0,,,16.0,,1.0,,,,,1.0,,,,,,,25.0
2021,2,11650600,방배1동,102,3.0,4.0,,1.0,10.0,,1.0,,,3.0,,1.0,,,,,,1.0,19.0
2021,2,11650610,방배2동,114,4.0,2.0,,,3.0,,1.0,1.0,1.0,,,1.0,,1.0,,,,1.0,37.0
2021,2,11650620,방배3동,112,4.0,3.0,,2.0,6.0,,2.0,,1.0,7.0,,,,,,,,,50.0
2021,2,11650621,방배4동,156,3.0,10.0,,,11.0,,1.0,,1.0,4.0,,,,1.0,,,,1.0,31.0
2021,2,11650651,양재1동,263,12.0,11.0,,1.0,20.0,3.0,4.0,1.0,,1.0,,,,,,,,2.0,86.0
2021,2,11650652,양재2동,147,2.0,16.0,,,11.0,,1.0,2.0,1.0,,,1.0,,,,,,1.0,57.0
2021,2,11650660,내곡동,161,5.0,1.0,,1.0,2.0,2.0,1.0,,,3.0,,1.0,,,,,,1.0,85.0
2021,2,11680510,신사동,260,3.0,14.0,,,36.0,2.0,1.0,1.0,2.0,,1.0,,1.0,,,,,1.0,12.0
2021,2,11680521,논현1동,300,4.0,15.0,,4.0,42.0,,1.0,,,,,1.0,8.0,,,,,3.0,23.0
2021,2,11680531,논현2동,240,8.0,16.0,,5.0,29.0,1.0,1.0,1.0,,4.0,,,2.0,,,,,1.0,33.0
2021,2,11680545,압구정동,313,4.0,25.0,,5.0,30.0,1.0,1.0,2.0,2.0,,2.0,1.0,3.0,,,,,2.0,18.0
2021,2,11680565,청담동,288,11.0,19.0,,4.0,27.0,2.0,2.0,1.0,1.0,1.0,,,,,,,,3.0,23.0
2021,2,11680580,삼성1동,199,6.0,26.0,,3.0,13.0,1.0,1.0,1.0,1.0,,1.0,,1.0,,,,,3.0,38.0
2021,2,11680590,삼성2동,177,10.0,11.0,,,11.0,,1.0,1.0,,1.0,,,,,,,,4.0,28.0
2021,2,11680600,대치1동,130,4.0,11.0,,,13.0,1.0,1.0,1.0,2.0,1.0,,,,,,,,,24.0
2021,2,11680610,대치2동,210,6.0,26.0,,2.0,20.0,,2.0,1.0,1.0,,,,,,,,,2.0,39.0
2021,2,11680630,대치4동,159,4.0,12.0,1.0,1.0,18.0,,1.0,,,1.0,1.0,,,,,,,,14.0
2021,2,11680640,역삼1동,542,15.0,49.0,1.0,3.0,64.0,1.0,1.0,,,,,,3.0,1.0,,,,1.0,44.0
2021,2,11680650,역삼2동,195,3.0,14.0,,2.0,25.0,,1.0,2.0,1.0,1.0,,,,,,,,,31.0
2021,2,11680655,도곡1동,142,4.0,9.0,1.0,4.0,20.0,2.0,1.0,2.0,1.0,,,,,,,,,1.0,27.0
2021,2,11680656,도곡2동,118,7.0,23.0,,,10.0,2.0,1.0,1.0,2.0,,,,,,,,,3.0,25.0
2021,2,11680660,개포1동,38,1.0,1.0,,,1.0,,1.0,2.0,,,,,,,,,,,29.0
2021,2,11680670,개포2동,135,3.0,3.0,,,9.0,5.0,4.0,1.0,3.0,,,,,,,,,3.0,50.0
2021,2,11680690,개포4동,115,3.0,4.0,,,7.0,,2.0,1.0,1.0,,,,,,,,,,49.0
2021,2,11680700,세곡동,191,4.0,1.0,,,9.0,3.0,4.0,1.0,1.0,,,,,,,,,,95.0
2021,2,11680720,일원본동,103,2.0,6.0,1.0,,15.0,2.0,2.0,1.0,2.0,,,,,,,,,1.0,32.0
2021,2,11680730,일원1동,74,4.0,1.0,,,11.0,1.0,2.0,,1.0,,,,,,,,,,18.0
2021,2,11680740,일원2동,66,3.0,3.0,,,6.0,2.0,1.0,1.0,,,,,,,,,,1.0,13.0
2021,2,11680750,수서동,89,3.0,3.0,,,11.0,2.0,1.0,1.0,2.0,,,,,,,,,2.0,23.0
2021,2,11710510,풍납1동,48,3.0,,,1.0,6.0,1.0,1.0,,,,,,,,,,,,6.0
2021,2,11710520,풍납2동,125,5.0,5.0,1.0,,26.0,2.0,2.0,3.0,1.0,3.0,,,,,,,,1.0,24.0
2021,2,11710531,거여1동,48,2.0,,,,2.0,,1.0,,1.0,,,,,1.0,,,,1.0,6.0
2021,2,11710532,거여2동,78,3.0,3.0,,1.0,12.0,1.0,1.0,1.0,,,,,,,,,,,11.0
2021,2,11710540,마천1동,73,4.0,1.0,,,8.0,1.0,1.0,,,,,,,1.0,,,,1.0,15.0
2021,2,11710550,마천2동,93,3.0,2.0,,,14.0,,1.0,,,,,,,,,,,,12.0
2021,2,11710561,방이1동,73,2.0,1.0,,,10.0,2.0,2.0,1.0,1.0,,,,,,,,,1.0,11.0
2021,2,11710562,방이2동,164,3.0,5.0,,,18.0,,1.0,1.0,,,,,,,,,,1.0,13.0
2021,2,11710566,오륜동,74,4.0,6.0,,,6.0,1.0,2.0,2.0,3.0,11.0,,,,,,,,3.0,15.0
2021,2,11710570,오금동,134,5.0,5.0,,,13.0,3.0,3.0,4.0,2.0,,,,,,,,,3.0,27.0
2021,2,11710580,송파1동,102,2.0,4.0,,3.0,14.0,1.0,1.0,,,,,,,,,,,2.0,13.0
2021,2,11710590,송파2동,79,3.0,1.0,,,11.0,3.0,1.0,2.0,3.0,,,,,,,,,,7.0
2021,2,11710600,석촌동,159,3.0,7.0,,2.0,27.0,3.0,2.0,,,,,,,,,,,,20.0
2021,2,11710610,삼전동,118,4.0,2.0,,,14.0,3.0,1.0,1.0,1.0,,,,,1.0,,,,1.0,12.0
2021,2,11710620,가락본동,144,5.0,9.0,1.0,5.0,21.0,1.0,2.0,2.0,,,,,,,,,,,21.0
2021,2,11710631,가락1동,82,2.0,8.0,,,13.0,1.0,1.0,1.0,,,,1.0,,,,,,3.0,16.0
2021,2,11710632,가락2동,143,3.0,6.0,,,17.0,4.0,2.0,1.0,,,,,,,,,,1.0,22.0
2021,2,11710641,문정1동,70,3.0,1.0,,,5.0,1.0,1.0,1.0,,,,,,,,,,,19.0
2021,2,11710642,문정2동,149,10.0,12.0,,1.0,22.0,,1.0,,,,,,2.0,,,,,3.0,14.0
2021,2,11710646,장지동,136,4.0,3.0,,,10.0,1.0,2.0,1.0,3.0,,,,1.0,,,,,1.0,41.0
2021,2,11710647,위례동,84,3.0,1.0,,,5.0,2.0,2.0,1.0,,,,,,,,,,,32.0
2021,2,11710650,잠실본동,192,5.0,9.0,,1.0,24.0,,1.0,,,,,,,,,,,1.0,12.0
2021,2,11710670,잠실2동,91,4.0,6.0,,,14.0,1.0,2.0,2.0,2.0,,,,,,,,,1.0,5.0
2021,2,11710680,잠실3동,103,5.0,9.0,,,11.0,1.0,3.0,,1.0,,,,,,,,,,16.0
2021,2,11710690,잠실4동,74,3.0,3.0,,,10.0,1.0,2.0,,1.0,,,,,,,,,2.0,7.0
2021,2,11710710,잠실6동,144,4.0,17.0,,1.0,23.0,,1.0,1.0,,,,,1.0,,,,,2.0,13.0
2021,2,11710720,잠실7동,30,2.0,4.0,,,4.0,,1.0,2.0,1.0,,,,,,,,,2.0,3.0
2021,2,11740515,강일동,187,5.0,3.0,,,12.0,2.0,2.0,2.0,1.0,,,,,,,,,3.0,79.0
2021,2,11740520,상일동,105,4.0,2.0,1.0,,8.0,4.0,2.0,2.0,5.0,,,,,,,,,,37.0
2021,2,11740530,명일1동,151,5.0,6.0,,2.0,17.0,,1.0,,,,,,,,,,,1.0,22.0
2021,2,11740540,명일2동,107,3.0,6.0,,,18.0,4.0,2.0,,1.0,,,,,,,,,,18.0
2021,2,11740550,고덕1동,92,3.0,,,,4.0,1.0,2.0,1.0,1.0,,,,,,,,,1.0,26.0
2021,2,11740560,고덕2동,78,3.0,1.0,,,9.0,1.0,2.0,1.0,2.0,,,,,,,,,1.0,25.0
2021,2,11740570,암사1동,90,2.0,1.0,,,8.0,1.0,1.0,,,1.0,,1.0,,,,,,,13.0
2021,2,11740580,암사2동,61,1.0,3.0,,,6.0,1.0,2.0,,,,,,,,,,,1.0,6.0
2021,2,11740590,암사3동,50,2.0,1.0,,,5.0,1.0,,2.0,1.0,,,,,,,,,,12.0
2021,2,11740600,천호1동,92,4.0,1.0,,,11.0,,1.0,1.0,1.0,1.0,,,1.0,,,,,1.0,11.0
2021,2,11740610,천호2동,203,4.0,3.0,,1.0,26.0,1.0,1.0,1.0,,,,,,3.0,,,,,22.0
2021,2,11740620,천호3동,115,4.0,3.0,,2.0,14.0,,,1.0,,,,,,1.0,,,,,11.0
2021,2,11740640,성내1동,98,6.0,4.0,,2.0,9.0,1.0,2.0,1.0,,1.0,,,1.0,,,,,,20.0
2021,2,11740650,성내2동,113,2.0,3.0,,4.0,14.0,,,,,,,,1.0,,,,,3.0,16.0
2021,2,11740660,성내3동,136,4.0,5.0,,,13.0,2.0,,,,2.0,,,,,,,,1.0,13.0
2021,2,11740685,길동,242,6.0,10.0,1.0,4.0,34.0,4.0,3.0,1.0,,1.0,,,,,,,,1.0,36.0
2021,2,11740690,둔촌1동,14,,,,,,,2.0,,1.0,,,,,,,,,1.0,6.0
2021,2,11740700,둔촌2동,129,5.0,4.0,1.0,,17.0,2.0,1.0,2.0,1.0,,,,,,,,,1.0,32.0
2021,3,11110515,청운효자동,93,6.0,3.0,,,4.0,1.0,1.0,2.0,2.0,8.0,,,,,,,,,26.0
2021,3,11110530,사직동,206,18.0,24.0,,,15.0,,1.0,,1.0,1.0,,,3.0,,,,,2.0,34.0
2021,3,11110540,삼청동,49,10.0,4.0,,1.0,1.0,,,1.0,1.0,2.0,,,,,,,,,16.0
2021,3,11110550,부암동,84,4.0,2.0,,,1.0,1.0,2.0,1.0,1.0,14.0,,,,,,,,,38.0
2021,3,11110560,평창동,162,6.0,2.0,,1.0,5.0,1.0,,,1.0,2.0,,,,,,,,,91.0
2021,3,11110570,무악동,42,2.0,1.0,1.0,,4.0,1.0,1.0,,,,,,,,,,,1.0,7.0
2021,3,11110580,교남동,78,4.0,3.0,2.0,,17.0,,,,1.0,1.0,,,,,,,,,26.0
2021,3,11110600,가회동,63,5.0,3.0,,,1.0,1.0,1.0,1.0,2.0,1.0,,,,,,,,,22.0
2021,3,11110615,종로1?2?3?4가동,500,19.0,35.0,,,47.0,1.0,2.0,,,4.0,,1.0,5.0,17.0,,,,5.0,72.0
2021,3,11110630,종로5?6가동,212,7.0,8.0,,,31.0,,1.0,,,1.0,,4.0,,3.0,,,,1.0,23.0
2021,3,11110640,이화동,119,4.0,4.0,1.0,,11.0,,,2.0,,37.0,,,,,,,,1.0,28.0
2021,3,11110650,혜화동,145,6.0,5.0,,,16.0,3.0,1.0,1.0,4.0,26.0,,,1.0,,,,,,36.0
2021,3,11110670,창신1동,111,3.0,4.0,,,9.0,,2.0,,,,,1.0,,7.0,,,,2.0,11.0
2021,3,11110680,창신2동,38,2.0,1.0,,,5.0,,,,,,,,,,,,,,
2021,3,11110690,창신3동,24,3.0,,,,1.0,,1.0,,1.0,,,,,,,,,1.0,5.0
2021,3,11110700,숭인1동,43,3.0,1.0,,,3.0,1.0,,,,,,,,,,,,,14.0
2021,3,11110710,숭인2동,89,4.0,3.0,,1.0,4.0,,,,,,,2.0,,3.0,,,,2.0,6.0
2021,3,11140520,소공동,231,13.0,29.0,,,10.0,,1.0,4.0,3.0,,1.0,,3.0,3.0,,,,3.0,37.0
2021,3,11140540,회현동,211,9.0,17.0,,,16.0,1.0,,,,2.0,,2.0,1.0,2.0,,,,6.0,35.0
2021,3,11140550,명동,542,20.0,46.0,,,35.0,,1.0,,,4.0,,,3.0,12.0,,,,1.0,29.0
2021,3,11140570,필동,123,6.0,9.0,1.0,,7.0,,2.0,,1.0,19.0,,,2.0,1.0,,,,2.0,15.0
2021,3,11140580,장충동,63,6.0,2.0,,,1.0,,1.0,,,3.0,,,1.0,2.0,,,,1.0,13.0
2021,3,11140590,광희동,185,3.0,16.0,1.0,,14.0,,,1.0,,,,1.0,3.0,11.0,,,,3.0,19.0
2021,3,11140605,을지로동,145,5.0,10.0,,,13.0,,,,,,,1.0,2.0,3.0,,,,4.0,20.0
2021,3,11140615,신당동,99,7.0,5.0,,1.0,12.0,,1.0,1.0,3.0,,,3.0,,1.0,,,,2.0,8.0
2021,3,11140625,다산동,86,3.0,4.0,,1.0,9.0,,1.0,1.0,1.0,,,,,1.0,,,,1.0,7.0
2021,3,11140635,약수동,87,4.0,2.0,,1.0,12.0,2.0,,,,,,,,,,,,2.0,12.0
2021,3,11140645,청구동,34,2.0,,,,3.0,1.0,2.0,1.0,1.0,,,,,,,,,,5.0
2021,3,11140650,신당5동,65,4.0,2.0,,,5.0,,1.0,,2.0,,,,,,,,,,12.0
2021,3,11140665,동화동,47,3.0,1.0,,,5.0,,1.0,1.0,,,,,,,,,,2.0,4.0
2021,3,11140670,황학동,76,1.0,6.0,,,10.0,,,,,,,,,7.0,,,,,6.0
2021,3,11140680,중림동,77,3.0,2.0,,,7.0,,1.0,,2.0,1.0,,,,5.0,,,,,14.0
2021,3,11170510,후암동,80,6.0,1.0,,,7.0,1.0,2.0,,1.0,,,2.0,,,,,,,18.0
2021,3,11170520,용산2가동,63,3.0,,,,4.0,,1.0,2.0,2.0,,,,,,,,,1.0,29.0
2021,3,11170530,남영동,147,7.0,5.0,,,14.0,,,1.0,,,,,,12.0,,,,3.0,26.0
2021,3,11170555,청파동,128,7.0,2.0,,1.0,11.0,,2.0,2.0,4.0,22.0,,1.0,,1.0,,,,,35.0
2021,3,11170560,원효로1동,94,6.0,3.0,,,6.0,1.0,1.0,,,3.0,,4.0,,,,,,,31.0
2021,3,11170570,원효로2동,69,4.0,2.0,,,4.0,2.0,1.0,1.0,1.0,,,2.0,,,,,,,27.0
2021,3,11170580,효창동,66,1.0,1.0,,,5.0,,1.0,,1.0,1.0,,,,,,,,2.0,22.0
2021,3,11170590,용문동,54,1.0,,,,3.0,,,,,,,,,,,,,,22.0
2021,3,11170625,한강로동,242,19.0,19.0,,,21.0,,2.0,,1.0,,,5.0,3.0,2.0,,,,7.0,41.0
2021,3,11170630,이촌1동,102,4.0,9.0,,1.0,12.0,2.0,1.0,1.0,1.0,,,1.0,,,,,,,14.0
2021,3,11170640,이촌2동,26,2.0,,,,1.0,,,,,,,,,,,,,,11.0
2021,3,11170650,이태원1동,71,8.0,5.0,,,3.0,,1.0,,,,,3.0,,,,,,1.0,14.0
2021,3,11170660,이태원2동,60,8.0,5.0,,,3.0,1.0,1.0,,1.0,,,,,,,,,,22.0
2021,3,11170685,한남동,171,30.0,11.0,1.0,,13.0,3.0,1.0,,,,,3.0,,,,,,2.0,36.0
2021,3,11170690,서빙고동,61,15.0,1.0,,,1.0,,1.0,1.0,,,,,,,,,,1.0,21.0
2021,3,11170700,보광동,70,4.0,1.0,,,8.0,1.0,,1.0,1.0,6.0,,,,,,,,,14.0
2021,3,11200520,왕십리2동,63,2.0,,,,5.0,1.0,1.0,,,,,,,,,,,1.0,18.0
2021,3,11200535,왕십리도선동,189,4.0,4.0,,2.0,20.0,2.0,2.0,,2.0,,,,,,,,,,26.0
2021,3,11200540,마장동,111,6.0,5.0,,,8.0,2.0,2.0,2.0,,,,,,,,,,1.0,29.0
2021,3,11200550,사근동,128,5.0,3.0,1.0,,10.0,,2.0,1.0,2.0,52.0,,1.0,,,,,,2.0,34.0
2021,3,11200560,행당1동,130,9.0,4.0,,2.0,13.0,1.0,1.0,,,,,1.0,1.0,,,,,4.0,30.0
2021,3,11200570,행당2동,79,2.0,2.0,,,4.0,1.0,1.0,1.0,1.0,,,,,,,,,1.0,24.0
2021,3,11200580,응봉동,56,3.0,,,,2.0,,1.0,1.0,,,,,,,,,,1.0,30.0
2021,3,11200590,금호1가동,88,2.0,,,,6.0,1.0,1.0,,1.0,,,,,,,,,1.0,45.0
2021,3,11200615,금호2?3가동,135,3.0,2.0,,,13.0,,1.0,,,,,,,,,,,,46.0
2021,3,11200620,금호4가동,84,3.0,3.0,,,6.0,1.0,2.0,,,,,,,,,,,1.0,27.0
2021,3,11200645,옥수동,129,4.0,2.0,,,10.0,2.0,2.0,1.0,1.0,,,,,,,,,2.0,45.0
2021,3,11200650,성수1가1동,83,4.0,2.0,,,4.0,1.0,2.0,1.0,1.0,,,,1.0,,,,,1.0,33.0
2021,3,11200660,성수1가2동,79,3.0,6.0,,,6.0,,,1.0,1.0,1.0,,,,,,,,1.0,12.0
2021,3,11200670,성수2가1동,109,3.0,3.0,,,13.0,,1.0,2.0,1.0,,,2.0,,1.0,,,,,38.0
2021,3,11200690,성수2가3동,104,3.0,16.0,,,11.0,,2.0,,,,,,1.0,,,,,1.0,20.0
2021,3,11200720,송정동,44,2.0,,,1.0,5.0,,1.0,,,,,,,,,,,,17.0
2021,3,11200790,용답동,82,7.0,2.0,,,8.0,,1.0,,,,,1.0,,,,,,2.0,11.0
2021,3,11215710,화양동,167,3.0,5.0,1.0,,17.0,,2.0,2.0,1.0,34.0,,,1.0,,,,,2.0,16.0
2021,3,11215730,군자동,135,5.0,5.0,,1.0,12.0,1.0,2.0,,,20.0,,,1.0,,,,,,23.0
2021,3,11215740,중곡1동,74,2.0,,,,10.0,1.0,,,,,,1.0,,,,,,,19.0
2021,3,11215750,중곡2동,104,2.0,4.0,,,14.0,1.0,1.0,,,,,,,,,,,2.0,21.0
2021,3,11215760,중곡3동,97,3.0,1.0,,1.0,9.0,,2.0,,,,,1.0,,,,,,1.0,29.0
2021,3,11215770,중곡4동,105,2.0,2.0,,,7.0,,1.0,1.0,2.0,,,,,,,,,,37.0
2021,3,11215780,능동,47,4.0,,,1.0,5.0,,1.0,,1.0,,,,,,,,,1.0,5.0
2021,3,11215810,광장동,139,5.0,9.0,,,9.0,3.0,3.0,3.0,1.0,11.0,,,,,,,,1.0,32.0
2021,3,11215820,자양1동,106,3.0,4.0,1.0,,14.0,1.0,1.0,,,2.0,,,,,,,,,17.0
2021,3,11215830,자양2동,95,2.0,1.0,,,8.0,2.0,4.0,2.0,1.0,,,1.0,,,,,,,21.0
2021,3,11215840,자양3동,105,2.0,6.0,,,8.0,2.0,2.0,1.0,1.0,1.0,1.0,,1.0,,,,,,30.0
2021,3,11215847,자양4동,106,5.0,2.0,,1.0,15.0,1.0,,1.0,,,,1.0,1.0,,,,,1.0,16.0
2021,3,11215850,구의1동,77,2.0,4.0,,,9.0,1.0,,1.0,1.0,,,,,,,,,1.0,16.0
2021,3,11215860,구의2동,112,3.0,2.0,,1.0,9.0,3.0,2.0,,,1.0,,,,,,,,1.0,24.0
2021,3,11215870,구의3동,133,5.0,4.0,,,16.0,2.0,1.0,,,,,1.0,1.0,,,,1.0,1.0,25.0
2021,3,11230536,용신동,231,10.0,8.0,1.0,4.0,20.0,1.0,1.0,1.0,1.0,,,1.0,,5.0,,,,5.0,41.0
2021,3,11230545,제기동,288,4.0,5.0,,1.0,22.0,2.0,2.0,2.0,1.0,1.0,,3.0,,14.0,,,,1.0,30.0
2021,3,11230560,전농1동,152,5.0,2.0,,1.0,13.0,3.0,1.0,1.0,1.0,,,,1.0,5.0,,,,3.0,35.0
2021,3,11230570,전농2동,102,2.0,2.0,,,12.0,3.0,3.0,2.0,1.0,27.0,,,,,,,,,15.0
2021,3,11230600,답십리1동,124,4.0,5.0,,,9.0,,2.0,1.0,,,,,,,,,,,25.0
2021,3,11230610,답십리2동,108,3.0,2.0,,2.0,13.0,3.0,1.0,,,,,3.0,,,,,,,19.0
2021,3,11230650,장안1동,192,5.0,11.0,,4.0,26.0,2.0,2.0,2.0,,,,,,,,,,1.0,43.0
2021,3,11230660,장안2동,168,3.0,2.0,,2.0,21.0,1.0,2.0,,1.0,1.0,,,1.0,1.0,,,,,38.0
2021,3,11230705,청량리동,154,9.0,4.0,1.0,,16.0,2.0,1.0,1.0,1.0,1.0,,,,2.0,,,,,34.0
2021,3,11230710,회기동,84,3.0,5.0,1.0,,10.0,1.0,3.0,1.0,1.0,14.0,,,,,,,,,10.0
2021,3,11230720,휘경1동,82,2.0,1.0,,,12.0,,,,,,,,,1.0,,,,3.0,18.0
2021,3,11230730,휘경2동,84,5.0,1.0,1.0,,5.0,1.0,2.0,3.0,3.0,4.0,,,,,,,,,27.0
2021,3,11230740,이문1동,147,5.0,2.0,,,13.0,3.0,,,2.0,30.0,,,,,,,,1.0,26.0
2021,3,11230750,이문2동,71,2.0,,,,6.0,1.0,1.0,,,2.0,,,,,,,,1.0,17.0
2021,3,11260520,면목2동,112,3.0,,,1.0,11.0,2.0,2.0,,,,,8.0,,1.0,,,,,25.0
2021,3,11260540,면목4동,61,2.0,,,,5.0,1.0,1.0,1.0,,,,,,,,,,1.0,15.0
2021,3,11260550,면목5동,42,2.0,1.0,,,3.0,,,,,,,4.0,,,,,,,13.0
2021,3,11260565,면목본동,168,4.0,2.0,,,18.0,1.0,2.0,,,,,13.0,,1.0,,,,1.0,30.0
2021,3,11260570,면목7동,108,2.0,2.0,,1.0,11.0,,1.0,,,,,1.0,,,,,,,18.0
2021,3,11260575,면목3?8동,150,4.0,1.0,1.0,,17.0,1.0,2.0,2.0,1.0,8.0,,,,1.0,,,,1.0,34.0
2021,3,11260580,상봉1동,78,3.0,1.0,,1.0,8.0,2.0,1.0,2.0,1.0,,,,,,,,,4.0,12.0
2021,3,11260590,상봉2동,127,4.0,3.0,,1.0,10.0,,,,,,,,2.0,2.0,,,1.0,1.0,18.0
2021,3,11260600,중화1동,79,2.0,1.0,,1.0,7.0,1.0,2.0,2.0,1.0,,,,,,,,,,14.0
2021,3,11260610,중화2동,123,2.0,3.0,,,14.0,,,,,,,2.0,,,,,,3.0,32.0
2021,3,11260620,묵1동,144,4.0,2.0,,2.0,11.0,2.0,1.0,2.0,2.0,,,,,,,,,,34.0
2021,3,11260630,묵2동,92,3.0,4.0,,,7.0,,2.0,,,,,,1.0,,,,,1.0,19.0
2021,3,11260655,망우본동,238,9.0,4.0,1.0,4.0,25.0,1.0,2.0,3.0,4.0,,,9.0,,2.0,,,,2.0,54.0
2021,3,11260660,망우3동,54,1.0,1.0,,1.0,3.0,,2.0,,1.0,,,3.0,,,,,,,11.0
2021,3,11260680,신내1동,160,3.0,2.0,1.0,,13.0,2.0,2.0,,,,,,,,,,,1.0,53.0
2021,3,11260690,신내2동,104,6.0,3.0,,,12.0,3.0,4.0,,,,,,,,,,,,21.0
2021,3,11290525,성북동,166,6.0,4.0,,,6.0,2.0,1.0,3.0,2.0,5.0,,,,,,,,,55.0
2021,3,11290555,삼선동,163,7.0,5.0,,,14.0,,1.0,1.0,2.0,14.0,,,,,,,,2.0,46.0
2021,3,11290575,동선동,146,1.0,4.0,,1.0,13.0,1.0,2.0,2.0,1.0,12.0,,,1.0,,,,,1.0,19.0
2021,3,11290580,돈암1동,42,1.0,,,,2.0,2.0,2.0,2.0,1.0,,,,,,,,,,15.0
2021,3,11290590,돈암2동,88,4.0,2.0,,,4.0,6.0,1.0,,,,,,1.0,,,,,,38.0
2021,3,11290600,안암동,167,4.0,6.0,1.0,1.0,10.0,,1.0,1.0,1.0,71.0,,,,,,,,1.0,35.0
2021,3,11290610,보문동,77,4.0,4.0,,,6.0,,2.0,,,,,,,1.0,,,,2.0,10.0
2021,3,11290620,정릉1동,63,2.0,,,,6.0,2.0,,,,1.0,,,,,,,,,19.0
2021,3,11290630,정릉2동,110,4.0,3.0,,,6.0,1.0,2.0,,,,,,,,,,,1.0,50.0
2021,3,11290640,정릉3동,124,4.0,1.0,,,2.0,,1.0,3.0,1.0,28.0,,,,,,,,,38.0
2021,3,11290650,정릉4동,133,7.0,3.0,,,12.0,2.0,1.0,,2.0,11.0,,,,,,,,1.0,40.0
2021,3,11290660,길음1동,129,3.0,4.0,,,10.0,2.0,3.0,1.0,1.0,,,1.0,,,,,,1.0,26.0
2021,3,11290685,길음2동,112,5.0,,,3.0,14.0,,,,,,,,,,,,,,23.0
2021,3,11290705,종암동,189,7.0,2.0,,1.0,17.0,3.0,2.0,2.0,1.0,2.0,,,,,,,,,56.0
2021,3,11290715,월곡1동,108,2.0,3.0,,,10.0,,2.0,1.0,1.0,,,,,1.0,,,,,30.0
2021,3,11290725,월곡2동,135,6.0,4.0,,,12.0,2.0,,1.0,,12.0,,,,,,,,2.0,34.0
2021,3,11290760,장위1동,103,4.0,1.0,,,8.0,6.0,1.0,1.0,,,,,,,,,,,37.0
2021,3,11290770,장위2동,89,3.0,2.0,,,11.0,1.0,3.0,,,,,,,,,,,1.0,27.0
2021,3,11290780,장위3동,82,1.0,,,,5.0,1.0,2.0,1.0,,1.0,,1.0,,,,,,,39.0
2021,3,11290810,석관동,154,6.0,3.0,,,16.0,2.0,2.0,1.0,1.0,,,1.0,,2.0,,,,2.0,32.0
2021,3,11305534,삼양동,165,4.0,1.0,,,14.0,3.0,2.0,,1.0,,,,,,,,,3.0,34.0
2021,3,11305535,미아동,144,3.0,3.0,,1.0,14.0,,,,1.0,4.0,,,,,,,,1.0,28.0
2021,3,11305545,송중동,212,4.0,1.0,,2.0,18.0,4.0,2.0,,1.0,2.0,1.0,,1.0,,,,,,69.0
2021,3,11305555,송천동,164,9.0,5.0,,1.0,17.0,,1.0,2.0,2.0,,,2.0,,,,,,1.0,24.0
2021,3,11305575,삼각산동,114,2.0,1.0,,,9.0,1.0,,1.0,1.0,1.0,,,,,,,,,36.0
2021,3,11305595,번1동,136,3.0,3.0,,1.0,14.0,1.0,1.0,1.0,,,,,1.0,,,,,,30.0
2021,3,11305603,번2동,110,5.0,,,,7.0,1.0,,1.0,,,,,,1.0,,,,,54.0
2021,3,11305608,번3동,95,3.0,1.0,,,8.0,,2.0,,,,,,,,,,,,37.0
2021,3,11305615,수유1동,153,4.0,2.0,,,12.0,,2.0,3.0,1.0,,,1.0,,,,,,1.0,40.0
2021,3,11305625,수유2동,85,3.0,,,,12.0,3.0,,,,,,,,,,,,1.0,15.0
2021,3,11305635,수유3동,158,4.0,6.0,,1.0,16.0,,,1.0,,,,,1.0,,,,,1.0,30.0
2021,3,11305645,우이동,132,2.0,,,,7.0,1.0,,1.0,,2.0,,,,,,,,3.0,54.0
2021,3,11305660,인수동,175,13.0,2.0,1.0,2.0,14.0,2.0,2.0,2.0,,5.0,,1.0,,,,,,,57.0
2021,3,11320511,창1동,94,3.0,2.0,,,7.0,1.0,1.0,2.0,1.0,,,,,,,,,1.0,28.0
2021,3,11320512,창2동,95,3.0,,,1.0,8.0,1.0,1.0,,,,,,,,,,,,44.0
2021,3,11320513,창3동,66,1.0,,,,7.0,1.0,2.0,,,,,1.0,,,,,,,25.0
2021,3,11320514,창4동,130,7.0,4.0,,,8.0,1.0,2.0,1.0,2.0,,,,,,,,,,51.0
2021,3,11320515,창5동,119,7.0,3.0,,3.0,12.0,1.0,3.0,,,,,,2.0,,,,,2.0,24.0
2021,3,11320521,도봉1동,122,4.0,1.0,,,9.0,2.0,2.0,1.0,1.0,2.0,,1.0,,,,,,,38.0
2021,3,11320522,도봉2동,127,8.0,3.0,,,7.0,1.0,1.0,1.0,1.0,1.0,,,,1.0,,,,3.0,49.0
2021,3,11320660,쌍문1동,126,6.0,1.0,,1.0,4.0,1.0,3.0,,1.0,17.0,,,,,,,,,54.0
2021,3,11320670,쌍문2동,87,3.0,1.0,,1.0,10.0,1.0,1.0,1.0,,,,,,2.0,,,,,19.0
2021,3,11320680,쌍문3동,78,3.0,3.0,1.0,,12.0,,,1.0,,,,,,1.0,,,,1.0,17.0
2021,3,11320681,쌍문4동,64,1.0,,,,4.0,5.0,2.0,2.0,3.0,,,,,,,,,,23.0
2021,3,11320690,방학1동,148,6.0,6.0,,2.0,15.0,2.0,1.0,1.0,1.0,,,,,,,,,1.0,39.0
2021,3,11320700,방학2동,64,3.0,,,,7.0,,1.0,1.0,,,,,,,,,,,23.0
2021,3,11320710,방학3동,112,3.0,3.0,,,6.0,3.0,3.0,1.0,,,,,,,,,,,47.0
2021,3,11350560,월계1동,159,4.0,2.0,,,10.0,2.0,1.0,1.0,1.0,17.0,,,,,,,,,59.0
2021,3,11350570,월계2동,136,4.0,,,,5.0,3.0,2.0,3.0,4.0,11.0,,,,,,,,1.0,64.0
2021,3,11350580,월계3동,135,5.0,3.0,,,8.0,4.0,3.0,1.0,,,,,,,,,,2.0,47.0
2021,3,11350595,공릉1동,211,4.0,6.0,,4.0,21.0,3.0,3.0,,,1.0,,1.0,,,,,,3.0,54.0
2021,3,11350600,공릉2동,271,7.0,6.0,1.0,,14.0,3.0,4.0,4.0,2.0,64.0,,1.0,,,,,,1.0,63.0
2021,3,11350611,하계1동,133,4.0,3.0,1.0,,9.0,1.0,1.0,2.0,4.0,16.0,,,,,,,,,41.0
2021,3,11350612,하계2동,67,2.0,1.0,,,4.0,2.0,2.0,1.0,,,,,,,,,,1.0,28.0
2021,3,11350619,중계본동,95,5.0,2.0,,,7.0,3.0,2.0,,3.0,,,,,,,,,,21.0
2021,3,11350621,중계1동,85,2.0,3.0,,,7.0,,2.0,1.0,2.0,,,,,,,,,,18.0
2021,3,11350624,중계4동,81,2.0,3.0,,,14.0,1.0,1.0,3.0,2.0,,,,,,,,,,6.0
2021,3,11350625,중계2?3동,142,7.0,2.0,,,10.0,4.0,4.0,1.0,3.0,,,,2.0,,,,,1.0,39.0
2021,3,11350630,상계1동,190,5.0,2.0,,,14.0,3.0,3.0,2.0,1.0,,,,1.0,,,,,1.0,38.0
2021,3,11350640,상계2동,182,2.0,1.0,,2.0,19.0,1.0,1.0,1.0,,,,,1.0,,,,,2.0,33.0
2021,3,11350665,상계3?4동,107,4.0,1.0,,,9.0,3.0,2.0,,,1.0,,,,2.0,,,,1.0,11.0
2021,3,11350670,상계5동,105,2.0,1.0,,,11.0,,1.0,,,,,,,3.0,,,,1.0,36.0
2021,3,11350695,상계6?7동,253,9.0,11.0,1.0,1.0,29.0,,3.0,2.0,1.0,4.0,,,1.0,,,,,,40.0
2021,3,11350700,상계8동,92,3.0,3.0,,,7.0,,,1.0,,,,,,,,,,1.0,15.0
2021,3,11350710,상계9동,78,3.0,4.0,,,6.0,1.0,3.0,2.0,2.0,,,,,,,,,,18.0
2021,3,11350720,상계10동,64,3.0,,,,1.0,1.0,2.0,1.0,1.0,,,,,,,,,,30.0
2021,3,11380510,녹번동,148,8.0,3.0,,2.0,12.0,1.0,3.0,,,,,1.0,1.0,,,,,2.0,35.0
2021,3,11380520,불광1동,198,6.0,4.0,,1.0,17.0,4.0,2.0,,,,,,1.0,,,,,3.0,49.0
2021,3,11380530,불광2동,113,6.0,1.0,,,5.0,,3.0,3.0,1.0,,,3.0,,,,,,,32.0
2021,3,11380551,갈현1동,133,2.0,2.0,1.0,,13.0,1.0,,,,,,,,,,,,2.0,48.0
2021,3,11380552,갈현2동,121,3.0,1.0,,1.0,15.0,5.0,2.0,1.0,5.0,,,,,,,,,1.0,34.0
2021,3,11380560,구산동,127,3.0,,,1.0,8.0,3.0,3.0,2.0,3.0,,,,,,,,,,38.0
2021,3,11380570,대조동,205,3.0,5.0,,1.0,24.0,,2.0,,2.0,,,,1.0,,,,,,32.0
2021,3,11380580,응암1동,133,5.0,5.0,,1.0,20.0,1.0,1.0,1.0,1.0,,,,,,,,,,27.0
2021,3,11380590,응암2동,91,3.0,1.0,,1.0,10.0,2.0,1.0,,,,,,,,,,,,37.0
2021,3,11380600,응암3동,138,3.0,3.0,,1.0,16.0,1.0,1.0,2.0,1.0,,,2.0,,,,,,,31.0
2021,3,11380625,역촌동,176,5.0,5.0,,2.0,18.0,2.0,1.0,,,,,,,,,,,,51.0
2021,3,11380631,신사1동,94,3.0,,,,8.0,3.0,,1.0,,5.0,,,,,,,,1.0,22.0
2021,3,11380632,신사2동,82,4.0,,,,5.0,,3.0,1.0,1.0,,,,,,,,,1.0,35.0
2021,3,11380640,증산동,83,3.0,,,,8.0,1.0,1.0,2.0,,,,2.0,,,,,,1.0,16.0
2021,3,11380650,수색동,60,5.0,2.0,,,5.0,1.0,1.0,,,,,2.0,,,,,,1.0,22.0
2021,3,11380690,진관동,242,6.0,6.0,,,22.0,6.0,6.0,2.0,4.0,,,,1.0,,,,,1.0,81.0
2021,3,11410520,천연동,127,4.0,1.0,,,4.0,,1.0,1.0,1.0,11.0,,,,1.0,,,,,44.0
2021,3,11410555,북아현동,76,2.0,2.0,,1.0,7.0,1.0,1.0,,1.0,,,,,,,,,,17.0
2021,3,11410565,충현동,184,9.0,8.0,,,7.0,1.0,3.0,1.0,2.0,24.0,,,,,,,,3.0,58.0
2021,3,11410585,신촌동,368,6.0,10.0,1.0,,22.0,1.0,3.0,1.0,1.0,109.0,1.0,,4.0,3.0,,,,2.0,60.0
2021,3,11410615,연희동,201,7.0,7.0,,1.0,16.0,,1.0,3.0,1.0,13.0,,,1.0,1.0,,,,,70.0
2021,3,11410620,홍제1동,135,3.0,2.0,,,10.0,2.0,2.0,,,1.0,,,,1.0,,,,1.0,40.0
2021,3,11410640,홍제3동,129,3.0,3.0,,2.0,14.0,1.0,2.0,1.0,,3.0,,4.0,,6.0,,,,1.0,46.0
2021,3,11410655,홍제2동,56,1.0,,,,6.0,3.0,,,,,,,,1.0,,,,,15.0
2021,3,11410660,홍은1동,86,3.0,,,,7.0,1.0,1.0,,,,,,,1.0,,,,,32.0
2021,3,11410685,홍은2동,161,4.0,2.0,1.0,,8.0,,2.0,3.0,1.0,12.0,,,,,,,,,83.0
2021,3,11410690,남가좌1동,94,2.0,3.0,,1.0,9.0,,1.0,,,,,1.0,,1.0,,,,1.0,20.0
2021,3,11410700,남가좌2동,117,4.0,4.0,,,12.0,4.0,1.0,1.0,,8.0,,,,,,,,,24.0
2021,3,11410710,북가좌1동,60,1.0,2.0,,,5.0,2.0,1.0,1.0,1.0,,,,,,,,,,13.0
2021,3,11410720,북가좌2동,115,3.0,3.0,,,12.0,2.0,,,,,,,,,,,,,39.0
2021,3,11440555,아현동,145,5.0,8.0,,,16.0,1.0,1.0,1.0,1.0,,,,,1.0,,,,2.0,23.0
2021,3,11440565,공덕동,172,7.0,9.0,,,21.0,1.0,3.0,,,,,2.0,,,,,,4.0,39.0
2021,3,11440585,도화동,144,4.0,7.0,,,15.0,2.0,1.0,,,,,,1.0,1.0,,,,1.0,38.0
2021,3,11440590,용강동,90,7.0,6.0,,1.0,10.0,2.0,1.0,,,,,,,,,,,1.0,24.0
2021,3,11440600,대흥동,209,5.0,5.0,,,18.0,,3.0,1.0,1.0,27.0,,,,3.0,,,,3.0,38.0
2021,3,11440610,염리동,52,3.0,1.0,,,3.0,1.0,1.0,2.0,3.0,,,,,2.0,,,,,10.0
2021,3,11440630,신수동,76,4.0,1.0,,1.0,5.0,1.0,1.0,1.0,1.0,,,,,,,,,,24.0
2021,3,11440655,서강동,156,6.0,4.0,,,7.0,1.0,1.0,,,20.0,,,,,,,,2.0,64.0
2021,3,11440660,서교동,358,13.0,22.0,,,31.0,1.0,1.0,,,2.0,,,5.0,3.0,,,,7.0,88.0
2021,3,11440680,합정동,109,4.0,3.0,,,10.0,1.0,1.0,1.0,,,,,,,,,,,32.0
2021,3,11440690,망원1동,95,2.0,2.0,,,11.0,,,,,,,,,1.0,,,,,23.0
2021,3,11440700,망원2동,83,4.0,1.0,,,6.0,1.0,2.0,,,,,,,,,,,,33.0
2021,3,11440710,연남동,52,2.0,1.0,,,2.0,1.0,,1.0,2.0,,,,,,,,,,23.0
2021,3,11440720,성산1동,86,4.0,2.0,,,5.0,1.0,2.0,2.0,1.0,1.0,,,,1.0,,,,,29.0
2021,3,11440730,성산2동,158,6.0,3.0,,,13.0,2.0,3.0,2.0,,,,1.0,1.0,,,,,2.0,47.0
2021,3,11440740,상암동,247,10.0,11.0,,,14.0,3.0,3.0,1.0,1.0,,,1.0,,,,,,4.0,104.0
2021,3,11470510,목1동,190,5.0,12.0,,1.0,21.0,1.0,1.0,1.0,1.0,2.0,,,2.0,,,,,2.0,29.0
2021,3,11470520,목2동,97,3.0,2.0,,1.0,13.0,3.0,1.0,,,,,,,1.0,,,,1.0,18.0
2021,3,11470530,목3동,96,3.0,4.0,,,11.0,1.0,,1.0,,,,,,,,,,,7.0
2021,3,11470540,목4동,84,3.0,3.0,,,9.0,1.0,1.0,1.0,1.0,,,,,,,,,,14.0
2021,3,11470550,목5동,143,8.0,9.0,1.0,,12.0,4.0,3.0,2.0,2.0,,,,,,,,,,52.0
2021,3,11470560,신월1동,71,3.0,3.0,,,12.0,1.0,,,,,,,,,,,,,9.0
2021,3,11470570,신월2동,65,3.0,1.0,,,6.0,1.0,2.0,2.0,,,,,,,,,,,12.0
2021,3,11470580,신월3동,70,2.0,1.0,,,7.0,1.0,1.0,2.0,3.0,,,,,,,,,,8.0
2021,3,11470590,신월4동,63,2.0,1.0,,,6.0,3.0,1.0,,,,,,,,,,,,11.0
2021,3,11470600,신월5동,54,3.0,,,1.0,3.0,2.0,1.0,2.0,,,,,,,,,,,12.0
2021,3,11470610,신월6동,47,1.0,2.0,,1.0,5.0,1.0,1.0,1.0,,,,,,,,,,,15.0
2021,3,11470611,신월7동,74,6.0,1.0,,,10.0,2.0,,1.0,,,,,,,,,,,21.0
2021,3,11470620,신정1동,94,7.0,3.0,,,9.0,2.0,2.0,1.0,,,,,,,,,,,26.0
2021,3,11470630,신정2동,71,3.0,1.0,,,7.0,1.0,2.0,1.0,,,,,,,,,,,20.0
2021,3,11470640,신정3동,203,4.0,1.0,,,15.0,1.0,3.0,1.0,4.0,,,,,,,,,1.0,81.0
2021,3,11470650,신정4동,161,3.0,8.0,1.0,1.0,16.0,3.0,2.0,,2.0,,,,,,,,,1.0,18.0
2021,3,11470670,신정6동,72,7.0,6.0,,,2.0,2.0,,1.0,1.0,,,,,,,,,,31.0
2021,3,11470680,신정7동,107,3.0,2.0,,,8.0,3.0,3.0,1.0,1.0,,,,,,,,,1.0,30.0
2021,3,11500510,염창동,147,5.0,3.0,,1.0,15.0,,2.0,2.0,,,,,,,,,,2.0,35.0
2021,3,11500520,등촌1동,95,1.0,5.0,,1.0,10.0,,1.0,,,,,,1.0,,,,,,20.0
2021,3,11500530,등촌2동,58,3.0,,,1.0,6.0,2.0,2.0,2.0,2.0,,,,,,,,,,8.0
2021,3,11500535,등촌3동,184,6.0,3.0,1.0,2.0,18.0,2.0,5.0,2.0,4.0,,,,1.0,,,,,,55.0
2021,3,11500540,화곡1동,226,3.0,2.0,,2.0,26.0,,2.0,1.0,,,,,1.0,,,,,2.0,27.0
2021,3,11500550,화곡2동,65,2.0,,,,3.0,2.0,1.0,,,,,,,,,,,,30.0
2021,3,11500560,화곡3동,87,4.0,3.0,,,8.0,2.0,,,,,,,,,,,,,12.0
2021,3,11500570,화곡4동,101,4.0,2.0,,,14.0,3.0,1.0,,2.0,,,,,,,,,,30.0
2021,3,11500590,화곡본동,145,3.0,,,1.0,11.0,1.0,2.0,,,,,,,,,,,,31.0
2021,3,11500591,화곡6동,118,7.0,5.0,,,8.0,2.0,1.0,,,9.0,,,,,,,,,29.0
2021,3,11500593,화곡8동,95,2.0,3.0,,,8.0,1.0,,,,,,,,,,,,1.0,33.0
2021,3,11500603,가양1동,279,5.0,13.0,,,20.0,3.0,1.0,1.0,1.0,,,,1.0,2.0,,,,5.0,69.0
2021,3,11500604,가양2동,75,4.0,3.0,,,7.0,3.0,1.0,1.0,1.0,,,,,,,,,1.0,14.0
2021,3,11500605,가양3동,52,3.0,,,,4.0,3.0,2.0,1.0,1.0,,,,,,,,,1.0,13.0
2021,3,11500611,발산1동,246,3.0,9.0,1.0,2.0,33.0,2.0,3.0,4.0,8.0,,,1.0,,,,,,,63.0
2021,3,11500615,우장산동,158,4.0,4.0,,3.0,12.0,3.0,2.0,,,5.0,,,,,,,,1.0,33.0
2021,3,11500620,공항동,176,6.0,7.0,1.0,,11.0,1.0,2.0,2.0,,4.0,,,,,21.0,,,2.0,39.0
2021,3,11500630,방화1동,200,2.0,3.0,,2.0,21.0,4.0,3.0,1.0,3.0,,,,,1.0,,,,1.0,46.0
2021,3,11500640,방화2동,124,4.0,,,,7.0,3.0,1.0,1.0,,,,2.0,1.0,,4.0,,,5.0,37.0
2021,3,11500641,방화3동,83,5.0,1.0,,,5.0,2.0,3.0,2.0,1.0,1.0,,,,,,,,1.0,22.0
2021,3,11530510,신도림동,168,5.0,4.0,,,12.0,2.0,1.0,1.0,1.0,1.0,,2.0,1.0,1.0,,,,3.0,43.0
2021,3,11530520,구로1동,88,4.0,1.0,,,5.0,3.0,1.0,1.0,1.0,,,4.0,,,,,,,25.0
2021,3,11530530,구로2동,197,6.0,12.0,1.0,1.0,21.0,1.0,1.0,,1.0,,,7.0,,16.0,,,,1.0,48.0
2021,3,11530540,구로3동,187,7.0,18.0,,,15.0,1.0,2.0,1.0,,,,,,5.0,,,,2.0,47.0
2021,3,11530550,구로4동,139,5.0,3.0,,,15.0,2.0,1.0,1.0,,,,1.0,,19.0,,,,,13.0
2021,3,11530560,구로5동,167,5.0,4.0,,2.0,18.0,,3.0,1.0,1.0,2.0,1.0,,3.0,,,,,1.0,49.0
2021,3,11530595,가리봉동,74,,,,,6.0,,1.0,,1.0,,,,,23.0,,,,,8.0
2021,3,11530720,고척1동,135,5.0,4.0,1.0,1.0,9.0,,3.0,1.0,1.0,12.0,,8.0,,4.0,,,,,31.0
2021,3,11530730,고척2동,128,5.0,2.0,,1.0,11.0,,2.0,1.0,1.0,,,,,,,,,,40.0
2021,3,11530740,개봉1동,163,5.0,3.0,,1.0,11.0,2.0,1.0,2.0,,4.0,,1.0,,,,,,1.0,57.0
2021,3,11530750,개봉2동,116,3.0,3.0,,,10.0,2.0,,,,,,1.0,1.0,,,,,,26.0
2021,3,11530760,개봉3동,81,3.0,2.0,,,9.0,1.0,3.0,1.0,,,,1.0,1.0,,,,,,23.0
2021,3,11530770,오류1동,122,5.0,4.0,,,11.0,3.0,1.0,,,,,,,,,,,1.0,22.0
2021,3,11530780,오류2동,209,3.0,1.0,,1.0,9.0,6.0,3.0,2.0,1.0,,,,,,,,,1.0,86.0
2021,3,11530790,수궁동,154,3.0,1.0,,,5.0,2.0,1.0,1.0,6.0,,,1.0,,,,,,3.0,69.0
2021,3,11530800,항동,64,1.0,,,,2.0,1.0,1.0,,,10.0,,,,,,,,,37.0
2021,3,11545510,가산동,304,10.0,25.0,,1.0,21.0,2.0,,,,,,,1.0,17.0,,,,3.0,111.0
2021,3,11545610,독산1동,217,3.0,6.0,,2.0,17.0,2.0,4.0,3.0,,,,,1.0,3.0,,,,,74.0
2021,3,11545620,독산2동,73,2.0,1.0,,,8.0,,2.0,,,1.0,,,,,,,,,11.0
2021,3,11545630,독산3동,119,4.0,4.0,,,14.0,2.0,2.0,2.0,1.0,,,1.0,,,,,,,29.0
2021,3,11545640,독산4동,64,5.0,2.0,,1.0,4.0,,1.0,,,,,,,,,,,,16.0
2021,3,11545670,시흥1동,223,9.0,7.0,1.0,2.0,25.0,2.0,3.0,1.0,1.0,,,,,3.0,,,,1.0,52.0
2021,3,11545680,시흥2동,76,2.0,,,,3.0,2.0,3.0,1.0,2.0,,,,,,,,,,30.0
2021,3,11545690,시흥3동,66,3.0,3.0,,,5.0,,1.0,1.0,1.0,,,,,1.0,,,,,21.0
2021,3,11545700,시흥4동,72,1.0,1.0,,,6.0,,1.0,1.0,,,,,,,,,,,27.0
2021,3,11545710,시흥5동,106,3.0,,,,16.0,2.0,3.0,,,,,,,,,,,,37.0
2021,3,11560515,영등포본동,94,4.0,,,,10.0,2.0,2.0,1.0,2.0,,,,1.0,2.0,,,,1.0,23.0
2021,3,11560535,영등포동,325,10.0,17.0,2.0,2.0,37.0,,1.0,,,1.0,,,1.0,16.0,,,,1.0,41.0
2021,3,11560540,여의동,399,23.0,70.0,1.0,,44.0,,2.0,2.0,2.0,,,,1.0,,,,,5.0,61.0
2021,3,11560550,당산1동,131,6.0,5.0,,1.0,8.0,1.0,,,,,,,,12.0,,,,2.0,23.0
2021,3,11560560,당산2동,192,6.0,4.0,,,20.0,3.0,2.0,2.0,,,,,,,,,,2.0,46.0
2021,3,11560585,도림동,66,2.0,,,,6.0,2.0,,,,,,,,,,,,,28.0
2021,3,11560605,문래동,185,8.0,9.0,,,17.0,,3.0,2.0,,,,,,2.0,,,,1.0,56.0
2021,3,11560610,양평1동,87,5.0,3.0,,1.0,6.0,,1.0,,1.0,,,,,1.0,,,,1.0,22.0
2021,3,11560620,양평2동,131,8.0,6.0,,,7.0,1.0,2.0,1.0,2.0,,,,,3.0,,,,1.0,35.0
2021,3,11560630,신길1동,85,1.0,2.0,1.0,1.0,13.0,,1.0,,,,,,,4.0,,,,2.0,25.0
2021,3,11560650,신길3동,102,3.0,5.0,,1.0,12.0,3.0,1.0,,,,,,,2.0,,,,,32.0
2021,3,11560660,신길4동,43,1.0,1.0,,,2.0,2.0,1.0,,,,,,,,,,,,13.0
2021,3,11560670,신길5동,66,3.0,,,,,1.0,1.0,1.0,1.0,,,,,5.0,,,,,31.0
2021,3,11560680,신길6동,123,4.0,1.0,,1.0,14.0,1.0,1.0,,1.0,,,1.0,,2.0,,,,1.0,29.0
2021,3,11560690,신길7동,78,5.0,1.0,,,7.0,1.0,1.0,,,,,,,1.0,,,,1.0,32.0
2021,3,11560700,대림1동,81,2.0,4.0,2.0,,18.0,,1.0,1.0,,,,2.0,,3.0,,,,,16.0
2021,3,11560710,대림2동,86,4.0,2.0,1.0,,16.0,,2.0,,,1.0,,,,1.0,,,,,13.0
2021,3,11560720,대림3동,126,2.0,7.0,,1.0,11.0,3.0,2.0,1.0,,2.0,,1.0,,,,,,2.0,46.0
2021,3,11590510,노량진1동,180,5.0,4.0,,,14.0,2.0,3.0,1.0,,1.0,,,,2.0,,,,3.0,57.0
2021,3,11590520,노량진2동,72,5.0,4.0,,1.0,14.0,1.0,,,,,,,,1.0,,,,,14.0
2021,3,11590530,상도1동,201,5.0,4.0,,1.0,16.0,2.0,2.0,1.0,,23.0,,,,,,,,2.0,47.0
2021,3,11590540,상도2동,154,6.0,3.0,,,16.0,1.0,1.0,1.0,,,,1.0,,1.0,,,,1.0,41.0
2021,3,11590550,상도3동,113,2.0,2.0,,,11.0,,,1.0,,,,1.0,,,,,,,36.0
2021,3,11590560,상도4동,112,3.0,1.0,,1.0,11.0,4.0,1.0,1.0,,,,,1.0,,,,,,36.0
2021,3,11590605,흑석동,195,6.0,6.0,1.0,,24.0,5.0,3.0,2.0,,16.0,,,,1.0,,,,1.0,50.0
2021,3,11590620,사당1동,126,4.0,6.0,,2.0,12.0,1.0,1.0,,,1.0,,,1.0,1.0,,,,2.0,13.0
2021,3,11590630,사당2동,179,3.0,2.0,,,14.0,,1.0,1.0,2.0,,,,,2.0,,,,4.0,36.0
2021,3,11590640,사당3동,88,3.0,1.0,,,5.0,,2.0,1.0,,3.0,,1.0,,,,,,1.0,30.0
2021,3,11590650,사당4동,62,2.0,1.0,,,6.0,,,1.0,,,,1.0,,,,,,,4.0
2021,3,11590651,사당5동,61,4.0,,,,3.0,1.0,2.0,1.0,1.0,,,,,,,,,,28.0
2021,3,11590660,대방동,199,5.0,5.0,,,16.0,3.0,3.0,4.0,4.0,,,,,,,,,2.0,61.0
2021,3,11590670,신대방1동,83,3.0,1.0,,,10.0,3.0,1.0,1.0,,1.0,,,,,,,,1.0,15.0
2021,3,11590680,신대방2동,109,7.0,7.0,1.0,,16.0,,1.0,1.0,1.0,,,,,,,,,,29.0
2021,3,11620525,보라매동,83,1.0,1.0,,,5.0,,1.0,1.0,1.0,,,,,,,,,,25.0
2021,3,11620545,청림동,50,2.0,,,,4.0,2.0,,,,,,,,2.0,,,,,7.0
2021,3,11620565,성현동,104,4.0,,,,6.0,3.0,2.0,1.0,1.0,,,,,,,,,,38.0
2021,3,11620575,행운동,111,3.0,3.0,1.0,2.0,12.0,1.0,2.0,2.0,1.0,,,,,,,,,,15.0
2021,3,11620585,낙성대동,148,2.0,3.0,,,10.0,,1.0,,,37.0,,,,2.0,,,,,37.0
2021,3,11620595,청룡동,147,5.0,6.0,,1.0,23.0,,2.0,2.0,3.0,,,1.0,1.0,1.0,,,,1.0,15.0
2021,3,11620605,은천동,123,6.0,,,,9.0,3.0,1.0,,1.0,,,,,,,,,,43.0
2021,3,11620615,중앙동,83,1.0,3.0,,1.0,14.0,,1.0,,,,,,,,,,,1.0,12.0
2021,3,11620625,인헌동,105,2.0,5.0,,,14.0,1.0,,1.0,1.0,,,2.0,,,,,,1.0,23.0
2021,3,11620630,남현동,70,3.0,1.0,,,6.0,1.0,1.0,,,1.0,,,,,,,,,6.0
2021,3,11620645,서원동,94,3.0,1.0,1.0,1.0,9.0,,,1.0,,,,,1.0,,,,,,27.0
2021,3,11620655,신원동,54,6.0,1.0,,,7.0,,1.0,,,1.0,,,,,,,,,10.0
2021,3,11620665,서림동,74,2.0,,,,5.0,1.0,1.0,1.0,,,,,,,,,,,34.0
2021,3,11620685,신사동,79,3.0,2.0,,1.0,10.0,1.0,1.0,,,1.0,,1.0,,,,,,,21.0
2021,3,11620695,신림동,168,2.0,3.0,,,17.0,,,,,,,,,4.0,,,,1.0,16.0
2021,3,11620715,난향동,68,1.0,,,,5.0,,1.0,,,,,,,,,,,,34.0
2021,3,11620725,조원동,96,3.0,1.0,,1.0,12.0,,1.0,,,,,1.0,,,,,,,30.0
2021,3,11620735,대학동,283,5.0,6.0,,,11.0,,1.0,1.0,2.0,140.0,,,,,,,,,73.0
2021,3,11620745,삼성동,94,3.0,,,,7.0,,2.0,,1.0,,,,,3.0,,,,,44.0
2021,3,11620765,미성동,126,3.0,3.0,,1.0,11.0,1.0,2.0,2.0,2.0,,,,,1.0,,,,,44.0
2021,3,11620775,난곡동,95,2.0,1.0,,,11.0,2.0,1.0,2.0,1.0,,,1.0,,,,,,,28.0
2021,3,11650510,서초1동,194,4.0,10.0,,1.0,14.0,,2.0,,,13.0,,,,,,,,2.0,38.0
2021,3,11650520,서초2동,217,8.0,26.0,,,24.0,,1.0,1.0,1.0,,,,,1.0,,,,2.0,47.0
2021,3,11650530,서초3동,332,25.0,30.0,,3.0,30.0,1.0,1.0,1.0,3.0,2.0,,,,,,,1.0,2.0,77.0
2021,3,11650531,서초4동,257,2.0,13.0,,1.0,31.0,2.0,2.0,1.0,,,,,1.0,,,,,,36.0
2021,3,11650540,잠원동,135,3.0,8.0,,,13.0,1.0,1.0,1.0,,,,,,,,,,2.0,23.0
2021,3,11650550,반포본동,33,1.0,3.0,,,2.0,,1.0,2.0,2.0,,,1.0,,,,,,1.0,5.0
2021,3,11650560,반포1동,140,6.0,6.0,,1.0,20.0,1.0,2.0,1.0,1.0,,,,,,,,,1.0,26.0
2021,3,11650570,반포2동,74,4.0,5.0,,,5.0,,2.0,1.0,,,,1.0,,,,,,1.0,25.0
2021,3,11650580,반포3동,109,3.0,7.0,,,11.0,,1.0,1.0,,,,,,,,,,,18.0
2021,3,11650581,반포4동,130,7.0,12.0,1.0,,12.0,,,1.0,,3.0,,,1.0,,,,,3.0,33.0
2021,3,11650590,방배본동,103,2.0,6.0,,,16.0,,1.0,,,,,1.0,,,,,,,25.0
2021,3,11650600,방배1동,102,3.0,4.0,,1.0,10.0,,1.0,,,3.0,,1.0,,,,,,1.0,19.0
2021,3,11650610,방배2동,114,4.0,2.0,,,3.0,,1.0,1.0,1.0,,,1.0,,1.0,,,,1.0,37.0
2021,3,11650620,방배3동,112,4.0,3.0,,2.0,6.0,,2.0,,1.0,7.0,,,,,,,,,50.0
2021,3,11650621,방배4동,156,3.0,10.0,,,11.0,,1.0,,1.0,4.0,,,,1.0,,,,1.0,31.0
2021,3,11650651,양재1동,263,12.0,11.0,,1.0,20.0,3.0,4.0,1.0,,1.0,,,,,,,,2.0,86.0
2021,3,11650652,양재2동,147,2.0,16.0,,,11.0,,1.0,2.0,1.0,,,1.0,,,,,,1.0,57.0
2021,3,11650660,내곡동,161,5.0,1.0,,1.0,2.0,2.0,1.0,,,3.0,,1.0,,,,,,1.0,85.0
2021,3,11680510,신사동,260,3.0,14.0,,,36.0,2.0,1.0,1.0,2.0,,1.0,,1.0,,,,,1.0,12.0
2021,3,11680521,논현1동,300,4.0,15.0,,4.0,42.0,,1.0,,,,,1.0,8.0,,,,,3.0,23.0
2021,3,11680531,논현2동,240,8.0,16.0,,5.0,29.0,1.0,1.0,1.0,,4.0,,,2.0,,,,,1.0,33.0
2021,3,11680545,압구정동,313,4.0,25.0,,5.0,30.0,1.0,1.0,2.0,2.0,,2.0,1.0,3.0,,,,,2.0,18.0
2021,3,11680565,청담동,288,11.0,19.0,,4.0,27.0,2.0,2.0,1.0,1.0,1.0,,,,,,,,3.0,23.0
2021,3,11680580,삼성1동,199,6.0,26.0,,3.0,13.0,1.0,1.0,1.0,1.0,,1.0,,1.0,,,,,3.0,38.0
2021,3,11680590,삼성2동,177,10.0,11.0,,,11.0,,1.0,1.0,,1.0,,,,,,,,4.0,28.0
2021,3,11680600,대치1동,130,4.0,11.0,,,13.0,1.0,1.0,1.0,2.0,1.0,,,,,,,,,24.0
2021,3,11680610,대치2동,210,6.0,26.0,,2.0,20.0,,2.0,1.0,1.0,,,,,,,,,2.0,39.0
2021,3,11680630,대치4동,159,4.0,12.0,1.0,1.0,18.0,,1.0,,,1.0,1.0,,,,,,,,14.0
2021,3,11680640,역삼1동,542,15.0,49.0,1.0,3.0,64.0,1.0,1.0,,,,,,3.0,1.0,,,,1.0,44.0
2021,3,11680650,역삼2동,195,3.0,14.0,,2.0,25.0,,1.0,2.0,1.0,1.0,,,,,,,,,31.0
2021,3,11680655,도곡1동,142,4.0,9.0,1.0,4.0,20.0,2.0,1.0,2.0,1.0,,,,,,,,,1.0,27.0
2021,3,11680656,도곡2동,118,7.0,23.0,,,10.0,2.0,1.0,1.0,2.0,,,,,,,,,3.0,25.0
2021,3,11680660,개포1동,38,1.0,1.0,,,1.0,,1.0,2.0,,,,,,,,,,,29.0
2021,3,11680670,개포2동,135,3.0,3.0,,,9.0,5.0,4.0,1.0,3.0,,,,,,,,,3.0,50.0
2021,3,11680690,개포4동,115,3.0,4.0,,,7.0,,2.0,1.0,1.0,,,,,,,,,,49.0
2021,3,11680700,세곡동,191,4.0,1.0,,,9.0,3.0,4.0,1.0,1.0,,,,,,,,,,95.0
2021,3,11680720,일원본동,103,2.0,6.0,1.0,,15.0,2.0,2.0,1.0,2.0,,,,,,,,,1.0,32.0
2021,3,11680730,일원1동,74,4.0,1.0,,,11.0,1.0,2.0,,1.0,,,,,,,,,,18.0
2021,3,11680740,일원2동,66,3.0,3.0,,,6.0,2.0,1.0,1.0,,,,,,,,,,1.0,13.0
2021,3,11680750,수서동,89,3.0,3.0,,,11.0,2.0,1.0,1.0,2.0,,,,,,,,,2.0,23.0
2021,3,11710510,풍납1동,48,3.0,,,1.0,6.0,1.0,1.0,,,,,,,,,,,,6.0
2021,3,11710520,풍납2동,125,5.0,5.0,1.0,,26.0,2.0,2.0,3.0,1.0,3.0,,,,,,,,1.0,24.0
2021,3,11710531,거여1동,48,2.0,,,,2.0,,1.0,,1.0,,,,,1.0,,,,1.0,6.0
2021,3,11710532,거여2동,78,3.0,3.0,,1.0,12.0,1.0,1.0,1.0,,,,,,,,,,,11.0
2021,3,11710540,마천1동,73,4.0,1.0,,,8.0,1.0,1.0,,,,,,,1.0,,,,1.0,15.0
2021,3,11710550,마천2동,93,3.0,2.0,,,14.0,,1.0,,,,,,,,,,,,12.0
2021,3,11710561,방이1동,73,2.0,1.0,,,10.0,2.0,2.0,1.0,1.0,,,,,,,,,1.0,11.0
2021,3,11710562,방이2동,164,3.0,5.0,,,18.0,,1.0,1.0,,,,,,,,,,1.0,13.0
2021,3,11710566,오륜동,74,4.0,6.0,,,6.0,1.0,2.0,2.0,3.0,11.0,,,,,,,,3.0,15.0
2021,3,11710570,오금동,134,5.0,5.0,,,13.0,3.0,3.0,4.0,2.0,,,,,,,,,3.0,27.0
2021,3,11710580,송파1동,102,2.0,4.0,,3.0,14.0,1.0,1.0,,,,,,,,,,,2.0,13.0
2021,3,11710590,송파2동,79,3.0,1.0,,,11.0,3.0,1.0,2.0,3.0,,,,,,,,,,7.0
2021,3,11710600,석촌동,159,3.0,7.0,,2.0,27.0,3.0,2.0,,,,,,,,,,,,20.0
2021,3,11710610,삼전동,118,4.0,2.0,,,14.0,3.0,1.0,1.0,1.0,,,,,1.0,,,,1.0,12.0
2021,3,11710620,가락본동,144,5.0,9.0,1.0,5.0,21.0,1.0,2.0,2.0,,,,,,,,,,,21.0
2021,3,11710631,가락1동,82,2.0,8.0,,,13.0,1.0,1.0,1.0,,,,1.0,,,,,,3.0,16.0
2021,3,11710632,가락2동,143,3.0,6.0,,,17.0,4.0,2.0,1.0,,,,,,,,,,1.0,22.0
2021,3,11710641,문정1동,70,3.0,1.0,,,5.0,1.0,1.0,1.0,,,,,,,,,,,19.0
2021,3,11710642,문정2동,149,10.0,12.0,,1.0,22.0,,1.0,,,,,,2.0,,,,,3.0,14.0
2021,3,11710646,장지동,136,4.0,3.0,,,10.0,1.0,2.0,1.0,3.0,,,,1.0,,,,,1.0,41.0
2021,3,11710647,위례동,84,3.0,1.0,,,5.0,2.0,2.0,1.0,,,,,,,,,,,32.0
2021,3,11710650,잠실본동,192,5.0,9.0,,1.0,24.0,,1.0,,,,,,,,,,,1.0,12.0
2021,3,11710670,잠실2동,91,4.0,6.0,,,14.0,1.0,2.0,2.0,2.0,,,,,,,,,1.0,5.0
2021,3,11710680,잠실3동,103,5.0,9.0,,,11.0,1.0,3.0,,1.0,,,,,,,,,,16.0
2021,3,11710690,잠실4동,74,3.0,3.0,,,10.0,1.0,2.0,,1.0,,,,,,,,,2.0,7.0
2021,3,11710710,잠실6동,144,4.0,17.0,,1.0,23.0,,1.0,1.0,,,,,1.0,,,,,2.0,13.0
2021,3,11710720,잠실7동,30,2.0,4.0,,,4.0,,1.0,2.0,1.0,,,,,,,,,2.0,3.0
2021,3,11740515,강일동,187,5.0,3.0,,,12.0,2.0,2.0,2.0,1.0,,,,,,,,,3.0,79.0
2021,3,11740520,상일동,105,4.0,2.0,1.0,,8.0,4.0,2.0,2.0,5.0,,,,,,,,,,37.0
2021,3,11740530,명일1동,151,5.0,6.0,,2.0,17.0,,1.0,,,,,,,,,,,1.0,22.0
2021,3,11740540,명일2동,107,3.0,6.0,,,18.0,4.0,2.0,,1.0,,,,,,,,,,18.0
2021,3,11740550,고덕1동,92,3.0,,,,4.0,1.0,2.0,1.0,1.0,,,,,,,,,1.0,26.0
2021,3,11740560,고덕2동,78,3.0,1.0,,,9.0,1.0,2.0,1.0,2.0,,,,,,,,,1.0,25.0
2021,3,11740570,암사1동,90,2.0,1.0,,,8.0,1.0,1.0,,,1.0,,1.0,,,,,,,13.0
2021,3,11740580,암사2동,61,1.0,3.0,,,6.0,1.0,2.0,,,,,,,,,,,1.0,6.0
2021,3,11740590,암사3동,50,2.0,1.0,,,5.0,1.0,,2.0,1.0,,,,,,,,,,12.0
2021,3,11740600,천호1동,92,4.0,1.0,,,11.0,,1.0,1.0,1.0,1.0,,,1.0,,,,,1.0,11.0
2021,3,11740610,천호2동,203,4.0,3.0,,1.0,26.0,1.0,1.0,1.0,,,,,,3.0,,,,,22.0
2021,3,11740620,천호3동,115,4.0,3.0,,2.0,14.0,,,1.0,,,,,,1.0,,,,,11.0
2021,3,11740640,성내1동,98,6.0,4.0,,2.0,9.0,1.0,2.0,1.0,,1.0,,,1.0,,,,,,20.0
2021,3,11740650,성내2동,113,2.0,3.0,,4.0,14.0,,,,,,,,1.0,,,,,3.0,16.0
2021,3,11740660,성내3동,136,4.0,5.0,,,13.0,2.0,,,,2.0,,,,,,,,1.0,13.0
2021,3,11740685,길동,242,6.0,10.0,1.0,4.0,34.0,4.0,3.0,1.0,,1.0,,,,,,,,1.0,36.0
2021,3,11740690,둔촌1동,14,,,,,,,2.0,,1.0,,,,,,,,,1.0,6.0
2021,3,11740700,둔촌2동,129,5.0,4.0,1.0,,17.0,2.0,1.0,2.0,1.0,,,,,,,,,1.0,32.0
2021,4,11110515,청운효자동,93,6.0,3.0,,,4.0,1.0,1.0,2.0,2.0,8.0,,,,,,,,,26.0
2021,4,11110530,사직동,206,18.0,24.0,,,15.0,,1.0,,1.0,1.0,,,3.0,,,,,2.0,34.0
2021,4,11110540,삼청동,49,10.0,4.0,,1.0,1.0,,,1.0,1.0,2.0,,,,,,,,,16.0
2021,4,11110550,부암동,84,4.0,2.0,,,1.0,1.0,2.0,1.0,1.0,14.0,,,,,,,,,38.0
2021,4,11110560,평창동,162,6.0,2.0,,1.0,5.0,1.0,,,1.0,2.0,,,,,,,,,91.0
2021,4,11110570,무악동,42,2.0,1.0,1.0,,4.0,1.0,1.0,,,,,,,,,,,1.0,7.0
2021,4,11110580,교남동,78,4.0,3.0,2.0,,17.0,,,,1.0,1.0,,,,,,,,,26.0
2021,4,11110600,가회동,63,5.0,3.0,,,1.0,1.0,1.0,1.0,2.0,1.0,,,,,,,,,22.0
2021,4,11110615,종로1?2?3?4가동,500,19.0,35.0,,,47.0,1.0,2.0,,,4.0,,1.0,5.0,17.0,,,,5.0,72.0
2021,4,11110630,종로5?6가동,212,7.0,8.0,,,31.0,,1.0,,,1.0,,4.0,,3.0,,,,1.0,23.0
2021,4,11110640,이화동,119,4.0,4.0,1.0,,11.0,,,2.0,,37.0,,,,,,,,1.0,28.0
2021,4,11110650,혜화동,145,6.0,5.0,,,16.0,3.0,1.0,1.0,4.0,26.0,,,1.0,,,,,,36.0
2021,4,11110670,창신1동,111,3.0,4.0,,,9.0,,2.0,,,,,1.0,,7.0,,,,2.0,11.0
2021,4,11110680,창신2동,38,2.0,1.0,,,5.0,,,,,,,,,,,,,,
2021,4,11110690,창신3동,24,3.0,,,,1.0,,1.0,,1.0,,,,,,,,,1.0,5.0
2021,4,11110700,숭인1동,43,3.0,1.0,,,3.0,1.0,,,,,,,,,,,,,14.0
2021,4,11110710,숭인2동,89,4.0,3.0,,1.0,4.0,,,,,,,2.0,,3.0,,,,2.0,6.0
2021,4,11140520,소공동,231,13.0,29.0,,,10.0,,1.0,4.0,3.0,,1.0,,3.0,3.0,,,,3.0,37.0
2021,4,11140540,회현동,211,9.0,17.0,,,16.0,1.0,,,,2.0,,2.0,1.0,2.0,,,,6.0,35.0
2021,4,11140550,명동,542,20.0,46.0,,,35.0,,1.0,,,4.0,,,3.0,12.0,,,,1.0,29.0
2021,4,11140570,필동,123,6.0,9.0,1.0,,7.0,,2.0,,1.0,19.0,,,2.0,1.0,,,,2.0,15.0
2021,4,11140580,장충동,63,6.0,2.0,,,1.0,,1.0,,,3.0,,,1.0,2.0,,,,1.0,13.0
2021,4,11140590,광희동,185,3.0,16.0,1.0,,14.0,,,1.0,,,,1.0,3.0,11.0,,,,3.0,19.0
2021,4,11140605,을지로동,145,5.0,10.0,,,13.0,,,,,,,1.0,2.0,3.0,,,,4.0,20.0
2021,4,11140615,신당동,99,7.0,5.0,,1.0,12.0,,1.0,1.0,3.0,,,3.0,,1.0,,,,2.0,8.0
2021,4,11140625,다산동,86,3.0,4.0,,1.0,9.0,,1.0,1.0,1.0,,,,,1.0,,,,1.0,7.0
2021,4,11140635,약수동,87,4.0,2.0,,1.0,12.0,2.0,,,,,,,,,,,,2.0,12.0
2021,4,11140645,청구동,34,2.0,,,,3.0,1.0,2.0,1.0,1.0,,,,,,,,,,5.0
2021,4,11140650,신당5동,65,4.0,2.0,,,5.0,,1.0,,2.0,,,,,,,,,,12.0
2021,4,11140665,동화동,47,3.0,1.0,,,5.0,,1.0,1.0,,,,,,,,,,2.0,4.0
2021,4,11140670,황학동,76,1.0,6.0,,,10.0,,,,,,,,,7.0,,,,,6.0
2021,4,11140680,중림동,77,3.0,2.0,,,7.0,,1.0,,2.0,1.0,,,,5.0,,,,,14.0
2021,4,11170510,후암동,80,6.0,1.0,,,7.0,1.0,2.0,,1.0,,,2.0,,,,,,,18.0
2021,4,11170520,용산2가동,63,3.0,,,,4.0,,1.0,2.0,2.0,,,,,,,,,1.0,29.0
2021,4,11170530,남영동,147,7.0,5.0,,,14.0,,,1.0,,,,,,12.0,,,,3.0,26.0
2021,4,11170555,청파동,128,7.0,2.0,,1.0,11.0,,2.0,2.0,4.0,22.0,,1.0,,1.0,,,,,35.0
2021,4,11170560,원효로1동,94,6.0,3.0,,,6.0,1.0,1.0,,,3.0,,4.0,,,,,,,31.0
2021,4,11170570,원효로2동,69,4.0,2.0,,,4.0,2.0,1.0,1.0,1.0,,,2.0,,,,,,,27.0
2021,4,11170580,효창동,66,1.0,1.0,,,5.0,,1.0,,1.0,1.0,,,,,,,,2.0,22.0
2021,4,11170590,용문동,54,1.0,,,,3.0,,,,,,,,,,,,,,22.0
2021,4,11170625,한강로동,242,19.0,19.0,,,21.0,,2.0,,1.0,,,5.0,3.0,2.0,,,,7.0,41.0
2021,4,11170630,이촌1동,102,4.0,9.0,,1.0,12.0,2.0,1.0,1.0,1.0,,,1.0,,,,,,,14.0
2021,4,11170640,이촌2동,26,2.0,,,,1.0,,,,,,,,,,,,,,11.0
2021,4,11170650,이태원1동,71,8.0,5.0,,,3.0,,1.0,,,,,3.0,,,,,,1.0,14.0
2021,4,11170660,이태원2동,60,8.0,5.0,,,3.0,1.0,1.0,,1.0,,,,,,,,,,22.0
2021,4,11170685,한남동,171,30.0,11.0,1.0,,13.0,3.0,1.0,,,,,3.0,,,,,,2.0,36.0
2021,4,11170690,서빙고동,61,15.0,1.0,,,1.0,,1.0,1.0,,,,,,,,,,1.0,21.0
2021,4,11170700,보광동,70,4.0,1.0,,,8.0,1.0,,1.0,1.0,6.0,,,,,,,,,14.0
2021,4,11200520,왕십리2동,63,2.0,,,,5.0,1.0,1.0,,,,,,,,,,,1.0,18.0
2021,4,11200535,왕십리도선동,189,4.0,4.0,,2.0,20.0,2.0,2.0,,2.0,,,,,,,,,,26.0
2021,4,11200540,마장동,111,6.0,5.0,,,8.0,2.0,2.0,2.0,,,,,,,,,,1.0,29.0
2021,4,11200550,사근동,128,5.0,3.0,1.0,,10.0,,2.0,1.0,2.0,52.0,,1.0,,,,,,2.0,34.0
2021,4,11200560,행당1동,130,9.0,4.0,,2.0,13.0,1.0,1.0,,,,,1.0,1.0,,,,,4.0,30.0
2021,4,11200570,행당2동,79,2.0,2.0,,,4.0,1.0,1.0,1.0,1.0,,,,,,,,,1.0,24.0
2021,4,11200580,응봉동,56,3.0,,,,2.0,,1.0,1.0,,,,,,,,,,1.0,30.0
2021,4,11200590,금호1가동,88,2.0,,,,6.0,1.0,1.0,,1.0,,,,,,,,,1.0,45.0
2021,4,11200615,금호2?3가동,135,3.0,2.0,,,13.0,,1.0,,,,,,,,,,,,46.0
2021,4,11200620,금호4가동,84,3.0,3.0,,,6.0,1.0,2.0,,,,,,,,,,,1.0,27.0
2021,4,11200645,옥수동,129,4.0,2.0,,,10.0,2.0,2.0,1.0,1.0,,,,,,,,,2.0,45.0
2021,4,11200650,성수1가1동,83,4.0,2.0,,,4.0,1.0,2.0,1.0,1.0,,,,1.0,,,,,1.0,33.0
2021,4,11200660,성수1가2동,79,3.0,6.0,,,6.0,,,1.0,1.0,1.0,,,,,,,,1.0,12.0
2021,4,11200670,성수2가1동,109,3.0,3.0,,,13.0,,1.0,2.0,1.0,,,2.0,,1.0,,,,,38.0
2021,4,11200690,성수2가3동,104,3.0,16.0,,,11.0,,2.0,,,,,,1.0,,,,,1.0,20.0
2021,4,11200720,송정동,44,2.0,,,1.0,5.0,,1.0,,,,,,,,,,,,17.0
2021,4,11200790,용답동,82,7.0,2.0,,,8.0,,1.0,,,,,1.0,,,,,,2.0,11.0
2021,4,11215710,화양동,167,3.0,5.0,1.0,,17.0,,2.0,2.0,1.0,34.0,,,1.0,,,,,2.0,16.0
2021,4,11215730,군자동,135,5.0,5.0,,1.0,12.0,1.0,2.0,,,20.0,,,1.0,,,,,,23.0
2021,4,11215740,중곡1동,74,2.0,,,,10.0,1.0,,,,,,1.0,,,,,,,19.0
2021,4,11215750,중곡2동,104,2.0,4.0,,,14.0,1.0,1.0,,,,,,,,,,,2.0,21.0
2021,4,11215760,중곡3동,97,3.0,1.0,,1.0,9.0,,2.0,,,,,1.0,,,,,,1.0,29.0
2021,4,11215770,중곡4동,105,2.0,2.0,,,7.0,,1.0,1.0,2.0,,,,,,,,,,37.0
2021,4,11215780,능동,47,4.0,,,1.0,5.0,,1.0,,1.0,,,,,,,,,1.0,5.0
2021,4,11215810,광장동,139,5.0,9.0,,,9.0,3.0,3.0,3.0,1.0,11.0,,,,,,,,1.0,32.0
2021,4,11215820,자양1동,106,3.0,4.0,1.0,,14.0,1.0,1.0,,,2.0,,,,,,,,,17.0
2021,4,11215830,자양2동,95,2.0,1.0,,,8.0,2.0,4.0,2.0,1.0,,,1.0,,,,,,,21.0
2021,4,11215840,자양3동,105,2.0,6.0,,,8.0,2.0,2.0,1.0,1.0,1.0,1.0,,1.0,,,,,,30.0
2021,4,11215847,자양4동,106,5.0,2.0,,1.0,15.0,1.0,,1.0,,,,1.0,1.0,,,,,1.0,16.0
2021,4,11215850,구의1동,77,2.0,4.0,,,9.0,1.0,,1.0,1.0,,,,,,,,,1.0,16.0
2021,4,11215860,구의2동,112,3.0,2.0,,1.0,9.0,3.0,2.0,,,1.0,,,,,,,,1.0,24.0
2021,4,11215870,구의3동,133,5.0,4.0,,,16.0,2.0,1.0,,,,,1.0,1.0,,,,1.0,1.0,25.0
2021,4,11230536,용신동,231,10.0,8.0,1.0,4.0,20.0,1.0,1.0,1.0,1.0,,,1.0,,5.0,,,,5.0,41.0
2021,4,11230545,제기동,288,4.0,5.0,,1.0,22.0,2.0,2.0,2.0,1.0,1.0,,3.0,,14.0,,,,1.0,30.0
2021,4,11230560,전농1동,152,5.0,2.0,,1.0,13.0,3.0,1.0,1.0,1.0,,,,1.0,5.0,,,,3.0,35.0
2021,4,11230570,전농2동,102,2.0,2.0,,,12.0,3.0,3.0,2.0,1.0,27.0,,,,,,,,,15.0
2021,4,11230600,답십리1동,124,4.0,5.0,,,9.0,,2.0,1.0,,,,,,,,,,,25.0
2021,4,11230610,답십리2동,108,3.0,2.0,,2.0,13.0,3.0,1.0,,,,,3.0,,,,,,,19.0
2021,4,11230650,장안1동,192,5.0,11.0,,4.0,26.0,2.0,2.0,2.0,,,,,,,,,,1.0,43.0
2021,4,11230660,장안2동,168,3.0,2.0,,2.0,21.0,1.0,2.0,,1.0,1.0,,,1.0,1.0,,,,,38.0
2021,4,11230705,청량리동,154,9.0,4.0,1.0,,16.0,2.0,1.0,1.0,1.0,1.0,,,,2.0,,,,,34.0
2021,4,11230710,회기동,84,3.0,5.0,1.0,,10.0,1.0,3.0,1.0,1.0,14.0,,,,,,,,,10.0
2021,4,11230720,휘경1동,82,2.0,1.0,,,12.0,,,,,,,,,1.0,,,,3.0,18.0
2021,4,11230730,휘경2동,84,5.0,1.0,1.0,,5.0,1.0,2.0,3.0,3.0,4.0,,,,,,,,,27.0
2021,4,11230740,이문1동,147,5.0,2.0,,,13.0,3.0,,,2.0,30.0,,,,,,,,1.0,26.0
2021,4,11230750,이문2동,71,2.0,,,,6.0,1.0,1.0,,,2.0,,,,,,,,1.0,17.0
2021,4,11260520,면목2동,112,3.0,,,1.0,11.0,2.0,2.0,,,,,8.0,,1.0,,,,,25.0
2021,4,11260540,면목4동,61,2.0,,,,5.0,1.0,1.0,1.0,,,,,,,,,,1.0,15.0
2021,4,11260550,면목5동,42,2.0,1.0,,,3.0,,,,,,,4.0,,,,,,,13.0
2021,4,11260565,면목본동,168,4.0,2.0,,,18.0,1.0,2.0,,,,,13.0,,1.0,,,,1.0,30.0
2021,4,11260570,면목7동,108,2.0,2.0,,1.0,11.0,,1.0,,,,,1.0,,,,,,,18.0
2021,4,11260575,면목3?8동,150,4.0,1.0,1.0,,17.0,1.0,2.0,2.0,1.0,8.0,,,,1.0,,,,1.0,34.0
2021,4,11260580,상봉1동,78,3.0,1.0,,1.0,8.0,2.0,1.0,2.0,1.0,,,,,,,,,4.0,12.0
2021,4,11260590,상봉2동,127,4.0,3.0,,1.0,10.0,,,,,,,,2.0,2.0,,,1.0,1.0,18.0
2021,4,11260600,중화1동,79,2.0,1.0,,1.0,7.0,1.0,2.0,2.0,1.0,,,,,,,,,,14.0
2021,4,11260610,중화2동,123,2.0,3.0,,,14.0,,,,,,,2.0,,,,,,3.0,32.0
2021,4,11260620,묵1동,144,4.0,2.0,,2.0,11.0,2.0,1.0,2.0,2.0,,,,,,,,,,34.0
2021,4,11260630,묵2동,92,3.0,4.0,,,7.0,,2.0,,,,,,1.0,,,,,1.0,19.0
2021,4,11260655,망우본동,238,9.0,4.0,1.0,4.0,25.0,1.0,2.0,3.0,4.0,,,9.0,,2.0,,,,2.0,54.0
2021,4,11260660,망우3동,54,1.0,1.0,,1.0,3.0,,2.0,,1.0,,,3.0,,,,,,,11.0
2021,4,11260680,신내1동,160,3.0,2.0,1.0,,13.0,2.0,2.0,,,,,,,,,,,1.0,53.0
2021,4,11260690,신내2동,104,6.0,3.0,,,12.0,3.0,4.0,,,,,,,,,,,,21.0
2021,4,11290525,성북동,166,6.0,4.0,,,6.0,2.0,1.0,3.0,2.0,5.0,,,,,,,,,55.0
2021,4,11290555,삼선동,163,7.0,5.0,,,14.0,,1.0,1.0,2.0,14.0,,,,,,,,2.0,46.0
2021,4,11290575,동선동,146,1.0,4.0,,1.0,13.0,1.0,2.0,2.0,1.0,12.0,,,1.0,,,,,1.0,19.0
2021,4,11290580,돈암1동,42,1.0,,,,2.0,2.0,2.0,2.0,1.0,,,,,,,,,,15.0
2021,4,11290590,돈암2동,88,4.0,2.0,,,4.0,6.0,1.0,,,,,,1.0,,,,,,38.0
2021,4,11290600,안암동,167,4.0,6.0,1.0,1.0,10.0,,1.0,1.0,1.0,71.0,,,,,,,,1.0,35.0
2021,4,11290610,보문동,77,4.0,4.0,,,6.0,,2.0,,,,,,,1.0,,,,2.0,10.0
2021,4,11290620,정릉1동,63,2.0,,,,6.0,2.0,,,,1.0,,,,,,,,,19.0
2021,4,11290630,정릉2동,110,4.0,3.0,,,6.0,1.0,2.0,,,,,,,,,,,1.0,50.0
2021,4,11290640,정릉3동,124,4.0,1.0,,,2.0,,1.0,3.0,1.0,28.0,,,,,,,,,38.0
2021,4,11290650,정릉4동,133,7.0,3.0,,,12.0,2.0,1.0,,2.0,11.0,,,,,,,,1.0,40.0
2021,4,11290660,길음1동,129,3.0,4.0,,,10.0,2.0,3.0,1.0,1.0,,,1.0,,,,,,1.0,26.0
2021,4,11290685,길음2동,112,5.0,,,3.0,14.0,,,,,,,,,,,,,,23.0
2021,4,11290705,종암동,189,7.0,2.0,,1.0,17.0,3.0,2.0,2.0,1.0,2.0,,,,,,,,,56.0
2021,4,11290715,월곡1동,108,2.0,3.0,,,10.0,,2.0,1.0,1.0,,,,,1.0,,,,,30.0
2021,4,11290725,월곡2동,135,6.0,4.0,,,12.0,2.0,,1.0,,12.0,,,,,,,,2.0,34.0
2021,4,11290760,장위1동,103,4.0,1.0,,,8.0,6.0,1.0,1.0,,,,,,,,,,,37.0
2021,4,11290770,장위2동,89,3.0,2.0,,,11.0,1.0,3.0,,,,,,,,,,,1.0,27.0
2021,4,11290780,장위3동,82,1.0,,,,5.0,1.0,2.0,1.0,,1.0,,1.0,,,,,,,39.0
2021,4,11290810,석관동,154,6.0,3.0,,,16.0,2.0,2.0,1.0,1.0,,,1.0,,2.0,,,,2.0,32.0
2021,4,11305534,삼양동,165,4.0,1.0,,,14.0,3.0,2.0,,1.0,,,,,,,,,3.0,34.0
2021,4,11305535,미아동,144,3.0,3.0,,1.0,14.0,,,,1.0,4.0,,,,,,,,1.0,28.0
2021,4,11305545,송중동,212,4.0,1.0,,2.0,18.0,4.0,2.0,,1.0,2.0,1.0,,1.0,,,,,,69.0
2021,4,11305555,송천동,164,9.0,5.0,,1.0,17.0,,1.0,2.0,2.0,,,2.0,,,,,,1.0,24.0
2021,4,11305575,삼각산동,114,2.0,1.0,,,9.0,1.0,,1.0,1.0,1.0,,,,,,,,,36.0
2021,4,11305595,번1동,136,3.0,3.0,,1.0,14.0,1.0,1.0,1.0,,,,,1.0,,,,,,30.0
2021,4,11305603,번2동,110,5.0,,,,7.0,1.0,,1.0,,,,,,1.0,,,,,54.0
2021,4,11305608,번3동,95,3.0,1.0,,,8.0,,2.0,,,,,,,,,,,,37.0
2021,4,11305615,수유1동,153,4.0,2.0,,,12.0,,2.0,3.0,1.0,,,1.0,,,,,,1.0,40.0
2021,4,11305625,수유2동,85,3.0,,,,12.0,3.0,,,,,,,,,,,,1.0,15.0
2021,4,11305635,수유3동,158,4.0,6.0,,1.0,16.0,,,1.0,,,,,1.0,,,,,1.0,30.0
2021,4,11305645,우이동,132,2.0,,,,7.0,1.0,,1.0,,2.0,,,,,,,,3.0,54.0
2021,4,11305660,인수동,175,13.0,2.0,1.0,2.0,14.0,2.0,2.0,2.0,,5.0,,1.0,,,,,,,57.0
2021,4,11320511,창1동,94,3.0,2.0,,,7.0,1.0,1.0,2.0,1.0,,,,,,,,,1.0,28.0
2021,4,11320512,창2동,95,3.0,,,1.0,8.0,1.0,1.0,,,,,,,,,,,,44.0
2021,4,11320513,창3동,66,1.0,,,,7.0,1.0,2.0,,,,,1.0,,,,,,,25.0
2021,4,11320514,창4동,130,7.0,4.0,,,8.0,1.0,2.0,1.0,2.0,,,,,,,,,,51.0
2021,4,11320515,창5동,119,7.0,3.0,,3.0,12.0,1.0,3.0,,,,,,2.0,,,,,2.0,24.0
2021,4,11320521,도봉1동,122,4.0,1.0,,,9.0,2.0,2.0,1.0,1.0,2.0,,1.0,,,,,,,38.0
2021,4,11320522,도봉2동,127,8.0,3.0,,,7.0,1.0,1.0,1.0,1.0,1.0,,,,1.0,,,,3.0,49.0
2021,4,11320660,쌍문1동,126,6.0,1.0,,1.0,4.0,1.0,3.0,,1.0,17.0,,,,,,,,,54.0
2021,4,11320670,쌍문2동,87,3.0,1.0,,1.0,10.0,1.0,1.0,1.0,,,,,,2.0,,,,,19.0
2021,4,11320680,쌍문3동,78,3.0,3.0,1.0,,12.0,,,1.0,,,,,,1.0,,,,1.0,17.0
2021,4,11320681,쌍문4동,64,1.0,,,,4.0,5.0,2.0,2.0,3.0,,,,,,,,,,23.0
2021,4,11320690,방학1동,148,6.0,6.0,,2.0,15.0,2.0,1.0,1.0,1.0,,,,,,,,,1.0,39.0
2021,4,11320700,방학2동,64,3.0,,,,7.0,,1.0,1.0,,,,,,,,,,,23.0
2021,4,11320710,방학3동,112,3.0,3.0,,,6.0,3.0,3.0,1.0,,,,,,,,,,,47.0
2021,4,11350560,월계1동,159,4.0,2.0,,,10.0,2.0,1.0,1.0,1.0,17.0,,,,,,,,,59.0
2021,4,11350570,월계2동,136,4.0,,,,5.0,3.0,2.0,3.0,4.0,11.0,,,,,,,,1.0,64.0
2021,4,11350580,월계3동,135,5.0,3.0,,,8.0,4.0,3.0,1.0,,,,,,,,,,2.0,47.0
2021,4,11350595,공릉1동,211,4.0,6.0,,4.0,21.0,3.0,3.0,,,1.0,,1.0,,,,,,3.0,54.0
2021,4,11350600,공릉2동,271,7.0,6.0,1.0,,14.0,3.0,4.0,4.0,2.0,64.0,,1.0,,,,,,1.0,63.0
2021,4,11350611,하계1동,133,4.0,3.0,1.0,,9.0,1.0,1.0,2.0,4.0,16.0,,,,,,,,,41.0
2021,4,11350612,하계2동,67,2.0,1.0,,,4.0,2.0,2.0,1.0,,,,,,,,,,1.0,28.0
2021,4,11350619,중계본동,95,5.0,2.0,,,7.0,3.0,2.0,,3.0,,,,,,,,,,21.0
2021,4,11350621,중계1동,85,2.0,3.0,,,7.0,,2.0,1.0,2.0,,,,,,,,,,18.0
2021,4,11350624,중계4동,81,2.0,3.0,,,14.0,1.0,1.0,3.0,2.0,,,,,,,,,,6.0
2021,4,11350625,중계2?3동,142,7.0,2.0,,,10.0,4.0,4.0,1.0,3.0,,,,2.0,,,,,1.0,39.0
2021,4,11350630,상계1동,190,5.0,2.0,,,14.0,3.0,3.0,2.0,1.0,,,,1.0,,,,,1.0,38.0
2021,4,11350640,상계2동,182,2.0,1.0,,2.0,19.0,1.0,1.0,1.0,,,,,1.0,,,,,2.0,33.0
2021,4,11350665,상계3?4동,107,4.0,1.0,,,9.0,3.0,2.0,,,1.0,,,,2.0,,,,1.0,11.0
2021,4,11350670,상계5동,105,2.0,1.0,,,11.0,,1.0,,,,,,,3.0,,,,1.0,36.0
2021,4,11350695,상계6?7동,253,9.0,11.0,1.0,1.0,29.0,,3.0,2.0,1.0,4.0,,,1.0,,,,,,40.0
2021,4,11350700,상계8동,92,3.0,3.0,,,7.0,,,1.0,,,,,,,,,,1.0,15.0
2021,4,11350710,상계9동,78,3.0,4.0,,,6.0,1.0,3.0,2.0,2.0,,,,,,,,,,18.0
2021,4,11350720,상계10동,64,3.0,,,,1.0,1.0,2.0,1.0,1.0,,,,,,,,,,30.0
2021,4,11380510,녹번동,148,8.0,3.0,,2.0,12.0,1.0,3.0,,,,,1.0,1.0,,,,,2.0,35.0
2021,4,11380520,불광1동,198,6.0,4.0,,1.0,17.0,4.0,2.0,,,,,,1.0,,,,,3.0,49.0
2021,4,11380530,불광2동,113,6.0,1.0,,,5.0,,3.0,3.0,1.0,,,3.0,,,,,,,32.0
2021,4,11380551,갈현1동,133,2.0,2.0,1.0,,13.0,1.0,,,,,,,,,,,,2.0,48.0
2021,4,11380552,갈현2동,121,3.0,1.0,,1.0,15.0,5.0,2.0,1.0,5.0,,,,,,,,,1.0,34.0
2021,4,11380560,구산동,127,3.0,,,1.0,8.0,3.0,3.0,2.0,3.0,,,,,,,,,,38.0
2021,4,11380570,대조동,205,3.0,5.0,,1.0,24.0,,2.0,,2.0,,,,1.0,,,,,,32.0
2021,4,11380580,응암1동,133,5.0,5.0,,1.0,20.0,1.0,1.0,1.0,1.0,,,,,,,,,,27.0
2021,4,11380590,응암2동,91,3.0,1.0,,1.0,10.0,2.0,1.0,,,,,,,,,,,,37.0
2021,4,11380600,응암3동,138,3.0,3.0,,1.0,16.0,1.0,1.0,2.0,1.0,,,2.0,,,,,,,31.0
2021,4,11380625,역촌동,176,5.0,5.0,,2.0,18.0,2.0,1.0,,,,,,,,,,,,51.0
2021,4,11380631,신사1동,94,3.0,,,,8.0,3.0,,1.0,,5.0,,,,,,,,1.0,22.0
2021,4,11380632,신사2동,82,4.0,,,,5.0,,3.0,1.0,1.0,,,,,,,,,1.0,35.0
2021,4,11380640,증산동,83,3.0,,,,8.0,1.0,1.0,2.0,,,,2.0,,,,,,1.0,16.0
2021,4,11380650,수색동,60,5.0,2.0,,,5.0,1.0,1.0,,,,,2.0,,,,,,1.0,22.0
2021,4,11380690,진관동,242,6.0,6.0,,,22.0,6.0,6.0,2.0,4.0,,,,1.0,,,,,1.0,81.0
2021,4,11410520,천연동,127,4.0,1.0,,,4.0,,1.0,1.0,1.0,11.0,,,,1.0,,,,,44.0
2021,4,11410555,북아현동,76,2.0,2.0,,1.0,7.0,1.0,1.0,,1.0,,,,,,,,,,17.0
2021,4,11410565,충현동,184,9.0,8.0,,,7.0,1.0,3.0,1.0,2.0,24.0,,,,,,,,3.0,58.0
2021,4,11410585,신촌동,368,6.0,10.0,1.0,,22.0,1.0,3.0,1.0,1.0,109.0,1.0,,4.0,3.0,,,,2.0,60.0
2021,4,11410615,연희동,201,7.0,7.0,,1.0,16.0,,1.0,3.0,1.0,13.0,,,1.0,1.0,,,,,70.0
2021,4,11410620,홍제1동,135,3.0,2.0,,,10.0,2.0,2.0,,,1.0,,,,1.0,,,,1.0,40.0
2021,4,11410640,홍제3동,129,3.0,3.0,,2.0,14.0,1.0,2.0,1.0,,3.0,,4.0,,6.0,,,,1.0,46.0
2021,4,11410655,홍제2동,56,1.0,,,,6.0,3.0,,,,,,,,1.0,,,,,15.0
2021,4,11410660,홍은1동,86,3.0,,,,7.0,1.0,1.0,,,,,,,1.0,,,,,32.0
2021,4,11410685,홍은2동,161,4.0,2.0,1.0,,8.0,,2.0,3.0,1.0,12.0,,,,,,,,,83.0
2021,4,11410690,남가좌1동,94,2.0,3.0,,1.0,9.0,,1.0,,,,,1.0,,1.0,,,,1.0,20.0
2021,4,11410700,남가좌2동,117,4.0,4.0,,,12.0,4.0,1.0,1.0,,8.0,,,,,,,,,24.0
2021,4,11410710,북가좌1동,60,1.0,2.0,,,5.0,2.0,1.0,1.0,1.0,,,,,,,,,,13.0
2021,4,11410720,북가좌2동,115,3.0,3.0,,,12.0,2.0,,,,,,,,,,,,,39.0
2021,4,11440555,아현동,145,5.0,8.0,,,16.0,1.0,1.0,1.0,1.0,,,,,1.0,,,,2.0,23.0
2021,4,11440565,공덕동,172,7.0,9.0,,,21.0,1.0,3.0,,,,,2.0,,,,,,4.0,39.0
2021,4,11440585,도화동,144,4.0,7.0,,,15.0,2.0,1.0,,,,,,1.0,1.0,,,,1.0,38.0
2021,4,11440590,용강동,90,7.0,6.0,,1.0,10.0,2.0,1.0,,,,,,,,,,,1.0,24.0
2021,4,11440600,대흥동,209,5.0,5.0,,,18.0,,3.0,1.0,1.0,27.0,,,,3.0,,,,3.0,38.0
2021,4,11440610,염리동,52,3.0,1.0,,,3.0,1.0,1.0,2.0,3.0,,,,,2.0,,,,,10.0
2021,4,11440630,신수동,76,4.0,1.0,,1.0,5.0,1.0,1.0,1.0,1.0,,,,,,,,,,24.0
2021,4,11440655,서강동,156,6.0,4.0,,,7.0,1.0,1.0,,,20.0,,,,,,,,2.0,64.0
2021,4,11440660,서교동,358,13.0,22.0,,,31.0,1.0,1.0,,,2.0,,,5.0,3.0,,,,7.0,88.0
2021,4,11440680,합정동,109,4.0,3.0,,,10.0,1.0,1.0,1.0,,,,,,,,,,,32.0
2021,4,11440690,망원1동,95,2.0,2.0,,,11.0,,,,,,,,,1.0,,,,,23.0
2021,4,11440700,망원2동,83,4.0,1.0,,,6.0,1.0,2.0,,,,,,,,,,,,33.0
2021,4,11440710,연남동,52,2.0,1.0,,,2.0,1.0,,1.0,2.0,,,,,,,,,,23.0
2021,4,11440720,성산1동,86,4.0,2.0,,,5.0,1.0,2.0,2.0,1.0,1.0,,,,1.0,,,,,29.0
2021,4,11440730,성산2동,158,6.0,3.0,,,13.0,2.0,3.0,2.0,,,,1.0,1.0,,,,,2.0,47.0
2021,4,11440740,상암동,247,10.0,11.0,,,14.0,3.0,3.0,1.0,1.0,,,1.0,,,,,,4.0,104.0
2021,4,11470510,목1동,190,5.0,12.0,,1.0,21.0,1.0,1.0,1.0,1.0,2.0,,,2.0,,,,,2.0,29.0
2021,4,11470520,목2동,97,3.0,2.0,,1.0,13.0,3.0,1.0,,,,,,,1.0,,,,1.0,18.0
2021,4,11470530,목3동,96,3.0,4.0,,,11.0,1.0,,1.0,,,,,,,,,,,7.0
2021,4,11470540,목4동,84,3.0,3.0,,,9.0,1.0,1.0,1.0,1.0,,,,,,,,,,14.0
2021,4,11470550,목5동,143,8.0,9.0,1.0,,12.0,4.0,3.0,2.0,2.0,,,,,,,,,,52.0
2021,4,11470560,신월1동,71,3.0,3.0,,,12.0,1.0,,,,,,,,,,,,,9.0
2021,4,11470570,신월2동,65,3.0,1.0,,,6.0,1.0,2.0,2.0,,,,,,,,,,,12.0
2021,4,11470580,신월3동,70,2.0,1.0,,,7.0,1.0,1.0,2.0,3.0,,,,,,,,,,8.0
2021,4,11470590,신월4동,63,2.0,1.0,,,6.0,3.0,1.0,,,,,,,,,,,,11.0
2021,4,11470600,신월5동,54,3.0,,,1.0,3.0,2.0,1.0,2.0,,,,,,,,,,,12.0
2021,4,11470610,신월6동,47,1.0,2.0,,1.0,5.0,1.0,1.0,1.0,,,,,,,,,,,15.0
2021,4,11470611,신월7동,74,6.0,1.0,,,10.0,2.0,,1.0,,,,,,,,,,,21.0
2021,4,11470620,신정1동,94,7.0,3.0,,,9.0,2.0,2.0,1.0,,,,,,,,,,,26.0
2021,4,11470630,신정2동,71,3.0,1.0,,,7.0,1.0,2.0,1.0,,,,,,,,,,,20.0
2021,4,11470640,신정3동,203,4.0,1.0,,,15.0,1.0,3.0,1.0,4.0,,,,,,,,,1.0,81.0
2021,4,11470650,신정4동,161,3.0,8.0,1.0,1.0,16.0,3.0,2.0,,2.0,,,,,,,,,1.0,18.0
2021,4,11470670,신정6동,72,7.0,6.0,,,2.0,2.0,,1.0,1.0,,,,,,,,,,31.0
2021,4,11470680,신정7동,107,3.0,2.0,,,8.0,3.0,3.0,1.0,1.0,,,,,,,,,1.0,30.0
2021,4,11500510,염창동,147,5.0,3.0,,1.0,15.0,,2.0,2.0,,,,,,,,,,2.0,35.0
2021,4,11500520,등촌1동,95,1.0,5.0,,1.0,10.0,,1.0,,,,,,1.0,,,,,,20.0
2021,4,11500530,등촌2동,58,3.0,,,1.0,6.0,2.0,2.0,2.0,2.0,,,,,,,,,,8.0
2021,4,11500535,등촌3동,184,6.0,3.0,1.0,2.0,18.0,2.0,5.0,2.0,4.0,,,,1.0,,,,,,55.0
2021,4,11500540,화곡1동,226,3.0,2.0,,2.0,26.0,,2.0,1.0,,,,,1.0,,,,,2.0,27.0
2021,4,11500550,화곡2동,65,2.0,,,,3.0,2.0,1.0,,,,,,,,,,,,30.0
2021,4,11500560,화곡3동,87,4.0,3.0,,,8.0,2.0,,,,,,,,,,,,,12.0
2021,4,11500570,화곡4동,101,4.0,2.0,,,14.0,3.0,1.0,,2.0,,,,,,,,,,30.0
2021,4,11500590,화곡본동,145,3.0,,,1.0,11.0,1.0,2.0,,,,,,,,,,,,31.0
2021,4,11500591,화곡6동,118,7.0,5.0,,,8.0,2.0,1.0,,,9.0,,,,,,,,,29.0
2021,4,11500593,화곡8동,95,2.0,3.0,,,8.0,1.0,,,,,,,,,,,,1.0,33.0
2021,4,11500603,가양1동,279,5.0,13.0,,,20.0,3.0,1.0,1.0,1.0,,,,1.0,2.0,,,,5.0,69.0
2021,4,11500604,가양2동,75,4.0,3.0,,,7.0,3.0,1.0,1.0,1.0,,,,,,,,,1.0,14.0
2021,4,11500605,가양3동,52,3.0,,,,4.0,3.0,2.0,1.0,1.0,,,,,,,,,1.0,13.0
2021,4,11500611,발산1동,246,3.0,9.0,1.0,2.0,33.0,2.0,3.0,4.0,8.0,,,1.0,,,,,,,63.0
2021,4,11500615,우장산동,158,4.0,4.0,,3.0,12.0,3.0,2.0,,,5.0,,,,,,,,1.0,33.0
2021,4,11500620,공항동,176,6.0,7.0,1.0,,11.0,1.0,2.0,2.0,,4.0,,,,,21.0,,,2.0,39.0
2021,4,11500630,방화1동,200,2.0,3.0,,2.0,21.0,4.0,3.0,1.0,3.0,,,,,1.0,,,,1.0,46.0
2021,4,11500640,방화2동,124,4.0,,,,7.0,3.0,1.0,1.0,,,,2.0,1.0,,4.0,,,5.0,37.0
2021,4,11500641,방화3동,83,5.0,1.0,,,5.0,2.0,3.0,2.0,1.0,1.0,,,,,,,,1.0,22.0
2021,4,11530510,신도림동,168,5.0,4.0,,,12.0,2.0,1.0,1.0,1.0,1.0,,2.0,1.0,1.0,,,,3.0,43.0
2021,4,11530520,구로1동,88,4.0,1.0,,,5.0,3.0,1.0,1.0,1.0,,,4.0,,,,,,,25.0
2021,4,11530530,구로2동,197,6.0,12.0,1.0,1.0,21.0,1.0,1.0,,1.0,,,7.0,,16.0,,,,1.0,48.0
2021,4,11530540,구로3동,187,7.0,18.0,,,15.0,1.0,2.0,1.0,,,,,,5.0,,,,2.0,47.0
2021,4,11530550,구로4동,139,5.0,3.0,,,15.0,2.0,1.0,1.0,,,,1.0,,19.0,,,,,13.0
2021,4,11530560,구로5동,167,5.0,4.0,,2.0,18.0,,3.0,1.0,1.0,2.0,1.0,,3.0,,,,,1.0,49.0
2021,4,11530595,가리봉동,74,,,,,6.0,,1.0,,1.0,,,,,23.0,,,,,8.0
2021,4,11530720,고척1동,135,5.0,4.0,1.0,1.0,9.0,,3.0,1.0,1.0,12.0,,8.0,,4.0,,,,,31.0
2021,4,11530730,고척2동,128,5.0,2.0,,1.0,11.0,,2.0,1.0,1.0,,,,,,,,,,40.0
2021,4,11530740,개봉1동,163,5.0,3.0,,1.0,11.0,2.0,1.0,2.0,,4.0,,1.0,,,,,,1.0,57.0
2021,4,11530750,개봉2동,116,3.0,3.0,,,10.0,2.0,,,,,,1.0,1.0,,,,,,26.0
2021,4,11530760,개봉3동,81,3.0,2.0,,,9.0,1.0,3.0,1.0,,,,1.0,1.0,,,,,,23.0
2021,4,11530770,오류1동,122,5.0,4.0,,,11.0,3.0,1.0,,,,,,,,,,,1.0,22.0
2021,4,11530780,오류2동,209,3.0,1.0,,1.0,9.0,6.0,3.0,2.0,1.0,,,,,,,,,1.0,86.0
2021,4,11530790,수궁동,154,3.0,1.0,,,5.0,2.0,1.0,1.0,6.0,,,1.0,,,,,,3.0,69.0
2021,4,11530800,항동,64,1.0,,,,2.0,1.0,1.0,,,10.0,,,,,,,,,37.0
2021,4,11545510,가산동,304,10.0,25.0,,1.0,21.0,2.0,,,,,,,1.0,17.0,,,,3.0,111.0
2021,4,11545610,독산1동,217,3.0,6.0,,2.0,17.0,2.0,4.0,3.0,,,,,1.0,3.0,,,,,74.0
2021,4,11545620,독산2동,73,2.0,1.0,,,8.0,,2.0,,,1.0,,,,,,,,,11.0
2021,4,11545630,독산3동,119,4.0,4.0,,,14.0,2.0,2.0,2.0,1.0,,,1.0,,,,,,,29.0
2021,4,11545640,독산4동,64,5.0,2.0,,1.0,4.0,,1.0,,,,,,,,,,,,16.0
2021,4,11545670,시흥1동,223,9.0,7.0,1.0,2.0,25.0,2.0,3.0,1.0,1.0,,,,,3.0,,,,1.0,52.0
2021,4,11545680,시흥2동,76,2.0,,,,3.0,2.0,3.0,1.0,2.0,,,,,,,,,,30.0
2021,4,11545690,시흥3동,66,3.0,3.0,,,5.0,,1.0,1.0,1.0,,,,,1.0,,,,,21.0
2021,4,11545700,시흥4동,72,1.0,1.0,,,6.0,,1.0,1.0,,,,,,,,,,,27.0
2021,4,11545710,시흥5동,106,3.0,,,,16.0,2.0,3.0,,,,,,,,,,,,37.0
2021,4,11560515,영등포본동,94,4.0,,,,10.0,2.0,2.0,1.0,2.0,,,,1.0,2.0,,,,1.0,23.0
2021,4,11560535,영등포동,325,10.0,17.0,2.0,2.0,37.0,,1.0,,,1.0,,,1.0,16.0,,,,1.0,41.0
2021,4,11560540,여의동,399,23.0,70.0,1.0,,44.0,,2.0,2.0,2.0,,,,1.0,,,,,5.0,61.0
2021,4,11560550,당산1동,131,6.0,5.0,,1.0,8.0,1.0,,,,,,,,12.0,,,,2.0,23.0
2021,4,11560560,당산2동,192,6.0,4.0,,,20.0,3.0,2.0,2.0,,,,,,,,,,2.0,46.0
2021,4,11560585,도림동,66,2.0,,,,6.0,2.0,,,,,,,,,,,,,28.0
2021,4,11560605,문래동,185,8.0,9.0,,,17.0,,3.0,2.0,,,,,,2.0,,,,1.0,56.0
2021,4,11560610,양평1동,87,5.0,3.0,,1.0,6.0,,1.0,,1.0,,,,,1.0,,,,1.0,22.0
2021,4,11560620,양평2동,131,8.0,6.0,,,7.0,1.0,2.0,1.0,2.0,,,,,3.0,,,,1.0,35.0
2021,4,11560630,신길1동,85,1.0,2.0,1.0,1.0,13.0,,1.0,,,,,,,4.0,,,,2.0,25.0
2021,4,11560650,신길3동,102,3.0,5.0,,1.0,12.0,3.0,1.0,,,,,,,2.0,,,,,32.0
2021,4,11560660,신길4동,43,1.0,1.0,,,2.0,2.0,1.0,,,,,,,,,,,,13.0
2021,4,11560670,신길5동,66,3.0,,,,,1.0,1.0,1.0,1.0,,,,,5.0,,,,,31.0
2021,4,11560680,신길6동,123,4.0,1.0,,1.0,14.0,1.0,1.0,,1.0,,,1.0,,2.0,,,,1.0,29.0
2021,4,11560690,신길7동,78,5.0,1.0,,,7.0,1.0,1.0,,,,,,,1.0,,,,1.0,32.0
2021,4,11560700,대림1동,81,2.0,4.0,2.0,,18.0,,1.0,1.0,,,,2.0,,3.0,,,,,16.0
2021,4,11560710,대림2동,86,4.0,2.0,1.0,,16.0,,2.0,,,1.0,,,,1.0,,,,,13.0
2021,4,11560720,대림3동,126,2.0,7.0,,1.0,11.0,3.0,2.0,1.0,,2.0,,1.0,,,,,,2.0,46.0
2021,4,11590510,노량진1동,180,5.0,4.0,,,14.0,2.0,3.0,1.0,,1.0,,,,2.0,,,,3.0,57.0
2021,4,11590520,노량진2동,72,5.0,4.0,,1.0,14.0,1.0,,,,,,,,1.0,,,,,14.0
2021,4,11590530,상도1동,201,5.0,4.0,,1.0,16.0,2.0,2.0,1.0,,23.0,,,,,,,,2.0,47.0
2021,4,11590540,상도2동,154,6.0,3.0,,,16.0,1.0,1.0,1.0,,,,1.0,,1.0,,,,1.0,41.0
2021,4,11590550,상도3동,113,2.0,2.0,,,11.0,,,1.0,,,,1.0,,,,,,,36.0
2021,4,11590560,상도4동,112,3.0,1.0,,1.0,11.0,4.0,1.0,1.0,,,,,1.0,,,,,,36.0
2021,4,11590605,흑석동,195,6.0,6.0,1.0,,24.0,5.0,3.0,2.0,,16.0,,,,1.0,,,,1.0,50.0
2021,4,11590620,사당1동,126,4.0,6.0,,2.0,12.0,1.0,1.0,,,1.0,,,1.0,1.0,,,,2.0,13.0
2021,4,11590630,사당2동,179,3.0,2.0,,,14.0,,1.0,1.0,2.0,,,,,2.0,,,,4.0,36.0
2021,4,11590640,사당3동,88,3.0,1.0,,,5.0,,2.0,1.0,,3.0,,1.0,,,,,,1.0,30.0
2021,4,11590650,사당4동,62,2.0,1.0,,,6.0,,,1.0,,,,1.0,,,,,,,4.0
2021,4,11590651,사당5동,61,4.0,,,,3.0,1.0,2.0,1.0,1.0,,,,,,,,,,28.0
2021,4,11590660,대방동,199,5.0,5.0,,,16.0,3.0,3.0,4.0,4.0,,,,,,,,,2.0,61.0
2021,4,11590670,신대방1동,83,3.0,1.0,,,10.0,3.0,1.0,1.0,,1.0,,,,,,,,1.0,15.0
2021,4,11590680,신대방2동,109,7.0,7.0,1.0,,16.0,,1.0,1.0,1.0,,,,,,,,,,29.0
2021,4,11620525,보라매동,83,1.0,1.0,,,5.0,,1.0,1.0,1.0,,,,,,,,,,25.0
2021,4,11620545,청림동,50,2.0,,,,4.0,2.0,,,,,,,,2.0,,,,,7.0
2021,4,11620565,성현동,104,4.0,,,,6.0,3.0,2.0,1.0,1.0,,,,,,,,,,38.0
2021,4,11620575,행운동,111,3.0,3.0,1.0,2.0,12.0,1.0,2.0,2.0,1.0,,,,,,,,,,15.0
2021,4,11620585,낙성대동,148,2.0,3.0,,,10.0,,1.0,,,37.0,,,,2.0,,,,,37.0
2021,4,11620595,청룡동,147,5.0,6.0,,1.0,23.0,,2.0,2.0,3.0,,,1.0,1.0,1.0,,,,1.0,15.0
2021,4,11620605,은천동,123,6.0,,,,9.0,3.0,1.0,,1.0,,,,,,,,,,43.0
2021,4,11620615,중앙동,83,1.0,3.0,,1.0,14.0,,1.0,,,,,,,,,,,1.0,12.0
2021,4,11620625,인헌동,105,2.0,5.0,,,14.0,1.0,,1.0,1.0,,,2.0,,,,,,1.0,23.0
2021,4,11620630,남현동,70,3.0,1.0,,,6.0,1.0,1.0,,,1.0,,,,,,,,,6.0
2021,4,11620645,서원동,94,3.0,1.0,1.0,1.0,9.0,,,1.0,,,,,1.0,,,,,,27.0
2021,4,11620655,신원동,54,6.0,1.0,,,7.0,,1.0,,,1.0,,,,,,,,,10.0
2021,4,11620665,서림동,74,2.0,,,,5.0,1.0,1.0,1.0,,,,,,,,,,,34.0
2021,4,11620685,신사동,79,3.0,2.0,,1.0,10.0,1.0,1.0,,,1.0,,1.0,,,,,,,21.0
2021,4,11620695,신림동,168,2.0,3.0,,,17.0,,,,,,,,,4.0,,,,1.0,16.0
2021,4,11620715,난향동,68,1.0,,,,5.0,,1.0,,,,,,,,,,,,34.0
2021,4,11620725,조원동,96,3.0,1.0,,1.0,12.0,,1.0,,,,,1.0,,,,,,,30.0
2021,4,11620735,대학동,283,5.0,6.0,,,11.0,,1.0,1.0,2.0,140.0,,,,,,,,,73.0
2021,4,11620745,삼성동,94,3.0,,,,7.0,,2.0,,1.0,,,,,3.0,,,,,44.0
2021,4,11620765,미성동,126,3.0,3.0,,1.0,11.0,1.0,2.0,2.0,2.0,,,,,1.0,,,,,44.0
2021,4,11620775,난곡동,95,2.0,1.0,,,11.0,2.0,1.0,2.0,1.0,,,1.0,,,,,,,28.0
2021,4,11650510,서초1동,194,4.0,10.0,,1.0,14.0,,2.0,,,13.0,,,,,,,,2.0,38.0
2021,4,11650520,서초2동,217,8.0,26.0,,,24.0,,1.0,1.0,1.0,,,,,1.0,,,,2.0,47.0
2021,4,11650530,서초3동,332,25.0,30.0,,3.0,30.0,1.0,1.0,1.0,3.0,2.0,,,,,,,1.0,2.0,77.0
2021,4,11650531,서초4동,257,2.0,13.0,,1.0,31.0,2.0,2.0,1.0,,,,,1.0,,,,,,36.0
2021,4,11650540,잠원동,135,3.0,8.0,,,13.0,1.0,1.0,1.0,,,,,,,,,,2.0,23.0
2021,4,11650550,반포본동,33,1.0,3.0,,,2.0,,1.0,2.0,2.0,,,1.0,,,,,,1.0,5.0
2021,4,11650560,반포1동,140,6.0,6.0,,1.0,20.0,1.0,2.0,1.0,1.0,,,,,,,,,1.0,26.0
2021,4,11650570,반포2동,74,4.0,5.0,,,5.0,,2.0,1.0,,,,1.0,,,,,,1.0,25.0
2021,4,11650580,반포3동,109,3.0,7.0,,,11.0,,1.0,1.0,,,,,,,,,,,18.0
2021,4,11650581,반포4동,130,7.0,12.0,1.0,,12.0,,,1.0,,3.0,,,1.0,,,,,3.0,33.0
2021,4,11650590,방배본동,103,2.0,6.0,,,16.0,,1.0,,,,,1.0,,,,,,,25.0
2021,4,11650600,방배1동,102,3.0,4.0,,1.0,10.0,,1.0,,,3.0,,1.0,,,,,,1.0,19.0
2021,4,11650610,방배2동,114,4.0,2.0,,,3.0,,1.0,1.0,1.0,,,1.0,,1.0,,,,1.0,37.0
2021,4,11650620,방배3동,112,4.0,3.0,,2.0,6.0,,2.0,,1.0,7.0,,,,,,,,,50.0
2021,4,11650621,방배4동,156,3.0,10.0,,,11.0,,1.0,,1.0,4.0,,,,1.0,,,,1.0,31.0
2021,4,11650651,양재1동,263,12.0,11.0,,1.0,20.0,3.0,4.0,1.0,,1.0,,,,,,,,2.0,86.0
2021,4,11650652,양재2동,147,2.0,16.0,,,11.0,,1.0,2.0,1.0,,,1.0,,,,,,1.0,57.0
2021,4,11650660,내곡동,161,5.0,1.0,,1.0,2.0,2.0,1.0,,,3.0,,1.0,,,,,,1.0,85.0
2021,4,11680510,신사동,260,3.0,14.0,,,36.0,2.0,1.0,1.0,2.0,,1.0,,1.0,,,,,1.0,12.0
2021,4,11680521,논현1동,300,4.0,15.0,,4.0,42.0,,1.0,,,,,1.0,8.0,,,,,3.0,23.0
2021,4,11680531,논현2동,240,8.0,16.0,,5.0,29.0,1.0,1.0,1.0,,4.0,,,2.0,,,,,1.0,33.0
2021,4,11680545,압구정동,313,4.0,25.0,,5.0,30.0,1.0,1.0,2.0,2.0,,2.0,1.0,3.0,,,,,2.0,18.0
2021,4,11680565,청담동,288,11.0,19.0,,4.0,27.0,2.0,2.0,1.0,1.0,1.0,,,,,,,,3.0,23.0
2021,4,11680580,삼성1동,199,6.0,26.0,,3.0,13.0,1.0,1.0,1.0,1.0,,1.0,,1.0,,,,,3.0,38.0
2021,4,11680590,삼성2동,177,10.0,11.0,,,11.0,,1.0,1.0,,1.0,,,,,,,,4.0,28.0
2021,4,11680600,대치1동,130,4.0,11.0,,,13.0,1.0,1.0,1.0,2.0,1.0,,,,,,,,,24.0
2021,4,11680610,대치2동,210,6.0,26.0,,2.0,20.0,,2.0,1.0,1.0,,,,,,,,,2.0,39.0
2021,4,11680630,대치4동,159,4.0,12.0,1.0,1.0,18.0,,1.0,,,1.0,1.0,,,,,,,,14.0
2021,4,11680640,역삼1동,542,15.0,49.0,1.0,3.0,64.0,1.0,1.0,,,,,,3.0,1.0,,,,1.0,44.0
2021,4,11680650,역삼2동,195,3.0,14.0,,2.0,25.0,,1.0,2.0,1.0,1.0,,,,,,,,,31.0
2021,4,11680655,도곡1동,142,4.0,9.0,1.0,4.0,20.0,2.0,1.0,2.0,1.0,,,,,,,,,1.0,27.0
2021,4,11680656,도곡2동,118,7.0,23.0,,,10.0,2.0,1.0,1.0,2.0,,,,,,,,,3.0,25.0
2021,4,11680660,개포1동,38,1.0,1.0,,,1.0,,1.0,2.0,,,,,,,,,,,29.0
2021,4,11680670,개포2동,135,3.0,3.0,,,9.0,5.0,4.0,1.0,3.0,,,,,,,,,3.0,50.0
2021,4,11680690,개포4동,115,3.0,4.0,,,7.0,,2.0,1.0,1.0,,,,,,,,,,49.0
2021,4,11680700,세곡동,191,4.0,1.0,,,9.0,3.0,4.0,1.0,1.0,,,,,,,,,,95.0
2021,4,11680720,일원본동,103,2.0,6.0,1.0,,15.0,2.0,2.0,1.0,2.0,,,,,,,,,1.0,32.0
2021,4,11680730,일원1동,74,4.0,1.0,,,11.0,1.0,2.0,,1.0,,,,,,,,,,18.0
2021,4,11680740,일원2동,66,3.0,3.0,,,6.0,2.0,1.0,1.0,,,,,,,,,,1.0,13.0
2021,4,11680750,수서동,89,3.0,3.0,,,11.0,2.0,1.0,1.0,2.0,,,,,,,,,2.0,23.0
2021,4,11710510,풍납1동,48,3.0,,,1.0,6.0,1.0,1.0,,,,,,,,,,,,6.0
2021,4,11710520,풍납2동,125,5.0,5.0,1.0,,26.0,2.0,2.0,3.0,1.0,3.0,,,,,,,,1.0,24.0
2021,4,11710531,거여1동,48,2.0,,,,2.0,,1.0,,1.0,,,,,1.0,,,,1.0,6.0
2021,4,11710532,거여2동,78,3.0,3.0,,1.0,12.0,1.0,1.0,1.0,,,,,,,,,,,11.0
2021,4,11710540,마천1동,73,4.0,1.0,,,8.0,1.0,1.0,,,,,,,1.0,,,,1.0,15.0
2021,4,11710550,마천2동,93,3.0,2.0,,,14.0,,1.0,,,,,,,,,,,,12.0
2021,4,11710561,방이1동,73,2.0,1.0,,,10.0,2.0,2.0,1.0,1.0,,,,,,,,,1.0,11.0
2021,4,11710562,방이2동,164,3.0,5.0,,,18.0,,1.0,1.0,,,,,,,,,,1.0,13.0
2021,4,11710566,오륜동,74,4.0,6.0,,,6.0,1.0,2.0,2.0,3.0,11.0,,,,,,,,3.0,15.0
2021,4,11710570,오금동,134,5.0,5.0,,,13.0,3.0,3.0,4.0,2.0,,,,,,,,,3.0,27.0
2021,4,11710580,송파1동,102,2.0,4.0,,3.0,14.0,1.0,1.0,,,,,,,,,,,2.0,13.0
2021,4,11710590,송파2동,79,3.0,1.0,,,11.0,3.0,1.0,2.0,3.0,,,,,,,,,,7.0
2021,4,11710600,석촌동,159,3.0,7.0,,2.0,27.0,3.0,2.0,,,,,,,,,,,,20.0
2021,4,11710610,삼전동,118,4.0,2.0,,,14.0,3.0,1.0,1.0,1.0,,,,,1.0,,,,1.0,12.0
2021,4,11710620,가락본동,144,5.0,9.0,1.0,5.0,21.0,1.0,2.0,2.0,,,,,,,,,,,21.0
2021,4,11710631,가락1동,82,2.0,8.0,,,13.0,1.0,1.0,1.0,,,,1.0,,,,,,3.0,16.0
2021,4,11710632,가락2동,143,3.0,6.0,,,17.0,4.0,2.0,1.0,,,,,,,,,,1.0,22.0
2021,4,11710641,문정1동,70,3.0,1.0,,,5.0,1.0,1.0,1.0,,,,,,,,,,,19.0
2021,4,11710642,문정2동,149,10.0,12.0,,1.0,22.0,,1.0,,,,,,2.0,,,,,3.0,14.0
2021,4,11710646,장지동,136,4.0,3.0,,,10.0,1.0,2.0,1.0,3.0,,,,1.0,,,,,1.0,41.0
2021,4,11710647,위례동,84,3.0,1.0,,,5.0,2.0,2.0,1.0,,,,,,,,,,,32.0
2021,4,11710650,잠실본동,192,5.0,9.0,,1.0,24.0,,1.0,,,,,,,,,,,1.0,12.0
2021,4,11710670,잠실2동,91,4.0,6.0,,,14.0,1.0,2.0,2.0,2.0,,,,,,,,,1.0,5.0
2021,4,11710680,잠실3동,103,5.0,9.0,,,11.0,1.0,3.0,,1.0,,,,,,,,,,16.0
2021,4,11710690,잠실4동,74,3.0,3.0,,,10.0,1.0,2.0,,1.0,,,,,,,,,2.0,7.0
2021,4,11710710,잠실6동,144,4.0,17.0,,1.0,23.0,,1.0,1.0,,,,,1.0,,,,,2.0,13.0
2021,4,11710720,잠실7동,30,2.0,4.0,,,4.0,,1.0,2.0,1.0,,,,,,,,,2.0,3.0
2021,4,11740515,강일동,187,5.0,3.0,,,12.0,2.0,2.0,2.0,1.0,,,,,,,,,3.0,79.0
2021,4,11740520,상일동,105,4.0,2.0,1.0,,8.0,4.0,2.0,2.0,5.0,,,,,,,,,,37.0
2021,4,11740530,명일1동,151,5.0,6.0,,2.0,17.0,,1.0,,,,,,,,,,,1.0,22.0
2021,4,11740540,명일2동,107,3.0,6.0,,,18.0,4.0,2.0,,1.0,,,,,,,,,,18.0
2021,4,11740550,고덕1동,92,3.0,,,,4.0,1.0,2.0,1.0,1.0,,,,,,,,,1.0,26.0
2021,4,11740560,고덕2동,78,3.0,1.0,,,9.0,1.0,2.0,1.0,2.0,,,,,,,,,1.0,25.0
2021,4,11740570,암사1동,90,2.0,1.0,,,8.0,1.0,1.0,,,1.0,,1.0,,,,,,,13.0
2021,4,11740580,암사2동,61,1.0,3.0,,,6.0,1.0,2.0,,,,,,,,,,,1.0,6.0
2021,4,11740590,암사3동,50,2.0,1.0,,,5.0,1.0,,2.0,1.0,,,,,,,,,,12.0
2021,4,11740600,천호1동,92,4.0,1.0,,,11.0,,1.0,1.0,1.0,1.0,,,1.0,,,,,1.0,11.0
2021,4,11740610,천호2동,203,4.0,3.0,,1.0,26.0,1.0,1.0,1.0,,,,,,3.0,,,,,22.0
2021,4,11740620,천호3동,115,4.0,3.0,,2.0,14.0,,,1.0,,,,,,1.0,,,,,11.0
2021,4,11740640,성내1동,98,6.0,4.0,,2.0,9.0,1.0,2.0,1.0,,1.0,,,1.0,,,,,,20.0
2021,4,11740650,성내2동,113,2.0,3.0,,4.0,14.0,,,,,,,,1.0,,,,,3.0,16.0
2021,4,11740660,성내3동,136,4.0,5.0,,,13.0,2.0,,,,2.0,,,,,,,,1.0,13.0
2021,4,11740685,길동,242,6.0,10.0,1.0,4.0,34.0,4.0,3.0,1.0,,1.0,,,,,,,,1.0,36.0
2021,4,11740690,둔촌1동,14,,,,,,,2.0,,1.0,,,,,,,,,1.0,6.0
2021,4,11740700,둔촌2동,129,5.0,4.0,1.0,,17.0,2.0,1.0,2.0,1.0,,,,,,,,,1.0,32.0
2022,1,11110515,청운효자동,93,6.0,3.0,,,4.0,1.0,1.0,2.0,2.0,8.0,,,,,,,,,26.0
2022,1,11110530,사직동,206,18.0,24.0,,,15.0,,1.0,,1.0,1.0,,,3.0,,,,,2.0,34.0
2022,1,11110540,삼청동,49,10.0,4.0,,1.0,1.0,,,1.0,1.0,2.0,,,,,,,,,16.0
2022,1,11110550,부암동,84,4.0,2.0,,,1.0,1.0,2.0,1.0,1.0,14.0,,,,,,,,,38.0
2022,1,11110560,평창동,162,6.0,2.0,,1.0,5.0,1.0,,,1.0,2.0,,,,,,,,,91.0
2022,1,11110570,무악동,42,2.0,1.0,1.0,,4.0,1.0,1.0,,,,,,,,,,,1.0,7.0
2022,1,11110580,교남동,78,4.0,3.0,2.0,,17.0,,,,1.0,1.0,,,,,,,,,26.0
2022,1,11110600,가회동,63,5.0,3.0,,,1.0,1.0,1.0,1.0,2.0,1.0,,,,,,,,,22.0
2022,1,11110615,종로1?2?3?4가동,500,19.0,35.0,,,47.0,1.0,2.0,,,4.0,,1.0,5.0,17.0,,,,5.0,72.0
2022,1,11110630,종로5?6가동,212,7.0,8.0,,,31.0,,1.0,,,1.0,,4.0,,3.0,,,,1.0,23.0
2022,1,11110640,이화동,119,4.0,4.0,1.0,,11.0,,,2.0,,37.0,,,,,,,,1.0,28.0
2022,1,11110650,혜화동,145,6.0,5.0,,,16.0,3.0,1.0,1.0,4.0,26.0,,,1.0,,,,,,36.0
2022,1,11110670,창신1동,111,3.0,4.0,,,9.0,,2.0,,,,,1.0,,7.0,,,,2.0,11.0
2022,1,11110680,창신2동,38,2.0,1.0,,,5.0,,,,,,,,,,,,,,
2022,1,11110690,창신3동,24,3.0,,,,1.0,,1.0,,1.0,,,,,,,,,1.0,5.0
2022,1,11110700,숭인1동,43,3.0,1.0,,,3.0,1.0,,,,,,,,,,,,,14.0
2022,1,11110710,숭인2동,89,4.0,3.0,,1.0,4.0,,,,,,,2.0,,3.0,,,,2.0,6.0
2022,1,11140520,소공동,231,13.0,29.0,,,10.0,,1.0,4.0,3.0,,1.0,,3.0,3.0,,,,3.0,37.0
2022,1,11140540,회현동,211,9.0,17.0,,,16.0,1.0,,,,2.0,,2.0,1.0,2.0,,,,6.0,35.0
2022,1,11140550,명동,542,20.0,46.0,,,35.0,,1.0,,,4.0,,,3.0,12.0,,,,1.0,29.0
2022,1,11140570,필동,123,6.0,9.0,1.0,,7.0,,2.0,,1.0,19.0,,,2.0,1.0,,,,2.0,15.0
2022,1,11140580,장충동,63,6.0,2.0,,,1.0,,1.0,,,3.0,,,1.0,2.0,,,,1.0,13.0
2022,1,11140590,광희동,185,3.0,16.0,1.0,,14.0,,,1.0,,,,1.0,3.0,11.0,,,,3.0,19.0
2022,1,11140605,을지로동,145,5.0,10.0,,,13.0,,,,,,,1.0,2.0,3.0,,,,4.0,20.0
2022,1,11140615,신당동,99,7.0,5.0,,1.0,12.0,,1.0,1.0,3.0,,,3.0,,1.0,,,,2.0,8.0
2022,1,11140625,다산동,86,3.0,4.0,,1.0,9.0,,1.0,1.0,1.0,,,,,1.0,,,,1.0,7.0
2022,1,11140635,약수동,87,4.0,2.0,,1.0,12.0,2.0,,,,,,,,,,,,2.0,12.0
2022,1,11140645,청구동,34,2.0,,,,3.0,1.0,2.0,1.0,1.0,,,,,,,,,,5.0
2022,1,11140650,신당5동,65,4.0,2.0,,,5.0,,1.0,,2.0,,,,,,,,,,12.0
2022,1,11140665,동화동,47,3.0,1.0,,,5.0,,1.0,1.0,,,,,,,,,,2.0,4.0
2022,1,11140670,황학동,76,1.0,6.0,,,10.0,,,,,,,,,7.0,,,,,6.0
2022,1,11140680,중림동,77,3.0,2.0,,,7.0,,1.0,,2.0,1.0,,,,5.0,,,,,14.0
2022,1,11170510,후암동,80,6.0,1.0,,,7.0,1.0,2.0,,1.0,,,2.0,,,,,,,18.0
2022,1,11170520,용산2가동,63,3.0,,,,4.0,,1.0,2.0,2.0,,,,,,,,,1.0,29.0
2022,1,11170530,남영동,147,7.0,5.0,,,14.0,,,1.0,,,,,,12.0,,,,3.0,26.0
2022,1,11170555,청파동,128,7.0,2.0,,1.0,11.0,,2.0,2.0,4.0,22.0,,1.0,,1.0,,,,,35.0
2022,1,11170560,원효로1동,94,6.0,3.0,,,6.0,1.0,1.0,,,3.0,,4.0,,,,,,,31.0
2022,1,11170570,원효로2동,69,4.0,2.0,,,4.0,2.0,1.0,1.0,1.0,,,2.0,,,,,,,27.0
2022,1,11170580,효창동,66,1.0,1.0,,,5.0,,1.0,,1.0,1.0,,,,,,,,2.0,22.0
2022,1,11170590,용문동,54,1.0,,,,3.0,,,,,,,,,,,,,,22.0
2022,1,11170625,한강로동,242,19.0,19.0,,,21.0,,2.0,,1.0,,,5.0,3.0,2.0,,,,7.0,41.0
2022,1,11170630,이촌1동,102,4.0,9.0,,1.0,12.0,2.0,1.0,1.0,1.0,,,1.0,,,,,,,14.0
2022,1,11170640,이촌2동,26,2.0,,,,1.0,,,,,,,,,,,,,,11.0
2022,1,11170650,이태원1동,71,8.0,5.0,,,3.0,,1.0,,,,,3.0,,,,,,1.0,14.0
2022,1,11170660,이태원2동,60,8.0,5.0,,,3.0,1.0,1.0,,1.0,,,,,,,,,,22.0
2022,1,11170685,한남동,171,30.0,11.0,1.0,,13.0,3.0,1.0,,,,,3.0,,,,,,2.0,36.0
2022,1,11170690,서빙고동,61,15.0,1.0,,,1.0,,1.0,1.0,,,,,,,,,,1.0,21.0
2022,1,11170700,보광동,70,4.0,1.0,,,8.0,1.0,,1.0,1.0,6.0,,,,,,,,,14.0
2022,1,11200520,왕십리2동,63,2.0,,,,5.0,1.0,1.0,,,,,,,,,,,1.0,18.0
2022,1,11200535,왕십리도선동,189,4.0,4.0,,2.0,20.0,2.0,2.0,,2.0,,,,,,,,,,26.0
2022,1,11200540,마장동,111,6.0,5.0,,,8.0,2.0,2.0,2.0,,,,,,,,,,1.0,29.0
2022,1,11200550,사근동,128,5.0,3.0,1.0,,10.0,,2.0,1.0,2.0,52.0,,1.0,,,,,,2.0,34.0
2022,1,11200560,행당1동,130,9.0,4.0,,2.0,13.0,1.0,1.0,,,,,1.0,1.0,,,,,4.0,30.0
2022,1,11200570,행당2동,79,2.0,2.0,,,4.0,1.0,1.0,1.0,1.0,,,,,,,,,1.0,24.0
2022,1,11200580,응봉동,56,3.0,,,,2.0,,1.0,1.0,,,,,,,,,,1.0,30.0
2022,1,11200590,금호1가동,88,2.0,,,,6.0,1.0,1.0,,1.0,,,,,,,,,1.0,45.0
2022,1,11200615,금호2?3가동,135,3.0,2.0,,,13.0,,1.0,,,,,,,,,,,,46.0
2022,1,11200620,금호4가동,84,3.0,3.0,,,6.0,1.0,2.0,,,,,,,,,,,1.0,27.0
2022,1,11200645,옥수동,129,4.0,2.0,,,10.0,2.0,2.0,1.0,1.0,,,,,,,,,2.0,45.0
2022,1,11200650,성수1가1동,83,4.0,2.0,,,4.0,1.0,2.0,1.0,1.0,,,,1.0,,,,,1.0,33.0
2022,1,11200660,성수1가2동,79,3.0,6.0,,,6.0,,,1.0,1.0,1.0,,,,,,,,1.0,12.0
2022,1,11200670,성수2가1동,109,3.0,3.0,,,13.0,,1.0,2.0,1.0,,,2.0,,1.0,,,,,38.0
2022,1,11200690,성수2가3동,104,3.0,16.0,,,11.0,,2.0,,,,,,1.0,,,,,1.0,20.0
2022,1,11200720,송정동,44,2.0,,,1.0,5.0,,1.0,,,,,,,,,,,,17.0
2022,1,11200790,용답동,82,7.0,2.0,,,8.0,,1.0,,,,,1.0,,,,,,2.0,11.0
2022,1,11215710,화양동,167,3.0,5.0,1.0,,17.0,,2.0,2.0,1.0,34.0,,,1.0,,,,,2.0,16.0
2022,1,11215730,군자동,135,5.0,5.0,,1.0,12.0,1.0,2.0,,,20.0,,,1.0,,,,,,23.0
2022,1,11215740,중곡1동,74,2.0,,,,10.0,1.0,,,,,,1.0,,,,,,,19.0
2022,1,11215750,중곡2동,104,2.0,4.0,,,14.0,1.0,1.0,,,,,,,,,,,2.0,21.0
2022,1,11215760,중곡3동,97,3.0,1.0,,1.0,9.0,,2.0,,,,,1.0,,,,,,1.0,29.0
2022,1,11215770,중곡4동,105,2.0,2.0,,,7.0,,1.0,1.0,2.0,,,,,,,,,,37.0
2022,1,11215780,능동,47,4.0,,,1.0,5.0,,1.0,,1.0,,,,,,,,,1.0,5.0
2022,1,11215810,광장동,139,5.0,9.0,,,9.0,3.0,3.0,3.0,1.0,11.0,,,,,,,,1.0,32.0
2022,1,11215820,자양1동,106,3.0,4.0,1.0,,14.0,1.0,1.0,,,2.0,,,,,,,,,17.0
2022,1,11215830,자양2동,95,2.0,1.0,,,8.0,2.0,4.0,2.0,1.0,,,1.0,,,,,,,21.0
2022,1,11215840,자양3동,105,2.0,6.0,,,8.0,2.0,2.0,1.0,1.0,1.0,1.0,,1.0,,,,,,30.0
2022,1,11215847,자양4동,106,5.0,2.0,,1.0,15.0,1.0,,1.0,,,,1.0,1.0,,,,,1.0,16.0
2022,1,11215850,구의1동,77,2.0,4.0,,,9.0,1.0,,1.0,1.0,,,,,,,,,1.0,16.0
2022,1,11215860,구의2동,112,3.0,2.0,,1.0,9.0,3.0,2.0,,,1.0,,,,,,,,1.0,24.0
2022,1,11215870,구의3동,133,5.0,4.0,,,16.0,2.0,1.0,,,,,1.0,1.0,,,,1.0,1.0,25.0
2022,1,11230536,용신동,231,10.0,8.0,1.0,4.0,20.0,1.0,1.0,1.0,1.0,,,1.0,,5.0,,,,5.0,41.0
2022,1,11230545,제기동,288,4.0,5.0,,1.0,22.0,2.0,2.0,2.0,1.0,1.0,,3.0,,14.0,,,,1.0,30.0
2022,1,11230560,전농1동,152,5.0,2.0,,1.0,13.0,3.0,1.0,1.0,1.0,,,,1.0,5.0,,,,3.0,35.0
2022,1,11230570,전농2동,102,2.0,2.0,,,12.0,3.0,3.0,2.0,1.0,27.0,,,,,,,,,15.0
2022,1,11230600,답십리1동,124,4.0,5.0,,,9.0,,2.0,1.0,,,,,,,,,,,25.0
2022,1,11230610,답십리2동,108,3.0,2.0,,2.0,13.0,3.0,1.0,,,,,3.0,,,,,,,19.0
2022,1,11230650,장안1동,192,5.0,11.0,,4.0,26.0,2.0,2.0,2.0,,,,,,,,,,1.0,43.0
2022,1,11230660,장안2동,168,3.0,2.0,,2.0,21.0,1.0,2.0,,1.0,1.0,,,1.0,1.0,,,,,38.0
2022,1,11230705,청량리동,154,9.0,4.0,1.0,,16.0,2.0,1.0,1.0,1.0,1.0,,,,2.0,,,,,34.0
2022,1,11230710,회기동,84,3.0,5.0,1.0,,10.0,1.0,3.0,1.0,1.0,14.0,,,,,,,,,10.0
2022,1,11230720,휘경1동,82,2.0,1.0,,,12.0,,,,,,,,,1.0,,,,3.0,18.0
2022,1,11230730,휘경2동,84,5.0,1.0,1.0,,5.0,1.0,2.0,3.0,3.0,4.0,,,,,,,,,27.0
2022,1,11230740,이문1동,147,5.0,2.0,,,13.0,3.0,,,2.0,30.0,,,,,,,,1.0,26.0
2022,1,11230750,이문2동,71,2.0,,,,6.0,1.0,1.0,,,2.0,,,,,,,,1.0,17.0
2022,1,11260520,면목2동,112,3.0,,,1.0,11.0,2.0,2.0,,,,,8.0,,1.0,,,,,25.0
2022,1,11260540,면목4동,61,2.0,,,,5.0,1.0,1.0,1.0,,,,,,,,,,1.0,15.0
2022,1,11260550,면목5동,42,2.0,1.0,,,3.0,,,,,,,4.0,,,,,,,13.0
2022,1,11260565,면목본동,168,4.0,2.0,,,18.0,1.0,2.0,,,,,13.0,,1.0,,,,1.0,30.0
2022,1,11260570,면목7동,108,2.0,2.0,,1.0,11.0,,1.0,,,,,1.0,,,,,,,18.0
2022,1,11260575,면목3?8동,150,4.0,1.0,1.0,,17.0,1.0,2.0,2.0,1.0,8.0,,,,1.0,,,,1.0,34.0
2022,1,11260580,상봉1동,78,3.0,1.0,,1.0,8.0,2.0,1.0,2.0,1.0,,,,,,,,,4.0,12.0
2022,1,11260590,상봉2동,127,4.0,3.0,,1.0,10.0,,,,,,,,2.0,2.0,,,1.0,1.0,18.0
2022,1,11260600,중화1동,79,2.0,1.0,,1.0,7.0,1.0,2.0,2.0,1.0,,,,,,,,,,14.0
2022,1,11260610,중화2동,123,2.0,3.0,,,14.0,,,,,,,2.0,,,,,,3.0,32.0
2022,1,11260620,묵1동,144,4.0,2.0,,2.0,11.0,2.0,1.0,2.0,2.0,,,,,,,,,,34.0
2022,1,11260630,묵2동,92,3.0,4.0,,,7.0,,2.0,,,,,,1.0,,,,,1.0,19.0
2022,1,11260655,망우본동,238,9.0,4.0,1.0,4.0,25.0,1.0,2.0,3.0,4.0,,,9.0,,2.0,,,,2.0,54.0
2022,1,11260660,망우3동,54,1.0,1.0,,1.0,3.0,,2.0,,1.0,,,3.0,,,,,,,11.0
2022,1,11260680,신내1동,160,3.0,2.0,1.0,,13.0,2.0,2.0,,,,,,,,,,,1.0,53.0
2022,1,11260690,신내2동,104,6.0,3.0,,,12.0,3.0,4.0,,,,,,,,,,,,21.0
2022,1,11290525,성북동,166,6.0,4.0,,,6.0,2.0,1.0,3.0,2.0,5.0,,,,,,,,,55.0
2022,1,11290555,삼선동,163,7.0,5.0,,,14.0,,1.0,1.0,2.0,14.0,,,,,,,,2.0,46.0
2022,1,11290575,동선동,146,1.0,4.0,,1.0,13.0,1.0,2.0,2.0,1.0,12.0,,,1.0,,,,,1.0,19.0
2022,1,11290580,돈암1동,42,1.0,,,,2.0,2.0,2.0,2.0,1.0,,,,,,,,,,15.0
2022,1,11290590,돈암2동,88,4.0,2.0,,,4.0,6.0,1.0,,,,,,1.0,,,,,,38.0
2022,1,11290600,안암동,167,4.0,6.0,1.0,1.0,10.0,,1.0,1.0,1.0,71.0,,,,,,,,1.0,35.0
2022,1,11290610,보문동,77,4.0,4.0,,,6.0,,2.0,,,,,,,1.0,,,,2.0,10.0
2022,1,11290620,정릉1동,63,2.0,,,,6.0,2.0,,,,1.0,,,,,,,,,19.0
2022,1,11290630,정릉2동,110,4.0,3.0,,,6.0,1.0,2.0,,,,,,,,,,,1.0,50.0
2022,1,11290640,정릉3동,124,4.0,1.0,,,2.0,,1.0,3.0,1.0,28.0,,,,,,,,,38.0
2022,1,11290650,정릉4동,133,7.0,3.0,,,12.0,2.0,1.0,,2.0,11.0,,,,,,,,1.0,40.0
2022,1,11290660,길음1동,129,3.0,4.0,,,10.0,2.0,3.0,1.0,1.0,,,1.0,,,,,,1.0,26.0
2022,1,11290685,길음2동,112,5.0,,,3.0,14.0,,,,,,,,,,,,,,23.0
2022,1,11290705,종암동,189,7.0,2.0,,1.0,17.0,3.0,2.0,2.0,1.0,2.0,,,,,,,,,56.0
2022,1,11290715,월곡1동,108,2.0,3.0,,,10.0,,2.0,1.0,1.0,,,,,1.0,,,,,30.0
2022,1,11290725,월곡2동,135,6.0,4.0,,,12.0,2.0,,1.0,,12.0,,,,,,,,2.0,34.0
2022,1,11290760,장위1동,103,4.0,1.0,,,8.0,6.0,1.0,1.0,,,,,,,,,,,37.0
2022,1,11290770,장위2동,89,3.0,2.0,,,11.0,1.0,3.0,,,,,,,,,,,1.0,27.0
2022,1,11290780,장위3동,82,1.0,,,,5.0,1.0,2.0,1.0,,1.0,,1.0,,,,,,,39.0
2022,1,11290810,석관동,154,6.0,3.0,,,16.0,2.0,2.0,1.0,1.0,,,1.0,,2.0,,,,2.0,32.0
2022,1,11305534,삼양동,165,4.0,1.0,,,14.0,3.0,2.0,,1.0,,,,,,,,,3.0,34.0
2022,1,11305535,미아동,144,3.0,3.0,,1.0,14.0,,,,1.0,4.0,,,,,,,,1.0,28.0
2022,1,11305545,송중동,212,4.0,1.0,,2.0,18.0,4.0,2.0,,1.0,2.0,1.0,,1.0,,,,,,69.0
2022,1,11305555,송천동,164,9.0,5.0,,1.0,17.0,,1.0,2.0,2.0,,,2.0,,,,,,1.0,24.0
2022,1,11305575,삼각산동,114,2.0,1.0,,,9.0,1.0,,1.0,1.0,1.0,,,,,,,,,36.0
2022,1,11305595,번1동,136,3.0,3.0,,1.0,14.0,1.0,1.0,1.0,,,,,1.0,,,,,,30.0
2022,1,11305603,번2동,110,5.0,,,,7.0,1.0,,1.0,,,,,,1.0,,,,,54.0
2022,1,11305608,번3동,95,3.0,1.0,,,8.0,,2.0,,,,,,,,,,,,37.0
2022,1,11305615,수유1동,153,4.0,2.0,,,12.0,,2.0,3.0,1.0,,,1.0,,,,,,1.0,40.0
2022,1,11305625,수유2동,85,3.0,,,,12.0,3.0,,,,,,,,,,,,1.0,15.0
2022,1,11305635,수유3동,158,4.0,6.0,,1.0,16.0,,,1.0,,,,,1.0,,,,,1.0,30.0
2022,1,11305645,우이동,132,2.0,,,,7.0,1.0,,1.0,,2.0,,,,,,,,3.0,54.0
2022,1,11305660,인수동,175,13.0,2.0,1.0,2.0,14.0,2.0,2.0,2.0,,5.0,,1.0,,,,,,,57.0
2022,1,11320511,창1동,94,3.0,2.0,,,7.0,1.0,1.0,2.0,1.0,,,,,,,,,1.0,28.0
2022,1,11320512,창2동,95,3.0,,,1.0,8.0,1.0,1.0,,,,,,,,,,,,44.0
2022,1,11320513,창3동,66,1.0,,,,7.0,1.0,2.0,,,,,1.0,,,,,,,25.0
2022,1,11320514,창4동,130,7.0,4.0,,,8.0,1.0,2.0,1.0,2.0,,,,,,,,,,51.0
2022,1,11320515,창5동,119,7.0,3.0,,3.0,12.0,1.0,3.0,,,,,,2.0,,,,,2.0,24.0
2022,1,11320521,도봉1동,122,4.0,1.0,,,9.0,2.0,2.0,1.0,1.0,2.0,,1.0,,,,,,,38.0
2022,1,11320522,도봉2동,127,8.0,3.0,,,7.0,1.0,1.0,1.0,1.0,1.0,,,,1.0,,,,3.0,49.0
2022,1,11320660,쌍문1동,126,6.0,1.0,,1.0,4.0,1.0,3.0,,1.0,17.0,,,,,,,,,54.0
2022,1,11320670,쌍문2동,87,3.0,1.0,,1.0,10.0,1.0,1.0,1.0,,,,,,2.0,,,,,19.0
2022,1,11320680,쌍문3동,78,3.0,3.0,1.0,,12.0,,,1.0,,,,,,1.0,,,,1.0,17.0
2022,1,11320681,쌍문4동,64,1.0,,,,4.0,5.0,2.0,2.0,3.0,,,,,,,,,,23.0
2022,1,11320690,방학1동,148,6.0,6.0,,2.0,15.0,2.0,1.0,1.0,1.0,,,,,,,,,1.0,39.0
2022,1,11320700,방학2동,64,3.0,,,,7.0,,1.0,1.0,,,,,,,,,,,23.0
2022,1,11320710,방학3동,112,3.0,3.0,,,6.0,3.0,3.0,1.0,,,,,,,,,,,47.0
2022,1,11350560,월계1동,159,4.0,2.0,,,10.0,2.0,1.0,1.0,1.0,17.0,,,,,,,,,59.0
2022,1,11350570,월계2동,136,4.0,,,,5.0,3.0,2.0,3.0,4.0,11.0,,,,,,,,1.0,64.0
2022,1,11350580,월계3동,135,5.0,3.0,,,8.0,4.0,3.0,1.0,,,,,,,,,,2.0,47.0
2022,1,11350595,공릉1동,211,4.0,6.0,,4.0,21.0,3.0,3.0,,,1.0,,1.0,,,,,,3.0,54.0
2022,1,11350600,공릉2동,271,7.0,6.0,1.0,,14.0,3.0,4.0,4.0,2.0,64.0,,1.0,,,,,,1.0,63.0
2022,1,11350611,하계1동,133,4.0,3.0,1.0,,9.0,1.0,1.0,2.0,4.0,16.0,,,,,,,,,41.0
2022,1,11350612,하계2동,67,2.0,1.0,,,4.0,2.0,2.0,1.0,,,,,,,,,,1.0,28.0
2022,1,11350619,중계본동,95,5.0,2.0,,,7.0,3.0,2.0,,3.0,,,,,,,,,,21.0
2022,1,11350621,중계1동,85,2.0,3.0,,,7.0,,2.0,1.0,2.0,,,,,,,,,,18.0
2022,1,11350624,중계4동,81,2.0,3.0,,,14.0,1.0,1.0,3.0,2.0,,,,,,,,,,6.0
2022,1,11350625,중계2?3동,142,7.0,2.0,,,10.0,4.0,4.0,1.0,3.0,,,,2.0,,,,,1.0,39.0
2022,1,11350630,상계1동,190,5.0,2.0,,,14.0,3.0,3.0,2.0,1.0,,,,1.0,,,,,1.0,38.0
2022,1,11350640,상계2동,182,2.0,1.0,,2.0,19.0,1.0,1.0,1.0,,,,,1.0,,,,,2.0,33.0
2022,1,11350665,상계3?4동,107,4.0,1.0,,,9.0,3.0,2.0,,,1.0,,,,2.0,,,,1.0,11.0
2022,1,11350670,상계5동,105,2.0,1.0,,,11.0,,1.0,,,,,,,3.0,,,,1.0,36.0
2022,1,11350695,상계6?7동,253,9.0,11.0,1.0,1.0,29.0,,3.0,2.0,1.0,4.0,,,1.0,,,,,,40.0
2022,1,11350700,상계8동,92,3.0,3.0,,,7.0,,,1.0,,,,,,,,,,1.0,15.0
2022,1,11350710,상계9동,78,3.0,4.0,,,6.0,1.0,3.0,2.0,2.0,,,,,,,,,,18.0
2022,1,11350720,상계10동,64,3.0,,,,1.0,1.0,2.0,1.0,1.0,,,,,,,,,,30.0
2022,1,11380510,녹번동,148,8.0,3.0,,2.0,12.0,1.0,3.0,,,,,1.0,1.0,,,,,2.0,35.0
2022,1,11380520,불광1동,198,6.0,4.0,,1.0,17.0,4.0,2.0,,,,,,1.0,,,,,3.0,49.0
2022,1,11380530,불광2동,113,6.0,1.0,,,5.0,,3.0,3.0,1.0,,,3.0,,,,,,,32.0
2022,1,11380551,갈현1동,133,2.0,2.0,1.0,,13.0,1.0,,,,,,,,,,,,2.0,48.0
2022,1,11380552,갈현2동,121,3.0,1.0,,1.0,15.0,5.0,2.0,1.0,5.0,,,,,,,,,1.0,34.0
2022,1,11380560,구산동,127,3.0,,,1.0,8.0,3.0,3.0,2.0,3.0,,,,,,,,,,38.0
2022,1,11380570,대조동,205,3.0,5.0,,1.0,24.0,,2.0,,2.0,,,,1.0,,,,,,32.0
2022,1,11380580,응암1동,133,5.0,5.0,,1.0,20.0,1.0,1.0,1.0,1.0,,,,,,,,,,27.0
2022,1,11380590,응암2동,91,3.0,1.0,,1.0,10.0,2.0,1.0,,,,,,,,,,,,37.0
2022,1,11380600,응암3동,138,3.0,3.0,,1.0,16.0,1.0,1.0,2.0,1.0,,,2.0,,,,,,,31.0
2022,1,11380625,역촌동,176,5.0,5.0,,2.0,18.0,2.0,1.0,,,,,,,,,,,,51.0
2022,1,11380631,신사1동,94,3.0,,,,8.0,3.0,,1.0,,5.0,,,,,,,,1.0,22.0
2022,1,11380632,신사2동,82,4.0,,,,5.0,,3.0,1.0,1.0,,,,,,,,,1.0,35.0
2022,1,11380640,증산동,83,3.0,,,,8.0,1.0,1.0,2.0,,,,2.0,,,,,,1.0,16.0
2022,1,11380650,수색동,60,5.0,2.0,,,5.0,1.0,1.0,,,,,2.0,,,,,,1.0,22.0
2022,1,11380690,진관동,242,6.0,6.0,,,22.0,6.0,6.0,2.0,4.0,,,,1.0,,,,,1.0,81.0
2022,1,11410520,천연동,127,4.0,1.0,,,4.0,,1.0,1.0,1.0,11.0,,,,1.0,,,,,44.0
2022,1,11410555,북아현동,76,2.0,2.0,,1.0,7.0,1.0,1.0,,1.0,,,,,,,,,,17.0
2022,1,11410565,충현동,184,9.0,8.0,,,7.0,1.0,3.0,1.0,2.0,24.0,,,,,,,,3.0,58.0
2022,1,11410585,신촌동,368,6.0,10.0,1.0,,22.0,1.0,3.0,1.0,1.0,109.0,1.0,,4.0,3.0,,,,2.0,60.0
2022,1,11410615,연희동,201,7.0,7.0,,1.0,16.0,,1.0,3.0,1.0,13.0,,,1.0,1.0,,,,,70.0
2022,1,11410620,홍제1동,135,3.0,2.0,,,10.0,2.0,2.0,,,1.0,,,,1.0,,,,1.0,40.0
2022,1,11410640,홍제3동,129,3.0,3.0,,2.0,14.0,1.0,2.0,1.0,,3.0,,4.0,,6.0,,,,1.0,46.0
2022,1,11410655,홍제2동,56,1.0,,,,6.0,3.0,,,,,,,,1.0,,,,,15.0
2022,1,11410660,홍은1동,86,3.0,,,,7.0,1.0,1.0,,,,,,,1.0,,,,,32.0
2022,1,11410685,홍은2동,161,4.0,2.0,1.0,,8.0,,2.0,3.0,1.0,12.0,,,,,,,,,83.0
2022,1,11410690,남가좌1동,94,2.0,3.0,,1.0,9.0,,1.0,,,,,1.0,,1.0,,,,1.0,20.0
2022,1,11410700,남가좌2동,117,4.0,4.0,,,12.0,4.0,1.0,1.0,,8.0,,,,,,,,,24.0
2022,1,11410710,북가좌1동,60,1.0,2.0,,,5.0,2.0,1.0,1.0,1.0,,,,,,,,,,13.0
2022,1,11410720,북가좌2동,115,3.0,3.0,,,12.0,2.0,,,,,,,,,,,,,39.0
2022,1,11440555,아현동,145,5.0,8.0,,,16.0,1.0,1.0,1.0,1.0,,,,,1.0,,,,2.0,23.0
2022,1,11440565,공덕동,172,7.0,9.0,,,21.0,1.0,3.0,,,,,2.0,,,,,,4.0,39.0
2022,1,11440585,도화동,144,4.0,7.0,,,15.0,2.0,1.0,,,,,,1.0,1.0,,,,1.0,38.0
2022,1,11440590,용강동,90,7.0,6.0,,1.0,10.0,2.0,1.0,,,,,,,,,,,1.0,24.0
2022,1,11440600,대흥동,209,5.0,5.0,,,18.0,,3.0,1.0,1.0,27.0,,,,3.0,,,,3.0,38.0
2022,1,11440610,염리동,52,3.0,1.0,,,3.0,1.0,1.0,2.0,3.0,,,,,2.0,,,,,10.0
2022,1,11440630,신수동,76,4.0,1.0,,1.0,5.0,1.0,1.0,1.0,1.0,,,,,,,,,,24.0
2022,1,11440655,서강동,156,6.0,4.0,,,7.0,1.0,1.0,,,20.0,,,,,,,,2.0,64.0
2022,1,11440660,서교동,358,13.0,22.0,,,31.0,1.0,1.0,,,2.0,,,5.0,3.0,,,,7.0,88.0
2022,1,11440680,합정동,109,4.0,3.0,,,10.0,1.0,1.0,1.0,,,,,,,,,,,32.0
2022,1,11440690,망원1동,95,2.0,2.0,,,11.0,,,,,,,,,1.0,,,,,23.0
2022,1,11440700,망원2동,83,4.0,1.0,,,6.0,1.0,2.0,,,,,,,,,,,,33.0
2022,1,11440710,연남동,52,2.0,1.0,,,2.0,1.0,,1.0,2.0,,,,,,,,,,23.0
2022,1,11440720,성산1동,86,4.0,2.0,,,5.0,1.0,2.0,2.0,1.0,1.0,,,,1.0,,,,,29.0
2022,1,11440730,성산2동,158,6.0,3.0,,,13.0,2.0,3.0,2.0,,,,1.0,1.0,,,,,2.0,47.0
2022,1,11440740,상암동,247,10.0,11.0,,,14.0,3.0,3.0,1.0,1.0,,,1.0,,,,,,4.0,104.0
2022,1,11470510,목1동,190,5.0,12.0,,1.0,21.0,1.0,1.0,1.0,1.0,2.0,,,2.0,,,,,2.0,29.0
2022,1,11470520,목2동,97,3.0,2.0,,1.0,13.0,3.0,1.0,,,,,,,1.0,,,,1.0,18.0
2022,1,11470530,목3동,96,3.0,4.0,,,11.0,1.0,,1.0,,,,,,,,,,,7.0
2022,1,11470540,목4동,84,3.0,3.0,,,9.0,1.0,1.0,1.0,1.0,,,,,,,,,,14.0
2022,1,11470550,목5동,143,8.0,9.0,1.0,,12.0,4.0,3.0,2.0,2.0,,,,,,,,,,52.0
2022,1,11470560,신월1동,71,3.0,3.0,,,12.0,1.0,,,,,,,,,,,,,9.0
2022,1,11470570,신월2동,65,3.0,1.0,,,6.0,1.0,2.0,2.0,,,,,,,,,,,12.0
2022,1,11470580,신월3동,70,2.0,1.0,,,7.0,1.0,1.0,2.0,3.0,,,,,,,,,,8.0
2022,1,11470590,신월4동,63,2.0,1.0,,,6.0,3.0,1.0,,,,,,,,,,,,11.0
2022,1,11470600,신월5동,54,3.0,,,1.0,3.0,2.0,1.0,2.0,,,,,,,,,,,12.0
2022,1,11470610,신월6동,47,1.0,2.0,,1.0,5.0,1.0,1.0,1.0,,,,,,,,,,,15.0
2022,1,11470611,신월7동,74,6.0,1.0,,,10.0,2.0,,1.0,,,,,,,,,,,21.0
2022,1,11470620,신정1동,94,7.0,3.0,,,9.0,2.0,2.0,1.0,,,,,,,,,,,26.0
2022,1,11470630,신정2동,71,3.0,1.0,,,7.0,1.0,2.0,1.0,,,,,,,,,,,20.0
2022,1,11470640,신정3동,203,4.0,1.0,,,15.0,1.0,3.0,1.0,4.0,,,,,,,,,1.0,81.0
2022,1,11470650,신정4동,161,3.0,8.0,1.0,1.0,16.0,3.0,2.0,,2.0,,,,,,,,,1.0,18.0
2022,1,11470670,신정6동,72,7.0,6.0,,,2.0,2.0,,1.0,1.0,,,,,,,,,,31.0
2022,1,11470680,신정7동,107,3.0,2.0,,,8.0,3.0,3.0,1.0,1.0,,,,,,,,,1.0,30.0
2022,1,11500510,염창동,147,5.0,3.0,,1.0,15.0,,2.0,2.0,,,,,,,,,,2.0,35.0
2022,1,11500520,등촌1동,95,1.0,5.0,,1.0,10.0,,1.0,,,,,,1.0,,,,,,20.0
2022,1,11500530,등촌2동,58,3.0,,,1.0,6.0,2.0,2.0,2.0,2.0,,,,,,,,,,8.0
2022,1,11500535,등촌3동,184,6.0,3.0,1.0,2.0,18.0,2.0,5.0,2.0,4.0,,,,1.0,,,,,,55.0
2022,1,11500540,화곡1동,226,3.0,2.0,,2.0,26.0,,2.0,1.0,,,,,1.0,,,,,2.0,27.0
2022,1,11500550,화곡2동,65,2.0,,,,3.0,2.0,1.0,,,,,,,,,,,,30.0
2022,1,11500560,화곡3동,87,4.0,3.0,,,8.0,2.0,,,,,,,,,,,,,12.0
2022,1,11500570,화곡4동,101,4.0,2.0,,,14.0,3.0,1.0,,2.0,,,,,,,,,,30.0
2022,1,11500590,화곡본동,145,3.0,,,1.0,11.0,1.0,2.0,,,,,,,,,,,,31.0
2022,1,11500591,화곡6동,118,7.0,5.0,,,8.0,2.0,1.0,,,9.0,,,,,,,,,29.0
2022,1,11500593,화곡8동,95,2.0,3.0,,,8.0,1.0,,,,,,,,,,,,1.0,33.0
2022,1,11500603,가양1동,279,5.0,13.0,,,20.0,3.0,1.0,1.0,1.0,,,,1.0,2.0,,,,5.0,69.0
2022,1,11500604,가양2동,75,4.0,3.0,,,7.0,3.0,1.0,1.0,1.0,,,,,,,,,1.0,14.0
2022,1,11500605,가양3동,52,3.0,,,,4.0,3.0,2.0,1.0,1.0,,,,,,,,,1.0,13.0
2022,1,11500611,발산1동,246,3.0,9.0,1.0,2.0,33.0,2.0,3.0,4.0,8.0,,,1.0,,,,,,,63.0
2022,1,11500615,우장산동,158,4.0,4.0,,3.0,12.0,3.0,2.0,,,5.0,,,,,,,,1.0,33.0
2022,1,11500620,공항동,176,6.0,7.0,1.0,,11.0,1.0,2.0,2.0,,4.0,,,,,21.0,,,2.0,39.0
2022,1,11500630,방화1동,200,2.0,3.0,,2.0,21.0,4.0,3.0,1.0,3.0,,,,,1.0,,,,1.0,46.0
2022,1,11500640,방화2동,124,4.0,,,,7.0,3.0,1.0,1.0,,,,2.0,1.0,,4.0,,,5.0,37.0
2022,1,11500641,방화3동,83,5.0,1.0,,,5.0,2.0,3.0,2.0,1.0,1.0,,,,,,,,1.0,22.0
2022,1,11530510,신도림동,168,5.0,4.0,,,12.0,2.0,1.0,1.0,1.0,1.0,,2.0,1.0,1.0,,,,3.0,43.0
2022,1,11530520,구로1동,88,4.0,1.0,,,5.0,3.0,1.0,1.0,1.0,,,4.0,,,,,,,25.0
2022,1,11530530,구로2동,197,6.0,12.0,1.0,1.0,21.0,1.0,1.0,,1.0,,,7.0,,16.0,,,,1.0,48.0
2022,1,11530540,구로3동,187,7.0,18.0,,,15.0,1.0,2.0,1.0,,,,,,5.0,,,,2.0,47.0
2022,1,11530550,구로4동,139,5.0,3.0,,,15.0,2.0,1.0,1.0,,,,1.0,,19.0,,,,,13.0
2022,1,11530560,구로5동,167,5.0,4.0,,2.0,18.0,,3.0,1.0,1.0,2.0,1.0,,3.0,,,,,1.0,49.0
2022,1,11530595,가리봉동,74,,,,,6.0,,1.0,,1.0,,,,,23.0,,,,,8.0
2022,1,11530720,고척1동,135,5.0,4.0,1.0,1.0,9.0,,3.0,1.0,1.0,12.0,,8.0,,4.0,,,,,31.0
2022,1,11530730,고척2동,128,5.0,2.0,,1.0,11.0,,2.0,1.0,1.0,,,,,,,,,,40.0
2022,1,11530740,개봉1동,163,5.0,3.0,,1.0,11.0,2.0,1.0,2.0,,4.0,,1.0,,,,,,1.0,57.0
2022,1,11530750,개봉2동,116,3.0,3.0,,,10.0,2.0,,,,,,1.0,1.0,,,,,,26.0
2022,1,11530760,개봉3동,81,3.0,2.0,,,9.0,1.0,3.0,1.0,,,,1.0,1.0,,,,,,23.0
2022,1,11530770,오류1동,122,5.0,4.0,,,11.0,3.0,1.0,,,,,,,,,,,1.0,22.0
2022,1,11530780,오류2동,209,3.0,1.0,,1.0,9.0,6.0,3.0,2.0,1.0,,,,,,,,,1.0,86.0
2022,1,11530790,수궁동,154,3.0,1.0,,,5.0,2.0,1.0,1.0,6.0,,,1.0,,,,,,3.0,69.0
2022,1,11530800,항동,64,1.0,,,,2.0,1.0,1.0,,,10.0,,,,,,,,,37.0
2022,1,11545510,가산동,304,10.0,25.0,,1.0,21.0,2.0,,,,,,,1.0,17.0,,,,3.0,111.0
2022,1,11545610,독산1동,217,3.0,6.0,,2.0,17.0,2.0,4.0,3.0,,,,,1.0,3.0,,,,,74.0
2022,1,11545620,독산2동,73,2.0,1.0,,,8.0,,2.0,,,1.0,,,,,,,,,11.0
2022,1,11545630,독산3동,119,4.0,4.0,,,14.0,2.0,2.0,2.0,1.0,,,1.0,,,,,,,29.0
2022,1,11545640,독산4동,64,5.0,2.0,,1.0,4.0,,1.0,,,,,,,,,,,,16.0
2022,1,11545670,시흥1동,223,9.0,7.0,1.0,2.0,25.0,2.0,3.0,1.0,1.0,,,,,3.0,,,,1.0,52.0
2022,1,11545680,시흥2동,76,2.0,,,,3.0,2.0,3.0,1.0,2.0,,,,,,,,,,30.0
2022,1,11545690,시흥3동,66,3.0,3.0,,,5.0,,1.0,1.0,1.0,,,,,1.0,,,,,21.0
2022,1,11545700,시흥4동,72,1.0,1.0,,,6.0,,1.0,1.0,,,,,,,,,,,27.0
2022,1,11545710,시흥5동,106,3.0,,,,16.0,2.0,3.0,,,,,,,,,,,,37.0
2022,1,11560515,영등포본동,94,4.0,,,,10.0,2.0,2.0,1.0,2.0,,,,1.0,2.0,,,,1.0,23.0
2022,1,11560535,영등포동,325,10.0,17.0,2.0,2.0,37.0,,1.0,,,1.0,,,1.0,16.0,,,,1.0,41.0
2022,1,11560540,여의동,399,23.0,70.0,1.0,,44.0,,2.0,2.0,2.0,,,,1.0,,,,,5.0,61.0
2022,1,11560550,당산1동,131,6.0,5.0,,1.0,8.0,1.0,,,,,,,,12.0,,,,2.0,23.0
2022,1,11560560,당산2동,192,6.0,4.0,,,20.0,3.0,2.0,2.0,,,,,,,,,,2.0,46.0
2022,1,11560585,도림동,66,2.0,,,,6.0,2.0,,,,,,,,,,,,,28.0
2022,1,11560605,문래동,185,8.0,9.0,,,17.0,,3.0,2.0,,,,,,2.0,,,,1.0,56.0
2022,1,11560610,양평1동,87,5.0,3.0,,1.0,6.0,,1.0,,1.0,,,,,1.0,,,,1.0,22.0
2022,1,11560620,양평2동,131,8.0,6.0,,,7.0,1.0,2.0,1.0,2.0,,,,,3.0,,,,1.0,35.0
2022,1,11560630,신길1동,85,1.0,2.0,1.0,1.0,13.0,,1.0,,,,,,,4.0,,,,2.0,25.0
2022,1,11560650,신길3동,102,3.0,5.0,,1.0,12.0,3.0,1.0,,,,,,,2.0,,,,,32.0
2022,1,11560660,신길4동,43,1.0,1.0,,,2.0,2.0,1.0,,,,,,,,,,,,13.0
2022,1,11560670,신길5동,66,3.0,,,,,1.0,1.0,1.0,1.0,,,,,5.0,,,,,31.0
2022,1,11560680,신길6동,123,4.0,1.0,,1.0,14.0,1.0,1.0,,1.0,,,1.0,,2.0,,,,1.0,29.0
2022,1,11560690,신길7동,78,5.0,1.0,,,7.0,1.0,1.0,,,,,,,1.0,,,,1.0,32.0
2022,1,11560700,대림1동,81,2.0,4.0,2.0,,18.0,,1.0,1.0,,,,2.0,,3.0,,,,,16.0
2022,1,11560710,대림2동,86,4.0,2.0,1.0,,16.0,,2.0,,,1.0,,,,1.0,,,,,13.0
2022,1,11560720,대림3동,126,2.0,7.0,,1.0,11.0,3.0,2.0,1.0,,2.0,,1.0,,,,,,2.0,46.0
2022,1,11590510,노량진1동,180,5.0,4.0,,,14.0,2.0,3.0,1.0,,1.0,,,,2.0,,,,3.0,57.0
2022,1,11590520,노량진2동,72,5.0,4.0,,1.0,14.0,1.0,,,,,,,,1.0,,,,,14.0
2022,1,11590530,상도1동,201,5.0,4.0,,1.0,16.0,2.0,2.0,1.0,,23.0,,,,,,,,2.0,47.0
2022,1,11590540,상도2동,154,6.0,3.0,,,16.0,1.0,1.0,1.0,,,,1.0,,1.0,,,,1.0,41.0
2022,1,11590550,상도3동,113,2.0,2.0,,,11.0,,,1.0,,,,1.0,,,,,,,36.0
2022,1,11590560,상도4동,112,3.0,1.0,,1.0,11.0,4.0,1.0,1.0,,,,,1.0,,,,,,36.0
2022,1,11590605,흑석동,195,6.0,6.0,1.0,,24.0,5.0,3.0,2.0,,16.0,,,,1.0,,,,1.0,50.0
2022,1,11590620,사당1동,126,4.0,6.0,,2.0,12.0,1.0,1.0,,,1.0,,,1.0,1.0,,,,2.0,13.0
2022,1,11590630,사당2동,179,3.0,2.0,,,14.0,,1.0,1.0,2.0,,,,,2.0,,,,4.0,36.0
2022,1,11590640,사당3동,88,3.0,1.0,,,5.0,,2.0,1.0,,3.0,,1.0,,,,,,1.0,30.0
2022,1,11590650,사당4동,62,2.0,1.0,,,6.0,,,1.0,,,,1.0,,,,,,,4.0
2022,1,11590651,사당5동,61,4.0,,,,3.0,1.0,2.0,1.0,1.0,,,,,,,,,,28.0
2022,1,11590660,대방동,199,5.0,5.0,,,16.0,3.0,3.0,4.0,4.0,,,,,,,,,2.0,61.0
2022,1,11590670,신대방1동,83,3.0,1.0,,,10.0,3.0,1.0,1.0,,1.0,,,,,,,,1.0,15.0
2022,1,11590680,신대방2동,109,7.0,7.0,1.0,,16.0,,1.0,1.0,1.0,,,,,,,,,,29.0
2022,1,11620525,보라매동,83,1.0,1.0,,,5.0,,1.0,1.0,1.0,,,,,,,,,,25.0
2022,1,11620545,청림동,50,2.0,,,,4.0,2.0,,,,,,,,2.0,,,,,7.0
2022,1,11620565,성현동,104,4.0,,,,6.0,3.0,2.0,1.0,1.0,,,,,,,,,,38.0
2022,1,11620575,행운동,111,3.0,3.0,1.0,2.0,12.0,1.0,2.0,2.0,1.0,,,,,,,,,,15.0
2022,1,11620585,낙성대동,148,2.0,3.0,,,10.0,,1.0,,,37.0,,,,2.0,,,,,37.0
2022,1,11620595,청룡동,147,5.0,6.0,,1.0,23.0,,2.0,2.0,3.0,,,1.0,1.0,1.0,,,,1.0,15.0
2022,1,11620605,은천동,123,6.0,,,,9.0,3.0,1.0,,1.0,,,,,,,,,,43.0
2022,1,11620615,중앙동,83,1.0,3.0,,1.0,14.0,,1.0,,,,,,,,,,,1.0,12.0
2022,1,11620625,인헌동,105,2.0,5.0,,,14.0,1.0,,1.0,1.0,,,2.0,,,,,,1.0,23.0
2022,1,11620630,남현동,70,3.0,1.0,,,6.0,1.0,1.0,,,1.0,,,,,,,,,6.0
2022,1,11620645,서원동,94,3.0,1.0,1.0,1.0,9.0,,,1.0,,,,,1.0,,,,,,27.0
2022,1,11620655,신원동,54,6.0,1.0,,,7.0,,1.0,,,1.0,,,,,,,,,10.0
2022,1,11620665,서림동,74,2.0,,,,5.0,1.0,1.0,1.0,,,,,,,,,,,34.0
2022,1,11620685,신사동,79,3.0,2.0,,1.0,10.0,1.0,1.0,,,1.0,,1.0,,,,,,,21.0
2022,1,11620695,신림동,168,2.0,3.0,,,17.0,,,,,,,,,4.0,,,,1.0,16.0
2022,1,11620715,난향동,68,1.0,,,,5.0,,1.0,,,,,,,,,,,,34.0
2022,1,11620725,조원동,96,3.0,1.0,,1.0,12.0,,1.0,,,,,1.0,,,,,,,30.0
2022,1,11620735,대학동,283,5.0,6.0,,,11.0,,1.0,1.0,2.0,140.0,,,,,,,,,73.0
2022,1,11620745,삼성동,94,3.0,,,,7.0,,2.0,,1.0,,,,,3.0,,,,,44.0
2022,1,11620765,미성동,126,3.0,3.0,,1.0,11.0,1.0,2.0,2.0,2.0,,,,,1.0,,,,,44.0
2022,1,11620775,난곡동,95,2.0,1.0,,,11.0,2.0,1.0,2.0,1.0,,,1.0,,,,,,,28.0
2022,1,11650510,서초1동,194,4.0,10.0,,1.0,14.0,,2.0,,,13.0,,,,,,,,2.0,38.0
2022,1,11650520,서초2동,217,8.0,26.0,,,24.0,,1.0,1.0,1.0,,,,,1.0,,,,2.0,47.0
2022,1,11650530,서초3동,332,25.0,30.0,,3.0,30.0,1.0,1.0,1.0,3.0,2.0,,,,,,,1.0,2.0,77.0
2022,1,11650531,서초4동,257,2.0,13.0,,1.0,31.0,2.0,2.0,1.0,,,,,1.0,,,,,,36.0
2022,1,11650540,잠원동,135,3.0,8.0,,,13.0,1.0,1.0,1.0,,,,,,,,,,2.0,23.0
2022,1,11650550,반포본동,33,1.0,3.0,,,2.0,,1.0,2.0,2.0,,,1.0,,,,,,1.0,5.0
2022,1,11650560,반포1동,140,6.0,6.0,,1.0,20.0,1.0,2.0,1.0,1.0,,,,,,,,,1.0,26.0
2022,1,11650570,반포2동,74,4.0,5.0,,,5.0,,2.0,1.0,,,,1.0,,,,,,1.0,25.0
2022,1,11650580,반포3동,109,3.0,7.0,,,11.0,,1.0,1.0,,,,,,,,,,,18.0
2022,1,11650581,반포4동,130,7.0,12.0,1.0,,12.0,,,1.0,,3.0,,,1.0,,,,,3.0,33.0
2022,1,11650590,방배본동,103,2.0,6.0,,,16.0,,1.0,,,,,1.0,,,,,,,25.0
2022,1,11650600,방배1동,102,3.0,4.0,,1.0,10.0,,1.0,,,3.0,,1.0,,,,,,1.0,19.0
2022,1,11650610,방배2동,114,4.0,2.0,,,3.0,,1.0,1.0,1.0,,,1.0,,1.0,,,,1.0,37.0
2022,1,11650620,방배3동,112,4.0,3.0,,2.0,6.0,,2.0,,1.0,7.0,,,,,,,,,50.0
2022,1,11650621,방배4동,156,3.0,10.0,,,11.0,,1.0,,1.0,4.0,,,,1.0,,,,1.0,31.0
2022,1,11650651,양재1동,263,12.0,11.0,,1.0,20.0,3.0,4.0,1.0,,1.0,,,,,,,,2.0,86.0
2022,1,11650652,양재2동,147,2.0,16.0,,,11.0,,1.0,2.0,1.0,,,1.0,,,,,,1.0,57.0
2022,1,11650660,내곡동,161,5.0,1.0,,1.0,2.0,2.0,1.0,,,3.0,,1.0,,,,,,1.0,85.0
2022,1,11680510,신사동,260,3.0,14.0,,,36.0,2.0,1.0,1.0,2.0,,1.0,,1.0,,,,,1.0,12.0
2022,1,11680521,논현1동,300,4.0,15.0,,4.0,42.0,,1.0,,,,,1.0,8.0,,,,,3.0,23.0
2022,1,11680531,논현2동,240,8.0,16.0,,5.0,29.0,1.0,1.0,1.0,,4.0,,,2.0,,,,,1.0,33.0
2022,1,11680545,압구정동,313,4.0,25.0,,5.0,30.0,1.0,1.0,2.0,2.0,,2.0,1.0,3.0,,,,,2.0,18.0
2022,1,11680565,청담동,288,11.0,19.0,,4.0,27.0,2.0,2.0,1.0,1.0,1.0,,,,,,,,3.0,23.0
2022,1,11680580,삼성1동,199,6.0,26.0,,3.0,13.0,1.0,1.0,1.0,1.0,,1.0,,1.0,,,,,3.0,38.0
2022,1,11680590,삼성2동,177,10.0,11.0,,,11.0,,1.0,1.0,,1.0,,,,,,,,4.0,28.0
2022,1,11680600,대치1동,130,4.0,11.0,,,13.0,1.0,1.0,1.0,2.0,1.0,,,,,,,,,24.0
2022,1,11680610,대치2동,210,6.0,26.0,,2.0,20.0,,2.0,1.0,1.0,,,,,,,,,2.0,39.0
2022,1,11680630,대치4동,159,4.0,12.0,1.0,1.0,18.0,,1.0,,,1.0,1.0,,,,,,,,14.0
2022,1,11680640,역삼1동,542,15.0,49.0,1.0,3.0,64.0,1.0,1.0,,,,,,3.0,1.0,,,,1.0,44.0
2022,1,11680650,역삼2동,195,3.0,14.0,,2.0,25.0,,1.0,2.0,1.0,1.0,,,,,,,,,31.0
2022,1,11680655,도곡1동,142,4.0,9.0,1.0,4.0,20.0,2.0,1.0,2.0,1.0,,,,,,,,,1.0,27.0
2022,1,11680656,도곡2동,118,7.0,23.0,,,10.0,2.0,1.0,1.0,2.0,,,,,,,,,3.0,25.0
2022,1,11680660,개포1동,38,1.0,1.0,,,1.0,,1.0,2.0,,,,,,,,,,,29.0
2022,1,11680670,개포2동,135,3.0,3.0,,,9.0,5.0,4.0,1.0,3.0,,,,,,,,,3.0,50.0
2022,1,11680690,개포4동,115,3.0,4.0,,,7.0,,2.0,1.0,1.0,,,,,,,,,,49.0
2022,1,11680700,세곡동,191,4.0,1.0,,,9.0,3.0,4.0,1.0,1.0,,,,,,,,,,95.0
2022,1,11680720,일원본동,103,2.0,6.0,1.0,,15.0,2.0,2.0,1.0,2.0,,,,,,,,,1.0,32.0
2022,1,11680730,일원1동,74,4.0,1.0,,,11.0,1.0,2.0,,1.0,,,,,,,,,,18.0
2022,1,11680740,일원2동,66,3.0,3.0,,,6.0,2.0,1.0,1.0,,,,,,,,,,1.0,13.0
2022,1,11680750,수서동,89,3.0,3.0,,,11.0,2.0,1.0,1.0,2.0,,,,,,,,,2.0,23.0
2022,1,11710510,풍납1동,48,3.0,,,1.0,6.0,1.0,1.0,,,,,,,,,,,,6.0
2022,1,11710520,풍납2동,125,5.0,5.0,1.0,,26.0,2.0,2.0,3.0,1.0,3.0,,,,,,,,1.0,24.0
2022,1,11710531,거여1동,48,2.0,,,,2.0,,1.0,,1.0,,,,,1.0,,,,1.0,6.0
2022,1,11710532,거여2동,78,3.0,3.0,,1.0,12.0,1.0,1.0,1.0,,,,,,,,,,,11.0
2022,1,11710540,마천1동,73,4.0,1.0,,,8.0,1.0,1.0,,,,,,,1.0,,,,1.0,15.0
2022,1,11710550,마천2동,93,3.0,2.0,,,14.0,,1.0,,,,,,,,,,,,12.0
2022,1,11710561,방이1동,73,2.0,1.0,,,10.0,2.0,2.0,1.0,1.0,,,,,,,,,1.0,11.0
2022,1,11710562,방이2동,164,3.0,5.0,,,18.0,,1.0,1.0,,,,,,,,,,1.0,13.0
2022,1,11710566,오륜동,74,4.0,6.0,,,6.0,1.0,2.0,2.0,3.0,11.0,,,,,,,,3.0,15.0
2022,1,11710570,오금동,134,5.0,5.0,,,13.0,3.0,3.0,4.0,2.0,,,,,,,,,3.0,27.0
2022,1,11710580,송파1동,102,2.0,4.0,,3.0,14.0,1.0,1.0,,,,,,,,,,,2.0,13.0
2022,1,11710590,송파2동,79,3.0,1.0,,,11.0,3.0,1.0,2.0,3.0,,,,,,,,,,7.0
2022,1,11710600,석촌동,159,3.0,7.0,,2.0,27.0,3.0,2.0,,,,,,,,,,,,20.0
2022,1,11710610,삼전동,118,4.0,2.0,,,14.0,3.0,1.0,1.0,1.0,,,,,1.0,,,,1.0,12.0
2022,1,11710620,가락본동,144,5.0,9.0,1.0,5.0,21.0,1.0,2.0,2.0,,,,,,,,,,,21.0
2022,1,11710631,가락1동,82,2.0,8.0,,,13.0,1.0,1.0,1.0,,,,1.0,,,,,,3.0,16.0
2022,1,11710632,가락2동,143,3.0,6.0,,,17.0,4.0,2.0,1.0,,,,,,,,,,1.0,22.0
2022,1,11710641,문정1동,70,3.0,1.0,,,5.0,1.0,1.0,1.0,,,,,,,,,,,19.0
2022,1,11710642,문정2동,149,10.0,12.0,,1.0,22.0,,1.0,,,,,,2.0,,,,,3.0,14.0
2022,1,11710646,장지동,136,4.0,3.0,,,10.0,1.0,2.0,1.0,3.0,,,,1.0,,,,,1.0,41.0
2022,1,11710647,위례동,84,3.0,1.0,,,5.0,2.0,2.0,1.0,,,,,,,,,,,32.0
2022,1,11710650,잠실본동,192,5.0,9.0,,1.0,24.0,,1.0,,,,,,,,,,,1.0,12.0
2022,1,11710670,잠실2동,91,4.0,6.0,,,14.0,1.0,2.0,2.0,2.0,,,,,,,,,1.0,5.0
2022,1,11710680,잠실3동,103,5.0,9.0,,,11.0,1.0,3.0,,1.0,,,,,,,,,,16.0
2022,1,11710690,잠실4동,74,3.0,3.0,,,10.0,1.0,2.0,,1.0,,,,,,,,,2.0,7.0
2022,1,11710710,잠실6동,144,4.0,17.0,,1.0,23.0,,1.0,1.0,,,,,1.0,,,,,2.0,13.0
2022,1,11710720,잠실7동,30,2.0,4.0,,,4.0,,1.0,2.0,1.0,,,,,,,,,2.0,3.0
2022,1,11740515,강일동,187,5.0,3.0,,,12.0,2.0,2.0,2.0,1.0,,,,,,,,,3.0,79.0
2022,1,11740520,상일동,105,4.0,2.0,1.0,,8.0,4.0,2.0,2.0,5.0,,,,,,,,,,37.0
2022,1,11740530,명일1동,151,5.0,6.0,,2.0,17.0,,1.0,,,,,,,,,,,1.0,22.0
2022,1,11740540,명일2동,107,3.0,6.0,,,18.0,4.0,2.0,,1.0,,,,,,,,,,18.0
2022,1,11740550,고덕1동,92,3.0,,,,4.0,1.0,2.0,1.0,1.0,,,,,,,,,1.0,26.0
2022,1,11740560,고덕2동,78,3.0,1.0,,,9.0,1.0,2.0,1.0,2.0,,,,,,,,,1.0,25.0
2022,1,11740570,암사1동,90,2.0,1.0,,,8.0,1.0,1.0,,,1.0,,1.0,,,,,,,13.0
2022,1,11740580,암사2동,61,1.0,3.0,,,6.0,1.0,2.0,,,,,,,,,,,1.0,6.0
2022,1,11740590,암사3동,50,2.0,1.0,,,5.0,1.0,,2.0,1.0,,,,,,,,,,12.0
2022,1,11740600,천호1동,92,4.0,1.0,,,11.0,,1.0,1.0,1.0,1.0,,,1.0,,,,,1.0,11.0
2022,1,11740610,천호2동,203,4.0,3.0,,1.0,26.0,1.0,1.0,1.0,,,,,,3.0,,,,,22.0
2022,1,11740620,천호3동,115,4.0,3.0,,2.0,14.0,,,1.0,,,,,,1.0,,,,,11.0
2022,1,11740640,성내1동,98,6.0,4.0,,2.0,9.0,1.0,2.0,1.0,,1.0,,,1.0,,,,,,20.0
2022,1,11740650,성내2동,113,2.0,3.0,,4.0,14.0,,,,,,,,1.0,,,,,3.0,16.0
2022,1,11740660,성내3동,136,4.0,5.0,,,13.0,2.0,,,,2.0,,,,,,,,1.0,13.0
2022,1,11740685,길동,242,6.0,10.0,1.0,4.0,34.0,4.0,3.0,1.0,,1.0,,,,,,,,1.0,36.0
2022,1,11740690,둔촌1동,14,,,,,,,2.0,,1.0,,,,,,,,,1.0,6.0
2022,1,11740700,둔촌2동,129,5.0,4.0,1.0,,17.0,2.0,1.0,2.0,1.0,,,,,,,,,1.0,32.0
2022,2,11110515,청운효자동,93,6.0,3.0,,,4.0,1.0,1.0,2.0,2.0,8.0,,,,,,,,,26.0
2022,2,11110530,사직동,206,18.0,24.0,,,15.0,,1.0,,1.0,1.0,,,3.0,,,,,2.0,34.0
2022,2,11110540,삼청동,49,10.0,4.0,,1.0,1.0,,,1.0,1.0,2.0,,,,,,,,,16.0
2022,2,11110550,부암동,84,4.0,2.0,,,1.0,1.0,2.0,1.0,1.0,14.0,,,,,,,,,38.0
2022,2,11110560,평창동,162,6.0,2.0,,1.0,5.0,1.0,,,1.0,2.0,,,,,,,,,91.0
2022,2,11110570,무악동,42,2.0,1.0,1.0,,4.0,1.0,1.0,,,,,,,,,,,1.0,7.0
2022,2,11110580,교남동,78,4.0,3.0,2.0,,17.0,,,,1.0,1.0,,,,,,,,,26.0
2022,2,11110600,가회동,63,5.0,3.0,,,1.0,1.0,1.0,1.0,2.0,1.0,,,,,,,,,22.0
2022,2,11110615,종로1?2?3?4가동,500,19.0,35.0,,,47.0,1.0,2.0,,,4.0,,1.0,5.0,17.0,,,,5.0,72.0
2022,2,11110630,종로5?6가동,212,7.0,8.0,,,31.0,,1.0,,,1.0,,4.0,,3.0,,,,1.0,23.0
2022,2,11110640,이화동,119,4.0,4.0,1.0,,11.0,,,2.0,,37.0,,,,,,,,1.0,28.0
2022,2,11110650,혜화동,145,6.0,5.0,,,16.0,3.0,1.0,1.0,4.0,26.0,,,1.0,,,,,,36.0
2022,2,11110670,창신1동,111,3.0,4.0,,,9.0,,2.0,,,,,1.0,,7.0,,,,2.0,11.0
2022,2,11110680,창신2동,38,2.0,1.0,,,5.0,,,,,,,,,,,,,,
2022,2,11110690,창신3동,24,3.0,,,,1.0,,1.0,,1.0,,,,,,,,,1.0,5.0
2022,2,11110700,숭인1동,43,3.0,1.0,,,3.0,1.0,,,,,,,,,,,,,14.0
2022,2,11110710,숭인2동,89,4.0,3.0,,1.0,4.0,,,,,,,2.0,,3.0,,,,2.0,6.0
2022,2,11140520,소공동,231,13.0,29.0,,,10.0,,1.0,4.0,3.0,,1.0,,3.0,3.0,,,,3.0,37.0
2022,2,11140540,회현동,211,9.0,17.0,,,16.0,1.0,,,,2.0,,2.0,1.0,2.0,,,,6.0,35.0
2022,2,11140550,명동,542,20.0,46.0,,,35.0,,1.0,,,4.0,,,3.0,12.0,,,,1.0,29.0
2022,2,11140570,필동,123,6.0,9.0,1.0,,7.0,,2.0,,1.0,19.0,,,2.0,1.0,,,,2.0,15.0
2022,2,11140580,장충동,63,6.0,2.0,,,1.0,,1.0,,,3.0,,,1.0,2.0,,,,1.0,13.0
2022,2,11140590,광희동,185,3.0,16.0,1.0,,14.0,,,1.0,,,,1.0,3.0,11.0,,,,3.0,19.0
2022,2,11140605,을지로동,145,5.0,10.0,,,13.0,,,,,,,1.0,2.0,3.0,,,,4.0,20.0
2022,2,11140615,신당동,99,7.0,5.0,,1.0,12.0,,1.0,1.0,3.0,,,3.0,,1.0,,,,2.0,8.0
2022,2,11140625,다산동,86,3.0,4.0,,1.0,9.0,,1.0,1.0,1.0,,,,,1.0,,,,1.0,7.0
2022,2,11140635,약수동,87,4.0,2.0,,1.0,12.0,2.0,,,,,,,,,,,,2.0,12.0
2022,2,11140645,청구동,34,2.0,,,,3.0,1.0,2.0,1.0,1.0,,,,,,,,,,5.0
2022,2,11140650,신당5동,65,4.0,2.0,,,5.0,,1.0,,2.0,,,,,,,,,,12.0
2022,2,11140665,동화동,47,3.0,1.0,,,5.0,,1.0,1.0,,,,,,,,,,2.0,4.0
2022,2,11140670,황학동,76,1.0,6.0,,,10.0,,,,,,,,,7.0,,,,,6.0
2022,2,11140680,중림동,77,3.0,2.0,,,7.0,,1.0,,2.0,1.0,,,,5.0,,,,,14.0
2022,2,11170510,후암동,80,6.0,1.0,,,7.0,1.0,2.0,,1.0,,,2.0,,,,,,,18.0
2022,2,11170520,용산2가동,63,3.0,,,,4.0,,1.0,2.0,2.0,,,,,,,,,1.0,29.0
2022,2,11170530,남영동,147,7.0,5.0,,,14.0,,,1.0,,,,,,12.0,,,,3.0,26.0
2022,2,11170555,청파동,128,7.0,2.0,,1.0,11.0,,2.0,2.0,4.0,22.0,,1.0,,1.0,,,,,35.0
2022,2,11170560,원효로1동,94,6.0,3.0,,,6.0,1.0,1.0,,,3.0,,4.0,,,,,,,31.0
2022,2,11170570,원효로2동,69,4.0,2.0,,,4.0,2.0,1.0,1.0,1.0,,,2.0,,,,,,,27.0
2022,2,11170580,효창동,66,1.0,1.0,,,5.0,,1.0,,1.0,1.0,,,,,,,,2.0,22.0
2022,2,11170590,용문동,54,1.0,,,,3.0,,,,,,,,,,,,,,22.0
2022,2,11170625,한강로동,242,19.0,19.0,,,21.0,,2.0,,1.0,,,5.0,3.0,2.0,,,,7.0,41.0
2022,2,11170630,이촌1동,102,4.0,9.0,,1.0,12.0,2.0,1.0,1.0,1.0,,,1.0,,,,,,,14.0
2022,2,11170640,이촌2동,26,2.0,,,,1.0,,,,,,,,,,,,,,11.0
2022,2,11170650,이태원1동,71,8.0,5.0,,,3.0,,1.0,,,,,3.0,,,,,,1.0,14.0
2022,2,11170660,이태원2동,60,8.0,5.0,,,3.0,1.0,1.0,,1.0,,,,,,,,,,22.0
2022,2,11170685,한남동,171,30.0,11.0,1.0,,13.0,3.0,1.0,,,,,3.0,,,,,,2.0,36.0
2022,2,11170690,서빙고동,61,15.0,1.0,,,1.0,,1.0,1.0,,,,,,,,,,1.0,21.0
2022,2,11170700,보광동,70,4.0,1.0,,,8.0,1.0,,1.0,1.0,6.0,,,,,,,,,14.0
2022,2,11200520,왕십리2동,63,2.0,,,,5.0,1.0,1.0,,,,,,,,,,,1.0,18.0
2022,2,11200535,왕십리도선동,189,4.0,4.0,,2.0,20.0,2.0,2.0,,2.0,,,,,,,,,,26.0
2022,2,11200540,마장동,111,6.0,5.0,,,8.0,2.0,2.0,2.0,,,,,,,,,,1.0,29.0
2022,2,11200550,사근동,128,5.0,3.0,1.0,,10.0,,2.0,1.0,2.0,52.0,,1.0,,,,,,2.0,34.0
2022,2,11200560,행당1동,130,9.0,4.0,,2.0,13.0,1.0,1.0,,,,,1.0,1.0,,,,,4.0,30.0
2022,2,11200570,행당2동,79,2.0,2.0,,,4.0,1.0,1.0,1.0,1.0,,,,,,,,,1.0,24.0
2022,2,11200580,응봉동,56,3.0,,,,2.0,,1.0,1.0,,,,,,,,,,1.0,30.0
2022,2,11200590,금호1가동,88,2.0,,,,6.0,1.0,1.0,,1.0,,,,,,,,,1.0,45.0
2022,2,11200615,금호2?3가동,135,3.0,2.0,,,13.0,,1.0,,,,,,,,,,,,46.0
2022,2,11200620,금호4가동,84,3.0,3.0,,,6.0,1.0,2.0,,,,,,,,,,,1.0,27.0
2022,2,11200645,옥수동,129,4.0,2.0,,,10.0,2.0,2.0,1.0,1.0,,,,,,,,,2.0,45.0
2022,2,11200650,성수1가1동,83,4.0,2.0,,,4.0,1.0,2.0,1.0,1.0,,,,1.0,,,,,1.0,33.0
2022,2,11200660,성수1가2동,79,3.0,6.0,,,6.0,,,1.0,1.0,1.0,,,,,,,,1.0,12.0
2022,2,11200670,성수2가1동,109,3.0,3.0,,,13.0,,1.0,2.0,1.0,,,2.0,,1.0,,,,,38.0
2022,2,11200690,성수2가3동,104,3.0,16.0,,,11.0,,2.0,,,,,,1.0,,,,,1.0,20.0
2022,2,11200720,송정동,44,2.0,,,1.0,5.0,,1.0,,,,,,,,,,,,17.0
2022,2,11200790,용답동,82,7.0,2.0,,,8.0,,1.0,,,,,1.0,,,,,,2.0,11.0
2022,2,11215710,화양동,167,3.0,5.0,1.0,,17.0,,2.0,2.0,1.0,34.0,,,1.0,,,,,2.0,16.0
2022,2,11215730,군자동,135,5.0,5.0,,1.0,12.0,1.0,2.0,,,20.0,,,1.0,,,,,,23.0
2022,2,11215740,중곡1동,74,2.0,,,,10.0,1.0,,,,,,1.0,,,,,,,19.0
2022,2,11215750,중곡2동,104,2.0,4.0,,,14.0,1.0,1.0,,,,,,,,,,,2.0,21.0
2022,2,11215760,중곡3동,97,3.0,1.0,,1.0,9.0,,2.0,,,,,1.0,,,,,,1.0,29.0
2022,2,11215770,중곡4동,105,2.0,2.0,,,7.0,,1.0,1.0,2.0,,,,,,,,,,37.0
2022,2,11215780,능동,47,4.0,,,1.0,5.0,,1.0,,1.0,,,,,,,,,1.0,5.0
2022,2,11215810,광장동,139,5.0,9.0,,,9.0,3.0,3.0,3.0,1.0,11.0,,,,,,,,1.0,32.0
2022,2,11215820,자양1동,106,3.0,4.0,1.0,,14.0,1.0,1.0,,,2.0,,,,,,,,,17.0
2022,2,11215830,자양2동,95,2.0,1.0,,,8.0,2.0,4.0,2.0,1.0,,,1.0,,,,,,,21.0
2022,2,11215840,자양3동,105,2.0,6.0,,,8.0,2.0,2.0,1.0,1.0,1.0,1.0,,1.0,,,,,,30.0
2022,2,11215847,자양4동,106,5.0,2.0,,1.0,15.0,1.0,,1.0,,,,1.0,1.0,,,,,1.0,16.0
2022,2,11215850,구의1동,77,2.0,4.0,,,9.0,1.0,,1.0,1.0,,,,,,,,,1.0,16.0
2022,2,11215860,구의2동,112,3.0,2.0,,1.0,9.0,3.0,2.0,,,1.0,,,,,,,,1.0,24.0
2022,2,11215870,구의3동,133,5.0,4.0,,,16.0,2.0,1.0,,,,,1.0,1.0,,,,1.0,1.0,25.0
2022,2,11230536,용신동,231,10.0,8.0,1.0,4.0,20.0,1.0,1.0,1.0,1.0,,,1.0,,5.0,,,,5.0,41.0
2022,2,11230545,제기동,288,4.0,5.0,,1.0,22.0,2.0,2.0,2.0,1.0,1.0,,3.0,,14.0,,,,1.0,30.0
2022,2,11230560,전농1동,152,5.0,2.0,,1.0,13.0,3.0,1.0,1.0,1.0,,,,1.0,5.0,,,,3.0,35.0
2022,2,11230570,전농2동,102,2.0,2.0,,,12.0,3.0,3.0,2.0,1.0,27.0,,,,,,,,,15.0
2022,2,11230600,답십리1동,124,4.0,5.0,,,9.0,,2.0,1.0,,,,,,,,,,,25.0
2022,2,11230610,답십리2동,108,3.0,2.0,,2.0,13.0,3.0,1.0,,,,,3.0,,,,,,,19.0
2022,2,11230650,장안1동,192,5.0,11.0,,4.0,26.0,2.0,2.0,2.0,,,,,,,,,,1.0,43.0
2022,2,11230660,장안2동,168,3.0,2.0,,2.0,21.0,1.0,2.0,,1.0,1.0,,,1.0,1.0,,,,,38.0
2022,2,11230705,청량리동,154,9.0,4.0,1.0,,16.0,2.0,1.0,1.0,1.0,1.0,,,,2.0,,,,,34.0
2022,2,11230710,회기동,84,3.0,5.0,1.0,,10.0,1.0,3.0,1.0,1.0,14.0,,,,,,,,,10.0
2022,2,11230720,휘경1동,82,2.0,1.0,,,12.0,,,,,,,,,1.0,,,,3.0,18.0
2022,2,11230730,휘경2동,84,5.0,1.0,1.0,,5.0,1.0,2.0,3.0,3.0,4.0,,,,,,,,,27.0
2022,2,11230740,이문1동,147,5.0,2.0,,,13.0,3.0,,,2.0,30.0,,,,,,,,1.0,26.0
2022,2,11230750,이문2동,71,2.0,,,,6.0,1.0,1.0,,,2.0,,,,,,,,1.0,17.0
2022,2,11260520,면목2동,112,3.0,,,1.0,11.0,2.0,2.0,,,,,8.0,,1.0,,,,,25.0
2022,2,11260540,면목4동,61,2.0,,,,5.0,1.0,1.0,1.0,,,,,,,,,,1.0,15.0
2022,2,11260550,면목5동,42,2.0,1.0,,,3.0,,,,,,,4.0,,,,,,,13.0
2022,2,11260565,면목본동,168,4.0,2.0,,,18.0,1.0,2.0,,,,,13.0,,1.0,,,,1.0,30.0
2022,2,11260570,면목7동,108,2.0,2.0,,1.0,11.0,,1.0,,,,,1.0,,,,,,,18.0
2022,2,11260575,면목3?8동,150,4.0,1.0,1.0,,17.0,1.0,2.0,2.0,1.0,8.0,,,,1.0,,,,1.0,34.0
2022,2,11260580,상봉1동,78,3.0,1.0,,1.0,8.0,2.0,1.0,2.0,1.0,,,,,,,,,4.0,12.0
2022,2,11260590,상봉2동,127,4.0,3.0,,1.0,10.0,,,,,,,,2.0,2.0,,,1.0,1.0,18.0
2022,2,11260600,중화1동,79,2.0,1.0,,1.0,7.0,1.0,2.0,2.0,1.0,,,,,,,,,,14.0
2022,2,11260610,중화2동,123,2.0,3.0,,,14.0,,,,,,,2.0,,,,,,3.0,32.0
2022,2,11260620,묵1동,144,4.0,2.0,,2.0,11.0,2.0,1.0,2.0,2.0,,,,,,,,,,34.0
2022,2,11260630,묵2동,92,3.0,4.0,,,7.0,,2.0,,,,,,1.0,,,,,1.0,19.0
2022,2,11260655,망우본동,238,9.0,4.0,1.0,4.0,25.0,1.0,2.0,3.0,4.0,,,9.0,,2.0,,,,2.0,54.0
2022,2,11260660,망우3동,54,1.0,1.0,,1.0,3.0,,2.0,,1.0,,,3.0,,,,,,,11.0
2022,2,11260680,신내1동,160,3.0,2.0,1.0,,13.0,2.0,2.0,,,,,,,,,,,1.0,53.0
2022,2,11260690,신내2동,104,6.0,3.0,,,12.0,3.0,4.0,,,,,,,,,,,,21.0
2022,2,11290525,성북동,166,6.0,4.0,,,6.0,2.0,1.0,3.0,2.0,5.0,,,,,,,,,55.0
2022,2,11290555,삼선동,163,7.0,5.0,,,14.0,,1.0,1.0,2.0,14.0,,,,,,,,2.0,46.0
2022,2,11290575,동선동,146,1.0,4.0,,1.0,13.0,1.0,2.0,2.0,1.0,12.0,,,1.0,,,,,1.0,19.0
2022,2,11290580,돈암1동,42,1.0,,,,2.0,2.0,2.0,2.0,1.0,,,,,,,,,,15.0
2022,2,11290590,돈암2동,88,4.0,2.0,,,4.0,6.0,1.0,,,,,,1.0,,,,,,38.0
2022,2,11290600,안암동,167,4.0,6.0,1.0,1.0,10.0,,1.0,1.0,1.0,71.0,,,,,,,,1.0,35.0
2022,2,11290610,보문동,77,4.0,4.0,,,6.0,,2.0,,,,,,,1.0,,,,2.0,10.0
2022,2,11290620,정릉1동,63,2.0,,,,6.0,2.0,,,,1.0,,,,,,,,,19.0
2022,2,11290630,정릉2동,110,4.0,3.0,,,6.0,1.0,2.0,,,,,,,,,,,1.0,50.0
2022,2,11290640,정릉3동,124,4.0,1.0,,,2.0,,1.0,3.0,1.0,28.0,,,,,,,,,38.0
2022,2,11290650,정릉4동,133,7.0,3.0,,,12.0,2.0,1.0,,2.0,11.0,,,,,,,,1.0,40.0
2022,2,11290660,길음1동,129,3.0,4.0,,,10.0,2.0,3.0,1.0,1.0,,,1.0,,,,,,1.0,26.0
2022,2,11290685,길음2동,112,5.0,,,3.0,14.0,,,,,,,,,,,,,,23.0
2022,2,11290705,종암동,189,7.0,2.0,,1.0,17.0,3.0,2.0,2.0,1.0,2.0,,,,,,,,,56.0
2022,2,11290715,월곡1동,108,2.0,3.0,,,10.0,,2.0,1.0,1.0,,,,,1.0,,,,,30.0
2022,2,11290725,월곡2동,135,6.0,4.0,,,12.0,2.0,,1.0,,12.0,,,,,,,,2.0,34.0
2022,2,11290760,장위1동,103,4.0,1.0,,,8.0,6.0,1.0,1.0,,,,,,,,,,,37.0
2022,2,11290770,장위2동,89,3.0,2.0,,,11.0,1.0,3.0,,,,,,,,,,,1.0,27.0
2022,2,11290780,장위3동,82,1.0,,,,5.0,1.0,2.0,1.0,,1.0,,1.0,,,,,,,39.0
2022,2,11290810,석관동,154,6.0,3.0,,,16.0,2.0,2.0,1.0,1.0,,,1.0,,2.0,,,,2.0,32.0
2022,2,11305534,삼양동,165,4.0,1.0,,,14.0,3.0,2.0,,1.0,,,,,,,,,3.0,34.0
2022,2,11305535,미아동,144,3.0,3.0,,1.0,14.0,,,,1.0,4.0,,,,,,,,1.0,28.0
2022,2,11305545,송중동,212,4.0,1.0,,2.0,18.0,4.0,2.0,,1.0,2.0,1.0,,1.0,,,,,,69.0
2022,2,11305555,송천동,164,9.0,5.0,,1.0,17.0,,1.0,2.0,2.0,,,2.0,,,,,,1.0,24.0
2022,2,11305575,삼각산동,114,2.0,1.0,,,9.0,1.0,,1.0,1.0,1.0,,,,,,,,,36.0
2022,2,11305595,번1동,136,3.0,3.0,,1.0,14.0,1.0,1.0,1.0,,,,,1.0,,,,,,30.0
2022,2,11305603,번2동,110,5.0,,,,7.0,1.0,,1.0,,,,,,1.0,,,,,54.0
2022,2,11305608,번3동,95,3.0,1.0,,,8.0,,2.0,,,,,,,,,,,,37.0
2022,2,11305615,수유1동,153,4.0,2.0,,,12.0,,2.0,3.0,1.0,,,1.0,,,,,,1.0,40.0
2022,2,11305625,수유2동,85,3.0,,,,12.0,3.0,,,,,,,,,,,,1.0,15.0
2022,2,11305635,수유3동,158,4.0,6.0,,1.0,16.0,,,1.0,,,,,1.0,,,,,1.0,30.0
2022,2,11305645,우이동,132,2.0,,,,7.0,1.0,,1.0,,2.0,,,,,,,,3.0,54.0
2022,2,11305660,인수동,175,13.0,2.0,1.0,2.0,14.0,2.0,2.0,2.0,,5.0,,1.0,,,,,,,57.0
2022,2,11320511,창1동,94,3.0,2.0,,,7.0,1.0,1.0,2.0,1.0,,,,,,,,,1.0,28.0
2022,2,11320512,창2동,95,3.0,,,1.0,8.0,1.0,1.0,,,,,,,,,,,,44.0
2022,2,11320513,창3동,66,1.0,,,,7.0,1.0,2.0,,,,,1.0,,,,,,,25.0
2022,2,11320514,창4동,130,7.0,4.0,,,8.0,1.0,2.0,1.0,2.0,,,,,,,,,,51.0
2022,2,11320515,창5동,119,7.0,3.0,,3.0,12.0,1.0,3.0,,,,,,2.0,,,,,2.0,24.0
2022,2,11320521,도봉1동,122,4.0,1.0,,,9.0,2.0,2.0,1.0,1.0,2.0,,1.0,,,,,,,38.0
2022,2,11320522,도봉2동,127,8.0,3.0,,,7.0,1.0,1.0,1.0,1.0,1.0,,,,1.0,,,,3.0,49.0
2022,2,11320660,쌍문1동,126,6.0,1.0,,1.0,4.0,1.0,3.0,,1.0,17.0,,,,,,,,,54.0
2022,2,11320670,쌍문2동,87,3.0,1.0,,1.0,10.0,1.0,1.0,1.0,,,,,,2.0,,,,,19.0
2022,2,11320680,쌍문3동,78,3.0,3.0,1.0,,12.0,,,1.0,,,,,,1.0,,,,1.0,17.0
2022,2,11320681,쌍문4동,64,1.0,,,,4.0,5.0,2.0,2.0,3.0,,,,,,,,,,23.0
2022,2,11320690,방학1동,148,6.0,6.0,,2.0,15.0,2.0,1.0,1.0,1.0,,,,,,,,,1.0,39.0
2022,2,11320700,방학2동,64,3.0,,,,7.0,,1.0,1.0,,,,,,,,,,,23.0
2022,2,11320710,방학3동,112,3.0,3.0,,,6.0,3.0,3.0,1.0,,,,,,,,,,,47.0
2022,2,11350560,월계1동,159,4.0,2.0,,,10.0,2.0,1.0,1.0,1.0,17.0,,,,,,,,,59.0
2022,2,11350570,월계2동,136,4.0,,,,5.0,3.0,2.0,3.0,4.0,11.0,,,,,,,,1.0,64.0
2022,2,11350580,월계3동,135,5.0,3.0,,,8.0,4.0,3.0,1.0,,,,,,,,,,2.0,47.0
2022,2,11350595,공릉1동,211,4.0,6.0,,4.0,21.0,3.0,3.0,,,1.0,,1.0,,,,,,3.0,54.0
2022,2,11350600,공릉2동,271,7.0,6.0,1.0,,14.0,3.0,4.0,4.0,2.0,64.0,,1.0,,,,,,1.0,63.0
2022,2,11350611,하계1동,133,4.0,3.0,1.0,,9.0,1.0,1.0,2.0,4.0,16.0,,,,,,,,,41.0
2022,2,11350612,하계2동,67,2.0,1.0,,,4.0,2.0,2.0,1.0,,,,,,,,,,1.0,28.0
2022,2,11350619,중계본동,95,5.0,2.0,,,7.0,3.0,2.0,,3.0,,,,,,,,,,21.0
2022,2,11350621,중계1동,85,2.0,3.0,,,7.0,,2.0,1.0,2.0,,,,,,,,,,18.0
2022,2,11350624,중계4동,81,2.0,3.0,,,14.0,1.0,1.0,3.0,2.0,,,,,,,,,,6.0
2022,2,11350625,중계2?3동,142,7.0,2.0,,,10.0,4.0,4.0,1.0,3.0,,,,2.0,,,,,1.0,39.0
2022,2,11350630,상계1동,190,5.0,2.0,,,14.0,3.0,3.0,2.0,1.0,,,,1.0,,,,,1.0,38.0
2022,2,11350640,상계2동,182,2.0,1.0,,2.0,19.0,1.0,1.0,1.0,,,,,1.0,,,,,2.0,33.0
2022,2,11350665,상계3?4동,107,4.0,1.0,,,9.0,3.0,2.0,,,1.0,,,,2.0,,,,1.0,11.0
2022,2,11350670,상계5동,105,2.0,1.0,,,11.0,,1.0,,,,,,,3.0,,,,1.0,36.0
2022,2,11350695,상계6?7동,253,9.0,11.0,1.0,1.0,29.0,,3.0,2.0,1.0,4.0,,,1.0,,,,,,40.0
2022,2,11350700,상계8동,92,3.0,3.0,,,7.0,,,1.0,,,,,,,,,,1.0,15.0
2022,2,11350710,상계9동,78,3.0,4.0,,,6.0,1.0,3.0,2.0,2.0,,,,,,,,,,18.0
2022,2,11350720,상계10동,64,3.0,,,,1.0,1.0,2.0,1.0,1.0,,,,,,,,,,30.0
2022,2,11380510,녹번동,148,8.0,3.0,,2.0,12.0,1.0,3.0,,,,,1.0,1.0,,,,,2.0,35.0
2022,2,11380520,불광1동,198,6.0,4.0,,1.0,17.0,4.0,2.0,,,,,,1.0,,,,,3.0,49.0
2022,2,11380530,불광2동,113,6.0,1.0,,,5.0,,3.0,3.0,1.0,,,3.0,,,,,,,32.0
2022,2,11380551,갈현1동,133,2.0,2.0,1.0,,13.0,1.0,,,,,,,,,,,,2.0,48.0
2022,2,11380552,갈현2동,121,3.0,1.0,,1.0,15.0,5.0,2.0,1.0,5.0,,,,,,,,,1.0,34.0
2022,2,11380560,구산동,127,3.0,,,1.0,8.0,3.0,3.0,2.0,3.0,,,,,,,,,,38.0
2022,2,11380570,대조동,205,3.0,5.0,,1.0,24.0,,2.0,,2.0,,,,1.0,,,,,,32.0
2022,2,11380580,응암1동,133,5.0,5.0,,1.0,20.0,1.0,1.0,1.0,1.0,,,,,,,,,,27.0
2022,2,11380590,응암2동,91,3.0,1.0,,1.0,10.0,2.0,1.0,,,,,,,,,,,,37.0
2022,2,11380600,응암3동,138,3.0,3.0,,1.0,16.0,1.0,1.0,2.0,1.0,,,2.0,,,,,,,31.0
2022,2,11380625,역촌동,176,5.0,5.0,,2.0,18.0,2.0,1.0,,,,,,,,,,,,51.0
2022,2,11380631,신사1동,94,3.0,,,,8.0,3.0,,1.0,,5.0,,,,,,,,1.0,22.0
2022,2,11380632,신사2동,82,4.0,,,,5.0,,3.0,1.0,1.0,,,,,,,,,1.0,35.0
2022,2,11380640,증산동,83,3.0,,,,8.0,1.0,1.0,2.0,,,,2.0,,,,,,1.0,16.0
2022,2,11380650,수색동,60,5.0,2.0,,,5.0,1.0,1.0,,,,,2.0,,,,,,1.0,22.0
2022,2,11380690,진관동,242,6.0,6.0,,,22.0,6.0,6.0,2.0,4.0,,,,1.0,,,,,1.0,81.0
2022,2,11410520,천연동,127,4.0,1.0,,,4.0,,1.0,1.0,1.0,11.0,,,,1.0,,,,,44.0
2022,2,11410555,북아현동,76,2.0,2.0,,1.0,7.0,1.0,1.0,,1.0,,,,,,,,,,17.0
2022,2,11410565,충현동,184,9.0,8.0,,,7.0,1.0,3.0,1.0,2.0,24.0,,,,,,,,3.0,58.0
2022,2,11410585,신촌동,368,6.0,10.0,1.0,,22.0,1.0,3.0,1.0,1.0,109.0,1.0,,4.0,3.0,,,,2.0,60.0
2022,2,11410615,연희동,201,7.0,7.0,,1.0,16.0,,1.0,3.0,1.0,13.0,,,1.0,1.0,,,,,70.0
2022,2,11410620,홍제1동,135,3.0,2.0,,,10.0,2.0,2.0,,,1.0,,,,1.0,,,,1.0,40.0
2022,2,11410640,홍제3동,129,3.0,3.0,,2.0,14.0,1.0,2.0,1.0,,3.0,,4.0,,6.0,,,,1.0,46.0
2022,2,11410655,홍제2동,56,1.0,,,,6.0,3.0,,,,,,,,1.0,,,,,15.0
2022,2,11410660,홍은1동,86,3.0,,,,7.0,1.0,1.0,,,,,,,1.0,,,,,32.0
2022,2,11410685,홍은2동,161,4.0,2.0,1.0,,8.0,,2.0,3.0,1.0,12.0,,,,,,,,,83.0
2022,2,11410690,남가좌1동,94,2.0,3.0,,1.0,9.0,,1.0,,,,,1.0,,1.0,,,,1.0,20.0
2022,2,11410700,남가좌2동,117,4.0,4.0,,,12.0,4.0,1.0,1.0,,8.0,,,,,,,,,24.0
2022,2,11410710,북가좌1동,60,1.0,2.0,,,5.0,2.0,1.0,1.0,1.0,,,,,,,,,,13.0
2022,2,11410720,북가좌2동,115,3.0,3.0,,,12.0,2.0,,,,,,,,,,,,,39.0
2022,2,11440555,아현동,145,5.0,8.0,,,16.0,1.0,1.0,1.0,1.0,,,,,1.0,,,,2.0,23.0
2022,2,11440565,공덕동,172,7.0,9.0,,,21.0,1.0,3.0,,,,,2.0,,,,,,4.0,39.0
2022,2,11440585,도화동,144,4.0,7.0,,,15.0,2.0,1.0,,,,,,1.0,1.0,,,,1.0,38.0
2022,2,11440590,용강동,90,7.0,6.0,,1.0,10.0,2.0,1.0,,,,,,,,,,,1.0,24.0
2022,2,11440600,대흥동,209,5.0,5.0,,,18.0,,3.0,1.0,1.0,27.0,,,,3.0,,,,3.0,38.0
2022,2,11440610,염리동,52,3.0,1.0,,,3.0,1.0,1.0,2.0,3.0,,,,,2.0,,,,,10.0
2022,2,11440630,신수동,76,4.0,1.0,,1.0,5.0,1.0,1.0,1.0,1.0,,,,,,,,,,24.0
2022,2,11440655,서강동,156,6.0,4.0,,,7.0,1.0,1.0,,,20.0,,,,,,,,2.0,64.0
2022,2,11440660,서교동,358,13.0,22.0,,,31.0,1.0,1.0,,,2.0,,,5.0,3.0,,,,7.0,88.0
2022,2,11440680,합정동,109,4.0,3.0,,,10.0,1.0,1.0,1.0,,,,,,,,,,,32.0
2022,2,11440690,망원1동,95,2.0,2.0,,,11.0,,,,,,,,,1.0,,,,,23.0
2022,2,11440700,망원2동,83,4.0,1.0,,,6.0,1.0,2.0,,,,,,,,,,,,33.0
2022,2,11440710,연남동,52,2.0,1.0,,,2.0,1.0,,1.0,2.0,,,,,,,,,,23.0
2022,2,11440720,성산1동,86,4.0,2.0,,,5.0,1.0,2.0,2.0,1.0,1.0,,,,1.0,,,,,29.0
2022,2,11440730,성산2동,158,6.0,3.0,,,13.0,2.0,3.0,2.0,,,,1.0,1.0,,,,,2.0,47.0
2022,2,11440740,상암동,247,10.0,11.0,,,14.0,3.0,3.0,1.0,1.0,,,1.0,,,,,,4.0,104.0
2022,2,11470510,목1동,190,5.0,12.0,,1.0,21.0,1.0,1.0,1.0,1.0,2.0,,,2.0,,,,,2.0,29.0
2022,2,11470520,목2동,97,3.0,2.0,,1.0,13.0,3.0,1.0,,,,,,,1.0,,,,1.0,18.0
2022,2,11470530,목3동,96,3.0,4.0,,,11.0,1.0,,1.0,,,,,,,,,,,7.0
2022,2,11470540,목4동,84,3.0,3.0,,,9.0,1.0,1.0,1.0,1.0,,,,,,,,,,14.0
2022,2,11470550,목5동,143,8.0,9.0,1.0,,12.0,4.0,3.0,2.0,2.0,,,,,,,,,,52.0
2022,2,11470560,신월1동,71,3.0,3.0,,,12.0,1.0,,,,,,,,,,,,,9.0
2022,2,11470570,신월2동,65,3.0,1.0,,,6.0,1.0,2.0,2.0,,,,,,,,,,,12.0
2022,2,11470580,신월3동,70,2.0,1.0,,,7.0,1.0,1.0,2.0,3.0,,,,,,,,,,8.0
2022,2,11470590,신월4동,63,2.0,1.0,,,6.0,3.0,1.0,,,,,,,,,,,,11.0
2022,2,11470600,신월5동,54,3.0,,,1.0,3.0,2.0,1.0,2.0,,,,,,,,,,,12.0
2022,2,11470610,신월6동,47,1.0,2.0,,1.0,5.0,1.0,1.0,1.0,,,,,,,,,,,15.0
2022,2,11470611,신월7동,74,6.0,1.0,,,10.0,2.0,,1.0,,,,,,,,,,,21.0
2022,2,11470620,신정1동,94,7.0,3.0,,,9.0,2.0,2.0,1.0,,,,,,,,,,,26.0
2022,2,11470630,신정2동,71,3.0,1.0,,,7.0,1.0,2.0,1.0,,,,,,,,,,,20.0
2022,2,11470640,신정3동,203,4.0,1.0,,,15.0,1.0,3.0,1.0,4.0,,,,,,,,,1.0,81.0
2022,2,11470650,신정4동,161,3.0,8.0,1.0,1.0,16.0,3.0,2.0,,2.0,,,,,,,,,1.0,18.0
2022,2,11470670,신정6동,72,7.0,6.0,,,2.0,2.0,,1.0,1.0,,,,,,,,,,31.0
2022,2,11470680,신정7동,107,3.0,2.0,,,8.0,3.0,3.0,1.0,1.0,,,,,,,,,1.0,30.0
2022,2,11500510,염창동,147,5.0,3.0,,1.0,15.0,,2.0,2.0,,,,,,,,,,2.0,35.0
2022,2,11500520,등촌1동,95,1.0,5.0,,1.0,10.0,,1.0,,,,,,1.0,,,,,,20.0
2022,2,11500530,등촌2동,58,3.0,,,1.0,6.0,2.0,2.0,2.0,2.0,,,,,,,,,,8.0
2022,2,11500535,등촌3동,184,6.0,3.0,1.0,2.0,18.0,2.0,5.0,2.0,4.0,,,,1.0,,,,,,55.0
2022,2,11500540,화곡1동,226,3.0,2.0,,2.0,26.0,,2.0,1.0,,,,,1.0,,,,,2.0,27.0
2022,2,11500550,화곡2동,65,2.0,,,,3.0,2.0,1.0,,,,,,,,,,,,30.0
2022,2,11500560,화곡3동,87,4.0,3.0,,,8.0,2.0,,,,,,,,,,,,,12.0
2022,2,11500570,화곡4동,101,4.0,2.0,,,14.0,3.0,1.0,,2.0,,,,,,,,,,30.0
2022,2,11500590,화곡본동,145,3.0,,,1.0,11.0,1.0,2.0,,,,,,,,,,,,31.0
2022,2,11500591,화곡6동,118,7.0,5.0,,,8.0,2.0,1.0,,,9.0,,,,,,,,,29.0
2022,2,11500593,화곡8동,95,2.0,3.0,,,8.0,1.0,,,,,,,,,,,,1.0,33.0
2022,2,11500603,가양1동,279,5.0,13.0,,,20.0,3.0,1.0,1.0,1.0,,,,1.0,2.0,,,,5.0,69.0
2022,2,11500604,가양2동,75,4.0,3.0,,,7.0,3.0,1.0,1.0,1.0,,,,,,,,,1.0,14.0
2022,2,11500605,가양3동,52,3.0,,,,4.0,3.0,2.0,1.0,1.0,,,,,,,,,1.0,13.0
2022,2,11500611,발산1동,246,3.0,9.0,1.0,2.0,33.0,2.0,3.0,4.0,8.0,,,1.0,,,,,,,63.0
2022,2,11500615,우장산동,158,4.0,4.0,,3.0,12.0,3.0,2.0,,,5.0,,,,,,,,1.0,33.0
2022,2,11500620,공항동,176,6.0,7.0,1.0,,11.0,1.0,2.0,2.0,,4.0,,,,,21.0,,,2.0,39.0
2022,2,11500630,방화1동,200,2.0,3.0,,2.0,21.0,4.0,3.0,1.0,3.0,,,,,1.0,,,,1.0,46.0
2022,2,11500640,방화2동,124,4.0,,,,7.0,3.0,1.0,1.0,,,,2.0,1.0,,4.0,,,5.0,37.0
2022,2,11500641,방화3동,83,5.0,1.0,,,5.0,2.0,3.0,2.0,1.0,1.0,,,,,,,,1.0,22.0
2022,2,11530510,신도림동,168,5.0,4.0,,,12.0,2.0,1.0,1.0,1.0,1.0,,2.0,1.0,1.0,,,,3.0,43.0
2022,2,11530520,구로1동,88,4.0,1.0,,,5.0,3.0,1.0,1.0,1.0,,,4.0,,,,,,,25.0
2022,2,11530530,구로2동,197,6.0,12.0,1.0,1.0,21.0,1.0,1.0,,1.0,,,7.0,,16.0,,,,1.0,48.0
2022,2,11530540,구로3동,187,7.0,18.0,,,15.0,1.0,2.0,1.0,,,,,,5.0,,,,2.0,47.0
2022,2,11530550,구로4동,139,5.0,3.0,,,15.0,2.0,1.0,1.0,,,,1.0,,19.0,,,,,13.0
2022,2,11530560,구로5동,167,5.0,4.0,,2.0,18.0,,3.0,1.0,1.0,2.0,1.0,,3.0,,,,,1.0,49.0
2022,2,11530595,가리봉동,74,,,,,6.0,,1.0,,1.0,,,,,23.0,,,,,8.0
2022,2,11530720,고척1동,135,5.0,4.0,1.0,1.0,9.0,,3.0,1.0,1.0,12.0,,8.0,,4.0,,,,,31.0
2022,2,11530730,고척2동,128,5.0,2.0,,1.0,11.0,,2.0,1.0,1.0,,,,,,,,,,40.0
2022,2,11530740,개봉1동,163,5.0,3.0,,1.0,11.0,2.0,1.0,2.0,,4.0,,1.0,,,,,,1.0,57.0
2022,2,11530750,개봉2동,116,3.0,3.0,,,10.0,2.0,,,,,,1.0,1.0,,,,,,26.0
2022,2,11530760,개봉3동,81,3.0,2.0,,,9.0,1.0,3.0,1.0,,,,1.0,1.0,,,,,,23.0
2022,2,11530770,오류1동,122,5.0,4.0,,,11.0,3.0,1.0,,,,,,,,,,,1.0,22.0
2022,2,11530780,오류2동,209,3.0,1.0,,1.0,9.0,6.0,3.0,2.0,1.0,,,,,,,,,1.0,86.0
2022,2,11530790,수궁동,154,3.0,1.0,,,5.0,2.0,1.0,1.0,6.0,,,1.0,,,,,,3.0,69.0
2022,2,11530800,항동,64,1.0,,,,2.0,1.0,1.0,,,10.0,,,,,,,,,37.0
2022,2,11545510,가산동,304,10.0,25.0,,1.0,21.0,2.0,,,,,,,1.0,17.0,,,,3.0,111.0
2022,2,11545610,독산1동,217,3.0,6.0,,2.0,17.0,2.0,4.0,3.0,,,,,1.0,3.0,,,,,74.0
2022,2,11545620,독산2동,73,2.0,1.0,,,8.0,,2.0,,,1.0,,,,,,,,,11.0
2022,2,11545630,독산3동,119,4.0,4.0,,,14.0,2.0,2.0,2.0,1.0,,,1.0,,,,,,,29.0
2022,2,11545640,독산4동,64,5.0,2.0,,1.0,4.0,,1.0,,,,,,,,,,,,16.0
2022,2,11545670,시흥1동,223,9.0,7.0,1.0,2.0,25.0,2.0,3.0,1.0,1.0,,,,,3.0,,,,1.0,52.0
2022,2,11545680,시흥2동,76,2.0,,,,3.0,2.0,3.0,1.0,2.0,,,,,,,,,,30.0
2022,2,11545690,시흥3동,66,3.0,3.0,,,5.0,,1.0,1.0,1.0,,,,,1.0,,,,,21.0
2022,2,11545700,시흥4동,72,1.0,1.0,,,6.0,,1.0,1.0,,,,,,,,,,,27.0
2022,2,11545710,시흥5동,106,3.0,,,,16.0,2.0,3.0,,,,,,,,,,,,37.0
2022,2,11560515,영등포본동,94,4.0,,,,10.0,2.0,2.0,1.0,2.0,,,,1.0,2.0,,,,1.0,23.0
2022,2,11560535,영등포동,325,10.0,17.0,2.0,2.0,37.0,,1.0,,,1.0,,,1.0,16.0,,,,1.0,41.0
2022,2,11560540,여의동,399,23.0,70.0,1.0,,44.0,,2.0,2.0,2.0,,,,1.0,,,,,5.0,61.0
2022,2,11560550,당산1동,131,6.0,5.0,,1.0,8.0,1.0,,,,,,,,12.0,,,,2.0,23.0
2022,2,11560560,당산2동,192,6.0,4.0,,,20.0,3.0,2.0,2.0,,,,,,,,,,2.0,46.0
2022,2,11560585,도림동,66,2.0,,,,6.0,2.0,,,,,,,,,,,,,28.0
2022,2,11560605,문래동,185,8.0,9.0,,,17.0,,3.0,2.0,,,,,,2.0,,,,1.0,56.0
2022,2,11560610,양평1동,87,5.0,3.0,,1.0,6.0,,1.0,,1.0,,,,,1.0,,,,1.0,22.0
2022,2,11560620,양평2동,131,8.0,6.0,,,7.0,1.0,2.0,1.0,2.0,,,,,3.0,,,,1.0,35.0
2022,2,11560630,신길1동,85,1.0,2.0,1.0,1.0,13.0,,1.0,,,,,,,4.0,,,,2.0,25.0
2022,2,11560650,신길3동,102,3.0,5.0,,1.0,12.0,3.0,1.0,,,,,,,2.0,,,,,32.0
2022,2,11560660,신길4동,43,1.0,1.0,,,2.0,2.0,1.0,,,,,,,,,,,,13.0
2022,2,11560670,신길5동,66,3.0,,,,,1.0,1.0,1.0,1.0,,,,,5.0,,,,,31.0
2022,2,11560680,신길6동,123,4.0,1.0,,1.0,14.0,1.0,1.0,,1.0,,,1.0,,2.0,,,,1.0,29.0
2022,2,11560690,신길7동,78,5.0,1.0,,,7.0,1.0,1.0,,,,,,,1.0,,,,1.0,32.0
2022,2,11560700,대림1동,81,2.0,4.0,2.0,,18.0,,1.0,1.0,,,,2.0,,3.0,,,,,16.0
2022,2,11560710,대림2동,86,4.0,2.0,1.0,,16.0,,2.0,,,1.0,,,,1.0,,,,,13.0
2022,2,11560720,대림3동,126,2.0,7.0,,1.0,11.0,3.0,2.0,1.0,,2.0,,1.0,,,,,,2.0,46.0
2022,2,11590510,노량진1동,180,5.0,4.0,,,14.0,2.0,3.0,1.0,,1.0,,,,2.0,,,,3.0,57.0
2022,2,11590520,노량진2동,72,5.0,4.0,,1.0,14.0,1.0,,,,,,,,1.0,,,,,14.0
2022,2,11590530,상도1동,201,5.0,4.0,,1.0,16.0,2.0,2.0,1.0,,23.0,,,,,,,,2.0,47.0
2022,2,11590540,상도2동,154,6.0,3.0,,,16.0,1.0,1.0,1.0,,,,1.0,,1.0,,,,1.0,41.0
2022,2,11590550,상도3동,113,2.0,2.0,,,11.0,,,1.0,,,,1.0,,,,,,,36.0
2022,2,11590560,상도4동,112,3.0,1.0,,1.0,11.0,4.0,1.0,1.0,,,,,1.0,,,,,,36.0
2022,2,11590605,흑석동,195,6.0,6.0,1.0,,24.0,5.0,3.0,2.0,,16.0,,,,1.0,,,,1.0,50.0
2022,2,11590620,사당1동,126,4.0,6.0,,2.0,12.0,1.0,1.0,,,1.0,,,1.0,1.0,,,,2.0,13.0
2022,2,11590630,사당2동,179,3.0,2.0,,,14.0,,1.0,1.0,2.0,,,,,2.0,,,,4.0,36.0
2022,2,11590640,사당3동,88,3.0,1.0,,,5.0,,2.0,1.0,,3.0,,1.0,,,,,,1.0,30.0
2022,2,11590650,사당4동,62,2.0,1.0,,,6.0,,,1.0,,,,1.0,,,,,,,4.0
2022,2,11590651,사당5동,61,4.0,,,,3.0,1.0,2.0,1.0,1.0,,,,,,,,,,28.0
2022,2,11590660,대방동,199,5.0,5.0,,,16.0,3.0,3.0,4.0,4.0,,,,,,,,,2.0,61.0
2022,2,11590670,신대방1동,83,3.0,1.0,,,10.0,3.0,1.0,1.0,,1.0,,,,,,,,1.0,15.0
2022,2,11590680,신대방2동,109,7.0,7.0,1.0,,16.0,,1.0,1.0,1.0,,,,,,,,,,29.0
2022,2,11620525,보라매동,83,1.0,1.0,,,5.0,,1.0,1.0,1.0,,,,,,,,,,25.0
2022,2,11620545,청림동,50,2.0,,,,4.0,2.0,,,,,,,,2.0,,,,,7.0
2022,2,11620565,성현동,104,4.0,,,,6.0,3.0,2.0,1.0,1.0,,,,,,,,,,38.0
2022,2,11620575,행운동,111,3.0,3.0,1.0,2.0,12.0,1.0,2.0,2.0,1.0,,,,,,,,,,15.0
2022,2,11620585,낙성대동,148,2.0,3.0,,,10.0,,1.0,,,37.0,,,,2.0,,,,,37.0
2022,2,11620595,청룡동,147,5.0,6.0,,1.0,23.0,,2.0,2.0,3.0,,,1.0,1.0,1.0,,,,1.0,15.0
2022,2,11620605,은천동,123,6.0,,,,9.0,3.0,1.0,,1.0,,,,,,,,,,43.0
2022,2,11620615,중앙동,83,1.0,3.0,,1.0,14.0,,1.0,,,,,,,,,,,1.0,12.0
2022,2,11620625,인헌동,105,2.0,5.0,,,14.0,1.0,,1.0,1.0,,,2.0,,,,,,1.0,23.0
2022,2,11620630,남현동,70,3.0,1.0,,,6.0,1.0,1.0,,,1.0,,,,,,,,,6.0
2022,2,11620645,서원동,94,3.0,1.0,1.0,1.0,9.0,,,1.0,,,,,1.0,,,,,,27.0
2022,2,11620655,신원동,54,6.0,1.0,,,7.0,,1.0,,,1.0,,,,,,,,,10.0
2022,2,11620665,서림동,74,2.0,,,,5.0,1.0,1.0,1.0,,,,,,,,,,,34.0
2022,2,11620685,신사동,79,3.0,2.0,,1.0,10.0,1.0,1.0,,,1.0,,1.0,,,,,,,21.0
2022,2,11620695,신림동,168,2.0,3.0,,,17.0,,,,,,,,,4.0,,,,1.0,16.0
2022,2,11620715,난향동,68,1.0,,,,5.0,,1.0,,,,,,,,,,,,34.0
2022,2,11620725,조원동,96,3.0,1.0,,1.0,12.0,,1.0,,,,,1.0,,,,,,,30.0
2022,2,11620735,대학동,283,5.0,6.0,,,11.0,,1.0,1.0,2.0,140.0,,,,,,,,,73.0
2022,2,11620745,삼성동,94,3.0,,,,7.0,,2.0,,1.0,,,,,3.0,,,,,44.0
2022,2,11620765,미성동,126,3.0,3.0,,1.0,11.0,1.0,2.0,2.0,2.0,,,,,1.0,,,,,44.0
2022,2,11620775,난곡동,95,2.0,1.0,,,11.0,2.0,1.0,2.0,1.0,,,1.0,,,,,,,28.0
2022,2,11650510,서초1동,194,4.0,10.0,,1.0,14.0,,2.0,,,13.0,,,,,,,,2.0,38.0
2022,2,11650520,서초2동,217,8.0,26.0,,,24.0,,1.0,1.0,1.0,,,,,1.0,,,,2.0,47.0
2022,2,11650530,서초3동,332,25.0,30.0,,3.0,30.0,1.0,1.0,1.0,3.0,2.0,,,,,,,1.0,2.0,77.0
2022,2,11650531,서초4동,257,2.0,13.0,,1.0,31.0,2.0,2.0,1.0,,,,,1.0,,,,,,36.0
2022,2,11650540,잠원동,135,3.0,8.0,,,13.0,1.0,1.0,1.0,,,,,,,,,,2.0,23.0
2022,2,11650550,반포본동,33,1.0,3.0,,,2.0,,1.0,2.0,2.0,,,1.0,,,,,,1.0,5.0
2022,2,11650560,반포1동,140,6.0,6.0,,1.0,20.0,1.0,2.0,1.0,1.0,,,,,,,,,1.0,26.0
2022,2,11650570,반포2동,74,4.0,5.0,,,5.0,,2.0,1.0,,,,1.0,,,,,,1.0,25.0
2022,2,11650580,반포3동,109,3.0,7.0,,,11.0,,1.0,1.0,,,,,,,,,,,18.0
2022,2,11650581,반포4동,130,7.0,12.0,1.0,,12.0,,,1.0,,3.0,,,1.0,,,,,3.0,33.0
2022,2,11650590,방배본동,103,2.0,6.0,,,16.0,,1.0,,,,,1.0,,,,,,,25.0
2022,2,11650600,방배1동,102,3.0,4.0,,1.0,10.0,,1.0,,,3.0,,1.0,,,,,,1.0,19.0
2022,2,11650610,방배2동,114,4.0,2.0,,,3.0,,1.0,1.0,1.0,,,1.0,,1.0,,,,1.0,37.0
2022,2,11650620,방배3동,112,4.0,3.0,,2.0,6.0,,2.0,,1.0,7.0,,,,,,,,,50.0
2022,2,11650621,방배4동,156,3.0,10.0,,,11.0,,1.0,,1.0,4.0,,,,1.0,,,,1.0,31.0
2022,2,11650651,양재1동,263,12.0,11.0,,1.0,20.0,3.0,4.0,1.0,,1.0,,,,,,,,2.0,86.0
2022,2,11650652,양재2동,147,2.0,16.0,,,11.0,,1.0,2.0,1.0,,,1.0,,,,,,1.0,57.0
2022,2,11650660,내곡동,161,5.0,1.0,,1.0,2.0,2.0,1.0,,,3.0,,1.0,,,,,,1.0,85.0
2022,2,11680510,신사동,260,3.0,14.0,,,36.0,2.0,1.0,1.0,2.0,,1.0,,1.0,,,,,1.0,12.0
2022,2,11680521,논현1동,300,4.0,15.0,,4.0,42.0,,1.0,,,,,1.0,8.0,,,,,3.0,23.0
2022,2,11680531,논현2동,240,8.0,16.0,,5.0,29.0,1.0,1.0,1.0,,4.0,,,2.0,,,,,1.0,33.0
2022,2,11680545,압구정동,313,4.0,25.0,,5.0,30.0,1.0,1.0,2.0,2.0,,2.0,1.0,3.0,,,,,2.0,18.0
2022,2,11680565,청담동,288,11.0,19.0,,4.0,27.0,2.0,2.0,1.0,1.0,1.0,,,,,,,,3.0,23.0
2022,2,11680580,삼성1동,199,6.0,26.0,,3.0,13.0,1.0,1.0,1.0,1.0,,1.0,,1.0,,,,,3.0,38.0
2022,2,11680590,삼성2동,177,10.0,11.0,,,11.0,,1.0,1.0,,1.0,,,,,,,,4.0,28.0
2022,2,11680600,대치1동,130,4.0,11.0,,,13.0,1.0,1.0,1.0,2.0,1.0,,,,,,,,,24.0
2022,2,11680610,대치2동,210,6.0,26.0,,2.0,20.0,,2.0,1.0,1.0,,,,,,,,,2.0,39.0
2022,2,11680630,대치4동,159,4.0,12.0,1.0,1.0,18.0,,1.0,,,1.0,1.0,,,,,,,,14.0
2022,2,11680640,역삼1동,542,15.0,49.0,1.0,3.0,64.0,1.0,1.0,,,,,,3.0,1.0,,,,1.0,44.0
2022,2,11680650,역삼2동,195,3.0,14.0,,2.0,25.0,,1.0,2.0,1.0,1.0,,,,,,,,,31.0
2022,2,11680655,도곡1동,142,4.0,9.0,1.0,4.0,20.0,2.0,1.0,2.0,1.0,,,,,,,,,1.0,27.0
2022,2,11680656,도곡2동,118,7.0,23.0,,,10.0,2.0,1.0,1.0,2.0,,,,,,,,,3.0,25.0
2022,2,11680660,개포1동,38,1.0,1.0,,,1.0,,1.0,2.0,,,,,,,,,,,29.0
2022,2,11680670,개포2동,135,3.0,3.0,,,9.0,5.0,4.0,1.0,3.0,,,,,,,,,3.0,50.0
2022,2,11680690,개포4동,115,3.0,4.0,,,7.0,,2.0,1.0,1.0,,,,,,,,,,49.0
2022,2,11680700,세곡동,191,4.0,1.0,,,9.0,3.0,4.0,1.0,1.0,,,,,,,,,,95.0
2022,2,11680720,일원본동,103,2.0,6.0,1.0,,15.0,2.0,2.0,1.0,2.0,,,,,,,,,1.0,32.0
2022,2,11680730,일원1동,74,4.0,1.0,,,11.0,1.0,2.0,,1.0,,,,,,,,,,18.0
2022,2,11680740,일원2동,66,3.0,3.0,,,6.0,2.0,1.0,1.0,,,,,,,,,,1.0,13.0
2022,2,11680750,수서동,89,3.0,3.0,,,11.0,2.0,1.0,1.0,2.0,,,,,,,,,2.0,23.0
2022,2,11710510,풍납1동,48,3.0,,,1.0,6.0,1.0,1.0,,,,,,,,,,,,6.0
2022,2,11710520,풍납2동,125,5.0,5.0,1.0,,26.0,2.0,2.0,3.0,1.0,3.0,,,,,,,,1.0,24.0
2022,2,11710531,거여1동,48,2.0,,,,2.0,,1.0,,1.0,,,,,1.0,,,,1.0,6.0
2022,2,11710532,거여2동,78,3.0,3.0,,1.0,12.0,1.0,1.0,1.0,,,,,,,,,,,11.0
2022,2,11710540,마천1동,73,4.0,1.0,,,8.0,1.0,1.0,,,,,,,1.0,,,,1.0,15.0
2022,2,11710550,마천2동,93,3.0,2.0,,,14.0,,1.0,,,,,,,,,,,,12.0
2022,2,11710561,방이1동,73,2.0,1.0,,,10.0,2.0,2.0,1.0,1.0,,,,,,,,,1.0,11.0
2022,2,11710562,방이2동,164,3.0,5.0,,,18.0,,1.0,1.0,,,,,,,,,,1.0,13.0
2022,2,11710566,오륜동,74,4.0,6.0,,,6.0,1.0,2.0,2.0,3.0,11.0,,,,,,,,3.0,15.0
2022,2,11710570,오금동,134,5.0,5.0,,,13.0,3.0,3.0,4.0,2.0,,,,,,,,,3.0,27.0
2022,2,11710580,송파1동,102,2.0,4.0,,3.0,14.0,1.0,1.0,,,,,,,,,,,2.0,13.0
2022,2,11710590,송파2동,79,3.0,1.0,,,11.0,3.0,1.0,2.0,3.0,,,,,,,,,,7.0
2022,2,11710600,석촌동,159,3.0,7.0,,2.0,27.0,3.0,2.0,,,,,,,,,,,,20.0
2022,2,11710610,삼전동,118,4.0,2.0,,,14.0,3.0,1.0,1.0,1.0,,,,,1.0,,,,1.0,12.0
2022,2,11710620,가락본동,144,5.0,9.0,1.0,5.0,21.0,1.0,2.0,2.0,,,,,,,,,,,21.0
2022,2,11710631,가락1동,82,2.0,8.0,,,13.0,1.0,1.0,1.0,,,,1.0,,,,,,3.0,16.0
2022,2,11710632,가락2동,143,3.0,6.0,,,17.0,4.0,2.0,1.0,,,,,,,,,,1.0,22.0
2022,2,11710641,문정1동,70,3.0,1.0,,,5.0,1.0,1.0,1.0,,,,,,,,,,,19.0
2022,2,11710642,문정2동,149,10.0,12.0,,1.0,22.0,,1.0,,,,,,2.0,,,,,3.0,14.0
2022,2,11710646,장지동,136,4.0,3.0,,,10.0,1.0,2.0,1.0,3.0,,,,1.0,,,,,1.0,41.0
2022,2,11710647,위례동,84,3.0,1.0,,,5.0,2.0,2.0,1.0,,,,,,,,,,,32.0
2022,2,11710650,잠실본동,192,5.0,9.0,,1.0,24.0,,1.0,,,,,,,,,,,1.0,12.0
2022,2,11710670,잠실2동,91,4.0,6.0,,,14.0,1.0,2.0,2.0,2.0,,,,,,,,,1.0,5.0
2022,2,11710680,잠실3동,103,5.0,9.0,,,11.0,1.0,3.0,,1.0,,,,,,,,,,16.0
2022,2,11710690,잠실4동,74,3.0,3.0,,,10.0,1.0,2.0,,1.0,,,,,,,,,2.0,7.0
2022,2,11710710,잠실6동,144,4.0,17.0,,1.0,23.0,,1.0,1.0,,,,,1.0,,,,,2.0,13.0
2022,2,11710720,잠실7동,30,2.0,4.0,,,4.0,,1.0,2.0,1.0,,,,,,,,,2.0,3.0
2022,2,11740515,강일동,187,5.0,3.0,,,12.0,2.0,2.0,2.0,1.0,,,,,,,,,3.0,79.0
2022,2,11740520,상일동,105,4.0,2.0,1.0,,8.0,4.0,2.0,2.0,5.0,,,,,,,,,,37.0
2022,2,11740530,명일1동,151,5.0,6.0,,2.0,17.0,,1.0,,,,,,,,,,,1.0,22.0
2022,2,11740540,명일2동,107,3.0,6.0,,,18.0,4.0,2.0,,1.0,,,,,,,,,,18.0
2022,2,11740550,고덕1동,92,3.0,,,,4.0,1.0,2.0,1.0,1.0,,,,,,,,,1.0,26.0
2022,2,11740560,고덕2동,78,3.0,1.0,,,9.0,1.0,2.0,1.0,2.0,,,,,,,,,1.0,25.0
2022,2,11740570,암사1동,90,2.0,1.0,,,8.0,1.0,1.0,,,1.0,,1.0,,,,,,,13.0
2022,2,11740580,암사2동,61,1.0,3.0,,,6.0,1.0,2.0,,,,,,,,,,,1.0,6.0
2022,2,11740590,암사3동,50,2.0,1.0,,,5.0,1.0,,2.0,1.0,,,,,,,,,,12.0
2022,2,11740600,천호1동,92,4.0,1.0,,,11.0,,1.0,1.0,1.0,1.0,,,1.0,,,,,1.0,11.0
2022,2,11740610,천호2동,203,4.0,3.0,,1.0,26.0,1.0,1.0,1.0,,,,,,3.0,,,,,22.0
2022,2,11740620,천호3동,115,4.0,3.0,,2.0,14.0,,,1.0,,,,,,1.0,,,,,11.0
2022,2,11740640,성내1동,98,6.0,4.0,,2.0,9.0,1.0,2.0,1.0,,1.0,,,1.0,,,,,,20.0
2022,2,11740650,성내2동,113,2.0,3.0,,4.0,14.0,,,,,,,,1.0,,,,,3.0,16.0
2022,2,11740660,성내3동,136,4.0,5.0,,,13.0,2.0,,,,2.0,,,,,,,,1.0,13.0
2022,2,11740685,길동,242,6.0,10.0,1.0,4.0,34.0,4.0,3.0,1.0,,1.0,,,,,,,,1.0,36.0
2022,2,11740690,둔촌1동,14,,,,,,,2.0,,1.0,,,,,,,,,1.0,6.0
2022,2,11740700,둔촌2동,129,5.0,4.0,1.0,,17.0,2.0,1.0,2.0,1.0,,,,,,,,,1.0,32.0
2022,3,11110515,청운효자동,93,6.0,3.0,,,4.0,1.0,1.0,2.0,2.0,8.0,,,,,,,,,26.0
2022,3,11110530,사직동,206,18.0,24.0,,,15.0,,1.0,,1.0,1.0,,,3.0,,,,,2.0,34.0
2022,3,11110540,삼청동,49,10.0,4.0,,1.0,1.0,,,1.0,1.0,2.0,,,,,,,,,16.0
2022,3,11110550,부암동,84,4.0,2.0,,,1.0,1.0,2.0,1.0,1.0,14.0,,,,,,,,,38.0
2022,3,11110560,평창동,162,6.0,2.0,,1.0,5.0,1.0,,,1.0,2.0,,,,,,,,,91.0
2022,3,11110570,무악동,42,2.0,1.0,1.0,,4.0,1.0,1.0,,,,,,,,,,,1.0,7.0
2022,3,11110580,교남동,78,4.0,3.0,2.0,,17.0,,,,1.0,1.0,,,,,,,,,26.0
2022,3,11110600,가회동,63,5.0,3.0,,,1.0,1.0,1.0,1.0,2.0,1.0,,,,,,,,,22.0
2022,3,11110615,종로1?2?3?4가동,500,19.0,35.0,,,47.0,1.0,2.0,,,4.0,,1.0,5.0,17.0,,,,5.0,72.0
2022,3,11110630,종로5?6가동,212,7.0,8.0,,,31.0,,1.0,,,1.0,,4.0,,3.0,,,,1.0,23.0
2022,3,11110640,이화동,119,4.0,4.0,1.0,,11.0,,,2.0,,37.0,,,,,,,,1.0,28.0
2022,3,11110650,혜화동,145,6.0,5.0,,,16.0,3.0,1.0,1.0,4.0,26.0,,,1.0,,,,,,36.0
2022,3,11110670,창신1동,111,3.0,4.0,,,9.0,,2.0,,,,,1.0,,7.0,,,,2.0,11.0
2022,3,11110680,창신2동,38,2.0,1.0,,,5.0,,,,,,,,,,,,,,
2022,3,11110690,창신3동,24,3.0,,,,1.0,,1.0,,1.0,,,,,,,,,1.0,5.0
2022,3,11110700,숭인1동,43,3.0,1.0,,,3.0,1.0,,,,,,,,,,,,,14.0
2022,3,11110710,숭인2동,89,4.0,3.0,,1.0,4.0,,,,,,,2.0,,3.0,,,,2.0,6.0
2022,3,11140520,소공동,231,13.0,29.0,,,10.0,,1.0,4.0,3.0,,1.0,,3.0,3.0,,,,3.0,37.0
2022,3,11140540,회현동,211,9.0,17.0,,,16.0,1.0,,,,2.0,,2.0,1.0,2.0,,,,6.0,35.0
2022,3,11140550,명동,542,20.0,46.0,,,35.0,,1.0,,,4.0,,,3.0,12.0,,,,1.0,29.0
2022,3,11140570,필동,123,6.0,9.0,1.0,,7.0,,2.0,,1.0,19.0,,,2.0,1.0,,,,2.0,15.0
2022,3,11140580,장충동,63,6.0,2.0,,,1.0,,1.0,,,3.0,,,1.0,2.0,,,,1.0,13.0
2022,3,11140590,광희동,185,3.0,16.0,1.0,,14.0,,,1.0,,,,1.0,3.0,11.0,,,,3.0,19.0
2022,3,11140605,을지로동,145,5.0,10.0,,,13.0,,,,,,,1.0,2.0,3.0,,,,4.0,20.0
2022,3,11140615,신당동,99,7.0,5.0,,1.0,12.0,,1.0,1.0,3.0,,,3.0,,1.0,,,,2.0,8.0
2022,3,11140625,다산동,86,3.0,4.0,,1.0,9.0,,1.0,1.0,1.0,,,,,1.0,,,,1.0,7.0
2022,3,11140635,약수동,87,4.0,2.0,,1.0,12.0,2.0,,,,,,,,,,,,2.0,12.0
2022,3,11140645,청구동,34,2.0,,,,3.0,1.0,2.0,1.0,1.0,,,,,,,,,,5.0
2022,3,11140650,신당5동,65,4.0,2.0,,,5.0,,1.0,,2.0,,,,,,,,,,12.0
2022,3,11140665,동화동,47,3.0,1.0,,,5.0,,1.0,1.0,,,,,,,,,,2.0,4.0
2022,3,11140670,황학동,76,1.0,6.0,,,10.0,,,,,,,,,7.0,,,,,6.0
2022,3,11140680,중림동,77,3.0,2.0,,,7.0,,1.0,,2.0,1.0,,,,5.0,,,,,14.0
2022,3,11170510,후암동,80,6.0,1.0,,,7.0,1.0,2.0,,1.0,,,2.0,,,,,,,18.0
2022,3,11170520,용산2가동,63,3.0,,,,4.0,,1.0,2.0,2.0,,,,,,,,,1.0,29.0
2022,3,11170530,남영동,147,7.0,5.0,,,14.0,,,1.0,,,,,,12.0,,,,3.0,26.0
2022,3,11170555,청파동,128,7.0,2.0,,1.0,11.0,,2.0,2.0,4.0,22.0,,1.0,,1.0,,,,,35.0
2022,3,11170560,원효로1동,94,6.0,3.0,,,6.0,1.0,1.0,,,3.0,,4.0,,,,,,,31.0
2022,3,11170570,원효로2동,69,4.0,2.0,,,4.0,2.0,1.0,1.0,1.0,,,2.0,,,,,,,27.0
2022,3,11170580,효창동,66,1.0,1.0,,,5.0,,1.0,,1.0,1.0,,,,,,,,2.0,22.0
2022,3,11170590,용문동,54,1.0,,,,3.0,,,,,,,,,,,,,,22.0
2022,3,11170625,한강로동,242,19.0,19.0,,,21.0,,2.0,,1.0,,,5.0,3.0,2.0,,,,7.0,41.0
2022,3,11170630,이촌1동,102,4.0,9.0,,1.0,12.0,2.0,1.0,1.0,1.0,,,1.0,,,,,,,14.0
2022,3,11170640,이촌2동,26,2.0,,,,1.0,,,,,,,,,,,,,,11.0
2022,3,11170650,이태원1동,71,8.0,5.0,,,3.0,,1.0,,,,,3.0,,,,,,1.0,14.0
2022,3,11170660,이태원2동,60,8.0,5.0,,,3.0,1.0,1.0,,1.0,,,,,,,,,,22.0
2022,3,11170685,한남동,171,30.0,11.0,1.0,,13.0,3.0,1.0,,,,,3.0,,,,,,2.0,36.0
2022,3,11170690,서빙고동,61,15.0,1.0,,,1.0,,1.0,1.0,,,,,,,,,,1.0,21.0
2022,3,11170700,보광동,70,4.0,1.0,,,8.0,1.0,,1.0,1.0,6.0,,,,,,,,,14.0
2022,3,11200520,왕십리2동,63,2.0,,,,5.0,1.0,1.0,,,,,,,,,,,1.0,18.0
2022,3,11200535,왕십리도선동,189,4.0,4.0,,2.0,20.0,2.0,2.0,,2.0,,,,,,,,,,26.0
2022,3,11200540,마장동,111,6.0,5.0,,,8.0,2.0,2.0,2.0,,,,,,,,,,1.0,29.0
2022,3,11200550,사근동,128,5.0,3.0,1.0,,10.0,,2.0,1.0,2.0,52.0,,1.0,,,,,,2.0,34.0
2022,3,11200560,행당1동,130,9.0,4.0,,2.0,13.0,1.0,1.0,,,,,1.0,1.0,,,,,4.0,30.0
2022,3,11200570,행당2동,79,2.0,2.0,,,4.0,1.0,1.0,1.0,1.0,,,,,,,,,1.0,24.0
2022,3,11200580,응봉동,56,3.0,,,,2.0,,1.0,1.0,,,,,,,,,,1.0,30.0
2022,3,11200590,금호1가동,88,2.0,,,,6.0,1.0,1.0,,1.0,,,,,,,,,1.0,45.0
2022,3,11200615,금호2?3가동,135,3.0,2.0,,,13.0,,1.0,,,,,,,,,,,,46.0
2022,3,11200620,금호4가동,84,3.0,3.0,,,6.0,1.0,2.0,,,,,,,,,,,1.0,27.0
2022,3,11200645,옥수동,129,4.0,2.0,,,10.0,2.0,2.0,1.0,1.0,,,,,,,,,2.0,45.0
2022,3,11200650,성수1가1동,83,4.0,2.0,,,4.0,1.0,2.0,1.0,1.0,,,,1.0,,,,,1.0,33.0
2022,3,11200660,성수1가2동,79,3.0,6.0,,,6.0,,,1.0,1.0,1.0,,,,,,,,1.0,12.0
2022,3,11200670,성수2가1동,109,3.0,3.0,,,13.0,,1.0,2.0,1.0,,,2.0,,1.0,,,,,38.0
2022,3,11200690,성수2가3동,104,3.0,16.0,,,11.0,,2.0,,,,,,1.0,,,,,1.0,20.0
2022,3,11200720,송정동,44,2.0,,,1.0,5.0,,1.0,,,,,,,,,,,,17.0
2022,3,11200790,용답동,82,7.0,2.0,,,8.0,,1.0,,,,,1.0,,,,,,2.0,11.0
2022,3,11215710,화양동,167,3.0,5.0,1.0,,17.0,,2.0,2.0,1.0,34.0,,,1.0,,,,,2.0,16.0
2022,3,11215730,군자동,135,5.0,5.0,,1.0,12.0,1.0,2.0,,,20.0,,,1.0,,,,,,23.0
2022,3,11215740,중곡1동,74,2.0,,,,10.0,1.0,,,,,,1.0,,,,,,,19.0
2022,3,11215750,중곡2동,104,2.0,4.0,,,14.0,1.0,1.0,,,,,,,,,,,2.0,21.0
2022,3,11215760,중곡3동,97,3.0,1.0,,1.0,9.0,,2.0,,,,,1.0,,,,,,1.0,29.0
2022,3,11215770,중곡4동,105,2.0,2.0,,,7.0,,1.0,1.0,2.0,,,,,,,,,,37.0
2022,3,11215780,능동,47,4.0,,,1.0,5.0,,1.0,,1.0,,,,,,,,,1.0,5.0
2022,3,11215810,광장동,139,5.0,9.0,,,9.0,3.0,3.0,3.0,1.0,11.0,,,,,,,,1.0,32.0
2022,3,11215820,자양1동,106,3.0,4.0,1.0,,14.0,1.0,1.0,,,2.0,,,,,,,,,17.0
2022,3,11215830,자양2동,95,2.0,1.0,,,8.0,2.0,4.0,2.0,1.0,,,1.0,,,,,,,21.0
2022,3,11215840,자양3동,105,2.0,6.0,,,8.0,2.0,2.0,1.0,1.0,1.0,1.0,,1.0,,,,,,30.0
2022,3,11215847,자양4동,106,5.0,2.0,,1.0,15.0,1.0,,1.0,,,,1.0,1.0,,,,,1.0,16.0
2022,3,11215850,구의1동,77,2.0,4.0,,,9.0,1.0,,1.0,1.0,,,,,,,,,1.0,16.0
2022,3,11215860,구의2동,112,3.0,2.0,,1.0,9.0,3.0,2.0,,,1.0,,,,,,,,1.0,24.0
2022,3,11215870,구의3동,133,5.0,4.0,,,16.0,2.0,1.0,,,,,1.0,1.0,,,,1.0,1.0,25.0
2022,3,11230536,용신동,231,10.0,8.0,1.0,4.0,20.0,1.0,1.0,1.0,1.0,,,1.0,,5.0,,,,5.0,41.0
2022,3,11230545,제기동,288,4.0,5.0,,1.0,22.0,2.0,2.0,2.0,1.0,1.0,,3.0,,14.0,,,,1.0,30.0
2022,3,11230560,전농1동,152,5.0,2.0,,1.0,13.0,3.0,1.0,1.0,1.0,,,,1.0,5.0,,,,3.0,35.0
2022,3,11230570,전농2동,102,2.0,2.0,,,12.0,3.0,3.0,2.0,1.0,27.0,,,,,,,,,15.0
2022,3,11230600,답십리1동,124,4.0,5.0,,,9.0,,2.0,1.0,,,,,,,,,,,25.0
2022,3,11230610,답십리2동,108,3.0,2.0,,2.0,13.0,3.0,1.0,,,,,3.0,,,,,,,19.0
2022,3,11230650,장안1동,192,5.0,11.0,,4.0,26.0,2.0,2.0,2.0,,,,,,,,,,1.0,43.0
2022,3,11230660,장안2동,168,3.0,2.0,,2.0,21.0,1.0,2.0,,1.0,1.0,,,1.0,1.0,,,,,38.0
2022,3,11230705,청량리동,154,9.0,4.0,1.0,,16.0,2.0,1.0,1.0,1.0,1.0,,,,2.0,,,,,34.0
2022,3,11230710,회기동,84,3.0,5.0,1.0,,10.0,1.0,3.0,1.0,1.0,14.0,,,,,,,,,10.0
2022,3,11230720,휘경1동,82,2.0,1.0,,,12.0,,,,,,,,,1.0,,,,3.0,18.0
2022,3,11230730,휘경2동,84,5.0,1.0,1.0,,5.0,1.0,2.0,3.0,3.0,4.0,,,,,,,,,27.0
2022,3,11230740,이문1동,147,5.0,2.0,,,13.0,3.0,,,2.0,30.0,,,,,,,,1.0,26.0
2022,3,11230750,이문2동,71,2.0,,,,6.0,1.0,1.0,,,2.0,,,,,,,,1.0,17.0
2022,3,11260520,면목2동,112,3.0,,,1.0,11.0,2.0,2.0,,,,,8.0,,1.0,,,,,25.0
2022,3,11260540,면목4동,61,2.0,,,,5.0,1.0,1.0,1.0,,,,,,,,,,1.0,15.0
2022,3,11260550,면목5동,42,2.0,1.0,,,3.0,,,,,,,4.0,,,,,,,13.0
2022,3,11260565,면목본동,168,4.0,2.0,,,18.0,1.0,2.0,,,,,13.0,,1.0,,,,1.0,30.0
2022,3,11260570,면목7동,108,2.0,2.0,,1.0,11.0,,1.0,,,,,1.0,,,,,,,18.0
2022,3,11260575,면목3?8동,150,4.0,1.0,1.0,,17.0,1.0,2.0,2.0,1.0,8.0,,,,1.0,,,,1.0,34.0
2022,3,11260580,상봉1동,78,3.0,1.0,,1.0,8.0,2.0,1.0,2.0,1.0,,,,,,,,,4.0,12.0
2022,3,11260590,상봉2동,127,4.0,3.0,,1.0,10.0,,,,,,,,2.0,2.0,,,1.0,1.0,18.0
2022,3,11260600,중화1동,79,2.0,1.0,,1.0,7.0,1.0,2.0,2.0,1.0,,,,,,,,,,14.0
2022,3,11260610,중화2동,123,2.0,3.0,,,14.0,,,,,,,2.0,,,,,,3.0,32.0
2022,3,11260620,묵1동,144,4.0,2.0,,2.0,11.0,2.0,1.0,2.0,2.0,,,,,,,,,,34.0
2022,3,11260630,묵2동,92,3.0,4.0,,,7.0,,2.0,,,,,,1.0,,,,,1.0,19.0
2022,3,11260655,망우본동,238,9.0,4.0,1.0,4.0,25.0,1.0,2.0,3.0,4.0,,,9.0,,2.0,,,,2.0,54.0
2022,3,11260660,망우3동,54,1.0,1.0,,1.0,3.0,,2.0,,1.0,,,3.0,,,,,,,11.0
2022,3,11260680,신내1동,160,3.0,2.0,1.0,,13.0,2.0,2.0,,,,,,,,,,,1.0,53.0
2022,3,11260690,신내2동,104,6.0,3.0,,,12.0,3.0,4.0,,,,,,,,,,,,21.0
2022,3,11290525,성북동,166,6.0,4.0,,,6.0,2.0,1.0,3.0,2.0,5.0,,,,,,,,,55.0
2022,3,11290555,삼선동,163,7.0,5.0,,,14.0,,1.0,1.0,2.0,14.0,,,,,,,,2.0,46.0
2022,3,11290575,동선동,146,1.0,4.0,,1.0,13.0,1.0,2.0,2.0,1.0,12.0,,,1.0,,,,,1.0,19.0
2022,3,11290580,돈암1동,42,1.0,,,,2.0,2.0,2.0,2.0,1.0,,,,,,,,,,15.0
2022,3,11290590,돈암2동,88,4.0,2.0,,,4.0,6.0,1.0,,,,,,1.0,,,,,,38.0
2022,3,11290600,안암동,167,4.0,6.0,1.0,1.0,10.0,,1.0,1.0,1.0,71.0,,,,,,,,1.0,35.0
2022,3,11290610,보문동,77,4.0,4.0,,,6.0,,2.0,,,,,,,1.0,,,,2.0,10.0
2022,3,11290620,정릉1동,63,2.0,,,,6.0,2.0,,,,1.0,,,,,,,,,19.0
2022,3,11290630,정릉2동,110,4.0,3.0,,,6.0,1.0,2.0,,,,,,,,,,,1.0,50.0
2022,3,11290640,정릉3동,124,4.0,1.0,,,2.0,,1.0,3.0,1.0,28.0,,,,,,,,,38.0
2022,3,11290650,정릉4동,133,7.0,3.0,,,12.0,2.0,1.0,,2.0,11.0,,,,,,,,1.0,40.0
2022,3,11290660,길음1동,129,3.0,4.0,,,10.0,2.0,3.0,1.0,1.0,,,1.0,,,,,,1.0,26.0
2022,3,11290685,길음2동,112,5.0,,,3.0,14.0,,,,,,,,,,,,,,23.0
2022,3,11290705,종암동,189,7.0,2.0,,1.0,17.0,3.0,2.0,2.0,1.0,2.0,,,,,,,,,56.0
2022,3,11290715,월곡1동,108,2.0,3.0,,,10.0,,2.0,1.0,1.0,,,,,1.0,,,,,30.0
2022,3,11290725,월곡2동,135,6.0,4.0,,,12.0,2.0,,1.0,,12.0,,,,,,,,2.0,34.0
2022,3,11290760,장위1동,103,4.0,1.0,,,8.0,6.0,1.0,1.0,,,,,,,,,,,37.0
2022,3,11290770,장위2동,89,3.0,2.0,,,11.0,1.0,3.0,,,,,,,,,,,1.0,27.0
2022,3,11290780,장위3동,82,1.0,,,,5.0,1.0,2.0,1.0,,1.0,,1.0,,,,,,,39.0
2022,3,11290810,석관동,154,6.0,3.0,,,16.0,2.0,2.0,1.0,1.0,,,1.0,,2.0,,,,2.0,32.0
2022,3,11305534,삼양동,165,4.0,1.0,,,14.0,3.0,2.0,,1.0,,,,,,,,,3.0,34.0
2022,3,11305535,미아동,144,3.0,3.0,,1.0,14.0,,,,1.0,4.0,,,,,,,,1.0,28.0
2022,3,11305545,송중동,212,4.0,1.0,,2.0,18.0,4.0,2.0,,1.0,2.0,1.0,,1.0,,,,,,69.0
2022,3,11305555,송천동,164,9.0,5.0,,1.0,17.0,,1.0,2.0,2.0,,,2.0,,,,,,1.0,24.0
2022,3,11305575,삼각산동,114,2.0,1.0,,,9.0,1.0,,1.0,1.0,1.0,,,,,,,,,36.0
2022,3,11305595,번1동,136,3.0,3.0,,1.0,14.0,1.0,1.0,1.0,,,,,1.0,,,,,,30.0
2022,3,11305603,번2동,110,5.0,,,,7.0,1.0,,1.0,,,,,,1.0,,,,,54.0
2022,3,11305608,번3동,95,3.0,1.0,,,8.0,,2.0,,,,,,,,,,,,37.0
2022,3,11305615,수유1동,153,4.0,2.0,,,12.0,,2.0,3.0,1.0,,,1.0,,,,,,1.0,40.0
2022,3,11305625,수유2동,85,3.0,,,,12.0,3.0,,,,,,,,,,,,1.0,15.0
2022,3,11305635,수유3동,158,4.0,6.0,,1.0,16.0,,,1.0,,,,,1.0,,,,,1.0,30.0
2022,3,11305645,우이동,132,2.0,,,,7.0,1.0,,1.0,,2.0,,,,,,,,3.0,54.0
2022,3,11305660,인수동,175,13.0,2.0,1.0,2.0,14.0,2.0,2.0,2.0,,5.0,,1.0,,,,,,,57.0
2022,3,11320511,창1동,94,3.0,2.0,,,7.0,1.0,1.0,2.0,1.0,,,,,,,,,1.0,28.0
2022,3,11320512,창2동,95,3.0,,,1.0,8.0,1.0,1.0,,,,,,,,,,,,44.0
2022,3,11320513,창3동,66,1.0,,,,7.0,1.0,2.0,,,,,1.0,,,,,,,25.0
2022,3,11320514,창4동,130,7.0,4.0,,,8.0,1.0,2.0,1.0,2.0,,,,,,,,,,51.0
2022,3,11320515,창5동,119,7.0,3.0,,3.0,12.0,1.0,3.0,,,,,,2.0,,,,,2.0,24.0
2022,3,11320521,도봉1동,122,4.0,1.0,,,9.0,2.0,2.0,1.0,1.0,2.0,,1.0,,,,,,,38.0
2022,3,11320522,도봉2동,127,8.0,3.0,,,7.0,1.0,1.0,1.0,1.0,1.0,,,,1.0,,,,3.0,49.0
2022,3,11320660,쌍문1동,126,6.0,1.0,,1.0,4.0,1.0,3.0,,1.0,17.0,,,,,,,,,54.0
2022,3,11320670,쌍문2동,87,3.0,1.0,,1.0,10.0,1.0,1.0,1.0,,,,,,2.0,,,,,19.0
2022,3,11320680,쌍문3동,78,3.0,3.0,1.0,,12.0,,,1.0,,,,,,1.0,,,,1.0,17.0
2022,3,11320681,쌍문4동,64,1.0,,,,4.0,5.0,2.0,2.0,3.0,,,,,,,,,,23.0
2022,3,11320690,방학1동,148,6.0,6.0,,2.0,15.0,2.0,1.0,1.0,1.0,,,,,,,,,1.0,39.0
2022,3,11320700,방학2동,64,3.0,,,,7.0,,1.0,1.0,,,,,,,,,,,23.0
2022,3,11320710,방학3동,112,3.0,3.0,,,6.0,3.0,3.0,1.0,,,,,,,,,,,47.0
2022,3,11350560,월계1동,159,4.0,2.0,,,10.0,2.0,1.0,1.0,1.0,17.0,,,,,,,,,59.0
2022,3,11350570,월계2동,136,4.0,,,,5.0,3.0,2.0,3.0,4.0,11.0,,,,,,,,1.0,64.0
2022,3,11350580,월계3동,135,5.0,3.0,,,8.0,4.0,3.0,1.0,,,,,,,,,,2.0,47.0
2022,3,11350595,공릉1동,211,4.0,6.0,,4.0,21.0,3.0,3.0,,,1.0,,1.0,,,,,,3.0,54.0
2022,3,11350600,공릉2동,271,7.0,6.0,1.0,,14.0,3.0,4.0,4.0,2.0,64.0,,1.0,,,,,,1.0,63.0
2022,3,11350611,하계1동,133,4.0,3.0,1.0,,9.0,1.0,1.0,2.0,4.0,16.0,,,,,,,,,41.0
2022,3,11350612,하계2동,67,2.0,1.0,,,4.0,2.0,2.0,1.0,,,,,,,,,,1.0,28.0
2022,3,11350619,중계본동,95,5.0,2.0,,,7.0,3.0,2.0,,3.0,,,,,,,,,,21.0
2022,3,11350621,중계1동,85,2.0,3.0,,,7.0,,2.0,1.0,2.0,,,,,,,,,,18.0
2022,3,11350624,중계4동,81,2.0,3.0,,,14.0,1.0,1.0,3.0,2.0,,,,,,,,,,6.0
2022,3,11350625,중계2?3동,142,7.0,2.0,,,10.0,4.0,4.0,1.0,3.0,,,,2.0,,,,,1.0,39.0
2022,3,11350630,상계1동,190,5.0,2.0,,,14.0,3.0,3.0,2.0,1.0,,,,1.0,,,,,1.0,38.0
2022,3,11350640,상계2동,182,2.0,1.0,,2.0,19.0,1.0,1.0,1.0,,,,,1.0,,,,,2.0,33.0
2022,3,11350665,상계3?4동,107,4.0,1.0,,,9.0,3.0,2.0,,,1.0,,,,2.0,,,,1.0,11.0
2022,3,11350670,상계5동,105,2.0,1.0,,,11.0,,1.0,,,,,,,3.0,,,,1.0,36.0
2022,3,11350695,상계6?7동,253,9.0,11.0,1.0,1.0,29.0,,3.0,2.0,1.0,4.0,,,1.0,,,,,,40.0
2022,3,11350700,상계8동,92,3.0,3.0,,,7.0,,,1.0,,,,,,,,,,1.0,15.0
2022,3,11350710,상계9동,78,3.0,4.0,,,6.0,1.0,3.0,2.0,2.0,,,,,,,,,,18.0
2022,3,11350720,상계10동,64,3.0,,,,1.0,1.0,2.0,1.0,1.0,,,,,,,,,,30.0
2022,3,11380510,녹번동,148,8.0,3.0,,2.0,12.0,1.0,3.0,,,,,1.0,1.0,,,,,2.0,35.0
2022,3,11380520,불광1동,198,6.0,4.0,,1.0,17.0,4.0,2.0,,,,,,1.0,,,,,3.0,49.0
2022,3,11380530,불광2동,113,6.0,1.0,,,5.0,,3.0,3.0,1.0,,,3.0,,,,,,,32.0
2022,3,11380551,갈현1동,133,2.0,2.0,1.0,,13.0,1.0,,,,,,,,,,,,2.0,48.0
2022,3,11380552,갈현2동,121,3.0,1.0,,1.0,15.0,5.0,2.0,1.0,5.0,,,,,,,,,1.0,34.0
2022,3,11380560,구산동,127,3.0,,,1.0,8.0,3.0,3.0,2.0,3.0,,,,,,,,,,38.0
2022,3,11380570,대조동,205,3.0,5.0,,1.0,24.0,,2.0,,2.0,,,,1.0,,,,,,32.0
2022,3,11380580,응암1동,133,5.0,5.0,,1.0,20.0,1.0,1.0,1.0,1.0,,,,,,,,,,27.0
2022,3,11380590,응암2동,91,3.0,1.0,,1.0,10.0,2.0,1.0,,,,,,,,,,,,37.0
2022,3,11380600,응암3동,138,3.0,3.0,,1.0,16.0,1.0,1.0,2.0,1.0,,,2.0,,,,,,,31.0
2022,3,11380625,역촌동,176,5.0,5.0,,2.0,18.0,2.0,1.0,,,,,,,,,,,,51.0
2022,3,11380631,신사1동,94,3.0,,,,8.0,3.0,,1.0,,5.0,,,,,,,,1.0,22.0
2022,3,11380632,신사2동,82,4.0,,,,5.0,,3.0,1.0,1.0,,,,,,,,,1.0,35.0
2022,3,11380640,증산동,83,3.0,,,,8.0,1.0,1.0,2.0,,,,2.0,,,,,,1.0,16.0
2022,3,11380650,수색동,60,5.0,2.0,,,5.0,1.0,1.0,,,,,2.0,,,,,,1.0,22.0
2022,3,11380690,진관동,242,6.0,6.0,,,22.0,6.0,6.0,2.0,4.0,,,,1.0,,,,,1.0,81.0
2022,3,11410520,천연동,127,4.0,1.0,,,4.0,,1.0,1.0,1.0,11.0,,,,1.0,,,,,44.0
2022,3,11410555,북아현동,76,2.0,2.0,,1.0,7.0,1.0,1.0,,1.0,,,,,,,,,,17.0
2022,3,11410565,충현동,184,9.0,8.0,,,7.0,1.0,3.0,1.0,2.0,24.0,,,,,,,,3.0,58.0
2022,3,11410585,신촌동,368,6.0,10.0,1.0,,22.0,1.0,3.0,1.0,1.0,109.0,1.0,,4.0,3.0,,,,2.0,60.0
2022,3,11410615,연희동,201,7.0,7.0,,1.0,16.0,,1.0,3.0,1.0,13.0,,,1.0,1.0,,,,,70.0
2022,3,11410620,홍제1동,135,3.0,2.0,,,10.0,2.0,2.0,,,1.0,,,,1.0,,,,1.0,40.0
2022,3,11410640,홍제3동,129,3.0,3.0,,2.0,14.0,1.0,2.0,1.0,,3.0,,4.0,,6.0,,,,1.0,46.0
2022,3,11410655,홍제2동,56,1.0,,,,6.0,3.0,,,,,,,,1.0,,,,,15.0
2022,3,11410660,홍은1동,86,3.0,,,,7.0,1.0,1.0,,,,,,,1.0,,,,,32.0
2022,3,11410685,홍은2동,161,4.0,2.0,1.0,,8.0,,2.0,3.0,1.0,12.0,,,,,,,,,83.0
2022,3,11410690,남가좌1동,94,2.0,3.0,,1.0,9.0,,1.0,,,,,1.0,,1.0,,,,1.0,20.0
2022,3,11410700,남가좌2동,117,4.0,4.0,,,12.0,4.0,1.0,1.0,,8.0,,,,,,,,,24.0
2022,3,11410710,북가좌1동,60,1.0,2.0,,,5.0,2.0,1.0,1.0,1.0,,,,,,,,,,13.0
2022,3,11410720,북가좌2동,115,3.0,3.0,,,12.0,2.0,,,,,,,,,,,,,39.0
2022,3,11440555,아현동,145,5.0,8.0,,,16.0,1.0,1.0,1.0,1.0,,,,,1.0,,,,2.0,23.0
2022,3,11440565,공덕동,172,7.0,9.0,,,21.0,1.0,3.0,,,,,2.0,,,,,,4.0,39.0
2022,3,11440585,도화동,144,4.0,7.0,,,15.0,2.0,1.0,,,,,,1.0,1.0,,,,1.0,38.0
2022,3,11440590,용강동,90,7.0,6.0,,1.0,10.0,2.0,1.0,,,,,,,,,,,1.0,24.0
2022,3,11440600,대흥동,209,5.0,5.0,,,18.0,,3.0,1.0,1.0,27.0,,,,3.0,,,,3.0,38.0
2022,3,11440610,염리동,52,3.0,1.0,,,3.0,1.0,1.0,2.0,3.0,,,,,2.0,,,,,10.0
2022,3,11440630,신수동,76,4.0,1.0,,1.0,5.0,1.0,1.0,1.0,1.0,,,,,,,,,,24.0
2022,3,11440655,서강동,156,6.0,4.0,,,7.0,1.0,1.0,,,20.0,,,,,,,,2.0,64.0
2022,3,11440660,서교동,358,13.0,22.0,,,31.0,1.0,1.0,,,2.0,,,5.0,3.0,,,,7.0,88.0
2022,3,11440680,합정동,109,4.0,3.0,,,10.0,1.0,1.0,1.0,,,,,,,,,,,32.0
2022,3,11440690,망원1동,95,2.0,2.0,,,11.0,,,,,,,,,1.0,,,,,23.0
2022,3,11440700,망원2동,83,4.0,1.0,,,6.0,1.0,2.0,,,,,,,,,,,,33.0
2022,3,11440710,연남동,52,2.0,1.0,,,2.0,1.0,,1.0,2.0,,,,,,,,,,23.0
2022,3,11440720,성산1동,86,4.0,2.0,,,5.0,1.0,2.0,2.0,1.0,1.0,,,,1.0,,,,,29.0
2022,3,11440730,성산2동,158,6.0,3.0,,,13.0,2.0,3.0,2.0,,,,1.0,1.0,,,,,2.0,47.0
2022,3,11440740,상암동,247,10.0,11.0,,,14.0,3.0,3.0,1.0,1.0,,,1.0,,,,,,4.0,104.0
2022,3,11470510,목1동,190,5.0,12.0,,1.0,21.0,1.0,1.0,1.0,1.0,2.0,,,2.0,,,,,2.0,29.0
2022,3,11470520,목2동,97,3.0,2.0,,1.0,13.0,3.0,1.0,,,,,,,1.0,,,,1.0,18.0
2022,3,11470530,목3동,96,3.0,4.0,,,11.0,1.0,,1.0,,,,,,,,,,,7.0
2022,3,11470540,목4동,84,3.0,3.0,,,9.0,1.0,1.0,1.0,1.0,,,,,,,,,,14.0
2022,3,11470550,목5동,143,8.0,9.0,1.0,,12.0,4.0,3.0,2.0,2.0,,,,,,,,,,52.0
2022,3,11470560,신월1동,71,3.0,3.0,,,12.0,1.0,,,,,,,,,,,,,9.0
2022,3,11470570,신월2동,65,3.0,1.0,,,6.0,1.0,2.0,2.0,,,,,,,,,,,12.0
2022,3,11470580,신월3동,70,2.0,1.0,,,7.0,1.0,1.0,2.0,3.0,,,,,,,,,,8.0
2022,3,11470590,신월4동,63,2.0,1.0,,,6.0,3.0,1.0,,,,,,,,,,,,11.0
2022,3,11470600,신월5동,54,3.0,,,1.0,3.0,2.0,1.0,2.0,,,,,,,,,,,12.0
2022,3,11470610,신월6동,47,1.0,2.0,,1.0,5.0,1.0,1.0,1.0,,,,,,,,,,,15.0
2022,3,11470611,신월7동,74,6.0,1.0,,,10.0,2.0,,1.0,,,,,,,,,,,21.0
2022,3,11470620,신정1동,94,7.0,3.0,,,9.0,2.0,2.0,1.0,,,,,,,,,,,26.0
2022,3,11470630,신정2동,71,3.0,1.0,,,7.0,1.0,2.0,1.0,,,,,,,,,,,20.0
2022,3,11470640,신정3동,203,4.0,1.0,,,15.0,1.0,3.0,1.0,4.0,,,,,,,,,1.0,81.0
2022,3,11470650,신정4동,161,3.0,8.0,1.0,1.0,16.0,3.0,2.0,,2.0,,,,,,,,,1.0,18.0
2022,3,11470670,신정6동,72,7.0,6.0,,,2.0,2.0,,1.0,1.0,,,,,,,,,,31.0
2022,3,11470680,신정7동,107,3.0,2.0,,,8.0,3.0,3.0,1.0,1.0,,,,,,,,,1.0,30.0
2022,3,11500510,염창동,147,5.0,3.0,,1.0,15.0,,2.0,2.0,,,,,,,,,,2.0,35.0
2022,3,11500520,등촌1동,95,1.0,5.0,,1.0,10.0,,1.0,,,,,,1.0,,,,,,20.0
2022,3,11500530,등촌2동,58,3.0,,,1.0,6.0,2.0,2.0,2.0,2.0,,,,,,,,,,8.0
2022,3,11500535,등촌3동,184,6.0,3.0,1.0,2.0,18.0,2.0,5.0,2.0,4.0,,,,1.0,,,,,,55.0
2022,3,11500540,화곡1동,226,3.0,2.0,,2.0,26.0,,2.0,1.0,,,,,1.0,,,,,2.0,27.0
2022,3,11500550,화곡2동,65,2.0,,,,3.0,2.0,1.0,,,,,,,,,,,,30.0
2022,3,11500560,화곡3동,87,4.0,3.0,,,8.0,2.0,,,,,,,,,,,,,12.0
2022,3,11500570,화곡4동,101,4.0,2.0,,,14.0,3.0,1.0,,2.0,,,,,,,,,,30.0
2022,3,11500590,화곡본동,145,3.0,,,1.0,11.0,1.0,2.0,,,,,,,,,,,,31.0
2022,3,11500591,화곡6동,118,7.0,5.0,,,8.0,2.0,1.0,,,9.0,,,,,,,,,29.0
2022,3,11500593,화곡8동,95,2.0,3.0,,,8.0,1.0,,,,,,,,,,,,1.0,33.0
2022,3,11500603,가양1동,279,5.0,13.0,,,20.0,3.0,1.0,1.0,1.0,,,,1.0,2.0,,,,5.0,69.0
2022,3,11500604,가양2동,75,4.0,3.0,,,7.0,3.0,1.0,1.0,1.0,,,,,,,,,1.0,14.0
2022,3,11500605,가양3동,52,3.0,,,,4.0,3.0,2.0,1.0,1.0,,,,,,,,,1.0,13.0
2022,3,11500611,발산1동,246,3.0,9.0,1.0,2.0,33.0,2.0,3.0,4.0,8.0,,,1.0,,,,,,,63.0
2022,3,11500615,우장산동,158,4.0,4.0,,3.0,12.0,3.0,2.0,,,5.0,,,,,,,,1.0,33.0
2022,3,11500620,공항동,176,6.0,7.0,1.0,,11.0,1.0,2.0,2.0,,4.0,,,,,21.0,,,2.0,39.0
2022,3,11500630,방화1동,200,2.0,3.0,,2.0,21.0,4.0,3.0,1.0,3.0,,,,,1.0,,,,1.0,46.0
2022,3,11500640,방화2동,124,4.0,,,,7.0,3.0,1.0,1.0,,,,2.0,1.0,,4.0,,,5.0,37.0
2022,3,11500641,방화3동,83,5.0,1.0,,,5.0,2.0,3.0,2.0,1.0,1.0,,,,,,,,1.0,22.0
2022,3,11530510,신도림동,168,5.0,4.0,,,12.0,2.0,1.0,1.0,1.0,1.0,,2.0,1.0,1.0,,,,3.0,43.0
2022,3,11530520,구로1동,88,4.0,1.0,,,5.0,3.0,1.0,1.0,1.0,,,4.0,,,,,,,25.0
2022,3,11530530,구로2동,197,6.0,12.0,1.0,1.0,21.0,1.0,1.0,,1.0,,,7.0,,16.0,,,,1.0,48.0
2022,3,11530540,구로3동,187,7.0,18.0,,,15.0,1.0,2.0,1.0,,,,,,5.0,,,,2.0,47.0
2022,3,11530550,구로4동,139,5.0,3.0,,,15.0,2.0,1.0,1.0,,,,1.0,,19.0,,,,,13.0
2022,3,11530560,구로5동,167,5.0,4.0,,2.0,18.0,,3.0,1.0,1.0,2.0,1.0,,3.0,,,,,1.0,49.0
2022,3,11530595,가리봉동,74,,,,,6.0,,1.0,,1.0,,,,,23.0,,,,,8.0
2022,3,11530720,고척1동,135,5.0,4.0,1.0,1.0,9.0,,3.0,1.0,1.0,12.0,,8.0,,4.0,,,,,31.0
2022,3,11530730,고척2동,128,5.0,2.0,,1.0,11.0,,2.0,1.0,1.0,,,,,,,,,,40.0
2022,3,11530740,개봉1동,163,5.0,3.0,,1.0,11.0,2.0,1.0,2.0,,4.0,,1.0,,,,,,1.0,57.0
2022,3,11530750,개봉2동,116,3.0,3.0,,,10.0,2.0,,,,,,1.0,1.0,,,,,,26.0
2022,3,11530760,개봉3동,81,3.0,2.0,,,9.0,1.0,3.0,1.0,,,,1.0,1.0,,,,,,23.0
2022,3,11530770,오류1동,122,5.0,4.0,,,11.0,3.0,1.0,,,,,,,,,,,1.0,22.0
2022,3,11530780,오류2동,209,3.0,1.0,,1.0,9.0,6.0,3.0,2.0,1.0,,,,,,,,,1.0,86.0
2022,3,11530790,수궁동,154,3.0,1.0,,,5.0,2.0,1.0,1.0,6.0,,,1.0,,,,,,3.0,69.0
2022,3,11530800,항동,64,1.0,,,,2.0,1.0,1.0,,,10.0,,,,,,,,,37.0
2022,3,11545510,가산동,304,10.0,25.0,,1.0,21.0,2.0,,,,,,,1.0,17.0,,,,3.0,111.0
2022,3,11545610,독산1동,217,3.0,6.0,,2.0,17.0,2.0,4.0,3.0,,,,,1.0,3.0,,,,,74.0
2022,3,11545620,독산2동,73,2.0,1.0,,,8.0,,2.0,,,1.0,,,,,,,,,11.0
2022,3,11545630,독산3동,119,4.0,4.0,,,14.0,2.0,2.0,2.0,1.0,,,1.0,,,,,,,29.0
2022,3,11545640,독산4동,64,5.0,2.0,,1.0,4.0,,1.0,,,,,,,,,,,,16.0
2022,3,11545670,시흥1동,223,9.0,7.0,1.0,2.0,25.0,2.0,3.0,1.0,1.0,,,,,3.0,,,,1.0,52.0
2022,3,11545680,시흥2동,76,2.0,,,,3.0,2.0,3.0,1.0,2.0,,,,,,,,,,30.0
2022,3,11545690,시흥3동,66,3.0,3.0,,,5.0,,1.0,1.0,1.0,,,,,1.0,,,,,21.0
2022,3,11545700,시흥4동,72,1.0,1.0,,,6.0,,1.0,1.0,,,,,,,,,,,27.0
2022,3,11545710,시흥5동,106,3.0,,,,16.0,2.0,3.0,,,,,,,,,,,,37.0
2022,3,11560515,영등포본동,94,4.0,,,,10.0,2.0,2.0,1.0,2.0,,,,1.0,2.0,,,,1.0,23.0
2022,3,11560535,영등포동,325,10.0,17.0,2.0,2.0,37.0,,1.0,,,1.0,,,1.0,16.0,,,,1.0,41.0
2022,3,11560540,여의동,399,23.0,70.0,1.0,,44.0,,2.0,2.0,2.0,,,,1.0,,,,,5.0,61.0
2022,3,11560550,당산1동,131,6.0,5.0,,1.0,8.0,1.0,,,,,,,,12.0,,,,2.0,23.0
2022,3,11560560,당산2동,192,6.0,4.0,,,20.0,3.0,2.0,2.0,,,,,,,,,,2.0,46.0
2022,3,11560585,도림동,66,2.0,,,,6.0,2.0,,,,,,,,,,,,,28.0
2022,3,11560605,문래동,185,8.0,9.0,,,17.0,,3.0,2.0,,,,,,2.0,,,,1.0,56.0
2022,3,11560610,양평1동,87,5.0,3.0,,1.0,6.0,,1.0,,1.0,,,,,1.0,,,,1.0,22.0
2022,3,11560620,양평2동,131,8.0,6.0,,,7.0,1.0,2.0,1.0,2.0,,,,,3.0,,,,1.0,35.0
2022,3,11560630,신길1동,85,1.0,2.0,1.0,1.0,13.0,,1.0,,,,,,,4.0,,,,2.0,25.0
2022,3,11560650,신길3동,102,3.0,5.0,,1.0,12.0,3.0,1.0,,,,,,,2.0,,,,,32.0
2022,3,11560660,신길4동,43,1.0,1.0,,,2.0,2.0,1.0,,,,,,,,,,,,13.0
2022,3,11560670,신길5동,66,3.0,,,,,1.0,1.0,1.0,1.0,,,,,5.0,,,,,31.0
2022,3,11560680,신길6동,123,4.0,1.0,,1.0,14.0,1.0,1.0,,1.0,,,1.0,,2.0,,,,1.0,29.0
2022,3,11560690,신길7동,78,5.0,1.0,,,7.0,1.0,1.0,,,,,,,1.0,,,,1.0,32.0
2022,3,11560700,대림1동,81,2.0,4.0,2.0,,18.0,,1.0,1.0,,,,2.0,,3.0,,,,,16.0
2022,3,11560710,대림2동,86,4.0,2.0,1.0,,16.0,,2.0,,,1.0,,,,1.0,,,,,13.0
2022,3,11560720,대림3동,126,2.0,7.0,,1.0,11.0,3.0,2.0,1.0,,2.0,,1.0,,,,,,2.0,46.0
2022,3,11590510,노량진1동,180,5.0,4.0,,,14.0,2.0,3.0,1.0,,1.0,,,,2.0,,,,3.0,57.0
2022,3,11590520,노량진2동,72,5.0,4.0,,1.0,14.0,1.0,,,,,,,,1.0,,,,,14.0
2022,3,11590530,상도1동,201,5.0,4.0,,1.0,16.0,2.0,2.0,1.0,,23.0,,,,,,,,2.0,47.0
2022,3,11590540,상도2동,154,6.0,3.0,,,16.0,1.0,1.0,1.0,,,,1.0,,1.0,,,,1.0,41.0
2022,3,11590550,상도3동,113,2.0,2.0,,,11.0,,,1.0,,,,1.0,,,,,,,36.0
2022,3,11590560,상도4동,112,3.0,1.0,,1.0,11.0,4.0,1.0,1.0,,,,,1.0,,,,,,36.0
2022,3,11590605,흑석동,195,6.0,6.0,1.0,,24.0,5.0,3.0,2.0,,16.0,,,,1.0,,,,1.0,50.0
2022,3,11590620,사당1동,126,4.0,6.0,,2.0,12.0,1.0,1.0,,,1.0,,,1.0,1.0,,,,2.0,13.0
2022,3,11590630,사당2동,179,3.0,2.0,,,14.0,,1.0,1.0,2.0,,,,,2.0,,,,4.0,36.0
2022,3,11590640,사당3동,88,3.0,1.0,,,5.0,,2.0,1.0,,3.0,,1.0,,,,,,1.0,30.0
2022,3,11590650,사당4동,62,2.0,1.0,,,6.0,,,1.0,,,,1.0,,,,,,,4.0
2022,3,11590651,사당5동,61,4.0,,,,3.0,1.0,2.0,1.0,1.0,,,,,,,,,,28.0
2022,3,11590660,대방동,199,5.0,5.0,,,16.0,3.0,3.0,4.0,4.0,,,,,,,,,2.0,61.0
2022,3,11590670,신대방1동,83,3.0,1.0,,,10.0,3.0,1.0,1.0,,1.0,,,,,,,,1.0,15.0
2022,3,11590680,신대방2동,109,7.0,7.0,1.0,,16.0,,1.0,1.0,1.0,,,,,,,,,,29.0
2022,3,11620525,보라매동,83,1.0,1.0,,,5.0,,1.0,1.0,1.0,,,,,,,,,,25.0
2022,3,11620545,청림동,50,2.0,,,,4.0,2.0,,,,,,,,2.0,,,,,7.0
2022,3,11620565,성현동,104,4.0,,,,6.0,3.0,2.0,1.0,1.0,,,,,,,,,,38.0
2022,3,11620575,행운동,111,3.0,3.0,1.0,2.0,12.0,1.0,2.0,2.0,1.0,,,,,,,,,,15.0
2022,3,11620585,낙성대동,148,2.0,3.0,,,10.0,,1.0,,,37.0,,,,2.0,,,,,37.0
2022,3,11620595,청룡동,147,5.0,6.0,,1.0,23.0,,2.0,2.0,3.0,,,1.0,1.0,1.0,,,,1.0,15.0
2022,3,11620605,은천동,123,6.0,,,,9.0,3.0,1.0,,1.0,,,,,,,,,,43.0
2022,3,11620615,중앙동,83,1.0,3.0,,1.0,14.0,,1.0,,,,,,,,,,,1.0,12.0
2022,3,11620625,인헌동,105,2.0,5.0,,,14.0,1.0,,1.0,1.0,,,2.0,,,,,,1.0,23.0
2022,3,11620630,남현동,70,3.0,1.0,,,6.0,1.0,1.0,,,1.0,,,,,,,,,6.0
2022,3,11620645,서원동,94,3.0,1.0,1.0,1.0,9.0,,,1.0,,,,,1.0,,,,,,27.0
2022,3,11620655,신원동,54,6.0,1.0,,,7.0,,1.0,,,1.0,,,,,,,,,10.0
2022,3,11620665,서림동,74,2.0,,,,5.0,1.0,1.0,1.0,,,,,,,,,,,34.0
2022,3,11620685,신사동,79,3.0,2.0,,1.0,10.0,1.0,1.0,,,1.0,,1.0,,,,,,,21.0
2022,3,11620695,신림동,168,2.0,3.0,,,17.0,,,,,,,,,4.0,,,,1.0,16.0
2022,3,11620715,난향동,68,1.0,,,,5.0,,1.0,,,,,,,,,,,,34.0
2022,3,11620725,조원동,96,3.0,1.0,,1.0,12.0,,1.0,,,,,1.0,,,,,,,30.0
2022,3,11620735,대학동,283,5.0,6.0,,,11.0,,1.0,1.0,2.0,140.0,,,,,,,,,73.0
2022,3,11620745,삼성동,94,3.0,,,,7.0,,2.0,,1.0,,,,,3.0,,,,,44.0
2022,3,11620765,미성동,126,3.0,3.0,,1.0,11.0,1.0,2.0,2.0,2.0,,,,,1.0,,,,,44.0
2022,3,11620775,난곡동,95,2.0,1.0,,,11.0,2.0,1.0,2.0,1.0,,,1.0,,,,,,,28.0
2022,3,11650510,서초1동,194,4.0,10.0,,1.0,14.0,,2.0,,,13.0,,,,,,,,2.0,38.0
2022,3,11650520,서초2동,217,8.0,26.0,,,24.0,,1.0,1.0,1.0,,,,,1.0,,,,2.0,47.0
2022,3,11650530,서초3동,332,25.0,30.0,,3.0,30.0,1.0,1.0,1.0,3.0,2.0,,,,,,,1.0,2.0,77.0
2022,3,11650531,서초4동,257,2.0,13.0,,1.0,31.0,2.0,2.0,1.0,,,,,1.0,,,,,,36.0
2022,3,11650540,잠원동,135,3.0,8.0,,,13.0,1.0,1.0,1.0,,,,,,,,,,2.0,23.0
2022,3,11650550,반포본동,33,1.0,3.0,,,2.0,,1.0,2.0,2.0,,,1.0,,,,,,1.0,5.0
2022,3,11650560,반포1동,140,6.0,6.0,,1.0,20.0,1.0,2.0,1.0,1.0,,,,,,,,,1.0,26.0
2022,3,11650570,반포2동,74,4.0,5.0,,,5.0,,2.0,1.0,,,,1.0,,,,,,1.0,25.0
2022,3,11650580,반포3동,109,3.0,7.0,,,11.0,,1.0,1.0,,,,,,,,,,,18.0
2022,3,11650581,반포4동,130,7.0,12.0,1.0,,12.0,,,1.0,,3.0,,,1.0,,,,,3.0,33.0
2022,3,11650590,방배본동,103,2.0,6.0,,,16.0,,1.0,,,,,1.0,,,,,,,25.0
2022,3,11650600,방배1동,102,3.0,4.0,,1.0,10.0,,1.0,,,3.0,,1.0,,,,,,1.0,19.0
2022,3,11650610,방배2동,114,4.0,2.0,,,3.0,,1.0,1.0,1.0,,,1.0,,1.0,,,,1.0,37.0
2022,3,11650620,방배3동,112,4.0,3.0,,2.0,6.0,,2.0,,1.0,7.0,,,,,,,,,50.0
2022,3,11650621,방배4동,156,3.0,10.0,,,11.0,,1.0,,1.0,4.0,,,,1.0,,,,1.0,31.0
2022,3,11650651,양재1동,263,12.0,11.0,,1.0,20.0,3.0,4.0,1.0,,1.0,,,,,,,,2.0,86.0
2022,3,11650652,양재2동,147,2.0,16.0,,,11.0,,1.0,2.0,1.0,,,1.0,,,,,,1.0,57.0
2022,3,11650660,내곡동,161,5.0,1.0,,1.0,2.0,2.0,1.0,,,3.0,,1.0,,,,,,1.0,85.0
2022,3,11680510,신사동,260,3.0,14.0,,,36.0,2.0,1.0,1.0,2.0,,1.0,,1.0,,,,,1.0,12.0
2022,3,11680521,논현1동,300,4.0,15.0,,4.0,42.0,,1.0,,,,,1.0,8.0,,,,,3.0,23.0
2022,3,11680531,논현2동,240,8.0,16.0,,5.0,29.0,1.0,1.0,1.0,,4.0,,,2.0,,,,,1.0,33.0
2022,3,11680545,압구정동,313,4.0,25.0,,5.0,30.0,1.0,1.0,2.0,2.0,,2.0,1.0,3.0,,,,,2.0,18.0
2022,3,11680565,청담동,288,11.0,19.0,,4.0,27.0,2.0,2.0,1.0,1.0,1.0,,,,,,,,3.0,23.0
2022,3,11680580,삼성1동,199,6.0,26.0,,3.0,13.0,1.0,1.0,1.0,1.0,,1.0,,1.0,,,,,3.0,38.0
2022,3,11680590,삼성2동,177,10.0,11.0,,,11.0,,1.0,1.0,,1.0,,,,,,,,4.0,28.0
2022,3,11680600,대치1동,130,4.0,11.0,,,13.0,1.0,1.0,1.0,2.0,1.0,,,,,,,,,24.0
2022,3,11680610,대치2동,210,6.0,26.0,,2.0,20.0,,2.0,1.0,1.0,,,,,,,,,2.0,39.0
2022,3,11680630,대치4동,159,4.0,12.0,1.0,1.0,18.0,,1.0,,,1.0,1.0,,,,,,,,14.0
2022,3,11680640,역삼1동,542,15.0,49.0,1.0,3.0,64.0,1.0,1.0,,,,,,3.0,1.0,,,,1.0,44.0
2022,3,11680650,역삼2동,195,3.0,14.0,,2.0,25.0,,1.0,2.0,1.0,1.0,,,,,,,,,31.0
2022,3,11680655,도곡1동,142,4.0,9.0,1.0,4.0,20.0,2.0,1.0,2.0,1.0,,,,,,,,,1.0,27.0
2022,3,11680656,도곡2동,118,7.0,23.0,,,10.0,2.0,1.0,1.0,2.0,,,,,,,,,3.0,25.0
2022,3,11680660,개포1동,38,1.0,1.0,,,1.0,,1.0,2.0,,,,,,,,,,,29.0
2022,3,11680670,개포2동,135,3.0,3.0,,,9.0,5.0,4.0,1.0,3.0,,,,,,,,,3.0,50.0
2022,3,11680690,개포4동,115,3.0,4.0,,,7.0,,2.0,1.0,1.0,,,,,,,,,,49.0
2022,3,11680700,세곡동,191,4.0,1.0,,,9.0,3.0,4.0,1.0,1.0,,,,,,,,,,95.0
2022,3,11680720,일원본동,103,2.0,6.0,1.0,,15.0,2.0,2.0,1.0,2.0,,,,,,,,,1.0,32.0
2022,3,11680730,일원1동,74,4.0,1.0,,,11.0,1.0,2.0,,1.0,,,,,,,,,,18.0
2022,3,11680740,일원2동,66,3.0,3.0,,,6.0,2.0,1.0,1.0,,,,,,,,,,1.0,13.0
2022,3,11680750,수서동,89,3.0,3.0,,,11.0,2.0,1.0,1.0,2.0,,,,,,,,,2.0,23.0
2022,3,11710510,풍납1동,48,3.0,,,1.0,6.0,1.0,1.0,,,,,,,,,,,,6.0
2022,3,11710520,풍납2동,125,5.0,5.0,1.0,,26.0,2.0,2.0,3.0,1.0,3.0,,,,,,,,1.0,24.0
2022,3,11710531,거여1동,48,2.0,,,,2.0,,1.0,,1.0,,,,,1.0,,,,1.0,6.0
2022,3,11710532,거여2동,78,3.0,3.0,,1.0,12.0,1.0,1.0,1.0,,,,,,,,,,,11.0
2022,3,11710540,마천1동,73,4.0,1.0,,,8.0,1.0,1.0,,,,,,,1.0,,,,1.0,15.0
2022,3,11710550,마천2동,93,3.0,2.0,,,14.0,,1.0,,,,,,,,,,,,12.0
2022,3,11710561,방이1동,73,2.0,1.0,,,10.0,2.0,2.0,1.0,1.0,,,,,,,,,1.0,11.0
2022,3,11710562,방이2동,164,3.0,5.0,,,18.0,,1.0,1.0,,,,,,,,,,1.0,13.0
2022,3,11710566,오륜동,74,4.0,6.0,,,6.0,1.0,2.0,2.0,3.0,11.0,,,,,,,,3.0,15.0
2022,3,11710570,오금동,134,5.0,5.0,,,13.0,3.0,3.0,4.0,2.0,,,,,,,,,3.0,27.0
2022,3,11710580,송파1동,102,2.0,4.0,,3.0,14.0,1.0,1.0,,,,,,,,,,,2.0,13.0
2022,3,11710590,송파2동,79,3.0,1.0,,,11.0,3.0,1.0,2.0,3.0,,,,,,,,,,7.0
2022,3,11710600,석촌동,159,3.0,7.0,,2.0,27.0,3.0,2.0,,,,,,,,,,,,20.0
2022,3,11710610,삼전동,118,4.0,2.0,,,14.0,3.0,1.0,1.0,1.0,,,,,1.0,,,,1.0,12.0
2022,3,11710620,가락본동,144,5.0,9.0,1.0,5.0,21.0,1.0,2.0,2.0,,,,,,,,,,,21.0
2022,3,11710631,가락1동,82,2.0,8.0,,,13.0,1.0,1.0,1.0,,,,1.0,,,,,,3.0,16.0
2022,3,11710632,가락2동,143,3.0,6.0,,,17.0,4.0,2.0,1.0,,,,,,,,,,1.0,22.0
2022,3,11710641,문정1동,70,3.0,1.0,,,5.0,1.0,1.0,1.0,,,,,,,,,,,19.0
2022,3,11710642,문정2동,149,10.0,12.0,,1.0,22.0,,1.0,,,,,,2.0,,,,,3.0,14.0
2022,3,11710646,장지동,136,4.0,3.0,,,10.0,1.0,2.0,1.0,3.0,,,,1.0,,,,,1.0,41.0
2022,3,11710647,위례동,84,3.0,1.0,,,5.0,2.0,2.0,1.0,,,,,,,,,,,32.0
2022,3,11710650,잠실본동,192,5.0,9.0,,1.0,24.0,,1.0,,,,,,,,,,,1.0,12.0
2022,3,11710670,잠실2동,91,4.0,6.0,,,14.0,1.0,2.0,2.0,2.0,,,,,,,,,1.0,5.0
2022,3,11710680,잠실3동,103,5.0,9.0,,,11.0,1.0,3.0,,1.0,,,,,,,,,,16.0
2022,3,11710690,잠실4동,74,3.0,3.0,,,10.0,1.0,2.0,,1.0,,,,,,,,,2.0,7.0
2022,3,11710710,잠실6동,144,4.0,17.0,,1.0,23.0,,1.0,1.0,,,,,1.0,,,,,2.0,13.0
2022,3,11710720,잠실7동,30,2.0,4.0,,,4.0,,1.0,2.0,1.0,,,,,,,,,2.0,3.0
2022,3,11740515,강일동,187,5.0,3.0,,,12.0,2.0,2.0,2.0,1.0,,,,,,,,,3.0,79.0
2022,3,11740520,상일동,105,4.0,2.0,1.0,,8.0,4.0,2.0,2.0,5.0,,,,,,,,,,37.0
2022,3,11740530,명일1동,151,5.0,6.0,,2.0,17.0,,1.0,,,,,,,,,,,1.0,22.0
2022,3,11740540,명일2동,107,3.0,6.0,,,18.0,4.0,2.0,,1.0,,,,,,,,,,18.0
2022,3,11740550,고덕1동,92,3.0,,,,4.0,1.0,2.0,1.0,1.0,,,,,,,,,1.0,26.0
2022,3,11740560,고덕2동,78,3.0,1.0,,,9.0,1.0,2.0,1.0,2.0,,,,,,,,,1.0,25.0
2022,3,11740570,암사1동,90,2.0,1.0,,,8.0,1.0,1.0,,,1.0,,1.0,,,,,,,13.0
2022,3,11740580,암사2동,61,1.0,3.0,,,6.0,1.0,2.0,,,,,,,,,,,1.0,6.0
2022,3,11740590,암사3동,50,2.0,1.0,,,5.0,1.0,,2.0,1.0,,,,,,,,,,12.0
2022,3,11740600,천호1동,92,4.0,1.0,,,11.0,,1.0,1.0,1.0,1.0,,,1.0,,,,,1.0,11.0
2022,3,11740610,천호2동,203,4.0,3.0,,1.0,26.0,1.0,1.0,1.0,,,,,,3.0,,,,,22.0
2022,3,11740620,천호3동,115,4.0,3.0,,2.0,14.0,,,1.0,,,,,,1.0,,,,,11.0
2022,3,11740640,성내1동,98,6.0,4.0,,2.0,9.0,1.0,2.0,1.0,,1.0,,,1.0,,,,,,20.0
2022,3,11740650,성내2동,113,2.0,3.0,,4.0,14.0,,,,,,,,1.0,,,,,3.0,16.0
2022,3,11740660,성내3동,136,4.0,5.0,,,13.0,2.0,,,,2.0,,,,,,,,1.0,13.0
2022,3,11740685,길동,242,6.0,10.0,1.0,4.0,34.0,4.0,3.0,1.0,,1.0,,,,,,,,1.0,36.0
2022,3,11740690,둔촌1동,14,,,,,,,2.0,,1.0,,,,,,,,,1.0,6.0
2022,3,11740700,둔촌2동,129,5.0,4.0,1.0,,17.0,2.0,1.0,2.0,1.0,,,,,,,,,1.0,32.0
2022,4,11110515,청운효자동,93,6.0,3.0,,,4.0,1.0,1.0,2.0,2.0,8.0,,,,,,,,,26.0
2022,4,11110530,사직동,206,18.0,24.0,,,15.0,,1.0,,1.0,1.0,,,3.0,,,,,2.0,34.0
2022,4,11110540,삼청동,49,10.0,4.0,,1.0,1.0,,,1.0,1.0,2.0,,,,,,,,,16.0
2022,4,11110550,부암동,84,4.0,2.0,,,1.0,1.0,2.0,1.0,1.0,14.0,,,,,,,,,38.0
2022,4,11110560,평창동,162,6.0,2.0,,1.0,5.0,1.0,,,1.0,2.0,,,,,,,,,91.0
2022,4,11110570,무악동,42,2.0,1.0,1.0,,4.0,1.0,1.0,,,,,,,,,,,1.0,7.0
2022,4,11110580,교남동,78,4.0,3.0,2.0,,17.0,,,,1.0,1.0,,,,,,,,,26.0
2022,4,11110600,가회동,63,5.0,3.0,,,1.0,1.0,1.0,1.0,2.0,1.0,,,,,,,,,22.0
2022,4,11110615,종로1?2?3?4가동,500,19.0,35.0,,,47.0,1.0,2.0,,,4.0,,1.0,5.0,17.0,,,,5.0,72.0
2022,4,11110630,종로5?6가동,212,7.0,8.0,,,31.0,,1.0,,,1.0,,4.0,,3.0,,,,1.0,23.0
2022,4,11110640,이화동,119,4.0,4.0,1.0,,11.0,,,2.0,,37.0,,,,,,,,1.0,28.0
2022,4,11110650,혜화동,145,6.0,5.0,,,16.0,3.0,1.0,1.0,4.0,26.0,,,1.0,,,,,,36.0
2022,4,11110670,창신1동,111,3.0,4.0,,,9.0,,2.0,,,,,1.0,,7.0,,,,2.0,11.0
2022,4,11110680,창신2동,38,2.0,1.0,,,5.0,,,,,,,,,,,,,,
2022,4,11110690,창신3동,24,3.0,,,,1.0,,1.0,,1.0,,,,,,,,,1.0,5.0
2022,4,11110700,숭인1동,43,3.0,1.0,,,3.0,1.0,,,,,,,,,,,,,14.0
2022,4,11110710,숭인2동,89,4.0,3.0,,1.0,4.0,,,,,,,2.0,,3.0,,,,2.0,6.0
2022,4,11140520,소공동,231,13.0,29.0,,,10.0,,1.0,4.0,3.0,,1.0,,3.0,3.0,,,,3.0,37.0
2022,4,11140540,회현동,211,9.0,17.0,,,16.0,1.0,,,,2.0,,2.0,1.0,2.0,,,,6.0,35.0
2022,4,11140550,명동,542,20.0,46.0,,,35.0,,1.0,,,4.0,,,3.0,12.0,,,,1.0,29.0
2022,4,11140570,필동,123,6.0,9.0,1.0,,7.0,,2.0,,1.0,19.0,,,2.0,1.0,,,,2.0,15.0
2022,4,11140580,장충동,63,6.0,2.0,,,1.0,,1.0,,,3.0,,,1.0,2.0,,,,1.0,13.0
2022,4,11140590,광희동,185,3.0,16.0,1.0,,14.0,,,1.0,,,,1.0,3.0,11.0,,,,3.0,19.0
2022,4,11140605,을지로동,145,5.0,10.0,,,13.0,,,,,,,1.0,2.0,3.0,,,,4.0,20.0
2022,4,11140615,신당동,99,7.0,5.0,,1.0,12.0,,1.0,1.0,3.0,,,3.0,,1.0,,,,2.0,8.0
2022,4,11140625,다산동,86,3.0,4.0,,1.0,9.0,,1.0,1.0,1.0,,,,,1.0,,,,1.0,7.0
2022,4,11140635,약수동,87,4.0,2.0,,1.0,12.0,2.0,,,,,,,,,,,,2.0,12.0
2022,4,11140645,청구동,34,2.0,,,,3.0,1.0,2.0,1.0,1.0,,,,,,,,,,5.0
2022,4,11140650,신당5동,65,4.0,2.0,,,5.0,,1.0,,2.0,,,,,,,,,,12.0
2022,4,11140665,동화동,47,3.0,1.0,,,5.0,,1.0,1.0,,,,,,,,,,2.0,4.0
2022,4,11140670,황학동,76,1.0,6.0,,,10.0,,,,,,,,,7.0,,,,,6.0
2022,4,11140680,중림동,77,3.0,2.0,,,7.0,,1.0,,2.0,1.0,,,,5.0,,,,,14.0
2022,4,11170510,후암동,80,6.0,1.0,,,7.0,1.0,2.0,,1.0,,,2.0,,,,,,,18.0
2022,4,11170520,용산2가동,63,3.0,,,,4.0,,1.0,2.0,2.0,,,,,,,,,1.0,29.0
2022,4,11170530,남영동,147,7.0,5.0,,,14.0,,,1.0,,,,,,12.0,,,,3.0,26.0
2022,4,11170555,청파동,128,7.0,2.0,,1.0,11.0,,2.0,2.0,4.0,22.0,,1.0,,1.0,,,,,35.0
2022,4,11170560,원효로1동,94,6.0,3.0,,,6.0,1.0,1.0,,,3.0,,4.0,,,,,,,31.0
2022,4,11170570,원효로2동,69,4.0,2.0,,,4.0,2.0,1.0,1.0,1.0,,,2.0,,,,,,,27.0
2022,4,11170580,효창동,66,1.0,1.0,,,5.0,,1.0,,1.0,1.0,,,,,,,,2.0,22.0
2022,4,11170590,용문동,54,1.0,,,,3.0,,,,,,,,,,,,,,22.0
2022,4,11170625,한강로동,242,19.0,19.0,,,21.0,,2.0,,1.0,,,5.0,3.0,2.0,,,,7.0,41.0
2022,4,11170630,이촌1동,102,4.0,9.0,,1.0,12.0,2.0,1.0,1.0,1.0,,,1.0,,,,,,,14.0
2022,4,11170640,이촌2동,26,2.0,,,,1.0,,,,,,,,,,,,,,11.0
2022,4,11170650,이태원1동,71,8.0,5.0,,,3.0,,1.0,,,,,3.0,,,,,,1.0,14.0
2022,4,11170660,이태원2동,60,8.0,5.0,,,3.0,1.0,1.0,,1.0,,,,,,,,,,22.0
2022,4,11170685,한남동,171,30.0,11.0,1.0,,13.0,3.0,1.0,,,,,3.0,,,,,,2.0,36.0
2022,4,11170690,서빙고동,61,15.0,1.0,,,1.0,,1.0,1.0,,,,,,,,,,1.0,21.0
2022,4,11170700,보광동,70,4.0,1.0,,,8.0,1.0,,1.0,1.0,6.0,,,,,,,,,14.0
2022,4,11200520,왕십리2동,63,2.0,,,,5.0,1.0,1.0,,,,,,,,,,,1.0,18.0
2022,4,11200535,왕십리도선동,189,4.0,4.0,,2.0,20.0,2.0,2.0,,2.0,,,,,,,,,,26.0
2022,4,11200540,마장동,111,6.0,5.0,,,8.0,2.0,2.0,2.0,,,,,,,,,,1.0,29.0
2022,4,11200550,사근동,128,5.0,3.0,1.0,,10.0,,2.0,1.0,2.0,52.0,,1.0,,,,,,2.0,34.0
2022,4,11200560,행당1동,130,9.0,4.0,,2.0,13.0,1.0,1.0,,,,,1.0,1.0,,,,,4.0,30.0
2022,4,11200570,행당2동,79,2.0,2.0,,,4.0,1.0,1.0,1.0,1.0,,,,,,,,,1.0,24.0
2022,4,11200580,응봉동,56,3.0,,,,2.0,,1.0,1.0,,,,,,,,,,1.0,30.0
2022,4,11200590,금호1가동,88,2.0,,,,6.0,1.0,1.0,,1.0,,,,,,,,,1.0,45.0
2022,4,11200615,금호2?3가동,135,3.0,2.0,,,13.0,,1.0,,,,,,,,,,,,46.0
2022,4,11200620,금호4가동,84,3.0,3.0,,,6.0,1.0,2.0,,,,,,,,,,,1.0,27.0
2022,4,11200645,옥수동,129,4.0,2.0,,,10.0,2.0,2.0,1.0,1.0,,,,,,,,,2.0,45.0
2022,4,11200650,성수1가1동,83,4.0,2.0,,,4.0,1.0,2.0,1.0,1.0,,,,1.0,,,,,1.0,33.0
2022,4,11200660,성수1가2동,79,3.0,6.0,,,6.0,,,1.0,1.0,1.0,,,,,,,,1.0,12.0
2022,4,11200670,성수2가1동,109,3.0,3.0,,,13.0,,1.0,2.0,1.0,,,2.0,,1.0,,,,,38.0
2022,4,11200690,성수2가3동,104,3.0,16.0,,,11.0,,2.0,,,,,,1.0,,,,,1.0,20.0
2022,4,11200720,송정동,44,2.0,,,1.0,5.0,,1.0,,,,,,,,,,,,17.0
2022,4,11200790,용답동,82,7.0,2.0,,,8.0,,1.0,,,,,1.0,,,,,,2.0,11.0
2022,4,11215710,화양동,167,3.0,5.0,1.0,,17.0,,2.0,2.0,1.0,34.0,,,1.0,,,,,2.0,16.0
2022,4,11215730,군자동,135,5.0,5.0,,1.0,12.0,1.0,2.0,,,20.0,,,1.0,,,,,,23.0
2022,4,11215740,중곡1동,74,2.0,,,,10.0,1.0,,,,,,1.0,,,,,,,19.0
2022,4,11215750,중곡2동,104,2.0,4.0,,,14.0,1.0,1.0,,,,,,,,,,,2.0,21.0
2022,4,11215760,중곡3동,97,3.0,1.0,,1.0,9.0,,2.0,,,,,1.0,,,,,,1.0,29.0
2022,4,11215770,중곡4동,105,2.0,2.0,,,7.0,,1.0,1.0,2.0,,,,,,,,,,37.0
2022,4,11215780,능동,47,4.0,,,1.0,5.0,,1.0,,1.0,,,,,,,,,1.0,5.0
2022,4,11215810,광장동,139,5.0,9.0,,,9.0,3.0,3.0,3.0,1.0,11.0,,,,,,,,1.0,32.0
2022,4,11215820,자양1동,106,3.0,4.0,1.0,,14.0,1.0,1.0,,,2.0,,,,,,,,,17.0
2022,4,11215830,자양2동,95,2.0,1.0,,,8.0,2.0,4.0,2.0,1.0,,,1.0,,,,,,,21.0
2022,4,11215840,자양3동,105,2.0,6.0,,,8.0,2.0,2.0,1.0,1.0,1.0,1.0,,1.0,,,,,,30.0
2022,4,11215847,자양4동,106,5.0,2.0,,1.0,15.0,1.0,,1.0,,,,1.0,1.0,,,,,1.0,16.0
2022,4,11215850,구의1동,77,2.0,4.0,,,9.0,1.0,,1.0,1.0,,,,,,,,,1.0,16.0
2022,4,11215860,구의2동,112,3.0,2.0,,1.0,9.0,3.0,2.0,,,1.0,,,,,,,,1.0,24.0
2022,4,11215870,구의3동,133,5.0,4.0,,,16.0,2.0,1.0,,,,,1.0,1.0,,,,1.0,1.0,25.0
2022,4,11230536,용신동,231,10.0,8.0,1.0,4.0,20.0,1.0,1.0,1.0,1.0,,,1.0,,5.0,,,,5.0,41.0
2022,4,11230545,제기동,288,4.0,5.0,,1.0,22.0,2.0,2.0,2.0,1.0,1.0,,3.0,,14.0,,,,1.0,30.0
2022,4,11230560,전농1동,152,5.0,2.0,,1.0,13.0,3.0,1.0,1.0,1.0,,,,1.0,5.0,,,,3.0,35.0
2022,4,11230570,전농2동,102,2.0,2.0,,,12.0,3.0,3.0,2.0,1.0,27.0,,,,,,,,,15.0
2022,4,11230600,답십리1동,124,4.0,5.0,,,9.0,,2.0,1.0,,,,,,,,,,,25.0
2022,4,11230610,답십리2동,108,3.0,2.0,,2.0,13.0,3.0,1.0,,,,,3.0,,,,,,,19.0
2022,4,11230650,장안1동,192,5.0,11.0,,4.0,26.0,2.0,2.0,2.0,,,,,,,,,,1.0,43.0
2022,4,11230660,장안2동,168,3.0,2.0,,2.0,21.0,1.0,2.0,,1.0,1.0,,,1.0,1.0,,,,,38.0
2022,4,11230705,청량리동,154,9.0,4.0,1.0,,16.0,2.0,1.0,1.0,1.0,1.0,,,,2.0,,,,,34.0
2022,4,11230710,회기동,84,3.0,5.0,1.0,,10.0,1.0,3.0,1.0,1.0,14.0,,,,,,,,,10.0
2022,4,11230720,휘경1동,82,2.0,1.0,,,12.0,,,,,,,,,1.0,,,,3.0,18.0
2022,4,11230730,휘경2동,84,5.0,1.0,1.0,,5.0,1.0,2.0,3.0,3.0,4.0,,,,,,,,,27.0
2022,4,11230740,이문1동,147,5.0,2.0,,,13.0,3.0,,,2.0,30.0,,,,,,,,1.0,26.0
2022,4,11230750,이문2동,71,2.0,,,,6.0,1.0,1.0,,,2.0,,,,,,,,1.0,17.0
2022,4,11260520,면목2동,112,3.0,,,1.0,11.0,2.0,2.0,,,,,8.0,,1.0,,,,,25.0
2022,4,11260540,면목4동,61,2.0,,,,5.0,1.0,1.0,1.0,,,,,,,,,,1.0,15.0
2022,4,11260550,면목5동,42,2.0,1.0,,,3.0,,,,,,,4.0,,,,,,,13.0
2022,4,11260565,면목본동,168,4.0,2.0,,,18.0,1.0,2.0,,,,,13.0,,1.0,,,,1.0,30.0
2022,4,11260570,면목7동,108,2.0,2.0,,1.0,11.0,,1.0,,,,,1.0,,,,,,,18.0
2022,4,11260575,면목3?8동,150,4.0,1.0,1.0,,17.0,1.0,2.0,2.0,1.0,8.0,,,,1.0,,,,1.0,34.0
2022,4,11260580,상봉1동,78,3.0,1.0,,1.0,8.0,2.0,1.0,2.0,1.0,,,,,,,,,4.0,12.0
2022,4,11260590,상봉2동,127,4.0,3.0,,1.0,10.0,,,,,,,,2.0,2.0,,,1.0,1.0,18.0
2022,4,11260600,중화1동,79,2.0,1.0,,1.0,7.0,1.0,2.0,2.0,1.0,,,,,,,,,,14.0
2022,4,11260610,중화2동,123,2.0,3.0,,,14.0,,,,,,,2.0,,,,,,3.0,32.0
2022,4,11260620,묵1동,144,4.0,2.0,,2.0,11.0,2.0,1.0,2.0,2.0,,,,,,,,,,34.0
2022,4,11260630,묵2동,92,3.0,4.0,,,7.0,,2.0,,,,,,1.0,,,,,1.0,19.0
2022,4,11260655,망우본동,238,9.0,4.0,1.0,4.0,25.0,1.0,2.0,3.0,4.0,,,9.0,,2.0,,,,2.0,54.0
2022,4,11260660,망우3동,54,1.0,1.0,,1.0,3.0,,2.0,,1.0,,,3.0,,,,,,,11.0
2022,4,11260680,신내1동,160,3.0,2.0,1.0,,13.0,2.0,2.0,,,,,,,,,,,1.0,53.0
2022,4,11260690,신내2동,104,6.0,3.0,,,12.0,3.0,4.0,,,,,,,,,,,,21.0
2022,4,11290525,성북동,166,6.0,4.0,,,6.0,2.0,1.0,3.0,2.0,5.0,,,,,,,,,55.0
2022,4,11290555,삼선동,163,7.0,5.0,,,14.0,,1.0,1.0,2.0,14.0,,,,,,,,2.0,46.0
2022,4,11290575,동선동,146,1.0,4.0,,1.0,13.0,1.0,2.0,2.0,1.0,12.0,,,1.0,,,,,1.0,19.0
2022,4,11290580,돈암1동,42,1.0,,,,2.0,2.0,2.0,2.0,1.0,,,,,,,,,,15.0
2022,4,11290590,돈암2동,88,4.0,2.0,,,4.0,6.0,1.0,,,,,,1.0,,,,,,38.0
2022,4,11290600,안암동,167,4.0,6.0,1.0,1.0,10.0,,1.0,1.0,1.0,71.0,,,,,,,,1.0,35.0
2022,4,11290610,보문동,77,4.0,4.0,,,6.0,,2.0,,,,,,,1.0,,,,2.0,10.0
2022,4,11290620,정릉1동,63,2.0,,,,6.0,2.0,,,,1.0,,,,,,,,,19.0
2022,4,11290630,정릉2동,110,4.0,3.0,,,6.0,1.0,2.0,,,,,,,,,,,1.0,50.0
2022,4,11290640,정릉3동,124,4.0,1.0,,,2.0,,1.0,3.0,1.0,28.0,,,,,,,,,38.0
2022,4,11290650,정릉4동,133,7.0,3.0,,,12.0,2.0,1.0,,2.0,11.0,,,,,,,,1.0,40.0
2022,4,11290660,길음1동,129,3.0,4.0,,,10.0,2.0,3.0,1.0,1.0,,,1.0,,,,,,1.0,26.0
2022,4,11290685,길음2동,112,5.0,,,3.0,14.0,,,,,,,,,,,,,,23.0
2022,4,11290705,종암동,189,7.0,2.0,,1.0,17.0,3.0,2.0,2.0,1.0,2.0,,,,,,,,,56.0
2022,4,11290715,월곡1동,108,2.0,3.0,,,10.0,,2.0,1.0,1.0,,,,,1.0,,,,,30.0
2022,4,11290725,월곡2동,135,6.0,4.0,,,12.0,2.0,,1.0,,12.0,,,,,,,,2.0,34.0
2022,4,11290760,장위1동,103,4.0,1.0,,,8.0,6.0,1.0,1.0,,,,,,,,,,,37.0
2022,4,11290770,장위2동,89,3.0,2.0,,,11.0,1.0,3.0,,,,,,,,,,,1.0,27.0
2022,4,11290780,장위3동,82,1.0,,,,5.0,1.0,2.0,1.0,,1.0,,1.0,,,,,,,39.0
2022,4,11290810,석관동,154,6.0,3.0,,,16.0,2.0,2.0,1.0,1.0,,,1.0,,2.0,,,,2.0,32.0
2022,4,11305534,삼양동,165,4.0,1.0,,,14.0,3.0,2.0,,1.0,,,,,,,,,3.0,34.0
2022,4,11305535,미아동,144,3.0,3.0,,1.0,14.0,,,,1.0,4.0,,,,,,,,1.0,28.0
2022,4,11305545,송중동,212,4.0,1.0,,2.0,18.0,4.0,2.0,,1.0,2.0,1.0,,1.0,,,,,,69.0
2022,4,11305555,송천동,164,9.0,5.0,,1.0,17.0,,1.0,2.0,2.0,,,2.0,,,,,,1.0,24.0
2022,4,11305575,삼각산동,114,2.0,1.0,,,9.0,1.0,,1.0,1.0,1.0,,,,,,,,,36.0
2022,4,11305595,번1동,136,3.0,3.0,,1.0,14.0,1.0,1.0,1.0,,,,,1.0,,,,,,30.0
2022,4,11305603,번2동,110,5.0,,,,7.0,1.0,,1.0,,,,,,1.0,,,,,54.0
2022,4,11305608,번3동,95,3.0,1.0,,,8.0,,2.0,,,,,,,,,,,,37.0
2022,4,11305615,수유1동,153,4.0,2.0,,,12.0,,2.0,3.0,1.0,,,1.0,,,,,,1.0,40.0
2022,4,11305625,수유2동,85,3.0,,,,12.0,3.0,,,,,,,,,,,,1.0,15.0
2022,4,11305635,수유3동,158,4.0,6.0,,1.0,16.0,,,1.0,,,,,1.0,,,,,1.0,30.0
2022,4,11305645,우이동,132,2.0,,,,7.0,1.0,,1.0,,2.0,,,,,,,,3.0,54.0
2022,4,11305660,인수동,175,13.0,2.0,1.0,2.0,14.0,2.0,2.0,2.0,,5.0,,1.0,,,,,,,57.0
2022,4,11320511,창1동,94,3.0,2.0,,,7.0,1.0,1.0,2.0,1.0,,,,,,,,,1.0,28.0
2022,4,11320512,창2동,95,3.0,,,1.0,8.0,1.0,1.0,,,,,,,,,,,,44.0
2022,4,11320513,창3동,66,1.0,,,,7.0,1.0,2.0,,,,,1.0,,,,,,,25.0
2022,4,11320514,창4동,130,7.0,4.0,,,8.0,1.0,2.0,1.0,2.0,,,,,,,,,,51.0
2022,4,11320515,창5동,119,7.0,3.0,,3.0,12.0,1.0,3.0,,,,,,2.0,,,,,2.0,24.0
2022,4,11320521,도봉1동,122,4.0,1.0,,,9.0,2.0,2.0,1.0,1.0,2.0,,1.0,,,,,,,38.0
2022,4,11320522,도봉2동,127,8.0,3.0,,,7.0,1.0,1.0,1.0,1.0,1.0,,,,1.0,,,,3.0,49.0
2022,4,11320660,쌍문1동,126,6.0,1.0,,1.0,4.0,1.0,3.0,,1.0,17.0,,,,,,,,,54.0
2022,4,11320670,쌍문2동,87,3.0,1.0,,1.0,10.0,1.0,1.0,1.0,,,,,,2.0,,,,,19.0
2022,4,11320680,쌍문3동,78,3.0,3.0,1.0,,12.0,,,1.0,,,,,,1.0,,,,1.0,17.0
2022,4,11320681,쌍문4동,64,1.0,,,,4.0,5.0,2.0,2.0,3.0,,,,,,,,,,23.0
2022,4,11320690,방학1동,148,6.0,6.0,,2.0,15.0,2.0,1.0,1.0,1.0,,,,,,,,,1.0,39.0
2022,4,11320700,방학2동,64,3.0,,,,7.0,,1.0,1.0,,,,,,,,,,,23.0
2022,4,11320710,방학3동,112,3.0,3.0,,,6.0,3.0,3.0,1.0,,,,,,,,,,,47.0
2022,4,11350560,월계1동,159,4.0,2.0,,,10.0,2.0,1.0,1.0,1.0,17.0,,,,,,,,,59.0
2022,4,11350570,월계2동,136,4.0,,,,5.0,3.0,2.0,3.0,4.0,11.0,,,,,,,,1.0,64.0
2022,4,11350580,월계3동,135,5.0,3.0,,,8.0,4.0,3.0,1.0,,,,,,,,,,2.0,47.0
2022,4,11350595,공릉1동,211,4.0,6.0,,4.0,21.0,3.0,3.0,,,1.0,,1.0,,,,,,3.0,54.0
2022,4,11350600,공릉2동,271,7.0,6.0,1.0,,14.0,3.0,4.0,4.0,2.0,64.0,,1.0,,,,,,1.0,63.0
2022,4,11350611,하계1동,133,4.0,3.0,1.0,,9.0,1.0,1.0,2.0,4.0,16.0,,,,,,,,,41.0
2022,4,11350612,하계2동,67,2.0,1.0,,,4.0,2.0,2.0,1.0,,,,,,,,,,1.0,28.0
2022,4,11350619,중계본동,95,5.0,2.0,,,7.0,3.0,2.0,,3.0,,,,,,,,,,21.0
2022,4,11350621,중계1동,85,2.0,3.0,,,7.0,,2.0,1.0,2.0,,,,,,,,,,18.0
2022,4,11350624,중계4동,81,2.0,3.0,,,14.0,1.0,1.0,3.0,2.0,,,,,,,,,,6.0
2022,4,11350625,중계2?3동,142,7.0,2.0,,,10.0,4.0,4.0,1.0,3.0,,,,2.0,,,,,1.0,39.0
2022,4,11350630,상계1동,190,5.0,2.0,,,14.0,3.0,3.0,2.0,1.0,,,,1.0,,,,,1.0,38.0
2022,4,11350640,상계2동,182,2.0,1.0,,2.0,19.0,1.0,1.0,1.0,,,,,1.0,,,,,2.0,33.0
2022,4,11350665,상계3?4동,107,4.0,1.0,,,9.0,3.0,2.0,,,1.0,,,,2.0,,,,1.0,11.0
2022,4,11350670,상계5동,105,2.0,1.0,,,11.0,,1.0,,,,,,,3.0,,,,1.0,36.0
2022,4,11350695,상계6?7동,253,9.0,11.0,1.0,1.0,29.0,,3.0,2.0,1.0,4.0,,,1.0,,,,,,40.0
2022,4,11350700,상계8동,92,3.0,3.0,,,7.0,,,1.0,,,,,,,,,,1.0,15.0
2022,4,11350710,상계9동,78,3.0,4.0,,,6.0,1.0,3.0,2.0,2.0,,,,,,,,,,18.0
2022,4,11350720,상계10동,64,3.0,,,,1.0,1.0,2.0,1.0,1.0,,,,,,,,,,30.0
2022,4,11380510,녹번동,148,8.0,3.0,,2.0,12.0,1.0,3.0,,,,,1.0,1.0,,,,,2.0,35.0
2022,4,11380520,불광1동,198,6.0,4.0,,1.0,17.0,4.0,2.0,,,,,,1.0,,,,,3.0,49.0
2022,4,11380530,불광2동,113,6.0,1.0,,,5.0,,3.0,3.0,1.0,,,3.0,,,,,,,32.0
2022,4,11380551,갈현1동,133,2.0,2.0,1.0,,13.0,1.0,,,,,,,,,,,,2.0,48.0
2022,4,11380552,갈현2동,121,3.0,1.0,,1.0,15.0,5.0,2.0,1.0,5.0,,,,,,,,,1.0,34.0
2022,4,11380560,구산동,127,3.0,,,1.0,8.0,3.0,3.0,2.0,3.0,,,,,,,,,,38.0
2022,4,11380570,대조동,205,3.0,5.0,,1.0,24.0,,2.0,,2.0,,,,1.0,,,,,,32.0
2022,4,11380580,응암1동,133,5.0,5.0,,1.0,20.0,1.0,1.0,1.0,1.0,,,,,,,,,,27.0
2022,4,11380590,응암2동,91,3.0,1.0,,1.0,10.0,2.0,1.0,,,,,,,,,,,,37.0
2022,4,11380600,응암3동,138,3.0,3.0,,1.0,16.0,1.0,1.0,2.0,1.0,,,2.0,,,,,,,31.0
2022,4,11380625,역촌동,176,5.0,5.0,,2.0,18.0,2.0,1.0,,,,,,,,,,,,51.0
2022,4,11380631,신사1동,94,3.0,,,,8.0,3.0,,1.0,,5.0,,,,,,,,1.0,22.0
2022,4,11380632,신사2동,82,4.0,,,,5.0,,3.0,1.0,1.0,,,,,,,,,1.0,35.0
2022,4,11380640,증산동,83,3.0,,,,8.0,1.0,1.0,2.0,,,,2.0,,,,,,1.0,16.0
2022,4,11380650,수색동,60,5.0,2.0,,,5.0,1.0,1.0,,,,,2.0,,,,,,1.0,22.0
2022,4,11380690,진관동,242,6.0,6.0,,,22.0,6.0,6.0,2.0,4.0,,,,1.0,,,,,1.0,81.0
2022,4,11410520,천연동,127,4.0,1.0,,,4.0,,1.0,1.0,1.0,11.0,,,,1.0,,,,,44.0
2022,4,11410555,북아현동,76,2.0,2.0,,1.0,7.0,1.0,1.0,,1.0,,,,,,,,,,17.0
2022,4,11410565,충현동,184,9.0,8.0,,,7.0,1.0,3.0,1.0,2.0,24.0,,,,,,,,3.0,58.0
2022,4,11410585,신촌동,368,6.0,10.0,1.0,,22.0,1.0,3.0,1.0,1.0,109.0,1.0,,4.0,3.0,,,,2.0,60.0
2022,4,11410615,연희동,201,7.0,7.0,,1.0,16.0,,1.0,3.0,1.0,13.0,,,1.0,1.0,,,,,70.0
2022,4,11410620,홍제1동,135,3.0,2.0,,,10.0,2.0,2.0,,,1.0,,,,1.0,,,,1.0,40.0
2022,4,11410640,홍제3동,129,3.0,3.0,,2.0,14.0,1.0,2.0,1.0,,3.0,,4.0,,6.0,,,,1.0,46.0
2022,4,11410655,홍제2동,56,1.0,,,,6.0,3.0,,,,,,,,1.0,,,,,15.0
2022,4,11410660,홍은1동,86,3.0,,,,7.0,1.0,1.0,,,,,,,1.0,,,,,32.0
2022,4,11410685,홍은2동,161,4.0,2.0,1.0,,8.0,,2.0,3.0,1.0,12.0,,,,,,,,,83.0
2022,4,11410690,남가좌1동,94,2.0,3.0,,1.0,9.0,,1.0,,,,,1.0,,1.0,,,,1.0,20.0
2022,4,11410700,남가좌2동,117,4.0,4.0,,,12.0,4.0,1.0,1.0,,8.0,,,,,,,,,24.0
2022,4,11410710,북가좌1동,60,1.0,2.0,,,5.0,2.0,1.0,1.0,1.0,,,,,,,,,,13.0
2022,4,11410720,북가좌2동,115,3.0,3.0,,,12.0,2.0,,,,,,,,,,,,,39.0
2022,4,11440555,아현동,145,5.0,8.0,,,16.0,1.0,1.0,1.0,1.0,,,,,1.0,,,,2.0,23.0
2022,4,11440565,공덕동,172,7.0,9.0,,,21.0,1.0,3.0,,,,,2.0,,,,,,4.0,39.0
2022,4,11440585,도화동,144,4.0,7.0,,,15.0,2.0,1.0,,,,,,1.0,1.0,,,,1.0,38.0
2022,4,11440590,용강동,90,7.0,6.0,,1.0,10.0,2.0,1.0,,,,,,,,,,,1.0,24.0
2022,4,11440600,대흥동,209,5.0,5.0,,,18.0,,3.0,1.0,1.0,27.0,,,,3.0,,,,3.0,38.0
2022,4,11440610,염리동,52,3.0,1.0,,,3.0,1.0,1.0,2.0,3.0,,,,,2.0,,,,,10.0
2022,4,11440630,신수동,76,4.0,1.0,,1.0,5.0,1.0,1.0,1.0,1.0,,,,,,,,,,24.0
2022,4,11440655,서강동,156,6.0,4.0,,,7.0,1.0,1.0,,,20.0,,,,,,,,2.0,64.0
2022,4,11440660,서교동,358,13.0,22.0,,,31.0,1.0,1.0,,,2.0,,,5.0,3.0,,,,7.0,88.0
2022,4,11440680,합정동,109,4.0,3.0,,,10.0,1.0,1.0,1.0,,,,,,,,,,,32.0
2022,4,11440690,망원1동,95,2.0,2.0,,,11.0,,,,,,,,,1.0,,,,,23.0
2022,4,11440700,망원2동,83,4.0,1.0,,,6.0,1.0,2.0,,,,,,,,,,,,33.0
2022,4,11440710,연남동,52,2.0,1.0,,,2.0,1.0,,1.0,2.0,,,,,,,,,,23.0
2022,4,11440720,성산1동,86,4.0,2.0,,,5.0,1.0,2.0,2.0,1.0,1.0,,,,1.0,,,,,29.0
2022,4,11440730,성산2동,158,6.0,3.0,,,13.0,2.0,3.0,2.0,,,,1.0,1.0,,,,,2.0,47.0
2022,4,11440740,상암동,247,10.0,11.0,,,14.0,3.0,3.0,1.0,1.0,,,1.0,,,,,,4.0,104.0
2022,4,11470510,목1동,190,5.0,12.0,,1.0,21.0,1.0,1.0,1.0,1.0,2.0,,,2.0,,,,,2.0,29.0
2022,4,11470520,목2동,97,3.0,2.0,,1.0,13.0,3.0,1.0,,,,,,,1.0,,,,1.0,18.0
2022,4,11470530,목3동,96,3.0,4.0,,,11.0,1.0,,1.0,,,,,,,,,,,7.0
2022,4,11470540,목4동,84,3.0,3.0,,,9.0,1.0,1.0,1.0,1.0,,,,,,,,,,14.0
2022,4,11470550,목5동,143,8.0,9.0,1.0,,12.0,4.0,3.0,2.0,2.0,,,,,,,,,,52.0
2022,4,11470560,신월1동,71,3.0,3.0,,,12.0,1.0,,,,,,,,,,,,,9.0
2022,4,11470570,신월2동,65,3.0,1.0,,,6.0,1.0,2.0,2.0,,,,,,,,,,,12.0
2022,4,11470580,신월3동,70,2.0,1.0,,,7.0,1.0,1.0,2.0,3.0,,,,,,,,,,8.0
2022,4,11470590,신월4동,63,2.0,1.0,,,6.0,3.0,1.0,,,,,,,,,,,,11.0
2022,4,11470600,신월5동,54,3.0,,,1.0,3.0,2.0,1.0,2.0,,,,,,,,,,,12.0
2022,4,11470610,신월6동,47,1.0,2.0,,1.0,5.0,1.0,1.0,1.0,,,,,,,,,,,15.0
2022,4,11470611,신월7동,74,6.0,1.0,,,10.0,2.0,,1.0,,,,,,,,,,,21.0
2022,4,11470620,신정1동,94,7.0,3.0,,,9.0,2.0,2.0,1.0,,,,,,,,,,,26.0
2022,4,11470630,신정2동,71,3.0,1.0,,,7.0,1.0,2.0,1.0,,,,,,,,,,,20.0
2022,4,11470640,신정3동,203,4.0,1.0,,,15.0,1.0,3.0,1.0,4.0,,,,,,,,,1.0,81.0
2022,4,11470650,신정4동,161,3.0,8.0,1.0,1.0,16.0,3.0,2.0,,2.0,,,,,,,,,1.0,18.0
2022,4,11470670,신정6동,72,7.0,6.0,,,2.0,2.0,,1.0,1.0,,,,,,,,,,31.0
2022,4,11470680,신정7동,107,3.0,2.0,,,8.0,3.0,3.0,1.0,1.0,,,,,,,,,1.0,30.0
2022,4,11500510,염창동,147,5.0,3.0,,1.0,15.0,,2.0,2.0,,,,,,,,,,2.0,35.0
2022,4,11500520,등촌1동,95,1.0,5.0,,1.0,10.0,,1.0,,,,,,1.0,,,,,,20.0
2022,4,11500530,등촌2동,58,3.0,,,1.0,6.0,2.0,2.0,2.0,2.0,,,,,,,,,,8.0
2022,4,11500535,등촌3동,184,6.0,3.0,1.0,2.0,18.0,2.0,5.0,2.0,4.0,,,,1.0,,,,,,55.0
2022,4,11500540,화곡1동,226,3.0,2.0,,2.0,26.0,,2.0,1.0,,,,,1.0,,,,,2.0,27.0
2022,4,11500550,화곡2동,65,2.0,,,,3.0,2.0,1.0,,,,,,,,,,,,30.0
2022,4,11500560,화곡3동,87,4.0,3.0,,,8.0,2.0,,,,,,,,,,,,,12.0
2022,4,11500570,화곡4동,101,4.0,2.0,,,14.0,3.0,1.0,,2.0,,,,,,,,,,30.0
2022,4,11500590,화곡본동,145,3.0,,,1.0,11.0,1.0,2.0,,,,,,,,,,,,31.0
2022,4,11500591,화곡6동,118,7.0,5.0,,,8.0,2.0,1.0,,,9.0,,,,,,,,,29.0
2022,4,11500593,화곡8동,95,2.0,3.0,,,8.0,1.0,,,,,,,,,,,,1.0,33.0
2022,4,11500603,가양1동,279,5.0,13.0,,,20.0,3.0,1.0,1.0,1.0,,,,1.0,2.0,,,,5.0,69.0
2022,4,11500604,가양2동,75,4.0,3.0,,,7.0,3.0,1.0,1.0,1.0,,,,,,,,,1.0,14.0
2022,4,11500605,가양3동,52,3.0,,,,4.0,3.0,2.0,1.0,1.0,,,,,,,,,1.0,13.0
2022,4,11500611,발산1동,246,3.0,9.0,1.0,2.0,33.0,2.0,3.0,4.0,8.0,,,1.0,,,,,,,63.0
2022,4,11500615,우장산동,158,4.0,4.0,,3.0,12.0,3.0,2.0,,,5.0,,,,,,,,1.0,33.0
2022,4,11500620,공항동,176,6.0,7.0,1.0,,11.0,1.0,2.0,2.0,,4.0,,,,,21.0,,,2.0,39.0
2022,4,11500630,방화1동,200,2.0,3.0,,2.0,21.0,4.0,3.0,1.0,3.0,,,,,1.0,,,,1.0,46.0
2022,4,11500640,방화2동,124,4.0,,,,7.0,3.0,1.0,1.0,,,,2.0,1.0,,4.0,,,5.0,37.0
2022,4,11500641,방화3동,83,5.0,1.0,,,5.0,2.0,3.0,2.0,1.0,1.0,,,,,,,,1.0,22.0
2022,4,11530510,신도림동,168,5.0,4.0,,,12.0,2.0,1.0,1.0,1.0,1.0,,2.0,1.0,1.0,,,,3.0,43.0
2022,4,11530520,구로1동,88,4.0,1.0,,,5.0,3.0,1.0,1.0,1.0,,,4.0,,,,,,,25.0
2022,4,11530530,구로2동,197,6.0,12.0,1.0,1.0,21.0,1.0,1.0,,1.0,,,7.0,,16.0,,,,1.0,48.0
2022,4,11530540,구로3동,187,7.0,18.0,,,15.0,1.0,2.0,1.0,,,,,,5.0,,,,2.0,47.0
2022,4,11530550,구로4동,139,5.0,3.0,,,15.0,2.0,1.0,1.0,,,,1.0,,19.0,,,,,13.0
2022,4,11530560,구로5동,167,5.0,4.0,,2.0,18.0,,3.0,1.0,1.0,2.0,1.0,,3.0,,,,,1.0,49.0
2022,4,11530595,가리봉동,74,,,,,6.0,,1.0,,1.0,,,,,23.0,,,,,8.0
2022,4,11530720,고척1동,135,5.0,4.0,1.0,1.0,9.0,,3.0,1.0,1.0,12.0,,8.0,,4.0,,,,,31.0
2022,4,11530730,고척2동,128,5.0,2.0,,1.0,11.0,,2.0,1.0,1.0,,,,,,,,,,40.0
2022,4,11530740,개봉1동,163,5.0,3.0,,1.0,11.0,2.0,1.0,2.0,,4.0,,1.0,,,,,,1.0,57.0
2022,4,11530750,개봉2동,116,3.0,3.0,,,10.0,2.0,,,,,,1.0,1.0,,,,,,26.0
2022,4,11530760,개봉3동,81,3.0,2.0,,,9.0,1.0,3.0,1.0,,,,1.0,1.0,,,,,,23.0
2022,4,11530770,오류1동,122,5.0,4.0,,,11.0,3.0,1.0,,,,,,,,,,,1.0,22.0
2022,4,11530780,오류2동,209,3.0,1.0,,1.0,9.0,6.0,3.0,2.0,1.0,,,,,,,,,1.0,86.0
2022,4,11530790,수궁동,154,3.0,1.0,,,5.0,2.0,1.0,1.0,6.0,,,1.0,,,,,,3.0,69.0
2022,4,11530800,항동,64,1.0,,,,2.0,1.0,1.0,,,10.0,,,,,,,,,37.0
2022,4,11545510,가산동,304,10.0,25.0,,1.0,21.0,2.0,,,,,,,1.0,17.0,,,,3.0,111.0
2022,4,11545610,독산1동,217,3.0,6.0,,2.0,17.0,2.0,4.0,3.0,,,,,1.0,3.0,,,,,74.0
2022,4,11545620,독산2동,73,2.0,1.0,,,8.0,,2.0,,,1.0,,,,,,,,,11.0
2022,4,11545630,독산3동,119,4.0,4.0,,,14.0,2.0,2.0,2.0,1.0,,,1.0,,,,,,,29.0
2022,4,11545640,독산4동,64,5.0,2.0,,1.0,4.0,,1.0,,,,,,,,,,,,16.0
2022,4,11545670,시흥1동,223,9.0,7.0,1.0,2.0,25.0,2.0,3.0,1.0,1.0,,,,,3.0,,,,1.0,52.0
2022,4,11545680,시흥2동,76,2.0,,,,3.0,2.0,3.0,1.0,2.0,,,,,,,,,,30.0
2022,4,11545690,시흥3동,66,3.0,3.0,,,5.0,,1.0,1.0,1.0,,,,,1.0,,,,,21.0
2022,4,11545700,시흥4동,72,1.0,1.0,,,6.0,,1.0,1.0,,,,,,,,,,,27.0
2022,4,11545710,시흥5동,106,3.0,,,,16.0,2.0,3.0,,,,,,,,,,,,37.0
2022,4,11560515,영등포본동,94,4.0,,,,10.0,2.0,2.0,1.0,2.0,,,,1.0,2.0,,,,1.0,23.0
2022,4,11560535,영등포동,325,10.0,17.0,2.0,2.0,37.0,,1.0,,,1.0,,,1.0,16.0,,,,1.0,41.0
2022,4,11560540,여의동,399,23.0,70.0,1.0,,44.0,,2.0,2.0,2.0,,,,1.0,,,,,5.0,61.0
2022,4,11560550,당산1동,131,6.0,5.0,,1.0,8.0,1.0,,,,,,,,12.0,,,,2.0,23.0
2022,4,11560560,당산2동,192,6.0,4.0,,,20.0,3.0,2.0,2.0,,,,,,,,,,2.0,46.0
2022,4,11560585,도림동,66,2.0,,,,6.0,2.0,,,,,,,,,,,,,28.0
2022,4,11560605,문래동,185,8.0,9.0,,,17.0,,3.0,2.0,,,,,,2.0,,,,1.0,56.0
2022,4,11560610,양평1동,87,5.0,3.0,,1.0,6.0,,1.0,,1.0,,,,,1.0,,,,1.0,22.0
2022,4,11560620,양평2동,131,8.0,6.0,,,7.0,1.0,2.0,1.0,2.0,,,,,3.0,,,,1.0,35.0
2022,4,11560630,신길1동,85,1.0,2.0,1.0,1.0,13.0,,1.0,,,,,,,4.0,,,,2.0,25.0
2022,4,11560650,신길3동,102,3.0,5.0,,1.0,12.0,3.0,1.0,,,,,,,2.0,,,,,32.0
2022,4,11560660,신길4동,43,1.0,1.0,,,2.0,2.0,1.0,,,,,,,,,,,,13.0
2022,4,11560670,신길5동,66,3.0,,,,,1.0,1.0,1.0,1.0,,,,,5.0,,,,,31.0
2022,4,11560680,신길6동,123,4.0,1.0,,1.0,14.0,1.0,1.0,,1.0,,,1.0,,2.0,,,,1.0,29.0
2022,4,11560690,신길7동,78,5.0,1.0,,,7.0,1.0,1.0,,,,,,,1.0,,,,1.0,32.0
2022,4,11560700,대림1동,81,2.0,4.0,2.0,,18.0,,1.0,1.0,,,,2.0,,3.0,,,,,16.0
2022,4,11560710,대림2동,86,4.0,2.0,1.0,,16.0,,2.0,,,1.0,,,,1.0,,,,,13.0
2022,4,11560720,대림3동,126,2.0,7.0,,1.0,11.0,3.0,2.0,1.0,,2.0,,1.0,,,,,,2.0,46.0
2022,4,11590510,노량진1동,180,5.0,4.0,,,14.0,2.0,3.0,1.0,,1.0,,,,2.0,,,,3.0,57.0
2022,4,11590520,노량진2동,72,5.0,4.0,,1.0,14.0,1.0,,,,,,,,1.0,,,,,14.0
2022,4,11590530,상도1동,201,5.0,4.0,,1.0,16.0,2.0,2.0,1.0,,23.0,,,,,,,,2.0,47.0
2022,4,11590540,상도2동,154,6.0,3.0,,,16.0,1.0,1.0,1.0,,,,1.0,,1.0,,,,1.0,41.0
2022,4,11590550,상도3동,113,2.0,2.0,,,11.0,,,1.0,,,,1.0,,,,,,,36.0
2022,4,11590560,상도4동,112,3.0,1.0,,1.0,11.0,4.0,1.0,1.0,,,,,1.0,,,,,,36.0
2022,4,11590605,흑석동,195,6.0,6.0,1.0,,24.0,5.0,3.0,2.0,,16.0,,,,1.0,,,,1.0,50.0
2022,4,11590620,사당1동,126,4.0,6.0,,2.0,12.0,1.0,1.0,,,1.0,,,1.0,1.0,,,,2.0,13.0
2022,4,11590630,사당2동,179,3.0,2.0,,,14.0,,1.0,1.0,2.0,,,,,2.0,,,,4.0,36.0
2022,4,11590640,사당3동,88,3.0,1.0,,,5.0,,2.0,1.0,,3.0,,1.0,,,,,,1.0,30.0
2022,4,11590650,사당4동,62,2.0,1.0,,,6.0,,,1.0,,,,1.0,,,,,,,4.0
2022,4,11590651,사당5동,61,4.0,,,,3.0,1.0,2.0,1.0,1.0,,,,,,,,,,28.0
2022,4,11590660,대방동,199,5.0,5.0,,,16.0,3.0,3.0,4.0,4.0,,,,,,,,,2.0,61.0
2022,4,11590670,신대방1동,83,3.0,1.0,,,10.0,3.0,1.0,1.0,,1.0,,,,,,,,1.0,15.0
2022,4,11590680,신대방2동,109,7.0,7.0,1.0,,16.0,,1.0,1.0,1.0,,,,,,,,,,29.0
2022,4,11620525,보라매동,83,1.0,1.0,,,5.0,,1.0,1.0,1.0,,,,,,,,,,25.0
2022,4,11620545,청림동,50,2.0,,,,4.0,2.0,,,,,,,,2.0,,,,,7.0
2022,4,11620565,성현동,104,4.0,,,,6.0,3.0,2.0,1.0,1.0,,,,,,,,,,38.0
2022,4,11620575,행운동,111,3.0,3.0,1.0,2.0,12.0,1.0,2.0,2.0,1.0,,,,,,,,,,15.0
2022,4,11620585,낙성대동,148,2.0,3.0,,,10.0,,1.0,,,37.0,,,,2.0,,,,,37.0
2022,4,11620595,청룡동,147,5.0,6.0,,1.0,23.0,,2.0,2.0,3.0,,,1.0,1.0,1.0,,,,1.0,15.0
2022,4,11620605,은천동,123,6.0,,,,9.0,3.0,1.0,,1.0,,,,,,,,,,43.0
2022,4,11620615,중앙동,83,1.0,3.0,,1.0,14.0,,1.0,,,,,,,,,,,1.0,12.0
2022,4,11620625,인헌동,105,2.0,5.0,,,14.0,1.0,,1.0,1.0,,,2.0,,,,,,1.0,23.0
2022,4,11620630,남현동,70,3.0,1.0,,,6.0,1.0,1.0,,,1.0,,,,,,,,,6.0
2022,4,11620645,서원동,94,3.0,1.0,1.0,1.0,9.0,,,1.0,,,,,1.0,,,,,,27.0
2022,4,11620655,신원동,54,6.0,1.0,,,7.0,,1.0,,,1.0,,,,,,,,,10.0
2022,4,11620665,서림동,74,2.0,,,,5.0,1.0,1.0,1.0,,,,,,,,,,,34.0
2022,4,11620685,신사동,79,3.0,2.0,,1.0,10.0,1.0,1.0,,,1.0,,1.0,,,,,,,21.0
2022,4,11620695,신림동,168,2.0,3.0,,,17.0,,,,,,,,,4.0,,,,1.0,16.0
2022,4,11620715,난향동,68,1.0,,,,5.0,,1.0,,,,,,,,,,,,34.0
2022,4,11620725,조원동,96,3.0,1.0,,1.0,12.0,,1.0,,,,,1.0,,,,,,,30.0
2022,4,11620735,대학동,283,5.0,6.0,,,11.0,,1.0,1.0,2.0,140.0,,,,,,,,,73.0
2022,4,11620745,삼성동,94,3.0,,,,7.0,,2.0,,1.0,,,,,3.0,,,,,44.0
2022,4,11620765,미성동,126,3.0,3.0,,1.0,11.0,1.0,2.0,2.0,2.0,,,,,1.0,,,,,44.0
2022,4,11620775,난곡동,95,2.0,1.0,,,11.0,2.0,1.0,2.0,1.0,,,1.0,,,,,,,28.0
2022,4,11650510,서초1동,194,4.0,10.0,,1.0,14.0,,2.0,,,13.0,,,,,,,,2.0,38.0
2022,4,11650520,서초2동,217,8.0,26.0,,,24.0,,1.0,1.0,1.0,,,,,1.0,,,,2.0,47.0
2022,4,11650530,서초3동,332,25.0,30.0,,3.0,30.0,1.0,1.0,1.0,3.0,2.0,,,,,,,1.0,2.0,77.0
2022,4,11650531,서초4동,257,2.0,13.0,,1.0,31.0,2.0,2.0,1.0,,,,,1.0,,,,,,36.0
2022,4,11650540,잠원동,135,3.0,8.0,,,13.0,1.0,1.0,1.0,,,,,,,,,,2.0,23.0
2022,4,11650550,반포본동,33,1.0,3.0,,,2.0,,1.0,2.0,2.0,,,1.0,,,,,,1.0,5.0
2022,4,11650560,반포1동,140,6.0,6.0,,1.0,20.0,1.0,2.0,1.0,1.0,,,,,,,,,1.0,26.0
2022,4,11650570,반포2동,74,4.0,5.0,,,5.0,,2.0,1.0,,,,1.0,,,,,,1.0,25.0
2022,4,11650580,반포3동,109,3.0,7.0,,,11.0,,1.0,1.0,,,,,,,,,,,18.0
2022,4,11650581,반포4동,130,7.0,12.0,1.0,,12.0,,,1.0,,3.0,,,1.0,,,,,3.0,33.0
2022,4,11650590,방배본동,103,2.0,6.0,,,16.0,,1.0,,,,,1.0,,,,,,,25.0
2022,4,11650600,방배1동,102,3.0,4.0,,1.0,10.0,,1.0,,,3.0,,1.0,,,,,,1.0,19.0
2022,4,11650610,방배2동,114,4.0,2.0,,,3.0,,1.0,1.0,1.0,,,1.0,,1.0,,,,1.0,37.0
2022,4,11650620,방배3동,112,4.0,3.0,,2.0,6.0,,2.0,,1.0,7.0,,,,,,,,,50.0
2022,4,11650621,방배4동,156,3.0,10.0,,,11.0,,1.0,,1.0,4.0,,,,1.0,,,,1.0,31.0
2022,4,11650651,양재1동,263,12.0,11.0,,1.0,20.0,3.0,4.0,1.0,,1.0,,,,,,,,2.0,86.0
2022,4,11650652,양재2동,147,2.0,16.0,,,11.0,,1.0,2.0,1.0,,,1.0,,,,,,1.0,57.0
2022,4,11650660,내곡동,161,5.0,1.0,,1.0,2.0,2.0,1.0,,,3.0,,1.0,,,,,,1.0,85.0
2022,4,11680510,신사동,260,3.0,14.0,,,36.0,2.0,1.0,1.0,2.0,,1.0,,1.0,,,,,1.0,12.0
2022,4,11680521,논현1동,300,4.0,15.0,,4.0,42.0,,1.0,,,,,1.0,8.0,,,,,3.0,23.0
2022,4,11680531,논현2동,240,8.0,16.0,,5.0,29.0,1.0,1.0,1.0,,4.0,,,2.0,,,,,1.0,33.0
2022,4,11680545,압구정동,313,4.0,25.0,,5.0,30.0,1.0,1.0,2.0,2.0,,2.0,1.0,3.0,,,,,2.0,18.0
2022,4,11680565,청담동,288,11.0,19.0,,4.0,27.0,2.0,2.0,1.0,1.0,1.0,,,,,,,,3.0,23.0
2022,4,11680580,삼성1동,199,6.0,26.0,,3.0,13.0,1.0,1.0,1.0,1.0,,1.0,,1.0,,,,,3.0,38.0
2022,4,11680590,삼성2동,177,10.0,11.0,,,11.0,,1.0,1.0,,1.0,,,,,,,,4.0,28.0
2022,4,11680600,대치1동,130,4.0,11.0,,,13.0,1.0,1.0,1.0,2.0,1.0,,,,,,,,,24.0
2022,4,11680610,대치2동,210,6.0,26.0,,2.0,20.0,,2.0,1.0,1.0,,,,,,,,,2.0,39.0
2022,4,11680630,대치4동,159,4.0,12.0,1.0,1.0,18.0,,1.0,,,1.0,1.0,,,,,,,,14.0
2022,4,11680640,역삼1동,542,15.0,49.0,1.0,3.0,64.0,1.0,1.0,,,,,,3.0,1.0,,,,1.0,44.0
2022,4,11680650,역삼2동,195,3.0,14.0,,2.0,25.0,,1.0,2.0,1.0,1.0,,,,,,,,,31.0
2022,4,11680655,도곡1동,142,4.0,9.0,1.0,4.0,20.0,2.0,1.0,2.0,1.0,,,,,,,,,1.0,27.0
2022,4,11680656,도곡2동,118,7.0,23.0,,,10.0,2.0,1.0,1.0,2.0,,,,,,,,,3.0,25.0
2022,4,11680660,개포1동,38,1.0,1.0,,,1.0,,1.0,2.0,,,,,,,,,,,29.0
2022,4,11680670,개포2동,135,3.0,3.0,,,9.0,5.0,4.0,1.0,3.0,,,,,,,,,3.0,50.0
2022,4,11680690,개포4동,115,3.0,4.0,,,7.0,,2.0,1.0,1.0,,,,,,,,,,49.0
2022,4,11680700,세곡동,191,4.0,1.0,,,9.0,3.0,4.0,1.0,1.0,,,,,,,,,,95.0
2022,4,11680720,일원본동,103,2.0,6.0,1.0,,15.0,2.0,2.0,1.0,2.0,,,,,,,,,1.0,32.0
2022,4,11680730,일원1동,74,4.0,1.0,,,11.0,1.0,2.0,,1.0,,,,,,,,,,18.0
2022,4,11680740,일원2동,66,3.0,3.0,,,6.0,2.0,1.0,1.0,,,,,,,,,,1.0,13.0
2022,4,11680750,수서동,89,3.0,3.0,,,11.0,2.0,1.0,1.0,2.0,,,,,,,,,2.0,23.0
2022,4,11710510,풍납1동,48,3.0,,,1.0,6.0,1.0,1.0,,,,,,,,,,,,6.0
2022,4,11710520,풍납2동,125,5.0,5.0,1.0,,26.0,2.0,2.0,3.0,1.0,3.0,,,,,,,,1.0,24.0
2022,4,11710531,거여1동,48,2.0,,,,2.0,,1.0,,1.0,,,,,1.0,,,,1.0,6.0
2022,4,11710532,거여2동,78,3.0,3.0,,1.0,12.0,1.0,1.0,1.0,,,,,,,,,,,11.0
2022,4,11710540,마천1동,73,4.0,1.0,,,8.0,1.0,1.0,,,,,,,1.0,,,,1.0,15.0
2022,4,11710550,마천2동,93,3.0,2.0,,,14.0,,1.0,,,,,,,,,,,,12.0
2022,4,11710561,방이1동,73,2.0,1.0,,,10.0,2.0,2.0,1.0,1.0,,,,,,,,,1.0,11.0
2022,4,11710562,방이2동,164,3.0,5.0,,,18.0,,1.0,1.0,,,,,,,,,,1.0,13.0
2022,4,11710566,오륜동,74,4.0,6.0,,,6.0,1.0,2.0,2.0,3.0,11.0,,,,,,,,3.0,15.0
2022,4,11710570,오금동,134,5.0,5.0,,,13.0,3.0,3.0,4.0,2.0,,,,,,,,,3.0,27.0
2022,4,11710580,송파1동,102,2.0,4.0,,3.0,14.0,1.0,1.0,,,,,,,,,,,2.0,13.0
2022,4,11710590,송파2동,79,3.0,1.0,,,11.0,3.0,1.0,2.0,3.0,,,,,,,,,,7.0
2022,4,11710600,석촌동,159,3.0,7.0,,2.0,27.0,3.0,2.0,,,,,,,,,,,,20.0
2022,4,11710610,삼전동,118,4.0,2.0,,,14.0,3.0,1.0,1.0,1.0,,,,,1.0,,,,1.0,12.0
2022,4,11710620,가락본동,144,5.0,9.0,1.0,5.0,21.0,1.0,2.0,2.0,,,,,,,,,,,21.0
2022,4,11710631,가락1동,82,2.0,8.0,,,13.0,1.0,1.0,1.0,,,,1.0,,,,,,3.0,16.0
2022,4,11710632,가락2동,143,3.0,6.0,,,17.0,4.0,2.0,1.0,,,,,,,,,,1.0,22.0
2022,4,11710641,문정1동,70,3.0,1.0,,,5.0,1.0,1.0,1.0,,,,,,,,,,,19.0
2022,4,11710642,문정2동,149,10.0,12.0,,1.0,22.0,,1.0,,,,,,2.0,,,,,3.0,14.0
2022,4,11710646,장지동,136,4.0,3.0,,,10.0,1.0,2.0,1.0,3.0,,,,1.0,,,,,1.0,41.0
2022,4,11710647,위례동,84,3.0,1.0,,,5.0,2.0,2.0,1.0,,,,,,,,,,,32.0
2022,4,11710650,잠실본동,192,5.0,9.0,,1.0,24.0,,1.0,,,,,,,,,,,1.0,12.0
2022,4,11710670,잠실2동,91,4.0,6.0,,,14.0,1.0,2.0,2.0,2.0,,,,,,,,,1.0,5.0
2022,4,11710680,잠실3동,103,5.0,9.0,,,11.0,1.0,3.0,,1.0,,,,,,,,,,16.0
2022,4,11710690,잠실4동,74,3.0,3.0,,,10.0,1.0,2.0,,1.0,,,,,,,,,2.0,7.0
2022,4,11710710,잠실6동,144,4.0,17.0,,1.0,23.0,,1.0,1.0,,,,,1.0,,,,,2.0,13.0
2022,4,11710720,잠실7동,30,2.0,4.0,,,4.0,,1.0,2.0,1.0,,,,,,,,,2.0,3.0
2022,4,11740515,강일동,187,5.0,3.0,,,12.0,2.0,2.0,2.0,1.0,,,,,,,,,3.0,79.0
2022,4,11740520,상일동,105,4.0,2.0,1.0,,8.0,4.0,2.0,2.0,5.0,,,,,,,,,,37.0
2022,4,11740530,명일1동,151,5.0,6.0,,2.0,17.0,,1.0,,,,,,,,,,,1.0,22.0
2022,4,11740540,명일2동,107,3.0,6.0,,,18.0,4.0,2.0,,1.0,,,,,,,,,,18.0
2022,4,11740550,고덕1동,92,3.0,,,,4.0,1.0,2.0,1.0,1.0,,,,,,,,,1.0,26.0
2022,4,11740560,고덕2동,78,3.0,1.0,,,9.0,1.0,2.0,1.0,2.0,,,,,,,,,1.0,25.0
2022,4,11740570,암사1동,90,2.0,1.0,,,8.0,1.0,1.0,,,1.0,,1.0,,,,,,,13.0
2022,4,11740580,암사2동,61,1.0,3.0,,,6.0,1.0,2.0,,,,,,,,,,,1.0,6.0
2022,4,11740590,암사3동,50,2.0,1.0,,,5.0,1.0,,2.0,1.0,,,,,,,,,,12.0
2022,4,11740600,천호1동,92,4.0,1.0,,,11.0,,1.0,1.0,1.0,1.0,,,1.0,,,,,1.0,11.0
2022,4,11740610,천호2동,203,4.0,3.0,,1.0,26.0,1.0,1.0,1.0,,,,,,3.0,,,,,22.0
2022,4,11740620,천호3동,115,4.0,3.0,,2.0,14.0,,,1.0,,,,,,1.0,,,,,11.0
2022,4,11740640,성내1동,98,6.0,4.0,,2.0,9.0,1.0,2.0,1.0,,1.0,,,1.0,,,,,,20.0
2022,4,11740650,성내2동,113,2.0,3.0,,4.0,14.0,,,,,,,,1.0,,,,,3.0,16.0
2022,4,11740660,성내3동,136,4.0,5.0,,,13.0,2.0,,,,2.0,,,,,,,,1.0,13.0
2022,4,11740685,길동,242,6.0,10.0,1.0,4.0,34.0,4.0,3.0,1.0,,1.0,,,,,,,,1.0,36.0
2022,4,11740690,둔촌1동,14,,,,,,,2.0,,1.0,,,,,,,,,1.0,6.0
2022,4,11740700,둔촌2동,129,5.0,4.0,1.0,,17.0,2.0,1.0,2.0,1.0,,,,,,,,,1.0,32.0
2023,1,11110515,청운효자동,93,6.0,3.0,,,4.0,1.0,1.0,2.0,2.0,8.0,,,,,,,,,26.0
2023,1,11110530,사직동,206,18.0,24.0,,,15.0,,1.0,,1.0,1.0,,,3.0,,,,,2.0,34.0
2023,1,11110540,삼청동,49,10.0,4.0,,1.0,1.0,,,1.0,1.0,2.0,,,,,,,,,16.0
2023,1,11110550,부암동,84,4.0,2.0,,,1.0,1.0,2.0,1.0,1.0,14.0,,,,,,,,,38.0
2023,1,11110560,평창동,162,6.0,2.0,,1.0,5.0,1.0,,,1.0,2.0,,,,,,,,,91.0
2023,1,11110570,무악동,42,2.0,1.0,1.0,,4.0,1.0,1.0,,,,,,,,,,,1.0,7.0
2023,1,11110580,교남동,78,4.0,3.0,2.0,,17.0,,,,1.0,1.0,,,,,,,,,26.0
2023,1,11110600,가회동,63,5.0,3.0,,,1.0,1.0,1.0,1.0,2.0,1.0,,,,,,,,,22.0
2023,1,11110615,종로1?2?3?4가동,500,19.0,35.0,,,47.0,1.0,2.0,,,4.0,,1.0,5.0,17.0,,,,5.0,72.0
2023,1,11110630,종로5?6가동,212,7.0,8.0,,,31.0,,1.0,,,1.0,,4.0,,3.0,,,,1.0,23.0
2023,1,11110640,이화동,119,4.0,4.0,1.0,,11.0,,,2.0,,37.0,,,,,,,,1.0,28.0
2023,1,11110650,혜화동,145,6.0,5.0,,,16.0,3.0,1.0,1.0,4.0,26.0,,,1.0,,,,,,36.0
2023,1,11110670,창신1동,111,3.0,4.0,,,9.0,,2.0,,,,,1.0,,7.0,,,,2.0,11.0
2023,1,11110680,창신2동,38,2.0,1.0,,,5.0,,,,,,,,,,,,,,
2023,1,11110690,창신3동,24,3.0,,,,1.0,,1.0,,1.0,,,,,,,,,1.0,5.0
2023,1,11110700,숭인1동,43,3.0,1.0,,,3.0,1.0,,,,,,,,,,,,,14.0
2023,1,11110710,숭인2동,89,4.0,3.0,,1.0,4.0,,,,,,,2.0,,3.0,,,,2.0,6.0
2023,1,11140520,소공동,231,13.0,29.0,,,10.0,,1.0,4.0,3.0,,1.0,,3.0,3.0,,,,3.0,37.0
2023,1,11140540,회현동,211,9.0,17.0,,,16.0,1.0,,,,2.0,,2.0,1.0,2.0,,,,6.0,35.0
2023,1,11140550,명동,542,20.0,46.0,,,35.0,,1.0,,,4.0,,,3.0,12.0,,,,1.0,29.0
2023,1,11140570,필동,123,6.0,9.0,1.0,,7.0,,2.0,,1.0,19.0,,,2.0,1.0,,,,2.0,15.0
2023,1,11140580,장충동,63,6.0,2.0,,,1.0,,1.0,,,3.0,,,1.0,2.0,,,,1.0,13.0
2023,1,11140590,광희동,185,3.0,16.0,1.0,,14.0,,,1.0,,,,1.0,3.0,11.0,,,,3.0,19.0
2023,1,11140605,을지로동,145,5.0,10.0,,,13.0,,,,,,,1.0,2.0,3.0,,,,4.0,20.0
2023,1,11140615,신당동,99,7.0,5.0,,1.0,12.0,,1.0,1.0,3.0,,,3.0,,1.0,,,,2.0,8.0
2023,1,11140625,다산동,86,3.0,4.0,,1.0,9.0,,1.0,1.0,1.0,,,,,1.0,,,,1.0,7.0
2023,1,11140635,약수동,87,4.0,2.0,,1.0,12.0,2.0,,,,,,,,,,,,2.0,12.0
2023,1,11140645,청구동,34,2.0,,,,3.0,1.0,2.0,1.0,1.0,,,,,,,,,,5.0
2023,1,11140650,신당5동,65,4.0,2.0,,,5.0,,1.0,,2.0,,,,,,,,,,12.0
2023,1,11140665,동화동,47,3.0,1.0,,,5.0,,1.0,1.0,,,,,,,,,,2.0,4.0
2023,1,11140670,황학동,76,1.0,6.0,,,10.0,,,,,,,,,7.0,,,,,6.0
2023,1,11140680,중림동,77,3.0,2.0,,,7.0,,1.0,,2.0,1.0,,,,5.0,,,,,14.0
2023,1,11170510,후암동,80,6.0,1.0,,,7.0,1.0,2.0,,1.0,,,2.0,,,,,,,18.0
2023,1,11170520,용산2가동,63,3.0,,,,4.0,,1.0,2.0,2.0,,,,,,,,,1.0,29.0
2023,1,11170530,남영동,147,7.0,5.0,,,14.0,,,1.0,,,,,,12.0,,,,3.0,26.0
2023,1,11170555,청파동,128,7.0,2.0,,1.0,11.0,,2.0,2.0,4.0,22.0,,1.0,,1.0,,,,,35.0
2023,1,11170560,원효로1동,94,6.0,3.0,,,6.0,1.0,1.0,,,3.0,,4.0,,,,,,,31.0
2023,1,11170570,원효로2동,69,4.0,2.0,,,4.0,2.0,1.0,1.0,1.0,,,2.0,,,,,,,27.0
2023,1,11170580,효창동,66,1.0,1.0,,,5.0,,1.0,,1.0,1.0,,,,,,,,2.0,22.0
2023,1,11170590,용문동,54,1.0,,,,3.0,,,,,,,,,,,,,,22.0
2023,1,11170625,한강로동,242,19.0,19.0,,,21.0,,2.0,,1.0,,,5.0,3.0,2.0,,,,7.0,41.0
2023,1,11170630,이촌1동,102,4.0,9.0,,1.0,12.0,2.0,1.0,1.0,1.0,,,1.0,,,,,,,14.0
2023,1,11170640,이촌2동,26,2.0,,,,1.0,,,,,,,,,,,,,,11.0
2023,1,11170650,이태원1동,71,8.0,5.0,,,3.0,,1.0,,,,,3.0,,,,,,1.0,14.0
2023,1,11170660,이태원2동,60,8.0,5.0,,,3.0,1.0,1.0,,1.0,,,,,,,,,,22.0
2023,1,11170685,한남동,171,30.0,11.0,1.0,,13.0,3.0,1.0,,,,,3.0,,,,,,2.0,36.0
2023,1,11170690,서빙고동,61,15.0,1.0,,,1.0,,1.0,1.0,,,,,,,,,,1.0,21.0
2023,1,11170700,보광동,70,4.0,1.0,,,8.0,1.0,,1.0,1.0,6.0,,,,,,,,,14.0
2023,1,11200520,왕십리2동,63,2.0,,,,5.0,1.0,1.0,,,,,,,,,,,1.0,18.0
2023,1,11200535,왕십리도선동,189,4.0,4.0,,2.0,20.0,2.0,2.0,,2.0,,,,,,,,,,26.0
2023,1,11200540,마장동,111,6.0,5.0,,,8.0,2.0,2.0,2.0,,,,,,,,,,1.0,29.0
2023,1,11200550,사근동,128,5.0,3.0,1.0,,10.0,,2.0,1.0,2.0,52.0,,1.0,,,,,,2.0,34.0
2023,1,11200560,행당1동,130,9.0,4.0,,2.0,13.0,1.0,1.0,,,,,1.0,1.0,,,,,4.0,30.0
2023,1,11200570,행당2동,79,2.0,2.0,,,4.0,1.0,1.0,1.0,1.0,,,,,,,,,1.0,24.0
2023,1,11200580,응봉동,56,3.0,,,,2.0,,1.0,1.0,,,,,,,,,,1.0,30.0
2023,1,11200590,금호1가동,88,2.0,,,,6.0,1.0,1.0,,1.0,,,,,,,,,1.0,45.0
2023,1,11200615,금호2?3가동,135,3.0,2.0,,,13.0,,1.0,,,,,,,,,,,,46.0
2023,1,11200620,금호4가동,84,3.0,3.0,,,6.0,1.0,2.0,,,,,,,,,,,1.0,27.0
2023,1,11200645,옥수동,129,4.0,2.0,,,10.0,2.0,2.0,1.0,1.0,,,,,,,,,2.0,45.0
2023,1,11200650,성수1가1동,83,4.0,2.0,,,4.0,1.0,2.0,1.0,1.0,,,,1.0,,,,,1.0,33.0
2023,1,11200660,성수1가2동,79,3.0,6.0,,,6.0,,,1.0,1.0,1.0,,,,,,,,1.0,12.0
2023,1,11200670,성수2가1동,109,3.0,3.0,,,13.0,,1.0,2.0,1.0,,,2.0,,1.0,,,,,38.0
2023,1,11200690,성수2가3동,104,3.0,16.0,,,11.0,,2.0,,,,,,1.0,,,,,1.0,20.0
2023,1,11200720,송정동,44,2.0,,,1.0,5.0,,1.0,,,,,,,,,,,,17.0
2023,1,11200790,용답동,82,7.0,2.0,,,8.0,,1.0,,,,,1.0,,,,,,2.0,11.0
2023,1,11215710,화양동,167,3.0,5.0,1.0,,17.0,,2.0,2.0,1.0,34.0,,,1.0,,,,,2.0,16.0
2023,1,11215730,군자동,135,5.0,5.0,,1.0,12.0,1.0,2.0,,,20.0,,,1.0,,,,,,23.0
2023,1,11215740,중곡1동,74,2.0,,,,10.0,1.0,,,,,,1.0,,,,,,,19.0
2023,1,11215750,중곡2동,104,2.0,4.0,,,14.0,1.0,1.0,,,,,,,,,,,2.0,21.0
2023,1,11215760,중곡3동,97,3.0,1.0,,1.0,9.0,,2.0,,,,,1.0,,,,,,1.0,29.0
2023,1,11215770,중곡4동,105,2.0,2.0,,,7.0,,1.0,1.0,2.0,,,,,,,,,,37.0
2023,1,11215780,능동,47,4.0,,,1.0,5.0,,1.0,,1.0,,,,,,,,,1.0,5.0
2023,1,11215810,광장동,139,5.0,9.0,,,9.0,3.0,3.0,3.0,1.0,11.0,,,,,,,,1.0,32.0
2023,1,11215820,자양1동,106,3.0,4.0,1.0,,14.0,1.0,1.0,,,2.0,,,,,,,,,17.0
2023,1,11215830,자양2동,95,2.0,1.0,,,8.0,2.0,4.0,2.0,1.0,,,1.0,,,,,,,21.0
2023,1,11215840,자양3동,105,2.0,6.0,,,8.0,2.0,2.0,1.0,1.0,1.0,1.0,,1.0,,,,,,30.0
2023,1,11215847,자양4동,106,5.0,2.0,,1.0,15.0,1.0,,1.0,,,,1.0,1.0,,,,,1.0,16.0
2023,1,11215850,구의1동,77,2.0,4.0,,,9.0,1.0,,1.0,1.0,,,,,,,,,1.0,16.0
2023,1,11215860,구의2동,112,3.0,2.0,,1.0,9.0,3.0,2.0,,,1.0,,,,,,,,1.0,24.0
2023,1,11215870,구의3동,133,5.0,4.0,,,16.0,2.0,1.0,,,,,1.0,1.0,,,,1.0,1.0,25.0
2023,1,11230536,용신동,231,10.0,8.0,1.0,4.0,20.0,1.0,1.0,1.0,1.0,,,1.0,,5.0,,,,5.0,41.0
2023,1,11230545,제기동,288,4.0,5.0,,1.0,22.0,2.0,2.0,2.0,1.0,1.0,,3.0,,14.0,,,,1.0,30.0
2023,1,11230560,전농1동,152,5.0,2.0,,1.0,13.0,3.0,1.0,1.0,1.0,,,,1.0,5.0,,,,3.0,35.0
2023,1,11230570,전농2동,102,2.0,2.0,,,12.0,3.0,3.0,2.0,1.0,27.0,,,,,,,,,15.0
2023,1,11230600,답십리1동,124,4.0,5.0,,,9.0,,2.0,1.0,,,,,,,,,,,25.0
2023,1,11230610,답십리2동,108,3.0,2.0,,2.0,13.0,3.0,1.0,,,,,3.0,,,,,,,19.0
2023,1,11230650,장안1동,192,5.0,11.0,,4.0,26.0,2.0,2.0,2.0,,,,,,,,,,1.0,43.0
2023,1,11230660,장안2동,168,3.0,2.0,,2.0,21.0,1.0,2.0,,1.0,1.0,,,1.0,1.0,,,,,38.0
2023,1,11230705,청량리동,154,9.0,4.0,1.0,,16.0,2.0,1.0,1.0,1.0,1.0,,,,2.0,,,,,34.0
2023,1,11230710,회기동,84,3.0,5.0,1.0,,10.0,1.0,3.0,1.0,1.0,14.0,,,,,,,,,10.0
2023,1,11230720,휘경1동,82,2.0,1.0,,,12.0,,,,,,,,,1.0,,,,3.0,18.0
2023,1,11230730,휘경2동,84,5.0,1.0,1.0,,5.0,1.0,2.0,3.0,3.0,4.0,,,,,,,,,27.0
2023,1,11230740,이문1동,147,5.0,2.0,,,13.0,3.0,,,2.0,30.0,,,,,,,,1.0,26.0
2023,1,11230750,이문2동,71,2.0,,,,6.0,1.0,1.0,,,2.0,,,,,,,,1.0,17.0
2023,1,11260520,면목2동,112,3.0,,,1.0,11.0,2.0,2.0,,,,,8.0,,1.0,,,,,25.0
2023,1,11260540,면목4동,61,2.0,,,,5.0,1.0,1.0,1.0,,,,,,,,,,1.0,15.0
2023,1,11260550,면목5동,42,2.0,1.0,,,3.0,,,,,,,4.0,,,,,,,13.0
2023,1,11260565,면목본동,168,4.0,2.0,,,18.0,1.0,2.0,,,,,13.0,,1.0,,,,1.0,30.0
2023,1,11260570,면목7동,108,2.0,2.0,,1.0,11.0,,1.0,,,,,1.0,,,,,,,18.0
2023,1,11260575,면목3?8동,150,4.0,1.0,1.0,,17.0,1.0,2.0,2.0,1.0,8.0,,,,1.0,,,,1.0,34.0
2023,1,11260580,상봉1동,78,3.0,1.0,,1.0,8.0,2.0,1.0,2.0,1.0,,,,,,,,,4.0,12.0
2023,1,11260590,상봉2동,127,4.0,3.0,,1.0,10.0,,,,,,,,2.0,2.0,,,1.0,1.0,18.0
2023,1,11260600,중화1동,79,2.0,1.0,,1.0,7.0,1.0,2.0,2.0,1.0,,,,,,,,,,14.0
2023,1,11260610,중화2동,123,2.0,3.0,,,14.0,,,,,,,2.0,,,,,,3.0,32.0
2023,1,11260620,묵1동,144,4.0,2.0,,2.0,11.0,2.0,1.0,2.0,2.0,,,,,,,,,,34.0
2023,1,11260630,묵2동,92,3.0,4.0,,,7.0,,2.0,,,,,,1.0,,,,,1.0,19.0
2023,1,11260655,망우본동,238,9.0,4.0,1.0,4.0,25.0,1.0,2.0,3.0,4.0,,,9.0,,2.0,,,,2.0,54.0
2023,1,11260660,망우3동,54,1.0,1.0,,1.0,3.0,,2.0,,1.0,,,3.0,,,,,,,11.0
2023,1,11260680,신내1동,160,3.0,2.0,1.0,,13.0,2.0,2.0,,,,,,,,,,,1.0,53.0
2023,1,11260690,신내2동,104,6.0,3.0,,,12.0,3.0,4.0,,,,,,,,,,,,21.0
2023,1,11290525,성북동,166,6.0,4.0,,,6.0,2.0,1.0,3.0,2.0,5.0,,,,,,,,,55.0
2023,1,11290555,삼선동,163,7.0,5.0,,,14.0,,1.0,1.0,2.0,14.0,,,,,,,,2.0,46.0
2023,1,11290575,동선동,146,1.0,4.0,,1.0,13.0,1.0,2.0,2.0,1.0,12.0,,,1.0,,,,,1.0,19.0
2023,1,11290580,돈암1동,42,1.0,,,,2.0,2.0,2.0,2.0,1.0,,,,,,,,,,15.0
2023,1,11290590,돈암2동,88,4.0,2.0,,,4.0,6.0,1.0,,,,,,1.0,,,,,,38.0
2023,1,11290600,안암동,167,4.0,6.0,1.0,1.0,10.0,,1.0,1.0,1.0,71.0,,,,,,,,1.0,35.0
2023,1,11290610,보문동,77,4.0,4.0,,,6.0,,2.0,,,,,,,1.0,,,,2.0,10.0
2023,1,11290620,정릉1동,63,2.0,,,,6.0,2.0,,,,1.0,,,,,,,,,19.0
2023,1,11290630,정릉2동,110,4.0,3.0,,,6.0,1.0,2.0,,,,,,,,,,,1.0,50.0
2023,1,11290640,정릉3동,124,4.0,1.0,,,2.0,,1.0,3.0,1.0,28.0,,,,,,,,,38.0
2023,1,11290650,정릉4동,133,7.0,3.0,,,12.0,2.0,1.0,,2.0,11.0,,,,,,,,1.0,40.0
2023,1,11290660,길음1동,129,3.0,4.0,,,10.0,2.0,3.0,1.0,1.0,,,1.0,,,,,,1.0,26.0
2023,1,11290685,길음2동,112,5.0,,,3.0,14.0,,,,,,,,,,,,,,23.0
2023,1,11290705,종암동,189,7.0,2.0,,1.0,17.0,3.0,2.0,2.0,1.0,2.0,,,,,,,,,56.0
2023,1,11290715,월곡1동,108,2.0,3.0,,,10.0,,2.0,1.0,1.0,,,,,1.0,,,,,30.0
2023,1,11290725,월곡2동,135,6.0,4.0,,,12.0,2.0,,1.0,,12.0,,,,,,,,2.0,34.0
2023,1,11290760,장위1동,103,4.0,1.0,,,8.0,6.0,1.0,1.0,,,,,,,,,,,37.0
2023,1,11290770,장위2동,89,3.0,2.0,,,11.0,1.0,3.0,,,,,,,,,,,1.0,27.0
2023,1,11290780,장위3동,82,1.0,,,,5.0,1.0,2.0,1.0,,1.0,,1.0,,,,,,,39.0
2023,1,11290810,석관동,154,6.0,3.0,,,16.0,2.0,2.0,1.0,1.0,,,1.0,,2.0,,,,2.0,32.0
2023,1,11305534,삼양동,165,4.0,1.0,,,14.0,3.0,2.0,,1.0,,,,,,,,,3.0,34.0
2023,1,11305535,미아동,144,3.0,3.0,,1.0,14.0,,,,1.0,4.0,,,,,,,,1.0,28.0
2023,1,11305545,송중동,212,4.0,1.0,,2.0,18.0,4.0,2.0,,1.0,2.0,1.0,,1.0,,,,,,69.0
2023,1,11305555,송천동,164,9.0,5.0,,1.0,17.0,,1.0,2.0,2.0,,,2.0,,,,,,1.0,24.0
2023,1,11305575,삼각산동,114,2.0,1.0,,,9.0,1.0,,1.0,1.0,1.0,,,,,,,,,36.0
2023,1,11305595,번1동,136,3.0,3.0,,1.0,14.0,1.0,1.0,1.0,,,,,1.0,,,,,,30.0
2023,1,11305603,번2동,110,5.0,,,,7.0,1.0,,1.0,,,,,,1.0,,,,,54.0
2023,1,11305608,번3동,95,3.0,1.0,,,8.0,,2.0,,,,,,,,,,,,37.0
2023,1,11305615,수유1동,153,4.0,2.0,,,12.0,,2.0,3.0,1.0,,,1.0,,,,,,1.0,40.0
2023,1,11305625,수유2동,85,3.0,,,,12.0,3.0,,,,,,,,,,,,1.0,15.0
2023,1,11305635,수유3동,158,4.0,6.0,,1.0,16.0,,,1.0,,,,,1.0,,,,,1.0,30.0
2023,1,11305645,우이동,132,2.0,,,,7.0,1.0,,1.0,,2.0,,,,,,,,3.0,54.0
2023,1,11305660,인수동,175,13.0,2.0,1.0,2.0,14.0,2.0,2.0,2.0,,5.0,,1.0,,,,,,,57.0
2023,1,11320511,창1동,94,3.0,2.0,,,7.0,1.0,1.0,2.0,1.0,,,,,,,,,1.0,28.0
2023,1,11320512,창2동,95,3.0,,,1.0,8.0,1.0,1.0,,,,,,,,,,,,44.0
2023,1,11320513,창3동,66,1.0,,,,7.0,1.0,2.0,,,,,1.0,,,,,,,25.0
2023,1,11320514,창4동,130,7.0,4.0,,,8.0,1.0,2.0,1.0,2.0,,,,,,,,,,51.0
2023,1,11320515,창5동,119,7.0,3.0,,3.0,12.0,1.0,3.0,,,,,,2.0,,,,,2.0,24.0
2023,1,11320521,도봉1동,122,4.0,1.0,,,9.0,2.0,2.0,1.0,1.0,2.0,,1.0,,,,,,,38.0
2023,1,11320522,도봉2동,127,8.0,3.0,,,7.0,1.0,1.0,1.0,1.0,1.0,,,,1.0,,,,3.0,49.0
2023,1,11320660,쌍문1동,126,6.0,1.0,,1.0,4.0,1.0,3.0,,1.0,17.0,,,,,,,,,54.0
2023,1,11320670,쌍문2동,87,3.0,1.0,,1.0,10.0,1.0,1.0,1.0,,,,,,2.0,,,,,19.0
2023,1,11320680,쌍문3동,78,3.0,3.0,1.0,,12.0,,,1.0,,,,,,1.0,,,,1.0,17.0
2023,1,11320681,쌍문4동,64,1.0,,,,4.0,5.0,2.0,2.0,3.0,,,,,,,,,,23.0
2023,1,11320690,방학1동,148,6.0,6.0,,2.0,15.0,2.0,1.0,1.0,1.0,,,,,,,,,1.0,39.0
2023,1,11320700,방학2동,64,3.0,,,,7.0,,1.0,1.0,,,,,,,,,,,23.0
2023,1,11320710,방학3동,112,3.0,3.0,,,6.0,3.0,3.0,1.0,,,,,,,,,,,47.0
2023,1,11350560,월계1동,159,4.0,2.0,,,10.0,2.0,1.0,1.0,1.0,17.0,,,,,,,,,59.0
2023,1,11350570,월계2동,136,4.0,,,,5.0,3.0,2.0,3.0,4.0,11.0,,,,,,,,1.0,64.0
2023,1,11350580,월계3동,135,5.0,3.0,,,8.0,4.0,3.0,1.0,,,,,,,,,,2.0,47.0
2023,1,11350595,공릉1동,211,4.0,6.0,,4.0,21.0,3.0,3.0,,,1.0,,1.0,,,,,,3.0,54.0
2023,1,11350600,공릉2동,271,7.0,6.0,1.0,,14.0,3.0,4.0,4.0,2.0,64.0,,1.0,,,,,,1.0,63.0
2023,1,11350611,하계1동,133,4.0,3.0,1.0,,9.0,1.0,1.0,2.0,4.0,16.0,,,,,,,,,41.0
2023,1,11350612,하계2동,67,2.0,1.0,,,4.0,2.0,2.0,1.0,,,,,,,,,,1.0,28.0
2023,1,11350619,중계본동,95,5.0,2.0,,,7.0,3.0,2.0,,3.0,,,,,,,,,,21.0
2023,1,11350621,중계1동,85,2.0,3.0,,,7.0,,2.0,1.0,2.0,,,,,,,,,,18.0
2023,1,11350624,중계4동,81,2.0,3.0,,,14.0,1.0,1.0,3.0,2.0,,,,,,,,,,6.0
2023,1,11350625,중계2?3동,142,7.0,2.0,,,10.0,4.0,4.0,1.0,3.0,,,,2.0,,,,,1.0,39.0
2023,1,11350630,상계1동,190,5.0,2.0,,,14.0,3.0,3.0,2.0,1.0,,,,1.0,,,,,1.0,38.0
2023,1,11350640,상계2동,182,2.0,1.0,,2.0,19.0,1.0,1.0,1.0,,,,,1.0,,,,,2.0,33.0
2023,1,11350665,상계3?4동,107,4.0,1.0,,,9.0,3.0,2.0,,,1.0,,,,2.0,,,,1.0,11.0
2023,1,11350670,상계5동,105,2.0,1.0,,,11.0,,1.0,,,,,,,3.0,,,,1.0,36.0
2023,1,11350695,상계6?7동,253,9.0,11.0,1.0,1.0,29.0,,3.0,2.0,1.0,4.0,,,1.0,,,,,,40.0
2023,1,11350700,상계8동,92,3.0,3.0,,,7.0,,,1.0,,,,,,,,,,1.0,15.0
2023,1,11350710,상계9동,78,3.0,4.0,,,6.0,1.0,3.0,2.0,2.0,,,,,,,,,,18.0
2023,1,11350720,상계10동,64,3.0,,,,1.0,1.0,2.0,1.0,1.0,,,,,,,,,,30.0
2023,1,11380510,녹번동,148,8.0,3.0,,2.0,12.0,1.0,3.0,,,,,1.0,1.0,,,,,2.0,35.0
2023,1,11380520,불광1동,198,6.0,4.0,,1.0,17.0,4.0,2.0,,,,,,1.0,,,,,3.0,49.0
2023,1,11380530,불광2동,113,6.0,1.0,,,5.0,,3.0,3.0,1.0,,,3.0,,,,,,,32.0
2023,1,11380551,갈현1동,133,2.0,2.0,1.0,,13.0,1.0,,,,,,,,,,,,2.0,48.0
2023,1,11380552,갈현2동,121,3.0,1.0,,1.0,15.0,5.0,2.0,1.0,5.0,,,,,,,,,1.0,34.0
2023,1,11380560,구산동,127,3.0,,,1.0,8.0,3.0,3.0,2.0,3.0,,,,,,,,,,38.0
2023,1,11380570,대조동,205,3.0,5.0,,1.0,24.0,,2.0,,2.0,,,,1.0,,,,,,32.0
2023,1,11380580,응암1동,133,5.0,5.0,,1.0,20.0,1.0,1.0,1.0,1.0,,,,,,,,,,27.0
2023,1,11380590,응암2동,91,3.0,1.0,,1.0,10.0,2.0,1.0,,,,,,,,,,,,37.0
2023,1,11380600,응암3동,138,3.0,3.0,,1.0,16.0,1.0,1.0,2.0,1.0,,,2.0,,,,,,,31.0
2023,1,11380625,역촌동,176,5.0,5.0,,2.0,18.0,2.0,1.0,,,,,,,,,,,,51.0
2023,1,11380631,신사1동,94,3.0,,,,8.0,3.0,,1.0,,5.0,,,,,,,,1.0,22.0
2023,1,11380632,신사2동,82,4.0,,,,5.0,,3.0,1.0,1.0,,,,,,,,,1.0,35.0
2023,1,11380640,증산동,83,3.0,,,,8.0,1.0,1.0,2.0,,,,2.0,,,,,,1.0,16.0
2023,1,11380650,수색동,60,5.0,2.0,,,5.0,1.0,1.0,,,,,2.0,,,,,,1.0,22.0
2023,1,11380690,진관동,242,6.0,6.0,,,22.0,6.0,6.0,2.0,4.0,,,,1.0,,,,,1.0,81.0
2023,1,11410520,천연동,127,4.0,1.0,,,4.0,,1.0,1.0,1.0,11.0,,,,1.0,,,,,44.0
2023,1,11410555,북아현동,76,2.0,2.0,,1.0,7.0,1.0,1.0,,1.0,,,,,,,,,,17.0
2023,1,11410565,충현동,184,9.0,8.0,,,7.0,1.0,3.0,1.0,2.0,24.0,,,,,,,,3.0,58.0
2023,1,11410585,신촌동,368,6.0,10.0,1.0,,22.0,1.0,3.0,1.0,1.0,109.0,1.0,,4.0,3.0,,,,2.0,60.0
2023,1,11410615,연희동,201,7.0,7.0,,1.0,16.0,,1.0,3.0,1.0,13.0,,,1.0,1.0,,,,,70.0
2023,1,11410620,홍제1동,135,3.0,2.0,,,10.0,2.0,2.0,,,1.0,,,,1.0,,,,1.0,40.0
2023,1,11410640,홍제3동,129,3.0,3.0,,2.0,14.0,1.0,2.0,1.0,,3.0,,4.0,,6.0,,,,1.0,46.0
2023,1,11410655,홍제2동,56,1.0,,,,6.0,3.0,,,,,,,,1.0,,,,,15.0
2023,1,11410660,홍은1동,86,3.0,,,,7.0,1.0,1.0,,,,,,,1.0,,,,,32.0
2023,1,11410685,홍은2동,161,4.0,2.0,1.0,,8.0,,2.0,3.0,1.0,12.0,,,,,,,,,83.0
2023,1,11410690,남가좌1동,94,2.0,3.0,,1.0,9.0,,1.0,,,,,1.0,,1.0,,,,1.0,20.0
2023,1,11410700,남가좌2동,117,4.0,4.0,,,12.0,4.0,1.0,1.0,,8.0,,,,,,,,,24.0
2023,1,11410710,북가좌1동,60,1.0,2.0,,,5.0,2.0,1.0,1.0,1.0,,,,,,,,,,13.0
2023,1,11410720,북가좌2동,115,3.0,3.0,,,12.0,2.0,,,,,,,,,,,,,39.0
2023,1,11440555,아현동,145,5.0,8.0,,,16.0,1.0,1.0,1.0,1.0,,,,,1.0,,,,2.0,23.0
2023,1,11440565,공덕동,172,7.0,9.0,,,21.0,1.0,3.0,,,,,2.0,,,,,,4.0,39.0
2023,1,11440585,도화동,144,4.0,7.0,,,15.0,2.0,1.0,,,,,,1.0,1.0,,,,1.0,38.0
2023,1,11440590,용강동,90,7.0,6.0,,1.0,10.0,2.0,1.0,,,,,,,,,,,1.0,24.0
2023,1,11440600,대흥동,209,5.0,5.0,,,18.0,,3.0,1.0,1.0,27.0,,,,3.0,,,,3.0,38.0
2023,1,11440610,염리동,52,3.0,1.0,,,3.0,1.0,1.0,2.0,3.0,,,,,2.0,,,,,10.0
2023,1,11440630,신수동,76,4.0,1.0,,1.0,5.0,1.0,1.0,1.0,1.0,,,,,,,,,,24.0
2023,1,11440655,서강동,156,6.0,4.0,,,7.0,1.0,1.0,,,20.0,,,,,,,,2.0,64.0
2023,1,11440660,서교동,358,13.0,22.0,,,31.0,1.0,1.0,,,2.0,,,5.0,3.0,,,,7.0,88.0
2023,1,11440680,합정동,109,4.0,3.0,,,10.0,1.0,1.0,1.0,,,,,,,,,,,32.0
2023,1,11440690,망원1동,95,2.0,2.0,,,11.0,,,,,,,,,1.0,,,,,23.0
2023,1,11440700,망원2동,83,4.0,1.0,,,6.0,1.0,2.0,,,,,,,,,,,,33.0
2023,1,11440710,연남동,52,2.0,1.0,,,2.0,1.0,,1.0,2.0,,,,,,,,,,23.0
2023,1,11440720,성산1동,86,4.0,2.0,,,5.0,1.0,2.0,2.0,1.0,1.0,,,,1.0,,,,,29.0
2023,1,11440730,성산2동,158,6.0,3.0,,,13.0,2.0,3.0,2.0,,,,1.0,1.0,,,,,2.0,47.0
2023,1,11440740,상암동,247,10.0,11.0,,,14.0,3.0,3.0,1.0,1.0,,,1.0,,,,,,4.0,104.0
2023,1,11470510,목1동,190,5.0,12.0,,1.0,21.0,1.0,1.0,1.0,1.0,2.0,,,2.0,,,,,2.0,29.0
2023,1,11470520,목2동,97,3.0,2.0,,1.0,13.0,3.0,1.0,,,,,,,1.0,,,,1.0,18.0
2023,1,11470530,목3동,96,3.0,4.0,,,11.0,1.0,,1.0,,,,,,,,,,,7.0
2023,1,11470540,목4동,84,3.0,3.0,,,9.0,1.0,1.0,1.0,1.0,,,,,,,,,,14.0
2023,1,11470550,목5동,143,8.0,9.0,1.0,,12.0,4.0,3.0,2.0,2.0,,,,,,,,,,52.0
2023,1,11470560,신월1동,71,3.0,3.0,,,12.0,1.0,,,,,,,,,,,,,9.0
2023,1,11470570,신월2동,65,3.0,1.0,,,6.0,1.0,2.0,2.0,,,,,,,,,,,12.0
2023,1,11470580,신월3동,70,2.0,1.0,,,7.0,1.0,1.0,2.0,3.0,,,,,,,,,,8.0
2023,1,11470590,신월4동,63,2.0,1.0,,,6.0,3.0,1.0,,,,,,,,,,,,11.0
2023,1,11470600,신월5동,54,3.0,,,1.0,3.0,2.0,1.0,2.0,,,,,,,,,,,12.0
2023,1,11470610,신월6동,47,1.0,2.0,,1.0,5.0,1.0,1.0,1.0,,,,,,,,,,,15.0
2023,1,11470611,신월7동,74,6.0,1.0,,,10.0,2.0,,1.0,,,,,,,,,,,21.0
2023,1,11470620,신정1동,94,7.0,3.0,,,9.0,2.0,2.0,1.0,,,,,,,,,,,26.0
2023,1,11470630,신정2동,71,3.0,1.0,,,7.0,1.0,2.0,1.0,,,,,,,,,,,20.0
2023,1,11470640,신정3동,203,4.0,1.0,,,15.0,1.0,3.0,1.0,4.0,,,,,,,,,1.0,81.0
2023,1,11470650,신정4동,161,3.0,8.0,1.0,1.0,16.0,3.0,2.0,,2.0,,,,,,,,,1.0,18.0
2023,1,11470670,신정6동,72,7.0,6.0,,,2.0,2.0,,1.0,1.0,,,,,,,,,,31.0
2023,1,11470680,신정7동,107,3.0,2.0,,,8.0,3.0,3.0,1.0,1.0,,,,,,,,,1.0,30.0
2023,1,11500510,염창동,147,5.0,3.0,,1.0,15.0,,2.0,2.0,,,,,,,,,,2.0,35.0
2023,1,11500520,등촌1동,95,1.0,5.0,,1.0,10.0,,1.0,,,,,,1.0,,,,,,20.0
2023,1,11500530,등촌2동,58,3.0,,,1.0,6.0,2.0,2.0,2.0,2.0,,,,,,,,,,8.0
2023,1,11500535,등촌3동,184,6.0,3.0,1.0,2.0,18.0,2.0,5.0,2.0,4.0,,,,1.0,,,,,,55.0
2023,1,11500540,화곡1동,226,3.0,2.0,,2.0,26.0,,2.0,1.0,,,,,1.0,,,,,2.0,27.0
2023,1,11500550,화곡2동,65,2.0,,,,3.0,2.0,1.0,,,,,,,,,,,,30.0
2023,1,11500560,화곡3동,87,4.0,3.0,,,8.0,2.0,,,,,,,,,,,,,12.0
2023,1,11500570,화곡4동,101,4.0,2.0,,,14.0,3.0,1.0,,2.0,,,,,,,,,,30.0
2023,1,11500590,화곡본동,145,3.0,,,1.0,11.0,1.0,2.0,,,,,,,,,,,,31.0
2023,1,11500591,화곡6동,118,7.0,5.0,,,8.0,2.0,1.0,,,9.0,,,,,,,,,29.0
2023,1,11500593,화곡8동,95,2.0,3.0,,,8.0,1.0,,,,,,,,,,,,1.0,33.0
2023,1,11500603,가양1동,279,5.0,13.0,,,20.0,3.0,1.0,1.0,1.0,,,,1.0,2.0,,,,5.0,69.0
2023,1,11500604,가양2동,75,4.0,3.0,,,7.0,3.0,1.0,1.0,1.0,,,,,,,,,1.0,14.0
2023,1,11500605,가양3동,52,3.0,,,,4.0,3.0,2.0,1.0,1.0,,,,,,,,,1.0,13.0
2023,1,11500611,발산1동,246,3.0,9.0,1.0,2.0,33.0,2.0,3.0,4.0,8.0,,,1.0,,,,,,,63.0
2023,1,11500615,우장산동,158,4.0,4.0,,3.0,12.0,3.0,2.0,,,5.0,,,,,,,,1.0,33.0
2023,1,11500620,공항동,176,6.0,7.0,1.0,,11.0,1.0,2.0,2.0,,4.0,,,,,21.0,,,2.0,39.0
2023,1,11500630,방화1동,200,2.0,3.0,,2.0,21.0,4.0,3.0,1.0,3.0,,,,,1.0,,,,1.0,46.0
2023,1,11500640,방화2동,124,4.0,,,,7.0,3.0,1.0,1.0,,,,2.0,1.0,,4.0,,,5.0,37.0
2023,1,11500641,방화3동,83,5.0,1.0,,,5.0,2.0,3.0,2.0,1.0,1.0,,,,,,,,1.0,22.0
2023,1,11530510,신도림동,168,5.0,4.0,,,12.0,2.0,1.0,1.0,1.0,1.0,,2.0,1.0,1.0,,,,3.0,43.0
2023,1,11530520,구로1동,88,4.0,1.0,,,5.0,3.0,1.0,1.0,1.0,,,4.0,,,,,,,25.0
2023,1,11530530,구로2동,197,6.0,12.0,1.0,1.0,21.0,1.0,1.0,,1.0,,,7.0,,16.0,,,,1.0,48.0
2023,1,11530540,구로3동,187,7.0,18.0,,,15.0,1.0,2.0,1.0,,,,,,5.0,,,,2.0,47.0
2023,1,11530550,구로4동,139,5.0,3.0,,,15.0,2.0,1.0,1.0,,,,1.0,,19.0,,,,,13.0
2023,1,11530560,구로5동,167,5.0,4.0,,2.0,18.0,,3.0,1.0,1.0,2.0,1.0,,3.0,,,,,1.0,49.0
2023,1,11530595,가리봉동,74,,,,,6.0,,1.0,,1.0,,,,,23.0,,,,,8.0
2023,1,11530720,고척1동,135,5.0,4.0,1.0,1.0,9.0,,3.0,1.0,1.0,12.0,,8.0,,4.0,,,,,31.0
2023,1,11530730,고척2동,128,5.0,2.0,,1.0,11.0,,2.0,1.0,1.0,,,,,,,,,,40.0
2023,1,11530740,개봉1동,163,5.0,3.0,,1.0,11.0,2.0,1.0,2.0,,4.0,,1.0,,,,,,1.0,57.0
2023,1,11530750,개봉2동,116,3.0,3.0,,,10.0,2.0,,,,,,1.0,1.0,,,,,,26.0
2023,1,11530760,개봉3동,81,3.0,2.0,,,9.0,1.0,3.0,1.0,,,,1.0,1.0,,,,,,23.0
2023,1,11530770,오류1동,122,5.0,4.0,,,11.0,3.0,1.0,,,,,,,,,,,1.0,22.0
2023,1,11530780,오류2동,209,3.0,1.0,,1.0,9.0,6.0,3.0,2.0,1.0,,,,,,,,,1.0,86.0
2023,1,11530790,수궁동,154,3.0,1.0,,,5.0,2.0,1.0,1.0,6.0,,,1.0,,,,,,3.0,69.0
2023,1,11530800,항동,64,1.0,,,,2.0,1.0,1.0,,,10.0,,,,,,,,,37.0
2023,1,11545510,가산동,304,10.0,25.0,,1.0,21.0,2.0,,,,,,,1.0,17.0,,,,3.0,111.0
2023,1,11545610,독산1동,217,3.0,6.0,,2.0,17.0,2.0,4.0,3.0,,,,,1.0,3.0,,,,,74.0
2023,1,11545620,독산2동,73,2.0,1.0,,,8.0,,2.0,,,1.0,,,,,,,,,11.0
2023,1,11545630,독산3동,119,4.0,4.0,,,14.0,2.0,2.0,2.0,1.0,,,1.0,,,,,,,29.0
2023,1,11545640,독산4동,64,5.0,2.0,,1.0,4.0,,1.0,,,,,,,,,,,,16.0
2023,1,11545670,시흥1동,223,9.0,7.0,1.0,2.0,25.0,2.0,3.0,1.0,1.0,,,,,3.0,,,,1.0,52.0
2023,1,11545680,시흥2동,76,2.0,,,,3.0,2.0,3.0,1.0,2.0,,,,,,,,,,30.0
2023,1,11545690,시흥3동,66,3.0,3.0,,,5.0,,1.0,1.0,1.0,,,,,1.0,,,,,21.0
2023,1,11545700,시흥4동,72,1.0,1.0,,,6.0,,1.0,1.0,,,,,,,,,,,27.0
2023,1,11545710,시흥5동,106,3.0,,,,16.0,2.0,3.0,,,,,,,,,,,,37.0
2023,1,11560515,영등포본동,94,4.0,,,,10.0,2.0,2.0,1.0,2.0,,,,1.0,2.0,,,,1.0,23.0
2023,1,11560535,영등포동,325,10.0,17.0,2.0,2.0,37.0,,1.0,,,1.0,,,1.0,16.0,,,,1.0,41.0
2023,1,11560540,여의동,399,23.0,70.0,1.0,,44.0,,2.0,2.0,2.0,,,,1.0,,,,,5.0,61.0
2023,1,11560550,당산1동,131,6.0,5.0,,1.0,8.0,1.0,,,,,,,,12.0,,,,2.0,23.0
2023,1,11560560,당산2동,192,6.0,4.0,,,20.0,3.0,2.0,2.0,,,,,,,,,,2.0,46.0
2023,1,11560585,도림동,66,2.0,,,,6.0,2.0,,,,,,,,,,,,,28.0
2023,1,11560605,문래동,185,8.0,9.0,,,17.0,,3.0,2.0,,,,,,2.0,,,,1.0,56.0
2023,1,11560610,양평1동,87,5.0,3.0,,1.0,6.0,,1.0,,1.0,,,,,1.0,,,,1.0,22.0
2023,1,11560620,양평2동,131,8.0,6.0,,,7.0,1.0,2.0,1.0,2.0,,,,,3.0,,,,1.0,35.0
2023,1,11560630,신길1동,85,1.0,2.0,1.0,1.0,13.0,,1.0,,,,,,,4.0,,,,2.0,25.0
2023,1,11560650,신길3동,102,3.0,5.0,,1.0,12.0,3.0,1.0,,,,,,,2.0,,,,,32.0
2023,1,11560660,신길4동,43,1.0,1.0,,,2.0,2.0,1.0,,,,,,,,,,,,13.0
2023,1,11560670,신길5동,66,3.0,,,,,1.0,1.0,1.0,1.0,,,,,5.0,,,,,31.0
2023,1,11560680,신길6동,123,4.0,1.0,,1.0,14.0,1.0,1.0,,1.0,,,1.0,,2.0,,,,1.0,29.0
2023,1,11560690,신길7동,78,5.0,1.0,,,7.0,1.0,1.0,,,,,,,1.0,,,,1.0,32.0
2023,1,11560700,대림1동,81,2.0,4.0,2.0,,18.0,,1.0,1.0,,,,2.0,,3.0,,,,,16.0
2023,1,11560710,대림2동,86,4.0,2.0,1.0,,16.0,,2.0,,,1.0,,,,1.0,,,,,13.0
2023,1,11560720,대림3동,126,2.0,7.0,,1.0,11.0,3.0,2.0,1.0,,2.0,,1.0,,,,,,2.0,46.0
2023,1,11590510,노량진1동,180,5.0,4.0,,,14.0,2.0,3.0,1.0,,1.0,,,,2.0,,,,3.0,57.0
2023,1,11590520,노량진2동,72,5.0,4.0,,1.0,14.0,1.0,,,,,,,,1.0,,,,,14.0
2023,1,11590530,상도1동,201,5.0,4.0,,1.0,16.0,2.0,2.0,1.0,,23.0,,,,,,,,2.0,47.0
2023,1,11590540,상도2동,154,6.0,3.0,,,16.0,1.0,1.0,1.0,,,,1.0,,1.0,,,,1.0,41.0
2023,1,11590550,상도3동,113,2.0,2.0,,,11.0,,,1.0,,,,1.0,,,,,,,36.0
2023,1,11590560,상도4동,112,3.0,1.0,,1.0,11.0,4.0,1.0,1.0,,,,,1.0,,,,,,36.0
2023,1,11590605,흑석동,195,6.0,6.0,1.0,,24.0,5.0,3.0,2.0,,16.0,,,,1.0,,,,1.0,50.0
2023,1,11590620,사당1동,126,4.0,6.0,,2.0,12.0,1.0,1.0,,,1.0,,,1.0,1.0,,,,2.0,13.0
2023,1,11590630,사당2동,179,3.0,2.0,,,14.0,,1.0,1.0,2.0,,,,,2.0,,,,4.0,36.0
2023,1,11590640,사당3동,88,3.0,1.0,,,5.0,,2.0,1.0,,3.0,,1.0,,,,,,1.0,30.0
2023,1,11590650,사당4동,62,2.0,1.0,,,6.0,,,1.0,,,,1.0,,,,,,,4.0
2023,1,11590651,사당5동,61,4.0,,,,3.0,1.0,2.0,1.0,1.0,,,,,,,,,,28.0
2023,1,11590660,대방동,199,5.0,5.0,,,16.0,3.0,3.0,4.0,4.0,,,,,,,,,2.0,61.0
2023,1,11590670,신대방1동,83,3.0,1.0,,,10.0,3.0,1.0,1.0,,1.0,,,,,,,,1.0,15.0
2023,1,11590680,신대방2동,109,7.0,7.0,1.0,,16.0,,1.0,1.0,1.0,,,,,,,,,,29.0
2023,1,11620525,보라매동,83,1.0,1.0,,,5.0,,1.0,1.0,1.0,,,,,,,,,,25.0
2023,1,11620545,청림동,50,2.0,,,,4.0,2.0,,,,,,,,2.0,,,,,7.0
2023,1,11620565,성현동,104,4.0,,,,6.0,3.0,2.0,1.0,1.0,,,,,,,,,,38.0
2023,1,11620575,행운동,111,3.0,3.0,1.0,2.0,12.0,1.0,2.0,2.0,1.0,,,,,,,,,,15.0
2023,1,11620585,낙성대동,148,2.0,3.0,,,10.0,,1.0,,,37.0,,,,2.0,,,,,37.0
2023,1,11620595,청룡동,147,5.0,6.0,,1.0,23.0,,2.0,2.0,3.0,,,1.0,1.0,1.0,,,,1.0,15.0
2023,1,11620605,은천동,123,6.0,,,,9.0,3.0,1.0,,1.0,,,,,,,,,,43.0
2023,1,11620615,중앙동,83,1.0,3.0,,1.0,14.0,,1.0,,,,,,,,,,,1.0,12.0
2023,1,11620625,인헌동,105,2.0,5.0,,,14.0,1.0,,1.0,1.0,,,2.0,,,,,,1.0,23.0
2023,1,11620630,남현동,70,3.0,1.0,,,6.0,1.0,1.0,,,1.0,,,,,,,,,6.0
2023,1,11620645,서원동,94,3.0,1.0,1.0,1.0,9.0,,,1.0,,,,,1.0,,,,,,27.0
2023,1,11620655,신원동,54,6.0,1.0,,,7.0,,1.0,,,1.0,,,,,,,,,10.0
2023,1,11620665,서림동,74,2.0,,,,5.0,1.0,1.0,1.0,,,,,,,,,,,34.0
2023,1,11620685,신사동,79,3.0,2.0,,1.0,10.0,1.0,1.0,,,1.0,,1.0,,,,,,,21.0
2023,1,11620695,신림동,168,2.0,3.0,,,17.0,,,,,,,,,4.0,,,,1.0,16.0
2023,1,11620715,난향동,68,1.0,,,,5.0,,1.0,,,,,,,,,,,,34.0
2023,1,11620725,조원동,96,3.0,1.0,,1.0,12.0,,1.0,,,,,1.0,,,,,,,30.0
2023,1,11620735,대학동,283,5.0,6.0,,,11.0,,1.0,1.0,2.0,140.0,,,,,,,,,73.0
2023,1,11620745,삼성동,94,3.0,,,,7.0,,2.0,,1.0,,,,,3.0,,,,,44.0
2023,1,11620765,미성동,126,3.0,3.0,,1.0,11.0,1.0,2.0,2.0,2.0,,,,,1.0,,,,,44.0
2023,1,11620775,난곡동,95,2.0,1.0,,,11.0,2.0,1.0,2.0,1.0,,,1.0,,,,,,,28.0
2023,1,11650510,서초1동,194,4.0,10.0,,1.0,14.0,,2.0,,,13.0,,,,,,,,2.0,38.0
2023,1,11650520,서초2동,217,8.0,26.0,,,24.0,,1.0,1.0,1.0,,,,,1.0,,,,2.0,47.0
2023,1,11650530,서초3동,332,25.0,30.0,,3.0,30.0,1.0,1.0,1.0,3.0,2.0,,,,,,,1.0,2.0,77.0
2023,1,11650531,서초4동,257,2.0,13.0,,1.0,31.0,2.0,2.0,1.0,,,,,1.0,,,,,,36.0
2023,1,11650540,잠원동,135,3.0,8.0,,,13.0,1.0,1.0,1.0,,,,,,,,,,2.0,23.0
2023,1,11650550,반포본동,33,1.0,3.0,,,2.0,,1.0,2.0,2.0,,,1.0,,,,,,1.0,5.0
2023,1,11650560,반포1동,140,6.0,6.0,,1.0,20.0,1.0,2.0,1.0,1.0,,,,,,,,,1.0,26.0
2023,1,11650570,반포2동,74,4.0,5.0,,,5.0,,2.0,1.0,,,,1.0,,,,,,1.0,25.0
2023,1,11650580,반포3동,109,3.0,7.0,,,11.0,,1.0,1.0,,,,,,,,,,,18.0
2023,1,11650581,반포4동,130,7.0,12.0,1.0,,12.0,,,1.0,,3.0,,,1.0,,,,,3.0,33.0
2023,1,11650590,방배본동,103,2.0,6.0,,,16.0,,1.0,,,,,1.0,,,,,,,25.0
2023,1,11650600,방배1동,102,3.0,4.0,,1.0,10.0,,1.0,,,3.0,,1.0,,,,,,1.0,19.0
2023,1,11650610,방배2동,114,4.0,2.0,,,3.0,,1.0,1.0,1.0,,,1.0,,1.0,,,,1.0,37.0
2023,1,11650620,방배3동,112,4.0,3.0,,2.0,6.0,,2.0,,1.0,7.0,,,,,,,,,50.0
2023,1,11650621,방배4동,156,3.0,10.0,,,11.0,,1.0,,1.0,4.0,,,,1.0,,,,1.0,31.0
2023,1,11650651,양재1동,263,12.0,11.0,,1.0,20.0,3.0,4.0,1.0,,1.0,,,,,,,,2.0,86.0
2023,1,11650652,양재2동,147,2.0,16.0,,,11.0,,1.0,2.0,1.0,,,1.0,,,,,,1.0,57.0
2023,1,11650660,내곡동,161,5.0,1.0,,1.0,2.0,2.0,1.0,,,3.0,,1.0,,,,,,1.0,85.0
2023,1,11680510,신사동,260,3.0,14.0,,,36.0,2.0,1.0,1.0,2.0,,1.0,,1.0,,,,,1.0,12.0
2023,1,11680521,논현1동,300,4.0,15.0,,4.0,42.0,,1.0,,,,,1.0,8.0,,,,,3.0,23.0
2023,1,11680531,논현2동,240,8.0,16.0,,5.0,29.0,1.0,1.0,1.0,,4.0,,,2.0,,,,,1.0,33.0
2023,1,11680545,압구정동,313,4.0,25.0,,5.0,30.0,1.0,1.0,2.0,2.0,,2.0,1.0,3.0,,,,,2.0,18.0
2023,1,11680565,청담동,288,11.0,19.0,,4.0,27.0,2.0,2.0,1.0,1.0,1.0,,,,,,,,3.0,23.0
2023,1,11680580,삼성1동,199,6.0,26.0,,3.0,13.0,1.0,1.0,1.0,1.0,,1.0,,1.0,,,,,3.0,38.0
2023,1,11680590,삼성2동,177,10.0,11.0,,,11.0,,1.0,1.0,,1.0,,,,,,,,4.0,28.0
2023,1,11680600,대치1동,130,4.0,11.0,,,13.0,1.0,1.0,1.0,2.0,1.0,,,,,,,,,24.0
2023,1,11680610,대치2동,210,6.0,26.0,,2.0,20.0,,2.0,1.0,1.0,,,,,,,,,2.0,39.0
2023,1,11680630,대치4동,159,4.0,12.0,1.0,1.0,18.0,,1.0,,,1.0,1.0,,,,,,,,14.0
2023,1,11680640,역삼1동,542,15.0,49.0,1.0,3.0,64.0,1.0,1.0,,,,,,3.0,1.0,,,,1.0,44.0
2023,1,11680650,역삼2동,195,3.0,14.0,,2.0,25.0,,1.0,2.0,1.0,1.0,,,,,,,,,31.0
2023,1,11680655,도곡1동,142,4.0,9.0,1.0,4.0,20.0,2.0,1.0,2.0,1.0,,,,,,,,,1.0,27.0
2023,1,11680656,도곡2동,118,7.0,23.0,,,10.0,2.0,1.0,1.0,2.0,,,,,,,,,3.0,25.0
2023,1,11680660,개포1동,38,1.0,1.0,,,1.0,,1.0,2.0,,,,,,,,,,,29.0
2023,1,11680670,개포2동,135,3.0,3.0,,,9.0,5.0,4.0,1.0,3.0,,,,,,,,,3.0,50.0
2023,1,11680690,개포4동,115,3.0,4.0,,,7.0,,2.0,1.0,1.0,,,,,,,,,,49.0
2023,1,11680700,세곡동,191,4.0,1.0,,,9.0,3.0,4.0,1.0,1.0,,,,,,,,,,95.0
2023,1,11680720,일원본동,103,2.0,6.0,1.0,,15.0,2.0,2.0,1.0,2.0,,,,,,,,,1.0,32.0
2023,1,11680730,일원1동,74,4.0,1.0,,,11.0,1.0,2.0,,1.0,,,,,,,,,,18.0
2023,1,11680740,일원2동,66,3.0,3.0,,,6.0,2.0,1.0,1.0,,,,,,,,,,1.0,13.0
2023,1,11680750,수서동,89,3.0,3.0,,,11.0,2.0,1.0,1.0,2.0,,,,,,,,,2.0,23.0
2023,1,11710510,풍납1동,48,3.0,,,1.0,6.0,1.0,1.0,,,,,,,,,,,,6.0
2023,1,11710520,풍납2동,125,5.0,5.0,1.0,,26.0,2.0,2.0,3.0,1.0,3.0,,,,,,,,1.0,24.0
2023,1,11710531,거여1동,48,2.0,,,,2.0,,1.0,,1.0,,,,,1.0,,,,1.0,6.0
2023,1,11710532,거여2동,78,3.0,3.0,,1.0,12.0,1.0,1.0,1.0,,,,,,,,,,,11.0
2023,1,11710540,마천1동,73,4.0,1.0,,,8.0,1.0,1.0,,,,,,,1.0,,,,1.0,15.0
2023,1,11710550,마천2동,93,3.0,2.0,,,14.0,,1.0,,,,,,,,,,,,12.0
2023,1,11710561,방이1동,73,2.0,1.0,,,10.0,2.0,2.0,1.0,1.0,,,,,,,,,1.0,11.0
2023,1,11710562,방이2동,164,3.0,5.0,,,18.0,,1.0,1.0,,,,,,,,,,1.0,13.0
2023,1,11710566,오륜동,74,4.0,6.0,,,6.0,1.0,2.0,2.0,3.0,11.0,,,,,,,,3.0,15.0
2023,1,11710570,오금동,134,5.0,5.0,,,13.0,3.0,3.0,4.0,2.0,,,,,,,,,3.0,27.0
2023,1,11710580,송파1동,102,2.0,4.0,,3.0,14.0,1.0,1.0,,,,,,,,,,,2.0,13.0
2023,1,11710590,송파2동,79,3.0,1.0,,,11.0,3.0,1.0,2.0,3.0,,,,,,,,,,7.0
2023,1,11710600,석촌동,159,3.0,7.0,,2.0,27.0,3.0,2.0,,,,,,,,,,,,20.0
2023,1,11710610,삼전동,118,4.0,2.0,,,14.0,3.0,1.0,1.0,1.0,,,,,1.0,,,,1.0,12.0
2023,1,11710620,가락본동,144,5.0,9.0,1.0,5.0,21.0,1.0,2.0,2.0,,,,,,,,,,,21.0
2023,1,11710631,가락1동,82,2.0,8.0,,,13.0,1.0,1.0,1.0,,,,1.0,,,,,,3.0,16.0
2023,1,11710632,가락2동,143,3.0,6.0,,,17.0,4.0,2.0,1.0,,,,,,,,,,1.0,22.0
2023,1,11710641,문정1동,70,3.0,1.0,,,5.0,1.0,1.0,1.0,,,,,,,,,,,19.0
2023,1,11710642,문정2동,149,10.0,12.0,,1.0,22.0,,1.0,,,,,,2.0,,,,,3.0,14.0
2023,1,11710646,장지동,136,4.0,3.0,,,10.0,1.0,2.0,1.0,3.0,,,,1.0,,,,,1.0,41.0
2023,1,11710647,위례동,84,3.0,1.0,,,5.0,2.0,2.0,1.0,,,,,,,,,,,32.0
2023,1,11710650,잠실본동,192,5.0,9.0,,1.0,24.0,,1.0,,,,,,,,,,,1.0,12.0
2023,1,11710670,잠실2동,91,4.0,6.0,,,14.0,1.0,2.0,2.0,2.0,,,,,,,,,1.0,5.0
2023,1,11710680,잠실3동,103,5.0,9.0,,,11.0,1.0,3.0,,1.0,,,,,,,,,,16.0
2023,1,11710690,잠실4동,74,3.0,3.0,,,10.0,1.0,2.0,,1.0,,,,,,,,,2.0,7.0
2023,1,11710710,잠실6동,144,4.0,17.0,,1.0,23.0,,1.0,1.0,,,,,1.0,,,,,2.0,13.0
2023,1,11710720,잠실7동,30,2.0,4.0,,,4.0,,1.0,2.0,1.0,,,,,,,,,2.0,3.0
2023,1,11740515,강일동,187,5.0,3.0,,,12.0,2.0,2.0,2.0,1.0,,,,,,,,,3.0,79.0
2023,1,11740520,상일동,105,4.0,2.0,1.0,,8.0,4.0,2.0,2.0,5.0,,,,,,,,,,37.0
2023,1,11740530,명일1동,151,5.0,6.0,,2.0,17.0,,1.0,,,,,,,,,,,1.0,22.0
2023,1,11740540,명일2동,107,3.0,6.0,,,18.0,4.0,2.0,,1.0,,,,,,,,,,18.0
2023,1,11740550,고덕1동,92,3.0,,,,4.0,1.0,2.0,1.0,1.0,,,,,,,,,1.0,26.0
2023,1,11740560,고덕2동,78,3.0,1.0,,,9.0,1.0,2.0,1.0,2.0,,,,,,,,,1.0,25.0
2023,1,11740570,암사1동,90,2.0,1.0,,,8.0,1.0,1.0,,,1.0,,1.0,,,,,,,13.0
2023,1,11740580,암사2동,61,1.0,3.0,,,6.0,1.0,2.0,,,,,,,,,,,1.0,6.0
2023,1,11740590,암사3동,50,2.0,1.0,,,5.0,1.0,,2.0,1.0,,,,,,,,,,12.0
2023,1,11740600,천호1동,92,4.0,1.0,,,11.0,,1.0,1.0,1.0,1.0,,,1.0,,,,,1.0,11.0
2023,1,11740610,천호2동,203,4.0,3.0,,1.0,26.0,1.0,1.0,1.0,,,,,,3.0,,,,,22.0
2023,1,11740620,천호3동,115,4.0,3.0,,2.0,14.0,,,1.0,,,,,,1.0,,,,,11.0
2023,1,11740640,성내1동,98,6.0,4.0,,2.0,9.0,1.0,2.0,1.0,,1.0,,,1.0,,,,,,20.0
2023,1,11740650,성내2동,113,2.0,3.0,,4.0,14.0,,,,,,,,1.0,,,,,3.0,16.0
2023,1,11740660,성내3동,136,4.0,5.0,,,13.0,2.0,,,,2.0,,,,,,,,1.0,13.0
2023,1,11740685,길동,242,6.0,10.0,1.0,4.0,34.0,4.0,3.0,1.0,,1.0,,,,,,,,1.0,36.0
2023,1,11740690,둔촌1동,14,,,,,,,2.0,,1.0,,,,,,,,,1.0,6.0
2023,1,11740700,둔촌2동,129,5.0,4.0,1.0,,17.0,2.0,1.0,2.0,1.0,,,,,,,,,1.0,32.0
2023,2,11110515,청운효자동,93,6.0,3.0,,,4.0,1.0,1.0,2.0,2.0,8.0,,,,,,,,,26.0
2023,2,11110530,사직동,206,18.0,24.0,,,15.0,,1.0,,1.0,1.0,,,3.0,,,,,2.0,34.0
2023,2,11110540,삼청동,49,10.0,4.0,,1.0,1.0,,,1.0,1.0,2.0,,,,,,,,,16.0
2023,2,11110550,부암동,84,4.0,2.0,,,1.0,1.0,2.0,1.0,1.0,14.0,,,,,,,,,38.0
2023,2,11110560,평창동,162,6.0,2.0,,1.0,5.0,1.0,,,1.0,2.0,,,,,,,,,91.0
2023,2,11110570,무악동,42,2.0,1.0,1.0,,4.0,1.0,1.0,,,,,,,,,,,1.0,7.0
2023,2,11110580,교남동,78,4.0,3.0,2.0,,17.0,,,,1.0,1.0,,,,,,,,,26.0
2023,2,11110600,가회동,63,5.0,3.0,,,1.0,1.0,1.0,1.0,2.0,1.0,,,,,,,,,22.0
2023,2,11110615,종로1?2?3?4가동,500,19.0,35.0,,,47.0,1.0,2.0,,,4.0,,1.0,5.0,17.0,,,,5.0,72.0
2023,2,11110630,종로5?6가동,212,7.0,8.0,,,31.0,,1.0,,,1.0,,4.0,,3.0,,,,1.0,23.0
2023,2,11110640,이화동,119,4.0,4.0,1.0,,11.0,,,2.0,,37.0,,,,,,,,1.0,28.0
2023,2,11110650,혜화동,145,6.0,5.0,,,16.0,3.0,1.0,1.0,4.0,26.0,,,1.0,,,,,,36.0
2023,2,11110670,창신1동,111,3.0,4.0,,,9.0,,2.0,,,,,1.0,,7.0,,,,2.0,11.0
2023,2,11110680,창신2동,38,2.0,1.0,,,5.0,,,,,,,,,,,,,,
2023,2,11110690,창신3동,24,3.0,,,,1.0,,1.0,,1.0,,,,,,,,,1.0,5.0
2023,2,11110700,숭인1동,43,3.0,1.0,,,3.0,1.0,,,,,,,,,,,,,14.0
2023,2,11110710,숭인2동,89,4.0,3.0,,1.0,4.0,,,,,,,2.0,,3.0,,,,2.0,6.0
2023,2,11140520,소공동,231,13.0,29.0,,,10.0,,1.0,4.0,3.0,,1.0,,3.0,3.0,,,,3.0,37.0
2023,2,11140540,회현동,211,9.0,17.0,,,16.0,1.0,,,,2.0,,2.0,1.0,2.0,,,,6.0,35.0
2023,2,11140550,명동,542,20.0,46.0,,,35.0,,1.0,,,4.0,,,3.0,12.0,,,,1.0,29.0
2023,2,11140570,필동,123,6.0,9.0,1.0,,7.0,,2.0,,1.0,19.0,,,2.0,1.0,,,,2.0,15.0
2023,2,11140580,장충동,63,6.0,2.0,,,1.0,,1.0,,,3.0,,,1.0,2.0,,,,1.0,13.0
2023,2,11140590,광희동,185,3.0,16.0,1.0,,14.0,,,1.0,,,,1.0,3.0,11.0,,,,3.0,19.0
2023,2,11140605,을지로동,145,5.0,10.0,,,13.0,,,,,,,1.0,2.0,3.0,,,,4.0,20.0
2023,2,11140615,신당동,99,7.0,5.0,,1.0,12.0,,1.0,1.0,3.0,,,3.0,,1.0,,,,2.0,8.0
2023,2,11140625,다산동,86,3.0,4.0,,1.0,9.0,,1.0,1.0,1.0,,,,,1.0,,,,1.0,7.0
2023,2,11140635,약수동,87,4.0,2.0,,1.0,12.0,2.0,,,,,,,,,,,,2.0,12.0
2023,2,11140645,청구동,34,2.0,,,,3.0,1.0,2.0,1.0,1.0,,,,,,,,,,5.0
2023,2,11140650,신당5동,65,4.0,2.0,,,5.0,,1.0,,2.0,,,,,,,,,,12.0
2023,2,11140665,동화동,47,3.0,1.0,,,5.0,,1.0,1.0,,,,,,,,,,2.0,4.0
2023,2,11140670,황학동,76,1.0,6.0,,,10.0,,,,,,,,,7.0,,,,,6.0
2023,2,11140680,중림동,77,3.0,2.0,,,7.0,,1.0,,2.0,1.0,,,,5.0,,,,,14.0
2023,2,11170510,후암동,80,6.0,1.0,,,7.0,1.0,2.0,,1.0,,,2.0,,,,,,,18.0
2023,2,11170520,용산2가동,63,3.0,,,,4.0,,1.0,2.0,2.0,,,,,,,,,1.0,29.0
2023,2,11170530,남영동,147,7.0,5.0,,,14.0,,,1.0,,,,,,12.0,,,,3.0,26.0
2023,2,11170555,청파동,128,7.0,2.0,,1.0,11.0,,2.0,2.0,4.0,22.0,,1.0,,1.0,,,,,35.0
2023,2,11170560,원효로1동,94,6.0,3.0,,,6.0,1.0,1.0,,,3.0,,4.0,,,,,,,31.0
2023,2,11170570,원효로2동,69,4.0,2.0,,,4.0,2.0,1.0,1.0,1.0,,,2.0,,,,,,,27.0
2023,2,11170580,효창동,66,1.0,1.0,,,5.0,,1.0,,1.0,1.0,,,,,,,,2.0,22.0
2023,2,11170590,용문동,54,1.0,,,,3.0,,,,,,,,,,,,,,22.0
2023,2,11170625,한강로동,242,19.0,19.0,,,21.0,,2.0,,1.0,,,5.0,3.0,2.0,,,,7.0,41.0
2023,2,11170630,이촌1동,102,4.0,9.0,,1.0,12.0,2.0,1.0,1.0,1.0,,,1.0,,,,,,,14.0
2023,2,11170640,이촌2동,26,2.0,,,,1.0,,,,,,,,,,,,,,11.0
2023,2,11170650,이태원1동,71,8.0,5.0,,,3.0,,1.0,,,,,3.0,,,,,,1.0,14.0
2023,2,11170660,이태원2동,60,8.0,5.0,,,3.0,1.0,1.0,,1.0,,,,,,,,,,22.0
2023,2,11170685,한남동,171,30.0,11.0,1.0,,13.0,3.0,1.0,,,,,3.0,,,,,,2.0,36.0
2023,2,11170690,서빙고동,61,15.0,1.0,,,1.0,,1.0,1.0,,,,,,,,,,1.0,21.0
2023,2,11170700,보광동,70,4.0,1.0,,,8.0,1.0,,1.0,1.0,6.0,,,,,,,,,14.0
2023,2,11200520,왕십리2동,63,2.0,,,,5.0,1.0,1.0,,,,,,,,,,,1.0,18.0
2023,2,11200535,왕십리도선동,189,4.0,4.0,,2.0,20.0,2.0,2.0,,2.0,,,,,,,,,,26.0
2023,2,11200540,마장동,111,6.0,5.0,,,8.0,2.0,2.0,2.0,,,,,,,,,,1.0,29.0
2023,2,11200550,사근동,128,5.0,3.0,1.0,,10.0,,2.0,1.0,2.0,52.0,,1.0,,,,,,2.0,34.0
2023,2,11200560,행당1동,130,9.0,4.0,,2.0,13.0,1.0,1.0,,,,,1.0,1.0,,,,,4.0,30.0
2023,2,11200570,행당2동,79,2.0,2.0,,,4.0,1.0,1.0,1.0,1.0,,,,,,,,,1.0,24.0
2023,2,11200580,응봉동,56,3.0,,,,2.0,,1.0,1.0,,,,,,,,,,1.0,30.0
2023,2,11200590,금호1가동,88,2.0,,,,6.0,1.0,1.0,,1.0,,,,,,,,,1.0,45.0
2023,2,11200615,금호2?3가동,135,3.0,2.0,,,13.0,,1.0,,,,,,,,,,,,46.0
2023,2,11200620,금호4가동,84,3.0,3.0,,,6.0,1.0,2.0,,,,,,,,,,,1.0,27.0
2023,2,11200645,옥수동,129,4.0,2.0,,,10.0,2.0,2.0,1.0,1.0,,,,,,,,,2.0,45.0
2023,2,11200650,성수1가1동,83,4.0,2.0,,,4.0,1.0,2.0,1.0,1.0,,,,1.0,,,,,1.0,33.0
2023,2,11200660,성수1가2동,79,3.0,6.0,,,6.0,,,1.0,1.0,1.0,,,,,,,,1.0,12.0
2023,2,11200670,성수2가1동,109,3.0,3.0,,,13.0,,1.0,2.0,1.0,,,2.0,,1.0,,,,,38.0
2023,2,11200690,성수2가3동,104,3.0,16.0,,,11.0,,2.0,,,,,,1.0,,,,,1.0,20.0
2023,2,11200720,송정동,44,2.0,,,1.0,5.0,,1.0,,,,,,,,,,,,17.0
2023,2,11200790,용답동,82,7.0,2.0,,,8.0,,1.0,,,,,1.0,,,,,,2.0,11.0
2023,2,11215710,화양동,167,3.0,5.0,1.0,,17.0,,2.0,2.0,1.0,34.0,,,1.0,,,,,2.0,16.0
2023,2,11215730,군자동,135,5.0,5.0,,1.0,12.0,1.0,2.0,,,20.0,,,1.0,,,,,,23.0
2023,2,11215740,중곡1동,74,2.0,,,,10.0,1.0,,,,,,1.0,,,,,,,19.0
2023,2,11215750,중곡2동,104,2.0,4.0,,,14.0,1.0,1.0,,,,,,,,,,,2.0,21.0
2023,2,11215760,중곡3동,97,3.0,1.0,,1.0,9.0,,2.0,,,,,1.0,,,,,,1.0,29.0
2023,2,11215770,중곡4동,105,2.0,2.0,,,7.0,,1.0,1.0,2.0,,,,,,,,,,37.0
2023,2,11215780,능동,47,4.0,,,1.0,5.0,,1.0,,1.0,,,,,,,,,1.0,5.0
2023,2,11215810,광장동,139,5.0,9.0,,,9.0,3.0,3.0,3.0,1.0,11.0,,,,,,,,1.0,32.0
2023,2,11215820,자양1동,106,3.0,4.0,1.0,,14.0,1.0,1.0,,,2.0,,,,,,,,,17.0
2023,2,11215830,자양2동,95,2.0,1.0,,,8.0,2.0,4.0,2.0,1.0,,,1.0,,,,,,,21.0
2023,2,11215840,자양3동,105,2.0,6.0,,,8.0,2.0,2.0,1.0,1.0,1.0,1.0,,1.0,,,,,,30.0
2023,2,11215847,자양4동,106,5.0,2.0,,1.0,15.0,1.0,,1.0,,,,1.0,1.0,,,,,1.0,16.0
2023,2,11215850,구의1동,77,2.0,4.0,,,9.0,1.0,,1.0,1.0,,,,,,,,,1.0,16.0
2023,2,11215860,구의2동,112,3.0,2.0,,1.0,9.0,3.0,2.0,,,1.0,,,,,,,,1.0,24.0
2023,2,11215870,구의3동,133,5.0,4.0,,,16.0,2.0,1.0,,,,,1.0,1.0,,,,1.0,1.0,25.0
2023,2,11230536,용신동,231,10.0,8.0,1.0,4.0,20.0,1.0,1.0,1.0,1.0,,,1.0,,5.0,,,,5.0,41.0
2023,2,11230545,제기동,288,4.0,5.0,,1.0,22.0,2.0,2.0,2.0,1.0,1.0,,3.0,,14.0,,,,1.0,30.0
2023,2,11230560,전농1동,152,5.0,2.0,,1.0,13.0,3.0,1.0,1.0,1.0,,,,1.0,5.0,,,,3.0,35.0
2023,2,11230570,전농2동,102,2.0,2.0,,,12.0,3.0,3.0,2.0,1.0,27.0,,,,,,,,,15.0
2023,2,11230600,답십리1동,124,4.0,5.0,,,9.0,,2.0,1.0,,,,,,,,,,,25.0
2023,2,11230610,답십리2동,108,3.0,2.0,,2.0,13.0,3.0,1.0,,,,,3.0,,,,,,,19.0
2023,2,11230650,장안1동,192,5.0,11.0,,4.0,26.0,2.0,2.0,2.0,,,,,,,,,,1.0,43.0
2023,2,11230660,장안2동,168,3.0,2.0,,2.0,21.0,1.0,2.0,,1.0,1.0,,,1.0,1.0,,,,,38.0
2023,2,11230705,청량리동,154,9.0,4.0,1.0,,16.0,2.0,1.0,1.0,1.0,1.0,,,,2.0,,,,,34.0
2023,2,11230710,회기동,84,3.0,5.0,1.0,,10.0,1.0,3.0,1.0,1.0,14.0,,,,,,,,,10.0
2023,2,11230720,휘경1동,82,2.0,1.0,,,12.0,,,,,,,,,1.0,,,,3.0,18.0
2023,2,11230730,휘경2동,84,5.0,1.0,1.0,,5.0,1.0,2.0,3.0,3.0,4.0,,,,,,,,,27.0
2023,2,11230740,이문1동,147,5.0,2.0,,,13.0,3.0,,,2.0,30.0,,,,,,,,1.0,26.0
2023,2,11230750,이문2동,71,2.0,,,,6.0,1.0,1.0,,,2.0,,,,,,,,1.0,17.0
2023,2,11260520,면목2동,112,3.0,,,1.0,11.0,2.0,2.0,,,,,8.0,,1.0,,,,,25.0
2023,2,11260540,면목4동,61,2.0,,,,5.0,1.0,1.0,1.0,,,,,,,,,,1.0,15.0
2023,2,11260550,면목5동,42,2.0,1.0,,,3.0,,,,,,,4.0,,,,,,,13.0
2023,2,11260565,면목본동,168,4.0,2.0,,,18.0,1.0,2.0,,,,,13.0,,1.0,,,,1.0,30.0
2023,2,11260570,면목7동,108,2.0,2.0,,1.0,11.0,,1.0,,,,,1.0,,,,,,,18.0
2023,2,11260575,면목3?8동,150,4.0,1.0,1.0,,17.0,1.0,2.0,2.0,1.0,8.0,,,,1.0,,,,1.0,34.0
2023,2,11260580,상봉1동,78,3.0,1.0,,1.0,8.0,2.0,1.0,2.0,1.0,,,,,,,,,4.0,12.0
2023,2,11260590,상봉2동,127,4.0,3.0,,1.0,10.0,,,,,,,,2.0,2.0,,,1.0,1.0,18.0
2023,2,11260600,중화1동,79,2.0,1.0,,1.0,7.0,1.0,2.0,2.0,1.0,,,,,,,,,,14.0
2023,2,11260610,중화2동,123,2.0,3.0,,,14.0,,,,,,,2.0,,,,,,3.0,32.0
2023,2,11260620,묵1동,144,4.0,2.0,,2.0,11.0,2.0,1.0,2.0,2.0,,,,,,,,,,34.0
2023,2,11260630,묵2동,92,3.0,4.0,,,7.0,,2.0,,,,,,1.0,,,,,1.0,19.0
2023,2,11260655,망우본동,238,9.0,4.0,1.0,4.0,25.0,1.0,2.0,3.0,4.0,,,9.0,,2.0,,,,2.0,54.0
2023,2,11260660,망우3동,54,1.0,1.0,,1.0,3.0,,2.0,,1.0,,,3.0,,,,,,,11.0
2023,2,11260680,신내1동,160,3.0,2.0,1.0,,13.0,2.0,2.0,,,,,,,,,,,1.0,53.0
2023,2,11260690,신내2동,104,6.0,3.0,,,12.0,3.0,4.0,,,,,,,,,,,,21.0
2023,2,11290525,성북동,166,6.0,4.0,,,6.0,2.0,1.0,3.0,2.0,5.0,,,,,,,,,55.0
2023,2,11290555,삼선동,163,7.0,5.0,,,14.0,,1.0,1.0,2.0,14.0,,,,,,,,2.0,46.0
2023,2,11290575,동선동,146,1.0,4.0,,1.0,13.0,1.0,2.0,2.0,1.0,12.0,,,1.0,,,,,1.0,19.0
2023,2,11290580,돈암1동,42,1.0,,,,2.0,2.0,2.0,2.0,1.0,,,,,,,,,,15.0
2023,2,11290590,돈암2동,88,4.0,2.0,,,4.0,6.0,1.0,,,,,,1.0,,,,,,38.0
2023,2,11290600,안암동,167,4.0,6.0,1.0,1.0,10.0,,1.0,1.0,1.0,71.0,,,,,,,,1.0,35.0
2023,2,11290610,보문동,77,4.0,4.0,,,6.0,,2.0,,,,,,,1.0,,,,2.0,10.0
2023,2,11290620,정릉1동,63,2.0,,,,6.0,2.0,,,,1.0,,,,,,,,,19.0
2023,2,11290630,정릉2동,110,4.0,3.0,,,6.0,1.0,2.0,,,,,,,,,,,1.0,50.0
2023,2,11290640,정릉3동,124,4.0,1.0,,,2.0,,1.0,3.0,1.0,28.0,,,,,,,,,38.0
2023,2,11290650,정릉4동,133,7.0,3.0,,,12.0,2.0,1.0,,2.0,11.0,,,,,,,,1.0,40.0
2023,2,11290660,길음1동,129,3.0,4.0,,,10.0,2.0,3.0,1.0,1.0,,,1.0,,,,,,1.0,26.0
2023,2,11290685,길음2동,112,5.0,,,3.0,14.0,,,,,,,,,,,,,,23.0
2023,2,11290705,종암동,189,7.0,2.0,,1.0,17.0,3.0,2.0,2.0,1.0,2.0,,,,,,,,,56.0
2023,2,11290715,월곡1동,108,2.0,3.0,,,10.0,,2.0,1.0,1.0,,,,,1.0,,,,,30.0
2023,2,11290725,월곡2동,135,6.0,4.0,,,12.0,2.0,,1.0,,12.0,,,,,,,,2.0,34.0
2023,2,11290760,장위1동,103,4.0,1.0,,,8.0,6.0,1.0,1.0,,,,,,,,,,,37.0
2023,2,11290770,장위2동,89,3.0,2.0,,,11.0,1.0,3.0,,,,,,,,,,,1.0,27.0
2023,2,11290780,장위3동,82,1.0,,,,5.0,1.0,2.0,1.0,,1.0,,1.0,,,,,,,39.0
2023,2,11290810,석관동,154,6.0,3.0,,,16.0,2.0,2.0,1.0,1.0,,,1.0,,2.0,,,,2.0,32.0
2023,2,11305534,삼양동,165,4.0,1.0,,,14.0,3.0,2.0,,1.0,,,,,,,,,3.0,34.0
2023,2,11305535,미아동,144,3.0,3.0,,1.0,14.0,,,,1.0,4.0,,,,,,,,1.0,28.0
2023,2,11305545,송중동,212,4.0,1.0,,2.0,18.0,4.0,2.0,,1.0,2.0,1.0,,1.0,,,,,,69.0
2023,2,11305555,송천동,164,9.0,5.0,,1.0,17.0,,1.0,2.0,2.0,,,2.0,,,,,,1.0,24.0
2023,2,11305575,삼각산동,114,2.0,1.0,,,9.0,1.0,,1.0,1.0,1.0,,,,,,,,,36.0
2023,2,11305595,번1동,136,3.0,3.0,,1.0,14.0,1.0,1.0,1.0,,,,,1.0,,,,,,30.0
2023,2,11305603,번2동,110,5.0,,,,7.0,1.0,,1.0,,,,,,1.0,,,,,54.0
2023,2,11305608,번3동,95,3.0,1.0,,,8.0,,2.0,,,,,,,,,,,,37.0
2023,2,11305615,수유1동,153,4.0,2.0,,,12.0,,2.0,3.0,1.0,,,1.0,,,,,,1.0,40.0
2023,2,11305625,수유2동,85,3.0,,,,12.0,3.0,,,,,,,,,,,,1.0,15.0
2023,2,11305635,수유3동,158,4.0,6.0,,1.0,16.0,,,1.0,,,,,1.0,,,,,1.0,30.0
2023,2,11305645,우이동,132,2.0,,,,7.0,1.0,,1.0,,2.0,,,,,,,,3.0,54.0
2023,2,11305660,인수동,175,13.0,2.0,1.0,2.0,14.0,2.0,2.0,2.0,,5.0,,1.0,,,,,,,57.0
2023,2,11320511,창1동,94,3.0,2.0,,,7.0,1.0,1.0,2.0,1.0,,,,,,,,,1.0,28.0
2023,2,11320512,창2동,95,3.0,,,1.0,8.0,1.0,1.0,,,,,,,,,,,,44.0
2023,2,11320513,창3동,66,1.0,,,,7.0,1.0,2.0,,,,,1.0,,,,,,,25.0
2023,2,11320514,창4동,130,7.0,4.0,,,8.0,1.0,2.0,1.0,2.0,,,,,,,,,,51.0
2023,2,11320515,창5동,119,7.0,3.0,,3.0,12.0,1.0,3.0,,,,,,2.0,,,,,2.0,24.0
2023,2,11320521,도봉1동,122,4.0,1.0,,,9.0,2.0,2.0,1.0,1.0,2.0,,1.0,,,,,,,38.0
2023,2,11320522,도봉2동,127,8.0,3.0,,,7.0,1.0,1.0,1.0,1.0,1.0,,,,1.0,,,,3.0,49.0
2023,2,11320660,쌍문1동,126,6.0,1.0,,1.0,4.0,1.0,3.0,,1.0,17.0,,,,,,,,,54.0
2023,2,11320670,쌍문2동,87,3.0,1.0,,1.0,10.0,1.0,1.0,1.0,,,,,,2.0,,,,,19.0
2023,2,11320680,쌍문3동,78,3.0,3.0,1.0,,12.0,,,1.0,,,,,,1.0,,,,1.0,17.0
2023,2,11320681,쌍문4동,64,1.0,,,,4.0,5.0,2.0,2.0,3.0,,,,,,,,,,23.0
2023,2,11320690,방학1동,148,6.0,6.0,,2.0,15.0,2.0,1.0,1.0,1.0,,,,,,,,,1.0,39.0
2023,2,11320700,방학2동,64,3.0,,,,7.0,,1.0,1.0,,,,,,,,,,,23.0
2023,2,11320710,방학3동,112,3.0,3.0,,,6.0,3.0,3.0,1.0,,,,,,,,,,,47.0
2023,2,11350560,월계1동,159,4.0,2.0,,,10.0,2.0,1.0,1.0,1.0,17.0,,,,,,,,,59.0
2023,2,11350570,월계2동,136,4.0,,,,5.0,3.0,2.0,3.0,4.0,11.0,,,,,,,,1.0,64.0
2023,2,11350580,월계3동,135,5.0,3.0,,,8.0,4.0,3.0,1.0,,,,,,,,,,2.0,47.0
2023,2,11350595,공릉1동,211,4.0,6.0,,4.0,21.0,3.0,3.0,,,1.0,,1.0,,,,,,3.0,54.0
2023,2,11350600,공릉2동,271,7.0,6.0,1.0,,14.0,3.0,4.0,4.0,2.0,64.0,,1.0,,,,,,1.0,63.0
2023,2,11350611,하계1동,133,4.0,3.0,1.0,,9.0,1.0,1.0,2.0,4.0,16.0,,,,,,,,,41.0
2023,2,11350612,하계2동,67,2.0,1.0,,,4.0,2.0,2.0,1.0,,,,,,,,,,1.0,28.0
2023,2,11350619,중계본동,95,5.0,2.0,,,7.0,3.0,2.0,,3.0,,,,,,,,,,21.0
2023,2,11350621,중계1동,85,2.0,3.0,,,7.0,,2.0,1.0,2.0,,,,,,,,,,18.0
2023,2,11350624,중계4동,81,2.0,3.0,,,14.0,1.0,1.0,3.0,2.0,,,,,,,,,,6.0
2023,2,11350625,중계2?3동,142,7.0,2.0,,,10.0,4.0,4.0,1.0,3.0,,,,2.0,,,,,1.0,39.0
2023,2,11350630,상계1동,190,5.0,2.0,,,14.0,3.0,3.0,2.0,1.0,,,,1.0,,,,,1.0,38.0
2023,2,11350640,상계2동,182,2.0,1.0,,2.0,19.0,1.0,1.0,1.0,,,,,1.0,,,,,2.0,33.0
2023,2,11350665,상계3?4동,107,4.0,1.0,,,9.0,3.0,2.0,,,1.0,,,,2.0,,,,1.0,11.0
2023,2,11350670,상계5동,105,2.0,1.0,,,11.0,,1.0,,,,,,,3.0,,,,1.0,36.0
2023,2,11350695,상계6?7동,253,9.0,11.0,1.0,1.0,29.0,,3.0,2.0,1.0,4.0,,,1.0,,,,,,40.0
2023,2,11350700,상계8동,92,3.0,3.0,,,7.0,,,1.0,,,,,,,,,,1.0,15.0
2023,2,11350710,상계9동,78,3.0,4.0,,,6.0,1.0,3.0,2.0,2.0,,,,,,,,,,18.0
2023,2,11350720,상계10동,64,3.0,,,,1.0,1.0,2.0,1.0,1.0,,,,,,,,,,30.0
2023,2,11380510,녹번동,148,8.0,3.0,,2.0,12.0,1.0,3.0,,,,,1.0,1.0,,,,,2.0,35.0
2023,2,11380520,불광1동,198,6.0,4.0,,1.0,17.0,4.0,2.0,,,,,,1.0,,,,,3.0,49.0
2023,2,11380530,불광2동,113,6.0,1.0,,,5.0,,3.0,3.0,1.0,,,3.0,,,,,,,32.0
2023,2,11380551,갈현1동,133,2.0,2.0,1.0,,13.0,1.0,,,,,,,,,,,,2.0,48.0
2023,2,11380552,갈현2동,121,3.0,1.0,,1.0,15.0,5.0,2.0,1.0,5.0,,,,,,,,,1.0,34.0
2023,2,11380560,구산동,127,3.0,,,1.0,8.0,3.0,3.0,2.0,3.0,,,,,,,,,,38.0
2023,2,11380570,대조동,205,3.0,5.0,,1.0,24.0,,2.0,,2.0,,,,1.0,,,,,,32.0
2023,2,11380580,응암1동,133,5.0,5.0,,1.0,20.0,1.0,1.0,1.0,1.0,,,,,,,,,,27.0
2023,2,11380590,응암2동,91,3.0,1.0,,1.0,10.0,2.0,1.0,,,,,,,,,,,,37.0
2023,2,11380600,응암3동,138,3.0,3.0,,1.0,16.0,1.0,1.0,2.0,1.0,,,2.0,,,,,,,31.0
2023,2,11380625,역촌동,176,5.0,5.0,,2.0,18.0,2.0,1.0,,,,,,,,,,,,51.0
2023,2,11380631,신사1동,94,3.0,,,,8.0,3.0,,1.0,,5.0,,,,,,,,1.0,22.0
2023,2,11380632,신사2동,82,4.0,,,,5.0,,3.0,1.0,1.0,,,,,,,,,1.0,35.0
2023,2,11380640,증산동,83,3.0,,,,8.0,1.0,1.0,2.0,,,,2.0,,,,,,1.0,16.0
2023,2,11380650,수색동,60,5.0,2.0,,,5.0,1.0,1.0,,,,,2.0,,,,,,1.0,22.0
2023,2,11380690,진관동,242,6.0,6.0,,,22.0,6.0,6.0,2.0,4.0,,,,1.0,,,,,1.0,81.0
2023,2,11410520,천연동,127,4.0,1.0,,,4.0,,1.0,1.0,1.0,11.0,,,,1.0,,,,,44.0
2023,2,11410555,북아현동,76,2.0,2.0,,1.0,7.0,1.0,1.0,,1.0,,,,,,,,,,17.0
2023,2,11410565,충현동,184,9.0,8.0,,,7.0,1.0,3.0,1.0,2.0,24.0,,,,,,,,3.0,58.0
2023,2,11410585,신촌동,368,6.0,10.0,1.0,,22.0,1.0,3.0,1.0,1.0,109.0,1.0,,4.0,3.0,,,,2.0,60.0
2023,2,11410615,연희동,201,7.0,7.0,,1.0,16.0,,1.0,3.0,1.0,13.0,,,1.0,1.0,,,,,70.0
2023,2,11410620,홍제1동,135,3.0,2.0,,,10.0,2.0,2.0,,,1.0,,,,1.0,,,,1.0,40.0
2023,2,11410640,홍제3동,129,3.0,3.0,,2.0,14.0,1.0,2.0,1.0,,3.0,,4.0,,6.0,,,,1.0,46.0
2023,2,11410655,홍제2동,56,1.0,,,,6.0,3.0,,,,,,,,1.0,,,,,15.0
2023,2,11410660,홍은1동,86,3.0,,,,7.0,1.0,1.0,,,,,,,1.0,,,,,32.0
2023,2,11410685,홍은2동,161,4.0,2.0,1.0,,8.0,,2.0,3.0,1.0,12.0,,,,,,,,,83.0
2023,2,11410690,남가좌1동,94,2.0,3.0,,1.0,9.0,,1.0,,,,,1.0,,1.0,,,,1.0,20.0
2023,2,11410700,남가좌2동,117,4.0,4.0,,,12.0,4.0,1.0,1.0,,8.0,,,,,,,,,24.0
2023,2,11410710,북가좌1동,60,1.0,2.0,,,5.0,2.0,1.0,1.0,1.0,,,,,,,,,,13.0
2023,2,11410720,북가좌2동,115,3.0,3.0,,,12.0,2.0,,,,,,,,,,,,,39.0
2023,2,11440555,아현동,145,5.0,8.0,,,16.0,1.0,1.0,1.0,1.0,,,,,1.0,,,,2.0,23.0
2023,2,11440565,공덕동,172,7.0,9.0,,,21.0,1.0,3.0,,,,,2.0,,,,,,4.0,39.0
2023,2,11440585,도화동,144,4.0,7.0,,,15.0,2.0,1.0,,,,,,1.0,1.0,,,,1.0,38.0
2023,2,11440590,용강동,90,7.0,6.0,,1.0,10.0,2.0,1.0,,,,,,,,,,,1.0,24.0
2023,2,11440600,대흥동,209,5.0,5.0,,,18.0,,3.0,1.0,1.0,27.0,,,,3.0,,,,3.0,38.0
2023,2,11440610,염리동,52,3.0,1.0,,,3.0,1.0,1.0,2.0,3.0,,,,,2.0,,,,,10.0
2023,2,11440630,신수동,76,4.0,1.0,,1.0,5.0,1.0,1.0,1.0,1.0,,,,,,,,,,24.0
2023,2,11440655,서강동,156,6.0,4.0,,,7.0,1.0,1.0,,,20.0,,,,,,,,2.0,64.0
2023,2,11440660,서교동,358,13.0,22.0,,,31.0,1.0,1.0,,,2.0,,,5.0,3.0,,,,7.0,88.0
2023,2,11440680,합정동,109,4.0,3.0,,,10.0,1.0,1.0,1.0,,,,,,,,,,,32.0
2023,2,11440690,망원1동,95,2.0,2.0,,,11.0,,,,,,,,,1.0,,,,,23.0
2023,2,11440700,망원2동,83,4.0,1.0,,,6.0,1.0,2.0,,,,,,,,,,,,33.0
2023,2,11440710,연남동,52,2.0,1.0,,,2.0,1.0,,1.0,2.0,,,,,,,,,,23.0
2023,2,11440720,성산1동,86,4.0,2.0,,,5.0,1.0,2.0,2.0,1.0,1.0,,,,1.0,,,,,29.0
2023,2,11440730,성산2동,158,6.0,3.0,,,13.0,2.0,3.0,2.0,,,,1.0,1.0,,,,,2.0,47.0
2023,2,11440740,상암동,247,10.0,11.0,,,14.0,3.0,3.0,1.0,1.0,,,1.0,,,,,,4.0,104.0
2023,2,11470510,목1동,190,5.0,12.0,,1.0,21.0,1.0,1.0,1.0,1.0,2.0,,,2.0,,,,,2.0,29.0
2023,2,11470520,목2동,97,3.0,2.0,,1.0,13.0,3.0,1.0,,,,,,,1.0,,,,1.0,18.0
2023,2,11470530,목3동,96,3.0,4.0,,,11.0,1.0,,1.0,,,,,,,,,,,7.0
2023,2,11470540,목4동,84,3.0,3.0,,,9.0,1.0,1.0,1.0,1.0,,,,,,,,,,14.0
2023,2,11470550,목5동,143,8.0,9.0,1.0,,12.0,4.0,3.0,2.0,2.0,,,,,,,,,,52.0
2023,2,11470560,신월1동,71,3.0,3.0,,,12.0,1.0,,,,,,,,,,,,,9.0
2023,2,11470570,신월2동,65,3.0,1.0,,,6.0,1.0,2.0,2.0,,,,,,,,,,,12.0
2023,2,11470580,신월3동,70,2.0,1.0,,,7.0,1.0,1.0,2.0,3.0,,,,,,,,,,8.0
2023,2,11470590,신월4동,63,2.0,1.0,,,6.0,3.0,1.0,,,,,,,,,,,,11.0
2023,2,11470600,신월5동,54,3.0,,,1.0,3.0,2.0,1.0,2.0,,,,,,,,,,,12.0
2023,2,11470610,신월6동,47,1.0,2.0,,1.0,5.0,1.0,1.0,1.0,,,,,,,,,,,15.0
2023,2,11470611,신월7동,74,6.0,1.0,,,10.0,2.0,,1.0,,,,,,,,,,,21.0
2023,2,11470620,신정1동,94,7.0,3.0,,,9.0,2.0,2.0,1.0,,,,,,,,,,,26.0
2023,2,11470630,신정2동,71,3.0,1.0,,,7.0,1.0,2.0,1.0,,,,,,,,,,,20.0
2023,2,11470640,신정3동,203,4.0,1.0,,,15.0,1.0,3.0,1.0,4.0,,,,,,,,,1.0,81.0
2023,2,11470650,신정4동,161,3.0,8.0,1.0,1.0,16.0,3.0,2.0,,2.0,,,,,,,,,1.0,18.0
2023,2,11470670,신정6동,72,7.0,6.0,,,2.0,2.0,,1.0,1.0,,,,,,,,,,31.0
2023,2,11470680,신정7동,107,3.0,2.0,,,8.0,3.0,3.0,1.0,1.0,,,,,,,,,1.0,30.0
2023,2,11500510,염창동,147,5.0,3.0,,1.0,15.0,,2.0,2.0,,,,,,,,,,2.0,35.0
2023,2,11500520,등촌1동,95,1.0,5.0,,1.0,10.0,,1.0,,,,,,1.0,,,,,,20.0
2023,2,11500530,등촌2동,58,3.0,,,1.0,6.0,2.0,2.0,2.0,2.0,,,,,,,,,,8.0
2023,2,11500535,등촌3동,184,6.0,3.0,1.0,2.0,18.0,2.0,5.0,2.0,4.0,,,,1.0,,,,,,55.0
2023,2,11500540,화곡1동,226,3.0,2.0,,2.0,26.0,,2.0,1.0,,,,,1.0,,,,,2.0,27.0
2023,2,11500550,화곡2동,65,2.0,,,,3.0,2.0,1.0,,,,,,,,,,,,30.0
2023,2,11500560,화곡3동,87,4.0,3.0,,,8.0,2.0,,,,,,,,,,,,,12.0
2023,2,11500570,화곡4동,101,4.0,2.0,,,14.0,3.0,1.0,,2.0,,,,,,,,,,30.0
2023,2,11500590,화곡본동,145,3.0,,,1.0,11.0,1.0,2.0,,,,,,,,,,,,31.0
2023,2,11500591,화곡6동,118,7.0,5.0,,,8.0,2.0,1.0,,,9.0,,,,,,,,,29.0
2023,2,11500593,화곡8동,95,2.0,3.0,,,8.0,1.0,,,,,,,,,,,,1.0,33.0
2023,2,11500603,가양1동,279,5.0,13.0,,,20.0,3.0,1.0,1.0,1.0,,,,1.0,2.0,,,,5.0,69.0
2023,2,11500604,가양2동,75,4.0,3.0,,,7.0,3.0,1.0,1.0,1.0,,,,,,,,,1.0,14.0
2023,2,11500605,가양3동,52,3.0,,,,4.0,3.0,2.0,1.0,1.0,,,,,,,,,1.0,13.0
2023,2,11500611,발산1동,246,3.0,9.0,1.0,2.0,33.0,2.0,3.0,4.0,8.0,,,1.0,,,,,,,63.0
2023,2,11500615,우장산동,158,4.0,4.0,,3.0,12.0,3.0,2.0,,,5.0,,,,,,,,1.0,33.0
2023,2,11500620,공항동,176,6.0,7.0,1.0,,11.0,1.0,2.0,2.0,,4.0,,,,,21.0,,,2.0,39.0
2023,2,11500630,방화1동,200,2.0,3.0,,2.0,21.0,4.0,3.0,1.0,3.0,,,,,1.0,,,,1.0,46.0
2023,2,11500640,방화2동,124,4.0,,,,7.0,3.0,1.0,1.0,,,,2.0,1.0,,4.0,,,5.0,37.0
2023,2,11500641,방화3동,83,5.0,1.0,,,5.0,2.0,3.0,2.0,1.0,1.0,,,,,,,,1.0,22.0
2023,2,11530510,신도림동,168,5.0,4.0,,,12.0,2.0,1.0,1.0,1.0,1.0,,2.0,1.0,1.0,,,,3.0,43.0
2023,2,11530520,구로1동,88,4.0,1.0,,,5.0,3.0,1.0,1.0,1.0,,,4.0,,,,,,,25.0
2023,2,11530530,구로2동,197,6.0,12.0,1.0,1.0,21.0,1.0,1.0,,1.0,,,7.0,,16.0,,,,1.0,48.0
2023,2,11530540,구로3동,187,7.0,18.0,,,15.0,1.0,2.0,1.0,,,,,,5.0,,,,2.0,47.0
2023,2,11530550,구로4동,139,5.0,3.0,,,15.0,2.0,1.0,1.0,,,,1.0,,19.0,,,,,13.0
2023,2,11530560,구로5동,167,5.0,4.0,,2.0,18.0,,3.0,1.0,1.0,2.0,1.0,,3.0,,,,,1.0,49.0
2023,2,11530595,가리봉동,74,,,,,6.0,,1.0,,1.0,,,,,23.0,,,,,8.0
2023,2,11530720,고척1동,135,5.0,4.0,1.0,1.0,9.0,,3.0,1.0,1.0,12.0,,8.0,,4.0,,,,,31.0
2023,2,11530730,고척2동,128,5.0,2.0,,1.0,11.0,,2.0,1.0,1.0,,,,,,,,,,40.0
2023,2,11530740,개봉1동,163,5.0,3.0,,1.0,11.0,2.0,1.0,2.0,,4.0,,1.0,,,,,,1.0,57.0
2023,2,11530750,개봉2동,116,3.0,3.0,,,10.0,2.0,,,,,,1.0,1.0,,,,,,26.0
2023,2,11530760,개봉3동,81,3.0,2.0,,,9.0,1.0,3.0,1.0,,,,1.0,1.0,,,,,,23.0
2023,2,11530770,오류1동,122,5.0,4.0,,,11.0,3.0,1.0,,,,,,,,,,,1.0,22.0
2023,2,11530780,오류2동,209,3.0,1.0,,1.0,9.0,6.0,3.0,2.0,1.0,,,,,,,,,1.0,86.0
2023,2,11530790,수궁동,154,3.0,1.0,,,5.0,2.0,1.0,1.0,6.0,,,1.0,,,,,,3.0,69.0
2023,2,11530800,항동,64,1.0,,,,2.0,1.0,1.0,,,10.0,,,,,,,,,37.0
2023,2,11545510,가산동,304,10.0,25.0,,1.0,21.0,2.0,,,,,,,1.0,17.0,,,,3.0,111.0
2023,2,11545610,독산1동,217,3.0,6.0,,2.0,17.0,2.0,4.0,3.0,,,,,1.0,3.0,,,,,74.0
2023,2,11545620,독산2동,73,2.0,1.0,,,8.0,,2.0,,,1.0,,,,,,,,,11.0
2023,2,11545630,독산3동,119,4.0,4.0,,,14.0,2.0,2.0,2.0,1.0,,,1.0,,,,,,,29.0
2023,2,11545640,독산4동,64,5.0,2.0,,1.0,4.0,,1.0,,,,,,,,,,,,16.0
2023,2,11545670,시흥1동,223,9.0,7.0,1.0,2.0,25.0,2.0,3.0,1.0,1.0,,,,,3.0,,,,1.0,52.0
2023,2,11545680,시흥2동,76,2.0,,,,3.0,2.0,3.0,1.0,2.0,,,,,,,,,,30.0
2023,2,11545690,시흥3동,66,3.0,3.0,,,5.0,,1.0,1.0,1.0,,,,,1.0,,,,,21.0
2023,2,11545700,시흥4동,72,1.0,1.0,,,6.0,,1.0,1.0,,,,,,,,,,,27.0
2023,2,11545710,시흥5동,106,3.0,,,,16.0,2.0,3.0,,,,,,,,,,,,37.0
2023,2,11560515,영등포본동,94,4.0,,,,10.0,2.0,2.0,1.0,2.0,,,,1.0,2.0,,,,1.0,23.0
2023,2,11560535,영등포동,325,10.0,17.0,2.0,2.0,37.0,,1.0,,,1.0,,,1.0,16.0,,,,1.0,41.0
2023,2,11560540,여의동,399,23.0,70.0,1.0,,44.0,,2.0,2.0,2.0,,,,1.0,,,,,5.0,61.0
2023,2,11560550,당산1동,131,6.0,5.0,,1.0,8.0,1.0,,,,,,,,12.0,,,,2.0,23.0
2023,2,11560560,당산2동,192,6.0,4.0,,,20.0,3.0,2.0,2.0,,,,,,,,,,2.0,46.0
2023,2,11560585,도림동,66,2.0,,,,6.0,2.0,,,,,,,,,,,,,28.0
2023,2,11560605,문래동,185,8.0,9.0,,,17.0,,3.0,2.0,,,,,,2.0,,,,1.0,56.0
2023,2,11560610,양평1동,87,5.0,3.0,,1.0,6.0,,1.0,,1.0,,,,,1.0,,,,1.0,22.0
2023,2,11560620,양평2동,131,8.0,6.0,,,7.0,1.0,2.0,1.0,2.0,,,,,3.0,,,,1.0,35.0
2023,2,11560630,신길1동,85,1.0,2.0,1.0,1.0,13.0,,1.0,,,,,,,4.0,,,,2.0,25.0
2023,2,11560650,신길3동,102,3.0,5.0,,1.0,12.0,3.0,1.0,,,,,,,2.0,,,,,32.0
2023,2,11560660,신길4동,43,1.0,1.0,,,2.0,2.0,1.0,,,,,,,,,,,,13.0
2023,2,11560670,신길5동,66,3.0,,,,,1.0,1.0,1.0,1.0,,,,,5.0,,,,,31.0
2023,2,11560680,신길6동,123,4.0,1.0,,1.0,14.0,1.0,1.0,,1.0,,,1.0,,2.0,,,,1.0,29.0
2023,2,11560690,신길7동,78,5.0,1.0,,,7.0,1.0,1.0,,,,,,,1.0,,,,1.0,32.0
2023,2,11560700,대림1동,81,2.0,4.0,2.0,,18.0,,1.0,1.0,,,,2.0,,3.0,,,,,16.0
2023,2,11560710,대림2동,86,4.0,2.0,1.0,,16.0,,2.0,,,1.0,,,,1.0,,,,,13.0
2023,2,11560720,대림3동,126,2.0,7.0,,1.0,11.0,3.0,2.0,1.0,,2.0,,1.0,,,,,,2.0,46.0
2023,2,11590510,노량진1동,180,5.0,4.0,,,14.0,2.0,3.0,1.0,,1.0,,,,2.0,,,,3.0,57.0
2023,2,11590520,노량진2동,72,5.0,4.0,,1.0,14.0,1.0,,,,,,,,1.0,,,,,14.0
2023,2,11590530,상도1동,201,5.0,4.0,,1.0,16.0,2.0,2.0,1.0,,23.0,,,,,,,,2.0,47.0
2023,2,11590540,상도2동,154,6.0,3.0,,,16.0,1.0,1.0,1.0,,,,1.0,,1.0,,,,1.0,41.0
2023,2,11590550,상도3동,113,2.0,2.0,,,11.0,,,1.0,,,,1.0,,,,,,,36.0
2023,2,11590560,상도4동,112,3.0,1.0,,1.0,11.0,4.0,1.0,1.0,,,,,1.0,,,,,,36.0
2023,2,11590605,흑석동,195,6.0,6.0,1.0,,24.0,5.0,3.0,2.0,,16.0,,,,1.0,,,,1.0,50.0
2023,2,11590620,사당1동,126,4.0,6.0,,2.0,12.0,1.0,1.0,,,1.0,,,1.0,1.0,,,,2.0,13.0
2023,2,11590630,사당2동,179,3.0,2.0,,,14.0,,1.0,1.0,2.0,,,,,2.0,,,,4.0,36.0
2023,2,11590640,사당3동,88,3.0,1.0,,,5.0,,2.0,1.0,,3.0,,1.0,,,,,,1.0,30.0
2023,2,11590650,사당4동,62,2.0,1.0,,,6.0,,,1.0,,,,1.0,,,,,,,4.0
2023,2,11590651,사당5동,61,4.0,,,,3.0,1.0,2.0,1.0,1.0,,,,,,,,,,28.0
2023,2,11590660,대방동,199,5.0,5.0,,,16.0,3.0,3.0,4.0,4.0,,,,,,,,,2.0,61.0
2023,2,11590670,신대방1동,83,3.0,1.0,,,10.0,3.0,1.0,1.0,,1.0,,,,,,,,1.0,15.0
2023,2,11590680,신대방2동,109,7.0,7.0,1.0,,16.0,,1.0,1.0,1.0,,,,,,,,,,29.0
2023,2,11620525,보라매동,83,1.0,1.0,,,5.0,,1.0,1.0,1.0,,,,,,,,,,25.0
2023,2,11620545,청림동,50,2.0,,,,4.0,2.0,,,,,,,,2.0,,,,,7.0
2023,2,11620565,성현동,104,4.0,,,,6.0,3.0,2.0,1.0,1.0,,,,,,,,,,38.0
2023,2,11620575,행운동,111,3.0,3.0,1.0,2.0,12.0,1.0,2.0,2.0,1.0,,,,,,,,,,15.0
2023,2,11620585,낙성대동,148,2.0,3.0,,,10.0,,1.0,,,37.0,,,,2.0,,,,,37.0
2023,2,11620595,청룡동,147,5.0,6.0,,1.0,23.0,,2.0,2.0,3.0,,,1.0,1.0,1.0,,,,1.0,15.0
2023,2,11620605,은천동,123,6.0,,,,9.0,3.0,1.0,,1.0,,,,,,,,,,43.0
2023,2,11620615,중앙동,83,1.0,3.0,,1.0,14.0,,1.0,,,,,,,,,,,1.0,12.0
2023,2,11620625,인헌동,105,2.0,5.0,,,14.0,1.0,,1.0,1.0,,,2.0,,,,,,1.0,23.0
2023,2,11620630,남현동,70,3.0,1.0,,,6.0,1.0,1.0,,,1.0,,,,,,,,,6.0
2023,2,11620645,서원동,94,3.0,1.0,1.0,1.0,9.0,,,1.0,,,,,1.0,,,,,,27.0
2023,2,11620655,신원동,54,6.0,1.0,,,7.0,,1.0,,,1.0,,,,,,,,,10.0
2023,2,11620665,서림동,74,2.0,,,,5.0,1.0,1.0,1.0,,,,,,,,,,,34.0
2023,2,11620685,신사동,79,3.0,2.0,,1.0,10.0,1.0,1.0,,,1.0,,1.0,,,,,,,21.0
2023,2,11620695,신림동,168,2.0,3.0,,,17.0,,,,,,,,,4.0,,,,1.0,16.0
2023,2,11620715,난향동,68,1.0,,,,5.0,,1.0,,,,,,,,,,,,34.0
2023,2,11620725,조원동,96,3.0,1.0,,1.0,12.0,,1.0,,,,,1.0,,,,,,,30.0
2023,2,11620735,대학동,283,5.0,6.0,,,11.0,,1.0,1.0,2.0,140.0,,,,,,,,,73.0
2023,2,11620745,삼성동,94,3.0,,,,7.0,,2.0,,1.0,,,,,3.0,,,,,44.0
2023,2,11620765,미성동,126,3.0,3.0,,1.0,11.0,1.0,2.0,2.0,2.0,,,,,1.0,,,,,44.0
2023,2,11620775,난곡동,95,2.0,1.0,,,11.0,2.0,1.0,2.0,1.0,,,1.0,,,,,,,28.0
2023,2,11650510,서초1동,194,4.0,10.0,,1.0,14.0,,2.0,,,13.0,,,,,,,,2.0,38.0
2023,2,11650520,서초2동,217,8.0,26.0,,,24.0,,1.0,1.0,1.0,,,,,1.0,,,,2.0,47.0
2023,2,11650530,서초3동,332,25.0,30.0,,3.0,30.0,1.0,1.0,1.0,3.0,2.0,,,,,,,1.0,2.0,77.0
2023,2,11650531,서초4동,257,2.0,13.0,,1.0,31.0,2.0,2.0,1.0,,,,,1.0,,,,,,36.0
2023,2,11650540,잠원동,135,3.0,8.0,,,13.0,1.0,1.0,1.0,,,,,,,,,,2.0,23.0
2023,2,11650550,반포본동,33,1.0,3.0,,,2.0,,1.0,2.0,2.0,,,1.0,,,,,,1.0,5.0
2023,2,11650560,반포1동,140,6.0,6.0,,1.0,20.0,1.0,2.0,1.0,1.0,,,,,,,,,1.0,26.0
2023,2,11650570,반포2동,74,4.0,5.0,,,5.0,,2.0,1.0,,,,1.0,,,,,,1.0,25.0
2023,2,11650580,반포3동,109,3.0,7.0,,,11.0,,1.0,1.0,,,,,,,,,,,18.0
2023,2,11650581,반포4동,130,7.0,12.0,1.0,,12.0,,,1.0,,3.0,,,1.0,,,,,3.0,33.0
2023,2,11650590,방배본동,103,2.0,6.0,,,16.0,,1.0,,,,,1.0,,,,,,,25.0
2023,2,11650600,방배1동,102,3.0,4.0,,1.0,10.0,,1.0,,,3.0,,1.0,,,,,,1.0,19.0
2023,2,11650610,방배2동,114,4.0,2.0,,,3.0,,1.0,1.0,1.0,,,1.0,,1.0,,,,1.0,37.0
2023,2,11650620,방배3동,112,4.0,3.0,,2.0,6.0,,2.0,,1.0,7.0,,,,,,,,,50.0
2023,2,11650621,방배4동,156,3.0,10.0,,,11.0,,1.0,,1.0,4.0,,,,1.0,,,,1.0,31.0
2023,2,11650651,양재1동,263,12.0,11.0,,1.0,20.0,3.0,4.0,1.0,,1.0,,,,,,,,2.0,86.0
2023,2,11650652,양재2동,147,2.0,16.0,,,11.0,,1.0,2.0,1.0,,,1.0,,,,,,1.0,57.0
2023,2,11650660,내곡동,161,5.0,1.0,,1.0,2.0,2.0,1.0,,,3.0,,1.0,,,,,,1.0,85.0
2023,2,11680510,신사동,260,3.0,14.0,,,36.0,2.0,1.0,1.0,2.0,,1.0,,1.0,,,,,1.0,12.0
2023,2,11680521,논현1동,300,4.0,15.0,,4.0,42.0,,1.0,,,,,1.0,8.0,,,,,3.0,23.0
2023,2,11680531,논현2동,240,8.0,16.0,,5.0,29.0,1.0,1.0,1.0,,4.0,,,2.0,,,,,1.0,33.0
2023,2,11680545,압구정동,313,4.0,25.0,,5.0,30.0,1.0,1.0,2.0,2.0,,2.0,1.0,3.0,,,,,2.0,18.0
2023,2,11680565,청담동,288,11.0,19.0,,4.0,27.0,2.0,2.0,1.0,1.0,1.0,,,,,,,,3.0,23.0
2023,2,11680580,삼성1동,199,6.0,26.0,,3.0,13.0,1.0,1.0,1.0,1.0,,1.0,,1.0,,,,,3.0,38.0
2023,2,11680590,삼성2동,177,10.0,11.0,,,11.0,,1.0,1.0,,1.0,,,,,,,,4.0,28.0
2023,2,11680600,대치1동,130,4.0,11.0,,,13.0,1.0,1.0,1.0,2.0,1.0,,,,,,,,,24.0
2023,2,11680610,대치2동,210,6.0,26.0,,2.0,20.0,,2.0,1.0,1.0,,,,,,,,,2.0,39.0
2023,2,11680630,대치4동,159,4.0,12.0,1.0,1.0,18.0,,1.0,,,1.0,1.0,,,,,,,,14.0
2023,2,11680640,역삼1동,542,15.0,49.0,1.0,3.0,64.0,1.0,1.0,,,,,,3.0,1.0,,,,1.0,44.0
2023,2,11680650,역삼2동,195,3.0,14.0,,2.0,25.0,,1.0,2.0,1.0,1.0,,,,,,,,,31.0
2023,2,11680655,도곡1동,142,4.0,9.0,1.0,4.0,20.0,2.0,1.0,2.0,1.0,,,,,,,,,1.0,27.0
2023,2,11680656,도곡2동,118,7.0,23.0,,,10.0,2.0,1.0,1.0,2.0,,,,,,,,,3.0,25.0
2023,2,11680660,개포1동,38,1.0,1.0,,,1.0,,1.0,2.0,,,,,,,,,,,29.0
2023,2,11680670,개포2동,135,3.0,3.0,,,9.0,5.0,4.0,1.0,3.0,,,,,,,,,3.0,50.0
2023,2,11680690,개포4동,115,3.0,4.0,,,7.0,,2.0,1.0,1.0,,,,,,,,,,49.0
2023,2,11680700,세곡동,191,4.0,1.0,,,9.0,3.0,4.0,1.0,1.0,,,,,,,,,,95.0
2023,2,11680720,일원본동,103,2.0,6.0,1.0,,15.0,2.0,2.0,1.0,2.0,,,,,,,,,1.0,32.0
2023,2,11680730,일원1동,74,4.0,1.0,,,11.0,1.0,2.0,,1.0,,,,,,,,,,18.0
2023,2,11680740,일원2동,66,3.0,3.0,,,6.0,2.0,1.0,1.0,,,,,,,,,,1.0,13.0
2023,2,11680750,수서동,89,3.0,3.0,,,11.0,2.0,1.0,1.0,2.0,,,,,,,,,2.0,23.0
2023,2,11710510,풍납1동,48,3.0,,,1.0,6.0,1.0,1.0,,,,,,,,,,,,6.0
2023,2,11710520,풍납2동,125,5.0,5.0,1.0,,26.0,2.0,2.0,3.0,1.0,3.0,,,,,,,,1.0,24.0
2023,2,11710531,거여1동,48,2.0,,,,2.0,,1.0,,1.0,,,,,1.0,,,,1.0,6.0
2023,2,11710532,거여2동,78,3.0,3.0,,1.0,12.0,1.0,1.0,1.0,,,,,,,,,,,11.0
2023,2,11710540,마천1동,73,4.0,1.0,,,8.0,1.0,1.0,,,,,,,1.0,,,,1.0,15.0
2023,2,11710550,마천2동,93,3.0,2.0,,,14.0,,1.0,,,,,,,,,,,,12.0
2023,2,11710561,방이1동,73,2.0,1.0,,,10.0,2.0,2.0,1.0,1.0,,,,,,,,,1.0,11.0
2023,2,11710562,방이2동,164,3.0,5.0,,,18.0,,1.0,1.0,,,,,,,,,,1.0,13.0
2023,2,11710566,오륜동,74,4.0,6.0,,,6.0,1.0,2.0,2.0,3.0,11.0,,,,,,,,3.0,15.0
2023,2,11710570,오금동,134,5.0,5.0,,,13.0,3.0,3.0,4.0,2.0,,,,,,,,,3.0,27.0
2023,2,11710580,송파1동,102,2.0,4.0,,3.0,14.0,1.0,1.0,,,,,,,,,,,2.0,13.0
2023,2,11710590,송파2동,79,3.0,1.0,,,11.0,3.0,1.0,2.0,3.0,,,,,,,,,,7.0
2023,2,11710600,석촌동,159,3.0,7.0,,2.0,27.0,3.0,2.0,,,,,,,,,,,,20.0
2023,2,11710610,삼전동,118,4.0,2.0,,,14.0,3.0,1.0,1.0,1.0,,,,,1.0,,,,1.0,12.0
2023,2,11710620,가락본동,144,5.0,9.0,1.0,5.0,21.0,1.0,2.0,2.0,,,,,,,,,,,21.0
2023,2,11710631,가락1동,82,2.0,8.0,,,13.0,1.0,1.0,1.0,,,,1.0,,,,,,3.0,16.0
2023,2,11710632,가락2동,143,3.0,6.0,,,17.0,4.0,2.0,1.0,,,,,,,,,,1.0,22.0
2023,2,11710641,문정1동,70,3.0,1.0,,,5.0,1.0,1.0,1.0,,,,,,,,,,,19.0
2023,2,11710642,문정2동,149,10.0,12.0,,1.0,22.0,,1.0,,,,,,2.0,,,,,3.0,14.0
2023,2,11710646,장지동,136,4.0,3.0,,,10.0,1.0,2.0,1.0,3.0,,,,1.0,,,,,1.0,41.0
2023,2,11710647,위례동,84,3.0,1.0,,,5.0,2.0,2.0,1.0,,,,,,,,,,,32.0
2023,2,11710650,잠실본동,192,5.0,9.0,,1.0,24.0,,1.0,,,,,,,,,,,1.0,12.0
2023,2,11710670,잠실2동,91,4.0,6.0,,,14.0,1.0,2.0,2.0,2.0,,,,,,,,,1.0,5.0
2023,2,11710680,잠실3동,103,5.0,9.0,,,11.0,1.0,3.0,,1.0,,,,,,,,,,16.0
2023,2,11710690,잠실4동,74,3.0,3.0,,,10.0,1.0,2.0,,1.0,,,,,,,,,2.0,7.0
2023,2,11710710,잠실6동,144,4.0,17.0,,1.0,23.0,,1.0,1.0,,,,,1.0,,,,,2.0,13.0
2023,2,11710720,잠실7동,30,2.0,4.0,,,4.0,,1.0,2.0,1.0,,,,,,,,,2.0,3.0
2023,2,11740515,강일동,187,5.0,3.0,,,12.0,2.0,2.0,2.0,1.0,,,,,,,,,3.0,79.0
2023,2,11740520,상일동,105,4.0,2.0,1.0,,8.0,4.0,2.0,2.0,5.0,,,,,,,,,,37.0
2023,2,11740530,명일1동,151,5.0,6.0,,2.0,17.0,,1.0,,,,,,,,,,,1.0,22.0
2023,2,11740540,명일2동,107,3.0,6.0,,,18.0,4.0,2.0,,1.0,,,,,,,,,,18.0
2023,2,11740550,고덕1동,92,3.0,,,,4.0,1.0,2.0,1.0,1.0,,,,,,,,,1.0,26.0
2023,2,11740560,고덕2동,78,3.0,1.0,,,9.0,1.0,2.0,1.0,2.0,,,,,,,,,1.0,25.0
2023,2,11740570,암사1동,90,2.0,1.0,,,8.0,1.0,1.0,,,1.0,,1.0,,,,,,,13.0
2023,2,11740580,암사2동,61,1.0,3.0,,,6.0,1.0,2.0,,,,,,,,,,,1.0,6.0
2023,2,11740590,암사3동,50,2.0,1.0,,,5.0,1.0,,2.0,1.0,,,,,,,,,,12.0
2023,2,11740600,천호1동,92,4.0,1.0,,,11.0,,1.0,1.0,1.0,1.0,,,1.0,,,,,1.0,11.0
2023,2,11740610,천호2동,203,4.0,3.0,,1.0,26.0,1.0,1.0,1.0,,,,,,3.0,,,,,22.0
2023,2,11740620,천호3동,115,4.0,3.0,,2.0,14.0,,,1.0,,,,,,1.0,,,,,11.0
2023,2,11740640,성내1동,98,6.0,4.0,,2.0,9.0,1.0,2.0,1.0,,1.0,,,1.0,,,,,,20.0
2023,2,11740650,성내2동,113,2.0,3.0,,4.0,14.0,,,,,,,,1.0,,,,,3.0,16.0
2023,2,11740660,성내3동,136,4.0,5.0,,,13.0,2.0,,,,2.0,,,,,,,,1.0,13.0
2023,2,11740685,길동,242,6.0,10.0,1.0,4.0,34.0,4.0,3.0,1.0,,1.0,,,,,,,,1.0,36.0
2023,2,11740690,둔촌1동,14,,,,,,,2.0,,1.0,,,,,,,,,1.0,6.0
2023,2,11740700,둔촌2동,129,5.0,4.0,1.0,,17.0,2.0,1.0,2.0,1.0,,,,,,,,,1.0,32.0
2023,3,11110515,청운효자동,93,6.0,3.0,,,4.0,1.0,1.0,2.0,2.0,8.0,,,,,,,,,26.0
2023,3,11110530,사직동,206,18.0,24.0,,,15.0,,1.0,,1.0,1.0,,,3.0,,,,,2.0,34.0
2023,3,11110540,삼청동,49,10.0,4.0,,1.0,1.0,,,1.0,1.0,2.0,,,,,,,,,16.0
2023,3,11110550,부암동,84,4.0,2.0,,,1.0,1.0,2.0,1.0,1.0,14.0,,,,,,,,,38.0
2023,3,11110560,평창동,162,6.0,2.0,,1.0,5.0,1.0,,,1.0,2.0,,,,,,,,,91.0
2023,3,11110570,무악동,42,2.0,1.0,1.0,,4.0,1.0,1.0,,,,,,,,,,,1.0,7.0
2023,3,11110580,교남동,78,4.0,3.0,2.0,,17.0,,,,1.0,1.0,,,,,,,,,26.0
2023,3,11110600,가회동,63,5.0,3.0,,,1.0,1.0,1.0,1.0,2.0,1.0,,,,,,,,,22.0
2023,3,11110615,종로1?2?3?4가동,500,19.0,35.0,,,47.0,1.0,2.0,,,4.0,,1.0,5.0,17.0,,,,5.0,72.0
2023,3,11110630,종로5?6가동,212,7.0,8.0,,,31.0,,1.0,,,1.0,,4.0,,3.0,,,,1.0,23.0
2023,3,11110640,이화동,119,4.0,4.0,1.0,,11.0,,,2.0,,37.0,,,,,,,,1.0,28.0
2023,3,11110650,혜화동,145,6.0,5.0,,,16.0,3.0,1.0,1.0,4.0,26.0,,,1.0,,,,,,36.0
2023,3,11110670,창신1동,111,3.0,4.0,,,9.0,,2.0,,,,,1.0,,7.0,,,,2.0,11.0
2023,3,11110680,창신2동,38,2.0,1.0,,,5.0,,,,,,,,,,,,,,
2023,3,11110690,창신3동,24,3.0,,,,1.0,,1.0,,1.0,,,,,,,,,1.0,5.0
2023,3,11110700,숭인1동,43,3.0,1.0,,,3.0,1.0,,,,,,,,,,,,,14.0
2023,3,11110710,숭인2동,89,4.0,3.0,,1.0,4.0,,,,,,,2.0,,3.0,,,,2.0,6.0
2023,3,11140520,소공동,231,13.0,29.0,,,10.0,,1.0,4.0,3.0,,1.0,,3.0,3.0,,,,3.0,37.0
2023,3,11140540,회현동,211,9.0,17.0,,,16.0,1.0,,,,2.0,,2.0,1.0,2.0,,,,6.0,35.0
2023,3,11140550,명동,542,20.0,46.0,,,35.0,,1.0,,,4.0,,,3.0,12.0,,,,1.0,29.0
2023,3,11140570,필동,123,6.0,9.0,1.0,,7.0,,2.0,,1.0,19.0,,,2.0,1.0,,,,2.0,15.0
2023,3,11140580,장충동,63,6.0,2.0,,,1.0,,1.0,,,3.0,,,1.0,2.0,,,,1.0,13.0
2023,3,11140590,광희동,185,3.0,16.0,1.0,,14.0,,,1.0,,,,1.0,3.0,11.0,,,,3.0,19.0
2023,3,11140605,을지로동,145,5.0,10.0,,,13.0,,,,,,,1.0,2.0,3.0,,,,4.0,20.0
2023,3,11140615,신당동,99,7.0,5.0,,1.0,12.0,,1.0,1.0,3.0,,,3.0,,1.0,,,,2.0,8.0
2023,3,11140625,다산동,86,3.0,4.0,,1.0,9.0,,1.0,1.0,1.0,,,,,1.0,,,,1.0,7.0
2023,3,11140635,약수동,87,4.0,2.0,,1.0,12.0,2.0,,,,,,,,,,,,2.0,12.0
2023,3,11140645,청구동,34,2.0,,,,3.0,1.0,2.0,1.0,1.0,,,,,,,,,,5.0
2023,3,11140650,신당5동,65,4.0,2.0,,,5.0,,1.0,,2.0,,,,,,,,,,12.0
2023,3,11140665,동화동,47,3.0,1.0,,,5.0,,1.0,1.0,,,,,,,,,,2.0,4.0
2023,3,11140670,황학동,76,1.0,6.0,,,10.0,,,,,,,,,7.0,,,,,6.0
2023,3,11140680,중림동,77,3.0,2.0,,,7.0,,1.0,,2.0,1.0,,,,5.0,,,,,14.0
2023,3,11170510,후암동,80,6.0,1.0,,,7.0,1.0,2.0,,1.0,,,2.0,,,,,,,18.0
2023,3,11170520,용산2가동,63,3.0,,,,4.0,,1.0,2.0,2.0,,,,,,,,,1.0,29.0
2023,3,11170530,남영동,147,7.0,5.0,,,14.0,,,1.0,,,,,,12.0,,,,3.0,26.0
2023,3,11170555,청파동,128,7.0,2.0,,1.0,11.0,,2.0,2.0,4.0,22.0,,1.0,,1.0,,,,,35.0
2023,3,11170560,원효로1동,94,6.0,3.0,,,6.0,1.0,1.0,,,3.0,,4.0,,,,,,,31.0
2023,3,11170570,원효로2동,69,4.0,2.0,,,4.0,2.0,1.0,1.0,1.0,,,2.0,,,,,,,27.0
2023,3,11170580,효창동,66,1.0,1.0,,,5.0,,1.0,,1.0,1.0,,,,,,,,2.0,22.0
2023,3,11170590,용문동,54,1.0,,,,3.0,,,,,,,,,,,,,,22.0
2023,3,11170625,한강로동,242,19.0,19.0,,,21.0,,2.0,,1.0,,,5.0,3.0,2.0,,,,7.0,41.0
2023,3,11170630,이촌1동,102,4.0,9.0,,1.0,12.0,2.0,1.0,1.0,1.0,,,1.0,,,,,,,14.0
2023,3,11170640,이촌2동,26,2.0,,,,1.0,,,,,,,,,,,,,,11.0
2023,3,11170650,이태원1동,71,8.0,5.0,,,3.0,,1.0,,,,,3.0,,,,,,1.0,14.0
2023,3,11170660,이태원2동,60,8.0,5.0,,,3.0,1.0,1.0,,1.0,,,,,,,,,,22.0
2023,3,11170685,한남동,171,30.0,11.0,1.0,,13.0,3.0,1.0,,,,,3.0,,,,,,2.0,36.0
2023,3,11170690,서빙고동,61,15.0,1.0,,,1.0,,1.0,1.0,,,,,,,,,,1.0,21.0
2023,3,11170700,보광동,70,4.0,1.0,,,8.0,1.0,,1.0,1.0,6.0,,,,,,,,,14.0
2023,3,11200520,왕십리2동,63,2.0,,,,5.0,1.0,1.0,,,,,,,,,,,1.0,18.0
2023,3,11200535,왕십리도선동,189,4.0,4.0,,2.0,20.0,2.0,2.0,,2.0,,,,,,,,,,26.0
2023,3,11200540,마장동,111,6.0,5.0,,,8.0,2.0,2.0,2.0,,,,,,,,,,1.0,29.0
2023,3,11200550,사근동,128,5.0,3.0,1.0,,10.0,,2.0,1.0,2.0,52.0,,1.0,,,,,,2.0,34.0
2023,3,11200560,행당1동,130,9.0,4.0,,2.0,13.0,1.0,1.0,,,,,1.0,1.0,,,,,4.0,30.0
2023,3,11200570,행당2동,79,2.0,2.0,,,4.0,1.0,1.0,1.0,1.0,,,,,,,,,1.0,24.0
2023,3,11200580,응봉동,56,3.0,,,,2.0,,1.0,1.0,,,,,,,,,,1.0,30.0
2023,3,11200590,금호1가동,88,2.0,,,,6.0,1.0,1.0,,1.0,,,,,,,,,1.0,45.0
2023,3,11200615,금호2?3가동,135,3.0,2.0,,,13.0,,1.0,,,,,,,,,,,,46.0
2023,3,11200620,금호4가동,84,3.0,3.0,,,6.0,1.0,2.0,,,,,,,,,,,1.0,27.0
2023,3,11200645,옥수동,129,4.0,2.0,,,10.0,2.0,2.0,1.0,1.0,,,,,,,,,2.0,45.0
2023,3,11200650,성수1가1동,83,4.0,2.0,,,4.0,1.0,2.0,1.0,1.0,,,,1.0,,,,,1.0,33.0
2023,3,11200660,성수1가2동,79,3.0,6.0,,,6.0,,,1.0,1.0,1.0,,,,,,,,1.0,12.0
2023,3,11200670,성수2가1동,109,3.0,3.0,,,13.0,,1.0,2.0,1.0,,,2.0,,1.0,,,,,38.0
2023,3,11200690,성수2가3동,104,3.0,16.0,,,11.0,,2.0,,,,,,1.0,,,,,1.0,20.0
2023,3,11200720,송정동,44,2.0,,,1.0,5.0,,1.0,,,,,,,,,,,,17.0
2023,3,11200790,용답동,82,7.0,2.0,,,8.0,,1.0,,,,,1.0,,,,,,2.0,11.0
2023,3,11215710,화양동,167,3.0,5.0,1.0,,17.0,,2.0,2.0,1.0,34.0,,,1.0,,,,,2.0,16.0
2023,3,11215730,군자동,135,5.0,5.0,,1.0,12.0,1.0,2.0,,,20.0,,,1.0,,,,,,23.0
2023,3,11215740,중곡1동,74,2.0,,,,10.0,1.0,,,,,,1.0,,,,,,,19.0
2023,3,11215750,중곡2동,104,2.0,4.0,,,14.0,1.0,1.0,,,,,,,,,,,2.0,21.0
2023,3,11215760,중곡3동,97,3.0,1.0,,1.0,9.0,,2.0,,,,,1.0,,,,,,1.0,29.0
2023,3,11215770,중곡4동,105,2.0,2.0,,,7.0,,1.0,1.0,2.0,,,,,,,,,,37.0
2023,3,11215780,능동,47,4.0,,,1.0,5.0,,1.0,,1.0,,,,,,,,,1.0,5.0
2023,3,11215810,광장동,139,5.0,9.0,,,9.0,3.0,3.0,3.0,1.0,11.0,,,,,,,,1.0,32.0
2023,3,11215820,자양1동,106,3.0,4.0,1.0,,14.0,1.0,1.0,,,2.0,,,,,,,,,17.0
2023,3,11215830,자양2동,95,2.0,1.0,,,8.0,2.0,4.0,2.0,1.0,,,1.0,,,,,,,21.0
2023,3,11215840,자양3동,105,2.0,6.0,,,8.0,2.0,2.0,1.0,1.0,1.0,1.0,,1.0,,,,,,30.0
2023,3,11215847,자양4동,106,5.0,2.0,,1.0,15.0,1.0,,1.0,,,,1.0,1.0,,,,,1.0,16.0
2023,3,11215850,구의1동,77,2.0,4.0,,,9.0,1.0,,1.0,1.0,,,,,,,,,1.0,16.0
2023,3,11215860,구의2동,112,3.0,2.0,,1.0,9.0,3.0,2.0,,,1.0,,,,,,,,1.0,24.0
2023,3,11215870,구의3동,133,5.0,4.0,,,16.0,2.0,1.0,,,,,1.0,1.0,,,,1.0,1.0,25.0
2023,3,11230536,용신동,231,10.0,8.0,1.0,4.0,20.0,1.0,1.0,1.0,1.0,,,1.0,,5.0,,,,5.0,41.0
2023,3,11230545,제기동,288,4.0,5.0,,1.0,22.0,2.0,2.0,2.0,1.0,1.0,,3.0,,14.0,,,,1.0,30.0
2023,3,11230560,전농1동,152,5.0,2.0,,1.0,13.0,3.0,1.0,1.0,1.0,,,,1.0,5.0,,,,3.0,35.0
2023,3,11230570,전농2동,102,2.0,2.0,,,12.0,3.0,3.0,2.0,1.0,27.0,,,,,,,,,15.0
2023,3,11230600,답십리1동,124,4.0,5.0,,,9.0,,2.0,1.0,,,,,,,,,,,25.0
2023,3,11230610,답십리2동,108,3.0,2.0,,2.0,13.0,3.0,1.0,,,,,3.0,,,,,,,19.0
2023,3,11230650,장안1동,192,5.0,11.0,,4.0,26.0,2.0,2.0,2.0,,,,,,,,,,1.0,43.0
2023,3,11230660,장안2동,168,3.0,2.0,,2.0,21.0,1.0,2.0,,1.0,1.0,,,1.0,1.0,,,,,38.0
2023,3,11230705,청량리동,154,9.0,4.0,1.0,,16.0,2.0,1.0,1.0,1.0,1.0,,,,2.0,,,,,34.0
2023,3,11230710,회기동,84,3.0,5.0,1.0,,10.0,1.0,3.0,1.0,1.0,14.0,,,,,,,,,10.0
2023,3,11230720,휘경1동,82,2.0,1.0,,,12.0,,,,,,,,,1.0,,,,3.0,18.0
2023,3,11230730,휘경2동,84,5.0,1.0,1.0,,5.0,1.0,2.0,3.0,3.0,4.0,,,,,,,,,27.0
2023,3,11230740,이문1동,147,5.0,2.0,,,13.0,3.0,,,2.0,30.0,,,,,,,,1.0,26.0
2023,3,11230750,이문2동,71,2.0,,,,6.0,1.0,1.0,,,2.0,,,,,,,,1.0,17.0
2023,3,11260520,면목2동,112,3.0,,,1.0,11.0,2.0,2.0,,,,,8.0,,1.0,,,,,25.0
2023,3,11260540,면목4동,61,2.0,,,,5.0,1.0,1.0,1.0,,,,,,,,,,1.0,15.0
2023,3,11260550,면목5동,42,2.0,1.0,,,3.0,,,,,,,4.0,,,,,,,13.0
2023,3,11260565,면목본동,168,4.0,2.0,,,18.0,1.0,2.0,,,,,13.0,,1.0,,,,1.0,30.0
2023,3,11260570,면목7동,108,2.0,2.0,,1.0,11.0,,1.0,,,,,1.0,,,,,,,18.0
2023,3,11260575,면목3?8동,150,4.0,1.0,1.0,,17.0,1.0,2.0,2.0,1.0,8.0,,,,1.0,,,,1.0,34.0
2023,3,11260580,상봉1동,78,3.0,1.0,,1.0,8.0,2.0,1.0,2.0,1.0,,,,,,,,,4.0,12.0
2023,3,11260590,상봉2동,127,4.0,3.0,,1.0,10.0,,,,,,,,2.0,2.0,,,1.0,1.0,18.0
2023,3,11260600,중화1동,79,2.0,1.0,,1.0,7.0,1.0,2.0,2.0,1.0,,,,,,,,,,14.0
2023,3,11260610,중화2동,123,2.0,3.0,,,14.0,,,,,,,2.0,,,,,,3.0,32.0
2023,3,11260620,묵1동,144,4.0,2.0,,2.0,11.0,2.0,1.0,2.0,2.0,,,,,,,,,,34.0
2023,3,11260630,묵2동,92,3.0,4.0,,,7.0,,2.0,,,,,,1.0,,,,,1.0,19.0
2023,3,11260655,망우본동,238,9.0,4.0,1.0,4.0,25.0,1.0,2.0,3.0,4.0,,,9.0,,2.0,,,,2.0,54.0
2023,3,11260660,망우3동,54,1.0,1.0,,1.0,3.0,,2.0,,1.0,,,3.0,,,,,,,11.0
2023,3,11260680,신내1동,160,3.0,2.0,1.0,,13.0,2.0,2.0,,,,,,,,,,,1.0,53.0
2023,3,11260690,신내2동,104,6.0,3.0,,,12.0,3.0,4.0,,,,,,,,,,,,21.0
2023,3,11290525,성북동,166,6.0,4.0,,,6.0,2.0,1.0,3.0,2.0,5.0,,,,,,,,,55.0
2023,3,11290555,삼선동,163,7.0,5.0,,,14.0,,1.0,1.0,2.0,14.0,,,,,,,,2.0,46.0
2023,3,11290575,동선동,146,1.0,4.0,,1.0,13.0,1.0,2.0,2.0,1.0,12.0,,,1.0,,,,,1.0,19.0
2023,3,11290580,돈암1동,42,1.0,,,,2.0,2.0,2.0,2.0,1.0,,,,,,,,,,15.0
2023,3,11290590,돈암2동,88,4.0,2.0,,,4.0,6.0,1.0,,,,,,1.0,,,,,,38.0
2023,3,11290600,안암동,167,4.0,6.0,1.0,1.0,10.0,,1.0,1.0,1.0,71.0,,,,,,,,1.0,35.0
2023,3,11290610,보문동,77,4.0,4.0,,,6.0,,2.0,,,,,,,1.0,,,,2.0,10.0
2023,3,11290620,정릉1동,63,2.0,,,,6.0,2.0,,,,1.0,,,,,,,,,19.0
2023,3,11290630,정릉2동,110,4.0,3.0,,,6.0,1.0,2.0,,,,,,,,,,,1.0,50.0
2023,3,11290640,정릉3동,124,4.0,1.0,,,2.0,,1.0,3.0,1.0,28.0,,,,,,,,,38.0
2023,3,11290650,정릉4동,133,7.0,3.0,,,12.0,2.0,1.0,,2.0,11.0,,,,,,,,1.0,40.0
2023,3,11290660,길음1동,129,3.0,4.0,,,10.0,2.0,3.0,1.0,1.0,,,1.0,,,,,,1.0,26.0
2023,3,11290685,길음2동,112,5.0,,,3.0,14.0,,,,,,,,,,,,,,23.0
2023,3,11290705,종암동,189,7.0,2.0,,1.0,17.0,3.0,2.0,2.0,1.0,2.0,,,,,,,,,56.0
2023,3,11290715,월곡1동,108,2.0,3.0,,,10.0,,2.0,1.0,1.0,,,,,1.0,,,,,30.0
2023,3,11290725,월곡2동,135,6.0,4.0,,,12.0,2.0,,1.0,,12.0,,,,,,,,2.0,34.0
2023,3,11290760,장위1동,103,4.0,1.0,,,8.0,6.0,1.0,1.0,,,,,,,,,,,37.0
2023,3,11290770,장위2동,89,3.0,2.0,,,11.0,1.0,3.0,,,,,,,,,,,1.0,27.0
2023,3,11290780,장위3동,82,1.0,,,,5.0,1.0,2.0,1.0,,1.0,,1.0,,,,,,,39.0
2023,3,11290810,석관동,154,6.0,3.0,,,16.0,2.0,2.0,1.0,1.0,,,1.0,,2.0,,,,2.0,32.0
2023,3,11305534,삼양동,165,4.0,1.0,,,14.0,3.0,2.0,,1.0,,,,,,,,,3.0,34.0
2023,3,11305535,미아동,144,3.0,3.0,,1.0,14.0,,,,1.0,4.0,,,,,,,,1.0,28.0
2023,3,11305545,송중동,212,4.0,1.0,,2.0,18.0,4.0,2.0,,1.0,2.0,1.0,,1.0,,,,,,69.0
2023,3,11305555,송천동,164,9.0,5.0,,1.0,17.0,,1.0,2.0,2.0,,,2.0,,,,,,1.0,24.0
2023,3,11305575,삼각산동,114,2.0,1.0,,,9.0,1.0,,1.0,1.0,1.0,,,,,,,,,36.0
2023,3,11305595,번1동,136,3.0,3.0,,1.0,14.0,1.0,1.0,1.0,,,,,1.0,,,,,,30.0
2023,3,11305603,번2동,110,5.0,,,,7.0,1.0,,1.0,,,,,,1.0,,,,,54.0
2023,3,11305608,번3동,95,3.0,1.0,,,8.0,,2.0,,,,,,,,,,,,37.0
2023,3,11305615,수유1동,153,4.0,2.0,,,12.0,,2.0,3.0,1.0,,,1.0,,,,,,1.0,40.0
2023,3,11305625,수유2동,85,3.0,,,,12.0,3.0,,,,,,,,,,,,1.0,15.0
2023,3,11305635,수유3동,158,4.0,6.0,,1.0,16.0,,,1.0,,,,,1.0,,,,,1.0,30.0
2023,3,11305645,우이동,132,2.0,,,,7.0,1.0,,1.0,,2.0,,,,,,,,3.0,54.0
2023,3,11305660,인수동,175,13.0,2.0,1.0,2.0,14.0,2.0,2.0,2.0,,5.0,,1.0,,,,,,,57.0
2023,3,11320511,창1동,94,3.0,2.0,,,7.0,1.0,1.0,2.0,1.0,,,,,,,,,1.0,28.0
2023,3,11320512,창2동,95,3.0,,,1.0,8.0,1.0,1.0,,,,,,,,,,,,44.0
2023,3,11320513,창3동,66,1.0,,,,7.0,1.0,2.0,,,,,1.0,,,,,,,25.0
2023,3,11320514,창4동,130,7.0,4.0,,,8.0,1.0,2.0,1.0,2.0,,,,,,,,,,51.0
2023,3,11320515,창5동,119,7.0,3.0,,3.0,12.0,1.0,3.0,,,,,,2.0,,,,,2.0,24.0
2023,3,11320521,도봉1동,122,4.0,1.0,,,9.0,2.0,2.0,1.0,1.0,2.0,,1.0,,,,,,,38.0
2023,3,11320522,도봉2동,127,8.0,3.0,,,7.0,1.0,1.0,1.0,1.0,1.0,,,,1.0,,,,3.0,49.0
2023,3,11320660,쌍문1동,126,6.0,1.0,,1.0,4.0,1.0,3.0,,1.0,17.0,,,,,,,,,54.0
2023,3,11320670,쌍문2동,87,3.0,1.0,,1.0,10.0,1.0,1.0,1.0,,,,,,2.0,,,,,19.0
2023,3,11320680,쌍문3동,78,3.0,3.0,1.0,,12.0,,,1.0,,,,,,1.0,,,,1.0,17.0
2023,3,11320681,쌍문4동,64,1.0,,,,4.0,5.0,2.0,2.0,3.0,,,,,,,,,,23.0
2023,3,11320690,방학1동,148,6.0,6.0,,2.0,15.0,2.0,1.0,1.0,1.0,,,,,,,,,1.0,39.0
2023,3,11320700,방학2동,64,3.0,,,,7.0,,1.0,1.0,,,,,,,,,,,23.0
2023,3,11320710,방학3동,112,3.0,3.0,,,6.0,3.0,3.0,1.0,,,,,,,,,,,47.0
2023,3,11350560,월계1동,159,4.0,2.0,,,10.0,2.0,1.0,1.0,1.0,17.0,,,,,,,,,59.0
2023,3,11350570,월계2동,136,4.0,,,,5.0,3.0,2.0,3.0,4.0,11.0,,,,,,,,1.0,64.0
2023,3,11350580,월계3동,135,5.0,3.0,,,8.0,4.0,3.0,1.0,,,,,,,,,,2.0,47.0
2023,3,11350595,공릉1동,211,4.0,6.0,,4.0,21.0,3.0,3.0,,,1.0,,1.0,,,,,,3.0,54.0
2023,3,11350600,공릉2동,271,7.0,6.0,1.0,,14.0,3.0,4.0,4.0,2.0,64.0,,1.0,,,,,,1.0,63.0
2023,3,11350611,하계1동,133,4.0,3.0,1.0,,9.0,1.0,1.0,2.0,4.0,16.0,,,,,,,,,41.0
2023,3,11350612,하계2동,67,2.0,1.0,,,4.0,2.0,2.0,1.0,,,,,,,,,,1.0,28.0
2023,3,11350619,중계본동,95,5.0,2.0,,,7.0,3.0,2.0,,3.0,,,,,,,,,,21.0
2023,3,11350621,중계1동,85,2.0,3.0,,,7.0,,2.0,1.0,2.0,,,,,,,,,,18.0
2023,3,11350624,중계4동,81,2.0,3.0,,,14.0,1.0,1.0,3.0,2.0,,,,,,,,,,6.0
2023,3,11350625,중계2?3동,142,7.0,2.0,,,10.0,4.0,4.0,1.0,3.0,,,,2.0,,,,,1.0,39.0
2023,3,11350630,상계1동,190,5.0,2.0,,,14.0,3.0,3.0,2.0,1.0,,,,1.0,,,,,1.0,38.0
2023,3,11350640,상계2동,182,2.0,1.0,,2.0,19.0,1.0,1.0,1.0,,,,,1.0,,,,,2.0,33.0
2023,3,11350665,상계3?4동,107,4.0,1.0,,,9.0,3.0,2.0,,,1.0,,,,2.0,,,,1.0,11.0
2023,3,11350670,상계5동,105,2.0,1.0,,,11.0,,1.0,,,,,,,3.0,,,,1.0,36.0
2023,3,11350695,상계6?7동,253,9.0,11.0,1.0,1.0,29.0,,3.0,2.0,1.0,4.0,,,1.0,,,,,,40.0
2023,3,11350700,상계8동,92,3.0,3.0,,,7.0,,,1.0,,,,,,,,,,1.0,15.0
2023,3,11350710,상계9동,78,3.0,4.0,,,6.0,1.0,3.0,2.0,2.0,,,,,,,,,,18.0
2023,3,11350720,상계10동,64,3.0,,,,1.0,1.0,2.0,1.0,1.0,,,,,,,,,,30.0
2023,3,11380510,녹번동,148,8.0,3.0,,2.0,12.0,1.0,3.0,,,,,1.0,1.0,,,,,2.0,35.0
2023,3,11380520,불광1동,198,6.0,4.0,,1.0,17.0,4.0,2.0,,,,,,1.0,,,,,3.0,49.0
2023,3,11380530,불광2동,113,6.0,1.0,,,5.0,,3.0,3.0,1.0,,,3.0,,,,,,,32.0
2023,3,11380551,갈현1동,133,2.0,2.0,1.0,,13.0,1.0,,,,,,,,,,,,2.0,48.0
2023,3,11380552,갈현2동,121,3.0,1.0,,1.0,15.0,5.0,2.0,1.0,5.0,,,,,,,,,1.0,34.0
2023,3,11380560,구산동,127,3.0,,,1.0,8.0,3.0,3.0,2.0,3.0,,,,,,,,,,38.0
2023,3,11380570,대조동,205,3.0,5.0,,1.0,24.0,,2.0,,2.0,,,,1.0,,,,,,32.0
2023,3,11380580,응암1동,133,5.0,5.0,,1.0,20.0,1.0,1.0,1.0,1.0,,,,,,,,,,27.0
2023,3,11380590,응암2동,91,3.0,1.0,,1.0,10.0,2.0,1.0,,,,,,,,,,,,37.0
2023,3,11380600,응암3동,138,3.0,3.0,,1.0,16.0,1.0,1.0,2.0,1.0,,,2.0,,,,,,,31.0
2023,3,11380625,역촌동,176,5.0,5.0,,2.0,18.0,2.0,1.0,,,,,,,,,,,,51.0
2023,3,11380631,신사1동,94,3.0,,,,8.0,3.0,,1.0,,5.0,,,,,,,,1.0,22.0
2023,3,11380632,신사2동,82,4.0,,,,5.0,,3.0,1.0,1.0,,,,,,,,,1.0,35.0
2023,3,11380640,증산동,83,3.0,,,,8.0,1.0,1.0,2.0,,,,2.0,,,,,,1.0,16.0
2023,3,11380650,수색동,60,5.0,2.0,,,5.0,1.0,1.0,,,,,2.0,,,,,,1.0,22.0
2023,3,11380690,진관동,242,6.0,6.0,,,22.0,6.0,6.0,2.0,4.0,,,,1.0,,,,,1.0,81.0
2023,3,11410520,천연동,127,4.0,1.0,,,4.0,,1.0,1.0,1.0,11.0,,,,1.0,,,,,44.0
2023,3,11410555,북아현동,76,2.0,2.0,,1.0,7.0,1.0,1.0,,1.0,,,,,,,,,,17.0
2023,3,11410565,충현동,184,9.0,8.0,,,7.0,1.0,3.0,1.0,2.0,24.0,,,,,,,,3.0,58.0
2023,3,11410585,신촌동,368,6.0,10.0,1.0,,22.0,1.0,3.0,1.0,1.0,109.0,1.0,,4.0,3.0,,,,2.0,60.0
2023,3,11410615,연희동,201,7.0,7.0,,1.0,16.0,,1.0,3.0,1.0,13.0,,,1.0,1.0,,,,,70.0
2023,3,11410620,홍제1동,135,3.0,2.0,,,10.0,2.0,2.0,,,1.0,,,,1.0,,,,1.0,40.0
2023,3,11410640,홍제3동,129,3.0,3.0,,2.0,14.0,1.0,2.0,1.0,,3.0,,4.0,,6.0,,,,1.0,46.0
2023,3,11410655,홍제2동,56,1.0,,,,6.0,3.0,,,,,,,,1.0,,,,,15.0
2023,3,11410660,홍은1동,86,3.0,,,,7.0,1.0,1.0,,,,,,,1.0,,,,,32.0
2023,3,11410685,홍은2동,161,4.0,2.0,1.0,,8.0,,2.0,3.0,1.0,12.0,,,,,,,,,83.0
2023,3,11410690,남가좌1동,94,2.0,3.0,,1.0,9.0,,1.0,,,,,1.0,,1.0,,,,1.0,20.0
2023,3,11410700,남가좌2동,117,4.0,4.0,,,12.0,4.0,1.0,1.0,,8.0,,,,,,,,,24.0
2023,3,11410710,북가좌1동,60,1.0,2.0,,,5.0,2.0,1.0,1.0,1.0,,,,,,,,,,13.0
2023,3,11410720,북가좌2동,115,3.0,3.0,,,12.0,2.0,,,,,,,,,,,,,39.0
2023,3,11440555,아현동,145,5.0,8.0,,,16.0,1.0,1.0,1.0,1.0,,,,,1.0,,,,2.0,23.0
2023,3,11440565,공덕동,172,7.0,9.0,,,21.0,1.0,3.0,,,,,2.0,,,,,,4.0,39.0
2023,3,11440585,도화동,144,4.0,7.0,,,15.0,2.0,1.0,,,,,,1.0,1.0,,,,1.0,38.0
2023,3,11440590,용강동,90,7.0,6.0,,1.0,10.0,2.0,1.0,,,,,,,,,,,1.0,24.0
2023,3,11440600,대흥동,209,5.0,5.0,,,18.0,,3.0,1.0,1.0,27.0,,,,3.0,,,,3.0,38.0
2023,3,11440610,염리동,52,3.0,1.0,,,3.0,1.0,1.0,2.0,3.0,,,,,2.0,,,,,10.0
2023,3,11440630,신수동,76,4.0,1.0,,1.0,5.0,1.0,1.0,1.0,1.0,,,,,,,,,,24.0
2023,3,11440655,서강동,156,6.0,4.0,,,7.0,1.0,1.0,,,20.0,,,,,,,,2.0,64.0
2023,3,11440660,서교동,358,13.0,22.0,,,31.0,1.0,1.0,,,2.0,,,5.0,3.0,,,,7.0,88.0
2023,3,11440680,합정동,109,4.0,3.0,,,10.0,1.0,1.0,1.0,,,,,,,,,,,32.0
2023,3,11440690,망원1동,95,2.0,2.0,,,11.0,,,,,,,,,1.0,,,,,23.0
2023,3,11440700,망원2동,83,4.0,1.0,,,6.0,1.0,2.0,,,,,,,,,,,,33.0
2023,3,11440710,연남동,52,2.0,1.0,,,2.0,1.0,,1.0,2.0,,,,,,,,,,23.0
2023,3,11440720,성산1동,86,4.0,2.0,,,5.0,1.0,2.0,2.0,1.0,1.0,,,,1.0,,,,,29.0
2023,3,11440730,성산2동,158,6.0,3.0,,,13.0,2.0,3.0,2.0,,,,1.0,1.0,,,,,2.0,47.0
2023,3,11440740,상암동,247,10.0,11.0,,,14.0,3.0,3.0,1.0,1.0,,,1.0,,,,,,4.0,104.0
2023,3,11470510,목1동,190,5.0,12.0,,1.0,21.0,1.0,1.0,1.0,1.0,2.0,,,2.0,,,,,2.0,29.0
2023,3,11470520,목2동,97,3.0,2.0,,1.0,13.0,3.0,1.0,,,,,,,1.0,,,,1.0,18.0
2023,3,11470530,목3동,96,3.0,4.0,,,11.0,1.0,,1.0,,,,,,,,,,,7.0
2023,3,11470540,목4동,84,3.0,3.0,,,9.0,1.0,1.0,1.0,1.0,,,,,,,,,,14.0
2023,3,11470550,목5동,143,8.0,9.0,1.0,,12.0,4.0,3.0,2.0,2.0,,,,,,,,,,52.0
2023,3,11470560,신월1동,71,3.0,3.0,,,12.0,1.0,,,,,,,,,,,,,9.0
2023,3,11470570,신월2동,65,3.0,1.0,,,6.0,1.0,2.0,2.0,,,,,,,,,,,12.0
2023,3,11470580,신월3동,70,2.0,1.0,,,7.0,1.0,1.0,2.0,3.0,,,,,,,,,,8.0
2023,3,11470590,신월4동,63,2.0,1.0,,,6.0,3.0,1.0,,,,,,,,,,,,11.0
2023,3,11470600,신월5동,54,3.0,,,1.0,3.0,2.0,1.0,2.0,,,,,,,,,,,12.0
2023,3,11470610,신월6동,47,1.0,2.0,,1.0,5.0,1.0,1.0,1.0,,,,,,,,,,,15.0
2023,3,11470611,신월7동,74,6.0,1.0,,,10.0,2.0,,1.0,,,,,,,,,,,21.0
2023,3,11470620,신정1동,94,7.0,3.0,,,9.0,2.0,2.0,1.0,,,,,,,,,,,26.0
2023,3,11470630,신정2동,71,3.0,1.0,,,7.0,1.0,2.0,1.0,,,,,,,,,,,20.0
2023,3,11470640,신정3동,203,4.0,1.0,,,15.0,1.0,3.0,1.0,4.0,,,,,,,,,1.0,81.0
2023,3,11470650,신정4동,161,3.0,8.0,1.0,1.0,16.0,3.0,2.0,,2.0,,,,,,,,,1.0,18.0
2023,3,11470670,신정6동,72,7.0,6.0,,,2.0,2.0,,1.0,1.0,,,,,,,,,,31.0
2023,3,11470680,신정7동,107,3.0,2.0,,,8.0,3.0,3.0,1.0,1.0,,,,,,,,,1.0,30.0
2023,3,11500510,염창동,147,5.0,3.0,,1.0,15.0,,2.0,2.0,,,,,,,,,,2.0,35.0
2023,3,11500520,등촌1동,95,1.0,5.0,,1.0,10.0,,1.0,,,,,,1.0,,,,,,20.0
2023,3,11500530,등촌2동,58,3.0,,,1.0,6.0,2.0,2.0,2.0,2.0,,,,,,,,,,8.0
2023,3,11500535,등촌3동,184,6.0,3.0,1.0,2.0,18.0,2.0,5.0,2.0,4.0,,,,1.0,,,,,,55.0
2023,3,11500540,화곡1동,226,3.0,2.0,,2.0,26.0,,2.0,1.0,,,,,1.0,,,,,2.0,27.0
2023,3,11500550,화곡2동,65,2.0,,,,3.0,2.0,1.0,,,,,,,,,,,,30.0
2023,3,11500560,화곡3동,87,4.0,3.0,,,8.0,2.0,,,,,,,,,,,,,12.0
2023,3,11500570,화곡4동,101,4.0,2.0,,,14.0,3.0,1.0,,2.0,,,,,,,,,,30.0
2023,3,11500590,화곡본동,145,3.0,,,1.0,11.0,1.0,2.0,,,,,,,,,,,,31.0
2023,3,11500591,화곡6동,118,7.0,5.0,,,8.0,2.0,1.0,,,9.0,,,,,,,,,29.0
2023,3,11500593,화곡8동,95,2.0,3.0,,,8.0,1.0,,,,,,,,,,,,1.0,33.0
2023,3,11500603,가양1동,279,5.0,13.0,,,20.0,3.0,1.0,1.0,1.0,,,,1.0,2.0,,,,5.0,69.0
2023,3,11500604,가양2동,75,4.0,3.0,,,7.0,3.0,1.0,1.0,1.0,,,,,,,,,1.0,14.0
2023,3,11500605,가양3동,52,3.0,,,,4.0,3.0,2.0,1.0,1.0,,,,,,,,,1.0,13.0
2023,3,11500611,발산1동,246,3.0,9.0,1.0,2.0,33.0,2.0,3.0,4.0,8.0,,,1.0,,,,,,,63.0
2023,3,11500615,우장산동,158,4.0,4.0,,3.0,12.0,3.0,2.0,,,5.0,,,,,,,,1.0,33.0
2023,3,11500620,공항동,176,6.0,7.0,1.0,,11.0,1.0,2.0,2.0,,4.0,,,,,21.0,,,2.0,39.0
2023,3,11500630,방화1동,200,2.0,3.0,,2.0,21.0,4.0,3.0,1.0,3.0,,,,,1.0,,,,1.0,46.0
2023,3,11500640,방화2동,124,4.0,,,,7.0,3.0,1.0,1.0,,,,2.0,1.0,,4.0,,,5.0,37.0
2023,3,11500641,방화3동,83,5.0,1.0,,,5.0,2.0,3.0,2.0,1.0,1.0,,,,,,,,1.0,22.0
2023,3,11530510,신도림동,168,5.0,4.0,,,12.0,2.0,1.0,1.0,1.0,1.0,,2.0,1.0,1.0,,,,3.0,43.0
2023,3,11530520,구로1동,88,4.0,1.0,,,5.0,3.0,1.0,1.0,1.0,,,4.0,,,,,,,25.0
2023,3,11530530,구로2동,197,6.0,12.0,1.0,1.0,21.0,1.0,1.0,,1.0,,,7.0,,16.0,,,,1.0,48.0
2023,3,11530540,구로3동,187,7.0,18.0,,,15.0,1.0,2.0,1.0,,,,,,5.0,,,,2.0,47.0
2023,3,11530550,구로4동,139,5.0,3.0,,,15.0,2.0,1.0,1.0,,,,1.0,,19.0,,,,,13.0
2023,3,11530560,구로5동,167,5.0,4.0,,2.0,18.0,,3.0,1.0,1.0,2.0,1.0,,3.0,,,,,1.0,49.0
2023,3,11530595,가리봉동,74,,,,,6.0,,1.0,,1.0,,,,,23.0,,,,,8.0
2023,3,11530720,고척1동,135,5.0,4.0,1.0,1.0,9.0,,3.0,1.0,1.0,12.0,,8.0,,4.0,,,,,31.0
2023,3,11530730,고척2동,128,5.0,2.0,,1.0,11.0,,2.0,1.0,1.0,,,,,,,,,,40.0
2023,3,11530740,개봉1동,163,5.0,3.0,,1.0,11.0,2.0,1.0,2.0,,4.0,,1.0,,,,,,1.0,57.0
2023,3,11530750,개봉2동,116,3.0,3.0,,,10.0,2.0,,,,,,1.0,1.0,,,,,,26.0
2023,3,11530760,개봉3동,81,3.0,2.0,,,9.0,1.0,3.0,1.0,,,,1.0,1.0,,,,,,23.0
2023,3,11530770,오류1동,122,5.0,4.0,,,11.0,3.0,1.0,,,,,,,,,,,1.0,22.0
2023,3,11530780,오류2동,209,3.0,1.0,,1.0,9.0,6.0,3.0,2.0,1.0,,,,,,,,,1.0,86.0
2023,3,11530790,수궁동,154,3.0,1.0,,,5.0,2.0,1.0,1.0,6.0,,,1.0,,,,,,3.0,69.0
2023,3,11530800,항동,64,1.0,,,,2.0,1.0,1.0,,,10.0,,,,,,,,,37.0
2023,3,11545510,가산동,304,10.0,25.0,,1.0,21.0,2.0,,,,,,,1.0,17.0,,,,3.0,111.0
2023,3,11545610,독산1동,217,3.0,6.0,,2.0,17.0,2.0,4.0,3.0,,,,,1.0,3.0,,,,,74.0
2023,3,11545620,독산2동,73,2.0,1.0,,,8.0,,2.0,,,1.0,,,,,,,,,11.0
2023,3,11545630,독산3동,119,4.0,4.0,,,14.0,2.0,2.0,2.0,1.0,,,1.0,,,,,,,29.0
2023,3,11545640,독산4동,64,5.0,2.0,,1.0,4.0,,1.0,,,,,,,,,,,,16.0
2023,3,11545670,시흥1동,223,9.0,7.0,1.0,2.0,25.0,2.0,3.0,1.0,1.0,,,,,3.0,,,,1.0,52.0
2023,3,11545680,시흥2동,76,2.0,,,,3.0,2.0,3.0,1.0,2.0,,,,,,,,,,30.0
2023,3,11545690,시흥3동,66,3.0,3.0,,,5.0,,1.0,1.0,1.0,,,,,1.0,,,,,21.0
2023,3,11545700,시흥4동,72,1.0,1.0,,,6.0,,1.0,1.0,,,,,,,,,,,27.0
2023,3,11545710,시흥5동,106,3.0,,,,16.0,2.0,3.0,,,,,,,,,,,,37.0
2023,3,11560515,영등포본동,94,4.0,,,,10.0,2.0,2.0,1.0,2.0,,,,1.0,2.0,,,,1.0,23.0
2023,3,11560535,영등포동,325,10.0,17.0,2.0,2.0,37.0,,1.0,,,1.0,,,1.0,16.0,,,,1.0,41.0
2023,3,11560540,여의동,399,23.0,70.0,1.0,,44.0,,2.0,2.0,2.0,,,,1.0,,,,,5.0,61.0
2023,3,11560550,당산1동,131,6.0,5.0,,1.0,8.0,1.0,,,,,,,,12.0,,,,2.0,23.0
2023,3,11560560,당산2동,192,6.0,4.0,,,20.0,3.0,2.0,2.0,,,,,,,,,,2.0,46.0
2023,3,11560585,도림동,66,2.0,,,,6.0,2.0,,,,,,,,,,,,,28.0
2023,3,11560605,문래동,185,8.0,9.0,,,17.0,,3.0,2.0,,,,,,2.0,,,,1.0,56.0
2023,3,11560610,양평1동,87,5.0,3.0,,1.0,6.0,,1.0,,1.0,,,,,1.0,,,,1.0,22.0
2023,3,11560620,양평2동,131,8.0,6.0,,,7.0,1.0,2.0,1.0,2.0,,,,,3.0,,,,1.0,35.0
2023,3,11560630,신길1동,85,1.0,2.0,1.0,1.0,13.0,,1.0,,,,,,,4.0,,,,2.0,25.0
2023,3,11560650,신길3동,102,3.0,5.0,,1.0,12.0,3.0,1.0,,,,,,,2.0,,,,,32.0
2023,3,11560660,신길4동,43,1.0,1.0,,,2.0,2.0,1.0,,,,,,,,,,,,13.0
2023,3,11560670,신길5동,66,3.0,,,,,1.0,1.0,1.0,1.0,,,,,5.0,,,,,31.0
2023,3,11560680,신길6동,123,4.0,1.0,,1.0,14.0,1.0,1.0,,1.0,,,1.0,,2.0,,,,1.0,29.0
2023,3,11560690,신길7동,78,5.0,1.0,,,7.0,1.0,1.0,,,,,,,1.0,,,,1.0,32.0
2023,3,11560700,대림1동,81,2.0,4.0,2.0,,18.0,,1.0,1.0,,,,2.0,,3.0,,,,,16.0
2023,3,11560710,대림2동,86,4.0,2.0,1.0,,16.0,,2.0,,,1.0,,,,1.0,,,,,13.0
2023,3,11560720,대림3동,126,2.0,7.0,,1.0,11.0,3.0,2.0,1.0,,2.0,,1.0,,,,,,2.0,46.0
2023,3,11590510,노량진1동,180,5.0,4.0,,,14.0,2.0,3.0,1.0,,1.0,,,,2.0,,,,3.0,57.0
2023,3,11590520,노량진2동,72,5.0,4.0,,1.0,14.0,1.0,,,,,,,,1.0,,,,,14.0
2023,3,11590530,상도1동,201,5.0,4.0,,1.0,16.0,2.0,2.0,1.0,,23.0,,,,,,,,2.0,47.0
2023,3,11590540,상도2동,154,6.0,3.0,,,16.0,1.0,1.0,1.0,,,,1.0,,1.0,,,,1.0,41.0
2023,3,11590550,상도3동,113,2.0,2.0,,,11.0,,,1.0,,,,1.0,,,,,,,36.0
2023,3,11590560,상도4동,112,3.0,1.0,,1.0,11.0,4.0,1.0,1.0,,,,,1.0,,,,,,36.0
2023,3,11590605,흑석동,195,6.0,6.0,1.0,,24.0,5.0,3.0,2.0,,16.0,,,,1.0,,,,1.0,50.0
2023,3,11590620,사당1동,126,4.0,6.0,,2.0,12.0,1.0,1.0,,,1.0,,,1.0,1.0,,,,2.0,13.0
2023,3,11590630,사당2동,179,3.0,2.0,,,14.0,,1.0,1.0,2.0,,,,,2.0,,,,4.0,36.0
2023,3,11590640,사당3동,88,3.0,1.0,,,5.0,,2.0,1.0,,3.0,,1.0,,,,,,1.0,30.0
2023,3,11590650,사당4동,62,2.0,1.0,,,6.0,,,1.0,,,,1.0,,,,,,,4.0
2023,3,11590651,사당5동,61,4.0,,,,3.0,1.0,2.0,1.0,1.0,,,,,,,,,,28.0
2023,3,11590660,대방동,199,5.0,5.0,,,16.0,3.0,3.0,4.0,4.0,,,,,,,,,2.0,61.0
2023,3,11590670,신대방1동,83,3.0,1.0,,,10.0,3.0,1.0,1.0,,1.0,,,,,,,,1.0,15.0
2023,3,11590680,신대방2동,109,7.0,7.0,1.0,,16.0,,1.0,1.0,1.0,,,,,,,,,,29.0
2023,3,11620525,보라매동,83,1.0,1.0,,,5.0,,1.0,1.0,1.0,,,,,,,,,,25.0
2023,3,11620545,청림동,50,2.0,,,,4.0,2.0,,,,,,,,2.0,,,,,7.0
2023,3,11620565,성현동,104,4.0,,,,6.0,3.0,2.0,1.0,1.0,,,,,,,,,,38.0
2023,3,11620575,행운동,111,3.0,3.0,1.0,2.0,12.0,1.0,2.0,2.0,1.0,,,,,,,,,,15.0
2023,3,11620585,낙성대동,148,2.0,3.0,,,10.0,,1.0,,,37.0,,,,2.0,,,,,37.0
2023,3,11620595,청룡동,147,5.0,6.0,,1.0,23.0,,2.0,2.0,3.0,,,1.0,1.0,1.0,,,,1.0,15.0
2023,3,11620605,은천동,123,6.0,,,,9.0,3.0,1.0,,1.0,,,,,,,,,,43.0
2023,3,11620615,중앙동,83,1.0,3.0,,1.0,14.0,,1.0,,,,,,,,,,,1.0,12.0
2023,3,11620625,인헌동,105,2.0,5.0,,,14.0,1.0,,1.0,1.0,,,2.0,,,,,,1.0,23.0
2023,3,11620630,남현동,70,3.0,1.0,,,6.0,1.0,1.0,,,1.0,,,,,,,,,6.0
2023,3,11620645,서원동,94,3.0,1.0,1.0,1.0,9.0,,,1.0,,,,,1.0,,,,,,27.0
2023,3,11620655,신원동,54,6.0,1.0,,,7.0,,1.0,,,1.0,,,,,,,,,10.0
2023,3,11620665,서림동,74,2.0,,,,5.0,1.0,1.0,1.0,,,,,,,,,,,34.0
2023,3,11620685,신사동,79,3.0,2.0,,1.0,10.0,1.0,1.0,,,1.0,,1.0,,,,,,,21.0
2023,3,11620695,신림동,168,2.0,3.0,,,17.0,,,,,,,,,4.0,,,,1.0,16.0
2023,3,11620715,난향동,68,1.0,,,,5.0,,1.0,,,,,,,,,,,,34.0
2023,3,11620725,조원동,96,3.0,1.0,,1.0,12.0,,1.0,,,,,1.0,,,,,,,30.0
2023,3,11620735,대학동,283,5.0,6.0,,,11.0,,1.0,1.0,2.0,140.0,,,,,,,,,73.0
2023,3,11620745,삼성동,94,3.0,,,,7.0,,2.0,,1.0,,,,,3.0,,,,,44.0
2023,3,11620765,미성동,126,3.0,3.0,,1.0,11.0,1.0,2.0,2.0,2.0,,,,,1.0,,,,,44.0
2023,3,11620775,난곡동,95,2.0,1.0,,,11.0,2.0,1.0,2.0,1.0,,,1.0,,,,,,,28.0
2023,3,11650510,서초1동,194,4.0,10.0,,1.0,14.0,,2.0,,,13.0,,,,,,,,2.0,38.0
2023,3,11650520,서초2동,217,8.0,26.0,,,24.0,,1.0,1.0,1.0,,,,,1.0,,,,2.0,47.0
2023,3,11650530,서초3동,332,25.0,30.0,,3.0,30.0,1.0,1.0,1.0,3.0,2.0,,,,,,,1.0,2.0,77.0
2023,3,11650531,서초4동,257,2.0,13.0,,1.0,31.0,2.0,2.0,1.0,,,,,1.0,,,,,,36.0
2023,3,11650540,잠원동,135,3.0,8.0,,,13.0,1.0,1.0,1.0,,,,,,,,,,2.0,23.0
2023,3,11650550,반포본동,33,1.0,3.0,,,2.0,,1.0,2.0,2.0,,,1.0,,,,,,1.0,5.0
2023,3,11650560,반포1동,140,6.0,6.0,,1.0,20.0,1.0,2.0,1.0,1.0,,,,,,,,,1.0,26.0
2023,3,11650570,반포2동,74,4.0,5.0,,,5.0,,2.0,1.0,,,,1.0,,,,,,1.0,25.0
2023,3,11650580,반포3동,109,3.0,7.0,,,11.0,,1.0,1.0,,,,,,,,,,,18.0
2023,3,11650581,반포4동,130,7.0,12.0,1.0,,12.0,,,1.0,,3.0,,,1.0,,,,,3.0,33.0
2023,3,11650590,방배본동,103,2.0,6.0,,,16.0,,1.0,,,,,1.0,,,,,,,25.0
2023,3,11650600,방배1동,102,3.0,4.0,,1.0,10.0,,1.0,,,3.0,,1.0,,,,,,1.0,19.0
2023,3,11650610,방배2동,114,4.0,2.0,,,3.0,,1.0,1.0,1.0,,,1.0,,1.0,,,,1.0,37.0
2023,3,11650620,방배3동,112,4.0,3.0,,2.0,6.0,,2.0,,1.0,7.0,,,,,,,,,50.0
2023,3,11650621,방배4동,156,3.0,10.0,,,11.0,,1.0,,1.0,4.0,,,,1.0,,,,1.0,31.0
2023,3,11650651,양재1동,263,12.0,11.0,,1.0,20.0,3.0,4.0,1.0,,1.0,,,,,,,,2.0,86.0
2023,3,11650652,양재2동,147,2.0,16.0,,,11.0,,1.0,2.0,1.0,,,1.0,,,,,,1.0,57.0
2023,3,11650660,내곡동,161,5.0,1.0,,1.0,2.0,2.0,1.0,,,3.0,,1.0,,,,,,1.0,85.0
2023,3,11680510,신사동,260,3.0,14.0,,,36.0,2.0,1.0,1.0,2.0,,1.0,,1.0,,,,,1.0,12.0
2023,3,11680521,논현1동,300,4.0,15.0,,4.0,42.0,,1.0,,,,,1.0,8.0,,,,,3.0,23.0
2023,3,11680531,논현2동,240,8.0,16.0,,5.0,29.0,1.0,1.0,1.0,,4.0,,,2.0,,,,,1.0,33.0
2023,3,11680545,압구정동,313,4.0,25.0,,5.0,30.0,1.0,1.0,2.0,2.0,,2.0,1.0,3.0,,,,,2.0,18.0
2023,3,11680565,청담동,288,11.0,19.0,,4.0,27.0,2.0,2.0,1.0,1.0,1.0,,,,,,,,3.0,23.0
2023,3,11680580,삼성1동,199,6.0,26.0,,3.0,13.0,1.0,1.0,1.0,1.0,,1.0,,1.0,,,,,3.0,38.0
2023,3,11680590,삼성2동,177,10.0,11.0,,,11.0,,1.0,1.0,,1.0,,,,,,,,4.0,28.0
2023,3,11680600,대치1동,130,4.0,11.0,,,13.0,1.0,1.0,1.0,2.0,1.0,,,,,,,,,24.0
2023,3,11680610,대치2동,210,6.0,26.0,,2.0,20.0,,2.0,1.0,1.0,,,,,,,,,2.0,39.0
2023,3,11680630,대치4동,159,4.0,12.0,1.0,1.0,18.0,,1.0,,,1.0,1.0,,,,,,,,14.0
2023,3,11680640,역삼1동,542,15.0,49.0,1.0,3.0,64.0,1.0,1.0,,,,,,3.0,1.0,,,,1.0,44.0
2023,3,11680650,역삼2동,195,3.0,14.0,,2.0,25.0,,1.0,2.0,1.0,1.0,,,,,,,,,31.0
2023,3,11680655,도곡1동,142,4.0,9.0,1.0,4.0,20.0,2.0,1.0,2.0,1.0,,,,,,,,,1.0,27.0
2023,3,11680656,도곡2동,118,7.0,23.0,,,10.0,2.0,1.0,1.0,2.0,,,,,,,,,3.0,25.0
2023,3,11680660,개포1동,38,1.0,1.0,,,1.0,,1.0,2.0,,,,,,,,,,,29.0
2023,3,11680670,개포2동,135,3.0,3.0,,,9.0,5.0,4.0,1.0,3.0,,,,,,,,,3.0,50.0
2023,3,11680690,개포4동,115,3.0,4.0,,,7.0,,2.0,1.0,1.0,,,,,,,,,,49.0
2023,3,11680700,세곡동,191,4.0,1.0,,,9.0,3.0,4.0,1.0,1.0,,,,,,,,,,95.0
2023,3,11680720,일원본동,103,2.0,6.0,1.0,,15.0,2.0,2.0,1.0,2.0,,,,,,,,,1.0,32.0
2023,3,11680730,일원1동,74,4.0,1.0,,,11.0,1.0,2.0,,1.0,,,,,,,,,,18.0
2023,3,11680740,일원2동,66,3.0,3.0,,,6.0,2.0,1.0,1.0,,,,,,,,,,1.0,13.0
2023,3,11680750,수서동,89,3.0,3.0,,,11.0,2.0,1.0,1.0,2.0,,,,,,,,,2.0,23.0
2023,3,11710510,풍납1동,48,3.0,,,1.0,6.0,1.0,1.0,,,,,,,,,,,,6.0
2023,3,11710520,풍납2동,125,5.0,5.0,1.0,,26.0,2.0,2.0,3.0,1.0,3.0,,,,,,,,1.0,24.0
2023,3,11710531,거여1동,48,2.0,,,,2.0,,1.0,,1.0,,,,,1.0,,,,1.0,6.0
2023,3,11710532,거여2동,78,3.0,3.0,,1.0,12.0,1.0,1.0,1.0,,,,,,,,,,,11.0
2023,3,11710540,마천1동,73,4.0,1.0,,,8.0,1.0,1.0,,,,,,,1.0,,,,1.0,15.0
2023,3,11710550,마천2동,93,3.0,2.0,,,14.0,,1.0,,,,,,,,,,,,12.0
2023,3,11710561,방이1동,73,2.0,1.0,,,10.0,2.0,2.0,1.0,1.0,,,,,,,,,1.0,11.0
2023,3,11710562,방이2동,164,3.0,5.0,,,18.0,,1.0,1.0,,,,,,,,,,1.0,13.0
2023,3,11710566,오륜동,74,4.0,6.0,,,6.0,1.0,2.0,2.0,3.0,11.0,,,,,,,,3.0,15.0
2023,3,11710570,오금동,134,5.0,5.0,,,13.0,3.0,3.0,4.0,2.0,,,,,,,,,3.0,27.0
2023,3,11710580,송파1동,102,2.0,4.0,,3.0,14.0,1.0,1.0,,,,,,,,,,,2.0,13.0
2023,3,11710590,송파2동,79,3.0,1.0,,,11.0,3.0,1.0,2.0,3.0,,,,,,,,,,7.0
2023,3,11710600,석촌동,159,3.0,7.0,,2.0,27.0,3.0,2.0,,,,,,,,,,,,20.0
2023,3,11710610,삼전동,118,4.0,2.0,,,14.0,3.0,1.0,1.0,1.0,,,,,1.0,,,,1.0,12.0
2023,3,11710620,가락본동,144,5.0,9.0,1.0,5.0,21.0,1.0,2.0,2.0,,,,,,,,,,,21.0
2023,3,11710631,가락1동,82,2.0,8.0,,,13.0,1.0,1.0,1.0,,,,1.0,,,,,,3.0,16.0
2023,3,11710632,가락2동,143,3.0,6.0,,,17.0,4.0,2.0,1.0,,,,,,,,,,1.0,22.0
2023,3,11710641,문정1동,70,3.0,1.0,,,5.0,1.0,1.0,1.0,,,,,,,,,,,19.0
2023,3,11710642,문정2동,149,10.0,12.0,,1.0,22.0,,1.0,,,,,,2.0,,,,,3.0,14.0
2023,3,11710646,장지동,136,4.0,3.0,,,10.0,1.0,2.0,1.0,3.0,,,,1.0,,,,,1.0,41.0
2023,3,11710647,위례동,84,3.0,1.0,,,5.0,2.0,2.0,1.0,,,,,,,,,,,32.0
2023,3,11710650,잠실본동,192,5.0,9.0,,1.0,24.0,,1.0,,,,,,,,,,,1.0,12.0
2023,3,11710670,잠실2동,91,4.0,6.0,,,14.0,1.0,2.0,2.0,2.0,,,,,,,,,1.0,5.0
2023,3,11710680,잠실3동,103,5.0,9.0,,,11.0,1.0,3.0,,1.0,,,,,,,,,,16.0
2023,3,11710690,잠실4동,74,3.0,3.0,,,10.0,1.0,2.0,,1.0,,,,,,,,,2.0,7.0
2023,3,11710710,잠실6동,144,4.0,17.0,,1.0,23.0,,1.0,1.0,,,,,1.0,,,,,2.0,13.0
2023,3,11710720,잠실7동,30,2.0,4.0,,,4.0,,1.0,2.0,1.0,,,,,,,,,2.0,3.0
2023,3,11740515,강일동,187,5.0,3.0,,,12.0,2.0,2.0,2.0,1.0,,,,,,,,,3.0,79.0
2023,3,11740520,상일동,105,4.0,2.0,1.0,,8.0,4.0,2.0,2.0,5.0,,,,,,,,,,37.0
2023,3,11740530,명일1동,151,5.0,6.0,,2.0,17.0,,1.0,,,,,,,,,,,1.0,22.0
2023,3,11740540,명일2동,107,3.0,6.0,,,18.0,4.0,2.0,,1.0,,,,,,,,,,18.0
2023,3,11740550,고덕1동,92,3.0,,,,4.0,1.0,2.0,1.0,1.0,,,,,,,,,1.0,26.0
2023,3,11740560,고덕2동,78,3.0,1.0,,,9.0,1.0,2.0,1.0,2.0,,,,,,,,,1.0,25.0
2023,3,11740570,암사1동,90,2.0,1.0,,,8.0,1.0,1.0,,,1.0,,1.0,,,,,,,13.0
2023,3,11740580,암사2동,61,1.0,3.0,,,6.0,1.0,2.0,,,,,,,,,,,1.0,6.0
2023,3,11740590,암사3동,50,2.0,1.0,,,5.0,1.0,,2.0,1.0,,,,,,,,,,12.0
2023,3,11740600,천호1동,92,4.0,1.0,,,11.0,,1.0,1.0,1.0,1.0,,,1.0,,,,,1.0,11.0
2023,3,11740610,천호2동,203,4.0,3.0,,1.0,26.0,1.0,1.0,1.0,,,,,,3.0,,,,,22.0
2023,3,11740620,천호3동,115,4.0,3.0,,2.0,14.0,,,1.0,,,,,,1.0,,,,,11.0
2023,3,11740640,성내1동,98,6.0,4.0,,2.0,9.0,1.0,2.0,1.0,,1.0,,,1.0,,,,,,20.0
2023,3,11740650,성내2동,113,2.0,3.0,,4.0,14.0,,,,,,,,1.0,,,,,3.0,16.0
2023,3,11740660,성내3동,136,4.0,5.0,,,13.0,2.0,,,,2.0,,,,,,,,1.0,13.0
2023,3,11740685,길동,242,6.0,10.0,1.0,4.0,34.0,4.0,3.0,1.0,,1.0,,,,,,,,1.0,36.0
2023,3,11740690,둔촌1동,14,,,,,,,2.0,,1.0,,,,,,,,,1.0,6.0
2023,3,11740700,둔촌2동,129,5.0,4.0,1.0,,17.0,2.0,1.0,2.0,1.0,,,,,,,,,1.0,32.0
2023,4,11110515,청운효자동,93,6.0,3.0,,,4.0,1.0,1.0,2.0,2.0,8.0,,,,,,,,,26.0
2023,4,11110530,사직동,206,18.0,24.0,,,15.0,,1.0,,1.0,1.0,,,3.0,,,,,2.0,34.0
2023,4,11110540,삼청동,49,10.0,4.0,,1.0,1.0,,,1.0,1.0,2.0,,,,,,,,,16.0
2023,4,11110550,부암동,84,4.0,2.0,,,1.0,1.0,2.0,1.0,1.0,14.0,,,,,,,,,38.0
2023,4,11110560,평창동,162,6.0,2.0,,1.0,5.0,1.0,,,1.0,2.0,,,,,,,,,91.0
2023,4,11110570,무악동,42,2.0,1.0,1.0,,4.0,1.0,1.0,,,,,,,,,,,1.0,7.0
2023,4,11110580,교남동,78,4.0,3.0,2.0,,17.0,,,,1.0,1.0,,,,,,,,,26.0
2023,4,11110600,가회동,63,5.0,3.0,,,1.0,1.0,1.0,1.0,2.0,1.0,,,,,,,,,22.0
2023,4,11110615,종로1?2?3?4가동,500,19.0,35.0,,,47.0,1.0,2.0,,,4.0,,1.0,5.0,17.0,,,,5.0,72.0
2023,4,11110630,종로5?6가동,212,7.0,8.0,,,31.0,,1.0,,,1.0,,4.0,,3.0,,,,1.0,23.0
2023,4,11110640,이화동,119,4.0,4.0,1.0,,11.0,,,2.0,,37.0,,,,,,,,1.0,28.0
2023,4,11110650,혜화동,145,6.0,5.0,,,16.0,3.0,1.0,1.0,4.0,26.0,,,1.0,,,,,,36.0
2023,4,11110670,창신1동,111,3.0,4.0,,,9.0,,2.0,,,,,1.0,,7.0,,,,2.0,11.0
2023,4,11110680,창신2동,38,2.0,1.0,,,5.0,,,,,,,,,,,,,,
2023,4,11110690,창신3동,24,3.0,,,,1.0,,1.0,,1.0,,,,,,,,,1.0,5.0
2023,4,11110700,숭인1동,43,3.0,1.0,,,3.0,1.0,,,,,,,,,,,,,14.0
2023,4,11110710,숭인2동,89,4.0,3.0,,1.0,4.0,,,,,,,2.0,,3.0,,,,2.0,6.0
2023,4,11140520,소공동,231,13.0,29.0,,,10.0,,1.0,4.0,3.0,,1.0,,3.0,3.0,,,,3.0,37.0
2023,4,11140540,회현동,211,9.0,17.0,,,16.0,1.0,,,,2.0,,2.0,1.0,2.0,,,,6.0,35.0
2023,4,11140550,명동,542,20.0,46.0,,,35.0,,1.0,,,4.0,,,3.0,12.0,,,,1.0,29.0
2023,4,11140570,필동,123,6.0,9.0,1.0,,7.0,,2.0,,1.0,19.0,,,2.0,1.0,,,,2.0,15.0
2023,4,11140580,장충동,63,6.0,2.0,,,1.0,,1.0,,,3.0,,,1.0,2.0,,,,1.0,13.0
2023,4,11140590,광희동,185,3.0,16.0,1.0,,14.0,,,1.0,,,,1.0,3.0,11.0,,,,3.0,19.0
2023,4,11140605,을지로동,145,5.0,10.0,,,13.0,,,,,,,1.0,2.0,3.0,,,,4.0,20.0
2023,4,11140615,신당동,99,7.0,5.0,,1.0,12.0,,1.0,1.0,3.0,,,3.0,,1.0,,,,2.0,8.0
2023,4,11140625,다산동,86,3.0,4.0,,1.0,9.0,,1.0,1.0,1.0,,,,,1.0,,,,1.0,7.0
2023,4,11140635,약수동,87,4.0,2.0,,1.0,12.0,2.0,,,,,,,,,,,,2.0,12.0
2023,4,11140645,청구동,34,2.0,,,,3.0,1.0,2.0,1.0,1.0,,,,,,,,,,5.0
2023,4,11140650,신당5동,65,4.0,2.0,,,5.0,,1.0,,2.0,,,,,,,,,,12.0
2023,4,11140665,동화동,47,3.0,1.0,,,5.0,,1.0,1.0,,,,,,,,,,2.0,4.0
2023,4,11140670,황학동,76,1.0,6.0,,,10.0,,,,,,,,,7.0,,,,,6.0
2023,4,11140680,중림동,77,3.0,2.0,,,7.0,,1.0,,2.0,1.0,,,,5.0,,,,,14.0
2023,4,11170510,후암동,80,6.0,1.0,,,7.0,1.0,2.0,,1.0,,,2.0,,,,,,,18.0
2023,4,11170520,용산2가동,63,3.0,,,,4.0,,1.0,2.0,2.0,,,,,,,,,1.0,29.0
2023,4,11170530,남영동,147,7.0,5.0,,,14.0,,,1.0,,,,,,12.0,,,,3.0,26.0
2023,4,11170555,청파동,128,7.0,2.0,,1.0,11.0,,2.0,2.0,4.0,22.0,,1.0,,1.0,,,,,35.0
2023,4,11170560,원효로1동,94,6.0,3.0,,,6.0,1.0,1.0,,,3.0,,4.0,,,,,,,31.0
2023,4,11170570,원효로2동,69,4.0,2.0,,,4.0,2.0,1.0,1.0,1.0,,,2.0,,,,,,,27.0
2023,4,11170580,효창동,66,1.0,1.0,,,5.0,,1.0,,1.0,1.0,,,,,,,,2.0,22.0
2023,4,11170590,용문동,54,1.0,,,,3.0,,,,,,,,,,,,,,22.0
2023,4,11170625,한강로동,242,19.0,19.0,,,21.0,,2.0,,1.0,,,5.0,3.0,2.0,,,,7.0,41.0
2023,4,11170630,이촌1동,102,4.0,9.0,,1.0,12.0,2.0,1.0,1.0,1.0,,,1.0,,,,,,,14.0
2023,4,11170640,이촌2동,26,2.0,,,,1.0,,,,,,,,,,,,,,11.0
2023,4,11170650,이태원1동,71,8.0,5.0,,,3.0,,1.0,,,,,3.0,,,,,,1.0,14.0
2023,4,11170660,이태원2동,60,8.0,5.0,,,3.0,1.0,1.0,,1.0,,,,,,,,,,22.0
2023,4,11170685,한남동,171,30.0,11.0,1.0,,13.0,3.0,1.0,,,,,3.0,,,,,,2.0,36.0
2023,4,11170690,서빙고동,61,15.0,1.0,,,1.0,,1.0,1.0,,,,,,,,,,1.0,21.0
2023,4,11170700,보광동,70,4.0,1.0,,,8.0,1.0,,1.0,1.0,6.0,,,,,,,,,14.0
2023,4,11200520,왕십리2동,63,2.0,,,,5.0,1.0,1.0,,,,,,,,,,,1.0,18.0
2023,4,11200535,왕십리도선동,189,4.0,4.0,,2.0,20.0,2.0,2.0,,2.0,,,,,,,,,,26.0
2023,4,11200540,마장동,111,6.0,5.0,,,8.0,2.0,2.0,2.0,,,,,,,,,,1.0,29.0
2023,4,11200550,사근동,128,5.0,3.0,1.0,,10.0,,2.0,1.0,2.0,52.0,,1.0,,,,,,2.0,34.0
2023,4,11200560,행당1동,130,9.0,4.0,,2.0,13.0,1.0,1.0,,,,,1.0,1.0,,,,,4.0,30.0
2023,4,11200570,행당2동,79,2.0,2.0,,,4.0,1.0,1.0,1.0,1.0,,,,,,,,,1.0,24.0
2023,4,11200580,응봉동,56,3.0,,,,2.0,,1.0,1.0,,,,,,,,,,1.0,30.0
2023,4,11200590,금호1가동,88,2.0,,,,6.0,1.0,1.0,,1.0,,,,,,,,,1.0,45.0
2023,4,11200615,금호2?3가동,135,3.0,2.0,,,13.0,,1.0,,,,,,,,,,,,46.0
2023,4,11200620,금호4가동,84,3.0,3.0,,,6.0,1.0,2.0,,,,,,,,,,,1.0,27.0
2023,4,11200645,옥수동,129,4.0,2.0,,,10.0,2.0,2.0,1.0,1.0,,,,,,,,,2.0,45.0
2023,4,11200650,성수1가1동,83,4.0,2.0,,,4.0,1.0,2.0,1.0,1.0,,,,1.0,,,,,1.0,33.0
2023,4,11200660,성수1가2동,79,3.0,6.0,,,6.0,,,1.0,1.0,1.0,,,,,,,,1.0,12.0
2023,4,11200670,성수2가1동,109,3.0,3.0,,,13.0,,1.0,2.0,1.0,,,2.0,,1.0,,,,,38.0
2023,4,11200690,성수2가3동,104,3.0,16.0,,,11.0,,2.0,,,,,,1.0,,,,,1.0,20.0
2023,4,11200720,송정동,44,2.0,,,1.0,5.0,,1.0,,,,,,,,,,,,17.0
2023,4,11200790,용답동,82,7.0,2.0,,,8.0,,1.0,,,,,1.0,,,,,,2.0,11.0
2023,4,11215710,화양동,167,3.0,5.0,1.0,,17.0,,2.0,2.0,1.0,34.0,,,1.0,,,,,2.0,16.0
2023,4,11215730,군자동,135,5.0,5.0,,1.0,12.0,1.0,2.0,,,20.0,,,1.0,,,,,,23.0
2023,4,11215740,중곡1동,74,2.0,,,,10.0,1.0,,,,,,1.0,,,,,,,19.0
2023,4,11215750,중곡2동,104,2.0,4.0,,,14.0,1.0,1.0,,,,,,,,,,,2.0,21.0
2023,4,11215760,중곡3동,97,3.0,1.0,,1.0,9.0,,2.0,,,,,1.0,,,,,,1.0,29.0
2023,4,11215770,중곡4동,105,2.0,2.0,,,7.0,,1.0,1.0,2.0,,,,,,,,,,37.0
2023,4,11215780,능동,47,4.0,,,1.0,5.0,,1.0,,1.0,,,,,,,,,1.0,5.0
2023,4,11215810,광장동,139,5.0,9.0,,,9.0,3.0,3.0,3.0,1.0,11.0,,,,,,,,1.0,32.0
2023,4,11215820,자양1동,106,3.0,4.0,1.0,,14.0,1.0,1.0,,,2.0,,,,,,,,,17.0
2023,4,11215830,자양2동,95,2.0,1.0,,,8.0,2.0,4.0,2.0,1.0,,,1.0,,,,,,,21.0
2023,4,11215840,자양3동,105,2.0,6.0,,,8.0,2.0,2.0,1.0,1.0,1.0,1.0,,1.0,,,,,,30.0
2023,4,11215847,자양4동,106,5.0,2.0,,1.0,15.0,1.0,,1.0,,,,1.0,1.0,,,,,1.0,16.0
2023,4,11215850,구의1동,77,2.0,4.0,,,9.0,1.0,,1.0,1.0,,,,,,,,,1.0,16.0
2023,4,11215860,구의2동,112,3.0,2.0,,1.0,9.0,3.0,2.0,,,1.0,,,,,,,,1.0,24.0
2023,4,11215870,구의3동,133,5.0,4.0,,,16.0,2.0,1.0,,,,,1.0,1.0,,,,1.0,1.0,25.0
2023,4,11230536,용신동,231,10.0,8.0,1.0,4.0,20.0,1.0,1.0,1.0,1.0,,,1.0,,5.0,,,,5.0,41.0
2023,4,11230545,제기동,288,4.0,5.0,,1.0,22.0,2.0,2.0,2.0,1.0,1.0,,3.0,,14.0,,,,1.0,30.0
2023,4,11230560,전농1동,152,5.0,2.0,,1.0,13.0,3.0,1.0,1.0,1.0,,,,1.0,5.0,,,,3.0,35.0
2023,4,11230570,전농2동,102,2.0,2.0,,,12.0,3.0,3.0,2.0,1.0,27.0,,,,,,,,,15.0
2023,4,11230600,답십리1동,124,4.0,5.0,,,9.0,,2.0,1.0,,,,,,,,,,,25.0
2023,4,11230610,답십리2동,108,3.0,2.0,,2.0,13.0,3.0,1.0,,,,,3.0,,,,,,,19.0
2023,4,11230650,장안1동,192,5.0,11.0,,4.0,26.0,2.0,2.0,2.0,,,,,,,,,,1.0,43.0
2023,4,11230660,장안2동,168,3.0,2.0,,2.0,21.0,1.0,2.0,,1.0,1.0,,,1.0,1.0,,,,,38.0
2023,4,11230705,청량리동,154,9.0,4.0,1.0,,16.0,2.0,1.0,1.0,1.0,1.0,,,,2.0,,,,,34.0
2023,4,11230710,회기동,84,3.0,5.0,1.0,,10.0,1.0,3.0,1.0,1.0,14.0,,,,,,,,,10.0
2023,4,11230720,휘경1동,82,2.0,1.0,,,12.0,,,,,,,,,1.0,,,,3.0,18.0
2023,4,11230730,휘경2동,84,5.0,1.0,1.0,,5.0,1.0,2.0,3.0,3.0,4.0,,,,,,,,,27.0
2023,4,11230740,이문1동,147,5.0,2.0,,,13.0,3.0,,,2.0,30.0,,,,,,,,1.0,26.0
2023,4,11230750,이문2동,71,2.0,,,,6.0,1.0,1.0,,,2.0,,,,,,,,1.0,17.0
2023,4,11260520,면목2동,112,3.0,,,1.0,11.0,2.0,2.0,,,,,8.0,,1.0,,,,,25.0
2023,4,11260540,면목4동,61,2.0,,,,5.0,1.0,1.0,1.0,,,,,,,,,,1.0,15.0
2023,4,11260550,면목5동,42,2.0,1.0,,,3.0,,,,,,,4.0,,,,,,,13.0
2023,4,11260565,면목본동,168,4.0,2.0,,,18.0,1.0,2.0,,,,,13.0,,1.0,,,,1.0,30.0
2023,4,11260570,면목7동,108,2.0,2.0,,1.0,11.0,,1.0,,,,,1.0,,,,,,,18.0
2023,4,11260575,면목3?8동,150,4.0,1.0,1.0,,17.0,1.0,2.0,2.0,1.0,8.0,,,,1.0,,,,1.0,34.0
2023,4,11260580,상봉1동,78,3.0,1.0,,1.0,8.0,2.0,1.0,2.0,1.0,,,,,,,,,4.0,12.0
2023,4,11260590,상봉2동,127,4.0,3.0,,1.0,10.0,,,,,,,,2.0,2.0,,,1.0,1.0,18.0
2023,4,11260600,중화1동,79,2.0,1.0,,1.0,7.0,1.0,2.0,2.0,1.0,,,,,,,,,,14.0
2023,4,11260610,중화2동,123,2.0,3.0,,,14.0,,,,,,,2.0,,,,,,3.0,32.0
2023,4,11260620,묵1동,144,4.0,2.0,,2.0,11.0,2.0,1.0,2.0,2.0,,,,,,,,,,34.0
2023,4,11260630,묵2동,92,3.0,4.0,,,7.0,,2.0,,,,,,1.0,,,,,1.0,19.0
2023,4,11260655,망우본동,238,9.0,4.0,1.0,4.0,25.0,1.0,2.0,3.0,4.0,,,9.0,,2.0,,,,2.0,54.0
2023,4,11260660,망우3동,54,1.0,1.0,,1.0,3.0,,2.0,,1.0,,,3.0,,,,,,,11.0
2023,4,11260680,신내1동,160,3.0,2.0,1.0,,13.0,2.0,2.0,,,,,,,,,,,1.0,53.0
2023,4,11260690,신내2동,104,6.0,3.0,,,12.0,3.0,4.0,,,,,,,,,,,,21.0
2023,4,11290525,성북동,166,6.0,4.0,,,6.0,2.0,1.0,3.0,2.0,5.0,,,,,,,,,55.0
2023,4,11290555,삼선동,163,7.0,5.0,,,14.0,,1.0,1.0,2.0,14.0,,,,,,,,2.0,46.0
2023,4,11290575,동선동,146,1.0,4.0,,1.0,13.0,1.0,2.0,2.0,1.0,12.0,,,1.0,,,,,1.0,19.0
2023,4,11290580,돈암1동,42,1.0,,,,2.0,2.0,2.0,2.0,1.0,,,,,,,,,,15.0
2023,4,11290590,돈암2동,88,4.0,2.0,,,4.0,6.0,1.0,,,,,,1.0,,,,,,38.0
2023,4,11290600,안암동,167,4.0,6.0,1.0,1.0,10.0,,1.0,1.0,1.0,71.0,,,,,,,,1.0,35.0
2023,4,11290610,보문동,77,4.0,4.0,,,6.0,,2.0,,,,,,,1.0,,,,2.0,10.0
2023,4,11290620,정릉1동,63,2.0,,,,6.0,2.0,,,,1.0,,,,,,,,,19.0
2023,4,11290630,정릉2동,110,4.0,3.0,,,6.0,1.0,2.0,,,,,,,,,,,1.0,50.0
2023,4,11290640,정릉3동,124,4.0,1.0,,,2.0,,1.0,3.0,1.0,28.0,,,,,,,,,38.0
2023,4,11290650,정릉4동,133,7.0,3.0,,,12.0,2.0,1.0,,2.0,11.0,,,,,,,,1.0,40.0
2023,4,11290660,길음1동,129,3.0,4.0,,,10.0,2.0,3.0,1.0,1.0,,,1.0,,,,,,1.0,26.0
2023,4,11290685,길음2동,112,5.0,,,3.0,14.0,,,,,,,,,,,,,,23.0
2023,4,11290705,종암동,189,7.0,2.0,,1.0,17.0,3.0,2.0,2.0,1.0,2.0,,,,,,,,,56.0
2023,4,11290715,월곡1동,108,2.0,3.0,,,10.0,,2.0,1.0,1.0,,,,,1.0,,,,,30.0
2023,4,11290725,월곡2동,135,6.0,4.0,,,12.0,2.0,,1.0,,12.0,,,,,,,,2.0,34.0
2023,4,11290760,장위1동,103,4.0,1.0,,,8.0,6.0,1.0,1.0,,,,,,,,,,,37.0
2023,4,11290770,장위2동,89,3.0,2.0,,,11.0,1.0,3.0,,,,,,,,,,,1.0,27.0
2023,4,11290780,장위3동,82,1.0,,,,5.0,1.0,2.0,1.0,,1.0,,1.0,,,,,,,39.0
2023,4,11290810,석관동,154,6.0,3.0,,,16.0,2.0,2.0,1.0,1.0,,,1.0,,2.0,,,,2.0,32.0
2023,4,11305534,삼양동,165,4.0,1.0,,,14.0,3.0,2.0,,1.0,,,,,,,,,3.0,34.0
2023,4,11305535,미아동,144,3.0,3.0,,1.0,14.0,,,,1.0,4.0,,,,,,,,1.0,28.0
2023,4,11305545,송중동,212,4.0,1.0,,2.0,18.0,4.0,2.0,,1.0,2.0,1.0,,1.0,,,,,,69.0
2023,4,11305555,송천동,164,9.0,5.0,,1.0,17.0,,1.0,2.0,2.0,,,2.0,,,,,,1.0,24.0
2023,4,11305575,삼각산동,114,2.0,1.0,,,9.0,1.0,,1.0,1.0,1.0,,,,,,,,,36.0
2023,4,11305595,번1동,136,3.0,3.0,,1.0,14.0,1.0,1.0,1.0,,,,,1.0,,,,,,30.0
2023,4,11305603,번2동,110,5.0,,,,7.0,1.0,,1.0,,,,,,1.0,,,,,54.0
2023,4,11305608,번3동,95,3.0,1.0,,,8.0,,2.0,,,,,,,,,,,,37.0
2023,4,11305615,수유1동,153,4.0,2.0,,,12.0,,2.0,3.0,1.0,,,1.0,,,,,,1.0,40.0
2023,4,11305625,수유2동,85,3.0,,,,12.0,3.0,,,,,,,,,,,,1.0,15.0
2023,4,11305635,수유3동,158,4.0,6.0,,1.0,16.0,,,1.0,,,,,1.0,,,,,1.0,30.0
2023,4,11305645,우이동,132,2.0,,,,7.0,1.0,,1.0,,2.0,,,,,,,,3.0,54.0
2023,4,11305660,인수동,175,13.0,2.0,1.0,2.0,14.0,2.0,2.0,2.0,,5.0,,1.0,,,,,,,57.0
2023,4,11320511,창1동,94,3.0,2.0,,,7.0,1.0,1.0,2.0,1.0,,,,,,,,,1.0,28.0
2023,4,11320512,창2동,95,3.0,,,1.0,8.0,1.0,1.0,,,,,,,,,,,,44.0
2023,4,11320513,창3동,66,1.0,,,,7.0,1.0,2.0,,,,,1.0,,,,,,,25.0
2023,4,11320514,창4동,130,7.0,4.0,,,8.0,1.0,2.0,1.0,2.0,,,,,,,,,,51.0
2023,4,11320515,창5동,119,7.0,3.0,,3.0,12.0,1.0,3.0,,,,,,2.0,,,,,2.0,24.0
2023,4,11320521,도봉1동,122,4.0,1.0,,,9.0,2.0,2.0,1.0,1.0,2.0,,1.0,,,,,,,38.0
2023,4,11320522,도봉2동,127,8.0,3.0,,,7.0,1.0,1.0,1.0,1.0,1.0,,,,1.0,,,,3.0,49.0
2023,4,11320660,쌍문1동,126,6.0,1.0,,1.0,4.0,1.0,3.0,,1.0,17.0,,,,,,,,,54.0
2023,4,11320670,쌍문2동,87,3.0,1.0,,1.0,10.0,1.0,1.0,1.0,,,,,,2.0,,,,,19.0
2023,4,11320680,쌍문3동,78,3.0,3.0,1.0,,12.0,,,1.0,,,,,,1.0,,,,1.0,17.0
2023,4,11320681,쌍문4동,64,1.0,,,,4.0,5.0,2.0,2.0,3.0,,,,,,,,,,23.0
2023,4,11320690,방학1동,148,6.0,6.0,,2.0,15.0,2.0,1.0,1.0,1.0,,,,,,,,,1.0,39.0
2023,4,11320700,방학2동,64,3.0,,,,7.0,,1.0,1.0,,,,,,,,,,,23.0
2023,4,11320710,방학3동,112,3.0,3.0,,,6.0,3.0,3.0,1.0,,,,,,,,,,,47.0
2023,4,11350560,월계1동,159,4.0,2.0,,,10.0,2.0,1.0,1.0,1.0,17.0,,,,,,,,,59.0
2023,4,11350570,월계2동,136,4.0,,,,5.0,3.0,2.0,3.0,4.0,11.0,,,,,,,,1.0,64.0
2023,4,11350580,월계3동,135,5.0,3.0,,,8.0,4.0,3.0,1.0,,,,,,,,,,2.0,47.0
2023,4,11350595,공릉1동,211,4.0,6.0,,4.0,21.0,3.0,3.0,,,1.0,,1.0,,,,,,3.0,54.0
2023,4,11350600,공릉2동,271,7.0,6.0,1.0,,14.0,3.0,4.0,4.0,2.0,64.0,,1.0,,,,,,1.0,63.0
2023,4,11350611,하계1동,133,4.0,3.0,1.0,,9.0,1.0,1.0,2.0,4.0,16.0,,,,,,,,,41.0
2023,4,11350612,하계2동,67,2.0,1.0,,,4.0,2.0,2.0,1.0,,,,,,,,,,1.0,28.0
2023,4,11350619,중계본동,95,5.0,2.0,,,7.0,3.0,2.0,,3.0,,,,,,,,,,21.0
2023,4,11350621,중계1동,85,2.0,3.0,,,7.0,,2.0,1.0,2.0,,,,,,,,,,18.0
2023,4,11350624,중계4동,81,2.0,3.0,,,14.0,1.0,1.0,3.0,2.0,,,,,,,,,,6.0
2023,4,11350625,중계2?3동,142,7.0,2.0,,,10.0,4.0,4.0,1.0,3.0,,,,2.0,,,,,1.0,39.0
2023,4,11350630,상계1동,190,5.0,2.0,,,14.0,3.0,3.0,2.0,1.0,,,,1.0,,,,,1.0,38.0
2023,4,11350640,상계2동,182,2.0,1.0,,2.0,19.0,1.0,1.0,1.0,,,,,1.0,,,,,2.0,33.0
2023,4,11350665,상계3?4동,107,4.0,1.0,,,9.0,3.0,2.0,,,1.0,,,,2.0,,,,1.0,11.0
2023,4,11350670,상계5동,105,2.0,1.0,,,11.0,,1.0,,,,,,,3.0,,,,1.0,36.0
2023,4,11350695,상계6?7동,253,9.0,11.0,1.0,1.0,29.0,,3.0,2.0,1.0,4.0,,,1.0,,,,,,40.0
2023,4,11350700,상계8동,92,3.0,3.0,,,7.0,,,1.0,,,,,,,,,,1.0,15.0
2023,4,11350710,상계9동,78,3.0,4.0,,,6.0,1.0,3.0,2.0,2.0,,,,,,,,,,18.0
2023,4,11350720,상계10동,64,3.0,,,,1.0,1.0,2.0,1.0,1.0,,,,,,,,,,30.0
2023,4,11380510,녹번동,148,8.0,3.0,,2.0,12.0,1.0,3.0,,,,,1.0,1.0,,,,,2.0,35.0
2023,4,11380520,불광1동,198,6.0,4.0,,1.0,17.0,4.0,2.0,,,,,,1.0,,,,,3.0,49.0
2023,4,11380530,불광2동,113,6.0,1.0,,,5.0,,3.0,3.0,1.0,,,3.0,,,,,,,32.0
2023,4,11380551,갈현1동,133,2.0,2.0,1.0,,13.0,1.0,,,,,,,,,,,,2.0,48.0
2023,4,11380552,갈현2동,121,3.0,1.0,,1.0,15.0,5.0,2.0,1.0,5.0,,,,,,,,,1.0,34.0
2023,4,11380560,구산동,127,3.0,,,1.0,8.0,3.0,3.0,2.0,3.0,,,,,,,,,,38.0
2023,4,11380570,대조동,205,3.0,5.0,,1.0,24.0,,2.0,,2.0,,,,1.0,,,,,,32.0
2023,4,11380580,응암1동,133,5.0,5.0,,1.0,20.0,1.0,1.0,1.0,1.0,,,,,,,,,,27.0
2023,4,11380590,응암2동,91,3.0,1.0,,1.0,10.0,2.0,1.0,,,,,,,,,,,,37.0
2023,4,11380600,응암3동,138,3.0,3.0,,1.0,16.0,1.0,1.0,2.0,1.0,,,2.0,,,,,,,31.0
2023,4,11380625,역촌동,176,5.0,5.0,,2.0,18.0,2.0,1.0,,,,,,,,,,,,51.0
2023,4,11380631,신사1동,94,3.0,,,,8.0,3.0,,1.0,,5.0,,,,,,,,1.0,22.0
2023,4,11380632,신사2동,82,4.0,,,,5.0,,3.0,1.0,1.0,,,,,,,,,1.0,35.0
2023,4,11380640,증산동,83,3.0,,,,8.0,1.0,1.0,2.0,,,,2.0,,,,,,1.0,16.0
2023,4,11380650,수색동,60,5.0,2.0,,,5.0,1.0,1.0,,,,,2.0,,,,,,1.0,22.0
2023,4,11380690,진관동,242,6.0,6.0,,,22.0,6.0,6.0,2.0,4.0,,,,1.0,,,,,1.0,81.0
2023,4,11410520,천연동,127,4.0,1.0,,,4.0,,1.0,1.0,1.0,11.0,,,,1.0,,,,,44.0
2023,4,11410555,북아현동,76,2.0,2.0,,1.0,7.0,1.0,1.0,,1.0,,,,,,,,,,17.0
2023,4,11410565,충현동,184,9.0,8.0,,,7.0,1.0,3.0,1.0,2.0,24.0,,,,,,,,3.0,58.0
2023,4,11410585,신촌동,368,6.0,10.0,1.0,,22.0,1.0,3.0,1.0,1.0,109.0,1.0,,4.0,3.0,,,,2.0,60.0
2023,4,11410615,연희동,201,7.0,7.0,,1.0,16.0,,1.0,3.0,1.0,13.0,,,1.0,1.0,,,,,70.0
2023,4,11410620,홍제1동,135,3.0,2.0,,,10.0,2.0,2.0,,,1.0,,,,1.0,,,,1.0,40.0
2023,4,11410640,홍제3동,129,3.0,3.0,,2.0,14.0,1.0,2.0,1.0,,3.0,,4.0,,6.0,,,,1.0,46.0
2023,4,11410655,홍제2동,56,1.0,,,,6.0,3.0,,,,,,,,1.0,,,,,15.0
2023,4,11410660,홍은1동,86,3.0,,,,7.0,1.0,1.0,,,,,,,1.0,,,,,32.0
2023,4,11410685,홍은2동,161,4.0,2.0,1.0,,8.0,,2.0,3.0,1.0,12.0,,,,,,,,,83.0
2023,4,11410690,남가좌1동,94,2.0,3.0,,1.0,9.0,,1.0,,,,,1.0,,1.0,,,,1.0,20.0
2023,4,11410700,남가좌2동,117,4.0,4.0,,,12.0,4.0,1.0,1.0,,8.0,,,,,,,,,24.0
2023,4,11410710,북가좌1동,60,1.0,2.0,,,5.0,2.0,1.0,1.0,1.0,,,,,,,,,,13.0
2023,4,11410720,북가좌2동,115,3.0,3.0,,,12.0,2.0,,,,,,,,,,,,,39.0
2023,4,11440555,아현동,145,5.0,8.0,,,16.0,1.0,1.0,1.0,1.0,,,,,1.0,,,,2.0,23.0
2023,4,11440565,공덕동,172,7.0,9.0,,,21.0,1.0,3.0,,,,,2.0,,,,,,4.0,39.0
2023,4,11440585,도화동,144,4.0,7.0,,,15.0,2.0,1.0,,,,,,1.0,1.0,,,,1.0,38.0
2023,4,11440590,용강동,90,7.0,6.0,,1.0,10.0,2.0,1.0,,,,,,,,,,,1.0,24.0
2023,4,11440600,대흥동,209,5.0,5.0,,,18.0,,3.0,1.0,1.0,27.0,,,,3.0,,,,3.0,38.0
2023,4,11440610,염리동,52,3.0,1.0,,,3.0,1.0,1.0,2.0,3.0,,,,,2.0,,,,,10.0
2023,4,11440630,신수동,76,4.0,1.0,,1.0,5.0,1.0,1.0,1.0,1.0,,,,,,,,,,24.0
2023,4,11440655,서강동,156,6.0,4.0,,,7.0,1.0,1.0,,,20.0,,,,,,,,2.0,64.0
2023,4,11440660,서교동,358,13.0,22.0,,,31.0,1.0,1.0,,,2.0,,,5.0,3.0,,,,7.0,88.0
2023,4,11440680,합정동,109,4.0,3.0,,,10.0,1.0,1.0,1.0,,,,,,,,,,,32.0
2023,4,11440690,망원1동,95,2.0,2.0,,,11.0,,,,,,,,,1.0,,,,,23.0
2023,4,11440700,망원2동,83,4.0,1.0,,,6.0,1.0,2.0,,,,,,,,,,,,33.0
2023,4,11440710,연남동,52,2.0,1.0,,,2.0,1.0,,1.0,2.0,,,,,,,,,,23.0
2023,4,11440720,성산1동,86,4.0,2.0,,,5.0,1.0,2.0,2.0,1.0,1.0,,,,1.0,,,,,29.0
2023,4,11440730,성산2동,158,6.0,3.0,,,13.0,2.0,3.0,2.0,,,,1.0,1.0,,,,,2.0,47.0
2023,4,11440740,상암동,247,10.0,11.0,,,14.0,3.0,3.0,1.0,1.0,,,1.0,,,,,,4.0,104.0
2023,4,11470510,목1동,190,5.0,12.0,,1.0,21.0,1.0,1.0,1.0,1.0,2.0,,,2.0,,,,,2.0,29.0
2023,4,11470520,목2동,97,3.0,2.0,,1.0,13.0,3.0,1.0,,,,,,,1.0,,,,1.0,18.0
2023,4,11470530,목3동,96,3.0,4.0,,,11.0,1.0,,1.0,,,,,,,,,,,7.0
2023,4,11470540,목4동,84,3.0,3.0,,,9.0,1.0,1.0,1.0,1.0,,,,,,,,,,14.0
2023,4,11470550,목5동,143,8.0,9.0,1.0,,12.0,4.0,3.0,2.0,2.0,,,,,,,,,,52.0
2023,4,11470560,신월1동,71,3.0,3.0,,,12.0,1.0,,,,,,,,,,,,,9.0
2023,4,11470570,신월2동,65,3.0,1.0,,,6.0,1.0,2.0,2.0,,,,,,,,,,,12.0
2023,4,11470580,신월3동,70,2.0,1.0,,,7.0,1.0,1.0,2.0,3.0,,,,,,,,,,8.0
2023,4,11470590,신월4동,63,2.0,1.0,,,6.0,3.0,1.0,,,,,,,,,,,,11.0
2023,4,11470600,신월5동,54,3.0,,,1.0,3.0,2.0,1.0,2.0,,,,,,,,,,,12.0
2023,4,11470610,신월6동,47,1.0,2.0,,1.0,5.0,1.0,1.0,1.0,,,,,,,,,,,15.0
2023,4,11470611,신월7동,74,6.0,1.0,,,10.0,2.0,,1.0,,,,,,,,,,,21.0
2023,4,11470620,신정1동,94,7.0,3.0,,,9.0,2.0,2.0,1.0,,,,,,,,,,,26.0
2023,4,11470630,신정2동,71,3.0,1.0,,,7.0,1.0,2.0,1.0,,,,,,,,,,,20.0
2023,4,11470640,신정3동,203,4.0,1.0,,,15.0,1.0,3.0,1.0,4.0,,,,,,,,,1.0,81.0
2023,4,11470650,신정4동,161,3.0,8.0,1.0,1.0,16.0,3.0,2.0,,2.0,,,,,,,,,1.0,18.0
2023,4,11470670,신정6동,72,7.0,6.0,,,2.0,2.0,,1.0,1.0,,,,,,,,,,31.0
2023,4,11470680,신정7동,107,3.0,2.0,,,8.0,3.0,3.0,1.0,1.0,,,,,,,,,1.0,30.0
2023,4,11500510,염창동,147,5.0,3.0,,1.0,15.0,,2.0,2.0,,,,,,,,,,2.0,35.0
2023,4,11500520,등촌1동,95,1.0,5.0,,1.0,10.0,,1.0,,,,,,1.0,,,,,,20.0
2023,4,11500530,등촌2동,58,3.0,,,1.0,6.0,2.0,2.0,2.0,2.0,,,,,,,,,,8.0
2023,4,11500535,등촌3동,184,6.0,3.0,1.0,2.0,18.0,2.0,5.0,2.0,4.0,,,,1.0,,,,,,55.0
2023,4,11500540,화곡1동,226,3.0,2.0,,2.0,26.0,,2.0,1.0,,,,,1.0,,,,,2.0,27.0
2023,4,11500550,화곡2동,65,2.0,,,,3.0,2.0,1.0,,,,,,,,,,,,30.0
2023,4,11500560,화곡3동,87,4.0,3.0,,,8.0,2.0,,,,,,,,,,,,,12.0
2023,4,11500570,화곡4동,101,4.0,2.0,,,14.0,3.0,1.0,,2.0,,,,,,,,,,30.0
2023,4,11500590,화곡본동,145,3.0,,,1.0,11.0,1.0,2.0,,,,,,,,,,,,31.0
2023,4,11500591,화곡6동,118,7.0,5.0,,,8.0,2.0,1.0,,,9.0,,,,,,,,,29.0
2023,4,11500593,화곡8동,95,2.0,3.0,,,8.0,1.0,,,,,,,,,,,,1.0,33.0
2023,4,11500603,가양1동,279,5.0,13.0,,,20.0,3.0,1.0,1.0,1.0,,,,1.0,2.0,,,,5.0,69.0
2023,4,11500604,가양2동,75,4.0,3.0,,,7.0,3.0,1.0,1.0,1.0,,,,,,,,,1.0,14.0
2023,4,11500605,가양3동,52,3.0,,,,4.0,3.0,2.0,1.0,1.0,,,,,,,,,1.0,13.0
2023,4,11500611,발산1동,246,3.0,9.0,1.0,2.0,33.0,2.0,3.0,4.0,8.0,,,1.0,,,,,,,63.0
2023,4,11500615,우장산동,158,4.0,4.0,,3.0,12.0,3.0,2.0,,,5.0,,,,,,,,1.0,33.0
2023,4,11500620,공항동,176,6.0,7.0,1.0,,11.0,1.0,2.0,2.0,,4.0,,,,,21.0,,,2.0,39.0
2023,4,11500630,방화1동,200,2.0,3.0,,2.0,21.0,4.0,3.0,1.0,3.0,,,,,1.0,,,,1.0,46.0
2023,4,11500640,방화2동,124,4.0,,,,7.0,3.0,1.0,1.0,,,,2.0,1.0,,4.0,,,5.0,37.0
2023,4,11500641,방화3동,83,5.0,1.0,,,5.0,2.0,3.0,2.0,1.0,1.0,,,,,,,,1.0,22.0
2023,4,11530510,신도림동,168,5.0,4.0,,,12.0,2.0,1.0,1.0,1.0,1.0,,2.0,1.0,1.0,,,,3.0,43.0
2023,4,11530520,구로1동,88,4.0,1.0,,,5.0,3.0,1.0,1.0,1.0,,,4.0,,,,,,,25.0
2023,4,11530530,구로2동,197,6.0,12.0,1.0,1.0,21.0,1.0,1.0,,1.0,,,7.0,,16.0,,,,1.0,48.0
2023,4,11530540,구로3동,187,7.0,18.0,,,15.0,1.0,2.0,1.0,,,,,,5.0,,,,2.0,47.0
2023,4,11530550,구로4동,139,5.0,3.0,,,15.0,2.0,1.0,1.0,,,,1.0,,19.0,,,,,13.0
2023,4,11530560,구로5동,167,5.0,4.0,,2.0,18.0,,3.0,1.0,1.0,2.0,1.0,,3.0,,,,,1.0,49.0
2023,4,11530595,가리봉동,74,,,,,6.0,,1.0,,1.0,,,,,23.0,,,,,8.0
2023,4,11530720,고척1동,135,5.0,4.0,1.0,1.0,9.0,,3.0,1.0,1.0,12.0,,8.0,,4.0,,,,,31.0
2023,4,11530730,고척2동,128,5.0,2.0,,1.0,11.0,,2.0,1.0,1.0,,,,,,,,,,40.0
2023,4,11530740,개봉1동,163,5.0,3.0,,1.0,11.0,2.0,1.0,2.0,,4.0,,1.0,,,,,,1.0,57.0
2023,4,11530750,개봉2동,116,3.0,3.0,,,10.0,2.0,,,,,,1.0,1.0,,,,,,26.0
2023,4,11530760,개봉3동,81,3.0,2.0,,,9.0,1.0,3.0,1.0,,,,1.0,1.0,,,,,,23.0
2023,4,11530770,오류1동,122,5.0,4.0,,,11.0,3.0,1.0,,,,,,,,,,,1.0,22.0
2023,4,11530780,오류2동,209,3.0,1.0,,1.0,9.0,6.0,3.0,2.0,1.0,,,,,,,,,1.0,86.0
2023,4,11530790,수궁동,154,3.0,1.0,,,5.0,2.0,1.0,1.0,6.0,,,1.0,,,,,,3.0,69.0
2023,4,11530800,항동,64,1.0,,,,2.0,1.0,1.0,,,10.0,,,,,,,,,37.0
2023,4,11545510,가산동,304,10.0,25.0,,1.0,21.0,2.0,,,,,,,1.0,17.0,,,,3.0,111.0
2023,4,11545610,독산1동,217,3.0,6.0,,2.0,17.0,2.0,4.0,3.0,,,,,1.0,3.0,,,,,74.0
2023,4,11545620,독산2동,73,2.0,1.0,,,8.0,,2.0,,,1.0,,,,,,,,,11.0
2023,4,11545630,독산3동,119,4.0,4.0,,,14.0,2.0,2.0,2.0,1.0,,,1.0,,,,,,,29.0
2023,4,11545640,독산4동,64,5.0,2.0,,1.0,4.0,,1.0,,,,,,,,,,,,16.0
2023,4,11545670,시흥1동,223,9.0,7.0,1.0,2.0,25.0,2.0,3.0,1.0,1.0,,,,,3.0,,,,1.0,52.0
2023,4,11545680,시흥2동,76,2.0,,,,3.0,2.0,3.0,1.0,2.0,,,,,,,,,,30.0
2023,4,11545690,시흥3동,66,3.0,3.0,,,5.0,,1.0,1.0,1.0,,,,,1.0,,,,,21.0
2023,4,11545700,시흥4동,72,1.0,1.0,,,6.0,,1.0,1.0,,,,,,,,,,,27.0
2023,4,11545710,시흥5동,106,3.0,,,,16.0,2.0,3.0,,,,,,,,,,,,37.0
2023,4,11560515,영등포본동,94,4.0,,,,10.0,2.0,2.0,1.0,2.0,,,,1.0,2.0,,,,1.0,23.0
2023,4,11560535,영등포동,325,10.0,17.0,2.0,2.0,37.0,,1.0,,,1.0,,,1.0,16.0,,,,1.0,41.0
2023,4,11560540,여의동,399,23.0,70.0,1.0,,44.0,,2.0,2.0,2.0,,,,1.0,,,,,5.0,61.0
2023,4,11560550,당산1동,131,6.0,5.0,,1.0,8.0,1.0,,,,,,,,12.0,,,,2.0,23.0
2023,4,11560560,당산2동,192,6.0,4.0,,,20.0,3.0,2.0,2.0,,,,,,,,,,2.0,46.0
2023,4,11560585,도림동,66,2.0,,,,6.0,2.0,,,,,,,,,,,,,28.0
2023,4,11560605,문래동,185,8.0,9.0,,,17.0,,3.0,2.0,,,,,,2.0,,,,1.0,56.0
2023,4,11560610,양평1동,87,5.0,3.0,,1.0,6.0,,1.0,,1.0,,,,,1.0,,,,1.0,22.0
2023,4,11560620,양평2동,131,8.0,6.0,,,7.0,1.0,2.0,1.0,2.0,,,,,3.0,,,,1.0,35.0
2023,4,11560630,신길1동,85,1.0,2.0,1.0,1.0,13.0,,1.0,,,,,,,4.0,,,,2.0,25.0
2023,4,11560650,신길3동,102,3.0,5.0,,1.0,12.0,3.0,1.0,,,,,,,2.0,,,,,32.0
2023,4,11560660,신길4동,43,1.0,1.0,,,2.0,2.0,1.0,,,,,,,,,,,,13.0
2023,4,11560670,신길5동,66,3.0,,,,,1.0,1.0,1.0,1.0,,,,,5.0,,,,,31.0
2023,4,11560680,신길6동,123,4.0,1.0,,1.0,14.0,1.0,1.0,,1.0,,,1.0,,2.0,,,,1.0,29.0
2023,4,11560690,신길7동,78,5.0,1.0,,,7.0,1.0,1.0,,,,,,,1.0,,,,1.0,32.0
2023,4,11560700,대림1동,81,2.0,4.0,2.0,,18.0,,1.0,1.0,,,,2.0,,3.0,,,,,16.0
2023,4,11560710,대림2동,86,4.0,2.0,1.0,,16.0,,2.0,,,1.0,,,,1.0,,,,,13.0
2023,4,11560720,대림3동,126,2.0,7.0,,1.0,11.0,3.0,2.0,1.0,,2.0,,1.0,,,,,,2.0,46.0
2023,4,11590510,노량진1동,180,5.0,4.0,,,14.0,2.0,3.0,1.0,,1.0,,,,2.0,,,,3.0,57.0
2023,4,11590520,노량진2동,72,5.0,4.0,,1.0,14.0,1.0,,,,,,,,1.0,,,,,14.0
2023,4,11590530,상도1동,201,5.0,4.0,,1.0,16.0,2.0,2.0,1.0,,23.0,,,,,,,,2.0,47.0
2023,4,11590540,상도2동,154,6.0,3.0,,,16.0,1.0,1.0,1.0,,,,1.0,,1.0,,,,1.0,41.0
2023,4,11590550,상도3동,113,2.0,2.0,,,11.0,,,1.0,,,,1.0,,,,,,,36.0
2023,4,11590560,상도4동,112,3.0,1.0,,1.0,11.0,4.0,1.0,1.0,,,,,1.0,,,,,,36.0
2023,4,11590605,흑석동,195,6.0,6.0,1.0,,24.0,5.0,3.0,2.0,,16.0,,,,1.0,,,,1.0,50.0
2023,4,11590620,사당1동,126,4.0,6.0,,2.0,12.0,1.0,1.0,,,1.0,,,1.0,1.0,,,,2.0,13.0
2023,4,11590630,사당2동,179,3.0,2.0,,,14.0,,1.0,1.0,2.0,,,,,2.0,,,,4.0,36.0
2023,4,11590640,사당3동,88,3.0,1.0,,,5.0,,2.0,1.0,,3.0,,1.0,,,,,,1.0,30.0
2023,4,11590650,사당4동,62,2.0,1.0,,,6.0,,,1.0,,,,1.0,,,,,,,4.0
2023,4,11590651,사당5동,61,4.0,,,,3.0,1.0,2.0,1.0,1.0,,,,,,,,,,28.0
2023,4,11590660,대방동,199,5.0,5.0,,,16.0,3.0,3.0,4.0,4.0,,,,,,,,,2.0,61.0
2023,4,11590670,신대방1동,83,3.0,1.0,,,10.0,3.0,1.0,1.0,,1.0,,,,,,,,1.0,15.0
2023,4,11590680,신대방2동,109,7.0,7.0,1.0,,16.0,,1.0,1.0,1.0,,,,,,,,,,29.0
2023,4,11620525,보라매동,83,1.0,1.0,,,5.0,,1.0,1.0,1.0,,,,,,,,,,25.0
2023,4,11620545,청림동,50,2.0,,,,4.0,2.0,,,,,,,,2.0,,,,,7.0
2023,4,11620565,성현동,104,4.0,,,,6.0,3.0,2.0,1.0,1.0,,,,,,,,,,38.0
2023,4,11620575,행운동,111,3.0,3.0,1.0,2.0,12.0,1.0,2.0,2.0,1.0,,,,,,,,,,15.0
2023,4,11620585,낙성대동,148,2.0,3.0,,,10.0,,1.0,,,37.0,,,,2.0,,,,,37.0
2023,4,11620595,청룡동,147,5.0,6.0,,1.0,23.0,,2.0,2.0,3.0,,,1.0,1.0,1.0,,,,1.0,15.0
2023,4,11620605,은천동,123,6.0,,,,9.0,3.0,1.0,,1.0,,,,,,,,,,43.0
2023,4,11620615,중앙동,83,1.0,3.0,,1.0,14.0,,1.0,,,,,,,,,,,1.0,12.0
2023,4,11620625,인헌동,105,2.0,5.0,,,14.0,1.0,,1.0,1.0,,,2.0,,,,,,1.0,23.0
2023,4,11620630,남현동,70,3.0,1.0,,,6.0,1.0,1.0,,,1.0,,,,,,,,,6.0
2023,4,11620645,서원동,94,3.0,1.0,1.0,1.0,9.0,,,1.0,,,,,1.0,,,,,,27.0
2023,4,11620655,신원동,54,6.0,1.0,,,7.0,,1.0,,,1.0,,,,,,,,,10.0
2023,4,11620665,서림동,74,2.0,,,,5.0,1.0,1.0,1.0,,,,,,,,,,,34.0
2023,4,11620685,신사동,79,3.0,2.0,,1.0,10.0,1.0,1.0,,,1.0,,1.0,,,,,,,21.0
2023,4,11620695,신림동,168,2.0,3.0,,,17.0,,,,,,,,,4.0,,,,1.0,16.0
2023,4,11620715,난향동,68,1.0,,,,5.0,,1.0,,,,,,,,,,,,34.0
2023,4,11620725,조원동,96,3.0,1.0,,1.0,12.0,,1.0,,,,,1.0,,,,,,,30.0
2023,4,11620735,대학동,283,5.0,6.0,,,11.0,,1.0,1.0,2.0,140.0,,,,,,,,,73.0
2023,4,11620745,삼성동,94,3.0,,,,7.0,,2.0,,1.0,,,,,3.0,,,,,44.0
2023,4,11620765,미성동,126,3.0,3.0,,1.0,11.0,1.0,2.0,2.0,2.0,,,,,1.0,,,,,44.0
2023,4,11620775,난곡동,95,2.0,1.0,,,11.0,2.0,1.0,2.0,1.0,,,1.0,,,,,,,28.0
2023,4,11650510,서초1동,194,4.0,10.0,,1.0,14.0,,2.0,,,13.0,,,,,,,,2.0,38.0
2023,4,11650520,서초2동,217,8.0,26.0,,,24.0,,1.0,1.0,1.0,,,,,1.0,,,,2.0,47.0
2023,4,11650530,서초3동,332,25.0,30.0,,3.0,30.0,1.0,1.0,1.0,3.0,2.0,,,,,,,1.0,2.0,77.0
2023,4,11650531,서초4동,257,2.0,13.0,,1.0,31.0,2.0,2.0,1.0,,,,,1.0,,,,,,36.0
2023,4,11650540,잠원동,135,3.0,8.0,,,13.0,1.0,1.0,1.0,,,,,,,,,,2.0,23.0
2023,4,11650550,반포본동,33,1.0,3.0,,,2.0,,1.0,2.0,2.0,,,1.0,,,,,,1.0,5.0
2023,4,11650560,반포1동,140,6.0,6.0,,1.0,20.0,1.0,2.0,1.0,1.0,,,,,,,,,1.0,26.0
2023,4,11650570,반포2동,74,4.0,5.0,,,5.0,,2.0,1.0,,,,1.0,,,,,,1.0,25.0
2023,4,11650580,반포3동,109,3.0,7.0,,,11.0,,1.0,1.0,,,,,,,,,,,18.0
2023,4,11650581,반포4동,130,7.0,12.0,1.0,,12.0,,,1.0,,3.0,,,1.0,,,,,3.0,33.0
2023,4,11650590,방배본동,103,2.0,6.0,,,16.0,,1.0,,,,,1.0,,,,,,,25.0
2023,4,11650600,방배1동,102,3.0,4.0,,1.0,10.0,,1.0,,,3.0,,1.0,,,,,,1.0,19.0
2023,4,11650610,방배2동,114,4.0,2.0,,,3.0,,1.0,1.0,1.0,,,1.0,,1.0,,,,1.0,37.0
2023,4,11650620,방배3동,112,4.0,3.0,,2.0,6.0,,2.0,,1.0,7.0,,,,,,,,,50.0
2023,4,11650621,방배4동,156,3.0,10.0,,,11.0,,1.0,,1.0,4.0,,,,1.0,,,,1.0,31.0
2023,4,11650651,양재1동,263,12.0,11.0,,1.0,20.0,3.0,4.0,1.0,,1.0,,,,,,,,2.0,86.0
2023,4,11650652,양재2동,147,2.0,16.0,,,11.0,,1.0,2.0,1.0,,,1.0,,,,,,1.0,57.0
2023,4,11650660,내곡동,161,5.0,1.0,,1.0,2.0,2.0,1.0,,,3.0,,1.0,,,,,,1.0,85.0
2023,4,11680510,신사동,260,3.0,14.0,,,36.0,2.0,1.0,1.0,2.0,,1.0,,1.0,,,,,1.0,12.0
2023,4,11680521,논현1동,300,4.0,15.0,,4.0,42.0,,1.0,,,,,1.0,8.0,,,,,3.0,23.0
2023,4,11680531,논현2동,240,8.0,16.0,,5.0,29.0,1.0,1.0,1.0,,4.0,,,2.0,,,,,1.0,33.0
2023,4,11680545,압구정동,313,4.0,25.0,,5.0,30.0,1.0,1.0,2.0,2.0,,2.0,1.0,3.0,,,,,2.0,18.0
2023,4,11680565,청담동,288,11.0,19.0,,4.0,27.0,2.0,2.0,1.0,1.0,1.0,,,,,,,,3.0,23.0
2023,4,11680580,삼성1동,199,6.0,26.0,,3.0,13.0,1.0,1.0,1.0,1.0,,1.0,,1.0,,,,,3.0,38.0
2023,4,11680590,삼성2동,177,10.0,11.0,,,11.0,,1.0,1.0,,1.0,,,,,,,,4.0,28.0
2023,4,11680600,대치1동,130,4.0,11.0,,,13.0,1.0,1.0,1.0,2.0,1.0,,,,,,,,,24.0
2023,4,11680610,대치2동,210,6.0,26.0,,2.0,20.0,,2.0,1.0,1.0,,,,,,,,,2.0,39.0
2023,4,11680630,대치4동,159,4.0,12.0,1.0,1.0,18.0,,1.0,,,1.0,1.0,,,,,,,,14.0
2023,4,11680640,역삼1동,542,15.0,49.0,1.0,3.0,64.0,1.0,1.0,,,,,,3.0,1.0,,,,1.0,44.0
2023,4,11680650,역삼2동,195,3.0,14.0,,2.0,25.0,,1.0,2.0,1.0,1.0,,,,,,,,,31.0
2023,4,11680655,도곡1동,142,4.0,9.0,1.0,4.0,20.0,2.0,1.0,2.0,1.0,,,,,,,,,1.0,27.0
2023,4,11680656,도곡2동,118,7.0,23.0,,,10.0,2.0,1.0,1.0,2.0,,,,,,,,,3.0,25.0
2023,4,11680660,개포1동,38,1.0,1.0,,,1.0,,1.0,2.0,,,,,,,,,,,29.0
2023,4,11680670,개포2동,135,3.0,3.0,,,9.0,5.0,4.0,1.0,3.0,,,,,,,,,3.0,50.0
2023,4,11680690,개포4동,115,3.0,4.0,,,7.0,,2.0,1.0,1.0,,,,,,,,,,49.0
2023,4,11680700,세곡동,191,4.0,1.0,,,9.0,3.0,4.0,1.0,1.0,,,,,,,,,,95.0
2023,4,11680720,일원본동,103,2.0,6.0,1.0,,15.0,2.0,2.0,1.0,2.0,,,,,,,,,1.0,32.0
2023,4,11680730,일원1동,74,4.0,1.0,,,11.0,1.0,2.0,,1.0,,,,,,,,,,18.0
2023,4,11680740,일원2동,66,3.0,3.0,,,6.0,2.0,1.0,1.0,,,,,,,,,,1.0,13.0
2023,4,11680750,수서동,89,3.0,3.0,,,11.0,2.0,1.0,1.0,2.0,,,,,,,,,2.0,23.0
2023,4,11710510,풍납1동,48,3.0,,,1.0,6.0,1.0,1.0,,,,,,,,,,,,6.0
2023,4,11710520,풍납2동,125,5.0,5.0,1.0,,26.0,2.0,2.0,3.0,1.0,3.0,,,,,,,,1.0,24.0
2023,4,11710531,거여1동,48,2.0,,,,2.0,,1.0,,1.0,,,,,1.0,,,,1.0,6.0
2023,4,11710532,거여2동,78,3.0,3.0,,1.0,12.0,1.0,1.0,1.0,,,,,,,,,,,11.0
2023,4,11710540,마천1동,73,4.0,1.0,,,8.0,1.0,1.0,,,,,,,1.0,,,,1.0,15.0
2023,4,11710550,마천2동,93,3.0,2.0,,,14.0,,1.0,,,,,,,,,,,,12.0
2023,4,11710561,방이1동,73,2.0,1.0,,,10.0,2.0,2.0,1.0,1.0,,,,,,,,,1.0,11.0
2023,4,11710562,방이2동,164,3.0,5.0,,,18.0,,1.0,1.0,,,,,,,,,,1.0,13.0
2023,4,11710566,오륜동,74,4.0,6.0,,,6.0,1.0,2.0,2.0,3.0,11.0,,,,,,,,3.0,15.0
2023,4,11710570,오금동,134,5.0,5.0,,,13.0,3.0,3.0,4.0,2.0,,,,,,,,,3.0,27.0
2023,4,11710580,송파1동,102,2.0,4.0,,3.0,14.0,1.0,1.0,,,,,,,,,,,2.0,13.0
2023,4,11710590,송파2동,79,3.0,1.0,,,11.0,3.0,1.0,2.0,3.0,,,,,,,,,,7.0
2023,4,11710600,석촌동,159,3.0,7.0,,2.0,27.0,3.0,2.0,,,,,,,,,,,,20.0
2023,4,11710610,삼전동,118,4.0,2.0,,,14.0,3.0,1.0,1.0,1.0,,,,,1.0,,,,1.0,12.0
2023,4,11710620,가락본동,144,5.0,9.0,1.0,5.0,21.0,1.0,2.0,2.0,,,,,,,,,,,21.0
2023,4,11710631,가락1동,82,2.0,8.0,,,13.0,1.0,1.0,1.0,,,,1.0,,,,,,3.0,16.0
2023,4,11710632,가락2동,143,3.0,6.0,,,17.0,4.0,2.0,1.0,,,,,,,,,,1.0,22.0
2023,4,11710641,문정1동,70,3.0,1.0,,,5.0,1.0,1.0,1.0,,,,,,,,,,,19.0
2023,4,11710642,문정2동,149,10.0,12.0,,1.0,22.0,,1.0,,,,,,2.0,,,,,3.0,14.0
2023,4,11710646,장지동,136,4.0,3.0,,,10.0,1.0,2.0,1.0,3.0,,,,1.0,,,,,1.0,41.0
2023,4,11710647,위례동,84,3.0,1.0,,,5.0,2.0,2.0,1.0,,,,,,,,,,,32.0
2023,4,11710650,잠실본동,192,5.0,9.0,,1.0,24.0,,1.0,,,,,,,,,,,1.0,12.0
2023,4,11710670,잠실2동,91,4.0,6.0,,,14.0,1.0,2.0,2.0,2.0,,,,,,,,,1.0,5.0
2023,4,11710680,잠실3동,103,5.0,9.0,,,11.0,1.0,3.0,,1.0,,,,,,,,,,16.0
2023,4,11710690,잠실4동,74,3.0,3.0,,,10.0,1.0,2.0,,1.0,,,,,,,,,2.0,7.0
2023,4,11710710,잠실6동,144,4.0,17.0,,1.0,23.0,,1.0,1.0,,,,,1.0,,,,,2.0,13.0
2023,4,11710720,잠실7동,30,2.0,4.0,,,4.0,,1.0,2.0,1.0,,,,,,,,,2.0,3.0
2023,4,11740515,강일동,187,5.0,3.0,,,12.0,2.0,2.0,2.0,1.0,,,,,,,,,3.0,79.0
2023,4,11740520,상일동,105,4.0,2.0,1.0,,8.0,4.0,2.0,2.0,5.0,,,,,,,,,,37.0
2023,4,11740530,명일1동,151,5.0,6.0,,2.0,17.0,,1.0,,,,,,,,,,,1.0,22.0
2023,4,11740540,명일2동,107,3.0,6.0,,,18.0,4.0,2.0,,1.0,,,,,,,,,,18.0
2023,4,11740550,고덕1동,92,3.0,,,,4.0,1.0,2.0,1.0,1.0,,,,,,,,,1.0,26.0
2023,4,11740560,고덕2동,78,3.0,1.0,,,9.0,1.0,2.0,1.0,2.0,,,,,,,,,1.0,25.0
2023,4,11740570,암사1동,90,2.0,1.0,,,8.0,1.0,1.0,,,1.0,,1.0,,,,,,,13.0
2023,4,11740580,암사2동,61,1.0,3.0,,,6.0,1.0,2.0,,,,,,,,,,,1.0,6.0
2023,4,11740590,암사3동,50,2.0,1.0,,,5.0,1.0,,2.0,1.0,,,,,,,,,,12.0
2023,4,11740600,천호1동,92,4.0,1.0,,,11.0,,1.0,1.0,1.0,1.0,,,1.0,,,,,1.0,11.0
2023,4,11740610,천호2동,203,4.0,3.0,,1.0,26.0,1.0,1.0,1.0,,,,,,3.0,,,,,22.0
2023,4,11740620,천호3동,115,4.0,3.0,,2.0,14.0,,,1.0,,,,,,1.0,,,,,11.0
2023,4,11740640,성내1동,98,6.0,4.0,,2.0,9.0,1.0,2.0,1.0,,1.0,,,1.0,,,,,,20.0
2023,4,11740650,성내2동,113,2.0,3.0,,4.0,14.0,,,,,,,,1.0,,,,,3.0,16.0
2023,4,11740660,성내3동,136,4.0,5.0,,,13.0,2.0,,,,2.0,,,,,,,,1.0,13.0
2023,4,11740685,길동,242,6.0,10.0,1.0,4.0,34.0,4.0,3.0,1.0,,1.0,,,,,,,,1.0,36.0
2023,4,11740690,둔촌1동,14,,,,,,,2.0,,1.0,,,,,,,,,1.0,6.0
2023,4,11740700,둔촌2동,129,5.0,4.0,1.0,,17.0,2.0,1.0,2.0,1.0,,,,,,,,,1.0,32.0
2024,1,11110515,청운효자동,93,6.0,3.0,,,4.0,1.0,1.0,2.0,2.0,8.0,,,,,,,,,26.0
2024,1,11110530,사직동,206,18.0,24.0,,,15.0,,1.0,,1.0,1.0,,,3.0,,,,,2.0,34.0
2024,1,11110540,삼청동,49,10.0,4.0,,1.0,1.0,,,1.0,1.0,2.0,,,,,,,,,16.0
2024,1,11110550,부암동,84,4.0,2.0,,,1.0,1.0,2.0,1.0,1.0,14.0,,,,,,,,,38.0
2024,1,11110560,평창동,162,6.0,2.0,,1.0,5.0,1.0,,,1.0,2.0,,,,,,,,,91.0
2024,1,11110570,무악동,42,2.0,1.0,1.0,,4.0,1.0,1.0,,,,,,,,,,,1.0,7.0
2024,1,11110580,교남동,78,4.0,3.0,2.0,,17.0,,,,1.0,1.0,,,,,,,,,26.0
2024,1,11110600,가회동,63,5.0,3.0,,,1.0,1.0,1.0,1.0,2.0,1.0,,,,,,,,,22.0
2024,1,11110615,종로1?2?3?4가동,500,19.0,35.0,,,47.0,1.0,2.0,,,4.0,,1.0,5.0,17.0,,,,5.0,72.0
2024,1,11110630,종로5?6가동,212,7.0,8.0,,,31.0,,1.0,,,1.0,,4.0,,3.0,,,,1.0,23.0
2024,1,11110640,이화동,119,4.0,4.0,1.0,,11.0,,,2.0,,37.0,,,,,,,,1.0,28.0
2024,1,11110650,혜화동,145,6.0,5.0,,,16.0,3.0,1.0,1.0,4.0,26.0,,,1.0,,,,,,36.0
2024,1,11110670,창신1동,111,3.0,4.0,,,9.0,,2.0,,,,,1.0,,7.0,,,,2.0,11.0
2024,1,11110680,창신2동,38,2.0,1.0,,,5.0,,,,,,,,,,,,,,
2024,1,11110690,창신3동,24,3.0,,,,1.0,,1.0,,1.0,,,,,,,,,1.0,5.0
2024,1,11110700,숭인1동,43,3.0,1.0,,,3.0,1.0,,,,,,,,,,,,,14.0
2024,1,11110710,숭인2동,89,4.0,3.0,,1.0,4.0,,,,,,,2.0,,3.0,,,,2.0,6.0
2024,1,11140520,소공동,231,13.0,29.0,,,10.0,,1.0,4.0,3.0,,1.0,,3.0,3.0,,,,3.0,37.0
2024,1,11140540,회현동,211,9.0,17.0,,,16.0,1.0,,,,2.0,,2.0,1.0,2.0,,,,6.0,35.0
2024,1,11140550,명동,542,20.0,46.0,,,35.0,,1.0,,,4.0,,,3.0,12.0,,,,1.0,29.0
2024,1,11140570,필동,123,6.0,9.0,1.0,,7.0,,2.0,,1.0,19.0,,,2.0,1.0,,,,2.0,15.0
2024,1,11140580,장충동,63,6.0,2.0,,,1.0,,1.0,,,3.0,,,1.0,2.0,,,,1.0,13.0
2024,1,11140590,광희동,185,3.0,16.0,1.0,,14.0,,,1.0,,,,1.0,3.0,11.0,,,,3.0,19.0
2024,1,11140605,을지로동,145,5.0,10.0,,,13.0,,,,,,,1.0,2.0,3.0,,,,4.0,20.0
2024,1,11140615,신당동,99,7.0,5.0,,1.0,12.0,,1.0,1.0,3.0,,,3.0,,1.0,,,,2.0,8.0
2024,1,11140625,다산동,86,3.0,4.0,,1.0,9.0,,1.0,1.0,1.0,,,,,1.0,,,,1.0,7.0
2024,1,11140635,약수동,87,4.0,2.0,,1.0,12.0,2.0,,,,,,,,,,,,2.0,12.0
2024,1,11140645,청구동,34,2.0,,,,3.0,1.0,2.0,1.0,1.0,,,,,,,,,,5.0
2024,1,11140650,신당5동,65,4.0,2.0,,,5.0,,1.0,,2.0,,,,,,,,,,12.0
2024,1,11140665,동화동,47,3.0,1.0,,,5.0,,1.0,1.0,,,,,,,,,,2.0,4.0
2024,1,11140670,황학동,76,1.0,6.0,,,10.0,,,,,,,,,7.0,,,,,6.0
2024,1,11140680,중림동,77,3.0,2.0,,,7.0,,1.0,,2.0,1.0,,,,5.0,,,,,14.0
2024,1,11170510,후암동,80,6.0,1.0,,,7.0,1.0,2.0,,1.0,,,2.0,,,,,,,18.0
2024,1,11170520,용산2가동,63,3.0,,,,4.0,,1.0,2.0,2.0,,,,,,,,,1.0,29.0
2024,1,11170530,남영동,147,7.0,5.0,,,14.0,,,1.0,,,,,,12.0,,,,3.0,26.0
2024,1,11170555,청파동,128,7.0,2.0,,1.0,11.0,,2.0,2.0,4.0,22.0,,1.0,,1.0,,,,,35.0
2024,1,11170560,원효로1동,94,6.0,3.0,,,6.0,1.0,1.0,,,3.0,,4.0,,,,,,,31.0
2024,1,11170570,원효로2동,69,4.0,2.0,,,4.0,2.0,1.0,1.0,1.0,,,2.0,,,,,,,27.0
2024,1,11170580,효창동,66,1.0,1.0,,,5.0,,1.0,,1.0,1.0,,,,,,,,2.0,22.0
2024,1,11170590,용문동,54,1.0,,,,3.0,,,,,,,,,,,,,,22.0
2024,1,11170625,한강로동,242,19.0,19.0,,,21.0,,2.0,,1.0,,,5.0,3.0,2.0,,,,7.0,41.0
2024,1,11170630,이촌1동,102,4.0,9.0,,1.0,12.0,2.0,1.0,1.0,1.0,,,1.0,,,,,,,14.0
2024,1,11170640,이촌2동,26,2.0,,,,1.0,,,,,,,,,,,,,,11.0
2024,1,11170650,이태원1동,71,8.0,5.0,,,3.0,,1.0,,,,,3.0,,,,,,1.0,14.0
2024,1,11170660,이태원2동,60,8.0,5.0,,,3.0,1.0,1.0,,1.0,,,,,,,,,,22.0
2024,1,11170685,한남동,171,30.0,11.0,1.0,,13.0,3.0,1.0,,,,,3.0,,,,,,2.0,36.0
2024,1,11170690,서빙고동,61,15.0,1.0,,,1.0,,1.0,1.0,,,,,,,,,,1.0,21.0
2024,1,11170700,보광동,70,4.0,1.0,,,8.0,1.0,,1.0,1.0,6.0,,,,,,,,,14.0
2024,1,11200520,왕십리2동,63,2.0,,,,5.0,1.0,1.0,,,,,,,,,,,1.0,18.0
2024,1,11200535,왕십리도선동,189,4.0,4.0,,2.0,20.0,2.0,2.0,,2.0,,,,,,,,,,26.0
2024,1,11200540,마장동,111,6.0,5.0,,,8.0,2.0,2.0,2.0,,,,,,,,,,1.0,29.0
2024,1,11200550,사근동,128,5.0,3.0,1.0,,10.0,,2.0,1.0,2.0,52.0,,1.0,,,,,,2.0,34.0
2024,1,11200560,행당1동,130,9.0,4.0,,2.0,13.0,1.0,1.0,,,,,1.0,1.0,,,,,4.0,30.0
2024,1,11200570,행당2동,79,2.0,2.0,,,4.0,1.0,1.0,1.0,1.0,,,,,,,,,1.0,24.0
2024,1,11200580,응봉동,56,3.0,,,,2.0,,1.0,1.0,,,,,,,,,,1.0,30.0
2024,1,11200590,금호1가동,88,2.0,,,,6.0,1.0,1.0,,1.0,,,,,,,,,1.0,45.0
2024,1,11200615,금호2?3가동,135,3.0,2.0,,,13.0,,1.0,,,,,,,,,,,,46.0
2024,1,11200620,금호4가동,84,3.0,3.0,,,6.0,1.0,2.0,,,,,,,,,,,1.0,27.0
2024,1,11200645,옥수동,129,4.0,2.0,,,10.0,2.0,2.0,1.0,1.0,,,,,,,,,2.0,45.0
2024,1,11200650,성수1가1동,83,4.0,2.0,,,4.0,1.0,2.0,1.0,1.0,,,,1.0,,,,,1.0,33.0
2024,1,11200660,성수1가2동,79,3.0,6.0,,,6.0,,,1.0,1.0,1.0,,,,,,,,1.0,12.0
2024,1,11200670,성수2가1동,109,3.0,3.0,,,13.0,,1.0,2.0,1.0,,,2.0,,1.0,,,,,38.0
2024,1,11200690,성수2가3동,104,3.0,16.0,,,11.0,,2.0,,,,,,1.0,,,,,1.0,20.0
2024,1,11200720,송정동,44,2.0,,,1.0,5.0,,1.0,,,,,,,,,,,,17.0
2024,1,11200790,용답동,82,7.0,2.0,,,8.0,,1.0,,,,,1.0,,,,,,2.0,11.0
2024,1,11215710,화양동,167,3.0,5.0,1.0,,17.0,,2.0,2.0,1.0,34.0,,,1.0,,,,,2.0,16.0
2024,1,11215730,군자동,135,5.0,5.0,,1.0,12.0,1.0,2.0,,,20.0,,,1.0,,,,,,23.0
2024,1,11215740,중곡1동,74,2.0,,,,10.0,1.0,,,,,,1.0,,,,,,,19.0
2024,1,11215750,중곡2동,104,2.0,4.0,,,14.0,1.0,1.0,,,,,,,,,,,2.0,21.0
2024,1,11215760,중곡3동,97,3.0,1.0,,1.0,9.0,,2.0,,,,,1.0,,,,,,1.0,29.0
2024,1,11215770,중곡4동,105,2.0,2.0,,,7.0,,1.0,1.0,2.0,,,,,,,,,,37.0
2024,1,11215780,능동,47,4.0,,,1.0,5.0,,1.0,,1.0,,,,,,,,,1.0,5.0
2024,1,11215810,광장동,139,5.0,9.0,,,9.0,3.0,3.0,3.0,1.0,11.0,,,,,,,,1.0,32.0
2024,1,11215820,자양1동,106,3.0,4.0,1.0,,14.0,1.0,1.0,,,2.0,,,,,,,,,17.0
2024,1,11215830,자양2동,95,2.0,1.0,,,8.0,2.0,4.0,2.0,1.0,,,1.0,,,,,,,21.0
2024,1,11215840,자양3동,105,2.0,6.0,,,8.0,2.0,2.0,1.0,1.0,1.0,1.0,,1.0,,,,,,30.0
2024,1,11215847,자양4동,106,5.0,2.0,,1.0,15.0,1.0,,1.0,,,,1.0,1.0,,,,,1.0,16.0
2024,1,11215850,구의1동,77,2.0,4.0,,,9.0,1.0,,1.0,1.0,,,,,,,,,1.0,16.0
2024,1,11215860,구의2동,112,3.0,2.0,,1.0,9.0,3.0,2.0,,,1.0,,,,,,,,1.0,24.0
2024,1,11215870,구의3동,133,5.0,4.0,,,16.0,2.0,1.0,,,,,1.0,1.0,,,,1.0,1.0,25.0
2024,1,11230536,용신동,231,10.0,8.0,1.0,4.0,20.0,1.0,1.0,1.0,1.0,,,1.0,,5.0,,,,5.0,41.0
2024,1,11230545,제기동,288,4.0,5.0,,1.0,22.0,2.0,2.0,2.0,1.0,1.0,,3.0,,14.0,,,,1.0,30.0
2024,1,11230560,전농1동,152,5.0,2.0,,1.0,13.0,3.0,1.0,1.0,1.0,,,,1.0,5.0,,,,3.0,35.0
2024,1,11230570,전농2동,102,2.0,2.0,,,12.0,3.0,3.0,2.0,1.0,27.0,,,,,,,,,15.0
2024,1,11230600,답십리1동,124,4.0,5.0,,,9.0,,2.0,1.0,,,,,,,,,,,25.0
2024,1,11230610,답십리2동,108,3.0,2.0,,2.0,13.0,3.0,1.0,,,,,3.0,,,,,,,19.0
2024,1,11230650,장안1동,192,5.0,11.0,,4.0,26.0,2.0,2.0,2.0,,,,,,,,,,1.0,43.0
2024,1,11230660,장안2동,168,3.0,2.0,,2.0,21.0,1.0,2.0,,1.0,1.0,,,1.0,1.0,,,,,38.0
2024,1,11230705,청량리동,154,9.0,4.0,1.0,,16.0,2.0,1.0,1.0,1.0,1.0,,,,2.0,,,,,34.0
2024,1,11230710,회기동,84,3.0,5.0,1.0,,10.0,1.0,3.0,1.0,1.0,14.0,,,,,,,,,10.0
2024,1,11230720,휘경1동,82,2.0,1.0,,,12.0,,,,,,,,,1.0,,,,3.0,18.0
2024,1,11230730,휘경2동,84,5.0,1.0,1.0,,5.0,1.0,2.0,3.0,3.0,4.0,,,,,,,,,27.0
2024,1,11230740,이문1동,147,5.0,2.0,,,13.0,3.0,,,2.0,30.0,,,,,,,,1.0,26.0
2024,1,11230750,이문2동,71,2.0,,,,6.0,1.0,1.0,,,2.0,,,,,,,,1.0,17.0
2024,1,11260520,면목2동,112,3.0,,,1.0,11.0,2.0,2.0,,,,,8.0,,1.0,,,,,25.0
2024,1,11260540,면목4동,61,2.0,,,,5.0,1.0,1.0,1.0,,,,,,,,,,1.0,15.0
2024,1,11260550,면목5동,42,2.0,1.0,,,3.0,,,,,,,4.0,,,,,,,13.0
2024,1,11260565,면목본동,168,4.0,2.0,,,18.0,1.0,2.0,,,,,13.0,,1.0,,,,1.0,30.0
2024,1,11260570,면목7동,108,2.0,2.0,,1.0,11.0,,1.0,,,,,1.0,,,,,,,18.0
2024,1,11260575,면목3?8동,150,4.0,1.0,1.0,,17.0,1.0,2.0,2.0,1.0,8.0,,,,1.0,,,,1.0,34.0
2024,1,11260580,상봉1동,78,3.0,1.0,,1.0,8.0,2.0,1.0,2.0,1.0,,,,,,,,,4.0,12.0
2024,1,11260590,상봉2동,127,4.0,3.0,,1.0,10.0,,,,,,,,2.0,2.0,,,1.0,1.0,18.0
2024,1,11260600,중화1동,79,2.0,1.0,,1.0,7.0,1.0,2.0,2.0,1.0,,,,,,,,,,14.0
2024,1,11260610,중화2동,123,2.0,3.0,,,14.0,,,,,,,2.0,,,,,,3.0,32.0
2024,1,11260620,묵1동,144,4.0,2.0,,2.0,11.0,2.0,1.0,2.0,2.0,,,,,,,,,,34.0
2024,1,11260630,묵2동,92,3.0,4.0,,,7.0,,2.0,,,,,,1.0,,,,,1.0,19.0
2024,1,11260655,망우본동,238,9.0,4.0,1.0,4.0,25.0,1.0,2.0,3.0,4.0,,,9.0,,2.0,,,,2.0,54.0
2024,1,11260660,망우3동,54,1.0,1.0,,1.0,3.0,,2.0,,1.0,,,3.0,,,,,,,11.0
2024,1,11260680,신내1동,160,3.0,2.0,1.0,,13.0,2.0,2.0,,,,,,,,,,,1.0,53.0
2024,1,11260690,신내2동,104,6.0,3.0,,,12.0,3.0,4.0,,,,,,,,,,,,21.0
2024,1,11290525,성북동,166,6.0,4.0,,,6.0,2.0,1.0,3.0,2.0,5.0,,,,,,,,,55.0
2024,1,11290555,삼선동,163,7.0,5.0,,,14.0,,1.0,1.0,2.0,14.0,,,,,,,,2.0,46.0
2024,1,11290575,동선동,146,1.0,4.0,,1.0,13.0,1.0,2.0,2.0,1.0,12.0,,,1.0,,,,,1.0,19.0
2024,1,11290580,돈암1동,42,1.0,,,,2.0,2.0,2.0,2.0,1.0,,,,,,,,,,15.0
2024,1,11290590,돈암2동,88,4.0,2.0,,,4.0,6.0,1.0,,,,,,1.0,,,,,,38.0
2024,1,11290600,안암동,167,4.0,6.0,1.0,1.0,10.0,,1.0,1.0,1.0,71.0,,,,,,,,1.0,35.0
2024,1,11290610,보문동,77,4.0,4.0,,,6.0,,2.0,,,,,,,1.0,,,,2.0,10.0
2024,1,11290620,정릉1동,63,2.0,,,,6.0,2.0,,,,1.0,,,,,,,,,19.0
2024,1,11290630,정릉2동,110,4.0,3.0,,,6.0,1.0,2.0,,,,,,,,,,,1.0,50.0
2024,1,11290640,정릉3동,124,4.0,1.0,,,2.0,,1.0,3.0,1.0,28.0,,,,,,,,,38.0
2024,1,11290650,정릉4동,133,7.0,3.0,,,12.0,2.0,1.0,,2.0,11.0,,,,,,,,1.0,40.0
2024,1,11290660,길음1동,129,3.0,4.0,,,10.0,2.0,3.0,1.0,1.0,,,1.0,,,,,,1.0,26.0
2024,1,11290685,길음2동,112,5.0,,,3.0,14.0,,,,,,,,,,,,,,23.0
2024,1,11290705,종암동,189,7.0,2.0,,1.0,17.0,3.0,2.0,2.0,1.0,2.0,,,,,,,,,56.0
2024,1,11290715,월곡1동,108,2.0,3.0,,,10.0,,2.0,1.0,1.0,,,,,1.0,,,,,30.0
2024,1,11290725,월곡2동,135,6.0,4.0,,,12.0,2.0,,1.0,,12.0,,,,,,,,2.0,34.0
2024,1,11290760,장위1동,103,4.0,1.0,,,8.0,6.0,1.0,1.0,,,,,,,,,,,37.0
2024,1,11290770,장위2동,89,3.0,2.0,,,11.0,1.0,3.0,,,,,,,,,,,1.0,27.0
2024,1,11290780,장위3동,82,1.0,,,,5.0,1.0,2.0,1.0,,1.0,,1.0,,,,,,,39.0
2024,1,11290810,석관동,154,6.0,3.0,,,16.0,2.0,2.0,1.0,1.0,,,1.0,,2.0,,,,2.0,32.0
2024,1,11305534,삼양동,165,4.0,1.0,,,14.0,3.0,2.0,,1.0,,,,,,,,,3.0,34.0
2024,1,11305535,미아동,144,3.0,3.0,,1.0,14.0,,,,1.0,4.0,,,,,,,,1.0,28.0
2024,1,11305545,송중동,212,4.0,1.0,,2.0,18.0,4.0,2.0,,1.0,2.0,1.0,,1.0,,,,,,69.0
2024,1,11305555,송천동,164,9.0,5.0,,1.0,17.0,,1.0,2.0,2.0,,,2.0,,,,,,1.0,24.0
2024,1,11305575,삼각산동,114,2.0,1.0,,,9.0,1.0,,1.0,1.0,1.0,,,,,,,,,36.0
2024,1,11305595,번1동,136,3.0,3.0,,1.0,14.0,1.0,1.0,1.0,,,,,1.0,,,,,,30.0
2024,1,11305603,번2동,110,5.0,,,,7.0,1.0,,1.0,,,,,,1.0,,,,,54.0
2024,1,11305608,번3동,95,3.0,1.0,,,8.0,,2.0,,,,,,,,,,,,37.0
2024,1,11305615,수유1동,153,4.0,2.0,,,12.0,,2.0,3.0,1.0,,,1.0,,,,,,1.0,40.0
2024,1,11305625,수유2동,85,3.0,,,,12.0,3.0,,,,,,,,,,,,1.0,15.0
2024,1,11305635,수유3동,158,4.0,6.0,,1.0,16.0,,,1.0,,,,,1.0,,,,,1.0,30.0
2024,1,11305645,우이동,132,2.0,,,,7.0,1.0,,1.0,,2.0,,,,,,,,3.0,54.0
2024,1,11305660,인수동,175,13.0,2.0,1.0,2.0,14.0,2.0,2.0,2.0,,5.0,,1.0,,,,,,,57.0
2024,1,11320511,창1동,94,3.0,2.0,,,7.0,1.0,1.0,2.0,1.0,,,,,,,,,1.0,28.0
2024,1,11320512,창2동,95,3.0,,,1.0,8.0,1.0,1.0,,,,,,,,,,,,44.0
2024,1,11320513,창3동,66,1.0,,,,7.0,1.0,2.0,,,,,1.0,,,,,,,25.0
2024,1,11320514,창4동,130,7.0,4.0,,,8.0,1.0,2.0,1.0,2.0,,,,,,,,,,51.0
2024,1,11320515,창5동,119,7.0,3.0,,3.0,12.0,1.0,3.0,,,,,,2.0,,,,,2.0,24.0
2024,1,11320521,도봉1동,122,4.0,1.0,,,9.0,2.0,2.0,1.0,1.0,2.0,,1.0,,,,,,,38.0
2024,1,11320522,도봉2동,127,8.0,3.0,,,7.0,1.0,1.0,1.0,1.0,1.0,,,,1.0,,,,3.0,49.0
2024,1,11320660,쌍문1동,126,6.0,1.0,,1.0,4.0,1.0,3.0,,1.0,17.0,,,,,,,,,54.0
2024,1,11320670,쌍문2동,87,3.0,1.0,,1.0,10.0,1.0,1.0,1.0,,,,,,2.0,,,,,19.0
2024,1,11320680,쌍문3동,78,3.0,3.0,1.0,,12.0,,,1.0,,,,,,1.0,,,,1.0,17.0
2024,1,11320681,쌍문4동,64,1.0,,,,4.0,5.0,2.0,2.0,3.0,,,,,,,,,,23.0
2024,1,11320690,방학1동,148,6.0,6.0,,2.0,15.0,2.0,1.0,1.0,1.0,,,,,,,,,1.0,39.0
2024,1,11320700,방학2동,64,3.0,,,,7.0,,1.0,1.0,,,,,,,,,,,23.0
2024,1,11320710,방학3동,112,3.0,3.0,,,6.0,3.0,3.0,1.0,,,,,,,,,,,47.0
2024,1,11350560,월계1동,159,4.0,2.0,,,10.0,2.0,1.0,1.0,1.0,17.0,,,,,,,,,59.0
2024,1,11350570,월계2동,136,4.0,,,,5.0,3.0,2.0,3.0,4.0,11.0,,,,,,,,1.0,64.0
2024,1,11350580,월계3동,135,5.0,3.0,,,8.0,4.0,3.0,1.0,,,,,,,,,,2.0,47.0
2024,1,11350595,공릉1동,211,4.0,6.0,,4.0,21.0,3.0,3.0,,,1.0,,1.0,,,,,,3.0,54.0
2024,1,11350600,공릉2동,271,7.0,6.0,1.0,,14.0,3.0,4.0,4.0,2.0,64.0,,1.0,,,,,,1.0,63.0
2024,1,11350611,하계1동,133,4.0,3.0,1.0,,9.0,1.0,1.0,2.0,4.0,16.0,,,,,,,,,41.0
2024,1,11350612,하계2동,67,2.0,1.0,,,4.0,2.0,2.0,1.0,,,,,,,,,,1.0,28.0
2024,1,11350619,중계본동,95,5.0,2.0,,,7.0,3.0,2.0,,3.0,,,,,,,,,,21.0
2024,1,11350621,중계1동,85,2.0,3.0,,,7.0,,2.0,1.0,2.0,,,,,,,,,,18.0
2024,1,11350624,중계4동,81,2.0,3.0,,,14.0,1.0,1.0,3.0,2.0,,,,,,,,,,6.0
2024,1,11350625,중계2?3동,142,7.0,2.0,,,10.0,4.0,4.0,1.0,3.0,,,,2.0,,,,,1.0,39.0
2024,1,11350630,상계1동,190,5.0,2.0,,,14.0,3.0,3.0,2.0,1.0,,,,1.0,,,,,1.0,38.0
2024,1,11350640,상계2동,182,2.0,1.0,,2.0,19.0,1.0,1.0,1.0,,,,,1.0,,,,,2.0,33.0
2024,1,11350665,상계3?4동,107,4.0,1.0,,,9.0,3.0,2.0,,,1.0,,,,2.0,,,,1.0,11.0
2024,1,11350670,상계5동,105,2.0,1.0,,,11.0,,1.0,,,,,,,3.0,,,,1.0,36.0
2024,1,11350695,상계6?7동,253,9.0,11.0,1.0,1.0,29.0,,3.0,2.0,1.0,4.0,,,1.0,,,,,,40.0
2024,1,11350700,상계8동,92,3.0,3.0,,,7.0,,,1.0,,,,,,,,,,1.0,15.0
2024,1,11350710,상계9동,78,3.0,4.0,,,6.0,1.0,3.0,2.0,2.0,,,,,,,,,,18.0
2024,1,11350720,상계10동,64,3.0,,,,1.0,1.0,2.0,1.0,1.0,,,,,,,,,,30.0
2024,1,11380510,녹번동,148,8.0,3.0,,2.0,12.0,1.0,3.0,,,,,1.0,1.0,,,,,2.0,35.0
2024,1,11380520,불광1동,198,6.0,4.0,,1.0,17.0,4.0,2.0,,,,,,1.0,,,,,3.0,49.0
2024,1,11380530,불광2동,113,6.0,1.0,,,5.0,,3.0,3.0,1.0,,,3.0,,,,,,,32.0
2024,1,11380551,갈현1동,133,2.0,2.0,1.0,,13.0,1.0,,,,,,,,,,,,2.0,48.0
2024,1,11380552,갈현2동,121,3.0,1.0,,1.0,15.0,5.0,2.0,1.0,5.0,,,,,,,,,1.0,34.0
2024,1,11380560,구산동,127,3.0,,,1.0,8.0,3.0,3.0,2.0,3.0,,,,,,,,,,38.0
2024,1,11380570,대조동,205,3.0,5.0,,1.0,24.0,,2.0,,2.0,,,,1.0,,,,,,32.0
2024,1,11380580,응암1동,133,5.0,5.0,,1.0,20.0,1.0,1.0,1.0,1.0,,,,,,,,,,27.0
2024,1,11380590,응암2동,91,3.0,1.0,,1.0,10.0,2.0,1.0,,,,,,,,,,,,37.0
2024,1,11380600,응암3동,138,3.0,3.0,,1.0,16.0,1.0,1.0,2.0,1.0,,,2.0,,,,,,,31.0
2024,1,11380625,역촌동,176,5.0,5.0,,2.0,18.0,2.0,1.0,,,,,,,,,,,,51.0
2024,1,11380631,신사1동,94,3.0,,,,8.0,3.0,,1.0,,5.0,,,,,,,,1.0,22.0
2024,1,11380632,신사2동,82,4.0,,,,5.0,,3.0,1.0,1.0,,,,,,,,,1.0,35.0
2024,1,11380640,증산동,83,3.0,,,,8.0,1.0,1.0,2.0,,,,2.0,,,,,,1.0,16.0
2024,1,11380650,수색동,60,5.0,2.0,,,5.0,1.0,1.0,,,,,2.0,,,,,,1.0,22.0
2024,1,11380690,진관동,242,6.0,6.0,,,22.0,6.0,6.0,2.0,4.0,,,,1.0,,,,,1.0,81.0
2024,1,11410520,천연동,127,4.0,1.0,,,4.0,,1.0,1.0,1.0,11.0,,,,1.0,,,,,44.0
2024,1,11410555,북아현동,76,2.0,2.0,,1.0,7.0,1.0,1.0,,1.0,,,,,,,,,,17.0
2024,1,11410565,충현동,184,9.0,8.0,,,7.0,1.0,3.0,1.0,2.0,24.0,,,,,,,,3.0,58.0
2024,1,11410585,신촌동,368,6.0,10.0,1.0,,22.0,1.0,3.0,1.0,1.0,109.0,1.0,,4.0,3.0,,,,2.0,60.0
2024,1,11410615,연희동,201,7.0,7.0,,1.0,16.0,,1.0,3.0,1.0,13.0,,,1.0,1.0,,,,,70.0
2024,1,11410620,홍제1동,135,3.0,2.0,,,10.0,2.0,2.0,,,1.0,,,,1.0,,,,1.0,40.0
2024,1,11410640,홍제3동,129,3.0,3.0,,2.0,14.0,1.0,2.0,1.0,,3.0,,4.0,,6.0,,,,1.0,46.0
2024,1,11410655,홍제2동,56,1.0,,,,6.0,3.0,,,,,,,,1.0,,,,,15.0
2024,1,11410660,홍은1동,86,3.0,,,,7.0,1.0,1.0,,,,,,,1.0,,,,,32.0
2024,1,11410685,홍은2동,161,4.0,2.0,1.0,,8.0,,2.0,3.0,1.0,12.0,,,,,,,,,83.0
2024,1,11410690,남가좌1동,94,2.0,3.0,,1.0,9.0,,1.0,,,,,1.0,,1.0,,,,1.0,20.0
2024,1,11410700,남가좌2동,117,4.0,4.0,,,12.0,4.0,1.0,1.0,,8.0,,,,,,,,,24.0
2024,1,11410710,북가좌1동,60,1.0,2.0,,,5.0,2.0,1.0,1.0,1.0,,,,,,,,,,13.0
2024,1,11410720,북가좌2동,115,3.0,3.0,,,12.0,2.0,,,,,,,,,,,,,39.0
2024,1,11440555,아현동,145,5.0,8.0,,,16.0,1.0,1.0,1.0,1.0,,,,,1.0,,,,2.0,23.0
2024,1,11440565,공덕동,172,7.0,9.0,,,21.0,1.0,3.0,,,,,2.0,,,,,,4.0,39.0
2024,1,11440585,도화동,144,4.0,7.0,,,15.0,2.0,1.0,,,,,,1.0,1.0,,,,1.0,38.0
2024,1,11440590,용강동,90,7.0,6.0,,1.0,10.0,2.0,1.0,,,,,,,,,,,1.0,24.0
2024,1,11440600,대흥동,209,5.0,5.0,,,18.0,,3.0,1.0,1.0,27.0,,,,3.0,,,,3.0,38.0
2024,1,11440610,염리동,52,3.0,1.0,,,3.0,1.0,1.0,2.0,3.0,,,,,2.0,,,,,10.0
2024,1,11440630,신수동,76,4.0,1.0,,1.0,5.0,1.0,1.0,1.0,1.0,,,,,,,,,,24.0
2024,1,11440655,서강동,156,6.0,4.0,,,7.0,1.0,1.0,,,20.0,,,,,,,,2.0,64.0
2024,1,11440660,서교동,358,13.0,22.0,,,31.0,1.0,1.0,,,2.0,,,5.0,3.0,,,,7.0,88.0
2024,1,11440680,합정동,109,4.0,3.0,,,10.0,1.0,1.0,1.0,,,,,,,,,,,32.0
2024,1,11440690,망원1동,95,2.0,2.0,,,11.0,,,,,,,,,1.0,,,,,23.0
2024,1,11440700,망원2동,83,4.0,1.0,,,6.0,1.0,2.0,,,,,,,,,,,,33.0
2024,1,11440710,연남동,52,2.0,1.0,,,2.0,1.0,,1.0,2.0,,,,,,,,,,23.0
2024,1,11440720,성산1동,86,4.0,2.0,,,5.0,1.0,2.0,2.0,1.0,1.0,,,,1.0,,,,,29.0
2024,1,11440730,성산2동,158,6.0,3.0,,,13.0,2.0,3.0,2.0,,,,1.0,1.0,,,,,2.0,47.0
2024,1,11440740,상암동,247,10.0,11.0,,,14.0,3.0,3.0,1.0,1.0,,,1.0,,,,,,4.0,104.0
2024,1,11470510,목1동,190,5.0,12.0,,1.0,21.0,1.0,1.0,1.0,1.0,2.0,,,2.0,,,,,2.0,29.0
2024,1,11470520,목2동,97,3.0,2.0,,1.0,13.0,3.0,1.0,,,,,,,1.0,,,,1.0,18.0
2024,1,11470530,목3동,96,3.0,4.0,,,11.0,1.0,,1.0,,,,,,,,,,,7.0
2024,1,11470540,목4동,84,3.0,3.0,,,9.0,1.0,1.0,1.0,1.0,,,,,,,,,,14.0
2024,1,11470550,목5동,143,8.0,9.0,1.0,,12.0,4.0,3.0,2.0,2.0,,,,,,,,,,52.0
2024,1,11470560,신월1동,71,3.0,3.0,,,12.0,1.0,,,,,,,,,,,,,9.0
2024,1,11470570,신월2동,65,3.0,1.0,,,6.0,1.0,2.0,2.0,,,,,,,,,,,12.0
2024,1,11470580,신월3동,70,2.0,1.0,,,7.0,1.0,1.0,2.0,3.0,,,,,,,,,,8.0
2024,1,11470590,신월4동,63,2.0,1.0,,,6.0,3.0,1.0,,,,,,,,,,,,11.0
2024,1,11470600,신월5동,54,3.0,,,1.0,3.0,2.0,1.0,2.0,,,,,,,,,,,12.0
2024,1,11470610,신월6동,47,1.0,2.0,,1.0,5.0,1.0,1.0,1.0,,,,,,,,,,,15.0
2024,1,11470611,신월7동,74,6.0,1.0,,,10.0,2.0,,1.0,,,,,,,,,,,21.0
2024,1,11470620,신정1동,94,7.0,3.0,,,9.0,2.0,2.0,1.0,,,,,,,,,,,26.0
2024,1,11470630,신정2동,71,3.0,1.0,,,7.0,1.0,2.0,1.0,,,,,,,,,,,20.0
2024,1,11470640,신정3동,203,4.0,1.0,,,15.0,1.0,3.0,1.0,4.0,,,,,,,,,1.0,81.0
2024,1,11470650,신정4동,161,3.0,8.0,1.0,1.0,16.0,3.0,2.0,,2.0,,,,,,,,,1.0,18.0
2024,1,11470670,신정6동,72,7.0,6.0,,,2.0,2.0,,1.0,1.0,,,,,,,,,,31.0
2024,1,11470680,신정7동,107,3.0,2.0,,,8.0,3.0,3.0,1.0,1.0,,,,,,,,,1.0,30.0
2024,1,11500510,염창동,147,5.0,3.0,,1.0,15.0,,2.0,2.0,,,,,,,,,,2.0,35.0
2024,1,11500520,등촌1동,95,1.0,5.0,,1.0,10.0,,1.0,,,,,,1.0,,,,,,20.0
2024,1,11500530,등촌2동,58,3.0,,,1.0,6.0,2.0,2.0,2.0,2.0,,,,,,,,,,8.0
2024,1,11500535,등촌3동,184,6.0,3.0,1.0,2.0,18.0,2.0,5.0,2.0,4.0,,,,1.0,,,,,,55.0
2024,1,11500540,화곡1동,226,3.0,2.0,,2.0,26.0,,2.0,1.0,,,,,1.0,,,,,2.0,27.0
2024,1,11500550,화곡2동,65,2.0,,,,3.0,2.0,1.0,,,,,,,,,,,,30.0
2024,1,11500560,화곡3동,87,4.0,3.0,,,8.0,2.0,,,,,,,,,,,,,12.0
2024,1,11500570,화곡4동,101,4.0,2.0,,,14.0,3.0,1.0,,2.0,,,,,,,,,,30.0
2024,1,11500590,화곡본동,145,3.0,,,1.0,11.0,1.0,2.0,,,,,,,,,,,,31.0
2024,1,11500591,화곡6동,118,7.0,5.0,,,8.0,2.0,1.0,,,9.0,,,,,,,,,29.0
2024,1,11500593,화곡8동,95,2.0,3.0,,,8.0,1.0,,,,,,,,,,,,1.0,33.0
2024,1,11500603,가양1동,279,5.0,13.0,,,20.0,3.0,1.0,1.0,1.0,,,,1.0,2.0,,,,5.0,69.0
2024,1,11500604,가양2동,75,4.0,3.0,,,7.0,3.0,1.0,1.0,1.0,,,,,,,,,1.0,14.0
2024,1,11500605,가양3동,52,3.0,,,,4.0,3.0,2.0,1.0,1.0,,,,,,,,,1.0,13.0
2024,1,11500611,발산1동,246,3.0,9.0,1.0,2.0,33.0,2.0,3.0,4.0,8.0,,,1.0,,,,,,,63.0
2024,1,11500615,우장산동,158,4.0,4.0,,3.0,12.0,3.0,2.0,,,5.0,,,,,,,,1.0,33.0
2024,1,11500620,공항동,176,6.0,7.0,1.0,,11.0,1.0,2.0,2.0,,4.0,,,,,21.0,,,2.0,39.0
2024,1,11500630,방화1동,200,2.0,3.0,,2.0,21.0,4.0,3.0,1.0,3.0,,,,,1.0,,,,1.0,46.0
2024,1,11500640,방화2동,124,4.0,,,,7.0,3.0,1.0,1.0,,,,2.0,1.0,,4.0,,,5.0,37.0
2024,1,11500641,방화3동,83,5.0,1.0,,,5.0,2.0,3.0,2.0,1.0,1.0,,,,,,,,1.0,22.0
2024,1,11530510,신도림동,168,5.0,4.0,,,12.0,2.0,1.0,1.0,1.0,1.0,,2.0,1.0,1.0,,,,3.0,43.0
2024,1,11530520,구로1동,88,4.0,1.0,,,5.0,3.0,1.0,1.0,1.0,,,4.0,,,,,,,25.0
2024,1,11530530,구로2동,197,6.0,12.0,1.0,1.0,21.0,1.0,1.0,,1.0,,,7.0,,16.0,,,,1.0,48.0
2024,1,11530540,구로3동,187,7.0,18.0,,,15.0,1.0,2.0,1.0,,,,,,5.0,,,,2.0,47.0
2024,1,11530550,구로4동,139,5.0,3.0,,,15.0,2.0,1.0,1.0,,,,1.0,,19.0,,,,,13.0
2024,1,11530560,구로5동,167,5.0,4.0,,2.0,18.0,,3.0,1.0,1.0,2.0,1.0,,3.0,,,,,1.0,49.0
2024,1,11530595,가리봉동,74,,,,,6.0,,1.0,,1.0,,,,,23.0,,,,,8.0
2024,1,11530720,고척1동,135,5.0,4.0,1.0,1.0,9.0,,3.0,1.0,1.0,12.0,,8.0,,4.0,,,,,31.0
2024,1,11530730,고척2동,128,5.0,2.0,,1.0,11.0,,2.0,1.0,1.0,,,,,,,,,,40.0
2024,1,11530740,개봉1동,163,5.0,3.0,,1.0,11.0,2.0,1.0,2.0,,4.0,,1.0,,,,,,1.0,57.0
2024,1,11530750,개봉2동,116,3.0,3.0,,,10.0,2.0,,,,,,1.0,1.0,,,,,,26.0
2024,1,11530760,개봉3동,81,3.0,2.0,,,9.0,1.0,3.0,1.0,,,,1.0,1.0,,,,,,23.0
2024,1,11530770,오류1동,122,5.0,4.0,,,11.0,3.0,1.0,,,,,,,,,,,1.0,22.0
2024,1,11530780,오류2동,209,3.0,1.0,,1.0,9.0,6.0,3.0,2.0,1.0,,,,,,,,,1.0,86.0
2024,1,11530790,수궁동,154,3.0,1.0,,,5.0,2.0,1.0,1.0,6.0,,,1.0,,,,,,3.0,69.0
2024,1,11530800,항동,64,1.0,,,,2.0,1.0,1.0,,,10.0,,,,,,,,,37.0
2024,1,11545510,가산동,304,10.0,25.0,,1.0,21.0,2.0,,,,,,,1.0,17.0,,,,3.0,111.0
2024,1,11545610,독산1동,217,3.0,6.0,,2.0,17.0,2.0,4.0,3.0,,,,,1.0,3.0,,,,,74.0
2024,1,11545620,독산2동,73,2.0,1.0,,,8.0,,2.0,,,1.0,,,,,,,,,11.0
2024,1,11545630,독산3동,119,4.0,4.0,,,14.0,2.0,2.0,2.0,1.0,,,1.0,,,,,,,29.0
2024,1,11545640,독산4동,64,5.0,2.0,,1.0,4.0,,1.0,,,,,,,,,,,,16.0
2024,1,11545670,시흥1동,223,9.0,7.0,1.0,2.0,25.0,2.0,3.0,1.0,1.0,,,,,3.0,,,,1.0,52.0
2024,1,11545680,시흥2동,76,2.0,,,,3.0,2.0,3.0,1.0,2.0,,,,,,,,,,30.0
2024,1,11545690,시흥3동,66,3.0,3.0,,,5.0,,1.0,1.0,1.0,,,,,1.0,,,,,21.0
2024,1,11545700,시흥4동,72,1.0,1.0,,,6.0,,1.0,1.0,,,,,,,,,,,27.0
2024,1,11545710,시흥5동,106,3.0,,,,16.0,2.0,3.0,,,,,,,,,,,,37.0
2024,1,11560515,영등포본동,94,4.0,,,,10.0,2.0,2.0,1.0,2.0,,,,1.0,2.0,,,,1.0,23.0
2024,1,11560535,영등포동,325,10.0,17.0,2.0,2.0,37.0,,1.0,,,1.0,,,1.0,16.0,,,,1.0,41.0
2024,1,11560540,여의동,399,23.0,70.0,1.0,,44.0,,2.0,2.0,2.0,,,,1.0,,,,,5.0,61.0
2024,1,11560550,당산1동,131,6.0,5.0,,1.0,8.0,1.0,,,,,,,,12.0,,,,2.0,23.0
2024,1,11560560,당산2동,192,6.0,4.0,,,20.0,3.0,2.0,2.0,,,,,,,,,,2.0,46.0
2024,1,11560585,도림동,66,2.0,,,,6.0,2.0,,,,,,,,,,,,,28.0
2024,1,11560605,문래동,185,8.0,9.0,,,17.0,,3.0,2.0,,,,,,2.0,,,,1.0,56.0
2024,1,11560610,양평1동,87,5.0,3.0,,1.0,6.0,,1.0,,1.0,,,,,1.0,,,,1.0,22.0
2024,1,11560620,양평2동,131,8.0,6.0,,,7.0,1.0,2.0,1.0,2.0,,,,,3.0,,,,1.0,35.0
2024,1,11560630,신길1동,85,1.0,2.0,1.0,1.0,13.0,,1.0,,,,,,,4.0,,,,2.0,25.0
2024,1,11560650,신길3동,102,3.0,5.0,,1.0,12.0,3.0,1.0,,,,,,,2.0,,,,,32.0
2024,1,11560660,신길4동,43,1.0,1.0,,,2.0,2.0,1.0,,,,,,,,,,,,13.0
2024,1,11560670,신길5동,66,3.0,,,,,1.0,1.0,1.0,1.0,,,,,5.0,,,,,31.0
2024,1,11560680,신길6동,123,4.0,1.0,,1.0,14.0,1.0,1.0,,1.0,,,1.0,,2.0,,,,1.0,29.0
2024,1,11560690,신길7동,78,5.0,1.0,,,7.0,1.0,1.0,,,,,,,1.0,,,,1.0,32.0
2024,1,11560700,대림1동,81,2.0,4.0,2.0,,18.0,,1.0,1.0,,,,2.0,,3.0,,,,,16.0
2024,1,11560710,대림2동,86,4.0,2.0,1.0,,16.0,,2.0,,,1.0,,,,1.0,,,,,13.0
2024,1,11560720,대림3동,126,2.0,7.0,,1.0,11.0,3.0,2.0,1.0,,2.0,,1.0,,,,,,2.0,46.0
2024,1,11590510,노량진1동,180,5.0,4.0,,,14.0,2.0,3.0,1.0,,1.0,,,,2.0,,,,3.0,57.0
2024,1,11590520,노량진2동,72,5.0,4.0,,1.0,14.0,1.0,,,,,,,,1.0,,,,,14.0
2024,1,11590530,상도1동,201,5.0,4.0,,1.0,16.0,2.0,2.0,1.0,,23.0,,,,,,,,2.0,47.0
2024,1,11590540,상도2동,154,6.0,3.0,,,16.0,1.0,1.0,1.0,,,,1.0,,1.0,,,,1.0,41.0
2024,1,11590550,상도3동,113,2.0,2.0,,,11.0,,,1.0,,,,1.0,,,,,,,36.0
2024,1,11590560,상도4동,112,3.0,1.0,,1.0,11.0,4.0,1.0,1.0,,,,,1.0,,,,,,36.0
2024,1,11590605,흑석동,195,6.0,6.0,1.0,,24.0,5.0,3.0,2.0,,16.0,,,,1.0,,,,1.0,50.0
2024,1,11590620,사당1동,126,4.0,6.0,,2.0,12.0,1.0,1.0,,,1.0,,,1.0,1.0,,,,2.0,13.0
2024,1,11590630,사당2동,179,3.0,2.0,,,14.0,,1.0,1.0,2.0,,,,,2.0,,,,4.0,36.0
2024,1,11590640,사당3동,88,3.0,1.0,,,5.0,,2.0,1.0,,3.0,,1.0,,,,,,1.0,30.0
2024,1,11590650,사당4동,62,2.0,1.0,,,6.0,,,1.0,,,,1.0,,,,,,,4.0
2024,1,11590651,사당5동,61,4.0,,,,3.0,1.0,2.0,1.0,1.0,,,,,,,,,,28.0
2024,1,11590660,대방동,199,5.0,5.0,,,16.0,3.0,3.0,4.0,4.0,,,,,,,,,2.0,61.0
2024,1,11590670,신대방1동,83,3.0,1.0,,,10.0,3.0,1.0,1.0,,1.0,,,,,,,,1.0,15.0
2024,1,11590680,신대방2동,109,7.0,7.0,1.0,,16.0,,1.0,1.0,1.0,,,,,,,,,,29.0
2024,1,11620525,보라매동,83,1.0,1.0,,,5.0,,1.0,1.0,1.0,,,,,,,,,,25.0
2024,1,11620545,청림동,50,2.0,,,,4.0,2.0,,,,,,,,2.0,,,,,7.0
2024,1,11620565,성현동,104,4.0,,,,6.0,3.0,2.0,1.0,1.0,,,,,,,,,,38.0
2024,1,11620575,행운동,111,3.0,3.0,1.0,2.0,12.0,1.0,2.0,2.0,1.0,,,,,,,,,,15.0
2024,1,11620585,낙성대동,148,2.0,3.0,,,10.0,,1.0,,,37.0,,,,2.0,,,,,37.0
2024,1,11620595,청룡동,147,5.0,6.0,,1.0,23.0,,2.0,2.0,3.0,,,1.0,1.0,1.0,,,,1.0,15.0
2024,1,11620605,은천동,123,6.0,,,,9.0,3.0,1.0,,1.0,,,,,,,,,,43.0
2024,1,11620615,중앙동,83,1.0,3.0,,1.0,14.0,,1.0,,,,,,,,,,,1.0,12.0
2024,1,11620625,인헌동,105,2.0,5.0,,,14.0,1.0,,1.0,1.0,,,2.0,,,,,,1.0,23.0
2024,1,11620630,남현동,70,3.0,1.0,,,6.0,1.0,1.0,,,1.0,,,,,,,,,6.0
2024,1,11620645,서원동,94,3.0,1.0,1.0,1.0,9.0,,,1.0,,,,,1.0,,,,,,27.0
2024,1,11620655,신원동,54,6.0,1.0,,,7.0,,1.0,,,1.0,,,,,,,,,10.0
2024,1,11620665,서림동,74,2.0,,,,5.0,1.0,1.0,1.0,,,,,,,,,,,34.0
2024,1,11620685,신사동,79,3.0,2.0,,1.0,10.0,1.0,1.0,,,1.0,,1.0,,,,,,,21.0
2024,1,11620695,신림동,168,2.0,3.0,,,17.0,,,,,,,,,4.0,,,,1.0,16.0
2024,1,11620715,난향동,68,1.0,,,,5.0,,1.0,,,,,,,,,,,,34.0
2024,1,11620725,조원동,96,3.0,1.0,,1.0,12.0,,1.0,,,,,1.0,,,,,,,30.0
2024,1,11620735,대학동,283,5.0,6.0,,,11.0,,1.0,1.0,2.0,140.0,,,,,,,,,73.0
2024,1,11620745,삼성동,94,3.0,,,,7.0,,2.0,,1.0,,,,,3.0,,,,,44.0
2024,1,11620765,미성동,126,3.0,3.0,,1.0,11.0,1.0,2.0,2.0,2.0,,,,,1.0,,,,,44.0
2024,1,11620775,난곡동,95,2.0,1.0,,,11.0,2.0,1.0,2.0,1.0,,,1.0,,,,,,,28.0
2024,1,11650510,서초1동,194,4.0,10.0,,1.0,14.0,,2.0,,,13.0,,,,,,,,2.0,38.0
2024,1,11650520,서초2동,217,8.0,26.0,,,24.0,,1.0,1.0,1.0,,,,,1.0,,,,2.0,47.0
2024,1,11650530,서초3동,332,25.0,30.0,,3.0,30.0,1.0,1.0,1.0,3.0,2.0,,,,,,,1.0,2.0,77.0
2024,1,11650531,서초4동,257,2.0,13.0,,1.0,31.0,2.0,2.0,1.0,,,,,1.0,,,,,,36.0
2024,1,11650540,잠원동,135,3.0,8.0,,,13.0,1.0,1.0,1.0,,,,,,,,,,2.0,23.0
2024,1,11650550,반포본동,33,1.0,3.0,,,2.0,,1.0,2.0,2.0,,,1.0,,,,,,1.0,5.0
2024,1,11650560,반포1동,140,6.0,6.0,,1.0,20.0,1.0,2.0,1.0,1.0,,,,,,,,,1.0,26.0
2024,1,11650570,반포2동,74,4.0,5.0,,,5.0,,2.0,1.0,,,,1.0,,,,,,1.0,25.0
2024,1,11650580,반포3동,109,3.0,7.0,,,11.0,,1.0,1.0,,,,,,,,,,,18.0
2024,1,11650581,반포4동,130,7.0,12.0,1.0,,12.0,,,1.0,,3.0,,,1.0,,,,,3.0,33.0
2024,1,11650590,방배본동,103,2.0,6.0,,,16.0,,1.0,,,,,1.0,,,,,,,25.0
2024,1,11650600,방배1동,102,3.0,4.0,,1.0,10.0,,1.0,,,3.0,,1.0,,,,,,1.0,19.0
2024,1,11650610,방배2동,114,4.0,2.0,,,3.0,,1.0,1.0,1.0,,,1.0,,1.0,,,,1.0,37.0
2024,1,11650620,방배3동,112,4.0,3.0,,2.0,6.0,,2.0,,1.0,7.0,,,,,,,,,50.0
2024,1,11650621,방배4동,156,3.0,10.0,,,11.0,,1.0,,1.0,4.0,,,,1.0,,,,1.0,31.0
2024,1,11650651,양재1동,263,12.0,11.0,,1.0,20.0,3.0,4.0,1.0,,1.0,,,,,,,,2.0,86.0
2024,1,11650652,양재2동,147,2.0,16.0,,,11.0,,1.0,2.0,1.0,,,1.0,,,,,,1.0,57.0
2024,1,11650660,내곡동,161,5.0,1.0,,1.0,2.0,2.0,1.0,,,3.0,,1.0,,,,,,1.0,85.0
2024,1,11680510,신사동,260,3.0,14.0,,,36.0,2.0,1.0,1.0,2.0,,1.0,,1.0,,,,,1.0,12.0
2024,1,11680521,논현1동,300,4.0,15.0,,4.0,42.0,,1.0,,,,,1.0,8.0,,,,,3.0,23.0
2024,1,11680531,논현2동,240,8.0,16.0,,5.0,29.0,1.0,1.0,1.0,,4.0,,,2.0,,,,,1.0,33.0
2024,1,11680545,압구정동,313,4.0,25.0,,5.0,30.0,1.0,1.0,2.0,2.0,,2.0,1.0,3.0,,,,,2.0,18.0
2024,1,11680565,청담동,288,11.0,19.0,,4.0,27.0,2.0,2.0,1.0,1.0,1.0,,,,,,,,3.0,23.0
2024,1,11680580,삼성1동,199,6.0,26.0,,3.0,13.0,1.0,1.0,1.0,1.0,,1.0,,1.0,,,,,3.0,38.0
2024,1,11680590,삼성2동,177,10.0,11.0,,,11.0,,1.0,1.0,,1.0,,,,,,,,4.0,28.0
2024,1,11680600,대치1동,130,4.0,11.0,,,13.0,1.0,1.0,1.0,2.0,1.0,,,,,,,,,24.0
2024,1,11680610,대치2동,210,6.0,26.0,,2.0,20.0,,2.0,1.0,1.0,,,,,,,,,2.0,39.0
2024,1,11680630,대치4동,159,4.0,12.0,1.0,1.0,18.0,,1.0,,,1.0,1.0,,,,,,,,14.0
2024,1,11680640,역삼1동,542,15.0,49.0,1.0,3.0,64.0,1.0,1.0,,,,,,3.0,1.0,,,,1.0,44.0
2024,1,11680650,역삼2동,195,3.0,14.0,,2.0,25.0,,1.0,2.0,1.0,1.0,,,,,,,,,31.0
2024,1,11680655,도곡1동,142,4.0,9.0,1.0,4.0,20.0,2.0,1.0,2.0,1.0,,,,,,,,,1.0,27.0
2024,1,11680656,도곡2동,118,7.0,23.0,,,10.0,2.0,1.0,1.0,2.0,,,,,,,,,3.0,25.0
2024,1,11680660,개포1동,38,1.0,1.0,,,1.0,,1.0,2.0,,,,,,,,,,,29.0
2024,1,11680670,개포2동,135,3.0,3.0,,,9.0,5.0,4.0,1.0,3.0,,,,,,,,,3.0,50.0
2024,1,11680690,개포4동,115,3.0,4.0,,,7.0,,2.0,1.0,1.0,,,,,,,,,,49.0
2024,1,11680700,세곡동,191,4.0,1.0,,,9.0,3.0,4.0,1.0,1.0,,,,,,,,,,95.0
2024,1,11680720,일원본동,103,2.0,6.0,1.0,,15.0,2.0,2.0,1.0,2.0,,,,,,,,,1.0,32.0
2024,1,11680730,일원1동,74,4.0,1.0,,,11.0,1.0,2.0,,1.0,,,,,,,,,,18.0
2024,1,11680740,일원2동,66,3.0,3.0,,,6.0,2.0,1.0,1.0,,,,,,,,,,1.0,13.0
2024,1,11680750,수서동,89,3.0,3.0,,,11.0,2.0,1.0,1.0,2.0,,,,,,,,,2.0,23.0
2024,1,11710510,풍납1동,48,3.0,,,1.0,6.0,1.0,1.0,,,,,,,,,,,,6.0
2024,1,11710520,풍납2동,125,5.0,5.0,1.0,,26.0,2.0,2.0,3.0,1.0,3.0,,,,,,,,1.0,24.0
2024,1,11710531,거여1동,48,2.0,,,,2.0,,1.0,,1.0,,,,,1.0,,,,1.0,6.0
2024,1,11710532,거여2동,78,3.0,3.0,,1.0,12.0,1.0,1.0,1.0,,,,,,,,,,,11.0
2024,1,11710540,마천1동,73,4.0,1.0,,,8.0,1.0,1.0,,,,,,,1.0,,,,1.0,15.0
2024,1,11710550,마천2동,93,3.0,2.0,,,14.0,,1.0,,,,,,,,,,,,12.0
2024,1,11710561,방이1동,73,2.0,1.0,,,10.0,2.0,2.0,1.0,1.0,,,,,,,,,1.0,11.0
2024,1,11710562,방이2동,164,3.0,5.0,,,18.0,,1.0,1.0,,,,,,,,,,1.0,13.0
2024,1,11710566,오륜동,74,4.0,6.0,,,6.0,1.0,2.0,2.0,3.0,11.0,,,,,,,,3.0,15.0
2024,1,11710570,오금동,134,5.0,5.0,,,13.0,3.0,3.0,4.0,2.0,,,,,,,,,3.0,27.0
2024,1,11710580,송파1동,102,2.0,4.0,,3.0,14.0,1.0,1.0,,,,,,,,,,,2.0,13.0
2024,1,11710590,송파2동,79,3.0,1.0,,,11.0,3.0,1.0,2.0,3.0,,,,,,,,,,7.0
2024,1,11710600,석촌동,159,3.0,7.0,,2.0,27.0,3.0,2.0,,,,,,,,,,,,20.0
2024,1,11710610,삼전동,118,4.0,2.0,,,14.0,3.0,1.0,1.0,1.0,,,,,1.0,,,,1.0,12.0
2024,1,11710620,가락본동,144,5.0,9.0,1.0,5.0,21.0,1.0,2.0,2.0,,,,,,,,,,,21.0
2024,1,11710631,가락1동,82,2.0,8.0,,,13.0,1.0,1.0,1.0,,,,1.0,,,,,,3.0,16.0
2024,1,11710632,가락2동,143,3.0,6.0,,,17.0,4.0,2.0,1.0,,,,,,,,,,1.0,22.0
2024,1,11710641,문정1동,70,3.0,1.0,,,5.0,1.0,1.0,1.0,,,,,,,,,,,19.0
2024,1,11710642,문정2동,149,10.0,12.0,,1.0,22.0,,1.0,,,,,,2.0,,,,,3.0,14.0
2024,1,11710646,장지동,136,4.0,3.0,,,10.0,1.0,2.0,1.0,3.0,,,,1.0,,,,,1.0,41.0
2024,1,11710647,위례동,84,3.0,1.0,,,5.0,2.0,2.0,1.0,,,,,,,,,,,32.0
2024,1,11710650,잠실본동,192,5.0,9.0,,1.0,24.0,,1.0,,,,,,,,,,,1.0,12.0
2024,1,11710670,잠실2동,91,4.0,6.0,,,14.0,1.0,2.0,2.0,2.0,,,,,,,,,1.0,5.0
2024,1,11710680,잠실3동,103,5.0,9.0,,,11.0,1.0,3.0,,1.0,,,,,,,,,,16.0
2024,1,11710690,잠실4동,74,3.0,3.0,,,10.0,1.0,2.0,,1.0,,,,,,,,,2.0,7.0
2024,1,11710710,잠실6동,144,4.0,17.0,,1.0,23.0,,1.0,1.0,,,,,1.0,,,,,2.0,13.0
2024,1,11710720,잠실7동,30,2.0,4.0,,,4.0,,1.0,2.0,1.0,,,,,,,,,2.0,3.0
2024,1,11740515,강일동,187,5.0,3.0,,,12.0,2.0,2.0,2.0,1.0,,,,,,,,,3.0,79.0
2024,1,11740520,상일동,105,4.0,2.0,1.0,,8.0,4.0,2.0,2.0,5.0,,,,,,,,,,37.0
2024,1,11740530,명일1동,151,5.0,6.0,,2.0,17.0,,1.0,,,,,,,,,,,1.0,22.0
2024,1,11740540,명일2동,107,3.0,6.0,,,18.0,4.0,2.0,,1.0,,,,,,,,,,18.0
2024,1,11740550,고덕1동,92,3.0,,,,4.0,1.0,2.0,1.0,1.0,,,,,,,,,1.0,26.0
2024,1,11740560,고덕2동,78,3.0,1.0,,,9.0,1.0,2.0,1.0,2.0,,,,,,,,,1.0,25.0
2024,1,11740570,암사1동,90,2.0,1.0,,,8.0,1.0,1.0,,,1.0,,1.0,,,,,,,13.0
2024,1,11740580,암사2동,61,1.0,3.0,,,6.0,1.0,2.0,,,,,,,,,,,1.0,6.0
2024,1,11740590,암사3동,50,2.0,1.0,,,5.0,1.0,,2.0,1.0,,,,,,,,,,12.0
2024,1,11740600,천호1동,92,4.0,1.0,,,11.0,,1.0,1.0,1.0,1.0,,,1.0,,,,,1.0,11.0
2024,1,11740610,천호2동,203,4.0,3.0,,1.0,26.0,1.0,1.0,1.0,,,,,,3.0,,,,,22.0
2024,1,11740620,천호3동,115,4.0,3.0,,2.0,14.0,,,1.0,,,,,,1.0,,,,,11.0
2024,1,11740640,성내1동,98,6.0,4.0,,2.0,9.0,1.0,2.0,1.0,,1.0,,,1.0,,,,,,20.0
2024,1,11740650,성내2동,113,2.0,3.0,,4.0,14.0,,,,,,,,1.0,,,,,3.0,16.0
2024,1,11740660,성내3동,136,4.0,5.0,,,13.0,2.0,,,,2.0,,,,,,,,1.0,13.0
2024,1,11740685,길동,242,6.0,10.0,1.0,4.0,34.0,4.0,3.0,1.0,,1.0,,,,,,,,1.0,36.0
2024,1,11740690,둔촌1동,14,,,,,,,2.0,,1.0,,,,,,,,,1.0,6.0
2024,1,11740700,둔촌2동,129,5.0,4.0,1.0,,17.0,2.0,1.0,2.0,1.0,,,,,,,,,1.0,32.0
2024,2,11110515,청운효자동,93,6.0,3.0,,,4.0,1.0,1.0,2.0,2.0,8.0,,,,,,,,,26.0
2024,2,11110530,사직동,206,18.0,24.0,,,15.0,,1.0,,1.0,1.0,,,3.0,,,,,2.0,34.0
2024,2,11110540,삼청동,49,10.0,4.0,,1.0,1.0,,,1.0,1.0,2.0,,,,,,,,,16.0
2024,2,11110550,부암동,84,4.0,2.0,,,1.0,1.0,2.0,1.0,1.0,14.0,,,,,,,,,38.0
2024,2,11110560,평창동,162,6.0,2.0,,1.0,5.0,1.0,,,1.0,2.0,,,,,,,,,91.0
2024,2,11110570,무악동,42,2.0,1.0,1.0,,4.0,1.0,1.0,,,,,,,,,,,1.0,7.0
2024,2,11110580,교남동,78,4.0,3.0,2.0,,17.0,,,,1.0,1.0,,,,,,,,,26.0
2024,2,11110600,가회동,63,5.0,3.0,,,1.0,1.0,1.0,1.0,2.0,1.0,,,,,,,,,22.0
2024,2,11110615,종로1?2?3?4가동,500,19.0,35.0,,,47.0,1.0,2.0,,,4.0,,1.0,5.0,17.0,,,,5.0,72.0
2024,2,11110630,종로5?6가동,212,7.0,8.0,,,31.0,,1.0,,,1.0,,4.0,,3.0,,,,1.0,23.0
2024,2,11110640,이화동,119,4.0,4.0,1.0,,11.0,,,2.0,,37.0,,,,,,,,1.0,28.0
2024,2,11110650,혜화동,145,6.0,5.0,,,16.0,3.0,1.0,1.0,4.0,26.0,,,1.0,,,,,,36.0
2024,2,11110670,창신1동,111,3.0,4.0,,,9.0,,2.0,,,,,1.0,,7.0,,,,2.0,11.0
2024,2,11110680,창신2동,38,2.0,1.0,,,5.0,,,,,,,,,,,,,,
2024,2,11110690,창신3동,24,3.0,,,,1.0,,1.0,,1.0,,,,,,,,,1.0,5.0
2024,2,11110700,숭인1동,43,3.0,1.0,,,3.0,1.0,,,,,,,,,,,,,14.0
2024,2,11110710,숭인2동,89,4.0,3.0,,1.0,4.0,,,,,,,2.0,,3.0,,,,2.0,6.0
2024,2,11140520,소공동,231,13.0,29.0,,,10.0,,1.0,4.0,3.0,,1.0,,3.0,3.0,,,,3.0,37.0
2024,2,11140540,회현동,211,9.0,17.0,,,16.0,1.0,,,,2.0,,2.0,1.0,2.0,,,,6.0,35.0
2024,2,11140550,명동,542,20.0,46.0,,,35.0,,1.0,,,4.0,,,3.0,12.0,,,,1.0,29.0
2024,2,11140570,필동,123,6.0,9.0,1.0,,7.0,,2.0,,1.0,19.0,,,2.0,1.0,,,,2.0,15.0
2024,2,11140580,장충동,63,6.0,2.0,,,1.0,,1.0,,,3.0,,,1.0,2.0,,,,1.0,13.0
2024,2,11140590,광희동,185,3.0,16.0,1.0,,14.0,,,1.0,,,,1.0,3.0,11.0,,,,3.0,19.0
2024,2,11140605,을지로동,145,5.0,10.0,,,13.0,,,,,,,1.0,2.0,3.0,,,,4.0,20.0
2024,2,11140615,신당동,99,7.0,5.0,,1.0,12.0,,1.0,1.0,3.0,,,3.0,,1.0,,,,2.0,8.0
2024,2,11140625,다산동,86,3.0,4.0,,1.0,9.0,,1.0,1.0,1.0,,,,,1.0,,,,1.0,7.0
2024,2,11140635,약수동,87,4.0,2.0,,1.0,12.0,2.0,,,,,,,,,,,,2.0,12.0
2024,2,11140645,청구동,34,2.0,,,,3.0,1.0,2.0,1.0,1.0,,,,,,,,,,5.0
2024,2,11140650,신당5동,65,4.0,2.0,,,5.0,,1.0,,2.0,,,,,,,,,,12.0
2024,2,11140665,동화동,47,3.0,1.0,,,5.0,,1.0,1.0,,,,,,,,,,2.0,4.0
2024,2,11140670,황학동,76,1.0,6.0,,,10.0,,,,,,,,,7.0,,,,,6.0
2024,2,11140680,중림동,77,3.0,2.0,,,7.0,,1.0,,2.0,1.0,,,,5.0,,,,,14.0
2024,2,11170510,후암동,80,6.0,1.0,,,7.0,1.0,2.0,,1.0,,,2.0,,,,,,,18.0
2024,2,11170520,용산2가동,63,3.0,,,,4.0,,1.0,2.0,2.0,,,,,,,,,1.0,29.0
2024,2,11170530,남영동,147,7.0,5.0,,,14.0,,,1.0,,,,,,12.0,,,,3.0,26.0
2024,2,11170555,청파동,128,7.0,2.0,,1.0,11.0,,2.0,2.0,4.0,22.0,,1.0,,1.0,,,,,35.0
2024,2,11170560,원효로1동,94,6.0,3.0,,,6.0,1.0,1.0,,,3.0,,4.0,,,,,,,31.0
2024,2,11170570,원효로2동,69,4.0,2.0,,,4.0,2.0,1.0,1.0,1.0,,,2.0,,,,,,,27.0
2024,2,11170580,효창동,66,1.0,1.0,,,5.0,,1.0,,1.0,1.0,,,,,,,,2.0,22.0
2024,2,11170590,용문동,54,1.0,,,,3.0,,,,,,,,,,,,,,22.0
2024,2,11170625,한강로동,242,19.0,19.0,,,21.0,,2.0,,1.0,,,5.0,3.0,2.0,,,,7.0,41.0
2024,2,11170630,이촌1동,102,4.0,9.0,,1.0,12.0,2.0,1.0,1.0,1.0,,,1.0,,,,,,,14.0
2024,2,11170640,이촌2동,26,2.0,,,,1.0,,,,,,,,,,,,,,11.0
2024,2,11170650,이태원1동,71,8.0,5.0,,,3.0,,1.0,,,,,3.0,,,,,,1.0,14.0
2024,2,11170660,이태원2동,60,8.0,5.0,,,3.0,1.0,1.0,,1.0,,,,,,,,,,22.0
2024,2,11170685,한남동,171,30.0,11.0,1.0,,13.0,3.0,1.0,,,,,3.0,,,,,,2.0,36.0
2024,2,11170690,서빙고동,61,15.0,1.0,,,1.0,,1.0,1.0,,,,,,,,,,1.0,21.0
2024,2,11170700,보광동,70,4.0,1.0,,,8.0,1.0,,1.0,1.0,6.0,,,,,,,,,14.0
2024,2,11200520,왕십리2동,63,2.0,,,,5.0,1.0,1.0,,,,,,,,,,,1.0,18.0
2024,2,11200535,왕십리도선동,189,4.0,4.0,,2.0,20.0,2.0,2.0,,2.0,,,,,,,,,,26.0
2024,2,11200540,마장동,111,6.0,5.0,,,8.0,2.0,2.0,2.0,,,,,,,,,,1.0,29.0
2024,2,11200550,사근동,128,5.0,3.0,1.0,,10.0,,2.0,1.0,2.0,52.0,,1.0,,,,,,2.0,34.0
2024,2,11200560,행당1동,130,9.0,4.0,,2.0,13.0,1.0,1.0,,,,,1.0,1.0,,,,,4.0,30.0
2024,2,11200570,행당2동,79,2.0,2.0,,,4.0,1.0,1.0,1.0,1.0,,,,,,,,,1.0,24.0
2024,2,11200580,응봉동,56,3.0,,,,2.0,,1.0,1.0,,,,,,,,,,1.0,30.0
2024,2,11200590,금호1가동,88,2.0,,,,6.0,1.0,1.0,,1.0,,,,,,,,,1.0,45.0
2024,2,11200615,금호2?3가동,135,3.0,2.0,,,13.0,,1.0,,,,,,,,,,,,46.0
2024,2,11200620,금호4가동,84,3.0,3.0,,,6.0,1.0,2.0,,,,,,,,,,,1.0,27.0
2024,2,11200645,옥수동,129,4.0,2.0,,,10.0,2.0,2.0,1.0,1.0,,,,,,,,,2.0,45.0
2024,2,11200650,성수1가1동,83,4.0,2.0,,,4.0,1.0,2.0,1.0,1.0,,,,1.0,,,,,1.0,33.0
2024,2,11200660,성수1가2동,79,3.0,6.0,,,6.0,,,1.0,1.0,1.0,,,,,,,,1.0,12.0
2024,2,11200670,성수2가1동,109,3.0,3.0,,,13.0,,1.0,2.0,1.0,,,2.0,,1.0,,,,,38.0
2024,2,11200690,성수2가3동,104,3.0,16.0,,,11.0,,2.0,,,,,,1.0,,,,,1.0,20.0
2024,2,11200720,송정동,44,2.0,,,1.0,5.0,,1.0,,,,,,,,,,,,17.0
2024,2,11200790,용답동,82,7.0,2.0,,,8.0,,1.0,,,,,1.0,,,,,,2.0,11.0
2024,2,11215710,화양동,167,3.0,5.0,1.0,,17.0,,2.0,2.0,1.0,34.0,,,1.0,,,,,2.0,16.0
2024,2,11215730,군자동,135,5.0,5.0,,1.0,12.0,1.0,2.0,,,20.0,,,1.0,,,,,,23.0
2024,2,11215740,중곡1동,74,2.0,,,,10.0,1.0,,,,,,1.0,,,,,,,19.0
2024,2,11215750,중곡2동,104,2.0,4.0,,,14.0,1.0,1.0,,,,,,,,,,,2.0,21.0
2024,2,11215760,중곡3동,97,3.0,1.0,,1.0,9.0,,2.0,,,,,1.0,,,,,,1.0,29.0
2024,2,11215770,중곡4동,105,2.0,2.0,,,7.0,,1.0,1.0,2.0,,,,,,,,,,37.0
2024,2,11215780,능동,47,4.0,,,1.0,5.0,,1.0,,1.0,,,,,,,,,1.0,5.0
2024,2,11215810,광장동,139,5.0,9.0,,,9.0,3.0,3.0,3.0,1.0,11.0,,,,,,,,1.0,32.0
2024,2,11215820,자양1동,106,3.0,4.0,1.0,,14.0,1.0,1.0,,,2.0,,,,,,,,,17.0
2024,2,11215830,자양2동,95,2.0,1.0,,,8.0,2.0,4.0,2.0,1.0,,,1.0,,,,,,,21.0
2024,2,11215840,자양3동,105,2.0,6.0,,,8.0,2.0,2.0,1.0,1.0,1.0,1.0,,1.0,,,,,,30.0
2024,2,11215847,자양4동,106,5.0,2.0,,1.0,15.0,1.0,,1.0,,,,1.0,1.0,,,,,1.0,16.0
2024,2,11215850,구의1동,77,2.0,4.0,,,9.0,1.0,,1.0,1.0,,,,,,,,,1.0,16.0
2024,2,11215860,구의2동,112,3.0,2.0,,1.0,9.0,3.0,2.0,,,1.0,,,,,,,,1.0,24.0
2024,2,11215870,구의3동,133,5.0,4.0,,,16.0,2.0,1.0,,,,,1.0,1.0,,,,1.0,1.0,25.0
2024,2,11230536,용신동,231,10.0,8.0,1.0,4.0,20.0,1.0,1.0,1.0,1.0,,,1.0,,5.0,,,,5.0,41.0
2024,2,11230545,제기동,288,4.0,5.0,,1.0,22.0,2.0,2.0,2.0,1.0,1.0,,3.0,,14.0,,,,1.0,30.0
2024,2,11230560,전농1동,152,5.0,2.0,,1.0,13.0,3.0,1.0,1.0,1.0,,,,1.0,5.0,,,,3.0,35.0
2024,2,11230570,전농2동,102,2.0,2.0,,,12.0,3.0,3.0,2.0,1.0,27.0,,,,,,,,,15.0
2024,2,11230600,답십리1동,124,4.0,5.0,,,9.0,,2.0,1.0,,,,,,,,,,,25.0
2024,2,11230610,답십리2동,108,3.0,2.0,,2.0,13.0,3.0,1.0,,,,,3.0,,,,,,,19.0
2024,2,11230650,장안1동,192,5.0,11.0,,4.0,26.0,2.0,2.0,2.0,,,,,,,,,,1.0,43.0
2024,2,11230660,장안2동,168,3.0,2.0,,2.0,21.0,1.0,2.0,,1.0,1.0,,,1.0,1.0,,,,,38.0
2024,2,11230705,청량리동,154,9.0,4.0,1.0,,16.0,2.0,1.0,1.0,1.0,1.0,,,,2.0,,,,,34.0
2024,2,11230710,회기동,84,3.0,5.0,1.0,,10.0,1.0,3.0,1.0,1.0,14.0,,,,,,,,,10.0
2024,2,11230720,휘경1동,82,2.0,1.0,,,12.0,,,,,,,,,1.0,,,,3.0,18.0
2024,2,11230730,휘경2동,84,5.0,1.0,1.0,,5.0,1.0,2.0,3.0,3.0,4.0,,,,,,,,,27.0
2024,2,11230740,이문1동,147,5.0,2.0,,,13.0,3.0,,,2.0,30.0,,,,,,,,1.0,26.0
2024,2,11230750,이문2동,71,2.0,,,,6.0,1.0,1.0,,,2.0,,,,,,,,1.0,17.0
2024,2,11260520,면목2동,112,3.0,,,1.0,11.0,2.0,2.0,,,,,8.0,,1.0,,,,,25.0
2024,2,11260540,면목4동,61,2.0,,,,5.0,1.0,1.0,1.0,,,,,,,,,,1.0,15.0
2024,2,11260550,면목5동,42,2.0,1.0,,,3.0,,,,,,,4.0,,,,,,,13.0
2024,2,11260565,면목본동,168,4.0,2.0,,,18.0,1.0,2.0,,,,,13.0,,1.0,,,,1.0,30.0
2024,2,11260570,면목7동,108,2.0,2.0,,1.0,11.0,,1.0,,,,,1.0,,,,,,,18.0
2024,2,11260575,면목3?8동,150,4.0,1.0,1.0,,17.0,1.0,2.0,2.0,1.0,8.0,,,,1.0,,,,1.0,34.0
2024,2,11260580,상봉1동,78,3.0,1.0,,1.0,8.0,2.0,1.0,2.0,1.0,,,,,,,,,4.0,12.0
2024,2,11260590,상봉2동,127,4.0,3.0,,1.0,10.0,,,,,,,,2.0,2.0,,,1.0,1.0,18.0
2024,2,11260600,중화1동,79,2.0,1.0,,1.0,7.0,1.0,2.0,2.0,1.0,,,,,,,,,,14.0
2024,2,11260610,중화2동,123,2.0,3.0,,,14.0,,,,,,,2.0,,,,,,3.0,32.0
2024,2,11260620,묵1동,144,4.0,2.0,,2.0,11.0,2.0,1.0,2.0,2.0,,,,,,,,,,34.0
2024,2,11260630,묵2동,92,3.0,4.0,,,7.0,,2.0,,,,,,1.0,,,,,1.0,19.0
2024,2,11260655,망우본동,238,9.0,4.0,1.0,4.0,25.0,1.0,2.0,3.0,4.0,,,9.0,,2.0,,,,2.0,54.0
2024,2,11260660,망우3동,54,1.0,1.0,,1.0,3.0,,2.0,,1.0,,,3.0,,,,,,,11.0
2024,2,11260680,신내1동,160,3.0,2.0,1.0,,13.0,2.0,2.0,,,,,,,,,,,1.0,53.0
2024,2,11260690,신내2동,104,6.0,3.0,,,12.0,3.0,4.0,,,,,,,,,,,,21.0
2024,2,11290525,성북동,166,6.0,4.0,,,6.0,2.0,1.0,3.0,2.0,5.0,,,,,,,,,55.0
2024,2,11290555,삼선동,163,7.0,5.0,,,14.0,,1.0,1.0,2.0,14.0,,,,,,,,2.0,46.0
2024,2,11290575,동선동,146,1.0,4.0,,1.0,13.0,1.0,2.0,2.0,1.0,12.0,,,1.0,,,,,1.0,19.0
2024,2,11290580,돈암1동,42,1.0,,,,2.0,2.0,2.0,2.0,1.0,,,,,,,,,,15.0
2024,2,11290590,돈암2동,88,4.0,2.0,,,4.0,6.0,1.0,,,,,,1.0,,,,,,38.0
2024,2,11290600,안암동,167,4.0,6.0,1.0,1.0,10.0,,1.0,1.0,1.0,71.0,,,,,,,,1.0,35.0
2024,2,11290610,보문동,77,4.0,4.0,,,6.0,,2.0,,,,,,,1.0,,,,2.0,10.0
2024,2,11290620,정릉1동,63,2.0,,,,6.0,2.0,,,,1.0,,,,,,,,,19.0
2024,2,11290630,정릉2동,110,4.0,3.0,,,6.0,1.0,2.0,,,,,,,,,,,1.0,50.0
2024,2,11290640,정릉3동,124,4.0,1.0,,,2.0,,1.0,3.0,1.0,28.0,,,,,,,,,38.0
2024,2,11290650,정릉4동,133,7.0,3.0,,,12.0,2.0,1.0,,2.0,11.0,,,,,,,,1.0,40.0
2024,2,11290660,길음1동,129,3.0,4.0,,,10.0,2.0,3.0,1.0,1.0,,,1.0,,,,,,1.0,26.0
2024,2,11290685,길음2동,112,5.0,,,3.0,14.0,,,,,,,,,,,,,,23.0
2024,2,11290705,종암동,189,7.0,2.0,,1.0,17.0,3.0,2.0,2.0,1.0,2.0,,,,,,,,,56.0
2024,2,11290715,월곡1동,108,2.0,3.0,,,10.0,,2.0,1.0,1.0,,,,,1.0,,,,,30.0
2024,2,11290725,월곡2동,135,6.0,4.0,,,12.0,2.0,,1.0,,12.0,,,,,,,,2.0,34.0
2024,2,11290760,장위1동,103,4.0,1.0,,,8.0,6.0,1.0,1.0,,,,,,,,,,,37.0
2024,2,11290770,장위2동,89,3.0,2.0,,,11.0,1.0,3.0,,,,,,,,,,,1.0,27.0
2024,2,11290780,장위3동,82,1.0,,,,5.0,1.0,2.0,1.0,,1.0,,1.0,,,,,,,39.0
2024,2,11290810,석관동,154,6.0,3.0,,,16.0,2.0,2.0,1.0,1.0,,,1.0,,2.0,,,,2.0,32.0
2024,2,11305534,삼양동,165,4.0,1.0,,,14.0,3.0,2.0,,1.0,,,,,,,,,3.0,34.0
2024,2,11305535,미아동,144,3.0,3.0,,1.0,14.0,,,,1.0,4.0,,,,,,,,1.0,28.0
2024,2,11305545,송중동,212,4.0,1.0,,2.0,18.0,4.0,2.0,,1.0,2.0,1.0,,1.0,,,,,,69.0
2024,2,11305555,송천동,164,9.0,5.0,,1.0,17.0,,1.0,2.0,2.0,,,2.0,,,,,,1.0,24.0
2024,2,11305575,삼각산동,114,2.0,1.0,,,9.0,1.0,,1.0,1.0,1.0,,,,,,,,,36.0
2024,2,11305595,번1동,136,3.0,3.0,,1.0,14.0,1.0,1.0,1.0,,,,,1.0,,,,,,30.0
2024,2,11305603,번2동,110,5.0,,,,7.0,1.0,,1.0,,,,,,1.0,,,,,54.0
2024,2,11305608,번3동,95,3.0,1.0,,,8.0,,2.0,,,,,,,,,,,,37.0
2024,2,11305615,수유1동,153,4.0,2.0,,,12.0,,2.0,3.0,1.0,,,1.0,,,,,,1.0,40.0
2024,2,11305625,수유2동,85,3.0,,,,12.0,3.0,,,,,,,,,,,,1.0,15.0
2024,2,11305635,수유3동,158,4.0,6.0,,1.0,16.0,,,1.0,,,,,1.0,,,,,1.0,30.0
2024,2,11305645,우이동,132,2.0,,,,7.0,1.0,,1.0,,2.0,,,,,,,,3.0,54.0
2024,2,11305660,인수동,175,13.0,2.0,1.0,2.0,14.0,2.0,2.0,2.0,,5.0,,1.0,,,,,,,57.0
2024,2,11320511,창1동,94,3.0,2.0,,,7.0,1.0,1.0,2.0,1.0,,,,,,,,,1.0,28.0
2024,2,11320512,창2동,95,3.0,,,1.0,8.0,1.0,1.0,,,,,,,,,,,,44.0
2024,2,11320513,창3동,66,1.0,,,,7.0,1.0,2.0,,,,,1.0,,,,,,,25.0
2024,2,11320514,창4동,130,7.0,4.0,,,8.0,1.0,2.0,1.0,2.0,,,,,,,,,,51.0
2024,2,11320515,창5동,119,7.0,3.0,,3.0,12.0,1.0,3.0,,,,,,2.0,,,,,2.0,24.0
2024,2,11320521,도봉1동,122,4.0,1.0,,,9.0,2.0,2.0,1.0,1.0,2.0,,1.0,,,,,,,38.0
2024,2,11320522,도봉2동,127,8.0,3.0,,,7.0,1.0,1.0,1.0,1.0,1.0,,,,1.0,,,,3.0,49.0
2024,2,11320660,쌍문1동,126,6.0,1.0,,1.0,4.0,1.0,3.0,,1.0,17.0,,,,,,,,,54.0
2024,2,11320670,쌍문2동,87,3.0,1.0,,1.0,10.0,1.0,1.0,1.0,,,,,,2.0,,,,,19.0
2024,2,11320680,쌍문3동,78,3.0,3.0,1.0,,12.0,,,1.0,,,,,,1.0,,,,1.0,17.0
2024,2,11320681,쌍문4동,64,1.0,,,,4.0,5.0,2.0,2.0,3.0,,,,,,,,,,23.0
2024,2,11320690,방학1동,148,6.0,6.0,,2.0,15.0,2.0,1.0,1.0,1.0,,,,,,,,,1.0,39.0
2024,2,11320700,방학2동,64,3.0,,,,7.0,,1.0,1.0,,,,,,,,,,,23.0
2024,2,11320710,방학3동,112,3.0,3.0,,,6.0,3.0,3.0,1.0,,,,,,,,,,,47.0
2024,2,11350560,월계1동,159,4.0,2.0,,,10.0,2.0,1.0,1.0,1.0,17.0,,,,,,,,,59.0
2024,2,11350570,월계2동,136,4.0,,,,5.0,3.0,2.0,3.0,4.0,11.0,,,,,,,,1.0,64.0
2024,2,11350580,월계3동,135,5.0,3.0,,,8.0,4.0,3.0,1.0,,,,,,,,,,2.0,47.0
2024,2,11350595,공릉1동,211,4.0,6.0,,4.0,21.0,3.0,3.0,,,1.0,,1.0,,,,,,3.0,54.0
2024,2,11350600,공릉2동,271,7.0,6.0,1.0,,14.0,3.0,4.0,4.0,2.0,64.0,,1.0,,,,,,1.0,63.0
2024,2,11350611,하계1동,133,4.0,3.0,1.0,,9.0,1.0,1.0,2.0,4.0,16.0,,,,,,,,,41.0
2024,2,11350612,하계2동,67,2.0,1.0,,,4.0,2.0,2.0,1.0,,,,,,,,,,1.0,28.0
2024,2,11350619,중계본동,95,5.0,2.0,,,7.0,3.0,2.0,,3.0,,,,,,,,,,21.0
2024,2,11350621,중계1동,85,2.0,3.0,,,7.0,,2.0,1.0,2.0,,,,,,,,,,18.0
2024,2,11350624,중계4동,81,2.0,3.0,,,14.0,1.0,1.0,3.0,2.0,,,,,,,,,,6.0
2024,2,11350625,중계2?3동,142,7.0,2.0,,,10.0,4.0,4.0,1.0,3.0,,,,2.0,,,,,1.0,39.0
2024,2,11350630,상계1동,190,5.0,2.0,,,14.0,3.0,3.0,2.0,1.0,,,,1.0,,,,,1.0,38.0
2024,2,11350640,상계2동,182,2.0,1.0,,2.0,19.0,1.0,1.0,1.0,,,,,1.0,,,,,2.0,33.0
2024,2,11350665,상계3?4동,107,4.0,1.0,,,9.0,3.0,2.0,,,1.0,,,,2.0,,,,1.0,11.0
2024,2,11350670,상계5동,105,2.0,1.0,,,11.0,,1.0,,,,,,,3.0,,,,1.0,36.0
2024,2,11350695,상계6?7동,253,9.0,11.0,1.0,1.0,29.0,,3.0,2.0,1.0,4.0,,,1.0,,,,,,40.0
2024,2,11350700,상계8동,92,3.0,3.0,,,7.0,,,1.0,,,,,,,,,,1.0,15.0
2024,2,11350710,상계9동,78,3.0,4.0,,,6.0,1.0,3.0,2.0,2.0,,,,,,,,,,18.0
2024,2,11350720,상계10동,64,3.0,,,,1.0,1.0,2.0,1.0,1.0,,,,,,,,,,30.0
2024,2,11380510,녹번동,148,8.0,3.0,,2.0,12.0,1.0,3.0,,,,,1.0,1.0,,,,,2.0,35.0
2024,2,11380520,불광1동,198,6.0,4.0,,1.0,17.0,4.0,2.0,,,,,,1.0,,,,,3.0,49.0
2024,2,11380530,불광2동,113,6.0,1.0,,,5.0,,3.0,3.0,1.0,,,3.0,,,,,,,32.0
2024,2,11380551,갈현1동,133,2.0,2.0,1.0,,13.0,1.0,,,,,,,,,,,,2.0,48.0
2024,2,11380552,갈현2동,121,3.0,1.0,,1.0,15.0,5.0,2.0,1.0,5.0,,,,,,,,,1.0,34.0
2024,2,11380560,구산동,127,3.0,,,1.0,8.0,3.0,3.0,2.0,3.0,,,,,,,,,,38.0
2024,2,11380570,대조동,205,3.0,5.0,,1.0,24.0,,2.0,,2.0,,,,1.0,,,,,,32.0
2024,2,11380580,응암1동,133,5.0,5.0,,1.0,20.0,1.0,1.0,1.0,1.0,,,,,,,,,,27.0
2024,2,11380590,응암2동,91,3.0,1.0,,1.0,10.0,2.0,1.0,,,,,,,,,,,,37.0
2024,2,11380600,응암3동,138,3.0,3.0,,1.0,16.0,1.0,1.0,2.0,1.0,,,2.0,,,,,,,31.0
2024,2,11380625,역촌동,176,5.0,5.0,,2.0,18.0,2.0,1.0,,,,,,,,,,,,51.0
2024,2,11380631,신사1동,94,3.0,,,,8.0,3.0,,1.0,,5.0,,,,,,,,1.0,22.0
2024,2,11380632,신사2동,82,4.0,,,,5.0,,3.0,1.0,1.0,,,,,,,,,1.0,35.0
2024,2,11380640,증산동,83,3.0,,,,8.0,1.0,1.0,2.0,,,,2.0,,,,,,1.0,16.0
2024,2,11380650,수색동,60,5.0,2.0,,,5.0,1.0,1.0,,,,,2.0,,,,,,1.0,22.0
2024,2,11380690,진관동,242,6.0,6.0,,,22.0,6.0,6.0,2.0,4.0,,,,1.0,,,,,1.0,81.0
2024,2,11410520,천연동,127,4.0,1.0,,,4.0,,1.0,1.0,1.0,11.0,,,,1.0,,,,,44.0
2024,2,11410555,북아현동,76,2.0,2.0,,1.0,7.0,1.0,1.0,,1.0,,,,,,,,,,17.0
2024,2,11410565,충현동,184,9.0,8.0,,,7.0,1.0,3.0,1.0,2.0,24.0,,,,,,,,3.0,58.0
2024,2,11410585,신촌동,368,6.0,10.0,1.0,,22.0,1.0,3.0,1.0,1.0,109.0,1.0,,4.0,3.0,,,,2.0,60.0
2024,2,11410615,연희동,201,7.0,7.0,,1.0,16.0,,1.0,3.0,1.0,13.0,,,1.0,1.0,,,,,70.0
2024,2,11410620,홍제1동,135,3.0,2.0,,,10.0,2.0,2.0,,,1.0,,,,1.0,,,,1.0,40.0
2024,2,11410640,홍제3동,129,3.0,3.0,,2.0,14.0,1.0,2.0,1.0,,3.0,,4.0,,6.0,,,,1.0,46.0
2024,2,11410655,홍제2동,56,1.0,,,,6.0,3.0,,,,,,,,1.0,,,,,15.0
2024,2,11410660,홍은1동,86,3.0,,,,7.0,1.0,1.0,,,,,,,1.0,,,,,32.0
2024,2,11410685,홍은2동,161,4.0,2.0,1.0,,8.0,,2.0,3.0,1.0,12.0,,,,,,,,,83.0
2024,2,11410690,남가좌1동,94,2.0,3.0,,1.0,9.0,,1.0,,,,,1.0,,1.0,,,,1.0,20.0
2024,2,11410700,남가좌2동,117,4.0,4.0,,,12.0,4.0,1.0,1.0,,8.0,,,,,,,,,24.0
2024,2,11410710,북가좌1동,60,1.0,2.0,,,5.0,2.0,1.0,1.0,1.0,,,,,,,,,,13.0
2024,2,11410720,북가좌2동,115,3.0,3.0,,,12.0,2.0,,,,,,,,,,,,,39.0
2024,2,11440555,아현동,145,5.0,8.0,,,16.0,1.0,1.0,1.0,1.0,,,,,1.0,,,,2.0,23.0
2024,2,11440565,공덕동,172,7.0,9.0,,,21.0,1.0,3.0,,,,,2.0,,,,,,4.0,39.0
2024,2,11440585,도화동,144,4.0,7.0,,,15.0,2.0,1.0,,,,,,1.0,1.0,,,,1.0,38.0
2024,2,11440590,용강동,90,7.0,6.0,,1.0,10.0,2.0,1.0,,,,,,,,,,,1.0,24.0
2024,2,11440600,대흥동,209,5.0,5.0,,,18.0,,3.0,1.0,1.0,27.0,,,,3.0,,,,3.0,38.0
2024,2,11440610,염리동,52,3.0,1.0,,,3.0,1.0,1.0,2.0,3.0,,,,,2.0,,,,,10.0
2024,2,11440630,신수동,76,4.0,1.0,,1.0,5.0,1.0,1.0,1.0,1.0,,,,,,,,,,24.0
2024,2,11440655,서강동,156,6.0,4.0,,,7.0,1.0,1.0,,,20.0,,,,,,,,2.0,64.0
2024,2,11440660,서교동,358,13.0,22.0,,,31.0,1.0,1.0,,,2.0,,,5.0,3.0,,,,7.0,88.0
2024,2,11440680,합정동,109,4.0,3.0,,,10.0,1.0,1.0,1.0,,,,,,,,,,,32.0
2024,2,11440690,망원1동,95,2.0,2.0,,,11.0,,,,,,,,,1.0,,,,,23.0
2024,2,11440700,망원2동,83,4.0,1.0,,,6.0,1.0,2.0,,,,,,,,,,,,33.0
2024,2,11440710,연남동,52,2.0,1.0,,,2.0,1.0,,1.0,2.0,,,,,,,,,,23.0
2024,2,11440720,성산1동,86,4.0,2.0,,,5.0,1.0,2.0,2.0,1.0,1.0,,,,1.0,,,,,29.0
2024,2,11440730,성산2동,158,6.0,3.0,,,13.0,2.0,3.0,2.0,,,,1.0,1.0,,,,,2.0,47.0
2024,2,11440740,상암동,247,10.0,11.0,,,14.0,3.0,3.0,1.0,1.0,,,1.0,,,,,,4.0,104.0
2024,2,11470510,목1동,190,5.0,12.0,,1.0,21.0,1.0,1.0,1.0,1.0,2.0,,,2.0,,,,,2.0,29.0
2024,2,11470520,목2동,97,3.0,2.0,,1.0,13.0,3.0,1.0,,,,,,,1.0,,,,1.0,18.0
2024,2,11470530,목3동,96,3.0,4.0,,,11.0,1.0,,1.0,,,,,,,,,,,7.0
2024,2,11470540,목4동,84,3.0,3.0,,,9.0,1.0,1.0,1.0,1.0,,,,,,,,,,14.0
2024,2,11470550,목5동,143,8.0,9.0,1.0,,12.0,4.0,3.0,2.0,2.0,,,,,,,,,,52.0
2024,2,11470560,신월1동,71,3.0,3.0,,,12.0,1.0,,,,,,,,,,,,,9.0
2024,2,11470570,신월2동,65,3.0,1.0,,,6.0,1.0,2.0,2.0,,,,,,,,,,,12.0
2024,2,11470580,신월3동,70,2.0,1.0,,,7.0,1.0,1.0,2.0,3.0,,,,,,,,,,8.0
2024,2,11470590,신월4동,63,2.0,1.0,,,6.0,3.0,1.0,,,,,,,,,,,,11.0
2024,2,11470600,신월5동,54,3.0,,,1.0,3.0,2.0,1.0,2.0,,,,,,,,,,,12.0
2024,2,11470610,신월6동,47,1.0,2.0,,1.0,5.0,1.0,1.0,1.0,,,,,,,,,,,15.0
2024,2,11470611,신월7동,74,6.0,1.0,,,10.0,2.0,,1.0,,,,,,,,,,,21.0
2024,2,11470620,신정1동,94,7.0,3.0,,,9.0,2.0,2.0,1.0,,,,,,,,,,,26.0
2024,2,11470630,신정2동,71,3.0,1.0,,,7.0,1.0,2.0,1.0,,,,,,,,,,,20.0
2024,2,11470640,신정3동,203,4.0,1.0,,,15.0,1.0,3.0,1.0,4.0,,,,,,,,,1.0,81.0
2024,2,11470650,신정4동,161,3.0,8.0,1.0,1.0,16.0,3.0,2.0,,2.0,,,,,,,,,1.0,18.0
2024,2,11470670,신정6동,72,7.0,6.0,,,2.0,2.0,,1.0,1.0,,,,,,,,,,31.0
2024,2,11470680,신정7동,107,3.0,2.0,,,8.0,3.0,3.0,1.0,1.0,,,,,,,,,1.0,30.0
2024,2,11500510,염창동,147,5.0,3.0,,1.0,15.0,,2.0,2.0,,,,,,,,,,2.0,35.0
2024,2,11500520,등촌1동,95,1.0,5.0,,1.0,10.0,,1.0,,,,,,1.0,,,,,,20.0
2024,2,11500530,등촌2동,58,3.0,,,1.0,6.0,2.0,2.0,2.0,2.0,,,,,,,,,,8.0
2024,2,11500535,등촌3동,184,6.0,3.0,1.0,2.0,18.0,2.0,5.0,2.0,4.0,,,,1.0,,,,,,55.0
2024,2,11500540,화곡1동,226,3.0,2.0,,2.0,26.0,,2.0,1.0,,,,,1.0,,,,,2.0,27.0
2024,2,11500550,화곡2동,65,2.0,,,,3.0,2.0,1.0,,,,,,,,,,,,30.0
2024,2,11500560,화곡3동,87,4.0,3.0,,,8.0,2.0,,,,,,,,,,,,,12.0
2024,2,11500570,화곡4동,101,4.0,2.0,,,14.0,3.0,1.0,,2.0,,,,,,,,,,30.0
2024,2,11500590,화곡본동,145,3.0,,,1.0,11.0,1.0,2.0,,,,,,,,,,,,31.0
2024,2,11500591,화곡6동,118,7.0,5.0,,,8.0,2.0,1.0,,,9.0,,,,,,,,,29.0
2024,2,11500593,화곡8동,95,2.0,3.0,,,8.0,1.0,,,,,,,,,,,,1.0,33.0
2024,2,11500603,가양1동,279,5.0,13.0,,,20.0,3.0,1.0,1.0,1.0,,,,1.0,2.0,,,,5.0,69.0
2024,2,11500604,가양2동,75,4.0,3.0,,,7.0,3.0,1.0,1.0,1.0,,,,,,,,,1.0,14.0
2024,2,11500605,가양3동,52,3.0,,,,4.0,3.0,2.0,1.0,1.0,,,,,,,,,1.0,13.0
2024,2,11500611,발산1동,246,3.0,9.0,1.0,2.0,33.0,2.0,3.0,4.0,8.0,,,1.0,,,,,,,63.0
2024,2,11500615,우장산동,158,4.0,4.0,,3.0,12.0,3.0,2.0,,,5.0,,,,,,,,1.0,33.0
2024,2,11500620,공항동,176,6.0,7.0,1.0,,11.0,1.0,2.0,2.0,,4.0,,,,,21.0,,,2.0,39.0
2024,2,11500630,방화1동,200,2.0,3.0,,2.0,21.0,4.0,3.0,1.0,3.0,,,,,1.0,,,,1.0,46.0
2024,2,11500640,방화2동,124,4.0,,,,7.0,3.0,1.0,1.0,,,,2.0,1.0,,4.0,,,5.0,37.0
2024,2,11500641,방화3동,83,5.0,1.0,,,5.0,2.0,3.0,2.0,1.0,1.0,,,,,,,,1.0,22.0
2024,2,11530510,신도림동,168,5.0,4.0,,,12.0,2.0,1.0,1.0,1.0,1.0,,2.0,1.0,1.0,,,,3.0,43.0
2024,2,11530520,구로1동,88,4.0,1.0,,,5.0,3.0,1.0,1.0,1.0,,,4.0,,,,,,,25.0
2024,2,11530530,구로2동,197,6.0,12.0,1.0,1.0,21.0,1.0,1.0,,1.0,,,7.0,,16.0,,,,1.0,48.0
2024,2,11530540,구로3동,187,7.0,18.0,,,15.0,1.0,2.0,1.0,,,,,,5.0,,,,2.0,47.0
2024,2,11530550,구로4동,139,5.0,3.0,,,15.0,2.0,1.0,1.0,,,,1.0,,19.0,,,,,13.0
2024,2,11530560,구로5동,167,5.0,4.0,,2.0,18.0,,3.0,1.0,1.0,2.0,1.0,,3.0,,,,,1.0,49.0
2024,2,11530595,가리봉동,74,,,,,6.0,,1.0,,1.0,,,,,23.0,,,,,8.0
2024,2,11530720,고척1동,135,5.0,4.0,1.0,1.0,9.0,,3.0,1.0,1.0,12.0,,8.0,,4.0,,,,,31.0
2024,2,11530730,고척2동,128,5.0,2.0,,1.0,11.0,,2.0,1.0,1.0,,,,,,,,,,40.0
2024,2,11530740,개봉1동,163,5.0,3.0,,1.0,11.0,2.0,1.0,2.0,,4.0,,1.0,,,,,,1.0,57.0
2024,2,11530750,개봉2동,116,3.0,3.0,,,10.0,2.0,,,,,,1.0,1.0,,,,,,26.0
2024,2,11530760,개봉3동,81,3.0,2.0,,,9.0,1.0,3.0,1.0,,,,1.0,1.0,,,,,,23.0
2024,2,11530770,오류1동,122,5.0,4.0,,,11.0,3.0,1.0,,,,,,,,,,,1.0,22.0
2024,2,11530780,오류2동,209,3.0,1.0,,1.0,9.0,6.0,3.0,2.0,1.0,,,,,,,,,1.0,86.0
2024,2,11530790,수궁동,154,3.0,1.0,,,5.0,2.0,1.0,1.0,6.0,,,1.0,,,,,,3.0,69.0
2024,2,11530800,항동,64,1.0,,,,2.0,1.0,1.0,,,10.0,,,,,,,,,37.0
2024,2,11545510,가산동,304,10.0,25.0,,1.0,21.0,2.0,,,,,,,1.0,17.0,,,,3.0,111.0
2024,2,11545610,독산1동,217,3.0,6.0,,2.0,17.0,2.0,4.0,3.0,,,,,1.0,3.0,,,,,74.0
2024,2,11545620,독산2동,73,2.0,1.0,,,8.0,,2.0,,,1.0,,,,,,,,,11.0
2024,2,11545630,독산3동,119,4.0,4.0,,,14.0,2.0,2.0,2.0,1.0,,,1.0,,,,,,,29.0
2024,2,11545640,독산4동,64,5.0,2.0,,1.0,4.0,,1.0,,,,,,,,,,,,16.0
2024,2,11545670,시흥1동,223,9.0,7.0,1.0,2.0,25.0,2.0,3.0,1.0,1.0,,,,,3.0,,,,1.0,52.0
2024,2,11545680,시흥2동,76,2.0,,,,3.0,2.0,3.0,1.0,2.0,,,,,,,,,,30.0
2024,2,11545690,시흥3동,66,3.0,3.0,,,5.0,,1.0,1.0,1.0,,,,,1.0,,,,,21.0
2024,2,11545700,시흥4동,72,1.0,1.0,,,6.0,,1.0,1.0,,,,,,,,,,,27.0
2024,2,11545710,시흥5동,106,3.0,,,,16.0,2.0,3.0,,,,,,,,,,,,37.0
2024,2,11560515,영등포본동,94,4.0,,,,10.0,2.0,2.0,1.0,2.0,,,,1.0,2.0,,,,1.0,23.0
2024,2,11560535,영등포동,325,10.0,17.0,2.0,2.0,37.0,,1.0,,,1.0,,,1.0,16.0,,,,1.0,41.0
2024,2,11560540,여의동,399,23.0,70.0,1.0,,44.0,,2.0,2.0,2.0,,,,1.0,,,,,5.0,61.0
2024,2,11560550,당산1동,131,6.0,5.0,,1.0,8.0,1.0,,,,,,,,12.0,,,,2.0,23.0
2024,2,11560560,당산2동,192,6.0,4.0,,,20.0,3.0,2.0,2.0,,,,,,,,,,2.0,46.0
2024,2,11560585,도림동,66,2.0,,,,6.0,2.0,,,,,,,,,,,,,28.0
2024,2,11560605,문래동,185,8.0,9.0,,,17.0,,3.0,2.0,,,,,,2.0,,,,1.0,56.0
2024,2,11560610,양평1동,87,5.0,3.0,,1.0,6.0,,1.0,,1.0,,,,,1.0,,,,1.0,22.0
2024,2,11560620,양평2동,131,8.0,6.0,,,7.0,1.0,2.0,1.0,2.0,,,,,3.0,,,,1.0,35.0
2024,2,11560630,신길1동,85,1.0,2.0,1.0,1.0,13.0,,1.0,,,,,,,4.0,,,,2.0,25.0
2024,2,11560650,신길3동,102,3.0,5.0,,1.0,12.0,3.0,1.0,,,,,,,2.0,,,,,32.0
2024,2,11560660,신길4동,43,1.0,1.0,,,2.0,2.0,1.0,,,,,,,,,,,,13.0
2024,2,11560670,신길5동,66,3.0,,,,,1.0,1.0,1.0,1.0,,,,,5.0,,,,,31.0
2024,2,11560680,신길6동,123,4.0,1.0,,1.0,14.0,1.0,1.0,,1.0,,,1.0,,2.0,,,,1.0,29.0
2024,2,11560690,신길7동,78,5.0,1.0,,,7.0,1.0,1.0,,,,,,,1.0,,,,1.0,32.0
2024,2,11560700,대림1동,81,2.0,4.0,2.0,,18.0,,1.0,1.0,,,,2.0,,3.0,,,,,16.0
2024,2,11560710,대림2동,86,4.0,2.0,1.0,,16.0,,2.0,,,1.0,,,,1.0,,,,,13.0
2024,2,11560720,대림3동,126,2.0,7.0,,1.0,11.0,3.0,2.0,1.0,,2.0,,1.0,,,,,,2.0,46.0
2024,2,11590510,노량진1동,180,5.0,4.0,,,14.0,2.0,3.0,1.0,,1.0,,,,2.0,,,,3.0,57.0
2024,2,11590520,노량진2동,72,5.0,4.0,,1.0,14.0,1.0,,,,,,,,1.0,,,,,14.0
2024,2,11590530,상도1동,201,5.0,4.0,,1.0,16.0,2.0,2.0,1.0,,23.0,,,,,,,,2.0,47.0
2024,2,11590540,상도2동,154,6.0,3.0,,,16.0,1.0,1.0,1.0,,,,1.0,,1.0,,,,1.0,41.0
2024,2,11590550,상도3동,113,2.0,2.0,,,11.0,,,1.0,,,,1.0,,,,,,,36.0
2024,2,11590560,상도4동,112,3.0,1.0,,1.0,11.0,4.0,1.0,1.0,,,,,1.0,,,,,,36.0
2024,2,11590605,흑석동,195,6.0,6.0,1.0,,24.0,5.0,3.0,2.0,,16.0,,,,1.0,,,,1.0,50.0
2024,2,11590620,사당1동,126,4.0,6.0,,2.0,12.0,1.0,1.0,,,1.0,,,1.0,1.0,,,,2.0,13.0
2024,2,11590630,사당2동,179,3.0,2.0,,,14.0,,1.0,1.0,2.0,,,,,2.0,,,,4.0,36.0
2024,2,11590640,사당3동,88,3.0,1.0,,,5.0,,2.0,1.0,,3.0,,1.0,,,,,,1.0,30.0
2024,2,11590650,사당4동,62,2.0,1.0,,,6.0,,,1.0,,,,1.0,,,,,,,4.0
2024,2,11590651,사당5동,61,4.0,,,,3.0,1.0,2.0,1.0,1.0,,,,,,,,,,28.0
2024,2,11590660,대방동,199,5.0,5.0,,,16.0,3.0,3.0,4.0,4.0,,,,,,,,,2.0,61.0
2024,2,11590670,신대방1동,83,3.0,1.0,,,10.0,3.0,1.0,1.0,,1.0,,,,,,,,1.0,15.0
2024,2,11590680,신대방2동,109,7.0,7.0,1.0,,16.0,,1.0,1.0,1.0,,,,,,,,,,29.0
2024,2,11620525,보라매동,83,1.0,1.0,,,5.0,,1.0,1.0,1.0,,,,,,,,,,25.0
2024,2,11620545,청림동,50,2.0,,,,4.0,2.0,,,,,,,,2.0,,,,,7.0
2024,2,11620565,성현동,104,4.0,,,,6.0,3.0,2.0,1.0,1.0,,,,,,,,,,38.0
2024,2,11620575,행운동,111,3.0,3.0,1.0,2.0,12.0,1.0,2.0,2.0,1.0,,,,,,,,,,15.0
2024,2,11620585,낙성대동,148,2.0,3.0,,,10.0,,1.0,,,37.0,,,,2.0,,,,,37.0
2024,2,11620595,청룡동,147,5.0,6.0,,1.0,23.0,,2.0,2.0,3.0,,,1.0,1.0,1.0,,,,1.0,15.0
2024,2,11620605,은천동,123,6.0,,,,9.0,3.0,1.0,,1.0,,,,,,,,,,43.0
2024,2,11620615,중앙동,83,1.0,3.0,,1.0,14.0,,1.0,,,,,,,,,,,1.0,12.0
2024,2,11620625,인헌동,105,2.0,5.0,,,14.0,1.0,,1.0,1.0,,,2.0,,,,,,1.0,23.0
2024,2,11620630,남현동,70,3.0,1.0,,,6.0,1.0,1.0,,,1.0,,,,,,,,,6.0
2024,2,11620645,서원동,94,3.0,1.0,1.0,1.0,9.0,,,1.0,,,,,1.0,,,,,,27.0
2024,2,11620655,신원동,54,6.0,1.0,,,7.0,,1.0,,,1.0,,,,,,,,,10.0
2024,2,11620665,서림동,74,2.0,,,,5.0,1.0,1.0,1.0,,,,,,,,,,,34.0
2024,2,11620685,신사동,79,3.0,2.0,,1.0,10.0,1.0,1.0,,,1.0,,1.0,,,,,,,21.0
2024,2,11620695,신림동,168,2.0,3.0,,,17.0,,,,,,,,,4.0,,,,1.0,16.0
2024,2,11620715,난향동,68,1.0,,,,5.0,,1.0,,,,,,,,,,,,34.0
2024,2,11620725,조원동,96,3.0,1.0,,1.0,12.0,,1.0,,,,,1.0,,,,,,,30.0
2024,2,11620735,대학동,283,5.0,6.0,,,11.0,,1.0,1.0,2.0,140.0,,,,,,,,,73.0
2024,2,11620745,삼성동,94,3.0,,,,7.0,,2.0,,1.0,,,,,3.0,,,,,44.0
2024,2,11620765,미성동,126,3.0,3.0,,1.0,11.0,1.0,2.0,2.0,2.0,,,,,1.0,,,,,44.0
2024,2,11620775,난곡동,95,2.0,1.0,,,11.0,2.0,1.0,2.0,1.0,,,1.0,,,,,,,28.0
2024,2,11650510,서초1동,194,4.0,10.0,,1.0,14.0,,2.0,,,13.0,,,,,,,,2.0,38.0
2024,2,11650520,서초2동,217,8.0,26.0,,,24.0,,1.0,1.0,1.0,,,,,1.0,,,,2.0,47.0
2024,2,11650530,서초3동,332,25.0,30.0,,3.0,30.0,1.0,1.0,1.0,3.0,2.0,,,,,,,1.0,2.0,77.0
2024,2,11650531,서초4동,257,2.0,13.0,,1.0,31.0,2.0,2.0,1.0,,,,,1.0,,,,,,36.0
2024,2,11650540,잠원동,135,3.0,8.0,,,13.0,1.0,1.0,1.0,,,,,,,,,,2.0,23.0
2024,2,11650550,반포본동,33,1.0,3.0,,,2.0,,1.0,2.0,2.0,,,1.0,,,,,,1.0,5.0
2024,2,11650560,반포1동,140,6.0,6.0,,1.0,20.0,1.0,2.0,1.0,1.0,,,,,,,,,1.0,26.0
2024,2,11650570,반포2동,74,4.0,5.0,,,5.0,,2.0,1.0,,,,1.0,,,,,,1.0,25.0
2024,2,11650580,반포3동,109,3.0,7.0,,,11.0,,1.0,1.0,,,,,,,,,,,18.0
2024,2,11650581,반포4동,130,7.0,12.0,1.0,,12.0,,,1.0,,3.0,,,1.0,,,,,3.0,33.0
2024,2,11650590,방배본동,103,2.0,6.0,,,16.0,,1.0,,,,,1.0,,,,,,,25.0
2024,2,11650600,방배1동,102,3.0,4.0,,1.0,10.0,,1.0,,,3.0,,1.0,,,,,,1.0,19.0
2024,2,11650610,방배2동,114,4.0,2.0,,,3.0,,1.0,1.0,1.0,,,1.0,,1.0,,,,1.0,37.0
2024,2,11650620,방배3동,112,4.0,3.0,,2.0,6.0,,2.0,,1.0,7.0,,,,,,,,,50.0
2024,2,11650621,방배4동,156,3.0,10.0,,,11.0,,1.0,,1.0,4.0,,,,1.0,,,,1.0,31.0
2024,2,11650651,양재1동,263,12.0,11.0,,1.0,20.0,3.0,4.0,1.0,,1.0,,,,,,,,2.0,86.0
2024,2,11650652,양재2동,147,2.0,16.0,,,11.0,,1.0,2.0,1.0,,,1.0,,,,,,1.0,57.0
2024,2,11650660,내곡동,161,5.0,1.0,,1.0,2.0,2.0,1.0,,,3.0,,1.0,,,,,,1.0,85.0
2024,2,11680510,신사동,260,3.0,14.0,,,36.0,2.0,1.0,1.0,2.0,,1.0,,1.0,,,,,1.0,12.0
2024,2,11680521,논현1동,300,4.0,15.0,,4.0,42.0,,1.0,,,,,1.0,8.0,,,,,3.0,23.0
2024,2,11680531,논현2동,240,8.0,16.0,,5.0,29.0,1.0,1.0,1.0,,4.0,,,2.0,,,,,1.0,33.0
2024,2,11680545,압구정동,313,4.0,25.0,,5.0,30.0,1.0,1.0,2.0,2.0,,2.0,1.0,3.0,,,,,2.0,18.0
2024,2,11680565,청담동,288,11.0,19.0,,4.0,27.0,2.0,2.0,1.0,1.0,1.0,,,,,,,,3.0,23.0
2024,2,11680580,삼성1동,199,6.0,26.0,,3.0,13.0,1.0,1.0,1.0,1.0,,1.0,,1.0,,,,,3.0,38.0
2024,2,11680590,삼성2동,177,10.0,11.0,,,11.0,,1.0,1.0,,1.0,,,,,,,,4.0,28.0
2024,2,11680600,대치1동,130,4.0,11.0,,,13.0,1.0,1.0,1.0,2.0,1.0,,,,,,,,,24.0
2024,2,11680610,대치2동,210,6.0,26.0,,2.0,20.0,,2.0,1.0,1.0,,,,,,,,,2.0,39.0
2024,2,11680630,대치4동,159,4.0,12.0,1.0,1.0,18.0,,1.0,,,1.0,1.0,,,,,,,,14.0
2024,2,11680640,역삼1동,542,15.0,49.0,1.0,3.0,64.0,1.0,1.0,,,,,,3.0,1.0,,,,1.0,44.0
2024,2,11680650,역삼2동,195,3.0,14.0,,2.0,25.0,,1.0,2.0,1.0,1.0,,,,,,,,,31.0
2024,2,11680655,도곡1동,142,4.0,9.0,1.0,4.0,20.0,2.0,1.0,2.0,1.0,,,,,,,,,1.0,27.0
2024,2,11680656,도곡2동,118,7.0,23.0,,,10.0,2.0,1.0,1.0,2.0,,,,,,,,,3.0,25.0
2024,2,11680660,개포1동,38,1.0,1.0,,,1.0,,1.0,2.0,,,,,,,,,,,29.0
2024,2,11680670,개포2동,135,3.0,3.0,,,9.0,5.0,4.0,1.0,3.0,,,,,,,,,3.0,50.0
2024,2,11680690,개포4동,115,3.0,4.0,,,7.0,,2.0,1.0,1.0,,,,,,,,,,49.0
2024,2,11680700,세곡동,191,4.0,1.0,,,9.0,3.0,4.0,1.0,1.0,,,,,,,,,,95.0
2024,2,11680720,일원본동,103,2.0,6.0,1.0,,15.0,2.0,2.0,1.0,2.0,,,,,,,,,1.0,32.0
2024,2,11680730,일원1동,74,4.0,1.0,,,11.0,1.0,2.0,,1.0,,,,,,,,,,18.0
2024,2,11680740,일원2동,66,3.0,3.0,,,6.0,2.0,1.0,1.0,,,,,,,,,,1.0,13.0
2024,2,11680750,수서동,89,3.0,3.0,,,11.0,2.0,1.0,1.0,2.0,,,,,,,,,2.0,23.0
2024,2,11710510,풍납1동,48,3.0,,,1.0,6.0,1.0,1.0,,,,,,,,,,,,6.0
2024,2,11710520,풍납2동,125,5.0,5.0,1.0,,26.0,2.0,2.0,3.0,1.0,3.0,,,,,,,,1.0,24.0
2024,2,11710531,거여1동,48,2.0,,,,2.0,,1.0,,1.0,,,,,1.0,,,,1.0,6.0
2024,2,11710532,거여2동,78,3.0,3.0,,1.0,12.0,1.0,1.0,1.0,,,,,,,,,,,11.0
2024,2,11710540,마천1동,73,4.0,1.0,,,8.0,1.0,1.0,,,,,,,1.0,,,,1.0,15.0
2024,2,11710550,마천2동,93,3.0,2.0,,,14.0,,1.0,,,,,,,,,,,,12.0
2024,2,11710561,방이1동,73,2.0,1.0,,,10.0,2.0,2.0,1.0,1.0,,,,,,,,,1.0,11.0
2024,2,11710562,방이2동,164,3.0,5.0,,,18.0,,1.0,1.0,,,,,,,,,,1.0,13.0
2024,2,11710566,오륜동,74,4.0,6.0,,,6.0,1.0,2.0,2.0,3.0,11.0,,,,,,,,3.0,15.0
2024,2,11710570,오금동,134,5.0,5.0,,,13.0,3.0,3.0,4.0,2.0,,,,,,,,,3.0,27.0
2024,2,11710580,송파1동,102,2.0,4.0,,3.0,14.0,1.0,1.0,,,,,,,,,,,2.0,13.0
2024,2,11710590,송파2동,79,3.0,1.0,,,11.0,3.0,1.0,2.0,3.0,,,,,,,,,,7.0
2024,2,11710600,석촌동,159,3.0,7.0,,2.0,27.0,3.0,2.0,,,,,,,,,,,,20.0
2024,2,11710610,삼전동,118,4.0,2.0,,,14.0,3.0,1.0,1.0,1.0,,,,,1.0,,,,1.0,12.0
2024,2,11710620,가락본동,144,5.0,9.0,1.0,5.0,21.0,1.0,2.0,2.0,,,,,,,,,,,21.0
2024,2,11710631,가락1동,82,2.0,8.0,,,13.0,1.0,1.0,1.0,,,,1.0,,,,,,3.0,16.0
2024,2,11710632,가락2동,143,3.0,6.0,,,17.0,4.0,2.0,1.0,,,,,,,,,,1.0,22.0
2024,2,11710641,문정1동,70,3.0,1.0,,,5.0,1.0,1.0,1.0,,,,,,,,,,,19.0
2024,2,11710642,문정2동,149,10.0,12.0,,1.0,22.0,,1.0,,,,,,2.0,,,,,3.0,14.0
2024,2,11710646,장지동,136,4.0,3.0,,,10.0,1.0,2.0,1.0,3.0,,,,1.0,,,,,1.0,41.0
2024,2,11710647,위례동,84,3.0,1.0,,,5.0,2.0,2.0,1.0,,,,,,,,,,,32.0
2024,2,11710650,잠실본동,192,5.0,9.0,,1.0,24.0,,1.0,,,,,,,,,,,1.0,12.0
2024,2,11710670,잠실2동,91,4.0,6.0,,,14.0,1.0,2.0,2.0,2.0,,,,,,,,,1.0,5.0
2024,2,11710680,잠실3동,103,5.0,9.0,,,11.0,1.0,3.0,,1.0,,,,,,,,,,16.0
2024,2,11710690,잠실4동,74,3.0,3.0,,,10.0,1.0,2.0,,1.0,,,,,,,,,2.0,7.0
2024,2,11710710,잠실6동,144,4.0,17.0,,1.0,23.0,,1.0,1.0,,,,,1.0,,,,,2.0,13.0
2024,2,11710720,잠실7동,30,2.0,4.0,,,4.0,,1.0,2.0,1.0,,,,,,,,,2.0,3.0
2024,2,11740515,강일동,187,5.0,3.0,,,12.0,2.0,2.0,2.0,1.0,,,,,,,,,3.0,79.0
2024,2,11740520,상일동,105,4.0,2.0,1.0,,8.0,4.0,2.0,2.0,5.0,,,,,,,,,,37.0
2024,2,11740530,명일1동,151,5.0,6.0,,2.0,17.0,,1.0,,,,,,,,,,,1.0,22.0
2024,2,11740540,명일2동,107,3.0,6.0,,,18.0,4.0,2.0,,1.0,,,,,,,,,,18.0
2024,2,11740550,고덕1동,92,3.0,,,,4.0,1.0,2.0,1.0,1.0,,,,,,,,,1.0,26.0
2024,2,11740560,고덕2동,78,3.0,1.0,,,9.0,1.0,2.0,1.0,2.0,,,,,,,,,1.0,25.0
2024,2,11740570,암사1동,90,2.0,1.0,,,8.0,1.0,1.0,,,1.0,,1.0,,,,,,,13.0
2024,2,11740580,암사2동,61,1.0,3.0,,,6.0,1.0,2.0,,,,,,,,,,,1.0,6.0
2024,2,11740590,암사3동,50,2.0,1.0,,,5.0,1.0,,2.0,1.0,,,,,,,,,,12.0
2024,2,11740600,천호1동,92,4.0,1.0,,,11.0,,1.0,1.0,1.0,1.0,,,1.0,,,,,1.0,11.0
2024,2,11740610,천호2동,203,4.0,3.0,,1.0,26.0,1.0,1.0,1.0,,,,,,3.0,,,,,22.0
2024,2,11740620,천호3동,115,4.0,3.0,,2.0,14.0,,,1.0,,,,,,1.0,,,,,11.0
2024,2,11740640,성내1동,98,6.0,4.0,,2.0,9.0,1.0,2.0,1.0,,1.0,,,1.0,,,,,,20.0
2024,2,11740650,성내2동,113,2.0,3.0,,4.0,14.0,,,,,,,,1.0,,,,,3.0,16.0
2024,2,11740660,성내3동,136,4.0,5.0,,,13.0,2.0,,,,2.0,,,,,,,,1.0,13.0
2024,2,11740685,길동,242,6.0,10.0,1.0,4.0,34.0,4.0,3.0,1.0,,1.0,,,,,,,,1.0,36.0
2024,2,11740690,둔촌1동,14,,,,,,,2.0,,1.0,,,,,,,,,1.0,6.0
2024,2,11740700,둔촌2동,129,5.0,4.0,1.0,,17.0,2.0,1.0,2.0,1.0,,,,,,,,,1.0,32.0
2024,3,11110515,청운효자동,93,6.0,3.0,,,4.0,1.0,1.0,2.0,2.0,8.0,,,,,,,,,26.0
2024,3,11110530,사직동,206,18.0,24.0,,,15.0,,1.0,,1.0,1.0,,,3.0,,,,,2.0,34.0
2024,3,11110540,삼청동,49,10.0,4.0,,1.0,1.0,,,1.0,1.0,2.0,,,,,,,,,16.0
2024,3,11110550,부암동,84,4.0,2.0,,,1.0,1.0,2.0,1.0,1.0,14.0,,,,,,,,,38.0
2024,3,11110560,평창동,162,6.0,2.0,,1.0,5.0,1.0,,,1.0,2.0,,,,,,,,,91.0
2024,3,11110570,무악동,42,2.0,1.0,1.0,,4.0,1.0,1.0,,,,,,,,,,,1.0,7.0
2024,3,11110580,교남동,78,4.0,3.0,2.0,,17.0,,,,1.0,1.0,,,,,,,,,26.0
2024,3,11110600,가회동,63,5.0,3.0,,,1.0,1.0,1.0,1.0,2.0,1.0,,,,,,,,,22.0
2024,3,11110615,종로1?2?3?4가동,500,19.0,35.0,,,47.0,1.0,2.0,,,4.0,,1.0,5.0,17.0,,,,5.0,72.0
2024,3,11110630,종로5?6가동,212,7.0,8.0,,,31.0,,1.0,,,1.0,,4.0,,3.0,,,,1.0,23.0
2024,3,11110640,이화동,119,4.0,4.0,1.0,,11.0,,,2.0,,37.0,,,,,,,,1.0,28.0
2024,3,11110650,혜화동,145,6.0,5.0,,,16.0,3.0,1.0,1.0,4.0,26.0,,,1.0,,,,,,36.0
2024,3,11110670,창신1동,111,3.0,4.0,,,9.0,,2.0,,,,,1.0,,7.0,,,,2.0,11.0
2024,3,11110680,창신2동,38,2.0,1.0,,,5.0,,,,,,,,,,,,,,
2024,3,11110690,창신3동,24,3.0,,,,1.0,,1.0,,1.0,,,,,,,,,1.0,5.0
2024,3,11110700,숭인1동,43,3.0,1.0,,,3.0,1.0,,,,,,,,,,,,,14.0
2024,3,11110710,숭인2동,89,4.0,3.0,,1.0,4.0,,,,,,,2.0,,3.0,,,,2.0,6.0
2024,3,11140520,소공동,231,13.0,29.0,,,10.0,,1.0,4.0,3.0,,1.0,,3.0,3.0,,,,3.0,37.0
2024,3,11140540,회현동,211,9.0,17.0,,,16.0,1.0,,,,2.0,,2.0,1.0,2.0,,,,6.0,35.0
2024,3,11140550,명동,542,20.0,46.0,,,35.0,,1.0,,,4.0,,,3.0,12.0,,,,1.0,29.0
2024,3,11140570,필동,123,6.0,9.0,1.0,,7.0,,2.0,,1.0,19.0,,,2.0,1.0,,,,2.0,15.0
2024,3,11140580,장충동,63,6.0,2.0,,,1.0,,1.0,,,3.0,,,1.0,2.0,,,,1.0,13.0
2024,3,11140590,광희동,185,3.0,16.0,1.0,,14.0,,,1.0,,,,1.0,3.0,11.0,,,,3.0,19.0
2024,3,11140605,을지로동,145,5.0,10.0,,,13.0,,,,,,,1.0,2.0,3.0,,,,4.0,20.0
2024,3,11140615,신당동,99,7.0,5.0,,1.0,12.0,,1.0,1.0,3.0,,,3.0,,1.0,,,,2.0,8.0
2024,3,11140625,다산동,86,3.0,4.0,,1.0,9.0,,1.0,1.0,1.0,,,,,1.0,,,,1.0,7.0
2024,3,11140635,약수동,87,4.0,2.0,,1.0,12.0,2.0,,,,,,,,,,,,2.0,12.0
2024,3,11140645,청구동,34,2.0,,,,3.0,1.0,2.0,1.0,1.0,,,,,,,,,,5.0
2024,3,11140650,신당5동,65,4.0,2.0,,,5.0,,1.0,,2.0,,,,,,,,,,12.0
2024,3,11140665,동화동,47,3.0,1.0,,,5.0,,1.0,1.0,,,,,,,,,,2.0,4.0
2024,3,11140670,황학동,76,1.0,6.0,,,10.0,,,,,,,,,7.0,,,,,6.0
2024,3,11140680,중림동,77,3.0,2.0,,,7.0,,1.0,,2.0,1.0,,,,5.0,,,,,14.0
2024,3,11170510,후암동,80,6.0,1.0,,,7.0,1.0,2.0,,1.0,,,2.0,,,,,,,18.0
2024,3,11170520,용산2가동,63,3.0,,,,4.0,,1.0,2.0,2.0,,,,,,,,,1.0,29.0
2024,3,11170530,남영동,147,7.0,5.0,,,14.0,,,1.0,,,,,,12.0,,,,3.0,26.0
2024,3,11170555,청파동,128,7.0,2.0,,1.0,11.0,,2.0,2.0,4.0,22.0,,1.0,,1.0,,,,,35.0
2024,3,11170560,원효로1동,94,6.0,3.0,,,6.0,1.0,1.0,,,3.0,,4.0,,,,,,,31.0
2024,3,11170570,원효로2동,69,4.0,2.0,,,4.0,2.0,1.0,1.0,1.0,,,2.0,,,,,,,27.0
2024,3,11170580,효창동,66,1.0,1.0,,,5.0,,1.0,,1.0,1.0,,,,,,,,2.0,22.0
2024,3,11170590,용문동,54,1.0,,,,3.0,,,,,,,,,,,,,,22.0
2024,3,11170625,한강로동,242,19.0,19.0,,,21.0,,2.0,,1.0,,,5.0,3.0,2.0,,,,7.0,41.0
2024,3,11170630,이촌1동,102,4.0,9.0,,1.0,12.0,2.0,1.0,1.0,1.0,,,1.0,,,,,,,14.0
2024,3,11170640,이촌2동,26,2.0,,,,1.0,,,,,,,,,,,,,,11.0
2024,3,11170650,이태원1동,71,8.0,5.0,,,3.0,,1.0,,,,,3.0,,,,,,1.0,14.0
2024,3,11170660,이태원2동,60,8.0,5.0,,,3.0,1.0,1.0,,1.0,,,,,,,,,,22.0
2024,3,11170685,한남동,171,30.0,11.0,1.0,,13.0,3.0,1.0,,,,,3.0,,,,,,2.0,36.0
2024,3,11170690,서빙고동,61,15.0,1.0,,,1.0,,1.0,1.0,,,,,,,,,,1.0,21.0
2024,3,11170700,보광동,70,4.0,1.0,,,8.0,1.0,,1.0,1.0,6.0,,,,,,,,,14.0
2024,3,11200520,왕십리2동,63,2.0,,,,5.0,1.0,1.0,,,,,,,,,,,1.0,18.0
2024,3,11200535,왕십리도선동,189,4.0,4.0,,2.0,20.0,2.0,2.0,,2.0,,,,,,,,,,26.0
2024,3,11200540,마장동,111,6.0,5.0,,,8.0,2.0,2.0,2.0,,,,,,,,,,1.0,29.0
2024,3,11200550,사근동,128,5.0,3.0,1.0,,10.0,,2.0,1.0,2.0,52.0,,1.0,,,,,,2.0,34.0
2024,3,11200560,행당1동,130,9.0,4.0,,2.0,13.0,1.0,1.0,,,,,1.0,1.0,,,,,4.0,30.0
2024,3,11200570,행당2동,79,2.0,2.0,,,4.0,1.0,1.0,1.0,1.0,,,,,,,,,1.0,24.0
2024,3,11200580,응봉동,56,3.0,,,,2.0,,1.0,1.0,,,,,,,,,,1.0,30.0
2024,3,11200590,금호1가동,88,2.0,,,,6.0,1.0,1.0,,1.0,,,,,,,,,1.0,45.0
2024,3,11200615,금호2?3가동,135,3.0,2.0,,,13.0,,1.0,,,,,,,,,,,,46.0
2024,3,11200620,금호4가동,84,3.0,3.0,,,6.0,1.0,2.0,,,,,,,,,,,1.0,27.0
2024,3,11200645,옥수동,129,4.0,2.0,,,10.0,2.0,2.0,1.0,1.0,,,,,,,,,2.0,45.0
2024,3,11200650,성수1가1동,83,4.0,2.0,,,4.0,1.0,2.0,1.0,1.0,,,,1.0,,,,,1.0,33.0
2024,3,11200660,성수1가2동,79,3.0,6.0,,,6.0,,,1.0,1.0,1.0,,,,,,,,1.0,12.0
2024,3,11200670,성수2가1동,109,3.0,3.0,,,13.0,,1.0,2.0,1.0,,,2.0,,1.0,,,,,38.0
2024,3,11200690,성수2가3동,104,3.0,16.0,,,11.0,,2.0,,,,,,1.0,,,,,1.0,20.0
2024,3,11200720,송정동,44,2.0,,,1.0,5.0,,1.0,,,,,,,,,,,,17.0
2024,3,11200790,용답동,82,7.0,2.0,,,8.0,,1.0,,,,,1.0,,,,,,2.0,11.0
2024,3,11215710,화양동,167,3.0,5.0,1.0,,17.0,,2.0,2.0,1.0,34.0,,,1.0,,,,,2.0,16.0
2024,3,11215730,군자동,135,5.0,5.0,,1.0,12.0,1.0,2.0,,,20.0,,,1.0,,,,,,23.0
2024,3,11215740,중곡1동,74,2.0,,,,10.0,1.0,,,,,,1.0,,,,,,,19.0
2024,3,11215750,중곡2동,104,2.0,4.0,,,14.0,1.0,1.0,,,,,,,,,,,2.0,21.0
2024,3,11215760,중곡3동,97,3.0,1.0,,1.0,9.0,,2.0,,,,,1.0,,,,,,1.0,29.0
2024,3,11215770,중곡4동,105,2.0,2.0,,,7.0,,1.0,1.0,2.0,,,,,,,,,,37.0
2024,3,11215780,능동,47,4.0,,,1.0,5.0,,1.0,,1.0,,,,,,,,,1.0,5.0
2024,3,11215810,광장동,139,5.0,9.0,,,9.0,3.0,3.0,3.0,1.0,11.0,,,,,,,,1.0,32.0
2024,3,11215820,자양1동,106,3.0,4.0,1.0,,14.0,1.0,1.0,,,2.0,,,,,,,,,17.0
2024,3,11215830,자양2동,95,2.0,1.0,,,8.0,2.0,4.0,2.0,1.0,,,1.0,,,,,,,21.0
2024,3,11215840,자양3동,105,2.0,6.0,,,8.0,2.0,2.0,1.0,1.0,1.0,1.0,,1.0,,,,,,30.0
2024,3,11215847,자양4동,106,5.0,2.0,,1.0,15.0,1.0,,1.0,,,,1.0,1.0,,,,,1.0,16.0
2024,3,11215850,구의1동,77,2.0,4.0,,,9.0,1.0,,1.0,1.0,,,,,,,,,1.0,16.0
2024,3,11215860,구의2동,112,3.0,2.0,,1.0,9.0,3.0,2.0,,,1.0,,,,,,,,1.0,24.0
2024,3,11215870,구의3동,133,5.0,4.0,,,16.0,2.0,1.0,,,,,1.0,1.0,,,,1.0,1.0,25.0
2024,3,11230536,용신동,231,10.0,8.0,1.0,4.0,20.0,1.0,1.0,1.0,1.0,,,1.0,,5.0,,,,5.0,41.0
2024,3,11230545,제기동,288,4.0,5.0,,1.0,22.0,2.0,2.0,2.0,1.0,1.0,,3.0,,14.0,,,,1.0,30.0
2024,3,11230560,전농1동,152,5.0,2.0,,1.0,13.0,3.0,1.0,1.0,1.0,,,,1.0,5.0,,,,3.0,35.0
2024,3,11230570,전농2동,102,2.0,2.0,,,12.0,3.0,3.0,2.0,1.0,27.0,,,,,,,,,15.0
2024,3,11230600,답십리1동,124,4.0,5.0,,,9.0,,2.0,1.0,,,,,,,,,,,25.0
2024,3,11230610,답십리2동,108,3.0,2.0,,2.0,13.0,3.0,1.0,,,,,3.0,,,,,,,19.0
2024,3,11230650,장안1동,192,5.0,11.0,,4.0,26.0,2.0,2.0,2.0,,,,,,,,,,1.0,43.0
2024,3,11230660,장안2동,168,3.0,2.0,,2.0,21.0,1.0,2.0,,1.0,1.0,,,1.0,1.0,,,,,38.0
2024,3,11230705,청량리동,154,9.0,4.0,1.0,,16.0,2.0,1.0,1.0,1.0,1.0,,,,2.0,,,,,34.0
2024,3,11230710,회기동,84,3.0,5.0,1.0,,10.0,1.0,3.0,1.0,1.0,14.0,,,,,,,,,10.0
2024,3,11230720,휘경1동,82,2.0,1.0,,,12.0,,,,,,,,,1.0,,,,3.0,18.0
2024,3,11230730,휘경2동,84,5.0,1.0,1.0,,5.0,1.0,2.0,3.0,3.0,4.0,,,,,,,,,27.0
2024,3,11230740,이문1동,147,5.0,2.0,,,13.0,3.0,,,2.0,30.0,,,,,,,,1.0,26.0
2024,3,11230750,이문2동,71,2.0,,,,6.0,1.0,1.0,,,2.0,,,,,,,,1.0,17.0
2024,3,11260520,면목2동,112,3.0,,,1.0,11.0,2.0,2.0,,,,,8.0,,1.0,,,,,25.0
2024,3,11260540,면목4동,61,2.0,,,,5.0,1.0,1.0,1.0,,,,,,,,,,1.0,15.0
2024,3,11260550,면목5동,42,2.0,1.0,,,3.0,,,,,,,4.0,,,,,,,13.0
2024,3,11260565,면목본동,168,4.0,2.0,,,18.0,1.0,2.0,,,,,13.0,,1.0,,,,1.0,30.0
2024,3,11260570,면목7동,108,2.0,2.0,,1.0,11.0,,1.0,,,,,1.0,,,,,,,18.0
2024,3,11260575,면목3?8동,150,4.0,1.0,1.0,,17.0,1.0,2.0,2.0,1.0,8.0,,,,1.0,,,,1.0,34.0
2024,3,11260580,상봉1동,78,3.0,1.0,,1.0,8.0,2.0,1.0,2.0,1.0,,,,,,,,,4.0,12.0
2024,3,11260590,상봉2동,127,4.0,3.0,,1.0,10.0,,,,,,,,2.0,2.0,,,1.0,1.0,18.0
2024,3,11260600,중화1동,79,2.0,1.0,,1.0,7.0,1.0,2.0,2.0,1.0,,,,,,,,,,14.0
2024,3,11260610,중화2동,123,2.0,3.0,,,14.0,,,,,,,2.0,,,,,,3.0,32.0
2024,3,11260620,묵1동,144,4.0,2.0,,2.0,11.0,2.0,1.0,2.0,2.0,,,,,,,,,,34.0
2024,3,11260630,묵2동,92,3.0,4.0,,,7.0,,2.0,,,,,,1.0,,,,,1.0,19.0
2024,3,11260655,망우본동,238,9.0,4.0,1.0,4.0,25.0,1.0,2.0,3.0,4.0,,,9.0,,2.0,,,,2.0,54.0
2024,3,11260660,망우3동,54,1.0,1.0,,1.0,3.0,,2.0,,1.0,,,3.0,,,,,,,11.0
2024,3,11260680,신내1동,160,3.0,2.0,1.0,,13.0,2.0,2.0,,,,,,,,,,,1.0,53.0
2024,3,11260690,신내2동,104,6.0,3.0,,,12.0,3.0,4.0,,,,,,,,,,,,21.0
2024,3,11290525,성북동,166,6.0,4.0,,,6.0,2.0,1.0,3.0,2.0,5.0,,,,,,,,,55.0
2024,3,11290555,삼선동,163,7.0,5.0,,,14.0,,1.0,1.0,2.0,14.0,,,,,,,,2.0,46.0
2024,3,11290575,동선동,146,1.0,4.0,,1.0,13.0,1.0,2.0,2.0,1.0,12.0,,,1.0,,,,,1.0,19.0
2024,3,11290580,돈암1동,42,1.0,,,,2.0,2.0,2.0,2.0,1.0,,,,,,,,,,15.0
2024,3,11290590,돈암2동,88,4.0,2.0,,,4.0,6.0,1.0,,,,,,1.0,,,,,,38.0
2024,3,11290600,안암동,167,4.0,6.0,1.0,1.0,10.0,,1.0,1.0,1.0,71.0,,,,,,,,1.0,35.0
2024,3,11290610,보문동,77,4.0,4.0,,,6.0,,2.0,,,,,,,1.0,,,,2.0,10.0
2024,3,11290620,정릉1동,63,2.0,,,,6.0,2.0,,,,1.0,,,,,,,,,19.0
2024,3,11290630,정릉2동,110,4.0,3.0,,,6.0,1.0,2.0,,,,,,,,,,,1.0,50.0
2024,3,11290640,정릉3동,124,4.0,1.0,,,2.0,,1.0,3.0,1.0,28.0,,,,,,,,,38.0
2024,3,11290650,정릉4동,133,7.0,3.0,,,12.0,2.0,1.0,,2.0,11.0,,,,,,,,1.0,40.0
2024,3,11290660,길음1동,129,3.0,4.0,,,10.0,2.0,3.0,1.0,1.0,,,1.0,,,,,,1.0,26.0
2024,3,11290685,길음2동,112,5.0,,,3.0,14.0,,,,,,,,,,,,,,23.0
2024,3,11290705,종암동,189,7.0,2.0,,1.0,17.0,3.0,2.0,2.0,1.0,2.0,,,,,,,,,56.0
2024,3,11290715,월곡1동,108,2.0,3.0,,,10.0,,2.0,1.0,1.0,,,,,1.0,,,,,30.0
2024,3,11290725,월곡2동,135,6.0,4.0,,,12.0,2.0,,1.0,,12.0,,,,,,,,2.0,34.0
2024,3,11290760,장위1동,103,4.0,1.0,,,8.0,6.0,1.0,1.0,,,,,,,,,,,37.0
2024,3,11290770,장위2동,89,3.0,2.0,,,11.0,1.0,3.0,,,,,,,,,,,1.0,27.0
2024,3,11290780,장위3동,82,1.0,,,,5.0,1.0,2.0,1.0,,1.0,,1.0,,,,,,,39.0
2024,3,11290810,석관동,154,6.0,3.0,,,16.0,2.0,2.0,1.0,1.0,,,1.0,,2.0,,,,2.0,32.0
2024,3,11305534,삼양동,165,4.0,1.0,,,14.0,3.0,2.0,,1.0,,,,,,,,,3.0,34.0
2024,3,11305535,미아동,144,3.0,3.0,,1.0,14.0,,,,1.0,4.0,,,,,,,,1.0,28.0
2024,3,11305545,송중동,212,4.0,1.0,,2.0,18.0,4.0,2.0,,1.0,2.0,1.0,,1.0,,,,,,69.0
2024,3,11305555,송천동,164,9.0,5.0,,1.0,17.0,,1.0,2.0,2.0,,,2.0,,,,,,1.0,24.0
2024,3,11305575,삼각산동,114,2.0,1.0,,,9.0,1.0,,1.0,1.0,1.0,,,,,,,,,36.0
2024,3,11305595,번1동,136,3.0,3.0,,1.0,14.0,1.0,1.0,1.0,,,,,1.0,,,,,,30.0
2024,3,11305603,번2동,110,5.0,,,,7.0,1.0,,1.0,,,,,,1.0,,,,,54.0
2024,3,11305608,번3동,95,3.0,1.0,,,8.0,,2.0,,,,,,,,,,,,37.0
2024,3,11305615,수유1동,153,4.0,2.0,,,12.0,,2.0,3.0,1.0,,,1.0,,,,,,1.0,40.0
2024,3,11305625,수유2동,85,3.0,,,,12.0,3.0,,,,,,,,,,,,1.0,15.0
2024,3,11305635,수유3동,158,4.0,6.0,,1.0,16.0,,,1.0,,,,,1.0,,,,,1.0,30.0
2024,3,11305645,우이동,132,2.0,,,,7.0,1.0,,1.0,,2.0,,,,,,,,3.0,54.0
2024,3,11305660,인수동,175,13.0,2.0,1.0,2.0,14.0,2.0,2.0,2.0,,5.0,,1.0,,,,,,,57.0
2024,3,11320511,창1동,94,3.0,2.0,,,7.0,1.0,1.0,2.0,1.0,,,,,,,,,1.0,28.0
2024,3,11320512,창2동,95,3.0,,,1.0,8.0,1.0,1.0,,,,,,,,,,,,44.0
2024,3,11320513,창3동,66,1.0,,,,7.0,1.0,2.0,,,,,1.0,,,,,,,25.0
2024,3,11320514,창4동,130,7.0,4.0,,,8.0,1.0,2.0,1.0,2.0,,,,,,,,,,51.0
2024,3,11320515,창5동,119,7.0,3.0,,3.0,12.0,1.0,3.0,,,,,,2.0,,,,,2.0,24.0
2024,3,11320521,도봉1동,122,4.0,1.0,,,9.0,2.0,2.0,1.0,1.0,2.0,,1.0,,,,,,,38.0
2024,3,11320522,도봉2동,127,8.0,3.0,,,7.0,1.0,1.0,1.0,1.0,1.0,,,,1.0,,,,3.0,49.0
2024,3,11320660,쌍문1동,126,6.0,1.0,,1.0,4.0,1.0,3.0,,1.0,17.0,,,,,,,,,54.0
2024,3,11320670,쌍문2동,87,3.0,1.0,,1.0,10.0,1.0,1.0,1.0,,,,,,2.0,,,,,19.0
2024,3,11320680,쌍문3동,78,3.0,3.0,1.0,,12.0,,,1.0,,,,,,1.0,,,,1.0,17.0
2024,3,11320681,쌍문4동,64,1.0,,,,4.0,5.0,2.0,2.0,3.0,,,,,,,,,,23.0
2024,3,11320690,방학1동,148,6.0,6.0,,2.0,15.0,2.0,1.0,1.0,1.0,,,,,,,,,1.0,39.0
2024,3,11320700,방학2동,64,3.0,,,,7.0,,1.0,1.0,,,,,,,,,,,23.0
2024,3,11320710,방학3동,112,3.0,3.0,,,6.0,3.0,3.0,1.0,,,,,,,,,,,47.0
2024,3,11350560,월계1동,159,4.0,2.0,,,10.0,2.0,1.0,1.0,1.0,17.0,,,,,,,,,59.0
2024,3,11350570,월계2동,136,4.0,,,,5.0,3.0,2.0,3.0,4.0,11.0,,,,,,,,1.0,64.0
2024,3,11350580,월계3동,135,5.0,3.0,,,8.0,4.0,3.0,1.0,,,,,,,,,,2.0,47.0
2024,3,11350595,공릉1동,211,4.0,6.0,,4.0,21.0,3.0,3.0,,,1.0,,1.0,,,,,,3.0,54.0
2024,3,11350600,공릉2동,271,7.0,6.0,1.0,,14.0,3.0,4.0,4.0,2.0,64.0,,1.0,,,,,,1.0,63.0
2024,3,11350611,하계1동,133,4.0,3.0,1.0,,9.0,1.0,1.0,2.0,4.0,16.0,,,,,,,,,41.0
2024,3,11350612,하계2동,67,2.0,1.0,,,4.0,2.0,2.0,1.0,,,,,,,,,,1.0,28.0
2024,3,11350619,중계본동,95,5.0,2.0,,,7.0,3.0,2.0,,3.0,,,,,,,,,,21.0
2024,3,11350621,중계1동,85,2.0,3.0,,,7.0,,2.0,1.0,2.0,,,,,,,,,,18.0
2024,3,11350624,중계4동,81,2.0,3.0,,,14.0,1.0,1.0,3.0,2.0,,,,,,,,,,6.0
2024,3,11350625,중계2?3동,142,7.0,2.0,,,10.0,4.0,4.0,1.0,3.0,,,,2.0,,,,,1.0,39.0
2024,3,11350630,상계1동,190,5.0,2.0,,,14.0,3.0,3.0,2.0,1.0,,,,1.0,,,,,1.0,38.0
2024,3,11350640,상계2동,182,2.0,1.0,,2.0,19.0,1.0,1.0,1.0,,,,,1.0,,,,,2.0,33.0
2024,3,11350665,상계3?4동,107,4.0,1.0,,,9.0,3.0,2.0,,,1.0,,,,2.0,,,,1.0,11.0
2024,3,11350670,상계5동,105,2.0,1.0,,,11.0,,1.0,,,,,,,3.0,,,,1.0,36.0
2024,3,11350695,상계6?7동,253,9.0,11.0,1.0,1.0,29.0,,3.0,2.0,1.0,4.0,,,1.0,,,,,,40.0
2024,3,11350700,상계8동,92,3.0,3.0,,,7.0,,,1.0,,,,,,,,,,1.0,15.0
2024,3,11350710,상계9동,78,3.0,4.0,,,6.0,1.0,3.0,2.0,2.0,,,,,,,,,,18.0
2024,3,11350720,상계10동,64,3.0,,,,1.0,1.0,2.0,1.0,1.0,,,,,,,,,,30.0
2024,3,11380510,녹번동,148,8.0,3.0,,2.0,12.0,1.0,3.0,,,,,1.0,1.0,,,,,2.0,35.0
2024,3,11380520,불광1동,198,6.0,4.0,,1.0,17.0,4.0,2.0,,,,,,1.0,,,,,3.0,49.0
2024,3,11380530,불광2동,113,6.0,1.0,,,5.0,,3.0,3.0,1.0,,,3.0,,,,,,,32.0
2024,3,11380551,갈현1동,133,2.0,2.0,1.0,,13.0,1.0,,,,,,,,,,,,2.0,48.0
2024,3,11380552,갈현2동,121,3.0,1.0,,1.0,15.0,5.0,2.0,1.0,5.0,,,,,,,,,1.0,34.0
2024,3,11380560,구산동,127,3.0,,,1.0,8.0,3.0,3.0,2.0,3.0,,,,,,,,,,38.0
2024,3,11380570,대조동,205,3.0,5.0,,1.0,24.0,,2.0,,2.0,,,,1.0,,,,,,32.0
2024,3,11380580,응암1동,133,5.0,5.0,,1.0,20.0,1.0,1.0,1.0,1.0,,,,,,,,,,27.0
2024,3,11380590,응암2동,91,3.0,1.0,,1.0,10.0,2.0,1.0,,,,,,,,,,,,37.0
2024,3,11380600,응암3동,138,3.0,3.0,,1.0,16.0,1.0,1.0,2.0,1.0,,,2.0,,,,,,,31.0
2024,3,11380625,역촌동,176,5.0,5.0,,2.0,18.0,2.0,1.0,,,,,,,,,,,,51.0
2024,3,11380631,신사1동,94,3.0,,,,8.0,3.0,,1.0,,5.0,,,,,,,,1.0,22.0
2024,3,11380632,신사2동,82,4.0,,,,5.0,,3.0,1.0,1.0,,,,,,,,,1.0,35.0
2024,3,11380640,증산동,83,3.0,,,,8.0,1.0,1.0,2.0,,,,2.0,,,,,,1.0,16.0
2024,3,11380650,수색동,60,5.0,2.0,,,5.0,1.0,1.0,,,,,2.0,,,,,,1.0,22.0
2024,3,11380690,진관동,242,6.0,6.0,,,22.0,6.0,6.0,2.0,4.0,,,,1.0,,,,,1.0,81.0
2024,3,11410520,천연동,127,4.0,1.0,,,4.0,,1.0,1.0,1.0,11.0,,,,1.0,,,,,44.0
2024,3,11410555,북아현동,76,2.0,2.0,,1.0,7.0,1.0,1.0,,1.0,,,,,,,,,,17.0
2024,3,11410565,충현동,184,9.0,8.0,,,7.0,1.0,3.0,1.0,2.0,24.0,,,,,,,,3.0,58.0
2024,3,11410585,신촌동,368,6.0,10.0,1.0,,22.0,1.0,3.0,1.0,1.0,109.0,1.0,,4.0,3.0,,,,2.0,60.0
2024,3,11410615,연희동,201,7.0,7.0,,1.0,16.0,,1.0,3.0,1.0,13.0,,,1.0,1.0,,,,,70.0
2024,3,11410620,홍제1동,135,3.0,2.0,,,10.0,2.0,2.0,,,1.0,,,,1.0,,,,1.0,40.0
2024,3,11410640,홍제3동,129,3.0,3.0,,2.0,14.0,1.0,2.0,1.0,,3.0,,4.0,,6.0,,,,1.0,46.0
2024,3,11410655,홍제2동,56,1.0,,,,6.0,3.0,,,,,,,,1.0,,,,,15.0
2024,3,11410660,홍은1동,86,3.0,,,,7.0,1.0,1.0,,,,,,,1.0,,,,,32.0
2024,3,11410685,홍은2동,161,4.0,2.0,1.0,,8.0,,2.0,3.0,1.0,12.0,,,,,,,,,83.0
2024,3,11410690,남가좌1동,94,2.0,3.0,,1.0,9.0,,1.0,,,,,1.0,,1.0,,,,1.0,20.0
2024,3,11410700,남가좌2동,117,4.0,4.0,,,12.0,4.0,1.0,1.0,,8.0,,,,,,,,,24.0
2024,3,11410710,북가좌1동,60,1.0,2.0,,,5.0,2.0,1.0,1.0,1.0,,,,,,,,,,13.0
2024,3,11410720,북가좌2동,115,3.0,3.0,,,12.0,2.0,,,,,,,,,,,,,39.0
2024,3,11440555,아현동,145,5.0,8.0,,,16.0,1.0,1.0,1.0,1.0,,,,,1.0,,,,2.0,23.0
2024,3,11440565,공덕동,172,7.0,9.0,,,21.0,1.0,3.0,,,,,2.0,,,,,,4.0,39.0
2024,3,11440585,도화동,144,4.0,7.0,,,15.0,2.0,1.0,,,,,,1.0,1.0,,,,1.0,38.0
2024,3,11440590,용강동,90,7.0,6.0,,1.0,10.0,2.0,1.0,,,,,,,,,,,1.0,24.0
2024,3,11440600,대흥동,209,5.0,5.0,,,18.0,,3.0,1.0,1.0,27.0,,,,3.0,,,,3.0,38.0
2024,3,11440610,염리동,52,3.0,1.0,,,3.0,1.0,1.0,2.0,3.0,,,,,2.0,,,,,10.0
2024,3,11440630,신수동,76,4.0,1.0,,1.0,5.0,1.0,1.0,1.0,1.0,,,,,,,,,,24.0
2024,3,11440655,서강동,156,6.0,4.0,,,7.0,1.0,1.0,,,20.0,,,,,,,,2.0,64.0
2024,3,11440660,서교동,358,13.0,22.0,,,31.0,1.0,1.0,,,2.0,,,5.0,3.0,,,,7.0,88.0
2024,3,11440680,합정동,109,4.0,3.0,,,10.0,1.0,1.0,1.0,,,,,,,,,,,32.0
2024,3,11440690,망원1동,95,2.0,2.0,,,11.0,,,,,,,,,1.0,,,,,23.0
2024,3,11440700,망원2동,83,4.0,1.0,,,6.0,1.0,2.0,,,,,,,,,,,,33.0
2024,3,11440710,연남동,52,2.0,1.0,,,2.0,1.0,,1.0,2.0,,,,,,,,,,23.0
2024,3,11440720,성산1동,86,4.0,2.0,,,5.0,1.0,2.0,2.0,1.0,1.0,,,,1.0,,,,,29.0
2024,3,11440730,성산2동,158,6.0,3.0,,,13.0,2.0,3.0,2.0,,,,1.0,1.0,,,,,2.0,47.0
2024,3,11440740,상암동,247,10.0,11.0,,,14.0,3.0,3.0,1.0,1.0,,,1.0,,,,,,4.0,104.0
2024,3,11470510,목1동,190,5.0,12.0,,1.0,21.0,1.0,1.0,1.0,1.0,2.0,,,2.0,,,,,2.0,29.0
2024,3,11470520,목2동,97,3.0,2.0,,1.0,13.0,3.0,1.0,,,,,,,1.0,,,,1.0,18.0
2024,3,11470530,목3동,96,3.0,4.0,,,11.0,1.0,,1.0,,,,,,,,,,,7.0
2024,3,11470540,목4동,84,3.0,3.0,,,9.0,1.0,1.0,1.0,1.0,,,,,,,,,,14.0
2024,3,11470550,목5동,143,8.0,9.0,1.0,,12.0,4.0,3.0,2.0,2.0,,,,,,,,,,52.0
2024,3,11470560,신월1동,71,3.0,3.0,,,12.0,1.0,,,,,,,,,,,,,9.0
2024,3,11470570,신월2동,65,3.0,1.0,,,6.0,1.0,2.0,2.0,,,,,,,,,,,12.0
2024,3,11470580,신월3동,70,2.0,1.0,,,7.0,1.0,1.0,2.0,3.0,,,,,,,,,,8.0
2024,3,11470590,신월4동,63,2.0,1.0,,,6.0,3.0,1.0,,,,,,,,,,,,11.0
2024,3,11470600,신월5동,54,3.0,,,1.0,3.0,2.0,1.0,2.0,,,,,,,,,,,12.0
2024,3,11470610,신월6동,47,1.0,2.0,,1.0,5.0,1.0,1.0,1.0,,,,,,,,,,,15.0
2024,3,11470611,신월7동,74,6.0,1.0,,,10.0,2.0,,1.0,,,,,,,,,,,21.0
2024,3,11470620,신정1동,94,7.0,3.0,,,9.0,2.0,2.0,1.0,,,,,,,,,,,26.0
2024,3,11470630,신정2동,71,3.0,1.0,,,7.0,1.0,2.0,1.0,,,,,,,,,,,20.0
2024,3,11470640,신정3동,203,4.0,1.0,,,15.0,1.0,3.0,1.0,4.0,,,,,,,,,1.0,81.0
2024,3,11470650,신정4동,161,3.0,8.0,1.0,1.0,16.0,3.0,2.0,,2.0,,,,,,,,,1.0,18.0
2024,3,11470670,신정6동,72,7.0,6.0,,,2.0,2.0,,1.0,1.0,,,,,,,,,,31.0
2024,3,11470680,신정7동,107,3.0,2.0,,,8.0,3.0,3.0,1.0,1.0,,,,,,,,,1.0,30.0
2024,3,11500510,염창동,147,5.0,3.0,,1.0,15.0,,2.0,2.0,,,,,,,,,,2.0,35.0
2024,3,11500520,등촌1동,95,1.0,5.0,,1.0,10.0,,1.0,,,,,,1.0,,,,,,20.0
2024,3,11500530,등촌2동,58,3.0,,,1.0,6.0,2.0,2.0,2.0,2.0,,,,,,,,,,8.0
2024,3,11500535,등촌3동,184,6.0,3.0,1.0,2.0,18.0,2.0,5.0,2.0,4.0,,,,1.0,,,,,,55.0
2024,3,11500540,화곡1동,226,3.0,2.0,,2.0,26.0,,2.0,1.0,,,,,1.0,,,,,2.0,27.0
2024,3,11500550,화곡2동,65,2.0,,,,3.0,2.0,1.0,,,,,,,,,,,,30.0
2024,3,11500560,화곡3동,87,4.0,3.0,,,8.0,2.0,,,,,,,,,,,,,12.0
2024,3,11500570,화곡4동,101,4.0,2.0,,,14.0,3.0,1.0,,2.0,,,,,,,,,,30.0
2024,3,11500590,화곡본동,145,3.0,,,1.0,11.0,1.0,2.0,,,,,,,,,,,,31.0
2024,3,11500591,화곡6동,118,7.0,5.0,,,8.0,2.0,1.0,,,9.0,,,,,,,,,29.0
2024,3,11500593,화곡8동,95,2.0,3.0,,,8.0,1.0,,,,,,,,,,,,1.0,33.0
2024,3,11500603,가양1동,279,5.0,13.0,,,20.0,3.0,1.0,1.0,1.0,,,,1.0,2.0,,,,5.0,69.0
2024,3,11500604,가양2동,75,4.0,3.0,,,7.0,3.0,1.0,1.0,1.0,,,,,,,,,1.0,14.0
2024,3,11500605,가양3동,52,3.0,,,,4.0,3.0,2.0,1.0,1.0,,,,,,,,,1.0,13.0
2024,3,11500611,발산1동,246,3.0,9.0,1.0,2.0,33.0,2.0,3.0,4.0,8.0,,,1.0,,,,,,,63.0
2024,3,11500615,우장산동,158,4.0,4.0,,3.0,12.0,3.0,2.0,,,5.0,,,,,,,,1.0,33.0
2024,3,11500620,공항동,176,6.0,7.0,1.0,,11.0,1.0,2.0,2.0,,4.0,,,,,21.0,,,2.0,39.0
2024,3,11500630,방화1동,200,2.0,3.0,,2.0,21.0,4.0,3.0,1.0,3.0,,,,,1.0,,,,1.0,46.0
2024,3,11500640,방화2동,124,4.0,,,,7.0,3.0,1.0,1.0,,,,2.0,1.0,,4.0,,,5.0,37.0
2024,3,11500641,방화3동,83,5.0,1.0,,,5.0,2.0,3.0,2.0,1.0,1.0,,,,,,,,1.0,22.0
2024,3,11530510,신도림동,168,5.0,4.0,,,12.0,2.0,1.0,1.0,1.0,1.0,,2.0,1.0,1.0,,,,3.0,43.0
2024,3,11530520,구로1동,88,4.0,1.0,,,5.0,3.0,1.0,1.0,1.0,,,4.0,,,,,,,25.0
2024,3,11530530,구로2동,197,6.0,12.0,1.0,1.0,21.0,1.0,1.0,,1.0,,,7.0,,16.0,,,,1.0,48.0
2024,3,11530540,구로3동,187,7.0,18.0,,,15.0,1.0,2.0,1.0,,,,,,5.0,,,,2.0,47.0
2024,3,11530550,구로4동,139,5.0,3.0,,,15.0,2.0,1.0,1.0,,,,1.0,,19.0,,,,,13.0
2024,3,11530560,구로5동,167,5.0,4.0,,2.0,18.0,,3.0,1.0,1.0,2.0,1.0,,3.0,,,,,1.0,49.0
2024,3,11530595,가리봉동,74,,,,,6.0,,1.0,,1.0,,,,,23.0,,,,,8.0
2024,3,11530720,고척1동,135,5.0,4.0,1.0,1.0,9.0,,3.0,1.0,1.0,12.0,,8.0,,4.0,,,,,31.0
2024,3,11530730,고척2동,128,5.0,2.0,,1.0,11.0,,2.0,1.0,1.0,,,,,,,,,,40.0
2024,3,11530740,개봉1동,163,5.0,3.0,,1.0,11.0,2.0,1.0,2.0,,4.0,,1.0,,,,,,1.0,57.0
2024,3,11530750,개봉2동,116,3.0,3.0,,,10.0,2.0,,,,,,1.0,1.0,,,,,,26.0
2024,3,11530760,개봉3동,81,3.0,2.0,,,9.0,1.0,3.0,1.0,,,,1.0,1.0,,,,,,23.0
2024,3,11530770,오류1동,122,5.0,4.0,,,11.0,3.0,1.0,,,,,,,,,,,1.0,22.0
2024,3,11530780,오류2동,209,3.0,1.0,,1.0,9.0,6.0,3.0,2.0,1.0,,,,,,,,,1.0,86.0
2024,3,11530790,수궁동,154,3.0,1.0,,,5.0,2.0,1.0,1.0,6.0,,,1.0,,,,,,3.0,69.0
2024,3,11530800,항동,64,1.0,,,,2.0,1.0,1.0,,,10.0,,,,,,,,,37.0
2024,3,11545510,가산동,304,10.0,25.0,,1.0,21.0,2.0,,,,,,,1.0,17.0,,,,3.0,111.0
2024,3,11545610,독산1동,217,3.0,6.0,,2.0,17.0,2.0,4.0,3.0,,,,,1.0,3.0,,,,,74.0
2024,3,11545620,독산2동,73,2.0,1.0,,,8.0,,2.0,,,1.0,,,,,,,,,11.0
2024,3,11545630,독산3동,119,4.0,4.0,,,14.0,2.0,2.0,2.0,1.0,,,1.0,,,,,,,29.0
2024,3,11545640,독산4동,64,5.0,2.0,,1.0,4.0,,1.0,,,,,,,,,,,,16.0
2024,3,11545670,시흥1동,223,9.0,7.0,1.0,2.0,25.0,2.0,3.0,1.0,1.0,,,,,3.0,,,,1.0,52.0
2024,3,11545680,시흥2동,76,2.0,,,,3.0,2.0,3.0,1.0,2.0,,,,,,,,,,30.0
2024,3,11545690,시흥3동,66,3.0,3.0,,,5.0,,1.0,1.0,1.0,,,,,1.0,,,,,21.0
2024,3,11545700,시흥4동,72,1.0,1.0,,,6.0,,1.0,1.0,,,,,,,,,,,27.0
2024,3,11545710,시흥5동,106,3.0,,,,16.0,2.0,3.0,,,,,,,,,,,,37.0
2024,3,11560515,영등포본동,94,4.0,,,,10.0,2.0,2.0,1.0,2.0,,,,1.0,2.0,,,,1.0,23.0
2024,3,11560535,영등포동,325,10.0,17.0,2.0,2.0,37.0,,1.0,,,1.0,,,1.0,16.0,,,,1.0,41.0
2024,3,11560540,여의동,399,23.0,70.0,1.0,,44.0,,2.0,2.0,2.0,,,,1.0,,,,,5.0,61.0
2024,3,11560550,당산1동,131,6.0,5.0,,1.0,8.0,1.0,,,,,,,,12.0,,,,2.0,23.0
2024,3,11560560,당산2동,192,6.0,4.0,,,20.0,3.0,2.0,2.0,,,,,,,,,,2.0,46.0
2024,3,11560585,도림동,66,2.0,,,,6.0,2.0,,,,,,,,,,,,,28.0
2024,3,11560605,문래동,185,8.0,9.0,,,17.0,,3.0,2.0,,,,,,2.0,,,,1.0,56.0
2024,3,11560610,양평1동,87,5.0,3.0,,1.0,6.0,,1.0,,1.0,,,,,1.0,,,,1.0,22.0
2024,3,11560620,양평2동,131,8.0,6.0,,,7.0,1.0,2.0,1.0,2.0,,,,,3.0,,,,1.0,35.0
2024,3,11560630,신길1동,85,1.0,2.0,1.0,1.0,13.0,,1.0,,,,,,,4.0,,,,2.0,25.0
2024,3,11560650,신길3동,102,3.0,5.0,,1.0,12.0,3.0,1.0,,,,,,,2.0,,,,,32.0
2024,3,11560660,신길4동,43,1.0,1.0,,,2.0,2.0,1.0,,,,,,,,,,,,13.0
2024,3,11560670,신길5동,66,3.0,,,,,1.0,1.0,1.0,1.0,,,,,5.0,,,,,31.0
2024,3,11560680,신길6동,123,4.0,1.0,,1.0,14.0,1.0,1.0,,1.0,,,1.0,,2.0,,,,1.0,29.0
2024,3,11560690,신길7동,78,5.0,1.0,,,7.0,1.0,1.0,,,,,,,1.0,,,,1.0,32.0
2024,3,11560700,대림1동,81,2.0,4.0,2.0,,18.0,,1.0,1.0,,,,2.0,,3.0,,,,,16.0
2024,3,11560710,대림2동,86,4.0,2.0,1.0,,16.0,,2.0,,,1.0,,,,1.0,,,,,13.0
2024,3,11560720,대림3동,126,2.0,7.0,,1.0,11.0,3.0,2.0,1.0,,2.0,,1.0,,,,,,2.0,46.0
2024,3,11590510,노량진1동,180,5.0,4.0,,,14.0,2.0,3.0,1.0,,1.0,,,,2.0,,,,3.0,57.0
2024,3,11590520,노량진2동,72,5.0,4.0,,1.0,14.0,1.0,,,,,,,,1.0,,,,,14.0
2024,3,11590530,상도1동,201,5.0,4.0,,1.0,16.0,2.0,2.0,1.0,,23.0,,,,,,,,2.0,47.0
2024,3,11590540,상도2동,154,6.0,3.0,,,16.0,1.0,1.0,1.0,,,,1.0,,1.0,,,,1.0,41.0
2024,3,11590550,상도3동,113,2.0,2.0,,,11.0,,,1.0,,,,1.0,,,,,,,36.0
2024,3,11590560,상도4동,112,3.0,1.0,,1.0,11.0,4.0,1.0,1.0,,,,,1.0,,,,,,36.0
2024,3,11590605,흑석동,195,6.0,6.0,1.0,,24.0,5.0,3.0,2.0,,16.0,,,,1.0,,,,1.0,50.0
2024,3,11590620,사당1동,126,4.0,6.0,,2.0,12.0,1.0,1.0,,,1.0,,,1.0,1.0,,,,2.0,13.0
2024,3,11590630,사당2동,179,3.0,2.0,,,14.0,,1.0,1.0,2.0,,,,,2.0,,,,4.0,36.0
2024,3,11590640,사당3동,88,3.0,1.0,,,5.0,,2.0,1.0,,3.0,,1.0,,,,,,1.0,30.0
2024,3,11590650,사당4동,62,2.0,1.0,,,6.0,,,1.0,,,,1.0,,,,,,,4.0
2024,3,11590651,사당5동,61,4.0,,,,3.0,1.0,2.0,1.0,1.0,,,,,,,,,,28.0
2024,3,11590660,대방동,199,5.0,5.0,,,16.0,3.0,3.0,4.0,4.0,,,,,,,,,2.0,61.0
2024,3,11590670,신대방1동,83,3.0,1.0,,,10.0,3.0,1.0,1.0,,1.0,,,,,,,,1.0,15.0
2024,3,11590680,신대방2동,109,7.0,7.0,1.0,,16.0,,1.0,1.0,1.0,,,,,,,,,,29.0
2024,3,11620525,보라매동,83,1.0,1.0,,,5.0,,1.0,1.0,1.0,,,,,,,,,,25.0
2024,3,11620545,청림동,50,2.0,,,,4.0,2.0,,,,,,,,2.0,,,,,7.0
2024,3,11620565,성현동,104,4.0,,,,6.0,3.0,2.0,1.0,1.0,,,,,,,,,,38.0
2024,3,11620575,행운동,111,3.0,3.0,1.0,2.0,12.0,1.0,2.0,2.0,1.0,,,,,,,,,,15.0
2024,3,11620585,낙성대동,148,2.0,3.0,,,10.0,,1.0,,,37.0,,,,2.0,,,,,37.0
2024,3,11620595,청룡동,147,5.0,6.0,,1.0,23.0,,2.0,2.0,3.0,,,1.0,1.0,1.0,,,,1.0,15.0
2024,3,11620605,은천동,123,6.0,,,,9.0,3.0,1.0,,1.0,,,,,,,,,,43.0
2024,3,11620615,중앙동,83,1.0,3.0,,1.0,14.0,,1.0,,,,,,,,,,,1.0,12.0
2024,3,11620625,인헌동,105,2.0,5.0,,,14.0,1.0,,1.0,1.0,,,2.0,,,,,,1.0,23.0
2024,3,11620630,남현동,70,3.0,1.0,,,6.0,1.0,1.0,,,1.0,,,,,,,,,6.0
2024,3,11620645,서원동,94,3.0,1.0,1.0,1.0,9.0,,,1.0,,,,,1.0,,,,,,27.0
2024,3,11620655,신원동,54,6.0,1.0,,,7.0,,1.0,,,1.0,,,,,,,,,10.0
2024,3,11620665,서림동,74,2.0,,,,5.0,1.0,1.0,1.0,,,,,,,,,,,34.0
2024,3,11620685,신사동,79,3.0,2.0,,1.0,10.0,1.0,1.0,,,1.0,,1.0,,,,,,,21.0
2024,3,11620695,신림동,168,2.0,3.0,,,17.0,,,,,,,,,4.0,,,,1.0,16.0
2024,3,11620715,난향동,68,1.0,,,,5.0,,1.0,,,,,,,,,,,,34.0
2024,3,11620725,조원동,96,3.0,1.0,,1.0,12.0,,1.0,,,,,1.0,,,,,,,30.0
2024,3,11620735,대학동,283,5.0,6.0,,,11.0,,1.0,1.0,2.0,140.0,,,,,,,,,73.0
2024,3,11620745,삼성동,94,3.0,,,,7.0,,2.0,,1.0,,,,,3.0,,,,,44.0
2024,3,11620765,미성동,126,3.0,3.0,,1.0,11.0,1.0,2.0,2.0,2.0,,,,,1.0,,,,,44.0
2024,3,11620775,난곡동,95,2.0,1.0,,,11.0,2.0,1.0,2.0,1.0,,,1.0,,,,,,,28.0
2024,3,11650510,서초1동,194,4.0,10.0,,1.0,14.0,,2.0,,,13.0,,,,,,,,2.0,38.0
2024,3,11650520,서초2동,217,8.0,26.0,,,24.0,,1.0,1.0,1.0,,,,,1.0,,,,2.0,47.0
2024,3,11650530,서초3동,332,25.0,30.0,,3.0,30.0,1.0,1.0,1.0,3.0,2.0,,,,,,,1.0,2.0,77.0
2024,3,11650531,서초4동,257,2.0,13.0,,1.0,31.0,2.0,2.0,1.0,,,,,1.0,,,,,,36.0
2024,3,11650540,잠원동,135,3.0,8.0,,,13.0,1.0,1.0,1.0,,,,,,,,,,2.0,23.0
2024,3,11650550,반포본동,33,1.0,3.0,,,2.0,,1.0,2.0,2.0,,,1.0,,,,,,1.0,5.0
2024,3,11650560,반포1동,140,6.0,6.0,,1.0,20.0,1.0,2.0,1.0,1.0,,,,,,,,,1.0,26.0
2024,3,11650570,반포2동,74,4.0,5.0,,,5.0,,2.0,1.0,,,,1.0,,,,,,1.0,25.0
2024,3,11650580,반포3동,109,3.0,7.0,,,11.0,,1.0,1.0,,,,,,,,,,,18.0
2024,3,11650581,반포4동,130,7.0,12.0,1.0,,12.0,,,1.0,,3.0,,,1.0,,,,,3.0,33.0
2024,3,11650590,방배본동,103,2.0,6.0,,,16.0,,1.0,,,,,1.0,,,,,,,25.0
2024,3,11650600,방배1동,102,3.0,4.0,,1.0,10.0,,1.0,,,3.0,,1.0,,,,,,1.0,19.0
2024,3,11650610,방배2동,114,4.0,2.0,,,3.0,,1.0,1.0,1.0,,,1.0,,1.0,,,,1.0,37.0
2024,3,11650620,방배3동,112,4.0,3.0,,2.0,6.0,,2.0,,1.0,7.0,,,,,,,,,50.0
2024,3,11650621,방배4동,156,3.0,10.0,,,11.0,,1.0,,1.0,4.0,,,,1.0,,,,1.0,31.0
2024,3,11650651,양재1동,263,12.0,11.0,,1.0,20.0,3.0,4.0,1.0,,1.0,,,,,,,,2.0,86.0
2024,3,11650652,양재2동,147,2.0,16.0,,,11.0,,1.0,2.0,1.0,,,1.0,,,,,,1.0,57.0
2024,3,11650660,내곡동,161,5.0,1.0,,1.0,2.0,2.0,1.0,,,3.0,,1.0,,,,,,1.0,85.0
2024,3,11680510,신사동,260,3.0,14.0,,,36.0,2.0,1.0,1.0,2.0,,1.0,,1.0,,,,,1.0,12.0
2024,3,11680521,논현1동,300,4.0,15.0,,4.0,42.0,,1.0,,,,,1.0,8.0,,,,,3.0,23.0
2024,3,11680531,논현2동,240,8.0,16.0,,5.0,29.0,1.0,1.0,1.0,,4.0,,,2.0,,,,,1.0,33.0
2024,3,11680545,압구정동,313,4.0,25.0,,5.0,30.0,1.0,1.0,2.0,2.0,,2.0,1.0,3.0,,,,,2.0,18.0
2024,3,11680565,청담동,288,11.0,19.0,,4.0,27.0,2.0,2.0,1.0,1.0,1.0,,,,,,,,3.0,23.0
2024,3,11680580,삼성1동,199,6.0,26.0,,3.0,13.0,1.0,1.0,1.0,1.0,,1.0,,1.0,,,,,3.0,38.0
2024,3,11680590,삼성2동,177,10.0,11.0,,,11.0,,1.0,1.0,,1.0,,,,,,,,4.0,28.0
2024,3,11680600,대치1동,130,4.0,11.0,,,13.0,1.0,1.0,1.0,2.0,1.0,,,,,,,,,24.0
2024,3,11680610,대치2동,210,6.0,26.0,,2.0,20.0,,2.0,1.0,1.0,,,,,,,,,2.0,39.0
2024,3,11680630,대치4동,159,4.0,12.0,1.0,1.0,18.0,,1.0,,,1.0,1.0,,,,,,,,14.0
2024,3,11680640,역삼1동,542,15.0,49.0,1.0,3.0,64.0,1.0,1.0,,,,,,3.0,1.0,,,,1.0,44.0
2024,3,11680650,역삼2동,195,3.0,14.0,,2.0,25.0,,1.0,2.0,1.0,1.0,,,,,,,,,31.0
2024,3,11680655,도곡1동,142,4.0,9.0,1.0,4.0,20.0,2.0,1.0,2.0,1.0,,,,,,,,,1.0,27.0
2024,3,11680656,도곡2동,118,7.0,23.0,,,10.0,2.0,1.0,1.0,2.0,,,,,,,,,3.0,25.0
2024,3,11680660,개포1동,38,1.0,1.0,,,1.0,,1.0,2.0,,,,,,,,,,,29.0
2024,3,11680670,개포2동,135,3.0,3.0,,,9.0,5.0,4.0,1.0,3.0,,,,,,,,,3.0,50.0
2024,3,11680690,개포4동,115,3.0,4.0,,,7.0,,2.0,1.0,1.0,,,,,,,,,,49.0
2024,3,11680700,세곡동,191,4.0,1.0,,,9.0,3.0,4.0,1.0,1.0,,,,,,,,,,95.0
2024,3,11680720,일원본동,103,2.0,6.0,1.0,,15.0,2.0,2.0,1.0,2.0,,,,,,,,,1.0,32.0
2024,3,11680730,일원1동,74,4.0,1.0,,,11.0,1.0,2.0,,1.0,,,,,,,,,,18.0
2024,3,11680740,일원2동,66,3.0,3.0,,,6.0,2.0,1.0,1.0,,,,,,,,,,1.0,13.0
2024,3,11680750,수서동,89,3.0,3.0,,,11.0,2.0,1.0,1.0,2.0,,,,,,,,,2.0,23.0
2024,3,11710510,풍납1동,48,3.0,,,1.0,6.0,1.0,1.0,,,,,,,,,,,,6.0
2024,3,11710520,풍납2동,125,5.0,5.0,1.0,,26.0,2.0,2.0,3.0,1.0,3.0,,,,,,,,1.0,24.0
2024,3,11710531,거여1동,48,2.0,,,,2.0,,1.0,,1.0,,,,,1.0,,,,1.0,6.0
2024,3,11710532,거여2동,78,3.0,3.0,,1.0,12.0,1.0,1.0,1.0,,,,,,,,,,,11.0
2024,3,11710540,마천1동,73,4.0,1.0,,,8.0,1.0,1.0,,,,,,,1.0,,,,1.0,15.0
2024,3,11710550,마천2동,93,3.0,2.0,,,14.0,,1.0,,,,,,,,,,,,12.0
2024,3,11710561,방이1동,73,2.0,1.0,,,10.0,2.0,2.0,1.0,1.0,,,,,,,,,1.0,11.0
2024,3,11710562,방이2동,164,3.0,5.0,,,18.0,,1.0,1.0,,,,,,,,,,1.0,13.0
2024,3,11710566,오륜동,74,4.0,6.0,,,6.0,1.0,2.0,2.0,3.0,11.0,,,,,,,,3.0,15.0
2024,3,11710570,오금동,134,5.0,5.0,,,13.0,3.0,3.0,4.0,2.0,,,,,,,,,3.0,27.0
2024,3,11710580,송파1동,102,2.0,4.0,,3.0,14.0,1.0,1.0,,,,,,,,,,,2.0,13.0
2024,3,11710590,송파2동,79,3.0,1.0,,,11.0,3.0,1.0,2.0,3.0,,,,,,,,,,7.0
2024,3,11710600,석촌동,159,3.0,7.0,,2.0,27.0,3.0,2.0,,,,,,,,,,,,20.0
2024,3,11710610,삼전동,118,4.0,2.0,,,14.0,3.0,1.0,1.0,1.0,,,,,1.0,,,,1.0,12.0
2024,3,11710620,가락본동,144,5.0,9.0,1.0,5.0,21.0,1.0,2.0,2.0,,,,,,,,,,,21.0
2024,3,11710631,가락1동,82,2.0,8.0,,,13.0,1.0,1.0,1.0,,,,1.0,,,,,,3.0,16.0
2024,3,11710632,가락2동,143,3.0,6.0,,,17.0,4.0,2.0,1.0,,,,,,,,,,1.0,22.0
2024,3,11710641,문정1동,70,3.0,1.0,,,5.0,1.0,1.0,1.0,,,,,,,,,,,19.0
2024,3,11710642,문정2동,149,10.0,12.0,,1.0,22.0,,1.0,,,,,,2.0,,,,,3.0,14.0
2024,3,11710646,장지동,136,4.0,3.0,,,10.0,1.0,2.0,1.0,3.0,,,,1.0,,,,,1.0,41.0
2024,3,11710647,위례동,84,3.0,1.0,,,5.0,2.0,2.0,1.0,,,,,,,,,,,32.0
2024,3,11710650,잠실본동,192,5.0,9.0,,1.0,24.0,,1.0,,,,,,,,,,,1.0,12.0
2024,3,11710670,잠실2동,91,4.0,6.0,,,14.0,1.0,2.0,2.0,2.0,,,,,,,,,1.0,5.0
2024,3,11710680,잠실3동,103,5.0,9.0,,,11.0,1.0,3.0,,1.0,,,,,,,,,,16.0
2024,3,11710690,잠실4동,74,3.0,3.0,,,10.0,1.0,2.0,,1.0,,,,,,,,,2.0,7.0
2024,3,11710710,잠실6동,144,4.0,17.0,,1.0,23.0,,1.0,1.0,,,,,1.0,,,,,2.0,13.0
2024,3,11710720,잠실7동,30,2.0,4.0,,,4.0,,1.0,2.0,1.0,,,,,,,,,2.0,3.0
2024,3,11740515,강일동,187,5.0,3.0,,,12.0,2.0,2.0,2.0,1.0,,,,,,,,,3.0,79.0
2024,3,11740520,상일동,105,4.0,2.0,1.0,,8.0,4.0,2.0,2.0,5.0,,,,,,,,,,37.0
2024,3,11740530,명일1동,151,5.0,6.0,,2.0,17.0,,1.0,,,,,,,,,,,1.0,22.0
2024,3,11740540,명일2동,107,3.0,6.0,,,18.0,4.0,2.0,,1.0,,,,,,,,,,18.0
2024,3,11740550,고덕1동,92,3.0,,,,4.0,1.0,2.0,1.0,1.0,,,,,,,,,1.0,26.0
2024,3,11740560,고덕2동,78,3.0,1.0,,,9.0,1.0,2.0,1.0,2.0,,,,,,,,,1.0,25.0
2024,3,11740570,암사1동,90,2.0,1.0,,,8.0,1.0,1.0,,,1.0,,1.0,,,,,,,13.0
2024,3,11740580,암사2동,61,1.0,3.0,,,6.0,1.0,2.0,,,,,,,,,,,1.0,6.0
2024,3,11740590,암사3동,50,2.0,1.0,,,5.0,1.0,,2.0,1.0,,,,,,,,,,12.0
2024,3,11740600,천호1동,92,4.0,1.0,,,11.0,,1.0,1.0,1.0,1.0,,,1.0,,,,,1.0,11.0
2024,3,11740610,천호2동,203,4.0,3.0,,1.0,26.0,1.0,1.0,1.0,,,,,,3.0,,,,,22.0
2024,3,11740620,천호3동,115,4.0,3.0,,2.0,14.0,,,1.0,,,,,,1.0,,,,,11.0
2024,3,11740640,성내1동,98,6.0,4.0,,2.0,9.0,1.0,2.0,1.0,,1.0,,,1.0,,,,,,20.0
2024,3,11740650,성내2동,113,2.0,3.0,,4.0,14.0,,,,,,,,1.0,,,,,3.0,16.0
2024,3,11740660,성내3동,136,4.0,5.0,,,13.0,2.0,,,,2.0,,,,,,,,1.0,13.0
2024,3,11740685,길동,242,6.0,10.0,1.0,4.0,34.0,4.0,3.0,1.0,,1.0,,,,,,,,1.0,36.0
2024,3,11740690,둔촌1동,14,,,,,,,2.0,,1.0,,,,,,,,,1.0,6.0
2024,3,11740700,둔촌2동,129,5.0,4.0,1.0,,17.0,2.0,1.0,2.0,1.0,,,,,,,,,1.0,32.0
2024,4,11110515,청운효자동,93,6.0,3.0,,,4.0,1.0,1.0,2.0,2.0,8.0,,,,,,,,,26.0
2024,4,11110530,사직동,206,18.0,24.0,,,15.0,,1.0,,1.0,1.0,,,3.0,,,,,2.0,34.0
2024,4,11110540,삼청동,49,10.0,4.0,,1.0,1.0,,,1.0,1.0,2.0,,,,,,,,,16.0
2024,4,11110550,부암동,84,4.0,2.0,,,1.0,1.0,2.0,1.0,1.0,14.0,,,,,,,,,38.0
2024,4,11110560,평창동,162,6.0,2.0,,1.0,5.0,1.0,,,1.0,2.0,,,,,,,,,91.0
2024,4,11110570,무악동,42,2.0,1.0,1.0,,4.0,1.0,1.0,,,,,,,,,,,1.0,7.0
2024,4,11110580,교남동,78,4.0,3.0,2.0,,17.0,,,,1.0,1.0,,,,,,,,,26.0
2024,4,11110600,가회동,63,5.0,3.0,,,1.0,1.0,1.0,1.0,2.0,1.0,,,,,,,,,22.0
2024,4,11110615,종로1?2?3?4가동,500,19.0,35.0,,,47.0,1.0,2.0,,,4.0,,1.0,5.0,17.0,,,,5.0,72.0
2024,4,11110630,종로5?6가동,212,7.0,8.0,,,31.0,,1.0,,,1.0,,4.0,,3.0,,,,1.0,23.0
2024,4,11110640,이화동,119,4.0,4.0,1.0,,11.0,,,2.0,,37.0,,,,,,,,1.0,28.0
2024,4,11110650,혜화동,145,6.0,5.0,,,16.0,3.0,1.0,1.0,4.0,26.0,,,1.0,,,,,,36.0
2024,4,11110670,창신1동,111,3.0,4.0,,,9.0,,2.0,,,,,1.0,,7.0,,,,2.0,11.0
2024,4,11110680,창신2동,38,2.0,1.0,,,5.0,,,,,,,,,,,,,,
2024,4,11110690,창신3동,24,3.0,,,,1.0,,1.0,,1.0,,,,,,,,,1.0,5.0
2024,4,11110700,숭인1동,43,3.0,1.0,,,3.0,1.0,,,,,,,,,,,,,14.0
2024,4,11110710,숭인2동,89,4.0,3.0,,1.0,4.0,,,,,,,2.0,,3.0,,,,2.0,6.0
2024,4,11140520,소공동,231,13.0,29.0,,,10.0,,1.0,4.0,3.0,,1.0,,3.0,3.0,,,,3.0,37.0
2024,4,11140540,회현동,211,9.0,17.0,,,16.0,1.0,,,,2.0,,2.0,1.0,2.0,,,,6.0,35.0
2024,4,11140550,명동,542,20.0,46.0,,,35.0,,1.0,,,4.0,,,3.0,12.0,,,,1.0,29.0
2024,4,11140570,필동,123,6.0,9.0,1.0,,7.0,,2.0,,1.0,19.0,,,2.0,1.0,,,,2.0,15.0
2024,4,11140580,장충동,63,6.0,2.0,,,1.0,,1.0,,,3.0,,,1.0,2.0,,,,1.0,13.0
2024,4,11140590,광희동,185,3.0,16.0,1.0,,14.0,,,1.0,,,,1.0,3.0,11.0,,,,3.0,19.0
2024,4,11140605,을지로동,145,5.0,10.0,,,13.0,,,,,,,1.0,2.0,3.0,,,,4.0,20.0
2024,4,11140615,신당동,99,7.0,5.0,,1.0,12.0,,1.0,1.0,3.0,,,3.0,,1.0,,,,2.0,8.0
2024,4,11140625,다산동,86,3.0,4.0,,1.0,9.0,,1.0,1.0,1.0,,,,,1.0,,,,1.0,7.0
2024,4,11140635,약수동,87,4.0,2.0,,1.0,12.0,2.0,,,,,,,,,,,,2.0,12.0
2024,4,11140645,청구동,34,2.0,,,,3.0,1.0,2.0,1.0,1.0,,,,,,,,,,5.0
2024,4,11140650,신당5동,65,4.0,2.0,,,5.0,,1.0,,2.0,,,,,,,,,,12.0
2024,4,11140665,동화동,47,3.0,1.0,,,5.0,,1.0,1.0,,,,,,,,,,2.0,4.0
2024,4,11140670,황학동,76,1.0,6.0,,,10.0,,,,,,,,,7.0,,,,,6.0
2024,4,11140680,중림동,77,3.0,2.0,,,7.0,,1.0,,2.0,1.0,,,,5.0,,,,,14.0
2024,4,11170510,후암동,80,6.0,1.0,,,7.0,1.0,2.0,,1.0,,,2.0,,,,,,,18.0
2024,4,11170520,용산2가동,63,3.0,,,,4.0,,1.0,2.0,2.0,,,,,,,,,1.0,29.0
2024,4,11170530,남영동,147,7.0,5.0,,,14.0,,,1.0,,,,,,12.0,,,,3.0,26.0
2024,4,11170555,청파동,128,7.0,2.0,,1.0,11.0,,2.0,2.0,4.0,22.0,,1.0,,1.0,,,,,35.0
2024,4,11170560,원효로1동,94,6.0,3.0,,,6.0,1.0,1.0,,,3.0,,4.0,,,,,,,31.0
2024,4,11170570,원효로2동,69,4.0,2.0,,,4.0,2.0,1.0,1.0,1.0,,,2.0,,,,,,,27.0
2024,4,11170580,효창동,66,1.0,1.0,,,5.0,,1.0,,1.0,1.0,,,,,,,,2.0,22.0
2024,4,11170590,용문동,54,1.0,,,,3.0,,,,,,,,,,,,,,22.0
2024,4,11170625,한강로동,242,19.0,19.0,,,21.0,,2.0,,1.0,,,5.0,3.0,2.0,,,,7.0,41.0
2024,4,11170630,이촌1동,102,4.0,9.0,,1.0,12.0,2.0,1.0,1.0,1.0,,,1.0,,,,,,,14.0
2024,4,11170640,이촌2동,26,2.0,,,,1.0,,,,,,,,,,,,,,11.0
2024,4,11170650,이태원1동,71,8.0,5.0,,,3.0,,1.0,,,,,3.0,,,,,,1.0,14.0
2024,4,11170660,이태원2동,60,8.0,5.0,,,3.0,1.0,1.0,,1.0,,,,,,,,,,22.0
2024,4,11170685,한남동,171,30.0,11.0,1.0,,13.0,3.0,1.0,,,,,3.0,,,,,,2.0,36.0
2024,4,11170690,서빙고동,61,15.0,1.0,,,1.0,,1.0,1.0,,,,,,,,,,1.0,21.0
2024,4,11170700,보광동,70,4.0,1.0,,,8.0,1.0,,1.0,1.0,6.0,,,,,,,,,14.0
2024,4,11200520,왕십리2동,63,2.0,,,,5.0,1.0,1.0,,,,,,,,,,,1.0,18.0
2024,4,11200535,왕십리도선동,189,4.0,4.0,,2.0,20.0,2.0,2.0,,2.0,,,,,,,,,,26.0
2024,4,11200540,마장동,111,6.0,5.0,,,8.0,2.0,2.0,2.0,,,,,,,,,,1.0,29.0
2024,4,11200550,사근동,128,5.0,3.0,1.0,,10.0,,2.0,1.0,2.0,52.0,,1.0,,,,,,2.0,34.0
2024,4,11200560,행당1동,130,9.0,4.0,,2.0,13.0,1.0,1.0,,,,,1.0,1.0,,,,,4.0,30.0
2024,4,11200570,행당2동,79,2.0,2.0,,,4.0,1.0,1.0,1.0,1.0,,,,,,,,,1.0,24.0
2024,4,11200580,응봉동,56,3.0,,,,2.0,,1.0,1.0,,,,,,,,,,1.0,30.0
2024,4,11200590,금호1가동,88,2.0,,,,6.0,1.0,1.0,,1.0,,,,,,,,,1.0,45.0
2024,4,11200615,금호2?3가동,135,3.0,2.0,,,13.0,,1.0,,,,,,,,,,,,46.0
2024,4,11200620,금호4가동,84,3.0,3.0,,,6.0,1.0,2.0,,,,,,,,,,,1.0,27.0
2024,4,11200645,옥수동,129,4.0,2.0,,,10.0,2.0,2.0,1.0,1.0,,,,,,,,,2.0,45.0
2024,4,11200650,성수1가1동,83,4.0,2.0,,,4.0,1.0,2.0,1.0,1.0,,,,1.0,,,,,1.0,33.0
2024,4,11200660,성수1가2동,79,3.0,6.0,,,6.0,,,1.0,1.0,1.0,,,,,,,,1.0,12.0
2024,4,11200670,성수2가1동,109,3.0,3.0,,,13.0,,1.0,2.0,1.0,,,2.0,,1.0,,,,,38.0
2024,4,11200690,성수2가3동,104,3.0,16.0,,,11.0,,2.0,,,,,,1.0,,,,,1.0,20.0
2024,4,11200720,송정동,44,2.0,,,1.0,5.0,,1.0,,,,,,,,,,,,17.0
2024,4,11200790,용답동,82,7.0,2.0,,,8.0,,1.0,,,,,1.0,,,,,,2.0,11.0
2024,4,11215710,화양동,167,3.0,5.0,1.0,,17.0,,2.0,2.0,1.0,34.0,,,1.0,,,,,2.0,16.0
2024,4,11215730,군자동,135,5.0,5.0,,1.0,12.0,1.0,2.0,,,20.0,,,1.0,,,,,,23.0
2024,4,11215740,중곡1동,74,2.0,,,,10.0,1.0,,,,,,1.0,,,,,,,19.0
2024,4,11215750,중곡2동,104,2.0,4.0,,,14.0,1.0,1.0,,,,,,,,,,,2.0,21.0
2024,4,11215760,중곡3동,97,3.0,1.0,,1.0,9.0,,2.0,,,,,1.0,,,,,,1.0,29.0
2024,4,11215770,중곡4동,105,2.0,2.0,,,7.0,,1.0,1.0,2.0,,,,,,,,,,37.0
2024,4,11215780,능동,47,4.0,,,1.0,5.0,,1.0,,1.0,,,,,,,,,1.0,5.0
2024,4,11215810,광장동,139,5.0,9.0,,,9.0,3.0,3.0,3.0,1.0,11.0,,,,,,,,1.0,32.0
2024,4,11215820,자양1동,106,3.0,4.0,1.0,,14.0,1.0,1.0,,,2.0,,,,,,,,,17.0
2024,4,11215830,자양2동,95,2.0,1.0,,,8.0,2.0,4.0,2.0,1.0,,,1.0,,,,,,,21.0
2024,4,11215840,자양3동,105,2.0,6.0,,,8.0,2.0,2.0,1.0,1.0,1.0,1.0,,1.0,,,,,,30.0
2024,4,11215847,자양4동,106,5.0,2.0,,1.0,15.0,1.0,,1.0,,,,1.0,1.0,,,,,1.0,16.0
2024,4,11215850,구의1동,77,2.0,4.0,,,9.0,1.0,,1.0,1.0,,,,,,,,,1.0,16.0
2024,4,11215860,구의2동,112,3.0,2.0,,1.0,9.0,3.0,2.0,,,1.0,,,,,,,,1.0,24.0
2024,4,11215870,구의3동,133,5.0,4.0,,,16.0,2.0,1.0,,,,,1.0,1.0,,,,1.0,1.0,25.0
2024,4,11230536,용신동,231,10.0,8.0,1.0,4.0,20.0,1.0,1.0,1.0,1.0,,,1.0,,5.0,,,,5.0,41.0
2024,4,11230545,제기동,288,4.0,5.0,,1.0,22.0,2.0,2.0,2.0,1.0,1.0,,3.0,,14.0,,,,1.0,30.0
2024,4,11230560,전농1동,152,5.0,2.0,,1.0,13.0,3.0,1.0,1.0,1.0,,,,1.0,5.0,,,,3.0,35.0
2024,4,11230570,전농2동,102,2.0,2.0,,,12.0,3.0,3.0,2.0,1.0,27.0,,,,,,,,,15.0
2024,4,11230600,답십리1동,124,4.0,5.0,,,9.0,,2.0,1.0,,,,,,,,,,,25.0
2024,4,11230610,답십리2동,108,3.0,2.0,,2.0,13.0,3.0,1.0,,,,,3.0,,,,,,,19.0
2024,4,11230650,장안1동,192,5.0,11.0,,4.0,26.0,2.0,2.0,2.0,,,,,,,,,,1.0,43.0
2024,4,11230660,장안2동,168,3.0,2.0,,2.0,21.0,1.0,2.0,,1.0,1.0,,,1.0,1.0,,,,,38.0
2024,4,11230705,청량리동,154,9.0,4.0,1.0,,16.0,2.0,1.0,1.0,1.0,1.0,,,,2.0,,,,,34.0
2024,4,11230710,회기동,84,3.0,5.0,1.0,,10.0,1.0,3.0,1.0,1.0,14.0,,,,,,,,,10.0
2024,4,11230720,휘경1동,82,2.0,1.0,,,12.0,,,,,,,,,1.0,,,,3.0,18.0
2024,4,11230730,휘경2동,84,5.0,1.0,1.0,,5.0,1.0,2.0,3.0,3.0,4.0,,,,,,,,,27.0
2024,4,11230740,이문1동,147,5.0,2.0,,,13.0,3.0,,,2.0,30.0,,,,,,,,1.0,26.0
2024,4,11230750,이문2동,71,2.0,,,,6.0,1.0,1.0,,,2.0,,,,,,,,1.0,17.0
2024,4,11260520,면목2동,112,3.0,,,1.0,11.0,2.0,2.0,,,,,8.0,,1.0,,,,,25.0
2024,4,11260540,면목4동,61,2.0,,,,5.0,1.0,1.0,1.0,,,,,,,,,,1.0,15.0
2024,4,11260550,면목5동,42,2.0,1.0,,,3.0,,,,,,,4.0,,,,,,,13.0
2024,4,11260565,면목본동,168,4.0,2.0,,,18.0,1.0,2.0,,,,,13.0,,1.0,,,,1.0,30.0
2024,4,11260570,면목7동,108,2.0,2.0,,1.0,11.0,,1.0,,,,,1.0,,,,,,,18.0
2024,4,11260575,면목3?8동,150,4.0,1.0,1.0,,17.0,1.0,2.0,2.0,1.0,8.0,,,,1.0,,,,1.0,34.0
2024,4,11260580,상봉1동,78,3.0,1.0,,1.0,8.0,2.0,1.0,2.0,1.0,,,,,,,,,4.0,12.0
2024,4,11260590,상봉2동,127,4.0,3.0,,1.0,10.0,,,,,,,,2.0,2.0,,,1.0,1.0,18.0
2024,4,11260600,중화1동,79,2.0,1.0,,1.0,7.0,1.0,2.0,2.0,1.0,,,,,,,,,,14.0
2024,4,11260610,중화2동,123,2.0,3.0,,,14.0,,,,,,,2.0,,,,,,3.0,32.0
2024,4,11260620,묵1동,144,4.0,2.0,,2.0,11.0,2.0,1.0,2.0,2.0,,,,,,,,,,34.0
2024,4,11260630,묵2동,92,3.0,4.0,,,7.0,,2.0,,,,,,1.0,,,,,1.0,19.0
2024,4,11260655,망우본동,238,9.0,4.0,1.0,4.0,25.0,1.0,2.0,3.0,4.0,,,9.0,,2.0,,,,2.0,54.0
2024,4,11260660,망우3동,54,1.0,1.0,,1.0,3.0,,2.0,,1.0,,,3.0,,,,,,,11.0
2024,4,11260680,신내1동,160,3.0,2.0,1.0,,13.0,2.0,2.0,,,,,,,,,,,1.0,53.0
2024,4,11260690,신내2동,104,6.0,3.0,,,12.0,3.0,4.0,,,,,,,,,,,,21.0
2024,4,11290525,성북동,166,6.0,4.0,,,6.0,2.0,1.0,3.0,2.0,5.0,,,,,,,,,55.0
2024,4,11290555,삼선동,163,7.0,5.0,,,14.0,,1.0,1.0,2.0,14.0,,,,,,,,2.0,46.0
2024,4,11290575,동선동,146,1.0,4.0,,1.0,13.0,1.0,2.0,2.0,1.0,12.0,,,1.0,,,,,1.0,19.0
2024,4,11290580,돈암1동,42,1.0,,,,2.0,2.0,2.0,2.0,1.0,,,,,,,,,,15.0
2024,4,11290590,돈암2동,88,4.0,2.0,,,4.0,6.0,1.0,,,,,,1.0,,,,,,38.0
2024,4,11290600,안암동,167,4.0,6.0,1.0,1.0,10.0,,1.0,1.0,1.0,71.0,,,,,,,,1.0,35.0
2024,4,11290610,보문동,77,4.0,4.0,,,6.0,,2.0,,,,,,,1.0,,,,2.0,10.0
2024,4,11290620,정릉1동,63,2.0,,,,6.0,2.0,,,,1.0,,,,,,,,,19.0
2024,4,11290630,정릉2동,110,4.0,3.0,,,6.0,1.0,2.0,,,,,,,,,,,1.0,50.0
2024,4,11290640,정릉3동,124,4.0,1.0,,,2.0,,1.0,3.0,1.0,28.0,,,,,,,,,38.0
2024,4,11290650,정릉4동,133,7.0,3.0,,,12.0,2.0,1.0,,2.0,11.0,,,,,,,,1.0,40.0
2024,4,11290660,길음1동,129,3.0,4.0,,,10.0,2.0,3.0,1.0,1.0,,,1.0,,,,,,1.0,26.0
2024,4,11290685,길음2동,112,5.0,,,3.0,14.0,,,,,,,,,,,,,,23.0
2024,4,11290705,종암동,189,7.0,2.0,,1.0,17.0,3.0,2.0,2.0,1.0,2.0,,,,,,,,,56.0
2024,4,11290715,월곡1동,108,2.0,3.0,,,10.0,,2.0,1.0,1.0,,,,,1.0,,,,,30.0
2024,4,11290725,월곡2동,135,6.0,4.0,,,12.0,2.0,,1.0,,12.0,,,,,,,,2.0,34.0
2024,4,11290760,장위1동,103,4.0,1.0,,,8.0,6.0,1.0,1.0,,,,,,,,,,,37.0
2024,4,11290770,장위2동,89,3.0,2.0,,,11.0,1.0,3.0,,,,,,,,,,,1.0,27.0
2024,4,11290780,장위3동,82,1.0,,,,5.0,1.0,2.0,1.0,,1.0,,1.0,,,,,,,39.0
2024,4,11290810,석관동,154,6.0,3.0,,,16.0,2.0,2.0,1.0,1.0,,,1.0,,2.0,,,,2.0,32.0
2024,4,11305534,삼양동,165,4.0,1.0,,,14.0,3.0,2.0,,1.0,,,,,,,,,3.0,34.0
2024,4,11305535,미아동,144,3.0,3.0,,1.0,14.0,,,,1.0,4.0,,,,,,,,1.0,28.0
2024,4,11305545,송중동,212,4.0,1.0,,2.0,18.0,4.0,2.0,,1.0,2.0,1.0,,1.0,,,,,,69.0
2024,4,11305555,송천동,164,9.0,5.0,,1.0,17.0,,1.0,2.0,2.0,,,2.0,,,,,,1.0,24.0
2024,4,11305575,삼각산동,114,2.0,1.0,,,9.0,1.0,,1.0,1.0,1.0,,,,,,,,,36.0
2024,4,11305595,번1동,136,3.0,3.0,,1.0,14.0,1.0,1.0,1.0,,,,,1.0,,,,,,30.0
2024,4,11305603,번2동,110,5.0,,,,7.0,1.0,,1.0,,,,,,1.0,,,,,54.0
2024,4,11305608,번3동,95,3.0,1.0,,,8.0,,2.0,,,,,,,,,,,,37.0
2024,4,11305615,수유1동,153,4.0,2.0,,,12.0,,2.0,3.0,1.0,,,1.0,,,,,,1.0,40.0
2024,4,11305625,수유2동,85,3.0,,,,12.0,3.0,,,,,,,,,,,,1.0,15.0
2024,4,11305635,수유3동,158,4.0,6.0,,1.0,16.0,,,1.0,,,,,1.0,,,,,1.0,30.0
2024,4,11305645,우이동,132,2.0,,,,7.0,1.0,,1.0,,2.0,,,,,,,,3.0,54.0
2024,4,11305660,인수동,175,13.0,2.0,1.0,2.0,14.0,2.0,2.0,2.0,,5.0,,1.0,,,,,,,57.0
2024,4,11320511,창1동,94,3.0,2.0,,,7.0,1.0,1.0,2.0,1.0,,,,,,,,,1.0,28.0
2024,4,11320512,창2동,95,3.0,,,1.0,8.0,1.0,1.0,,,,,,,,,,,,44.0
2024,4,11320513,창3동,66,1.0,,,,7.0,1.0,2.0,,,,,1.0,,,,,,,25.0
2024,4,11320514,창4동,130,7.0,4.0,,,8.0,1.0,2.0,1.0,2.0,,,,,,,,,,51.0
2024,4,11320515,창5동,119,7.0,3.0,,3.0,12.0,1.0,3.0,,,,,,2.0,,,,,2.0,24.0
2024,4,11320521,도봉1동,122,4.0,1.0,,,9.0,2.0,2.0,1.0,1.0,2.0,,1.0,,,,,,,38.0
2024,4,11320522,도봉2동,127,8.0,3.0,,,7.0,1.0,1.0,1.0,1.0,1.0,,,,1.0,,,,3.0,49.0
2024,4,11320660,쌍문1동,126,6.0,1.0,,1.0,4.0,1.0,3.0,,1.0,17.0,,,,,,,,,54.0
2024,4,11320670,쌍문2동,87,3.0,1.0,,1.0,10.0,1.0,1.0,1.0,,,,,,2.0,,,,,19.0
2024,4,11320680,쌍문3동,78,3.0,3.0,1.0,,12.0,,,1.0,,,,,,1.0,,,,1.0,17.0
2024,4,11320681,쌍문4동,64,1.0,,,,4.0,5.0,2.0,2.0,3.0,,,,,,,,,,23.0
2024,4,11320690,방학1동,148,6.0,6.0,,2.0,15.0,2.0,1.0,1.0,1.0,,,,,,,,,1.0,39.0
2024,4,11320700,방학2동,64,3.0,,,,7.0,,1.0,1.0,,,,,,,,,,,23.0
2024,4,11320710,방학3동,112,3.0,3.0,,,6.0,3.0,3.0,1.0,,,,,,,,,,,47.0
2024,4,11350560,월계1동,159,4.0,2.0,,,10.0,2.0,1.0,1.0,1.0,17.0,,,,,,,,,59.0
2024,4,11350570,월계2동,136,4.0,,,,5.0,3.0,2.0,3.0,4.0,11.0,,,,,,,,1.0,64.0
2024,4,11350580,월계3동,135,5.0,3.0,,,8.0,4.0,3.0,1.0,,,,,,,,,,2.0,47.0
2024,4,11350595,공릉1동,211,4.0,6.0,,4.0,21.0,3.0,3.0,,,1.0,,1.0,,,,,,3.0,54.0
2024,4,11350600,공릉2동,271,7.0,6.0,1.0,,14.0,3.0,4.0,4.0,2.0,64.0,,1.0,,,,,,1.0,63.0
2024,4,11350611,하계1동,133,4.0,3.0,1.0,,9.0,1.0,1.0,2.0,4.0,16.0,,,,,,,,,41.0
2024,4,11350612,하계2동,67,2.0,1.0,,,4.0,2.0,2.0,1.0,,,,,,,,,,1.0,28.0
2024,4,11350619,중계본동,95,5.0,2.0,,,7.0,3.0,2.0,,3.0,,,,,,,,,,21.0
2024,4,11350621,중계1동,85,2.0,3.0,,,7.0,,2.0,1.0,2.0,,,,,,,,,,18.0
2024,4,11350624,중계4동,81,2.0,3.0,,,14.0,1.0,1.0,3.0,2.0,,,,,,,,,,6.0
2024,4,11350625,중계2?3동,142,7.0,2.0,,,10.0,4.0,4.0,1.0,3.0,,,,2.0,,,,,1.0,39.0
2024,4,11350630,상계1동,190,5.0,2.0,,,14.0,3.0,3.0,2.0,1.0,,,,1.0,,,,,1.0,38.0
2024,4,11350640,상계2동,182,2.0,1.0,,2.0,19.0,1.0,1.0,1.0,,,,,1.0,,,,,2.0,33.0
2024,4,11350665,상계3?4동,107,4.0,1.0,,,9.0,3.0,2.0,,,1.0,,,,2.0,,,,1.0,11.0
2024,4,11350670,상계5동,105,2.0,1.0,,,11.0,,1.0,,,,,,,3.0,,,,1.0,36.0
2024,4,11350695,상계6?7동,253,9.0,11.0,1.0,1.0,29.0,,3.0,2.0,1.0,4.0,,,1.0,,,,,,40.0
2024,4,11350700,상계8동,92,3.0,3.0,,,7.0,,,1.0,,,,,,,,,,1.0,15.0
2024,4,11350710,상계9동,78,3.0,4.0,,,6.0,1.0,3.0,2.0,2.0,,,,,,,,,,18.0
2024,4,11350720,상계10동,64,3.0,,,,1.0,1.0,2.0,1.0,1.0,,,,,,,,,,30.0
2024,4,11380510,녹번동,148,8.0,3.0,,2.0,12.0,1.0,3.0,,,,,1.0,1.0,,,,,2.0,35.0
2024,4,11380520,불광1동,198,6.0,4.0,,1.0,17.0,4.0,2.0,,,,,,1.0,,,,,3.0,49.0
2024,4,11380530,불광2동,113,6.0,1.0,,,5.0,,3.0,3.0,1.0,,,3.0,,,,,,,32.0
2024,4,11380551,갈현1동,133,2.0,2.0,1.0,,13.0,1.0,,,,,,,,,,,,2.0,48.0
2024,4,11380552,갈현2동,121,3.0,1.0,,1.0,15.0,5.0,2.0,1.0,5.0,,,,,,,,,1.0,34.0
2024,4,11380560,구산동,127,3.0,,,1.0,8.0,3.0,3.0,2.0,3.0,,,,,,,,,,38.0
2024,4,11380570,대조동,205,3.0,5.0,,1.0,24.0,,2.0,,2.0,,,,1.0,,,,,,32.0
2024,4,11380580,응암1동,133,5.0,5.0,,1.0,20.0,1.0,1.0,1.0,1.0,,,,,,,,,,27.0
2024,4,11380590,응암2동,91,3.0,1.0,,1.0,10.0,2.0,1.0,,,,,,,,,,,,37.0
2024,4,11380600,응암3동,138,3.0,3.0,,1.0,16.0,1.0,1.0,2.0,1.0,,,2.0,,,,,,,31.0
2024,4,11380625,역촌동,176,5.0,5.0,,2.0,18.0,2.0,1.0,,,,,,,,,,,,51.0
2024,4,11380631,신사1동,94,3.0,,,,8.0,3.0,,1.0,,5.0,,,,,,,,1.0,22.0
2024,4,11380632,신사2동,82,4.0,,,,5.0,,3.0,1.0,1.0,,,,,,,,,1.0,35.0
2024,4,11380640,증산동,83,3.0,,,,8.0,1.0,1.0,2.0,,,,2.0,,,,,,1.0,16.0
2024,4,11380650,수색동,60,5.0,2.0,,,5.0,1.0,1.0,,,,,2.0,,,,,,1.0,22.0
2024,4,11380690,진관동,242,6.0,6.0,,,22.0,6.0,6.0,2.0,4.0,,,,1.0,,,,,1.0,81.0
2024,4,11410520,천연동,127,4.0,1.0,,,4.0,,1.0,1.0,1.0,11.0,,,,1.0,,,,,44.0
2024,4,11410555,북아현동,76,2.0,2.0,,1.0,7.0,1.0,1.0,,1.0,,,,,,,,,,17.0
2024,4,11410565,충현동,184,9.0,8.0,,,7.0,1.0,3.0,1.0,2.0,24.0,,,,,,,,3.0,58.0
2024,4,11410585,신촌동,368,6.0,10.0,1.0,,22.0,1.0,3.0,1.0,1.0,109.0,1.0,,4.0,3.0,,,,2.0,60.0
2024,4,11410615,연희동,201,7.0,7.0,,1.0,16.0,,1.0,3.0,1.0,13.0,,,1.0,1.0,,,,,70.0
2024,4,11410620,홍제1동,135,3.0,2.0,,,10.0,2.0,2.0,,,1.0,,,,1.0,,,,1.0,40.0
2024,4,11410640,홍제3동,129,3.0,3.0,,2.0,14.0,1.0,2.0,1.0,,3.0,,4.0,,6.0,,,,1.0,46.0
2024,4,11410655,홍제2동,56,1.0,,,,6.0,3.0,,,,,,,,1.0,,,,,15.0
2024,4,11410660,홍은1동,86,3.0,,,,7.0,1.0,1.0,,,,,,,1.0,,,,,32.0
2024,4,11410685,홍은2동,161,4.0,2.0,1.0,,8.0,,2.0,3.0,1.0,12.0,,,,,,,,,83.0
2024,4,11410690,남가좌1동,94,2.0,3.0,,1.0,9.0,,1.0,,,,,1.0,,1.0,,,,1.0,20.0
2024,4,11410700,남가좌2동,117,4.0,4.0,,,12.0,4.0,1.0,1.0,,8.0,,,,,,,,,24.0
2024,4,11410710,북가좌1동,60,1.0,2.0,,,5.0,2.0,1.0,1.0,1.0,,,,,,,,,,13.0
2024,4,11410720,북가좌2동,115,3.0,3.0,,,12.0,2.0,,,,,,,,,,,,,39.0
2024,4,11440555,아현동,145,5.0,8.0,,,16.0,1.0,1.0,1.0,1.0,,,,,1.0,,,,2.0,23.0
2024,4,11440565,공덕동,172,7.0,9.0,,,21.0,1.0,3.0,,,,,2.0,,,,,,4.0,39.0
2024,4,11440585,도화동,144,4.0,7.0,,,15.0,2.0,1.0,,,,,,1.0,1.0,,,,1.0,38.0
2024,4,11440590,용강동,90,7.0,6.0,,1.0,10.0,2.0,1.0,,,,,,,,,,,1.0,24.0
2024,4,11440600,대흥동,209,5.0,5.0,,,18.0,,3.0,1.0,1.0,27.0,,,,3.0,,,,3.0,38.0
2024,4,11440610,염리동,52,3.0,1.0,,,3.0,1.0,1.0,2.0,3.0,,,,,2.0,,,,,10.0
2024,4,11440630,신수동,76,4.0,1.0,,1.0,5.0,1.0,1.0,1.0,1.0,,,,,,,,,,24.0
2024,4,11440655,서강동,156,6.0,4.0,,,7.0,1.0,1.0,,,20.0,,,,,,,,2.0,64.0
2024,4,11440660,서교동,358,13.0,22.0,,,31.0,1.0,1.0,,,2.0,,,5.0,3.0,,,,7.0,88.0
2024,4,11440680,합정동,109,4.0,3.0,,,10.0,1.0,1.0,1.0,,,,,,,,,,,32.0
2024,4,11440690,망원1동,95,2.0,2.0,,,11.0,,,,,,,,,1.0,,,,,23.0
2024,4,11440700,망원2동,83,4.0,1.0,,,6.0,1.0,2.0,,,,,,,,,,,,33.0
2024,4,11440710,연남동,52,2.0,1.0,,,2.0,1.0,,1.0,2.0,,,,,,,,,,23.0
2024,4,11440720,성산1동,86,4.0,2.0,,,5.0,1.0,2.0,2.0,1.0,1.0,,,,1.0,,,,,29.0
2024,4,11440730,성산2동,158,6.0,3.0,,,13.0,2.0,3.0,2.0,,,,1.0,1.0,,,,,2.0,47.0
2024,4,11440740,상암동,247,10.0,11.0,,,14.0,3.0,3.0,1.0,1.0,,,1.0,,,,,,4.0,104.0
2024,4,11470510,목1동,190,5.0,12.0,,1.0,21.0,1.0,1.0,1.0,1.0,2.0,,,2.0,,,,,2.0,29.0
2024,4,11470520,목2동,97,3.0,2.0,,1.0,13.0,3.0,1.0,,,,,,,1.0,,,,1.0,18.0
2024,4,11470530,목3동,96,3.0,4.0,,,11.0,1.0,,1.0,,,,,,,,,,,7.0
2024,4,11470540,목4동,84,3.0,3.0,,,9.0,1.0,1.0,1.0,1.0,,,,,,,,,,14.0
2024,4,11470550,목5동,143,8.0,9.0,1.0,,12.0,4.0,3.0,2.0,2.0,,,,,,,,,,52.0
2024,4,11470560,신월1동,71,3.0,3.0,,,12.0,1.0,,,,,,,,,,,,,9.0
2024,4,11470570,신월2동,65,3.0,1.0,,,6.0,1.0,2.0,2.0,,,,,,,,,,,12.0
2024,4,11470580,신월3동,70,2.0,1.0,,,7.0,1.0,1.0,2.0,3.0,,,,,,,,,,8.0
2024,4,11470590,신월4동,63,2.0,1.0,,,6.0,3.0,1.0,,,,,,,,,,,,11.0
2024,4,11470600,신월5동,54,3.0,,,1.0,3.0,2.0,1.0,2.0,,,,,,,,,,,12.0
2024,4,11470610,신월6동,47,1.0,2.0,,1.0,5.0,1.0,1.0,1.0,,,,,,,,,,,15.0
2024,4,11470611,신월7동,74,6.0,1.0,,,10.0,2.0,,1.0,,,,,,,,,,,21.0
2024,4,11470620,신정1동,94,7.0,3.0,,,9.0,2.0,2.0,1.0,,,,,,,,,,,26.0
2024,4,11470630,신정2동,71,3.0,1.0,,,7.0,1.0,2.0,1.0,,,,,,,,,,,20.0
2024,4,11470640,신정3동,203,4.0,1.0,,,15.0,1.0,3.0,1.0,4.0,,,,,,,,,1.0,81.0
2024,4,11470650,신정4동,161,3.0,8.0,1.0,1.0,16.0,3.0,2.0,,2.0,,,,,,,,,1.0,18.0
2024,4,11470670,신정6동,72,7.0,6.0,,,2.0,2.0,,1.0,1.0,,,,,,,,,,31.0
2024,4,11470680,신정7동,107,3.0,2.0,,,8.0,3.0,3.0,1.0,1.0,,,,,,,,,1.0,30.0
2024,4,11500510,염창동,147,5.0,3.0,,1.0,15.0,,2.0,2.0,,,,,,,,,,2.0,35.0
2024,4,11500520,등촌1동,95,1.0,5.0,,1.0,10.0,,1.0,,,,,,1.0,,,,,,20.0
2024,4,11500530,등촌2동,58,3.0,,,1.0,6.0,2.0,2.0,2.0,2.0,,,,,,,,,,8.0
2024,4,11500535,등촌3동,184,6.0,3.0,1.0,2.0,18.0,2.0,5.0,2.0,4.0,,,,1.0,,,,,,55.0
2024,4,11500540,화곡1동,226,3.0,2.0,,2.0,26.0,,2.0,1.0,,,,,1.0,,,,,2.0,27.0
2024,4,11500550,화곡2동,65,2.0,,,,3.0,2.0,1.0,,,,,,,,,,,,30.0
2024,4,11500560,화곡3동,87,4.0,3.0,,,8.0,2.0,,,,,,,,,,,,,12.0
2024,4,11500570,화곡4동,101,4.0,2.0,,,14.0,3.0,1.0,,2.0,,,,,,,,,,30.0
2024,4,11500590,화곡본동,145,3.0,,,1.0,11.0,1.0,2.0,,,,,,,,,,,,31.0
2024,4,11500591,화곡6동,118,7.0,5.0,,,8.0,2.0,1.0,,,9.0,,,,,,,,,29.0
2024,4,11500593,화곡8동,95,2.0,3.0,,,8.0,1.0,,,,,,,,,,,,1.0,33.0
2024,4,11500603,가양1동,279,5.0,13.0,,,20.0,3.0,1.0,1.0,1.0,,,,1.0,2.0,,,,5.0,69.0
2024,4,11500604,가양2동,75,4.0,3.0,,,7.0,3.0,1.0,1.0,1.0,,,,,,,,,1.0,14.0
2024,4,11500605,가양3동,52,3.0,,,,4.0,3.0,2.0,1.0,1.0,,,,,,,,,1.0,13.0
2024,4,11500611,발산1동,246,3.0,9.0,1.0,2.0,33.0,2.0,3.0,4.0,8.0,,,1.0,,,,,,,63.0
2024,4,11500615,우장산동,158,4.0,4.0,,3.0,12.0,3.0,2.0,,,5.0,,,,,,,,1.0,33.0
2024,4,11500620,공항동,176,6.0,7.0,1.0,,11.0,1.0,2.0,2.0,,4.0,,,,,21.0,,,2.0,39.0
2024,4,11500630,방화1동,200,2.0,3.0,,2.0,21.0,4.0,3.0,1.0,3.0,,,,,1.0,,,,1.0,46.0
2024,4,11500640,방화2동,124,4.0,,,,7.0,3.0,1.0,1.0,,,,2.0,1.0,,4.0,,,5.0,37.0
2024,4,11500641,방화3동,83,5.0,1.0,,,5.0,2.0,3.0,2.0,1.0,1.0,,,,,,,,1.0,22.0
2024,4,11530510,신도림동,168,5.0,4.0,,,12.0,2.0,1.0,1.0,1.0,1.0,,2.0,1.0,1.0,,,,3.0,43.0
2024,4,11530520,구로1동,88,4.0,1.0,,,5.0,3.0,1.0,1.0,1.0,,,4.0,,,,,,,25.0
2024,4,11530530,구로2동,197,6.0,12.0,1.0,1.0,21.0,1.0,1.0,,1.0,,,7.0,,16.0,,,,1.0,48.0
2024,4,11530540,구로3동,187,7.0,18.0,,,15.0,1.0,2.0,1.0,,,,,,5.0,,,,2.0,47.0
2024,4,11530550,구로4동,139,5.0,3.0,,,15.0,2.0,1.0,1.0,,,,1.0,,19.0,,,,,13.0
2024,4,11530560,구로5동,167,5.0,4.0,,2.0,18.0,,3.0,1.0,1.0,2.0,1.0,,3.0,,,,,1.0,49.0
2024,4,11530595,가리봉동,74,,,,,6.0,,1.0,,1.0,,,,,23.0,,,,,8.0
2024,4,11530720,고척1동,135,5.0,4.0,1.0,1.0,9.0,,3.0,1.0,1.0,12.0,,8.0,,4.0,,,,,31.0
2024,4,11530730,고척2동,128,5.0,2.0,,1.0,11.0,,2.0,1.0,1.0,,,,,,,,,,40.0
2024,4,11530740,개봉1동,163,5.0,3.0,,1.0,11.0,2.0,1.0,2.0,,4.0,,1.0,,,,,,1.0,57.0
2024,4,11530750,개봉2동,116,3.0,3.0,,,10.0,2.0,,,,,,1.0,1.0,,,,,,26.0
2024,4,11530760,개봉3동,81,3.0,2.0,,,9.0,1.0,3.0,1.0,,,,1.0,1.0,,,,,,23.0
2024,4,11530770,오류1동,122,5.0,4.0,,,11.0,3.0,1.0,,,,,,,,,,,1.0,22.0
2024,4,11530780,오류2동,209,3.0,1.0,,1.0,9.0,6.0,3.0,2.0,1.0,,,,,,,,,1.0,86.0
2024,4,11530790,수궁동,154,3.0,1.0,,,5.0,2.0,1.0,1.0,6.0,,,1.0,,,,,,3.0,69.0
2024,4,11530800,항동,64,1.0,,,,2.0,1.0,1.0,,,10.0,,,,,,,,,37.0
2024,4,11545510,가산동,304,10.0,25.0,,1.0,21.0,2.0,,,,,,,1.0,17.0,,,,3.0,111.0
2024,4,11545610,독산1동,217,3.0,6.0,,2.0,17.0,2.0,4.0,3.0,,,,,1.0,3.0,,,,,74.0
2024,4,11545620,독산2동,73,2.0,1.0,,,8.0,,2.0,,,1.0,,,,,,,,,11.0
2024,4,11545630,독산3동,119,4.0,4.0,,,14.0,2.0,2.0,2.0,1.0,,,1.0,,,,,,,29.0
2024,4,11545640,독산4동,64,5.0,2.0,,1.0,4.0,,1.0,,,,,,,,,,,,16.0
2024,4,11545670,시흥1동,223,9.0,7.0,1.0,2.0,25.0,2.0,3.0,1.0,1.0,,,,,3.0,,,,1.0,52.0
2024,4,11545680,시흥2동,76,2.0,,,,3.0,2.0,3.0,1.0,2.0,,,,,,,,,,30.0
2024,4,11545690,시흥3동,66,3.0,3.0,,,5.0,,1.0,1.0,1.0,,,,,1.0,,,,,21.0
2024,4,11545700,시흥4동,72,1.0,1.0,,,6.0,,1.0,1.0,,,,,,,,,,,27.0
2024,4,11545710,시흥5동,106,3.0,,,,16.0,2.0,3.0,,,,,,,,,,,,37.0
2024,4,11560515,영등포본동,94,4.0,,,,10.0,2.0,2.0,1.0,2.0,,,,1.0,2.0,,,,1.0,23.0
2024,4,11560535,영등포동,325,10.0,17.0,2.0,2.0,37.0,,1.0,,,1.0,,,1.0,16.0,,,,1.0,41.0
2024,4,11560540,여의동,399,23.0,70.0,1.0,,44.0,,2.0,2.0,2.0,,,,1.0,,,,,5.0,61.0
2024,4,11560550,당산1동,131,6.0,5.0,,1.0,8.0,1.0,,,,,,,,12.0,,,,2.0,23.0
2024,4,11560560,당산2동,192,6.0,4.0,,,20.0,3.0,2.0,2.0,,,,,,,,,,2.0,46.0
2024,4,11560585,도림동,66,2.0,,,,6.0,2.0,,,,,,,,,,,,,28.0
2024,4,11560605,문래동,185,8.0,9.0,,,17.0,,3.0,2.0,,,,,,2.0,,,,1.0,56.0
2024,4,11560610,양평1동,87,5.0,3.0,,1.0,6.0,,1.0,,1.0,,,,,1.0,,,,1.0,22.0
2024,4,11560620,양평2동,131,8.0,6.0,,,7.0,1.0,2.0,1.0,2.0,,,,,3.0,,,,1.0,35.0
2024,4,11560630,신길1동,85,1.0,2.0,1.0,1.0,13.0,,1.0,,,,,,,4.0,,,,2.0,25.0
2024,4,11560650,신길3동,102,3.0,5.0,,1.0,12.0,3.0,1.0,,,,,,,2.0,,,,,32.0
2024,4,11560660,신길4동,43,1.0,1.0,,,2.0,2.0,1.0,,,,,,,,,,,,13.0
2024,4,11560670,신길5동,66,3.0,,,,,1.0,1.0,1.0,1.0,,,,,5.0,,,,,31.0
2024,4,11560680,신길6동,123,4.0,1.0,,1.0,14.0,1.0,1.0,,1.0,,,1.0,,2.0,,,,1.0,29.0
2024,4,11560690,신길7동,78,5.0,1.0,,,7.0,1.0,1.0,,,,,,,1.0,,,,1.0,32.0
2024,4,11560700,대림1동,81,2.0,4.0,2.0,,18.0,,1.0,1.0,,,,2.0,,3.0,,,,,16.0
2024,4,11560710,대림2동,86,4.0,2.0,1.0,,16.0,,2.0,,,1.0,,,,1.0,,,,,13.0
2024,4,11560720,대림3동,126,2.0,7.0,,1.0,11.0,3.0,2.0,1.0,,2.0,,1.0,,,,,,2.0,46.0
2024,4,11590510,노량진1동,180,5.0,4.0,,,14.0,2.0,3.0,1.0,,1.0,,,,2.0,,,,3.0,57.0
2024,4,11590520,노량진2동,72,5.0,4.0,,1.0,14.0,1.0,,,,,,,,1.0,,,,,14.0
2024,4,11590530,상도1동,201,5.0,4.0,,1.0,16.0,2.0,2.0,1.0,,23.0,,,,,,,,2.0,47.0
2024,4,11590540,상도2동,154,6.0,3.0,,,16.0,1.0,1.0,1.0,,,,1.0,,1.0,,,,1.0,41.0
2024,4,11590550,상도3동,113,2.0,2.0,,,11.0,,,1.0,,,,1.0,,,,,,,36.0
2024,4,11590560,상도4동,112,3.0,1.0,,1.0,11.0,4.0,1.0,1.0,,,,,1.0,,,,,,36.0
2024,4,11590605,흑석동,195,6.0,6.0,1.0,,24.0,5.0,3.0,2.0,,16.0,,,,1.0,,,,1.0,50.0
2024,4,11590620,사당1동,126,4.0,6.0,,2.0,12.0,1.0,1.0,,,1.0,,,1.0,1.0,,,,2.0,13.0
2024,4,11590630,사당2동,179,3.0,2.0,,,14.0,,1.0,1.0,2.0,,,,,2.0,,,,4.0,36.0
2024,4,11590640,사당3동,88,3.0,1.0,,,5.0,,2.0,1.0,,3.0,,1.0,,,,,,1.0,30.0
2024,4,11590650,사당4동,62,2.0,1.0,,,6.0,,,1.0,,,,1.0,,,,,,,4.0
2024,4,11590651,사당5동,61,4.0,,,,3.0,1.0,2.0,1.0,1.0,,,,,,,,,,28.0
2024,4,11590660,대방동,199,5.0,5.0,,,16.0,3.0,3.0,4.0,4.0,,,,,,,,,2.0,61.0
2024,4,11590670,신대방1동,83,3.0,1.0,,,10.0,3.0,1.0,1.0,,1.0,,,,,,,,1.0,15.0
2024,4,11590680,신대방2동,109,7.0,7.0,1.0,,16.0,,1.0,1.0,1.0,,,,,,,,,,29.0
2024,4,11620525,보라매동,83,1.0,1.0,,,5.0,,1.0,1.0,1.0,,,,,,,,,,25.0
2024,4,11620545,청림동,50,2.0,,,,4.0,2.0,,,,,,,,2.0,,,,,7.0
2024,4,11620565,성현동,104,4.0,,,,6.0,3.0,2.0,1.0,1.0,,,,,,,,,,38.0
2024,4,11620575,행운동,111,3.0,3.0,1.0,2.0,12.0,1.0,2.0,2.0,1.0,,,,,,,,,,15.0
2024,4,11620585,낙성대동,148,2.0,3.0,,,10.0,,1.0,,,37.0,,,,2.0,,,,,37.0
2024,4,11620595,청룡동,147,5.0,6.0,,1.0,23.0,,2.0,2.0,3.0,,,1.0,1.0,1.0,,,,1.0,15.0
2024,4,11620605,은천동,123,6.0,,,,9.0,3.0,1.0,,1.0,,,,,,,,,,43.0
2024,4,11620615,중앙동,83,1.0,3.0,,1.0,14.0,,1.0,,,,,,,,,,,1.0,12.0
2024,4,11620625,인헌동,105,2.0,5.0,,,14.0,1.0,,1.0,1.0,,,2.0,,,,,,1.0,23.0
2024,4,11620630,남현동,70,3.0,1.0,,,6.0,1.0,1.0,,,1.0,,,,,,,,,6.0
2024,4,11620645,서원동,94,3.0,1.0,1.0,1.0,9.0,,,1.0,,,,,1.0,,,,,,27.0
2024,4,11620655,신원동,54,6.0,1.0,,,7.0,,1.0,,,1.0,,,,,,,,,10.0
2024,4,11620665,서림동,74,2.0,,,,5.0,1.0,1.0,1.0,,,,,,,,,,,34.0
2024,4,11620685,신사동,79,3.0,2.0,,1.0,10.0,1.0,1.0,,,1.0,,1.0,,,,,,,21.0
2024,4,11620695,신림동,168,2.0,3.0,,,17.0,,,,,,,,,4.0,,,,1.0,16.0
2024,4,11620715,난향동,68,1.0,,,,5.0,,1.0,,,,,,,,,,,,34.0
2024,4,11620725,조원동,96,3.0,1.0,,1.0,12.0,,1.0,,,,,1.0,,,,,,,30.0
2024,4,11620735,대학동,283,5.0,6.0,,,11.0,,1.0,1.0,2.0,140.0,,,,,,,,,73.0
2024,4,11620745,삼성동,94,3.0,,,,7.0,,2.0,,1.0,,,,,3.0,,,,,44.0
2024,4,11620765,미성동,126,3.0,3.0,,1.0,11.0,1.0,2.0,2.0,2.0,,,,,1.0,,,,,44.0
2024,4,11620775,난곡동,95,2.0,1.0,,,11.0,2.0,1.0,2.0,1.0,,,1.0,,,,,,,28.0
2024,4,11650510,서초1동,194,4.0,10.0,,1.0,14.0,,2.0,,,13.0,,,,,,,,2.0,38.0
2024,4,11650520,서초2동,217,8.0,26.0,,,24.0,,1.0,1.0,1.0,,,,,1.0,,,,2.0,47.0
2024,4,11650530,서초3동,332,25.0,30.0,,3.0,30.0,1.0,1.0,1.0,3.0,2.0,,,,,,,1.0,2.0,77.0
2024,4,11650531,서초4동,257,2.0,13.0,,1.0,31.0,2.0,2.0,1.0,,,,,1.0,,,,,,36.0
2024,4,11650540,잠원동,135,3.0,8.0,,,13.0,1.0,1.0,1.0,,,,,,,,,,2.0,23.0
2024,4,11650550,반포본동,33,1.0,3.0,,,2.0,,1.0,2.0,2.0,,,1.0,,,,,,1.0,5.0
2024,4,11650560,반포1동,140,6.0,6.0,,1.0,20.0,1.0,2.0,1.0,1.0,,,,,,,,,1.0,26.0
2024,4,11650570,반포2동,74,4.0,5.0,,,5.0,,2.0,1.0,,,,1.0,,,,,,1.0,25.0
2024,4,11650580,반포3동,109,3.0,7.0,,,11.0,,1.0,1.0,,,,,,,,,,,18.0
2024,4,11650581,반포4동,130,7.0,12.0,1.0,,12.0,,,1.0,,3.0,,,1.0,,,,,3.0,33.0
2024,4,11650590,방배본동,103,2.0,6.0,,,16.0,,1.0,,,,,1.0,,,,,,,25.0
2024,4,11650600,방배1동,102,3.0,4.0,,1.0,10.0,,1.0,,,3.0,,1.0,,,,,,1.0,19.0
2024,4,11650610,방배2동,114,4.0,2.0,,,3.0,,1.0,1.0,1.0,,,1.0,,1.0,,,,1.0,37.0
2024,4,11650620,방배3동,112,4.0,3.0,,2.0,6.0,,2.0,,1.0,7.0,,,,,,,,,50.0
2024,4,11650621,방배4동,156,3.0,10.0,,,11.0,,1.0,,1.0,4.0,,,,1.0,,,,1.0,31.0
2024,4,11650651,양재1동,263,12.0,11.0,,1.0,20.0,3.0,4.0,1.0,,1.0,,,,,,,,2.0,86.0
2024,4,11650652,양재2동,147,2.0,16.0,,,11.0,,1.0,2.0,1.0,,,1.0,,,,,,1.0,57.0
2024,4,11650660,내곡동,161,5.0,1.0,,1.0,2.0,2.0,1.0,,,3.0,,1.0,,,,,,1.0,85.0
2024,4,11680510,신사동,260,3.0,14.0,,,36.0,2.0,1.0,1.0,2.0,,1.0,,1.0,,,,,1.0,12.0
2024,4,11680521,논현1동,300,4.0,15.0,,4.0,42.0,,1.0,,,,,1.0,8.0,,,,,3.0,23.0
2024,4,11680531,논현2동,240,8.0,16.0,,5.0,29.0,1.0,1.0,1.0,,4.0,,,2.0,,,,,1.0,33.0
2024,4,11680545,압구정동,313,4.0,25.0,,5.0,30.0,1.0,1.0,2.0,2.0,,2.0,1.0,3.0,,,,,2.0,18.0
2024,4,11680565,청담동,288,11.0,19.0,,4.0,27.0,2.0,2.0,1.0,1.0,1.0,,,,,,,,3.0,23.0
2024,4,11680580,삼성1동,199,6.0,26.0,,3.0,13.0,1.0,1.0,1.0,1.0,,1.0,,1.0,,,,,3.0,38.0
2024,4,11680590,삼성2동,177,10.0,11.0,,,11.0,,1.0,1.0,,1.0,,,,,,,,4.0,28.0
2024,4,11680600,대치1동,130,4.0,11.0,,,13.0,1.0,1.0,1.0,2.0,1.0,,,,,,,,,24.0
2024,4,11680610,대치2동,210,6.0,26.0,,2.0,20.0,,2.0,1.0,1.0,,,,,,,,,2.0,39.0
2024,4,11680630,대치4동,159,4.0,12.0,1.0,1.0,18.0,,1.0,,,1.0,1.0,,,,,,,,14.0
2024,4,11680640,역삼1동,542,15.0,49.0,1.0,3.0,64.0,1.0,1.0,,,,,,3.0,1.0,,,,1.0,44.0
2024,4,11680650,역삼2동,195,3.0,14.0,,2.0,25.0,,1.0,2.0,1.0,1.0,,,,,,,,,31.0
2024,4,11680655,도곡1동,142,4.0,9.0,1.0,4.0,20.0,2.0,1.0,2.0,1.0,,,,,,,,,1.0,27.0
2024,4,11680656,도곡2동,118,7.0,23.0,,,10.0,2.0,1.0,1.0,2.0,,,,,,,,,3.0,25.0
2024,4,11680660,개포1동,38,1.0,1.0,,,1.0,,1.0,2.0,,,,,,,,,,,29.0
2024,4,11680670,개포2동,135,3.0,3.0,,,9.0,5.0,4.0,1.0,3.0,,,,,,,,,3.0,50.0
2024,4,11680690,개포4동,115,3.0,4.0,,,7.0,,2.0,1.0,1.0,,,,,,,,,,49.0
2024,4,11680700,세곡동,191,4.0,1.0,,,9.0,3.0,4.0,1.0,1.0,,,,,,,,,,95.0
2024,4,11680720,일원본동,103,2.0,6.0,1.0,,15.0,2.0,2.0,1.0,2.0,,,,,,,,,1.0,32.0
2024,4,11680730,일원1동,74,4.0,1.0,,,11.0,1.0,2.0,,1.0,,,,,,,,,,18.0
2024,4,11680740,일원2동,66,3.0,3.0,,,6.0,2.0,1.0,1.0,,,,,,,,,,1.0,13.0
2024,4,11680750,수서동,89,3.0,3.0,,,11.0,2.0,1.0,1.0,2.0,,,,,,,,,2.0,23.0
2024,4,11710510,풍납1동,48,3.0,,,1.0,6.0,1.0,1.0,,,,,,,,,,,,6.0
2024,4,11710520,풍납2동,125,5.0,5.0,1.0,,26.0,2.0,2.0,3.0,1.0,3.0,,,,,,,,1.0,24.0
2024,4,11710531,거여1동,48,2.0,,,,2.0,,1.0,,1.0,,,,,1.0,,,,1.0,6.0
2024,4,11710532,거여2동,78,3.0,3.0,,1.0,12.0,1.0,1.0,1.0,,,,,,,,,,,11.0
2024,4,11710540,마천1동,73,4.0,1.0,,,8.0,1.0,1.0,,,,,,,1.0,,,,1.0,15.0
2024,4,11710550,마천2동,93,3.0,2.0,,,14.0,,1.0,,,,,,,,,,,,12.0
2024,4,11710561,방이1동,73,2.0,1.0,,,10.0,2.0,2.0,1.0,1.0,,,,,,,,,1.0,11.0
2024,4,11710562,방이2동,164,3.0,5.0,,,18.0,,1.0,1.0,,,,,,,,,,1.0,13.0
2024,4,11710566,오륜동,74,4.0,6.0,,,6.0,1.0,2.0,2.0,3.0,11.0,,,,,,,,3.0,15.0
2024,4,11710570,오금동,134,5.0,5.0,,,13.0,3.0,3.0,4.0,2.0,,,,,,,,,3.0,27.0
2024,4,11710580,송파1동,102,2.0,4.0,,3.0,14.0,1.0,1.0,,,,,,,,,,,2.0,13.0
2024,4,11710590,송파2동,79,3.0,1.0,,,11.0,3.0,1.0,2.0,3.0,,,,,,,,,,7.0
2024,4,11710600,석촌동,159,3.0,7.0,,2.0,27.0,3.0,2.0,,,,,,,,,,,,20.0
2024,4,11710610,삼전동,118,4.0,2.0,,,14.0,3.0,1.0,1.0,1.0,,,,,1.0,,,,1.0,12.0
2024,4,11710620,가락본동,144,5.0,9.0,1.0,5.0,21.0,1.0,2.0,2.0,,,,,,,,,,,21.0
2024,4,11710631,가락1동,82,2.0,8.0,,,13.0,1.0,1.0,1.0,,,,1.0,,,,,,3.0,16.0
2024,4,11710632,가락2동,143,3.0,6.0,,,17.0,4.0,2.0,1.0,,,,,,,,,,1.0,22.0
2024,4,11710641,문정1동,70,3.0,1.0,,,5.0,1.0,1.0,1.0,,,,,,,,,,,19.0
2024,4,11710642,문정2동,149,10.0,12.0,,1.0,22.0,,1.0,,,,,,2.0,,,,,3.0,14.0
2024,4,11710646,장지동,136,4.0,3.0,,,10.0,1.0,2.0,1.0,3.0,,,,1.0,,,,,1.0,41.0
2024,4,11710647,위례동,84,3.0,1.0,,,5.0,2.0,2.0,1.0,,,,,,,,,,,32.0
2024,4,11710650,잠실본동,192,5.0,9.0,,1.0,24.0,,1.0,,,,,,,,,,,1.0,12.0
2024,4,11710670,잠실2동,91,4.0,6.0,,,14.0,1.0,2.0,2.0,2.0,,,,,,,,,1.0,5.0
2024,4,11710680,잠실3동,103,5.0,9.0,,,11.0,1.0,3.0,,1.0,,,,,,,,,,16.0
2024,4,11710690,잠실4동,74,3.0,3.0,,,10.0,1.0,2.0,,1.0,,,,,,,,,2.0,7.0
2024,4,11710710,잠실6동,144,4.0,17.0,,1.0,23.0,,1.0,1.0,,,,,1.0,,,,,2.0,13.0
2024,4,11710720,잠실7동,30,2.0,4.0,,,4.0,,1.0,2.0,1.0,,,,,,,,,2.0,3.0
2024,4,11740515,강일동,187,5.0,3.0,,,12.0,2.0,2.0,2.0,1.0,,,,,,,,,3.0,79.0
2024,4,11740520,상일동,105,4.0,2.0,1.0,,8.0,4.0,2.0,2.0,5.0,,,,,,,,,,37.0
2024,4,11740530,명일1동,151,5.0,6.0,,2.0,17.0,,1.0,,,,,,,,,,,1.0,22.0
2024,4,11740540,명일2동,107,3.0,6.0,,,18.0,4.0,2.0,,1.0,,,,,,,,,,18.0
2024,4,11740550,고덕1동,92,3.0,,,,4.0,1.0,2.0,1.0,1.0,,,,,,,,,1.0,26.0
2024,4,11740560,고덕2동,78,3.0,1.0,,,9.0,1.0,2.0,1.0,2.0,,,,,,,,,1.0,25.0
2024,4,11740570,암사1동,90,2.0,1.0,,,8.0,1.0,1.0,,,1.0,,1.0,,,,,,,13.0
2024,4,11740580,암사2동,61,1.0,3.0,,,6.0,1.0,2.0,,,,,,,,,,,1.0,6.0
2024,4,11740590,암사3동,50,2.0,1.0,,,5.0,1.0,,2.0,1.0,,,,,,,,,,12.0
2024,4,11740600,천호1동,92,4.0,1.0,,,11.0,,1.0,1.0,1.0,1.0,,,1.0,,,,,1.0,11.0
2024,4,11740610,천호2동,203,4.0,3.0,,1.0,26.0,1.0,1.0,1.0,,,,,,3.0,,,,,22.0
2024,4,11740620,천호3동,115,4.0,3.0,,2.0,14.0,,,1.0,,,,,,1.0,,,,,11.0
2024,4,11740640,성내1동,98,6.0,4.0,,2.0,9.0,1.0,2.0,1.0,,1.0,,,1.0,,,,,,20.0
2024,4,11740650,성내2동,113,2.0,3.0,,4.0,14.0,,,,,,,,1.0,,,,,3.0,16.0
2024,4,11740660,성내3동,136,4.0,5.0,,,13.0,2.0,,,,2.0,,,,,,,,1.0,13.0
2024,4,11740685,길동,242,6.0,10.0,1.0,4.0,34.0,4.0,3.0,1.0,,1.0,,,,,,,,1.0,36.0
2024,4,11740690,둔촌1동,14,,,,,,,2.0,,1.0,,,,,,,,,1.0,6.0
2024,4,11740700,둔촌2동,129,5.0,4.0,1.0,,17.0,2.0,1.0,2.0,1.0,,,,,,,,,1.0,32.0
2025,1,11110515,청운효자동,93,6.0,3.0,,,4.0,1.0,1.0,2.0,2.0,8.0,,,,,,,,,26.0
2025,1,11110530,사직동,206,18.0,24.0,,,15.0,,1.0,,1.0,1.0,,,3.0,,,,,2.0,34.0
2025,1,11110540,삼청동,49,10.0,4.0,,1.0,1.0,,,1.0,1.0,2.0,,,,,,,,,16.0
2025,1,11110550,부암동,84,4.0,2.0,,,1.0,1.0,2.0,1.0,1.0,14.0,,,,,,,,,38.0
2025,1,11110560,평창동,162,6.0,2.0,,1.0,5.0,1.0,,,1.0,2.0,,,,,,,,,91.0
2025,1,11110570,무악동,42,2.0,1.0,1.0,,4.0,1.0,1.0,,,,,,,,,,,1.0,7.0
2025,1,11110580,교남동,78,4.0,3.0,2.0,,17.0,,,,1.0,1.0,,,,,,,,,26.0
2025,1,11110600,가회동,63,5.0,3.0,,,1.0,1.0,1.0,1.0,2.0,1.0,,,,,,,,,22.0
2025,1,11110615,종로1?2?3?4가동,500,19.0,35.0,,,47.0,1.0,2.0,,,4.0,,1.0,5.0,17.0,,,,5.0,72.0
2025,1,11110630,종로5?6가동,212,7.0,8.0,,,31.0,,1.0,,,1.0,,4.0,,3.0,,,,1.0,23.0
2025,1,11110640,이화동,119,4.0,4.0,1.0,,11.0,,,2.0,,37.0,,,,,,,,1.0,28.0
2025,1,11110650,혜화동,145,6.0,5.0,,,16.0,3.0,1.0,1.0,4.0,26.0,,,1.0,,,,,,36.0
2025,1,11110670,창신1동,111,3.0,4.0,,,9.0,,2.0,,,,,1.0,,7.0,,,,2.0,11.0
2025,1,11110680,창신2동,38,2.0,1.0,,,5.0,,,,,,,,,,,,,,
2025,1,11110690,창신3동,24,3.0,,,,1.0,,1.0,,1.0,,,,,,,,,1.0,5.0
2025,1,11110700,숭인1동,43,3.0,1.0,,,3.0,1.0,,,,,,,,,,,,,14.0
2025,1,11110710,숭인2동,89,4.0,3.0,,1.0,4.0,,,,,,,2.0,,3.0,,,,2.0,6.0
2025,1,11140520,소공동,231,13.0,29.0,,,10.0,,1.0,4.0,3.0,,1.0,,3.0,3.0,,,,3.0,37.0
2025,1,11140540,회현동,211,9.0,17.0,,,16.0,1.0,,,,2.0,,2.0,1.0,2.0,,,,6.0,35.0
2025,1,11140550,명동,542,20.0,46.0,,,35.0,,1.0,,,4.0,,,3.0,12.0,,,,1.0,29.0
2025,1,11140570,필동,123,6.0,9.0,1.0,,7.0,,2.0,,1.0,19.0,,,2.0,1.0,,,,2.0,15.0
2025,1,11140580,장충동,63,6.0,2.0,,,1.0,,1.0,,,3.0,,,1.0,2.0,,,,1.0,13.0
2025,1,11140590,광희동,185,3.0,16.0,1.0,,14.0,,,1.0,,,,1.0,3.0,11.0,,,,3.0,19.0
2025,1,11140605,을지로동,145,5.0,10.0,,,13.0,,,,,,,1.0,2.0,3.0,,,,4.0,20.0
2025,1,11140615,신당동,99,7.0,5.0,,1.0,12.0,,1.0,1.0,3.0,,,3.0,,1.0,,,,2.0,8.0
2025,1,11140625,다산동,86,3.0,4.0,,1.0,9.0,,1.0,1.0,1.0,,,,,1.0,,,,1.0,7.0
2025,1,11140635,약수동,87,4.0,2.0,,1.0,12.0,2.0,,,,,,,,,,,,2.0,12.0
2025,1,11140645,청구동,34,2.0,,,,3.0,1.0,2.0,1.0,1.0,,,,,,,,,,5.0
2025,1,11140650,신당5동,65,4.0,2.0,,,5.0,,1.0,,2.0,,,,,,,,,,12.0
2025,1,11140665,동화동,47,3.0,1.0,,,5.0,,1.0,1.0,,,,,,,,,,2.0,4.0
2025,1,11140670,황학동,76,1.0,6.0,,,10.0,,,,,,,,,7.0,,,,,6.0
2025,1,11140680,중림동,77,3.0,2.0,,,7.0,,1.0,,2.0,1.0,,,,5.0,,,,,14.0
2025,1,11170510,후암동,80,6.0,1.0,,,7.0,1.0,2.0,,1.0,,,2.0,,,,,,,18.0
2025,1,11170520,용산2가동,63,3.0,,,,4.0,,1.0,2.0,2.0,,,,,,,,,1.0,29.0
2025,1,11170530,남영동,147,7.0,5.0,,,14.0,,,1.0,,,,,,12.0,,,,3.0,26.0
2025,1,11170555,청파동,128,7.0,2.0,,1.0,11.0,,2.0,2.0,4.0,22.0,,1.0,,1.0,,,,,35.0
2025,1,11170560,원효로1동,94,6.0,3.0,,,6.0,1.0,1.0,,,3.0,,4.0,,,,,,,31.0
2025,1,11170570,원효로2동,69,4.0,2.0,,,4.0,2.0,1.0,1.0,1.0,,,2.0,,,,,,,27.0
2025,1,11170580,효창동,66,1.0,1.0,,,5.0,,1.0,,1.0,1.0,,,,,,,,2.0,22.0
2025,1,11170590,용문동,54,1.0,,,,3.0,,,,,,,,,,,,,,22.0
2025,1,11170625,한강로동,242,19.0,19.0,,,21.0,,2.0,,1.0,,,5.0,3.0,2.0,,,,7.0,41.0
2025,1,11170630,이촌1동,102,4.0,9.0,,1.0,12.0,2.0,1.0,1.0,1.0,,,1.0,,,,,,,14.0
2025,1,11170640,이촌2동,26,2.0,,,,1.0,,,,,,,,,,,,,,11.0
2025,1,11170650,이태원1동,71,8.0,5.0,,,3.0,,1.0,,,,,3.0,,,,,,1.0,14.0
2025,1,11170660,이태원2동,60,8.0,5.0,,,3.0,1.0,1.0,,1.0,,,,,,,,,,22.0
2025,1,11170685,한남동,171,30.0,11.0,1.0,,13.0,3.0,1.0,,,,,3.0,,,,,,2.0,36.0
2025,1,11170690,서빙고동,61,15.0,1.0,,,1.0,,1.0,1.0,,,,,,,,,,1.0,21.0
2025,1,11170700,보광동,70,4.0,1.0,,,8.0,1.0,,1.0,1.0,6.0,,,,,,,,,14.0
2025,1,11200520,왕십리2동,63,2.0,,,,5.0,1.0,1.0,,,,,,,,,,,1.0,18.0
2025,1,11200535,왕십리도선동,189,4.0,4.0,,2.0,20.0,2.0,2.0,,2.0,,,,,,,,,,26.0
2025,1,11200540,마장동,111,6.0,5.0,,,8.0,2.0,2.0,2.0,,,,,,,,,,1.0,29.0
2025,1,11200550,사근동,128,5.0,3.0,1.0,,10.0,,2.0,1.0,2.0,52.0,,1.0,,,,,,2.0,34.0
2025,1,11200560,행당1동,130,9.0,4.0,,2.0,13.0,1.0,1.0,,,,,1.0,1.0,,,,,4.0,30.0
2025,1,11200570,행당2동,79,2.0,2.0,,,4.0,1.0,1.0,1.0,1.0,,,,,,,,,1.0,24.0
2025,1,11200580,응봉동,56,3.0,,,,2.0,,1.0,1.0,,,,,,,,,,1.0,30.0
2025,1,11200590,금호1가동,88,2.0,,,,6.0,1.0,1.0,,1.0,,,,,,,,,1.0,45.0
2025,1,11200615,금호2?3가동,135,3.0,2.0,,,13.0,,1.0,,,,,,,,,,,,46.0
2025,1,11200620,금호4가동,84,3.0,3.0,,,6.0,1.0,2.0,,,,,,,,,,,1.0,27.0
2025,1,11200645,옥수동,129,4.0,2.0,,,10.0,2.0,2.0,1.0,1.0,,,,,,,,,2.0,45.0
2025,1,11200650,성수1가1동,83,4.0,2.0,,,4.0,1.0,2.0,1.0,1.0,,,,1.0,,,,,1.0,33.0
2025,1,11200660,성수1가2동,79,3.0,6.0,,,6.0,,,1.0,1.0,1.0,,,,,,,,1.0,12.0
2025,1,11200670,성수2가1동,109,3.0,3.0,,,13.0,,1.0,2.0,1.0,,,2.0,,1.0,,,,,38.0
2025,1,11200690,성수2가3동,104,3.0,16.0,,,11.0,,2.0,,,,,,1.0,,,,,1.0,20.0
2025,1,11200720,송정동,44,2.0,,,1.0,5.0,,1.0,,,,,,,,,,,,17.0
2025,1,11200790,용답동,82,7.0,2.0,,,8.0,,1.0,,,,,1.0,,,,,,2.0,11.0
2025,1,11215710,화양동,167,3.0,5.0,1.0,,17.0,,2.0,2.0,1.0,34.0,,,1.0,,,,,2.0,16.0
2025,1,11215730,군자동,135,5.0,5.0,,1.0,12.0,1.0,2.0,,,20.0,,,1.0,,,,,,23.0
2025,1,11215740,중곡1동,74,2.0,,,,10.0,1.0,,,,,,1.0,,,,,,,19.0
2025,1,11215750,중곡2동,104,2.0,4.0,,,14.0,1.0,1.0,,,,,,,,,,,2.0,21.0
2025,1,11215760,중곡3동,97,3.0,1.0,,1.0,9.0,,2.0,,,,,1.0,,,,,,1.0,29.0
2025,1,11215770,중곡4동,105,2.0,2.0,,,7.0,,1.0,1.0,2.0,,,,,,,,,,37.0
2025,1,11215780,능동,47,4.0,,,1.0,5.0,,1.0,,1.0,,,,,,,,,1.0,5.0
2025,1,11215810,광장동,139,5.0,9.0,,,9.0,3.0,3.0,3.0,1.0,11.0,,,,,,,,1.0,32.0
2025,1,11215820,자양1동,106,3.0,4.0,1.0,,14.0,1.0,1.0,,,2.0,,,,,,,,,17.0
2025,1,11215830,자양2동,95,2.0,1.0,,,8.0,2.0,4.0,2.0,1.0,,,1.0,,,,,,,21.0
2025,1,11215840,자양3동,105,2.0,6.0,,,8.0,2.0,2.0,1.0,1.0,1.0,1.0,,1.0,,,,,,30.0
2025,1,11215847,자양4동,106,5.0,2.0,,1.0,15.0,1.0,,1.0,,,,1.0,1.0,,,,,1.0,16.0
2025,1,11215850,구의1동,77,2.0,4.0,,,9.0,1.0,,1.0,1.0,,,,,,,,,1.0,16.0
2025,1,11215860,구의2동,112,3.0,2.0,,1.0,9.0,3.0,2.0,,,1.0,,,,,,,,1.0,24.0
2025,1,11215870,구의3동,133,5.0,4.0,,,16.0,2.0,1.0,,,,,1.0,1.0,,,,1.0,1.0,25.0
2025,1,11230536,용신동,231,10.0,8.0,1.0,4.0,20.0,1.0,1.0,1.0,1.0,,,1.0,,5.0,,,,5.0,41.0
2025,1,11230545,제기동,288,4.0,5.0,,1.0,22.0,2.0,2.0,2.0,1.0,1.0,,3.0,,14.0,,,,1.0,30.0
2025,1,11230560,전농1동,152,5.0,2.0,,1.0,13.0,3.0,1.0,1.0,1.0,,,,1.0,5.0,,,,3.0,35.0
2025,1,11230570,전농2동,102,2.0,2.0,,,12.0,3.0,3.0,2.0,1.0,27.0,,,,,,,,,15.0
2025,1,11230600,답십리1동,124,4.0,5.0,,,9.0,,2.0,1.0,,,,,,,,,,,25.0
2025,1,11230610,답십리2동,108,3.0,2.0,,2.0,13.0,3.0,1.0,,,,,3.0,,,,,,,19.0
2025,1,11230650,장안1동,192,5.0,11.0,,4.0,26.0,2.0,2.0,2.0,,,,,,,,,,1.0,43.0
2025,1,11230660,장안2동,168,3.0,2.0,,2.0,21.0,1.0,2.0,,1.0,1.0,,,1.0,1.0,,,,,38.0
2025,1,11230705,청량리동,154,9.0,4.0,1.0,,16.0,2.0,1.0,1.0,1.0,1.0,,,,2.0,,,,,34.0
2025,1,11230710,회기동,84,3.0,5.0,1.0,,10.0,1.0,3.0,1.0,1.0,14.0,,,,,,,,,10.0
2025,1,11230720,휘경1동,82,2.0,1.0,,,12.0,,,,,,,,,1.0,,,,3.0,18.0
2025,1,11230730,휘경2동,84,5.0,1.0,1.0,,5.0,1.0,2.0,3.0,3.0,4.0,,,,,,,,,27.0
2025,1,11230740,이문1동,147,5.0,2.0,,,13.0,3.0,,,2.0,30.0,,,,,,,,1.0,26.0
2025,1,11230750,이문2동,71,2.0,,,,6.0,1.0,1.0,,,2.0,,,,,,,,1.0,17.0
2025,1,11260520,면목2동,112,3.0,,,1.0,11.0,2.0,2.0,,,,,8.0,,1.0,,,,,25.0
2025,1,11260540,면목4동,61,2.0,,,,5.0,1.0,1.0,1.0,,,,,,,,,,1.0,15.0
2025,1,11260550,면목5동,42,2.0,1.0,,,3.0,,,,,,,4.0,,,,,,,13.0
2025,1,11260565,면목본동,168,4.0,2.0,,,18.0,1.0,2.0,,,,,13.0,,1.0,,,,1.0,30.0
2025,1,11260570,면목7동,108,2.0,2.0,,1.0,11.0,,1.0,,,,,1.0,,,,,,,18.0
2025,1,11260575,면목3?8동,150,4.0,1.0,1.0,,17.0,1.0,2.0,2.0,1.0,8.0,,,,1.0,,,,1.0,34.0
2025,1,11260580,상봉1동,78,3.0,1.0,,1.0,8.0,2.0,1.0,2.0,1.0,,,,,,,,,4.0,12.0
2025,1,11260590,상봉2동,127,4.0,3.0,,1.0,10.0,,,,,,,,2.0,2.0,,,1.0,1.0,18.0
2025,1,11260600,중화1동,79,2.0,1.0,,1.0,7.0,1.0,2.0,2.0,1.0,,,,,,,,,,14.0
2025,1,11260610,중화2동,123,2.0,3.0,,,14.0,,,,,,,2.0,,,,,,3.0,32.0
2025,1,11260620,묵1동,144,4.0,2.0,,2.0,11.0,2.0,1.0,2.0,2.0,,,,,,,,,,34.0
2025,1,11260630,묵2동,92,3.0,4.0,,,7.0,,2.0,,,,,,1.0,,,,,1.0,19.0
2025,1,11260655,망우본동,238,9.0,4.0,1.0,4.0,25.0,1.0,2.0,3.0,4.0,,,9.0,,2.0,,,,2.0,54.0
2025,1,11260660,망우3동,54,1.0,1.0,,1.0,3.0,,2.0,,1.0,,,3.0,,,,,,,11.0
2025,1,11260680,신내1동,160,3.0,2.0,1.0,,13.0,2.0,2.0,,,,,,,,,,,1.0,53.0
2025,1,11260690,신내2동,104,6.0,3.0,,,12.0,3.0,4.0,,,,,,,,,,,,21.0
2025,1,11290525,성북동,166,6.0,4.0,,,6.0,2.0,1.0,3.0,2.0,5.0,,,,,,,,,55.0
2025,1,11290555,삼선동,163,7.0,5.0,,,14.0,,1.0,1.0,2.0,14.0,,,,,,,,2.0,46.0
2025,1,11290575,동선동,146,1.0,4.0,,1.0,13.0,1.0,2.0,2.0,1.0,12.0,,,1.0,,,,,1.0,19.0
2025,1,11290580,돈암1동,42,1.0,,,,2.0,2.0,2.0,2.0,1.0,,,,,,,,,,15.0
2025,1,11290590,돈암2동,88,4.0,2.0,,,4.0,6.0,1.0,,,,,,1.0,,,,,,38.0
2025,1,11290600,안암동,167,4.0,6.0,1.0,1.0,10.0,,1.0,1.0,1.0,71.0,,,,,,,,1.0,35.0
2025,1,11290610,보문동,77,4.0,4.0,,,6.0,,2.0,,,,,,,1.0,,,,2.0,10.0
2025,1,11290620,정릉1동,63,2.0,,,,6.0,2.0,,,,1.0,,,,,,,,,19.0
2025,1,11290630,정릉2동,110,4.0,3.0,,,6.0,1.0,2.0,,,,,,,,,,,1.0,50.0
2025,1,11290640,정릉3동,124,4.0,1.0,,,2.0,,1.0,3.0,1.0,28.0,,,,,,,,,38.0
2025,1,11290650,정릉4동,133,7.0,3.0,,,12.0,2.0,1.0,,2.0,11.0,,,,,,,,1.0,40.0
2025,1,11290660,길음1동,129,3.0,4.0,,,10.0,2.0,3.0,1.0,1.0,,,1.0,,,,,,1.0,26.0
2025,1,11290685,길음2동,112,5.0,,,3.0,14.0,,,,,,,,,,,,,,23.0
2025,1,11290705,종암동,189,7.0,2.0,,1.0,17.0,3.0,2.0,2.0,1.0,2.0,,,,,,,,,56.0
2025,1,11290715,월곡1동,108,2.0,3.0,,,10.0,,2.0,1.0,1.0,,,,,1.0,,,,,30.0
2025,1,11290725,월곡2동,135,6.0,4.0,,,12.0,2.0,,1.0,,12.0,,,,,,,,2.0,34.0
2025,1,11290760,장위1동,103,4.0,1.0,,,8.0,6.0,1.0,1.0,,,,,,,,,,,37.0
2025,1,11290770,장위2동,89,3.0,2.0,,,11.0,1.0,3.0,,,,,,,,,,,1.0,27.0
2025,1,11290780,장위3동,82,1.0,,,,5.0,1.0,2.0,1.0,,1.0,,1.0,,,,,,,39.0
2025,1,11290810,석관동,154,6.0,3.0,,,16.0,2.0,2.0,1.0,1.0,,,1.0,,2.0,,,,2.0,32.0
2025,1,11305534,삼양동,165,4.0,1.0,,,14.0,3.0,2.0,,1.0,,,,,,,,,3.0,34.0
2025,1,11305535,미아동,144,3.0,3.0,,1.0,14.0,,,,1.0,4.0,,,,,,,,1.0,28.0
2025,1,11305545,송중동,212,4.0,1.0,,2.0,18.0,4.0,2.0,,1.0,2.0,1.0,,1.0,,,,,,69.0
2025,1,11305555,송천동,164,9.0,5.0,,1.0,17.0,,1.0,2.0,2.0,,,2.0,,,,,,1.0,24.0
2025,1,11305575,삼각산동,114,2.0,1.0,,,9.0,1.0,,1.0,1.0,1.0,,,,,,,,,36.0
2025,1,11305595,번1동,136,3.0,3.0,,1.0,14.0,1.0,1.0,1.0,,,,,1.0,,,,,,30.0
2025,1,11305603,번2동,110,5.0,,,,7.0,1.0,,1.0,,,,,,1.0,,,,,54.0
2025,1,11305608,번3동,95,3.0,1.0,,,8.0,,2.0,,,,,,,,,,,,37.0
2025,1,11305615,수유1동,153,4.0,2.0,,,12.0,,2.0,3.0,1.0,,,1.0,,,,,,1.0,40.0
2025,1,11305625,수유2동,85,3.0,,,,12.0,3.0,,,,,,,,,,,,1.0,15.0
2025,1,11305635,수유3동,158,4.0,6.0,,1.0,16.0,,,1.0,,,,,1.0,,,,,1.0,30.0
2025,1,11305645,우이동,132,2.0,,,,7.0,1.0,,1.0,,2.0,,,,,,,,3.0,54.0
2025,1,11305660,인수동,175,13.0,2.0,1.0,2.0,14.0,2.0,2.0,2.0,,5.0,,1.0,,,,,,,57.0
2025,1,11320511,창1동,94,3.0,2.0,,,7.0,1.0,1.0,2.0,1.0,,,,,,,,,1.0,28.0
2025,1,11320512,창2동,95,3.0,,,1.0,8.0,1.0,1.0,,,,,,,,,,,,44.0
2025,1,11320513,창3동,66,1.0,,,,7.0,1.0,2.0,,,,,1.0,,,,,,,25.0
2025,1,11320514,창4동,130,7.0,4.0,,,8.0,1.0,2.0,1.0,2.0,,,,,,,,,,51.0
2025,1,11320515,창5동,119,7.0,3.0,,3.0,12.0,1.0,3.0,,,,,,2.0,,,,,2.0,24.0
2025,1,11320521,도봉1동,122,4.0,1.0,,,9.0,2.0,2.0,1.0,1.0,2.0,,1.0,,,,,,,38.0
2025,1,11320522,도봉2동,127,8.0,3.0,,,7.0,1.0,1.0,1.0,1.0,1.0,,,,1.0,,,,3.0,49.0
2025,1,11320660,쌍문1동,126,6.0,1.0,,1.0,4.0,1.0,3.0,,1.0,17.0,,,,,,,,,54.0
2025,1,11320670,쌍문2동,87,3.0,1.0,,1.0,10.0,1.0,1.0,1.0,,,,,,2.0,,,,,19.0
2025,1,11320680,쌍문3동,78,3.0,3.0,1.0,,12.0,,,1.0,,,,,,1.0,,,,1.0,17.0
2025,1,11320681,쌍문4동,64,1.0,,,,4.0,5.0,2.0,2.0,3.0,,,,,,,,,,23.0
2025,1,11320690,방학1동,148,6.0,6.0,,2.0,15.0,2.0,1.0,1.0,1.0,,,,,,,,,1.0,39.0
2025,1,11320700,방학2동,64,3.0,,,,7.0,,1.0,1.0,,,,,,,,,,,23.0
2025,1,11320710,방학3동,112,3.0,3.0,,,6.0,3.0,3.0,1.0,,,,,,,,,,,47.0
2025,1,11350560,월계1동,159,4.0,2.0,,,10.0,2.0,1.0,1.0,1.0,17.0,,,,,,,,,59.0
2025,1,11350570,월계2동,136,4.0,,,,5.0,3.0,2.0,3.0,4.0,11.0,,,,,,,,1.0,64.0
2025,1,11350580,월계3동,135,5.0,3.0,,,8.0,4.0,3.0,1.0,,,,,,,,,,2.0,47.0
2025,1,11350595,공릉1동,211,4.0,6.0,,4.0,21.0,3.0,3.0,,,1.0,,1.0,,,,,,3.0,54.0
2025,1,11350600,공릉2동,271,7.0,6.0,1.0,,14.0,3.0,4.0,4.0,2.0,64.0,,1.0,,,,,,1.0,63.0
2025,1,11350611,하계1동,133,4.0,3.0,1.0,,9.0,1.0,1.0,2.0,4.0,16.0,,,,,,,,,41.0
2025,1,11350612,하계2동,67,2.0,1.0,,,4.0,2.0,2.0,1.0,,,,,,,,,,1.0,28.0
2025,1,11350619,중계본동,95,5.0,2.0,,,7.0,3.0,2.0,,3.0,,,,,,,,,,21.0
2025,1,11350621,중계1동,85,2.0,3.0,,,7.0,,2.0,1.0,2.0,,,,,,,,,,18.0
2025,1,11350624,중계4동,81,2.0,3.0,,,14.0,1.0,1.0,3.0,2.0,,,,,,,,,,6.0
2025,1,11350625,중계2?3동,142,7.0,2.0,,,10.0,4.0,4.0,1.0,3.0,,,,2.0,,,,,1.0,39.0
2025,1,11350630,상계1동,190,5.0,2.0,,,14.0,3.0,3.0,2.0,1.0,,,,1.0,,,,,1.0,38.0
2025,1,11350640,상계2동,182,2.0,1.0,,2.0,19.0,1.0,1.0,1.0,,,,,1.0,,,,,2.0,33.0
2025,1,11350665,상계3?4동,107,4.0,1.0,,,9.0,3.0,2.0,,,1.0,,,,2.0,,,,1.0,11.0
2025,1,11350670,상계5동,105,2.0,1.0,,,11.0,,1.0,,,,,,,3.0,,,,1.0,36.0
2025,1,11350695,상계6?7동,253,9.0,11.0,1.0,1.0,29.0,,3.0,2.0,1.0,4.0,,,1.0,,,,,,40.0
2025,1,11350700,상계8동,92,3.0,3.0,,,7.0,,,1.0,,,,,,,,,,1.0,15.0
2025,1,11350710,상계9동,78,3.0,4.0,,,6.0,1.0,3.0,2.0,2.0,,,,,,,,,,18.0
2025,1,11350720,상계10동,64,3.0,,,,1.0,1.0,2.0,1.0,1.0,,,,,,,,,,30.0
2025,1,11380510,녹번동,148,8.0,3.0,,2.0,12.0,1.0,3.0,,,,,1.0,1.0,,,,,2.0,35.0
2025,1,11380520,불광1동,198,6.0,4.0,,1.0,17.0,4.0,2.0,,,,,,1.0,,,,,3.0,49.0
2025,1,11380530,불광2동,113,6.0,1.0,,,5.0,,3.0,3.0,1.0,,,3.0,,,,,,,32.0
2025,1,11380551,갈현1동,133,2.0,2.0,1.0,,13.0,1.0,,,,,,,,,,,,2.0,48.0
2025,1,11380552,갈현2동,121,3.0,1.0,,1.0,15.0,5.0,2.0,1.0,5.0,,,,,,,,,1.0,34.0
2025,1,11380560,구산동,127,3.0,,,1.0,8.0,3.0,3.0,2.0,3.0,,,,,,,,,,38.0
2025,1,11380570,대조동,205,3.0,5.0,,1.0,24.0,,2.0,,2.0,,,,1.0,,,,,,32.0
2025,1,11380580,응암1동,133,5.0,5.0,,1.0,20.0,1.0,1.0,1.0,1.0,,,,,,,,,,27.0
2025,1,11380590,응암2동,91,3.0,1.0,,1.0,10.0,2.0,1.0,,,,,,,,,,,,37.0
2025,1,11380600,응암3동,138,3.0,3.0,,1.0,16.0,1.0,1.0,2.0,1.0,,,2.0,,,,,,,31.0
2025,1,11380625,역촌동,176,5.0,5.0,,2.0,18.0,2.0,1.0,,,,,,,,,,,,51.0
2025,1,11380631,신사1동,94,3.0,,,,8.0,3.0,,1.0,,5.0,,,,,,,,1.0,22.0
2025,1,11380632,신사2동,82,4.0,,,,5.0,,3.0,1.0,1.0,,,,,,,,,1.0,35.0
2025,1,11380640,증산동,83,3.0,,,,8.0,1.0,1.0,2.0,,,,2.0,,,,,,1.0,16.0
2025,1,11380650,수색동,60,5.0,2.0,,,5.0,1.0,1.0,,,,,2.0,,,,,,1.0,22.0
2025,1,11380690,진관동,242,6.0,6.0,,,22.0,6.0,6.0,2.0,4.0,,,,1.0,,,,,1.0,81.0
2025,1,11410520,천연동,127,4.0,1.0,,,4.0,,1.0,1.0,1.0,11.0,,,,1.0,,,,,44.0
2025,1,11410555,북아현동,76,2.0,2.0,,1.0,7.0,1.0,1.0,,1.0,,,,,,,,,,17.0
2025,1,11410565,충현동,184,9.0,8.0,,,7.0,1.0,3.0,1.0,2.0,24.0,,,,,,,,3.0,58.0
2025,1,11410585,신촌동,368,6.0,10.0,1.0,,22.0,1.0,3.0,1.0,1.0,109.0,1.0,,4.0,3.0,,,,2.0,60.0
2025,1,11410615,연희동,201,7.0,7.0,,1.0,16.0,,1.0,3.0,1.0,13.0,,,1.0,1.0,,,,,70.0
2025,1,11410620,홍제1동,135,3.0,2.0,,,10.0,2.0,2.0,,,1.0,,,,1.0,,,,1.0,40.0
2025,1,11410640,홍제3동,129,3.0,3.0,,2.0,14.0,1.0,2.0,1.0,,3.0,,4.0,,6.0,,,,1.0,46.0
2025,1,11410655,홍제2동,56,1.0,,,,6.0,3.0,,,,,,,,1.0,,,,,15.0
2025,1,11410660,홍은1동,86,3.0,,,,7.0,1.0,1.0,,,,,,,1.0,,,,,32.0
2025,1,11410685,홍은2동,161,4.0,2.0,1.0,,8.0,,2.0,3.0,1.0,12.0,,,,,,,,,83.0
2025,1,11410690,남가좌1동,94,2.0,3.0,,1.0,9.0,,1.0,,,,,1.0,,1.0,,,,1.0,20.0
2025,1,11410700,남가좌2동,117,4.0,4.0,,,12.0,4.0,1.0,1.0,,8.0,,,,,,,,,24.0
2025,1,11410710,북가좌1동,60,1.0,2.0,,,5.0,2.0,1.0,1.0,1.0,,,,,,,,,,13.0
2025,1,11410720,북가좌2동,115,3.0,3.0,,,12.0,2.0,,,,,,,,,,,,,39.0
2025,1,11440555,아현동,145,5.0,8.0,,,16.0,1.0,1.0,1.0,1.0,,,,,1.0,,,,2.0,23.0
2025,1,11440565,공덕동,172,7.0,9.0,,,21.0,1.0,3.0,,,,,2.0,,,,,,4.0,39.0
2025,1,11440585,도화동,144,4.0,7.0,,,15.0,2.0,1.0,,,,,,1.0,1.0,,,,1.0,38.0
2025,1,11440590,용강동,90,7.0,6.0,,1.0,10.0,2.0,1.0,,,,,,,,,,,1.0,24.0
2025,1,11440600,대흥동,209,5.0,5.0,,,18.0,,3.0,1.0,1.0,27.0,,,,3.0,,,,3.0,38.0
2025,1,11440610,염리동,52,3.0,1.0,,,3.0,1.0,1.0,2.0,3.0,,,,,2.0,,,,,10.0
2025,1,11440630,신수동,76,4.0,1.0,,1.0,5.0,1.0,1.0,1.0,1.0,,,,,,,,,,24.0
2025,1,11440655,서강동,156,6.0,4.0,,,7.0,1.0,1.0,,,20.0,,,,,,,,2.0,64.0
2025,1,11440660,서교동,358,13.0,22.0,,,31.0,1.0,1.0,,,2.0,,,5.0,3.0,,,,7.0,88.0
2025,1,11440680,합정동,109,4.0,3.0,,,10.0,1.0,1.0,1.0,,,,,,,,,,,32.0
2025,1,11440690,망원1동,95,2.0,2.0,,,11.0,,,,,,,,,1.0,,,,,23.0
2025,1,11440700,망원2동,83,4.0,1.0,,,6.0,1.0,2.0,,,,,,,,,,,,33.0
2025,1,11440710,연남동,52,2.0,1.0,,,2.0,1.0,,1.0,2.0,,,,,,,,,,23.0
2025,1,11440720,성산1동,86,4.0,2.0,,,5.0,1.0,2.0,2.0,1.0,1.0,,,,1.0,,,,,29.0
2025,1,11440730,성산2동,158,6.0,3.0,,,13.0,2.0,3.0,2.0,,,,1.0,1.0,,,,,2.0,47.0
2025,1,11440740,상암동,247,10.0,11.0,,,14.0,3.0,3.0,1.0,1.0,,,1.0,,,,,,4.0,104.0
2025,1,11470510,목1동,190,5.0,12.0,,1.0,21.0,1.0,1.0,1.0,1.0,2.0,,,2.0,,,,,2.0,29.0
2025,1,11470520,목2동,97,3.0,2.0,,1.0,13.0,3.0,1.0,,,,,,,1.0,,,,1.0,18.0
2025,1,11470530,목3동,96,3.0,4.0,,,11.0,1.0,,1.0,,,,,,,,,,,7.0
2025,1,11470540,목4동,84,3.0,3.0,,,9.0,1.0,1.0,1.0,1.0,,,,,,,,,,14.0
2025,1,11470550,목5동,143,8.0,9.0,1.0,,12.0,4.0,3.0,2.0,2.0,,,,,,,,,,52.0
2025,1,11470560,신월1동,71,3.0,3.0,,,12.0,1.0,,,,,,,,,,,,,9.0
2025,1,11470570,신월2동,65,3.0,1.0,,,6.0,1.0,2.0,2.0,,,,,,,,,,,12.0
2025,1,11470580,신월3동,70,2.0,1.0,,,7.0,1.0,1.0,2.0,3.0,,,,,,,,,,8.0
2025,1,11470590,신월4동,63,2.0,1.0,,,6.0,3.0,1.0,,,,,,,,,,,,11.0
2025,1,11470600,신월5동,54,3.0,,,1.0,3.0,2.0,1.0,2.0,,,,,,,,,,,12.0
2025,1,11470610,신월6동,47,1.0,2.0,,1.0,5.0,1.0,1.0,1.0,,,,,,,,,,,15.0
2025,1,11470611,신월7동,74,6.0,1.0,,,10.0,2.0,,1.0,,,,,,,,,,,21.0
2025,1,11470620,신정1동,94,7.0,3.0,,,9.0,2.0,2.0,1.0,,,,,,,,,,,26.0
2025,1,11470630,신정2동,71,3.0,1.0,,,7.0,1.0,2.0,1.0,,,,,,,,,,,20.0
2025,1,11470640,신정3동,203,4.0,1.0,,,15.0,1.0,3.0,1.0,4.0,,,,,,,,,1.0,81.0
2025,1,11470650,신정4동,161,3.0,8.0,1.0,1.0,16.0,3.0,2.0,,2.0,,,,,,,,,1.0,18.0
2025,1,11470670,신정6동,72,7.0,6.0,,,2.0,2.0,,1.0,1.0,,,,,,,,,,31.0
2025,1,11470680,신정7동,107,3.0,2.0,,,8.0,3.0,3.0,1.0,1.0,,,,,,,,,1.0,30.0
2025,1,11500510,염창동,147,5.0,3.0,,1.0,15.0,,2.0,2.0,,,,,,,,,,2.0,35.0
2025,1,11500520,등촌1동,95,1.0,5.0,,1.0,10.0,,1.0,,,,,,1.0,,,,,,20.0
2025,1,11500530,등촌2동,58,3.0,,,1.0,6.0,2.0,2.0,2.0,2.0,,,,,,,,,,8.0
2025,1,11500535,등촌3동,184,6.0,3.0,1.0,2.0,18.0,2.0,5.0,2.0,4.0,,,,1.0,,,,,,55.0
2025,1,11500540,화곡1동,226,3.0,2.0,,2.0,26.0,,2.0,1.0,,,,,1.0,,,,,2.0,27.0
2025,1,11500550,화곡2동,65,2.0,,,,3.0,2.0,1.0,,,,,,,,,,,,30.0
2025,1,11500560,화곡3동,87,4.0,3.0,,,8.0,2.0,,,,,,,,,,,,,12.0
2025,1,11500570,화곡4동,101,4.0,2.0,,,14.0,3.0,1.0,,2.0,,,,,,,,,,30.0
2025,1,11500590,화곡본동,145,3.0,,,1.0,11.0,1.0,2.0,,,,,,,,,,,,31.0
2025,1,11500591,화곡6동,118,7.0,5.0,,,8.0,2.0,1.0,,,9.0,,,,,,,,,29.0
2025,1,11500593,화곡8동,95,2.0,3.0,,,8.0,1.0,,,,,,,,,,,,1.0,33.0
2025,1,11500603,가양1동,279,5.0,13.0,,,20.0,3.0,1.0,1.0,1.0,,,,1.0,2.0,,,,5.0,69.0
2025,1,11500604,가양2동,75,4.0,3.0,,,7.0,3.0,1.0,1.0,1.0,,,,,,,,,1.0,14.0
2025,1,11500605,가양3동,52,3.0,,,,4.0,3.0,2.0,1.0,1.0,,,,,,,,,1.0,13.0
2025,1,11500611,발산1동,246,3.0,9.0,1.0,2.0,33.0,2.0,3.0,4.0,8.0,,,1.0,,,,,,,63.0
2025,1,11500615,우장산동,158,4.0,4.0,,3.0,12.0,3.0,2.0,,,5.0,,,,,,,,1.0,33.0
2025,1,11500620,공항동,176,6.0,7.0,1.0,,11.0,1.0,2.0,2.0,,4.0,,,,,21.0,,,2.0,39.0
2025,1,11500630,방화1동,200,2.0,3.0,,2.0,21.0,4.0,3.0,1.0,3.0,,,,,1.0,,,,1.0,46.0
2025,1,11500640,방화2동,124,4.0,,,,7.0,3.0,1.0,1.0,,,,2.0,1.0,,4.0,,,5.0,37.0
2025,1,11500641,방화3동,83,5.0,1.0,,,5.0,2.0,3.0,2.0,1.0,1.0,,,,,,,,1.0,22.0
2025,1,11530510,신도림동,168,5.0,4.0,,,12.0,2.0,1.0,1.0,1.0,1.0,,2.0,1.0,1.0,,,,3.0,43.0
2025,1,11530520,구로1동,88,4.0,1.0,,,5.0,3.0,1.0,1.0,1.0,,,4.0,,,,,,,25.0
2025,1,11530530,구로2동,197,6.0,12.0,1.0,1.0,21.0,1.0,1.0,,1.0,,,7.0,,16.0,,,,1.0,48.0
2025,1,11530540,구로3동,187,7.0,18.0,,,15.0,1.0,2.0,1.0,,,,,,5.0,,,,2.0,47.0
2025,1,11530550,구로4동,139,5.0,3.0,,,15.0,2.0,1.0,1.0,,,,1.0,,19.0,,,,,13.0
2025,1,11530560,구로5동,167,5.0,4.0,,2.0,18.0,,3.0,1.0,1.0,2.0,1.0,,3.0,,,,,1.0,49.0
2025,1,11530595,가리봉동,74,,,,,6.0,,1.0,,1.0,,,,,23.0,,,,,8.0
2025,1,11530720,고척1동,135,5.0,4.0,1.0,1.0,9.0,,3.0,1.0,1.0,12.0,,8.0,,4.0,,,,,31.0
2025,1,11530730,고척2동,128,5.0,2.0,,1.0,11.0,,2.0,1.0,1.0,,,,,,,,,,40.0
2025,1,11530740,개봉1동,163,5.0,3.0,,1.0,11.0,2.0,1.0,2.0,,4.0,,1.0,,,,,,1.0,57.0
2025,1,11530750,개봉2동,116,3.0,3.0,,,10.0,2.0,,,,,,1.0,1.0,,,,,,26.0
2025,1,11530760,개봉3동,81,3.0,2.0,,,9.0,1.0,3.0,1.0,,,,1.0,1.0,,,,,,23.0
2025,1,11530770,오류1동,122,5.0,4.0,,,11.0,3.0,1.0,,,,,,,,,,,1.0,22.0
2025,1,11530780,오류2동,209,3.0,1.0,,1.0,9.0,6.0,3.0,2.0,1.0,,,,,,,,,1.0,86.0
2025,1,11530790,수궁동,154,3.0,1.0,,,5.0,2.0,1.0,1.0,6.0,,,1.0,,,,,,3.0,69.0
2025,1,11530800,항동,64,1.0,,,,2.0,1.0,1.0,,,10.0,,,,,,,,,37.0
2025,1,11545510,가산동,304,10.0,25.0,,1.0,21.0,2.0,,,,,,,1.0,17.0,,,,3.0,111.0
2025,1,11545610,독산1동,217,3.0,6.0,,2.0,17.0,2.0,4.0,3.0,,,,,1.0,3.0,,,,,74.0
2025,1,11545620,독산2동,73,2.0,1.0,,,8.0,,2.0,,,1.0,,,,,,,,,11.0
2025,1,11545630,독산3동,119,4.0,4.0,,,14.0,2.0,2.0,2.0,1.0,,,1.0,,,,,,,29.0
2025,1,11545640,독산4동,64,5.0,2.0,,1.0,4.0,,1.0,,,,,,,,,,,,16.0
2025,1,11545670,시흥1동,223,9.0,7.0,1.0,2.0,25.0,2.0,3.0,1.0,1.0,,,,,3.0,,,,1.0,52.0
2025,1,11545680,시흥2동,76,2.0,,,,3.0,2.0,3.0,1.0,2.0,,,,,,,,,,30.0
2025,1,11545690,시흥3동,66,3.0,3.0,,,5.0,,1.0,1.0,1.0,,,,,1.0,,,,,21.0
2025,1,11545700,시흥4동,72,1.0,1.0,,,6.0,,1.0,1.0,,,,,,,,,,,27.0
2025,1,11545710,시흥5동,106,3.0,,,,16.0,2.0,3.0,,,,,,,,,,,,37.0
2025,1,11560515,영등포본동,94,4.0,,,,10.0,2.0,2.0,1.0,2.0,,,,1.0,2.0,,,,1.0,23.0
2025,1,11560535,영등포동,325,10.0,17.0,2.0,2.0,37.0,,1.0,,,1.0,,,1.0,16.0,,,,1.0,41.0
2025,1,11560540,여의동,399,23.0,70.0,1.0,,44.0,,2.0,2.0,2.0,,,,1.0,,,,,5.0,61.0
2025,1,11560550,당산1동,131,6.0,5.0,,1.0,8.0,1.0,,,,,,,,12.0,,,,2.0,23.0
2025,1,11560560,당산2동,192,6.0,4.0,,,20.0,3.0,2.0,2.0,,,,,,,,,,2.0,46.0
2025,1,11560585,도림동,66,2.0,,,,6.0,2.0,,,,,,,,,,,,,28.0
2025,1,11560605,문래동,185,8.0,9.0,,,17.0,,3.0,2.0,,,,,,2.0,,,,1.0,56.0
2025,1,11560610,양평1동,87,5.0,3.0,,1.0,6.0,,1.0,,1.0,,,,,1.0,,,,1.0,22.0
2025,1,11560620,양평2동,131,8.0,6.0,,,7.0,1.0,2.0,1.0,2.0,,,,,3.0,,,,1.0,35.0
2025,1,11560630,신길1동,85,1.0,2.0,1.0,1.0,13.0,,1.0,,,,,,,4.0,,,,2.0,25.0
2025,1,11560650,신길3동,102,3.0,5.0,,1.0,12.0,3.0,1.0,,,,,,,2.0,,,,,32.0
2025,1,11560660,신길4동,43,1.0,1.0,,,2.0,2.0,1.0,,,,,,,,,,,,13.0
2025,1,11560670,신길5동,66,3.0,,,,,1.0,1.0,1.0,1.0,,,,,5.0,,,,,31.0
2025,1,11560680,신길6동,123,4.0,1.0,,1.0,14.0,1.0,1.0,,1.0,,,1.0,,2.0,,,,1.0,29.0
2025,1,11560690,신길7동,78,5.0,1.0,,,7.0,1.0,1.0,,,,,,,1.0,,,,1.0,32.0
2025,1,11560700,대림1동,81,2.0,4.0,2.0,,18.0,,1.0,1.0,,,,2.0,,3.0,,,,,16.0
2025,1,11560710,대림2동,86,4.0,2.0,1.0,,16.0,,2.0,,,1.0,,,,1.0,,,,,13.0
2025,1,11560720,대림3동,126,2.0,7.0,,1.0,11.0,3.0,2.0,1.0,,2.0,,1.0,,,,,,2.0,46.0
2025,1,11590510,노량진1동,180,5.0,4.0,,,14.0,2.0,3.0,1.0,,1.0,,,,2.0,,,,3.0,57.0
2025,1,11590520,노량진2동,72,5.0,4.0,,1.0,14.0,1.0,,,,,,,,1.0,,,,,14.0
2025,1,11590530,상도1동,201,5.0,4.0,,1.0,16.0,2.0,2.0,1.0,,23.0,,,,,,,,2.0,47.0
2025,1,11590540,상도2동,154,6.0,3.0,,,16.0,1.0,1.0,1.0,,,,1.0,,1.0,,,,1.0,41.0
2025,1,11590550,상도3동,113,2.0,2.0,,,11.0,,,1.0,,,,1.0,,,,,,,36.0
2025,1,11590560,상도4동,112,3.0,1.0,,1.0,11.0,4.0,1.0,1.0,,,,,1.0,,,,,,36.0
2025,1,11590605,흑석동,195,6.0,6.0,1.0,,24.0,5.0,3.0,2.0,,16.0,,,,1.0,,,,1.0,50.0
2025,1,11590620,사당1동,126,4.0,6.0,,2.0,12.0,1.0,1.0,,,1.0,,,1.0,1.0,,,,2.0,13.0
2025,1,11590630,사당2동,179,3.0,2.0,,,14.0,,1.0,1.0,2.0,,,,,2.0,,,,4.0,36.0
2025,1,11590640,사당3동,88,3.0,1.0,,,5.0,,2.0,1.0,,3.0,,1.0,,,,,,1.0,30.0
2025,1,11590650,사당4동,62,2.0,1.0,,,6.0,,,1.0,,,,1.0,,,,,,,4.0
2025,1,11590651,사당5동,61,4.0,,,,3.0,1.0,2.0,1.0,1.0,,,,,,,,,,28.0
2025,1,11590660,대방동,199,5.0,5.0,,,16.0,3.0,3.0,4.0,4.0,,,,,,,,,2.0,61.0
2025,1,11590670,신대방1동,83,3.0,1.0,,,10.0,3.0,1.0,1.0,,1.0,,,,,,,,1.0,15.0
2025,1,11590680,신대방2동,109,7.0,7.0,1.0,,16.0,,1.0,1.0,1.0,,,,,,,,,,29.0
2025,1,11620525,보라매동,83,1.0,1.0,,,5.0,,1.0,1.0,1.0,,,,,,,,,,25.0
2025,1,11620545,청림동,50,2.0,,,,4.0,2.0,,,,,,,,2.0,,,,,7.0
2025,1,11620565,성현동,104,4.0,,,,6.0,3.0,2.0,1.0,1.0,,,,,,,,,,38.0
2025,1,11620575,행운동,111,3.0,3.0,1.0,2.0,12.0,1.0,2.0,2.0,1.0,,,,,,,,,,15.0
2025,1,11620585,낙성대동,148,2.0,3.0,,,10.0,,1.0,,,37.0,,,,2.0,,,,,37.0
2025,1,11620595,청룡동,147,5.0,6.0,,1.0,23.0,,2.0,2.0,3.0,,,1.0,1.0,1.0,,,,1.0,15.0
2025,1,11620605,은천동,123,6.0,,,,9.0,3.0,1.0,,1.0,,,,,,,,,,43.0
2025,1,11620615,중앙동,83,1.0,3.0,,1.0,14.0,,1.0,,,,,,,,,,,1.0,12.0
2025,1,11620625,인헌동,105,2.0,5.0,,,14.0,1.0,,1.0,1.0,,,2.0,,,,,,1.0,23.0
2025,1,11620630,남현동,70,3.0,1.0,,,6.0,1.0,1.0,,,1.0,,,,,,,,,6.0
2025,1,11620645,서원동,94,3.0,1.0,1.0,1.0,9.0,,,1.0,,,,,1.0,,,,,,27.0
2025,1,11620655,신원동,54,6.0,1.0,,,7.0,,1.0,,,1.0,,,,,,,,,10.0
2025,1,11620665,서림동,74,2.0,,,,5.0,1.0,1.0,1.0,,,,,,,,,,,34.0
2025,1,11620685,신사동,79,3.0,2.0,,1.0,10.0,1.0,1.0,,,1.0,,1.0,,,,,,,21.0
2025,1,11620695,신림동,168,2.0,3.0,,,17.0,,,,,,,,,4.0,,,,1.0,16.0
2025,1,11620715,난향동,68,1.0,,,,5.0,,1.0,,,,,,,,,,,,34.0
2025,1,11620725,조원동,96,3.0,1.0,,1.0,12.0,,1.0,,,,,1.0,,,,,,,30.0
2025,1,11620735,대학동,283,5.0,6.0,,,11.0,,1.0,1.0,2.0,140.0,,,,,,,,,73.0
2025,1,11620745,삼성동,94,3.0,,,,7.0,,2.0,,1.0,,,,,3.0,,,,,44.0
2025,1,11620765,미성동,126,3.0,3.0,,1.0,11.0,1.0,2.0,2.0,2.0,,,,,1.0,,,,,44.0
2025,1,11620775,난곡동,95,2.0,1.0,,,11.0,2.0,1.0,2.0,1.0,,,1.0,,,,,,,28.0
2025,1,11650510,서초1동,194,4.0,10.0,,1.0,14.0,,2.0,,,13.0,,,,,,,,2.0,38.0
2025,1,11650520,서초2동,217,8.0,26.0,,,24.0,,1.0,1.0,1.0,,,,,1.0,,,,2.0,47.0
2025,1,11650530,서초3동,332,25.0,30.0,,3.0,30.0,1.0,1.0,1.0,3.0,2.0,,,,,,,1.0,2.0,77.0
2025,1,11650531,서초4동,257,2.0,13.0,,1.0,31.0,2.0,2.0,1.0,,,,,1.0,,,,,,36.0
2025,1,11650540,잠원동,135,3.0,8.0,,,13.0,1.0,1.0,1.0,,,,,,,,,,2.0,23.0
2025,1,11650550,반포본동,33,1.0,3.0,,,2.0,,1.0,2.0,2.0,,,1.0,,,,,,1.0,5.0
2025,1,11650560,반포1동,140,6.0,6.0,,1.0,20.0,1.0,2.0,1.0,1.0,,,,,,,,,1.0,26.0
2025,1,11650570,반포2동,74,4.0,5.0,,,5.0,,2.0,1.0,,,,1.0,,,,,,1.0,25.0
2025,1,11650580,반포3동,109,3.0,7.0,,,11.0,,1.0,1.0,,,,,,,,,,,18.0
2025,1,11650581,반포4동,130,7.0,12.0,1.0,,12.0,,,1.0,,3.0,,,1.0,,,,,3.0,33.0
2025,1,11650590,방배본동,103,2.0,6.0,,,16.0,,1.0,,,,,1.0,,,,,,,25.0
2025,1,11650600,방배1동,102,3.0,4.0,,1.0,10.0,,1.0,,,3.0,,1.0,,,,,,1.0,19.0
2025,1,11650610,방배2동,114,4.0,2.0,,,3.0,,1.0,1.0,1.0,,,1.0,,1.0,,,,1.0,37.0
2025,1,11650620,방배3동,112,4.0,3.0,,2.0,6.0,,2.0,,1.0,7.0,,,,,,,,,50.0
2025,1,11650621,방배4동,156,3.0,10.0,,,11.0,,1.0,,1.0,4.0,,,,1.0,,,,1.0,31.0
2025,1,11650651,양재1동,263,12.0,11.0,,1.0,20.0,3.0,4.0,1.0,,1.0,,,,,,,,2.0,86.0
2025,1,11650652,양재2동,147,2.0,16.0,,,11.0,,1.0,2.0,1.0,,,1.0,,,,,,1.0,57.0
2025,1,11650660,내곡동,161,5.0,1.0,,1.0,2.0,2.0,1.0,,,3.0,,1.0,,,,,,1.0,85.0
2025,1,11680510,신사동,260,3.0,14.0,,,36.0,2.0,1.0,1.0,2.0,,1.0,,1.0,,,,,1.0,12.0
2025,1,11680521,논현1동,300,4.0,15.0,,4.0,42.0,,1.0,,,,,1.0,8.0,,,,,3.0,23.0
2025,1,11680531,논현2동,240,8.0,16.0,,5.0,29.0,1.0,1.0,1.0,,4.0,,,2.0,,,,,1.0,33.0
2025,1,11680545,압구정동,313,4.0,25.0,,5.0,30.0,1.0,1.0,2.0,2.0,,2.0,1.0,3.0,,,,,2.0,18.0
2025,1,11680565,청담동,288,11.0,19.0,,4.0,27.0,2.0,2.0,1.0,1.0,1.0,,,,,,,,3.0,23.0
2025,1,11680580,삼성1동,199,6.0,26.0,,3.0,13.0,1.0,1.0,1.0,1.0,,1.0,,1.0,,,,,3.0,38.0
2025,1,11680590,삼성2동,177,10.0,11.0,,,11.0,,1.0,1.0,,1.0,,,,,,,,4.0,28.0
2025,1,11680600,대치1동,130,4.0,11.0,,,13.0,1.0,1.0,1.0,2.0,1.0,,,,,,,,,24.0
2025,1,11680610,대치2동,210,6.0,26.0,,2.0,20.0,,2.0,1.0,1.0,,,,,,,,,2.0,39.0
2025,1,11680630,대치4동,159,4.0,12.0,1.0,1.0,18.0,,1.0,,,1.0,1.0,,,,,,,,14.0
2025,1,11680640,역삼1동,542,15.0,49.0,1.0,3.0,64.0,1.0,1.0,,,,,,3.0,1.0,,,,1.0,44.0
2025,1,11680650,역삼2동,195,3.0,14.0,,2.0,25.0,,1.0,2.0,1.0,1.0,,,,,,,,,31.0
2025,1,11680655,도곡1동,142,4.0,9.0,1.0,4.0,20.0,2.0,1.0,2.0,1.0,,,,,,,,,1.0,27.0
2025,1,11680656,도곡2동,118,7.0,23.0,,,10.0,2.0,1.0,1.0,2.0,,,,,,,,,3.0,25.0
2025,1,11680660,개포1동,38,1.0,1.0,,,1.0,,1.0,2.0,,,,,,,,,,,29.0
2025,1,11680670,개포2동,135,3.0,3.0,,,9.0,5.0,4.0,1.0,3.0,,,,,,,,,3.0,50.0
2025,1,11680690,개포4동,115,3.0,4.0,,,7.0,,2.0,1.0,1.0,,,,,,,,,,49.0
2025,1,11680700,세곡동,191,4.0,1.0,,,9.0,3.0,4.0,1.0,1.0,,,,,,,,,,95.0
2025,1,11680720,일원본동,103,2.0,6.0,1.0,,15.0,2.0,2.0,1.0,2.0,,,,,,,,,1.0,32.0
2025,1,11680730,일원1동,74,4.0,1.0,,,11.0,1.0,2.0,,1.0,,,,,,,,,,18.0
2025,1,11680740,일원2동,66,3.0,3.0,,,6.0,2.0,1.0,1.0,,,,,,,,,,1.0,13.0
2025,1,11680750,수서동,89,3.0,3.0,,,11.0,2.0,1.0,1.0,2.0,,,,,,,,,2.0,23.0
2025,1,11710510,풍납1동,48,3.0,,,1.0,6.0,1.0,1.0,,,,,,,,,,,,6.0
2025,1,11710520,풍납2동,125,5.0,5.0,1.0,,26.0,2.0,2.0,3.0,1.0,3.0,,,,,,,,1.0,24.0
2025,1,11710531,거여1동,48,2.0,,,,2.0,,1.0,,1.0,,,,,1.0,,,,1.0,6.0
2025,1,11710532,거여2동,78,3.0,3.0,,1.0,12.0,1.0,1.0,1.0,,,,,,,,,,,11.0
2025,1,11710540,마천1동,73,4.0,1.0,,,8.0,1.0,1.0,,,,,,,1.0,,,,1.0,15.0
2025,1,11710550,마천2동,93,3.0,2.0,,,14.0,,1.0,,,,,,,,,,,,12.0
2025,1,11710561,방이1동,73,2.0,1.0,,,10.0,2.0,2.0,1.0,1.0,,,,,,,,,1.0,11.0
2025,1,11710562,방이2동,164,3.0,5.0,,,18.0,,1.0,1.0,,,,,,,,,,1.0,13.0
2025,1,11710566,오륜동,74,4.0,6.0,,,6.0,1.0,2.0,2.0,3.0,11.0,,,,,,,,3.0,15.0
2025,1,11710570,오금동,134,5.0,5.0,,,13.0,3.0,3.0,4.0,2.0,,,,,,,,,3.0,27.0
2025,1,11710580,송파1동,102,2.0,4.0,,3.0,14.0,1.0,1.0,,,,,,,,,,,2.0,13.0
2025,1,11710590,송파2동,79,3.0,1.0,,,11.0,3.0,1.0,2.0,3.0,,,,,,,,,,7.0
2025,1,11710600,석촌동,159,3.0,7.0,,2.0,27.0,3.0,2.0,,,,,,,,,,,,20.0
2025,1,11710610,삼전동,118,4.0,2.0,,,14.0,3.0,1.0,1.0,1.0,,,,,1.0,,,,1.0,12.0
2025,1,11710620,가락본동,144,5.0,9.0,1.0,5.0,21.0,1.0,2.0,2.0,,,,,,,,,,,21.0
2025,1,11710631,가락1동,82,2.0,8.0,,,13.0,1.0,1.0,1.0,,,,1.0,,,,,,3.0,16.0
2025,1,11710632,가락2동,143,3.0,6.0,,,17.0,4.0,2.0,1.0,,,,,,,,,,1.0,22.0
2025,1,11710641,문정1동,70,3.0,1.0,,,5.0,1.0,1.0,1.0,,,,,,,,,,,19.0
2025,1,11710642,문정2동,149,10.0,12.0,,1.0,22.0,,1.0,,,,,,2.0,,,,,3.0,14.0
2025,1,11710646,장지동,136,4.0,3.0,,,10.0,1.0,2.0,1.0,3.0,,,,1.0,,,,,1.0,41.0
2025,1,11710647,위례동,84,3.0,1.0,,,5.0,2.0,2.0,1.0,,,,,,,,,,,32.0
2025,1,11710650,잠실본동,192,5.0,9.0,,1.0,24.0,,1.0,,,,,,,,,,,1.0,12.0
2025,1,11710670,잠실2동,91,4.0,6.0,,,14.0,1.0,2.0,2.0,2.0,,,,,,,,,1.0,5.0
2025,1,11710680,잠실3동,103,5.0,9.0,,,11.0,1.0,3.0,,1.0,,,,,,,,,,16.0
2025,1,11710690,잠실4동,74,3.0,3.0,,,10.0,1.0,2.0,,1.0,,,,,,,,,2.0,7.0
2025,1,11710710,잠실6동,144,4.0,17.0,,1.0,23.0,,1.0,1.0,,,,,1.0,,,,,2.0,13.0
2025,1,11710720,잠실7동,30,2.0,4.0,,,4.0,,1.0,2.0,1.0,,,,,,,,,2.0,3.0
2025,1,11740515,강일동,187,5.0,3.0,,,12.0,2.0,2.0,2.0,1.0,,,,,,,,,3.0,79.0
2025,1,11740520,상일동,105,4.0,2.0,1.0,,8.0,4.0,2.0,2.0,5.0,,,,,,,,,,37.0
2025,1,11740530,명일1동,151,5.0,6.0,,2.0,17.0,,1.0,,,,,,,,,,,1.0,22.0
2025,1,11740540,명일2동,107,3.0,6.0,,,18.0,4.0,2.0,,1.0,,,,,,,,,,18.0
2025,1,11740550,고덕1동,92,3.0,,,,4.0,1.0,2.0,1.0,1.0,,,,,,,,,1.0,26.0
2025,1,11740560,고덕2동,78,3.0,1.0,,,9.0,1.0,2.0,1.0,2.0,,,,,,,,,1.0,25.0
2025,1,11740570,암사1동,90,2.0,1.0,,,8.0,1.0,1.0,,,1.0,,1.0,,,,,,,13.0
2025,1,11740580,암사2동,61,1.0,3.0,,,6.0,1.0,2.0,,,,,,,,,,,1.0,6.0
2025,1,11740590,암사3동,50,2.0,1.0,,,5.0,1.0,,2.0,1.0,,,,,,,,,,12.0
2025,1,11740600,천호1동,92,4.0,1.0,,,11.0,,1.0,1.0,1.0,1.0,,,1.0,,,,,1.0,11.0
2025,1,11740610,천호2동,203,4.0,3.0,,1.0,26.0,1.0,1.0,1.0,,,,,,3.0,,,,,22.0
2025,1,11740620,천호3동,115,4.0,3.0,,2.0,14.0,,,1.0,,,,,,1.0,,,,,11.0
2025,1,11740640,성내1동,98,6.0,4.0,,2.0,9.0,1.0,2.0,1.0,,1.0,,,1.0,,,,,,20.0
2025,1,11740650,성내2동,113,2.0,3.0,,4.0,14.0,,,,,,,,1.0,,,,,3.0,16.0
2025,1,11740660,성내3동,136,4.0,5.0,,,13.0,2.0,,,,2.0,,,,,,,,1.0,13.0
2025,1,11740685,길동,242,6.0,10.0,1.0,4.0,34.0,4.0,3.0,1.0,,1.0,,,,,,,,1.0,36.0
2025,1,11740690,둔촌1동,14,,,,,,,2.0,,1.0,,,,,,,,,1.0,6.0
2025,1,11740700,둔촌2동,129,5.0,4.0,1.0,,17.0,2.0,1.0,2.0,1.0,,,,,,,,,1.0,32.0
2025,2,11110515,청운효자동,93,6.0,3.0,,,4.0,1.0,1.0,2.0,2.0,8.0,,,,,,,,,26.0
2025,2,11110530,사직동,206,18.0,24.0,,,15.0,,1.0,,1.0,1.0,,,3.0,,,,,2.0,34.0
2025,2,11110540,삼청동,49,10.0,4.0,,1.0,1.0,,,1.0,1.0,2.0,,,,,,,,,16.0
2025,2,11110550,부암동,84,4.0,2.0,,,1.0,1.0,2.0,1.0,1.0,14.0,,,,,,,,,38.0
2025,2,11110560,평창동,162,6.0,2.0,,1.0,5.0,1.0,,,1.0,2.0,,,,,,,,,91.0
2025,2,11110570,무악동,42,2.0,1.0,1.0,,4.0,1.0,1.0,,,,,,,,,,,1.0,7.0
2025,2,11110580,교남동,78,4.0,3.0,2.0,,17.0,,,,1.0,1.0,,,,,,,,,26.0
2025,2,11110600,가회동,63,5.0,3.0,,,1.0,1.0,1.0,1.0,2.0,1.0,,,,,,,,,22.0
2025,2,11110615,종로1?2?3?4가동,500,19.0,35.0,,,47.0,1.0,2.0,,,4.0,,1.0,5.0,17.0,,,,5.0,72.0
2025,2,11110630,종로5?6가동,212,7.0,8.0,,,31.0,,1.0,,,1.0,,4.0,,3.0,,,,1.0,23.0
2025,2,11110640,이화동,119,4.0,4.0,1.0,,11.0,,,2.0,,37.0,,,,,,,,1.0,28.0
2025,2,11110650,혜화동,145,6.0,5.0,,,16.0,3.0,1.0,1.0,4.0,26.0,,,1.0,,,,,,36.0
2025,2,11110670,창신1동,111,3.0,4.0,,,9.0,,2.0,,,,,1.0,,7.0,,,,2.0,11.0
2025,2,11110680,창신2동,38,2.0,1.0,,,5.0,,,,,,,,,,,,,,
2025,2,11110690,창신3동,24,3.0,,,,1.0,,1.0,,1.0,,,,,,,,,1.0,5.0
2025,2,11110700,숭인1동,43,3.0,1.0,,,3.0,1.0,,,,,,,,,,,,,14.0
2025,2,11110710,숭인2동,89,4.0,3.0,,1.0,4.0,,,,,,,2.0,,3.0,,,,2.0,6.0
2025,2,11140520,소공동,231,13.0,29.0,,,10.0,,1.0,4.0,3.0,,1.0,,3.0,3.0,,,,3.0,37.0
2025,2,11140540,회현동,211,9.0,17.0,,,16.0,1.0,,,,2.0,,2.0,1.0,2.0,,,,6.0,35.0
2025,2,11140550,명동,542,20.0,46.0,,,35.0,,1.0,,,4.0,,,3.0,12.0,,,,1.0,29.0
2025,2,11140570,필동,123,6.0,9.0,1.0,,7.0,,2.0,,1.0,19.0,,,2.0,1.0,,,,2.0,15.0
2025,2,11140580,장충동,63,6.0,2.0,,,1.0,,1.0,,,3.0,,,1.0,2.0,,,,1.0,13.0
2025,2,11140590,광희동,185,3.0,16.0,1.0,,14.0,,,1.0,,,,1.0,3.0,11.0,,,,3.0,19.0
2025,2,11140605,을지로동,145,5.0,10.0,,,13.0,,,,,,,1.0,2.0,3.0,,,,4.0,20.0
2025,2,11140615,신당동,99,7.0,5.0,,1.0,12.0,,1.0,1.0,3.0,,,3.0,,1.0,,,,2.0,8.0
2025,2,11140625,다산동,86,3.0,4.0,,1.0,9.0,,1.0,1.0,1.0,,,,,1.0,,,,1.0,7.0
2025,2,11140635,약수동,87,4.0,2.0,,1.0,12.0,2.0,,,,,,,,,,,,2.0,12.0
2025,2,11140645,청구동,34,2.0,,,,3.0,1.0,2.0,1.0,1.0,,,,,,,,,,5.0
2025,2,11140650,신당5동,65,4.0,2.0,,,5.0,,1.0,,2.0,,,,,,,,,,12.0
2025,2,11140665,동화동,47,3.0,1.0,,,5.0,,1.0,1.0,,,,,,,,,,2.0,4.0
2025,2,11140670,황학동,76,1.0,6.0,,,10.0,,,,,,,,,7.0,,,,,6.0
2025,2,11140680,중림동,77,3.0,2.0,,,7.0,,1.0,,2.0,1.0,,,,5.0,,,,,14.0
2025,2,11170510,후암동,80,6.0,1.0,,,7.0,1.0,2.0,,1.0,,,2.0,,,,,,,18.0
2025,2,11170520,용산2가동,63,3.0,,,,4.0,,1.0,2.0,2.0,,,,,,,,,1.0,29.0
2025,2,11170530,남영동,147,7.0,5.0,,,14.0,,,1.0,,,,,,12.0,,,,3.0,26.0
2025,2,11170555,청파동,128,7.0,2.0,,1.0,11.0,,2.0,2.0,4.0,22.0,,1.0,,1.0,,,,,35.0
2025,2,11170560,원효로1동,94,6.0,3.0,,,6.0,1.0,1.0,,,3.0,,4.0,,,,,,,31.0
2025,2,11170570,원효로2동,69,4.0,2.0,,,4.0,2.0,1.0,1.0,1.0,,,2.0,,,,,,,27.0
2025,2,11170580,효창동,66,1.0,1.0,,,5.0,,1.0,,1.0,1.0,,,,,,,,2.0,22.0
2025,2,11170590,용문동,54,1.0,,,,3.0,,,,,,,,,,,,,,22.0
2025,2,11170625,한강로동,242,19.0,19.0,,,21.0,,2.0,,1.0,,,5.0,3.0,2.0,,,,7.0,41.0
2025,2,11170630,이촌1동,102,4.0,9.0,,1.0,12.0,2.0,1.0,1.0,1.0,,,1.0,,,,,,,14.0
2025,2,11170640,이촌2동,26,2.0,,,,1.0,,,,,,,,,,,,,,11.0
2025,2,11170650,이태원1동,71,8.0,5.0,,,3.0,,1.0,,,,,3.0,,,,,,1.0,14.0
2025,2,11170660,이태원2동,60,8.0,5.0,,,3.0,1.0,1.0,,1.0,,,,,,,,,,22.0
2025,2,11170685,한남동,171,30.0,11.0,1.0,,13.0,3.0,1.0,,,,,3.0,,,,,,2.0,36.0
2025,2,11170690,서빙고동,61,15.0,1.0,,,1.0,,1.0,1.0,,,,,,,,,,1.0,21.0
2025,2,11170700,보광동,70,4.0,1.0,,,8.0,1.0,,1.0,1.0,6.0,,,,,,,,,14.0
2025,2,11200520,왕십리2동,63,2.0,,,,5.0,1.0,1.0,,,,,,,,,,,1.0,18.0
2025,2,11200535,왕십리도선동,189,4.0,4.0,,2.0,20.0,2.0,2.0,,2.0,,,,,,,,,,26.0
2025,2,11200540,마장동,111,6.0,5.0,,,8.0,2.0,2.0,2.0,,,,,,,,,,1.0,29.0
2025,2,11200550,사근동,128,5.0,3.0,1.0,,10.0,,2.0,1.0,2.0,52.0,,1.0,,,,,,2.0,34.0
2025,2,11200560,행당1동,130,9.0,4.0,,2.0,13.0,1.0,1.0,,,,,1.0,1.0,,,,,4.0,30.0
2025,2,11200570,행당2동,79,2.0,2.0,,,4.0,1.0,1.0,1.0,1.0,,,,,,,,,1.0,24.0
2025,2,11200580,응봉동,56,3.0,,,,2.0,,1.0,1.0,,,,,,,,,,1.0,30.0
2025,2,11200590,금호1가동,88,2.0,,,,6.0,1.0,1.0,,1.0,,,,,,,,,1.0,45.0
2025,2,11200615,금호2?3가동,135,3.0,2.0,,,13.0,,1.0,,,,,,,,,,,,46.0
2025,2,11200620,금호4가동,84,3.0,3.0,,,6.0,1.0,2.0,,,,,,,,,,,1.0,27.0
2025,2,11200645,옥수동,129,4.0,2.0,,,10.0,2.0,2.0,1.0,1.0,,,,,,,,,2.0,45.0
2025,2,11200650,성수1가1동,83,4.0,2.0,,,4.0,1.0,2.0,1.0,1.0,,,,1.0,,,,,1.0,33.0
2025,2,11200660,성수1가2동,79,3.0,6.0,,,6.0,,,1.0,1.0,1.0,,,,,,,,1.0,12.0
2025,2,11200670,성수2가1동,109,3.0,3.0,,,13.0,,1.0,2.0,1.0,,,2.0,,1.0,,,,,38.0
2025,2,11200690,성수2가3동,104,3.0,16.0,,,11.0,,2.0,,,,,,1.0,,,,,1.0,20.0
2025,2,11200720,송정동,44,2.0,,,1.0,5.0,,1.0,,,,,,,,,,,,17.0
2025,2,11200790,용답동,82,7.0,2.0,,,8.0,,1.0,,,,,1.0,,,,,,2.0,11.0
2025,2,11215710,화양동,167,3.0,5.0,1.0,,17.0,,2.0,2.0,1.0,34.0,,,1.0,,,,,2.0,16.0
2025,2,11215730,군자동,135,5.0,5.0,,1.0,12.0,1.0,2.0,,,20.0,,,1.0,,,,,,23.0
2025,2,11215740,중곡1동,74,2.0,,,,10.0,1.0,,,,,,1.0,,,,,,,19.0
2025,2,11215750,중곡2동,104,2.0,4.0,,,14.0,1.0,1.0,,,,,,,,,,,2.0,21.0
2025,2,11215760,중곡3동,97,3.0,1.0,,1.0,9.0,,2.0,,,,,1.0,,,,,,1.0,29.0
2025,2,11215770,중곡4동,105,2.0,2.0,,,7.0,,1.0,1.0,2.0,,,,,,,,,,37.0
2025,2,11215780,능동,47,4.0,,,1.0,5.0,,1.0,,1.0,,,,,,,,,1.0,5.0
2025,2,11215810,광장동,139,5.0,9.0,,,9.0,3.0,3.0,3.0,1.0,11.0,,,,,,,,1.0,32.0
2025,2,11215820,자양1동,106,3.0,4.0,1.0,,14.0,1.0,1.0,,,2.0,,,,,,,,,17.0
2025,2,11215830,자양2동,95,2.0,1.0,,,8.0,2.0,4.0,2.0,1.0,,,1.0,,,,,,,21.0
2025,2,11215840,자양3동,105,2.0,6.0,,,8.0,2.0,2.0,1.0,1.0,1.0,1.0,,1.0,,,,,,30.0
2025,2,11215847,자양4동,106,5.0,2.0,,1.0,15.0,1.0,,1.0,,,,1.0,1.0,,,,,1.0,16.0
2025,2,11215850,구의1동,77,2.0,4.0,,,9.0,1.0,,1.0,1.0,,,,,,,,,1.0,16.0
2025,2,11215860,구의2동,112,3.0,2.0,,1.0,9.0,3.0,2.0,,,1.0,,,,,,,,1.0,24.0
2025,2,11215870,구의3동,133,5.0,4.0,,,16.0,2.0,1.0,,,,,1.0,1.0,,,,1.0,1.0,25.0
2025,2,11230536,용신동,231,10.0,8.0,1.0,4.0,20.0,1.0,1.0,1.0,1.0,,,1.0,,5.0,,,,5.0,41.0
2025,2,11230545,제기동,288,4.0,5.0,,1.0,22.0,2.0,2.0,2.0,1.0,1.0,,3.0,,14.0,,,,1.0,30.0
2025,2,11230560,전농1동,152,5.0,2.0,,1.0,13.0,3.0,1.0,1.0,1.0,,,,1.0,5.0,,,,3.0,35.0
2025,2,11230570,전농2동,102,2.0,2.0,,,12.0,3.0,3.0,2.0,1.0,27.0,,,,,,,,,15.0
2025,2,11230600,답십리1동,124,4.0,5.0,,,9.0,,2.0,1.0,,,,,,,,,,,25.0
2025,2,11230610,답십리2동,108,3.0,2.0,,2.0,13.0,3.0,1.0,,,,,3.0,,,,,,,19.0
2025,2,11230650,장안1동,192,5.0,11.0,,4.0,26.0,2.0,2.0,2.0,,,,,,,,,,1.0,43.0
2025,2,11230660,장안2동,168,3.0,2.0,,2.0,21.0,1.0,2.0,,1.0,1.0,,,1.0,1.0,,,,,38.0
2025,2,11230705,청량리동,154,9.0,4.0,1.0,,16.0,2.0,1.0,1.0,1.0,1.0,,,,2.0,,,,,34.0
2025,2,11230710,회기동,84,3.0,5.0,1.0,,10.0,1.0,3.0,1.0,1.0,14.0,,,,,,,,,10.0
2025,2,11230720,휘경1동,82,2.0,1.0,,,12.0,,,,,,,,,1.0,,,,3.0,18.0
2025,2,11230730,휘경2동,84,5.0,1.0,1.0,,5.0,1.0,2.0,3.0,3.0,4.0,,,,,,,,,27.0
2025,2,11230740,이문1동,147,5.0,2.0,,,13.0,3.0,,,2.0,30.0,,,,,,,,1.0,26.0
2025,2,11230750,이문2동,71,2.0,,,,6.0,1.0,1.0,,,2.0,,,,,,,,1.0,17.0
2025,2,11260520,면목2동,112,3.0,,,1.0,11.0,2.0,2.0,,,,,8.0,,1.0,,,,,25.0
2025,2,11260540,면목4동,61,2.0,,,,5.0,1.0,1.0,1.0,,,,,,,,,,1.0,15.0
2025,2,11260550,면목5동,42,2.0,1.0,,,3.0,,,,,,,4.0,,,,,,,13.0
2025,2,11260565,면목본동,168,4.0,2.0,,,18.0,1.0,2.0,,,,,13.0,,1.0,,,,1.0,30.0
2025,2,11260570,면목7동,108,2.0,2.0,,1.0,11.0,,1.0,,,,,1.0,,,,,,,18.0
2025,2,11260575,면목3?8동,150,4.0,1.0,1.0,,17.0,1.0,2.0,2.0,1.0,8.0,,,,1.0,,,,1.0,34.0
2025,2,11260580,상봉1동,78,3.0,1.0,,1.0,8.0,2.0,1.0,2.0,1.0,,,,,,,,,4.0,12.0
2025,2,11260590,상봉2동,127,4.0,3.0,,1.0,10.0,,,,,,,,2.0,2.0,,,1.0,1.0,18.0
2025,2,11260600,중화1동,79,2.0,1.0,,1.0,7.0,1.0,2.0,2.0,1.0,,,,,,,,,,14.0
2025,2,11260610,중화2동,123,2.0,3.0,,,14.0,,,,,,,2.0,,,,,,3.0,32.0
2025,2,11260620,묵1동,144,4.0,2.0,,2.0,11.0,2.0,1.0,2.0,2.0,,,,,,,,,,34.0
2025,2,11260630,묵2동,92,3.0,4.0,,,7.0,,2.0,,,,,,1.0,,,,,1.0,19.0
2025,2,11260655,망우본동,238,9.0,4.0,1.0,4.0,25.0,1.0,2.0,3.0,4.0,,,9.0,,2.0,,,,2.0,54.0
2025,2,11260660,망우3동,54,1.0,1.0,,1.0,3.0,,2.0,,1.0,,,3.0,,,,,,,11.0
2025,2,11260680,신내1동,160,3.0,2.0,1.0,,13.0,2.0,2.0,,,,,,,,,,,1.0,53.0
2025,2,11260690,신내2동,104,6.0,3.0,,,12.0,3.0,4.0,,,,,,,,,,,,21.0
2025,2,11290525,성북동,166,6.0,4.0,,,6.0,2.0,1.0,3.0,2.0,5.0,,,,,,,,,55.0
2025,2,11290555,삼선동,163,7.0,5.0,,,14.0,,1.0,1.0,2.0,14.0,,,,,,,,2.0,46.0
2025,2,11290575,동선동,146,1.0,4.0,,1.0,13.0,1.0,2.0,2.0,1.0,12.0,,,1.0,,,,,1.0,19.0
2025,2,11290580,돈암1동,42,1.0,,,,2.0,2.0,2.0,2.0,1.0,,,,,,,,,,15.0
2025,2,11290590,돈암2동,88,4.0,2.0,,,4.0,6.0,1.0,,,,,,1.0,,,,,,38.0
2025,2,11290600,안암동,167,4.0,6.0,1.0,1.0,10.0,,1.0,1.0,1.0,71.0,,,,,,,,1.0,35.0
2025,2,11290610,보문동,77,4.0,4.0,,,6.0,,2.0,,,,,,,1.0,,,,2.0,10.0
2025,2,11290620,정릉1동,63,2.0,,,,6.0,2.0,,,,1.0,,,,,,,,,19.0
2025,2,11290630,정릉2동,110,4.0,3.0,,,6.0,1.0,2.0,,,,,,,,,,,1.0,50.0
2025,2,11290640,정릉3동,124,4.0,1.0,,,2.0,,1.0,3.0,1.0,28.0,,,,,,,,,38.0
2025,2,11290650,정릉4동,133,7.0,3.0,,,12.0,2.0,1.0,,2.0,11.0,,,,,,,,1.0,40.0
2025,2,11290660,길음1동,129,3.0,4.0,,,10.0,2.0,3.0,1.0,1.0,,,1.0,,,,,,1.0,26.0
2025,2,11290685,길음2동,112,5.0,,,3.0,14.0,,,,,,,,,,,,,,23.0
2025,2,11290705,종암동,189,7.0,2.0,,1.0,17.0,3.0,2.0,2.0,1.0,2.0,,,,,,,,,56.0
2025,2,11290715,월곡1동,108,2.0,3.0,,,10.0,,2.0,1.0,1.0,,,,,1.0,,,,,30.0
2025,2,11290725,월곡2동,135,6.0,4.0,,,12.0,2.0,,1.0,,12.0,,,,,,,,2.0,34.0
2025,2,11290760,장위1동,103,4.0,1.0,,,8.0,6.0,1.0,1.0,,,,,,,,,,,37.0
2025,2,11290770,장위2동,89,3.0,2.0,,,11.0,1.0,3.0,,,,,,,,,,,1.0,27.0
2025,2,11290780,장위3동,82,1.0,,,,5.0,1.0,2.0,1.0,,1.0,,1.0,,,,,,,39.0
2025,2,11290810,석관동,154,6.0,3.0,,,16.0,2.0,2.0,1.0,1.0,,,1.0,,2.0,,,,2.0,32.0
2025,2,11305534,삼양동,165,4.0,1.0,,,14.0,3.0,2.0,,1.0,,,,,,,,,3.0,34.0
2025,2,11305535,미아동,144,3.0,3.0,,1.0,14.0,,,,1.0,4.0,,,,,,,,1.0,28.0
2025,2,11305545,송중동,212,4.0,1.0,,2.0,18.0,4.0,2.0,,1.0,2.0,1.0,,1.0,,,,,,69.0
2025,2,11305555,송천동,164,9.0,5.0,,1.0,17.0,,1.0,2.0,2.0,,,2.0,,,,,,1.0,24.0
2025,2,11305575,삼각산동,114,2.0,1.0,,,9.0,1.0,,1.0,1.0,1.0,,,,,,,,,36.0
2025,2,11305595,번1동,136,3.0,3.0,,1.0,14.0,1.0,1.0,1.0,,,,,1.0,,,,,,30.0
2025,2,11305603,번2동,110,5.0,,,,7.0,1.0,,1.0,,,,,,1.0,,,,,54.0
2025,2,11305608,번3동,95,3.0,1.0,,,8.0,,2.0,,,,,,,,,,,,37.0
2025,2,11305615,수유1동,153,4.0,2.0,,,12.0,,2.0,3.0,1.0,,,1.0,,,,,,1.0,40.0
2025,2,11305625,수유2동,85,3.0,,,,12.0,3.0,,,,,,,,,,,,1.0,15.0
2025,2,11305635,수유3동,158,4.0,6.0,,1.0,16.0,,,1.0,,,,,1.0,,,,,1.0,30.0
2025,2,11305645,우이동,132,2.0,,,,7.0,1.0,,1.0,,2.0,,,,,,,,3.0,54.0
2025,2,11305660,인수동,175,13.0,2.0,1.0,2.0,14.0,2.0,2.0,2.0,,5.0,,1.0,,,,,,,57.0
2025,2,11320511,창1동,94,3.0,2.0,,,7.0,1.0,1.0,2.0,1.0,,,,,,,,,1.0,28.0
2025,2,11320512,창2동,95,3.0,,,1.0,8.0,1.0,1.0,,,,,,,,,,,,44.0
2025,2,11320513,창3동,66,1.0,,,,7.0,1.0,2.0,,,,,1.0,,,,,,,25.0
2025,2,11320514,창4동,130,7.0,4.0,,,8.0,1.0,2.0,1.0,2.0,,,,,,,,,,51.0
2025,2,11320515,창5동,119,7.0,3.0,,3.0,12.0,1.0,3.0,,,,,,2.0,,,,,2.0,24.0
2025,2,11320521,도봉1동,122,4.0,1.0,,,9.0,2.0,2.0,1.0,1.0,2.0,,1.0,,,,,,,38.0
2025,2,11320522,도봉2동,127,8.0,3.0,,,7.0,1.0,1.0,1.0,1.0,1.0,,,,1.0,,,,3.0,49.0
2025,2,11320660,쌍문1동,126,6.0,1.0,,1.0,4.0,1.0,3.0,,1.0,17.0,,,,,,,,,54.0
2025,2,11320670,쌍문2동,87,3.0,1.0,,1.0,10.0,1.0,1.0,1.0,,,,,,2.0,,,,,19.0
2025,2,11320680,쌍문3동,78,3.0,3.0,1.0,,12.0,,,1.0,,,,,,1.0,,,,1.0,17.0
2025,2,11320681,쌍문4동,64,1.0,,,,4.0,5.0,2.0,2.0,3.0,,,,,,,,,,23.0
2025,2,11320690,방학1동,148,6.0,6.0,,2.0,15.0,2.0,1.0,1.0,1.0,,,,,,,,,1.0,39.0
2025,2,11320700,방학2동,64,3.0,,,,7.0,,1.0,1.0,,,,,,,,,,,23.0
2025,2,11320710,방학3동,112,3.0,3.0,,,6.0,3.0,3.0,1.0,,,,,,,,,,,47.0
2025,2,11350560,월계1동,159,4.0,2.0,,,10.0,2.0,1.0,1.0,1.0,17.0,,,,,,,,,59.0
2025,2,11350570,월계2동,136,4.0,,,,5.0,3.0,2.0,3.0,4.0,11.0,,,,,,,,1.0,64.0
2025,2,11350580,월계3동,135,5.0,3.0,,,8.0,4.0,3.0,1.0,,,,,,,,,,2.0,47.0
2025,2,11350595,공릉1동,211,4.0,6.0,,4.0,21.0,3.0,3.0,,,1.0,,1.0,,,,,,3.0,54.0
2025,2,11350600,공릉2동,271,7.0,6.0,1.0,,14.0,3.0,4.0,4.0,2.0,64.0,,1.0,,,,,,1.0,63.0
2025,2,11350611,하계1동,133,4.0,3.0,1.0,,9.0,1.0,1.0,2.0,4.0,16.0,,,,,,,,,41.0
2025,2,11350612,하계2동,67,2.0,1.0,,,4.0,2.0,2.0,1.0,,,,,,,,,,1.0,28.0
2025,2,11350619,중계본동,95,5.0,2.0,,,7.0,3.0,2.0,,3.0,,,,,,,,,,21.0
2025,2,11350621,중계1동,85,2.0,3.0,,,7.0,,2.0,1.0,2.0,,,,,,,,,,18.0
2025,2,11350624,중계4동,81,2.0,3.0,,,14.0,1.0,1.0,3.0,2.0,,,,,,,,,,6.0
2025,2,11350625,중계2?3동,142,7.0,2.0,,,10.0,4.0,4.0,1.0,3.0,,,,2.0,,,,,1.0,39.0
2025,2,11350630,상계1동,190,5.0,2.0,,,14.0,3.0,3.0,2.0,1.0,,,,1.0,,,,,1.0,38.0
2025,2,11350640,상계2동,182,2.0,1.0,,2.0,19.0,1.0,1.0,1.0,,,,,1.0,,,,,2.0,33.0
2025,2,11350665,상계3?4동,107,4.0,1.0,,,9.0,3.0,2.0,,,1.0,,,,2.0,,,,1.0,11.0
2025,2,11350670,상계5동,105,2.0,1.0,,,11.0,,1.0,,,,,,,3.0,,,,1.0,36.0
2025,2,11350695,상계6?7동,253,9.0,11.0,1.0,1.0,29.0,,3.0,2.0,1.0,4.0,,,1.0,,,,,,40.0
2025,2,11350700,상계8동,92,3.0,3.0,,,7.0,,,1.0,,,,,,,,,,1.0,15.0
2025,2,11350710,상계9동,78,3.0,4.0,,,6.0,1.0,3.0,2.0,2.0,,,,,,,,,,18.0
2025,2,11350720,상계10동,64,3.0,,,,1.0,1.0,2.0,1.0,1.0,,,,,,,,,,30.0
2025,2,11380510,녹번동,148,8.0,3.0,,2.0,12.0,1.0,3.0,,,,,1.0,1.0,,,,,2.0,35.0
2025,2,11380520,불광1동,198,6.0,4.0,,1.0,17.0,4.0,2.0,,,,,,1.0,,,,,3.0,49.0
2025,2,11380530,불광2동,113,6.0,1.0,,,5.0,,3.0,3.0,1.0,,,3.0,,,,,,,32.0
2025,2,11380551,갈현1동,133,2.0,2.0,1.0,,13.0,1.0,,,,,,,,,,,,2.0,48.0
2025,2,11380552,갈현2동,121,3.0,1.0,,1.0,15.0,5.0,2.0,1.0,5.0,,,,,,,,,1.0,34.0
2025,2,11380560,구산동,127,3.0,,,1.0,8.0,3.0,3.0,2.0,3.0,,,,,,,,,,38.0
2025,2,11380570,대조동,205,3.0,5.0,,1.0,24.0,,2.0,,2.0,,,,1.0,,,,,,32.0
2025,2,11380580,응암1동,133,5.0,5.0,,1.0,20.0,1.0,1.0,1.0,1.0,,,,,,,,,,27.0
2025,2,11380590,응암2동,91,3.0,1.0,,1.0,10.0,2.0,1.0,,,,,,,,,,,,37.0
2025,2,11380600,응암3동,138,3.0,3.0,,1.0,16.0,1.0,1.0,2.0,1.0,,,2.0,,,,,,,31.0
2025,2,11380625,역촌동,176,5.0,5.0,,2.0,18.0,2.0,1.0,,,,,,,,,,,,51.0
2025,2,11380631,신사1동,94,3.0,,,,8.0,3.0,,1.0,,5.0,,,,,,,,1.0,22.0
2025,2,11380632,신사2동,82,4.0,,,,5.0,,3.0,1.0,1.0,,,,,,,,,1.0,35.0
2025,2,11380640,증산동,83,3.0,,,,8.0,1.0,1.0,2.0,,,,2.0,,,,,,1.0,16.0
2025,2,11380650,수색동,60,5.0,2.0,,,5.0,1.0,1.0,,,,,2.0,,,,,,1.0,22.0
2025,2,11380690,진관동,242,6.0,6.0,,,22.0,6.0,6.0,2.0,4.0,,,,1.0,,,,,1.0,81.0
2025,2,11410520,천연동,127,4.0,1.0,,,4.0,,1.0,1.0,1.0,11.0,,,,1.0,,,,,44.0
2025,2,11410555,북아현동,76,2.0,2.0,,1.0,7.0,1.0,1.0,,1.0,,,,,,,,,,17.0
2025,2,11410565,충현동,184,9.0,8.0,,,7.0,1.0,3.0,1.0,2.0,24.0,,,,,,,,3.0,58.0
2025,2,11410585,신촌동,368,6.0,10.0,1.0,,22.0,1.0,3.0,1.0,1.0,109.0,1.0,,4.0,3.0,,,,2.0,60.0
2025,2,11410615,연희동,201,7.0,7.0,,1.0,16.0,,1.0,3.0,1.0,13.0,,,1.0,1.0,,,,,70.0
2025,2,11410620,홍제1동,135,3.0,2.0,,,10.0,2.0,2.0,,,1.0,,,,1.0,,,,1.0,40.0
2025,2,11410640,홍제3동,129,3.0,3.0,,2.0,14.0,1.0,2.0,1.0,,3.0,,4.0,,6.0,,,,1.0,46.0
2025,2,11410655,홍제2동,56,1.0,,,,6.0,3.0,,,,,,,,1.0,,,,,15.0
2025,2,11410660,홍은1동,86,3.0,,,,7.0,1.0,1.0,,,,,,,1.0,,,,,32.0
2025,2,11410685,홍은2동,161,4.0,2.0,1.0,,8.0,,2.0,3.0,1.0,12.0,,,,,,,,,83.0
2025,2,11410690,남가좌1동,94,2.0,3.0,,1.0,9.0,,1.0,,,,,1.0,,1.0,,,,1.0,20.0
2025,2,11410700,남가좌2동,117,4.0,4.0,,,12.0,4.0,1.0,1.0,,8.0,,,,,,,,,24.0
2025,2,11410710,북가좌1동,60,1.0,2.0,,,5.0,2.0,1.0,1.0,1.0,,,,,,,,,,13.0
2025,2,11410720,북가좌2동,115,3.0,3.0,,,12.0,2.0,,,,,,,,,,,,,39.0
2025,2,11440555,아현동,145,5.0,8.0,,,16.0,1.0,1.0,1.0,1.0,,,,,1.0,,,,2.0,23.0
2025,2,11440565,공덕동,172,7.0,9.0,,,21.0,1.0,3.0,,,,,2.0,,,,,,4.0,39.0
2025,2,11440585,도화동,144,4.0,7.0,,,15.0,2.0,1.0,,,,,,1.0,1.0,,,,1.0,38.0
2025,2,11440590,용강동,90,7.0,6.0,,1.0,10.0,2.0,1.0,,,,,,,,,,,1.0,24.0
2025,2,11440600,대흥동,209,5.0,5.0,,,18.0,,3.0,1.0,1.0,27.0,,,,3.0,,,,3.0,38.0
2025,2,11440610,염리동,52,3.0,1.0,,,3.0,1.0,1.0,2.0,3.0,,,,,2.0,,,,,10.0
2025,2,11440630,신수동,76,4.0,1.0,,1.0,5.0,1.0,1.0,1.0,1.0,,,,,,,,,,24.0
2025,2,11440655,서강동,156,6.0,4.0,,,7.0,1.0,1.0,,,20.0,,,,,,,,2.0,64.0
2025,2,11440660,서교동,358,13.0,22.0,,,31.0,1.0,1.0,,,2.0,,,5.0,3.0,,,,7.0,88.0
2025,2,11440680,합정동,109,4.0,3.0,,,10.0,1.0,1.0,1.0,,,,,,,,,,,32.0
2025,2,11440690,망원1동,95,2.0,2.0,,,11.0,,,,,,,,,1.0,,,,,23.0
2025,2,11440700,망원2동,83,4.0,1.0,,,6.0,1.0,2.0,,,,,,,,,,,,33.0
2025,2,11440710,연남동,52,2.0,1.0,,,2.0,1.0,,1.0,2.0,,,,,,,,,,23.0
2025,2,11440720,성산1동,86,4.0,2.0,,,5.0,1.0,2.0,2.0,1.0,1.0,,,,1.0,,,,,29.0
2025,2,11440730,성산2동,158,6.0,3.0,,,13.0,2.0,3.0,2.0,,,,1.0,1.0,,,,,2.0,47.0
2025,2,11440740,상암동,247,10.0,11.0,,,14.0,3.0,3.0,1.0,1.0,,,1.0,,,,,,4.0,104.0
2025,2,11470510,목1동,190,5.0,12.0,,1.0,21.0,1.0,1.0,1.0,1.0,2.0,,,2.0,,,,,2.0,29.0
2025,2,11470520,목2동,97,3.0,2.0,,1.0,13.0,3.0,1.0,,,,,,,1.0,,,,1.0,18.0
2025,2,11470530,목3동,96,3.0,4.0,,,11.0,1.0,,1.0,,,,,,,,,,,7.0
2025,2,11470540,목4동,84,3.0,3.0,,,9.0,1.0,1.0,1.0,1.0,,,,,,,,,,14.0
2025,2,11470550,목5동,143,8.0,9.0,1.0,,12.0,4.0,3.0,2.0,2.0,,,,,,,,,,52.0
2025,2,11470560,신월1동,71,3.0,3.0,,,12.0,1.0,,,,,,,,,,,,,9.0
2025,2,11470570,신월2동,65,3.0,1.0,,,6.0,1.0,2.0,2.0,,,,,,,,,,,12.0
2025,2,11470580,신월3동,70,2.0,1.0,,,7.0,1.0,1.0,2.0,3.0,,,,,,,,,,8.0
2025,2,11470590,신월4동,63,2.0,1.0,,,6.0,3.0,1.0,,,,,,,,,,,,11.0
2025,2,11470600,신월5동,54,3.0,,,1.0,3.0,2.0,1.0,2.0,,,,,,,,,,,12.0
2025,2,11470610,신월6동,47,1.0,2.0,,1.0,5.0,1.0,1.0,1.0,,,,,,,,,,,15.0
2025,2,11470611,신월7동,74,6.0,1.0,,,10.0,2.0,,1.0,,,,,,,,,,,21.0
2025,2,11470620,신정1동,94,7.0,3.0,,,9.0,2.0,2.0,1.0,,,,,,,,,,,26.0
2025,2,11470630,신정2동,71,3.0,1.0,,,7.0,1.0,2.0,1.0,,,,,,,,,,,20.0
2025,2,11470640,신정3동,203,4.0,1.0,,,15.0,1.0,3.0,1.0,4.0,,,,,,,,,1.0,81.0
2025,2,11470650,신정4동,161,3.0,8.0,1.0,1.0,16.0,3.0,2.0,,2.0,,,,,,,,,1.0,18.0
2025,2,11470670,신정6동,72,7.0,6.0,,,2.0,2.0,,1.0,1.0,,,,,,,,,,31.0
2025,2,11470680,신정7동,107,3.0,2.0,,,8.0,3.0,3.0,1.0,1.0,,,,,,,,,1.0,30.0
2025,2,11500510,염창동,147,5.0,3.0,,1.0,15.0,,2.0,2.0,,,,,,,,,,2.0,35.0
2025,2,11500520,등촌1동,95,1.0,5.0,,1.0,10.0,,1.0,,,,,,1.0,,,,,,20.0
2025,2,11500530,등촌2동,58,3.0,,,1.0,6.0,2.0,2.0,2.0,2.0,,,,,,,,,,8.0
2025,2,11500535,등촌3동,184,6.0,3.0,1.0,2.0,18.0,2.0,5.0,2.0,4.0,,,,1.0,,,,,,55.0
2025,2,11500540,화곡1동,226,3.0,2.0,,2.0,26.0,,2.0,1.0,,,,,1.0,,,,,2.0,27.0
2025,2,11500550,화곡2동,65,2.0,,,,3.0,2.0,1.0,,,,,,,,,,,,30.0
2025,2,11500560,화곡3동,87,4.0,3.0,,,8.0,2.0,,,,,,,,,,,,,12.0
2025,2,11500570,화곡4동,101,4.0,2.0,,,14.0,3.0,1.0,,2.0,,,,,,,,,,30.0
2025,2,11500590,화곡본동,145,3.0,,,1.0,11.0,1.0,2.0,,,,,,,,,,,,31.0
2025,2,11500591,화곡6동,118,7.0,5.0,,,8.0,2.0,1.0,,,9.0,,,,,,,,,29.0
2025,2,11500593,화곡8동,95,2.0,3.0,,,8.0,1.0,,,,,,,,,,,,1.0,33.0
2025,2,11500603,가양1동,279,5.0,13.0,,,20.0,3.0,1.0,1.0,1.0,,,,1.0,2.0,,,,5.0,69.0
2025,2,11500604,가양2동,75,4.0,3.0,,,7.0,3.0,1.0,1.0,1.0,,,,,,,,,1.0,14.0
2025,2,11500605,가양3동,52,3.0,,,,4.0,3.0,2.0,1.0,1.0,,,,,,,,,1.0,13.0
2025,2,11500611,발산1동,246,3.0,9.0,1.0,2.0,33.0,2.0,3.0,4.0,8.0,,,1.0,,,,,,,63.0
2025,2,11500615,우장산동,158,4.0,4.0,,3.0,12.0,3.0,2.0,,,5.0,,,,,,,,1.0,33.0
2025,2,11500620,공항동,176,6.0,7.0,1.0,,11.0,1.0,2.0,2.0,,4.0,,,,,21.0,,,2.0,39.0
2025,2,11500630,방화1동,200,2.0,3.0,,2.0,21.0,4.0,3.0,1.0,3.0,,,,,1.0,,,,1.0,46.0
2025,2,11500640,방화2동,124,4.0,,,,7.0,3.0,1.0,1.0,,,,2.0,1.0,,4.0,,,5.0,37.0
2025,2,11500641,방화3동,83,5.0,1.0,,,5.0,2.0,3.0,2.0,1.0,1.0,,,,,,,,1.0,22.0
2025,2,11530510,신도림동,168,5.0,4.0,,,12.0,2.0,1.0,1.0,1.0,1.0,,2.0,1.0,1.0,,,,3.0,43.0
2025,2,11530520,구로1동,88,4.0,1.0,,,5.0,3.0,1.0,1.0,1.0,,,4.0,,,,,,,25.0
2025,2,11530530,구로2동,197,6.0,12.0,1.0,1.0,21.0,1.0,1.0,,1.0,,,7.0,,16.0,,,,1.0,48.0
2025,2,11530540,구로3동,187,7.0,18.0,,,15.0,1.0,2.0,1.0,,,,,,5.0,,,,2.0,47.0
2025,2,11530550,구로4동,139,5.0,3.0,,,15.0,2.0,1.0,1.0,,,,1.0,,19.0,,,,,13.0
2025,2,11530560,구로5동,167,5.0,4.0,,2.0,18.0,,3.0,1.0,1.0,2.0,1.0,,3.0,,,,,1.0,49.0
2025,2,11530595,가리봉동,74,,,,,6.0,,1.0,,1.0,,,,,23.0,,,,,8.0
2025,2,11530720,고척1동,135,5.0,4.0,1.0,1.0,9.0,,3.0,1.0,1.0,12.0,,8.0,,4.0,,,,,31.0
2025,2,11530730,고척2동,128,5.0,2.0,,1.0,11.0,,2.0,1.0,1.0,,,,,,,,,,40.0
2025,2,11530740,개봉1동,163,5.0,3.0,,1.0,11.0,2.0,1.0,2.0,,4.0,,1.0,,,,,,1.0,57.0
2025,2,11530750,개봉2동,116,3.0,3.0,,,10.0,2.0,,,,,,1.0,1.0,,,,,,26.0
2025,2,11530760,개봉3동,81,3.0,2.0,,,9.0,1.0,3.0,1.0,,,,1.0,1.0,,,,,,23.0
2025,2,11530770,오류1동,122,5.0,4.0,,,11.0,3.0,1.0,,,,,,,,,,,1.0,22.0
2025,2,11530780,오류2동,209,3.0,1.0,,1.0,9.0,6.0,3.0,2.0,1.0,,,,,,,,,1.0,86.0
2025,2,11530790,수궁동,154,3.0,1.0,,,5.0,2.0,1.0,1.0,6.0,,,1.0,,,,,,3.0,69.0
2025,2,11530800,항동,64,1.0,,,,2.0,1.0,1.0,,,10.0,,,,,,,,,37.0
2025,2,11545510,가산동,304,10.0,25.0,,1.0,21.0,2.0,,,,,,,1.0,17.0,,,,3.0,111.0
2025,2,11545610,독산1동,217,3.0,6.0,,2.0,17.0,2.0,4.0,3.0,,,,,1.0,3.0,,,,,74.0
2025,2,11545620,독산2동,73,2.0,1.0,,,8.0,,2.0,,,1.0,,,,,,,,,11.0
2025,2,11545630,독산3동,119,4.0,4.0,,,14.0,2.0,2.0,2.0,1.0,,,1.0,,,,,,,29.0
2025,2,11545640,독산4동,64,5.0,2.0,,1.0,4.0,,1.0,,,,,,,,,,,,16.0
2025,2,11545670,시흥1동,223,9.0,7.0,1.0,2.0,25.0,2.0,3.0,1.0,1.0,,,,,3.0,,,,1.0,52.0
2025,2,11545680,시흥2동,76,2.0,,,,3.0,2.0,3.0,1.0,2.0,,,,,,,,,,30.0
2025,2,11545690,시흥3동,66,3.0,3.0,,,5.0,,1.0,1.0,1.0,,,,,1.0,,,,,21.0
2025,2,11545700,시흥4동,72,1.0,1.0,,,6.0,,1.0,1.0,,,,,,,,,,,27.0
2025,2,11545710,시흥5동,106,3.0,,,,16.0,2.0,3.0,,,,,,,,,,,,37.0
2025,2,11560515,영등포본동,94,4.0,,,,10.0,2.0,2.0,1.0,2.0,,,,1.0,2.0,,,,1.0,23.0
2025,2,11560535,영등포동,325,10.0,17.0,2.0,2.0,37.0,,1.0,,,1.0,,,1.0,16.0,,,,1.0,41.0
2025,2,11560540,여의동,399,23.0,70.0,1.0,,44.0,,2.0,2.0,2.0,,,,1.0,,,,,5.0,61.0
2025,2,11560550,당산1동,131,6.0,5.0,,1.0,8.0,1.0,,,,,,,,12.0,,,,2.0,23.0
2025,2,11560560,당산2동,192,6.0,4.0,,,20.0,3.0,2.0,2.0,,,,,,,,,,2.0,46.0
2025,2,11560585,도림동,66,2.0,,,,6.0,2.0,,,,,,,,,,,,,28.0
2025,2,11560605,문래동,185,8.0,9.0,,,17.0,,3.0,2.0,,,,,,2.0,,,,1.0,56.0
2025,2,11560610,양평1동,87,5.0,3.0,,1.0,6.0,,1.0,,1.0,,,,,1.0,,,,1.0,22.0
2025,2,11560620,양평2동,131,8.0,6.0,,,7.0,1.0,2.0,1.0,2.0,,,,,3.0,,,,1.0,35.0
2025,2,11560630,신길1동,85,1.0,2.0,1.0,1.0,13.0,,1.0,,,,,,,4.0,,,,2.0,25.0
2025,2,11560650,신길3동,102,3.0,5.0,,1.0,12.0,3.0,1.0,,,,,,,2.0,,,,,32.0
2025,2,11560660,신길4동,43,1.0,1.0,,,2.0,2.0,1.0,,,,,,,,,,,,13.0
2025,2,11560670,신길5동,66,3.0,,,,,1.0,1.0,1.0,1.0,,,,,5.0,,,,,31.0
2025,2,11560680,신길6동,123,4.0,1.0,,1.0,14.0,1.0,1.0,,1.0,,,1.0,,2.0,,,,1.0,29.0
2025,2,11560690,신길7동,78,5.0,1.0,,,7.0,1.0,1.0,,,,,,,1.0,,,,1.0,32.0
2025,2,11560700,대림1동,81,2.0,4.0,2.0,,18.0,,1.0,1.0,,,,2.0,,3.0,,,,,16.0
2025,2,11560710,대림2동,86,4.0,2.0,1.0,,16.0,,2.0,,,1.0,,,,1.0,,,,,13.0
2025,2,11560720,대림3동,126,2.0,7.0,,1.0,11.0,3.0,2.0,1.0,,2.0,,1.0,,,,,,2.0,46.0
2025,2,11590510,노량진1동,180,5.0,4.0,,,14.0,2.0,3.0,1.0,,1.0,,,,2.0,,,,3.0,57.0
2025,2,11590520,노량진2동,72,5.0,4.0,,1.0,14.0,1.0,,,,,,,,1.0,,,,,14.0
2025,2,11590530,상도1동,201,5.0,4.0,,1.0,16.0,2.0,2.0,1.0,,23.0,,,,,,,,2.0,47.0
2025,2,11590540,상도2동,154,6.0,3.0,,,16.0,1.0,1.0,1.0,,,,1.0,,1.0,,,,1.0,41.0
2025,2,11590550,상도3동,113,2.0,2.0,,,11.0,,,1.0,,,,1.0,,,,,,,36.0
2025,2,11590560,상도4동,112,3.0,1.0,,1.0,11.0,4.0,1.0,1.0,,,,,1.0,,,,,,36.0
2025,2,11590605,흑석동,195,6.0,6.0,1.0,,24.0,5.0,3.0,2.0,,16.0,,,,1.0,,,,1.0,50.0
2025,2,11590620,사당1동,126,4.0,6.0,,2.0,12.0,1.0,1.0,,,1.0,,,1.0,1.0,,,,2.0,13.0
2025,2,11590630,사당2동,179,3.0,2.0,,,14.0,,1.0,1.0,2.0,,,,,2.0,,,,4.0,36.0
2025,2,11590640,사당3동,88,3.0,1.0,,,5.0,,2.0,1.0,,3.0,,1.0,,,,,,1.0,30.0
2025,2,11590650,사당4동,62,2.0,1.0,,,6.0,,,1.0,,,,1.0,,,,,,,4.0
2025,2,11590651,사당5동,61,4.0,,,,3.0,1.0,2.0,1.0,1.0,,,,,,,,,,28.0
2025,2,11590660,대방동,199,5.0,5.0,,,16.0,3.0,3.0,4.0,4.0,,,,,,,,,2.0,61.0
2025,2,11590670,신대방1동,83,3.0,1.0,,,10.0,3.0,1.0,1.0,,1.0,,,,,,,,1.0,15.0
2025,2,11590680,신대방2동,109,7.0,7.0,1.0,,16.0,,1.0,1.0,1.0,,,,,,,,,,29.0
2025,2,11620525,보라매동,83,1.0,1.0,,,5.0,,1.0,1.0,1.0,,,,,,,,,,25.0
2025,2,11620545,청림동,50,2.0,,,,4.0,2.0,,,,,,,,2.0,,,,,7.0
2025,2,11620565,성현동,104,4.0,,,,6.0,3.0,2.0,1.0,1.0,,,,,,,,,,38.0
2025,2,11620575,행운동,111,3.0,3.0,1.0,2.0,12.0,1.0,2.0,2.0,1.0,,,,,,,,,,15.0
2025,2,11620585,낙성대동,148,2.0,3.0,,,10.0,,1.0,,,37.0,,,,2.0,,,,,37.0
2025,2,11620595,청룡동,147,5.0,6.0,,1.0,23.0,,2.0,2.0,3.0,,,1.0,1.0,1.0,,,,1.0,15.0
2025,2,11620605,은천동,123,6.0,,,,9.0,3.0,1.0,,1.0,,,,,,,,,,43.0
2025,2,11620615,중앙동,83,1.0,3.0,,1.0,14.0,,1.0,,,,,,,,,,,1.0,12.0
2025,2,11620625,인헌동,105,2.0,5.0,,,14.0,1.0,,1.0,1.0,,,2.0,,,,,,1.0,23.0
2025,2,11620630,남현동,70,3.0,1.0,,,6.0,1.0,1.0,,,1.0,,,,,,,,,6.0
2025,2,11620645,서원동,94,3.0,1.0,1.0,1.0,9.0,,,1.0,,,,,1.0,,,,,,27.0
2025,2,11620655,신원동,54,6.0,1.0,,,7.0,,1.0,,,1.0,,,,,,,,,10.0
2025,2,11620665,서림동,74,2.0,,,,5.0,1.0,1.0,1.0,,,,,,,,,,,34.0
2025,2,11620685,신사동,79,3.0,2.0,,1.0,10.0,1.0,1.0,,,1.0,,1.0,,,,,,,21.0
2025,2,11620695,신림동,168,2.0,3.0,,,17.0,,,,,,,,,4.0,,,,1.0,16.0
2025,2,11620715,난향동,68,1.0,,,,5.0,,1.0,,,,,,,,,,,,34.0
2025,2,11620725,조원동,96,3.0,1.0,,1.0,12.0,,1.0,,,,,1.0,,,,,,,30.0
2025,2,11620735,대학동,283,5.0,6.0,,,11.0,,1.0,1.0,2.0,140.0,,,,,,,,,73.0
2025,2,11620745,삼성동,94,3.0,,,,7.0,,2.0,,1.0,,,,,3.0,,,,,44.0
2025,2,11620765,미성동,126,3.0,3.0,,1.0,11.0,1.0,2.0,2.0,2.0,,,,,1.0,,,,,44.0
2025,2,11620775,난곡동,95,2.0,1.0,,,11.0,2.0,1.0,2.0,1.0,,,1.0,,,,,,,28.0
2025,2,11650510,서초1동,194,4.0,10.0,,1.0,14.0,,2.0,,,13.0,,,,,,,,2.0,38.0
2025,2,11650520,서초2동,217,8.0,26.0,,,24.0,,1.0,1.0,1.0,,,,,1.0,,,,2.0,47.0
2025,2,11650530,서초3동,332,25.0,30.0,,3.0,30.0,1.0,1.0,1.0,3.0,2.0,,,,,,,1.0,2.0,77.0
2025,2,11650531,서초4동,257,2.0,13.0,,1.0,31.0,2.0,2.0,1.0,,,,,1.0,,,,,,36.0
2025,2,11650540,잠원동,135,3.0,8.0,,,13.0,1.0,1.0,1.0,,,,,,,,,,2.0,23.0
2025,2,11650550,반포본동,33,1.0,3.0,,,2.0,,1.0,2.0,2.0,,,1.0,,,,,,1.0,5.0
2025,2,11650560,반포1동,140,6.0,6.0,,1.0,20.0,1.0,2.0,1.0,1.0,,,,,,,,,1.0,26.0
2025,2,11650570,반포2동,74,4.0,5.0,,,5.0,,2.0,1.0,,,,1.0,,,,,,1.0,25.0
2025,2,11650580,반포3동,109,3.0,7.0,,,11.0,,1.0,1.0,,,,,,,,,,,18.0
2025,2,11650581,반포4동,130,7.0,12.0,1.0,,12.0,,,1.0,,3.0,,,1.0,,,,,3.0,33.0
2025,2,11650590,방배본동,103,2.0,6.0,,,16.0,,1.0,,,,,1.0,,,,,,,25.0
2025,2,11650600,방배1동,102,3.0,4.0,,1.0,10.0,,1.0,,,3.0,,1.0,,,,,,1.0,19.0
2025,2,11650610,방배2동,114,4.0,2.0,,,3.0,,1.0,1.0,1.0,,,1.0,,1.0,,,,1.0,37.0
2025,2,11650620,방배3동,112,4.0,3.0,,2.0,6.0,,2.0,,1.0,7.0,,,,,,,,,50.0
2025,2,11650621,방배4동,156,3.0,10.0,,,11.0,,1.0,,1.0,4.0,,,,1.0,,,,1.0,31.0
2025,2,11650651,양재1동,263,12.0,11.0,,1.0,20.0,3.0,4.0,1.0,,1.0,,,,,,,,2.0,86.0
2025,2,11650652,양재2동,147,2.0,16.0,,,11.0,,1.0,2.0,1.0,,,1.0,,,,,,1.0,57.0
2025,2,11650660,내곡동,161,5.0,1.0,,1.0,2.0,2.0,1.0,,,3.0,,1.0,,,,,,1.0,85.0
2025,2,11680510,신사동,260,3.0,14.0,,,36.0,2.0,1.0,1.0,2.0,,1.0,,1.0,,,,,1.0,12.0
2025,2,11680521,논현1동,300,4.0,15.0,,4.0,42.0,,1.0,,,,,1.0,8.0,,,,,3.0,23.0
2025,2,11680531,논현2동,240,8.0,16.0,,5.0,29.0,1.0,1.0,1.0,,4.0,,,2.0,,,,,1.0,33.0
2025,2,11680545,압구정동,313,4.0,25.0,,5.0,30.0,1.0,1.0,2.0,2.0,,2.0,1.0,3.0,,,,,2.0,18.0
2025,2,11680565,청담동,288,11.0,19.0,,4.0,27.0,2.0,2.0,1.0,1.0,1.0,,,,,,,,3.0,23.0
2025,2,11680580,삼성1동,199,6.0,26.0,,3.0,13.0,1.0,1.0,1.0,1.0,,1.0,,1.0,,,,,3.0,38.0
2025,2,11680590,삼성2동,177,10.0,11.0,,,11.0,,1.0,1.0,,1.0,,,,,,,,4.0,28.0
2025,2,11680600,대치1동,130,4.0,11.0,,,13.0,1.0,1.0,1.0,2.0,1.0,,,,,,,,,24.0
2025,2,11680610,대치2동,210,6.0,26.0,,2.0,20.0,,2.0,1.0,1.0,,,,,,,,,2.0,39.0
2025,2,11680630,대치4동,159,4.0,12.0,1.0,1.0,18.0,,1.0,,,1.0,1.0,,,,,,,,14.0
2025,2,11680640,역삼1동,542,15.0,49.0,1.0,3.0,64.0,1.0,1.0,,,,,,3.0,1.0,,,,1.0,44.0
2025,2,11680650,역삼2동,195,3.0,14.0,,2.0,25.0,,1.0,2.0,1.0,1.0,,,,,,,,,31.0
2025,2,11680655,도곡1동,142,4.0,9.0,1.0,4.0,20.0,2.0,1.0,2.0,1.0,,,,,,,,,1.0,27.0
2025,2,11680656,도곡2동,118,7.0,23.0,,,10.0,2.0,1.0,1.0,2.0,,,,,,,,,3.0,25.0
2025,2,11680660,개포1동,38,1.0,1.0,,,1.0,,1.0,2.0,,,,,,,,,,,29.0
2025,2,11680670,개포2동,135,3.0,3.0,,,9.0,5.0,4.0,1.0,3.0,,,,,,,,,3.0,50.0
2025,2,11680690,개포4동,115,3.0,4.0,,,7.0,,2.0,1.0,1.0,,,,,,,,,,49.0
2025,2,11680700,세곡동,191,4.0,1.0,,,9.0,3.0,4.0,1.0,1.0,,,,,,,,,,95.0
2025,2,11680720,일원본동,103,2.0,6.0,1.0,,15.0,2.0,2.0,1.0,2.0,,,,,,,,,1.0,32.0
2025,2,11680730,일원1동,74,4.0,1.0,,,11.0,1.0,2.0,,1.0,,,,,,,,,,18.0
2025,2,11680740,일원2동,66,3.0,3.0,,,6.0,2.0,1.0,1.0,,,,,,,,,,1.0,13.0
2025,2,11680750,수서동,89,3.0,3.0,,,11.0,2.0,1.0,1.0,2.0,,,,,,,,,2.0,23.0
2025,2,11710510,풍납1동,48,3.0,,,1.0,6.0,1.0,1.0,,,,,,,,,,,,6.0
2025,2,11710520,풍납2동,125,5.0,5.0,1.0,,26.0,2.0,2.0,3.0,1.0,3.0,,,,,,,,1.0,24.0
2025,2,11710531,거여1동,48,2.0,,,,2.0,,1.0,,1.0,,,,,1.0,,,,1.0,6.0
2025,2,11710532,거여2동,78,3.0,3.0,,1.0,12.0,1.0,1.0,1.0,,,,,,,,,,,11.0
2025,2,11710540,마천1동,73,4.0,1.0,,,8.0,1.0,1.0,,,,,,,1.0,,,,1.0,15.0
2025,2,11710550,마천2동,93,3.0,2.0,,,14.0,,1.0,,,,,,,,,,,,12.0
2025,2,11710561,방이1동,73,2.0,1.0,,,10.0,2.0,2.0,1.0,1.0,,,,,,,,,1.0,11.0
2025,2,11710562,방이2동,164,3.0,5.0,,,18.0,,1.0,1.0,,,,,,,,,,1.0,13.0
2025,2,11710566,오륜동,74,4.0,6.0,,,6.0,1.0,2.0,2.0,3.0,11.0,,,,,,,,3.0,15.0
2025,2,11710570,오금동,134,5.0,5.0,,,13.0,3.0,3.0,4.0,2.0,,,,,,,,,3.0,27.0
2025,2,11710580,송파1동,102,2.0,4.0,,3.0,14.0,1.0,1.0,,,,,,,,,,,2.0,13.0
2025,2,11710590,송파2동,79,3.0,1.0,,,11.0,3.0,1.0,2.0,3.0,,,,,,,,,,7.0
2025,2,11710600,석촌동,159,3.0,7.0,,2.0,27.0,3.0,2.0,,,,,,,,,,,,20.0
2025,2,11710610,삼전동,118,4.0,2.0,,,14.0,3.0,1.0,1.0,1.0,,,,,1.0,,,,1.0,12.0
2025,2,11710620,가락본동,144,5.0,9.0,1.0,5.0,21.0,1.0,2.0,2.0,,,,,,,,,,,21.0
2025,2,11710631,가락1동,82,2.0,8.0,,,13.0,1.0,1.0,1.0,,,,1.0,,,,,,3.0,16.0
2025,2,11710632,가락2동,143,3.0,6.0,,,17.0,4.0,2.0,1.0,,,,,,,,,,1.0,22.0
2025,2,11710641,문정1동,70,3.0,1.0,,,5.0,1.0,1.0,1.0,,,,,,,,,,,19.0
2025,2,11710642,문정2동,149,10.0,12.0,,1.0,22.0,,1.0,,,,,,2.0,,,,,3.0,14.0
2025,2,11710646,장지동,136,4.0,3.0,,,10.0,1.0,2.0,1.0,3.0,,,,1.0,,,,,1.0,41.0
2025,2,11710647,위례동,84,3.0,1.0,,,5.0,2.0,2.0,1.0,,,,,,,,,,,32.0
2025,2,11710650,잠실본동,192,5.0,9.0,,1.0,24.0,,1.0,,,,,,,,,,,1.0,12.0
2025,2,11710670,잠실2동,91,4.0,6.0,,,14.0,1.0,2.0,2.0,2.0,,,,,,,,,1.0,5.0
2025,2,11710680,잠실3동,103,5.0,9.0,,,11.0,1.0,3.0,,1.0,,,,,,,,,,16.0
2025,2,11710690,잠실4동,74,3.0,3.0,,,10.0,1.0,2.0,,1.0,,,,,,,,,2.0,7.0
2025,2,11710710,잠실6동,144,4.0,17.0,,1.0,23.0,,1.0,1.0,,,,,1.0,,,,,2.0,13.0
2025,2,11710720,잠실7동,30,2.0,4.0,,,4.0,,1.0,2.0,1.0,,,,,,,,,2.0,3.0
2025,2,11740515,강일동,187,5.0,3.0,,,12.0,2.0,2.0,2.0,1.0,,,,,,,,,3.0,79.0
2025,2,11740520,상일동,105,4.0,2.0,1.0,,8.0,4.0,2.0,2.0,5.0,,,,,,,,,,37.0
2025,2,11740530,명일1동,151,5.0,6.0,,2.0,17.0,,1.0,,,,,,,,,,,1.0,22.0
2025,2,11740540,명일2동,107,3.0,6.0,,,18.0,4.0,2.0,,1.0,,,,,,,,,,18.0
2025,2,11740550,고덕1동,92,3.0,,,,4.0,1.0,2.0,1.0,1.0,,,,,,,,,1.0,26.0
2025,2,11740560,고덕2동,78,3.0,1.0,,,9.0,1.0,2.0,1.0,2.0,,,,,,,,,1.0,25.0
2025,2,11740570,암사1동,90,2.0,1.0,,,8.0,1.0,1.0,,,1.0,,1.0,,,,,,,13.0
2025,2,11740580,암사2동,61,1.0,3.0,,,6.0,1.0,2.0,,,,,,,,,,,1.0,6.0
2025,2,11740590,암사3동,50,2.0,1.0,,,5.0,1.0,,2.0,1.0,,,,,,,,,,12.0
2025,2,11740600,천호1동,92,4.0,1.0,,,11.0,,1.0,1.0,1.0,1.0,,,1.0,,,,,1.0,11.0
2025,2,11740610,천호2동,203,4.0,3.0,,1.0,26.0,1.0,1.0,1.0,,,,,,3.0,,,,,22.0
2025,2,11740620,천호3동,115,4.0,3.0,,2.0,14.0,,,1.0,,,,,,1.0,,,,,11.0
2025,2,11740640,성내1동,98,6.0,4.0,,2.0,9.0,1.0,2.0,1.0,,1.0,,,1.0,,,,,,20.0
2025,2,11740650,성내2동,113,2.0,3.0,,4.0,14.0,,,,,,,,1.0,,,,,3.0,16.0
2025,2,11740660,성내3동,136,4.0,5.0,,,13.0,2.0,,,,2.0,,,,,,,,1.0,13.0
2025,2,11740685,길동,242,6.0,10.0,1.0,4.0,34.0,4.0,3.0,1.0,,1.0,,,,,,,,1.0,36.0
2025,2,11740690,둔촌1동,14,,,,,,,2.0,,1.0,,,,,,,,,1.0,6.0
2025,2,11740700,둔촌2동,129,5.0,4.0,1.0,,17.0,2.0,1.0,2.0,1.0,,,,,,,,,1.0,32.0
2025,3,11110515,청운효자동,93,6.0,3.0,,,4.0,1.0,1.0,2.0,2.0,8.0,,,,,,,,,26.0
2025,3,11110530,사직동,206,18.0,24.0,,,15.0,,1.0,,1.0,1.0,,,3.0,,,,,2.0,34.0
2025,3,11110540,삼청동,49,10.0,4.0,,1.0,1.0,,,1.0,1.0,2.0,,,,,,,,,16.0
2025,3,11110550,부암동,84,4.0,2.0,,,1.0,1.0,2.0,1.0,1.0,14.0,,,,,,,,,38.0
2025,3,11110560,평창동,162,6.0,2.0,,1.0,5.0,1.0,,,1.0,2.0,,,,,,,,,91.0
2025,3,11110570,무악동,42,2.0,1.0,1.0,,4.0,1.0,1.0,,,,,,,,,,,1.0,7.0
2025,3,11110580,교남동,78,4.0,3.0,2.0,,17.0,,,,1.0,1.0,,,,,,,,,26.0
2025,3,11110600,가회동,63,5.0,3.0,,,1.0,1.0,1.0,1.0,2.0,1.0,,,,,,,,,22.0
2025,3,11110615,종로1?2?3?4가동,500,19.0,35.0,,,47.0,1.0,2.0,,,4.0,,1.0,5.0,17.0,,,,5.0,72.0
2025,3,11110630,종로5?6가동,212,7.0,8.0,,,31.0,,1.0,,,1.0,,4.0,,3.0,,,,1.0,23.0
2025,3,11110640,이화동,119,4.0,4.0,1.0,,11.0,,,2.0,,37.0,,,,,,,,1.0,28.0
2025,3,11110650,혜화동,145,6.0,5.0,,,16.0,3.0,1.0,1.0,4.0,26.0,,,1.0,,,,,,36.0
2025,3,11110670,창신1동,111,3.0,4.0,,,9.0,,2.0,,,,,1.0,,7.0,,,,2.0,11.0
2025,3,11110680,창신2동,38,2.0,1.0,,,5.0,,,,,,,,,,,,,,
2025,3,11110690,창신3동,24,3.0,,,,1.0,,1.0,,1.0,,,,,,,,,1.0,5.0
2025,3,11110700,숭인1동,43,3.0,1.0,,,3.0,1.0,,,,,,,,,,,,,14.0
2025,3,11110710,숭인2동,89,4.0,3.0,,1.0,4.0,,,,,,,2.0,,3.0,,,,2.0,6.0
2025,3,11140520,소공동,231,13.0,29.0,,,10.0,,1.0,4.0,3.0,,1.0,,3.0,3.0,,,,3.0,37.0
2025,3,11140540,회현동,211,9.0,17.0,,,16.0,1.0,,,,2.0,,2.0,1.0,2.0,,,,6.0,35.0
2025,3,11140550,명동,542,20.0,46.0,,,35.0,,1.0,,,4.0,,,3.0,12.0,,,,1.0,29.0
2025,3,11140570,필동,123,6.0,9.0,1.0,,7.0,,2.0,,1.0,19.0,,,2.0,1.0,,,,2.0,15.0
2025,3,11140580,장충동,63,6.0,2.0,,,1.0,,1.0,,,3.0,,,1.0,2.0,,,,1.0,13.0
2025,3,11140590,광희동,185,3.0,16.0,1.0,,14.0,,,1.0,,,,1.0,3.0,11.0,,,,3.0,19.0
2025,3,11140605,을지로동,145,5.0,10.0,,,13.0,,,,,,,1.0,2.0,3.0,,,,4.0,20.0
2025,3,11140615,신당동,99,7.0,5.0,,1.0,12.0,,1.0,1.0,3.0,,,3.0,,1.0,,,,2.0,8.0
2025,3,11140625,다산동,86,3.0,4.0,,1.0,9.0,,1.0,1.0,1.0,,,,,1.0,,,,1.0,7.0
2025,3,11140635,약수동,87,4.0,2.0,,1.0,12.0,2.0,,,,,,,,,,,,2.0,12.0
2025,3,11140645,청구동,34,2.0,,,,3.0,1.0,2.0,1.0,1.0,,,,,,,,,,5.0
2025,3,11140650,신당5동,65,4.0,2.0,,,5.0,,1.0,,2.0,,,,,,,,,,12.0
2025,3,11140665,동화동,47,3.0,1.0,,,5.0,,1.0,1.0,,,,,,,,,,2.0,4.0
2025,3,11140670,황학동,76,1.0,6.0,,,10.0,,,,,,,,,7.0,,,,,6.0
2025,3,11140680,중림동,77,3.0,2.0,,,7.0,,1.0,,2.0,1.0,,,,5.0,,,,,14.0
2025,3,11170510,후암동,80,6.0,1.0,,,7.0,1.0,2.0,,1.0,,,2.0,,,,,,,18.0
2025,3,11170520,용산2가동,63,3.0,,,,4.0,,1.0,2.0,2.0,,,,,,,,,1.0,29.0
2025,3,11170530,남영동,147,7.0,5.0,,,14.0,,,1.0,,,,,,12.0,,,,3.0,26.0
2025,3,11170555,청파동,128,7.0,2.0,,1.0,11.0,,2.0,2.0,4.0,22.0,,1.0,,1.0,,,,,35.0
2025,3,11170560,원효로1동,94,6.0,3.0,,,6.0,1.0,1.0,,,3.0,,4.0,,,,,,,31.0
2025,3,11170570,원효로2동,69,4.0,2.0,,,4.0,2.0,1.0,1.0,1.0,,,2.0,,,,,,,27.0
2025,3,11170580,효창동,66,1.0,1.0,,,5.0,,1.0,,1.0,1.0,,,,,,,,2.0,22.0
2025,3,11170590,용문동,54,1.0,,,,3.0,,,,,,,,,,,,,,22.0
2025,3,11170625,한강로동,242,19.0,19.0,,,21.0,,2.0,,1.0,,,5.0,3.0,2.0,,,,7.0,41.0
2025,3,11170630,이촌1동,102,4.0,9.0,,1.0,12.0,2.0,1.0,1.0,1.0,,,1.0,,,,,,,14.0
2025,3,11170640,이촌2동,26,2.0,,,,1.0,,,,,,,,,,,,,,11.0
2025,3,11170650,이태원1동,71,8.0,5.0,,,3.0,,1.0,,,,,3.0,,,,,,1.0,14.0
2025,3,11170660,이태원2동,60,8.0,5.0,,,3.0,1.0,1.0,,1.0,,,,,,,,,,22.0
2025,3,11170685,한남동,171,30.0,11.0,1.0,,13.0,3.0,1.0,,,,,3.0,,,,,,2.0,36.0
2025,3,11170690,서빙고동,61,15.0,1.0,,,1.0,,1.0,1.0,,,,,,,,,,1.0,21.0
2025,3,11170700,보광동,70,4.0,1.0,,,8.0,1.0,,1.0,1.0,6.0,,,,,,,,,14.0
2025,3,11200520,왕십리2동,63,2.0,,,,5.0,1.0,1.0,,,,,,,,,,,1.0,18.0
2025,3,11200535,왕십리도선동,189,4.0,4.0,,2.0,20.0,2.0,2.0,,2.0,,,,,,,,,,26.0
2025,3,11200540,마장동,111,6.0,5.0,,,8.0,2.0,2.0,2.0,,,,,,,,,,1.0,29.0
2025,3,11200550,사근동,128,5.0,3.0,1.0,,10.0,,2.0,1.0,2.0,52.0,,1.0,,,,,,2.0,34.0
2025,3,11200560,행당1동,130,9.0,4.0,,2.0,13.0,1.0,1.0,,,,,1.0,1.0,,,,,4.0,30.0
2025,3,11200570,행당2동,79,2.0,2.0,,,4.0,1.0,1.0,1.0,1.0,,,,,,,,,1.0,24.0
2025,3,11200580,응봉동,56,3.0,,,,2.0,,1.0,1.0,,,,,,,,,,1.0,30.0
2025,3,11200590,금호1가동,88,2.0,,,,6.0,1.0,1.0,,1.0,,,,,,,,,1.0,45.0
2025,3,11200615,금호2?3가동,135,3.0,2.0,,,13.0,,1.0,,,,,,,,,,,,46.0
2025,3,11200620,금호4가동,84,3.0,3.0,,,6.0,1.0,2.0,,,,,,,,,,,1.0,27.0
2025,3,11200645,옥수동,129,4.0,2.0,,,10.0,2.0,2.0,1.0,1.0,,,,,,,,,2.0,45.0
2025,3,11200650,성수1가1동,83,4.0,2.0,,,4.0,1.0,2.0,1.0,1.0,,,,1.0,,,,,1.0,33.0
2025,3,11200660,성수1가2동,79,3.0,6.0,,,6.0,,,1.0,1.0,1.0,,,,,,,,1.0,12.0
2025,3,11200670,성수2가1동,109,3.0,3.0,,,13.0,,1.0,2.0,1.0,,,2.0,,1.0,,,,,38.0
2025,3,11200690,성수2가3동,104,3.0,16.0,,,11.0,,2.0,,,,,,1.0,,,,,1.0,20.0
2025,3,11200720,송정동,44,2.0,,,1.0,5.0,,1.0,,,,,,,,,,,,17.0
2025,3,11200790,용답동,82,7.0,2.0,,,8.0,,1.0,,,,,1.0,,,,,,2.0,11.0
2025,3,11215710,화양동,167,3.0,5.0,1.0,,17.0,,2.0,2.0,1.0,34.0,,,1.0,,,,,2.0,16.0
2025,3,11215730,군자동,135,5.0,5.0,,1.0,12.0,1.0,2.0,,,20.0,,,1.0,,,,,,23.0
2025,3,11215740,중곡1동,74,2.0,,,,10.0,1.0,,,,,,1.0,,,,,,,19.0
2025,3,11215750,중곡2동,104,2.0,4.0,,,14.0,1.0,1.0,,,,,,,,,,,2.0,21.0
2025,3,11215760,중곡3동,97,3.0,1.0,,1.0,9.0,,2.0,,,,,1.0,,,,,,1.0,29.0
2025,3,11215770,중곡4동,105,2.0,2.0,,,7.0,,1.0,1.0,2.0,,,,,,,,,,37.0
2025,3,11215780,능동,47,4.0,,,1.0,5.0,,1.0,,1.0,,,,,,,,,1.0,5.0
2025,3,11215810,광장동,139,5.0,9.0,,,9.0,3.0,3.0,3.0,1.0,11.0,,,,,,,,1.0,32.0
2025,3,11215820,자양1동,106,3.0,4.0,1.0,,14.0,1.0,1.0,,,2.0,,,,,,,,,17.0
2025,3,11215830,자양2동,95,2.0,1.0,,,8.0,2.0,4.0,2.0,1.0,,,1.0,,,,,,,21.0
2025,3,11215840,자양3동,105,2.0,6.0,,,8.0,2.0,2.0,1.0,1.0,1.0,1.0,,1.0,,,,,,30.0
2025,3,11215847,자양4동,106,5.0,2.0,,1.0,15.0,1.0,,1.0,,,,1.0,1.0,,,,,1.0,16.0
2025,3,11215850,구의1동,77,2.0,4.0,,,9.0,1.0,,1.0,1.0,,,,,,,,,1.0,16.0
2025,3,11215860,구의2동,112,3.0,2.0,,1.0,9.0,3.0,2.0,,,1.0,,,,,,,,1.0,24.0
2025,3,11215870,구의3동,133,5.0,4.0,,,16.0,2.0,1.0,,,,,1.0,1.0,,,,1.0,1.0,25.0
2025,3,11230536,용신동,231,10.0,8.0,1.0,4.0,20.0,1.0,1.0,1.0,1.0,,,1.0,,5.0,,,,5.0,41.0
2025,3,11230545,제기동,288,4.0,5.0,,1.0,22.0,2.0,2.0,2.0,1.0,1.0,,3.0,,14.0,,,,1.0,30.0
2025,3,11230560,전농1동,152,5.0,2.0,,1.0,13.0,3.0,1.0,1.0,1.0,,,,1.0,5.0,,,,3.0,35.0
2025,3,11230570,전농2동,102,2.0,2.0,,,12.0,3.0,3.0,2.0,1.0,27.0,,,,,,,,,15.0
2025,3,11230600,답십리1동,124,4.0,5.0,,,9.0,,2.0,1.0,,,,,,,,,,,25.0
2025,3,11230610,답십리2동,108,3.0,2.0,,2.0,13.0,3.0,1.0,,,,,3.0,,,,,,,19.0
2025,3,11230650,장안1동,192,5.0,11.0,,4.0,26.0,2.0,2.0,2.0,,,,,,,,,,1.0,43.0
2025,3,11230660,장안2동,168,3.0,2.0,,2.0,21.0,1.0,2.0,,1.0,1.0,,,1.0,1.0,,,,,38.0
2025,3,11230705,청량리동,154,9.0,4.0,1.0,,16.0,2.0,1.0,1.0,1.0,1.0,,,,2.0,,,,,34.0
2025,3,11230710,회기동,84,3.0,5.0,1.0,,10.0,1.0,3.0,1.0,1.0,14.0,,,,,,,,,10.0
2025,3,11230720,휘경1동,82,2.0,1.0,,,12.0,,,,,,,,,1.0,,,,3.0,18.0
2025,3,11230730,휘경2동,84,5.0,1.0,1.0,,5.0,1.0,2.0,3.0,3.0,4.0,,,,,,,,,27.0
2025,3,11230740,이문1동,147,5.0,2.0,,,13.0,3.0,,,2.0,30.0,,,,,,,,1.0,26.0
2025,3,11230750,이문2동,71,2.0,,,,6.0,1.0,1.0,,,2.0,,,,,,,,1.0,17.0
2025,3,11260520,면목2동,112,3.0,,,1.0,11.0,2.0,2.0,,,,,8.0,,1.0,,,,,25.0
2025,3,11260540,면목4동,61,2.0,,,,5.0,1.0,1.0,1.0,,,,,,,,,,1.0,15.0
2025,3,11260550,면목5동,42,2.0,1.0,,,3.0,,,,,,,4.0,,,,,,,13.0
2025,3,11260565,면목본동,168,4.0,2.0,,,18.0,1.0,2.0,,,,,13.0,,1.0,,,,1.0,30.0
2025,3,11260570,면목7동,108,2.0,2.0,,1.0,11.0,,1.0,,,,,1.0,,,,,,,18.0
2025,3,11260575,면목3?8동,150,4.0,1.0,1.0,,17.0,1.0,2.0,2.0,1.0,8.0,,,,1.0,,,,1.0,34.0
2025,3,11260580,상봉1동,78,3.0,1.0,,1.0,8.0,2.0,1.0,2.0,1.0,,,,,,,,,4.0,12.0
2025,3,11260590,상봉2동,127,4.0,3.0,,1.0,10.0,,,,,,,,2.0,2.0,,,1.0,1.0,18.0
2025,3,11260600,중화1동,79,2.0,1.0,,1.0,7.0,1.0,2.0,2.0,1.0,,,,,,,,,,14.0
2025,3,11260610,중화2동,123,2.0,3.0,,,14.0,,,,,,,2.0,,,,,,3.0,32.0
2025,3,11260620,묵1동,144,4.0,2.0,,2.0,11.0,2.0,1.0,2.0,2.0,,,,,,,,,,34.0
2025,3,11260630,묵2동,92,3.0,4.0,,,7.0,,2.0,,,,,,1.0,,,,,1.0,19.0
2025,3,11260655,망우본동,238,9.0,4.0,1.0,4.0,25.0,1.0,2.0,3.0,4.0,,,9.0,,2.0,,,,2.0,54.0
2025,3,11260660,망우3동,54,1.0,1.0,,1.0,3.0,,2.0,,1.0,,,3.0,,,,,,,11.0
2025,3,11260680,신내1동,160,3.0,2.0,1.0,,13.0,2.0,2.0,,,,,,,,,,,1.0,53.0
2025,3,11260690,신내2동,104,6.0,3.0,,,12.0,3.0,4.0,,,,,,,,,,,,21.0
2025,3,11290525,성북동,166,6.0,4.0,,,6.0,2.0,1.0,3.0,2.0,5.0,,,,,,,,,55.0
2025,3,11290555,삼선동,163,7.0,5.0,,,14.0,,1.0,1.0,2.0,14.0,,,,,,,,2.0,46.0
2025,3,11290575,동선동,146,1.0,4.0,,1.0,13.0,1.0,2.0,2.0,1.0,12.0,,,1.0,,,,,1.0,19.0
2025,3,11290580,돈암1동,42,1.0,,,,2.0,2.0,2.0,2.0,1.0,,,,,,,,,,15.0
2025,3,11290590,돈암2동,88,4.0,2.0,,,4.0,6.0,1.0,,,,,,1.0,,,,,,38.0
2025,3,11290600,안암동,167,4.0,6.0,1.0,1.0,10.0,,1.0,1.0,1.0,71.0,,,,,,,,1.0,35.0
2025,3,11290610,보문동,77,4.0,4.0,,,6.0,,2.0,,,,,,,1.0,,,,2.0,10.0
2025,3,11290620,정릉1동,63,2.0,,,,6.0,2.0,,,,1.0,,,,,,,,,19.0
2025,3,11290630,정릉2동,110,4.0,3.0,,,6.0,1.0,2.0,,,,,,,,,,,1.0,50.0
2025,3,11290640,정릉3동,124,4.0,1.0,,,2.0,,1.0,3.0,1.0,28.0,,,,,,,,,38.0
2025,3,11290650,정릉4동,133,7.0,3.0,,,12.0,2.0,1.0,,2.0,11.0,,,,,,,,1.0,40.0
2025,3,11290660,길음1동,129,3.0,4.0,,,10.0,2.0,3.0,1.0,1.0,,,1.0,,,,,,1.0,26.0
2025,3,11290685,길음2동,112,5.0,,,3.0,14.0,,,,,,,,,,,,,,23.0
2025,3,11290705,종암동,189,7.0,2.0,,1.0,17.0,3.0,2.0,2.0,1.0,2.0,,,,,,,,,56.0
2025,3,11290715,월곡1동,108,2.0,3.0,,,10.0,,2.0,1.0,1.0,,,,,1.0,,,,,30.0
2025,3,11290725,월곡2동,135,6.0,4.0,,,12.0,2.0,,1.0,,12.0,,,,,,,,2.0,34.0
2025,3,11290760,장위1동,103,4.0,1.0,,,8.0,6.0,1.0,1.0,,,,,,,,,,,37.0
2025,3,11290770,장위2동,89,3.0,2.0,,,11.0,1.0,3.0,,,,,,,,,,,1.0,27.0
2025,3,11290780,장위3동,82,1.0,,,,5.0,1.0,2.0,1.0,,1.0,,1.0,,,,,,,39.0
2025,3,11290810,석관동,154,6.0,3.0,,,16.0,2.0,2.0,1.0,1.0,,,1.0,,2.0,,,,2.0,32.0
2025,3,11305534,삼양동,165,4.0,1.0,,,14.0,3.0,2.0,,1.0,,,,,,,,,3.0,34.0
2025,3,11305535,미아동,144,3.0,3.0,,1.0,14.0,,,,1.0,4.0,,,,,,,,1.0,28.0
2025,3,11305545,송중동,212,4.0,1.0,,2.0,18.0,4.0,2.0,,1.0,2.0,1.0,,1.0,,,,,,69.0
2025,3,11305555,송천동,164,9.0,5.0,,1.0,17.0,,1.0,2.0,2.0,,,2.0,,,,,,1.0,24.0
2025,3,11305575,삼각산동,114,2.0,1.0,,,9.0,1.0,,1.0,1.0,1.0,,,,,,,,,36.0
2025,3,11305595,번1동,136,3.0,3.0,,1.0,14.0,1.0,1.0,1.0,,,,,1.0,,,,,,30.0
2025,3,11305603,번2동,110,5.0,,,,7.0,1.0,,1.0,,,,,,1.0,,,,,54.0
2025,3,11305608,번3동,95,3.0,1.0,,,8.0,,2.0,,,,,,,,,,,,37.0
2025,3,11305615,수유1동,153,4.0,2.0,,,12.0,,2.0,3.0,1.0,,,1.0,,,,,,1.0,40.0
2025,3,11305625,수유2동,85,3.0,,,,12.0,3.0,,,,,,,,,,,,1.0,15.0
2025,3,11305635,수유3동,158,4.0,6.0,,1.0,16.0,,,1.0,,,,,1.0,,,,,1.0,30.0
2025,3,11305645,우이동,132,2.0,,,,7.0,1.0,,1.0,,2.0,,,,,,,,3.0,54.0
2025,3,11305660,인수동,175,13.0,2.0,1.0,2.0,14.0,2.0,2.0,2.0,,5.0,,1.0,,,,,,,57.0
2025,3,11320511,창1동,94,3.0,2.0,,,7.0,1.0,1.0,2.0,1.0,,,,,,,,,1.0,28.0
2025,3,11320512,창2동,95,3.0,,,1.0,8.0,1.0,1.0,,,,,,,,,,,,44.0
2025,3,11320513,창3동,66,1.0,,,,7.0,1.0,2.0,,,,,1.0,,,,,,,25.0
2025,3,11320514,창4동,130,7.0,4.0,,,8.0,1.0,2.0,1.0,2.0,,,,,,,,,,51.0
2025,3,11320515,창5동,119,7.0,3.0,,3.0,12.0,1.0,3.0,,,,,,2.0,,,,,2.0,24.0
2025,3,11320521,도봉1동,122,4.0,1.0,,,9.0,2.0,2.0,1.0,1.0,2.0,,1.0,,,,,,,38.0
2025,3,11320522,도봉2동,127,8.0,3.0,,,7.0,1.0,1.0,1.0,1.0,1.0,,,,1.0,,,,3.0,49.0
2025,3,11320660,쌍문1동,126,6.0,1.0,,1.0,4.0,1.0,3.0,,1.0,17.0,,,,,,,,,54.0
2025,3,11320670,쌍문2동,87,3.0,1.0,,1.0,10.0,1.0,1.0,1.0,,,,,,2.0,,,,,19.0
2025,3,11320680,쌍문3동,78,3.0,3.0,1.0,,12.0,,,1.0,,,,,,1.0,,,,1.0,17.0
2025,3,11320681,쌍문4동,64,1.0,,,,4.0,5.0,2.0,2.0,3.0,,,,,,,,,,23.0
2025,3,11320690,방학1동,148,6.0,6.0,,2.0,15.0,2.0,1.0,1.0,1.0,,,,,,,,,1.0,39.0
2025,3,11320700,방학2동,64,3.0,,,,7.0,,1.0,1.0,,,,,,,,,,,23.0
2025,3,11320710,방학3동,112,3.0,3.0,,,6.0,3.0,3.0,1.0,,,,,,,,,,,47.0
2025,3,11350560,월계1동,159,4.0,2.0,,,10.0,2.0,1.0,1.0,1.0,17.0,,,,,,,,,59.0
2025,3,11350570,월계2동,136,4.0,,,,5.0,3.0,2.0,3.0,4.0,11.0,,,,,,,,1.0,64.0
2025,3,11350580,월계3동,135,5.0,3.0,,,8.0,4.0,3.0,1.0,,,,,,,,,,2.0,47.0
2025,3,11350595,공릉1동,211,4.0,6.0,,4.0,21.0,3.0,3.0,,,1.0,,1.0,,,,,,3.0,54.0
2025,3,11350600,공릉2동,271,7.0,6.0,1.0,,14.0,3.0,4.0,4.0,2.0,64.0,,1.0,,,,,,1.0,63.0
2025,3,11350611,하계1동,133,4.0,3.0,1.0,,9.0,1.0,1.0,2.0,4.0,16.0,,,,,,,,,41.0
2025,3,11350612,하계2동,67,2.0,1.0,,,4.0,2.0,2.0,1.0,,,,,,,,,,1.0,28.0
2025,3,11350619,중계본동,95,5.0,2.0,,,7.0,3.0,2.0,,3.0,,,,,,,,,,21.0
2025,3,11350621,중계1동,85,2.0,3.0,,,7.0,,2.0,1.0,2.0,,,,,,,,,,18.0
2025,3,11350624,중계4동,81,2.0,3.0,,,14.0,1.0,1.0,3.0,2.0,,,,,,,,,,6.0
2025,3,11350625,중계2?3동,142,7.0,2.0,,,10.0,4.0,4.0,1.0,3.0,,,,2.0,,,,,1.0,39.0
2025,3,11350630,상계1동,190,5.0,2.0,,,14.0,3.0,3.0,2.0,1.0,,,,1.0,,,,,1.0,38.0
2025,3,11350640,상계2동,182,2.0,1.0,,2.0,19.0,1.0,1.0,1.0,,,,,1.0,,,,,2.0,33.0
2025,3,11350665,상계3?4동,107,4.0,1.0,,,9.0,3.0,2.0,,,1.0,,,,2.0,,,,1.0,11.0
2025,3,11350670,상계5동,105,2.0,1.0,,,11.0,,1.0,,,,,,,3.0,,,,1.0,36.0
2025,3,11350695,상계6?7동,253,9.0,11.0,1.0,1.0,29.0,,3.0,2.0,1.0,4.0,,,1.0,,,,,,40.0
2025,3,11350700,상계8동,92,3.0,3.0,,,7.0,,,1.0,,,,,,,,,,1.0,15.0
2025,3,11350710,상계9동,78,3.0,4.0,,,6.0,1.0,3.0,2.0,2.0,,,,,,,,,,18.0
2025,3,11350720,상계10동,64,3.0,,,,1.0,1.0,2.0,1.0,1.0,,,,,,,,,,30.0
2025,3,11380510,녹번동,148,8.0,3.0,,2.0,12.0,1.0,3.0,,,,,1.0,1.0,,,,,2.0,35.0
2025,3,11380520,불광1동,198,6.0,4.0,,1.0,17.0,4.0,2.0,,,,,,1.0,,,,,3.0,49.0
2025,3,11380530,불광2동,113,6.0,1.0,,,5.0,,3.0,3.0,1.0,,,3.0,,,,,,,32.0
2025,3,11380551,갈현1동,133,2.0,2.0,1.0,,13.0,1.0,,,,,,,,,,,,2.0,48.0
2025,3,11380552,갈현2동,121,3.0,1.0,,1.0,15.0,5.0,2.0,1.0,5.0,,,,,,,,,1.0,34.0
2025,3,11380560,구산동,127,3.0,,,1.0,8.0,3.0,3.0,2.0,3.0,,,,,,,,,,38.0
2025,3,11380570,대조동,205,3.0,5.0,,1.0,24.0,,2.0,,2.0,,,,1.0,,,,,,32.0
2025,3,11380580,응암1동,133,5.0,5.0,,1.0,20.0,1.0,1.0,1.0,1.0,,,,,,,,,,27.0
2025,3,11380590,응암2동,91,3.0,1.0,,1.0,10.0,2.0,1.0,,,,,,,,,,,,37.0
2025,3,11380600,응암3동,138,3.0,3.0,,1.0,16.0,1.0,1.0,2.0,1.0,,,2.0,,,,,,,31.0
2025,3,11380625,역촌동,176,5.0,5.0,,2.0,18.0,2.0,1.0,,,,,,,,,,,,51.0
2025,3,11380631,신사1동,94,3.0,,,,8.0,3.0,,1.0,,5.0,,,,,,,,1.0,22.0
2025,3,11380632,신사2동,82,4.0,,,,5.0,,3.0,1.0,1.0,,,,,,,,,1.0,35.0
2025,3,11380640,증산동,83,3.0,,,,8.0,1.0,1.0,2.0,,,,2.0,,,,,,1.0,16.0
2025,3,11380650,수색동,60,5.0,2.0,,,5.0,1.0,1.0,,,,,2.0,,,,,,1.0,22.0
2025,3,11380690,진관동,242,6.0,6.0,,,22.0,6.0,6.0,2.0,4.0,,,,1.0,,,,,1.0,81.0
2025,3,11410520,천연동,127,4.0,1.0,,,4.0,,1.0,1.0,1.0,11.0,,,,1.0,,,,,44.0
2025,3,11410555,북아현동,76,2.0,2.0,,1.0,7.0,1.0,1.0,,1.0,,,,,,,,,,17.0
2025,3,11410565,충현동,184,9.0,8.0,,,7.0,1.0,3.0,1.0,2.0,24.0,,,,,,,,3.0,58.0
2025,3,11410585,신촌동,368,6.0,10.0,1.0,,22.0,1.0,3.0,1.0,1.0,109.0,1.0,,4.0,3.0,,,,2.0,60.0
2025,3,11410615,연희동,201,7.0,7.0,,1.0,16.0,,1.0,3.0,1.0,13.0,,,1.0,1.0,,,,,70.0
2025,3,11410620,홍제1동,135,3.0,2.0,,,10.0,2.0,2.0,,,1.0,,,,1.0,,,,1.0,40.0
2025,3,11410640,홍제3동,129,3.0,3.0,,2.0,14.0,1.0,2.0,1.0,,3.0,,4.0,,6.0,,,,1.0,46.0
2025,3,11410655,홍제2동,56,1.0,,,,6.0,3.0,,,,,,,,1.0,,,,,15.0
2025,3,11410660,홍은1동,86,3.0,,,,7.0,1.0,1.0,,,,,,,1.0,,,,,32.0
2025,3,11410685,홍은2동,161,4.0,2.0,1.0,,8.0,,2.0,3.0,1.0,12.0,,,,,,,,,83.0
2025,3,11410690,남가좌1동,94,2.0,3.0,,1.0,9.0,,1.0,,,,,1.0,,1.0,,,,1.0,20.0
2025,3,11410700,남가좌2동,117,4.0,4.0,,,12.0,4.0,1.0,1.0,,8.0,,,,,,,,,24.0
2025,3,11410710,북가좌1동,60,1.0,2.0,,,5.0,2.0,1.0,1.0,1.0,,,,,,,,,,13.0
2025,3,11410720,북가좌2동,115,3.0,3.0,,,12.0,2.0,,,,,,,,,,,,,39.0
2025,3,11440555,아현동,145,5.0,8.0,,,16.0,1.0,1.0,1.0,1.0,,,,,1.0,,,,2.0,23.0
2025,3,11440565,공덕동,172,7.0,9.0,,,21.0,1.0,3.0,,,,,2.0,,,,,,4.0,39.0
2025,3,11440585,도화동,144,4.0,7.0,,,15.0,2.0,1.0,,,,,,1.0,1.0,,,,1.0,38.0
2025,3,11440590,용강동,90,7.0,6.0,,1.0,10.0,2.0,1.0,,,,,,,,,,,1.0,24.0
2025,3,11440600,대흥동,209,5.0,5.0,,,18.0,,3.0,1.0,1.0,27.0,,,,3.0,,,,3.0,38.0
2025,3,11440610,염리동,52,3.0,1.0,,,3.0,1.0,1.0,2.0,3.0,,,,,2.0,,,,,10.0
2025,3,11440630,신수동,76,4.0,1.0,,1.0,5.0,1.0,1.0,1.0,1.0,,,,,,,,,,24.0
2025,3,11440655,서강동,156,6.0,4.0,,,7.0,1.0,1.0,,,20.0,,,,,,,,2.0,64.0
2025,3,11440660,서교동,358,13.0,22.0,,,31.0,1.0,1.0,,,2.0,,,5.0,3.0,,,,7.0,88.0
2025,3,11440680,합정동,109,4.0,3.0,,,10.0,1.0,1.0,1.0,,,,,,,,,,,32.0
2025,3,11440690,망원1동,95,2.0,2.0,,,11.0,,,,,,,,,1.0,,,,,23.0
2025,3,11440700,망원2동,83,4.0,1.0,,,6.0,1.0,2.0,,,,,,,,,,,,33.0
2025,3,11440710,연남동,52,2.0,1.0,,,2.0,1.0,,1.0,2.0,,,,,,,,,,23.0
2025,3,11440720,성산1동,86,4.0,2.0,,,5.0,1.0,2.0,2.0,1.0,1.0,,,,1.0,,,,,29.0
2025,3,11440730,성산2동,158,6.0,3.0,,,13.0,2.0,3.0,2.0,,,,1.0,1.0,,,,,2.0,47.0
2025,3,11440740,상암동,247,10.0,11.0,,,14.0,3.0,3.0,1.0,1.0,,,1.0,,,,,,4.0,104.0
2025,3,11470510,목1동,190,5.0,12.0,,1.0,21.0,1.0,1.0,1.0,1.0,2.0,,,2.0,,,,,2.0,29.0
2025,3,11470520,목2동,97,3.0,2.0,,1.0,13.0,3.0,1.0,,,,,,,1.0,,,,1.0,18.0
2025,3,11470530,목3동,96,3.0,4.0,,,11.0,1.0,,1.0,,,,,,,,,,,7.0
2025,3,11470540,목4동,84,3.0,3.0,,,9.0,1.0,1.0,1.0,1.0,,,,,,,,,,14.0
2025,3,11470550,목5동,143,8.0,9.0,1.0,,12.0,4.0,3.0,2.0,2.0,,,,,,,,,,52.0
2025,3,11470560,신월1동,71,3.0,3.0,,,12.0,1.0,,,,,,,,,,,,,9.0
2025,3,11470570,신월2동,65,3.0,1.0,,,6.0,1.0,2.0,2.0,,,,,,,,,,,12.0
2025,3,11470580,신월3동,70,2.0,1.0,,,7.0,1.0,1.0,2.0,3.0,,,,,,,,,,8.0
2025,3,11470590,신월4동,63,2.0,1.0,,,6.0,3.0,1.0,,,,,,,,,,,,11.0
2025,3,11470600,신월5동,54,3.0,,,1.0,3.0,2.0,1.0,2.0,,,,,,,,,,,12.0
2025,3,11470610,신월6동,47,1.0,2.0,,1.0,5.0,1.0,1.0,1.0,,,,,,,,,,,15.0
2025,3,11470611,신월7동,74,6.0,1.0,,,10.0,2.0,,1.0,,,,,,,,,,,21.0
2025,3,11470620,신정1동,94,7.0,3.0,,,9.0,2.0,2.0,1.0,,,,,,,,,,,26.0
2025,3,11470630,신정2동,71,3.0,1.0,,,7.0,1.0,2.0,1.0,,,,,,,,,,,20.0
2025,3,11470640,신정3동,203,4.0,1.0,,,15.0,1.0,3.0,1.0,4.0,,,,,,,,,1.0,81.0
2025,3,11470650,신정4동,161,3.0,8.0,1.0,1.0,16.0,3.0,2.0,,2.0,,,,,,,,,1.0,18.0
2025,3,11470670,신정6동,72,7.0,6.0,,,2.0,2.0,,1.0,1.0,,,,,,,,,,31.0
2025,3,11470680,신정7동,107,3.0,2.0,,,8.0,3.0,3.0,1.0,1.0,,,,,,,,,1.0,30.0
2025,3,11500510,염창동,147,5.0,3.0,,1.0,15.0,,2.0,2.0,,,,,,,,,,2.0,35.0
2025,3,11500520,등촌1동,95,1.0,5.0,,1.0,10.0,,1.0,,,,,,1.0,,,,,,20.0
2025,3,11500530,등촌2동,58,3.0,,,1.0,6.0,2.0,2.0,2.0,2.0,,,,,,,,,,8.0
2025,3,11500535,등촌3동,184,6.0,3.0,1.0,2.0,18.0,2.0,5.0,2.0,4.0,,,,1.0,,,,,,55.0
2025,3,11500540,화곡1동,226,3.0,2.0,,2.0,26.0,,2.0,1.0,,,,,1.0,,,,,2.0,27.0
2025,3,11500550,화곡2동,65,2.0,,,,3.0,2.0,1.0,,,,,,,,,,,,30.0
2025,3,11500560,화곡3동,87,4.0,3.0,,,8.0,2.0,,,,,,,,,,,,,12.0
2025,3,11500570,화곡4동,101,4.0,2.0,,,14.0,3.0,1.0,,2.0,,,,,,,,,,30.0
2025,3,11500590,화곡본동,145,3.0,,,1.0,11.0,1.0,2.0,,,,,,,,,,,,31.0
2025,3,11500591,화곡6동,118,7.0,5.0,,,8.0,2.0,1.0,,,9.0,,,,,,,,,29.0
2025,3,11500593,화곡8동,95,2.0,3.0,,,8.0,1.0,,,,,,,,,,,,1.0,33.0
2025,3,11500603,가양1동,279,5.0,13.0,,,20.0,3.0,1.0,1.0,1.0,,,,1.0,2.0,,,,5.0,69.0
2025,3,11500604,가양2동,75,4.0,3.0,,,7.0,3.0,1.0,1.0,1.0,,,,,,,,,1.0,14.0
2025,3,11500605,가양3동,52,3.0,,,,4.0,3.0,2.0,1.0,1.0,,,,,,,,,1.0,13.0
2025,3,11500611,발산1동,246,3.0,9.0,1.0,2.0,33.0,2.0,3.0,4.0,8.0,,,1.0,,,,,,,63.0
2025,3,11500615,우장산동,158,4.0,4.0,,3.0,12.0,3.0,2.0,,,5.0,,,,,,,,1.0,33.0
2025,3,11500620,공항동,176,6.0,7.0,1.0,,11.0,1.0,2.0,2.0,,4.0,,,,,21.0,,,2.0,39.0
2025,3,11500630,방화1동,200,2.0,3.0,,2.0,21.0,4.0,3.0,1.0,3.0,,,,,1.0,,,,1.0,46.0
2025,3,11500640,방화2동,124,4.0,,,,7.0,3.0,1.0,1.0,,,,2.0,1.0,,4.0,,,5.0,37.0
2025,3,11500641,방화3동,83,5.0,1.0,,,5.0,2.0,3.0,2.0,1.0,1.0,,,,,,,,1.0,22.0
2025,3,11530510,신도림동,168,5.0,4.0,,,12.0,2.0,1.0,1.0,1.0,1.0,,2.0,1.0,1.0,,,,3.0,43.0
2025,3,11530520,구로1동,88,4.0,1.0,,,5.0,3.0,1.0,1.0,1.0,,,4.0,,,,,,,25.0
2025,3,11530530,구로2동,197,6.0,12.0,1.0,1.0,21.0,1.0,1.0,,1.0,,,7.0,,16.0,,,,1.0,48.0
2025,3,11530540,구로3동,187,7.0,18.0,,,15.0,1.0,2.0,1.0,,,,,,5.0,,,,2.0,47.0
2025,3,11530550,구로4동,139,5.0,3.0,,,15.0,2.0,1.0,1.0,,,,1.0,,19.0,,,,,13.0
2025,3,11530560,구로5동,167,5.0,4.0,,2.0,18.0,,3.0,1.0,1.0,2.0,1.0,,3.0,,,,,1.0,49.0
2025,3,11530595,가리봉동,74,,,,,6.0,,1.0,,1.0,,,,,23.0,,,,,8.0
2025,3,11530720,고척1동,135,5.0,4.0,1.0,1.0,9.0,,3.0,1.0,1.0,12.0,,8.0,,4.0,,,,,31.0
2025,3,11530730,고척2동,128,5.0,2.0,,1.0,11.0,,2.0,1.0,1.0,,,,,,,,,,40.0
2025,3,11530740,개봉1동,163,5.0,3.0,,1.0,11.0,2.0,1.0,2.0,,4.0,,1.0,,,,,,1.0,57.0
2025,3,11530750,개봉2동,116,3.0,3.0,,,10.0,2.0,,,,,,1.0,1.0,,,,,,26.0
2025,3,11530760,개봉3동,81,3.0,2.0,,,9.0,1.0,3.0,1.0,,,,1.0,1.0,,,,,,23.0
2025,3,11530770,오류1동,122,5.0,4.0,,,11.0,3.0,1.0,,,,,,,,,,,1.0,22.0
2025,3,11530780,오류2동,209,3.0,1.0,,1.0,9.0,6.0,3.0,2.0,1.0,,,,,,,,,1.0,86.0
2025,3,11530790,수궁동,154,3.0,1.0,,,5.0,2.0,1.0,1.0,6.0,,,1.0,,,,,,3.0,69.0
2025,3,11530800,항동,64,1.0,,,,2.0,1.0,1.0,,,10.0,,,,,,,,,37.0
2025,3,11545510,가산동,304,10.0,25.0,,1.0,21.0,2.0,,,,,,,1.0,17.0,,,,3.0,111.0
2025,3,11545610,독산1동,217,3.0,6.0,,2.0,17.0,2.0,4.0,3.0,,,,,1.0,3.0,,,,,74.0
2025,3,11545620,독산2동,73,2.0,1.0,,,8.0,,2.0,,,1.0,,,,,,,,,11.0
2025,3,11545630,독산3동,119,4.0,4.0,,,14.0,2.0,2.0,2.0,1.0,,,1.0,,,,,,,29.0
2025,3,11545640,독산4동,64,5.0,2.0,,1.0,4.0,,1.0,,,,,,,,,,,,16.0
2025,3,11545670,시흥1동,223,9.0,7.0,1.0,2.0,25.0,2.0,3.0,1.0,1.0,,,,,3.0,,,,1.0,52.0
2025,3,11545680,시흥2동,76,2.0,,,,3.0,2.0,3.0,1.0,2.0,,,,,,,,,,30.0
2025,3,11545690,시흥3동,66,3.0,3.0,,,5.0,,1.0,1.0,1.0,,,,,1.0,,,,,21.0
2025,3,11545700,시흥4동,72,1.0,1.0,,,6.0,,1.0,1.0,,,,,,,,,,,27.0
2025,3,11545710,시흥5동,106,3.0,,,,16.0,2.0,3.0,,,,,,,,,,,,37.0
2025,3,11560515,영등포본동,94,4.0,,,,10.0,2.0,2.0,1.0,2.0,,,,1.0,2.0,,,,1.0,23.0
2025,3,11560535,영등포동,325,10.0,17.0,2.0,2.0,37.0,,1.0,,,1.0,,,1.0,16.0,,,,1.0,41.0
2025,3,11560540,여의동,399,23.0,70.0,1.0,,44.0,,2.0,2.0,2.0,,,,1.0,,,,,5.0,61.0
2025,3,11560550,당산1동,131,6.0,5.0,,1.0,8.0,1.0,,,,,,,,12.0,,,,2.0,23.0
2025,3,11560560,당산2동,192,6.0,4.0,,,20.0,3.0,2.0,2.0,,,,,,,,,,2.0,46.0
2025,3,11560585,도림동,66,2.0,,,,6.0,2.0,,,,,,,,,,,,,28.0
2025,3,11560605,문래동,185,8.0,9.0,,,17.0,,3.0,2.0,,,,,,2.0,,,,1.0,56.0
2025,3,11560610,양평1동,87,5.0,3.0,,1.0,6.0,,1.0,,1.0,,,,,1.0,,,,1.0,22.0
2025,3,11560620,양평2동,131,8.0,6.0,,,7.0,1.0,2.0,1.0,2.0,,,,,3.0,,,,1.0,35.0
2025,3,11560630,신길1동,85,1.0,2.0,1.0,1.0,13.0,,1.0,,,,,,,4.0,,,,2.0,25.0
2025,3,11560650,신길3동,102,3.0,5.0,,1.0,12.0,3.0,1.0,,,,,,,2.0,,,,,32.0
2025,3,11560660,신길4동,43,1.0,1.0,,,2.0,2.0,1.0,,,,,,,,,,,,13.0
2025,3,11560670,신길5동,66,3.0,,,,,1.0,1.0,1.0,1.0,,,,,5.0,,,,,31.0
2025,3,11560680,신길6동,123,4.0,1.0,,1.0,14.0,1.0,1.0,,1.0,,,1.0,,2.0,,,,1.0,29.0
2025,3,11560690,신길7동,78,5.0,1.0,,,7.0,1.0,1.0,,,,,,,1.0,,,,1.0,32.0
2025,3,11560700,대림1동,81,2.0,4.0,2.0,,18.0,,1.0,1.0,,,,2.0,,3.0,,,,,16.0
2025,3,11560710,대림2동,86,4.0,2.0,1.0,,16.0,,2.0,,,1.0,,,,1.0,,,,,13.0
2025,3,11560720,대림3동,126,2.0,7.0,,1.0,11.0,3.0,2.0,1.0,,2.0,,1.0,,,,,,2.0,46.0
2025,3,11590510,노량진1동,180,5.0,4.0,,,14.0,2.0,3.0,1.0,,1.0,,,,2.0,,,,3.0,57.0
2025,3,11590520,노량진2동,72,5.0,4.0,,1.0,14.0,1.0,,,,,,,,1.0,,,,,14.0
2025,3,11590530,상도1동,201,5.0,4.0,,1.0,16.0,2.0,2.0,1.0,,23.0,,,,,,,,2.0,47.0
2025,3,11590540,상도2동,154,6.0,3.0,,,16.0,1.0,1.0,1.0,,,,1.0,,1.0,,,,1.0,41.0
2025,3,11590550,상도3동,113,2.0,2.0,,,11.0,,,1.0,,,,1.0,,,,,,,36.0
2025,3,11590560,상도4동,112,3.0,1.0,,1.0,11.0,4.0,1.0,1.0,,,,,1.0,,,,,,36.0
2025,3,11590605,흑석동,195,6.0,6.0,1.0,,24.0,5.0,3.0,2.0,,16.0,,,,1.0,,,,1.0,50.0
2025,3,11590620,사당1동,126,4.0,6.0,,2.0,12.0,1.0,1.0,,,1.0,,,1.0,1.0,,,,2.0,13.0
2025,3,11590630,사당2동,179,3.0,2.0,,,14.0,,1.0,1.0,2.0,,,,,2.0,,,,4.0,36.0
2025,3,11590640,사당3동,88,3.0,1.0,,,5.0,,2.0,1.0,,3.0,,1.0,,,,,,1.0,30.0
2025,3,11590650,사당4동,62,2.0,1.0,,,6.0,,,1.0,,,,1.0,,,,,,,4.0
2025,3,11590651,사당5동,61,4.0,,,,3.0,1.0,2.0,1.0,1.0,,,,,,,,,,28.0
2025,3,11590660,대방동,199,5.0,5.0,,,16.0,3.0,3.0,4.0,4.0,,,,,,,,,2.0,61.0
2025,3,11590670,신대방1동,83,3.0,1.0,,,10.0,3.0,1.0,1.0,,1.0,,,,,,,,1.0,15.0
2025,3,11590680,신대방2동,109,7.0,7.0,1.0,,16.0,,1.0,1.0,1.0,,,,,,,,,,29.0
2025,3,11620525,보라매동,83,1.0,1.0,,,5.0,,1.0,1.0,1.0,,,,,,,,,,25.0
2025,3,11620545,청림동,50,2.0,,,,4.0,2.0,,,,,,,,2.0,,,,,7.0
2025,3,11620565,성현동,104,4.0,,,,6.0,3.0,2.0,1.0,1.0,,,,,,,,,,38.0
2025,3,11620575,행운동,111,3.0,3.0,1.0,2.0,12.0,1.0,2.0,2.0,1.0,,,,,,,,,,15.0
2025,3,11620585,낙성대동,148,2.0,3.0,,,10.0,,1.0,,,37.0,,,,2.0,,,,,37.0
2025,3,11620595,청룡동,147,5.0,6.0,,1.0,23.0,,2.0,2.0,3.0,,,1.0,1.0,1.0,,,,1.0,15.0
2025,3,11620605,은천동,123,6.0,,,,9.0,3.0,1.0,,1.0,,,,,,,,,,43.0
2025,3,11620615,중앙동,83,1.0,3.0,,1.0,14.0,,1.0,,,,,,,,,,,1.0,12.0
2025,3,11620625,인헌동,105,2.0,5.0,,,14.0,1.0,,1.0,1.0,,,2.0,,,,,,1.0,23.0
2025,3,11620630,남현동,70,3.0,1.0,,,6.0,1.0,1.0,,,1.0,,,,,,,,,6.0
2025,3,11620645,서원동,94,3.0,1.0,1.0,1.0,9.0,,,1.0,,,,,1.0,,,,,,27.0
2025,3,11620655,신원동,54,6.0,1.0,,,7.0,,1.0,,,1.0,,,,,,,,,10.0
2025,3,11620665,서림동,74,2.0,,,,5.0,1.0,1.0,1.0,,,,,,,,,,,34.0
2025,3,11620685,신사동,79,3.0,2.0,,1.0,10.0,1.0,1.0,,,1.0,,1.0,,,,,,,21.0
2025,3,11620695,신림동,168,2.0,3.0,,,17.0,,,,,,,,,4.0,,,,1.0,16.0
2025,3,11620715,난향동,68,1.0,,,,5.0,,1.0,,,,,,,,,,,,34.0
2025,3,11620725,조원동,96,3.0,1.0,,1.0,12.0,,1.0,,,,,1.0,,,,,,,30.0
2025,3,11620735,대학동,283,5.0,6.0,,,11.0,,1.0,1.0,2.0,140.0,,,,,,,,,73.0
2025,3,11620745,삼성동,94,3.0,,,,7.0,,2.0,,1.0,,,,,3.0,,,,,44.0
2025,3,11620765,미성동,126,3.0,3.0,,1.0,11.0,1.0,2.0,2.0,2.0,,,,,1.0,,,,,44.0
2025,3,11620775,난곡동,95,2.0,1.0,,,11.0,2.0,1.0,2.0,1.0,,,1.0,,,,,,,28.0
2025,3,11650510,서초1동,194,4.0,10.0,,1.0,14.0,,2.0,,,13.0,,,,,,,,2.0,38.0
2025,3,11650520,서초2동,217,8.0,26.0,,,24.0,,1.0,1.0,1.0,,,,,1.0,,,,2.0,47.0
2025,3,11650530,서초3동,332,25.0,30.0,,3.0,30.0,1.0,1.0,1.0,3.0,2.0,,,,,,,1.0,2.0,77.0
2025,3,11650531,서초4동,257,2.0,13.0,,1.0,31.0,2.0,2.0,1.0,,,,,1.0,,,,,,36.0
2025,3,11650540,잠원동,135,3.0,8.0,,,13.0,1.0,1.0,1.0,,,,,,,,,,2.0,23.0
2025,3,11650550,반포본동,33,1.0,3.0,,,2.0,,1.0,2.0,2.0,,,1.0,,,,,,1.0,5.0
2025,3,11650560,반포1동,140,6.0,6.0,,1.0,20.0,1.0,2.0,1.0,1.0,,,,,,,,,1.0,26.0
2025,3,11650570,반포2동,74,4.0,5.0,,,5.0,,2.0,1.0,,,,1.0,,,,,,1.0,25.0
2025,3,11650580,반포3동,109,3.0,7.0,,,11.0,,1.0,1.0,,,,,,,,,,,18.0
2025,3,11650581,반포4동,130,7.0,12.0,1.0,,12.0,,,1.0,,3.0,,,1.0,,,,,3.0,33.0
2025,3,11650590,방배본동,103,2.0,6.0,,,16.0,,1.0,,,,,1.0,,,,,,,25.0
2025,3,11650600,방배1동,102,3.0,4.0,,1.0,10.0,,1.0,,,3.0,,1.0,,,,,,1.0,19.0
2025,3,11650610,방배2동,114,4.0,2.0,,,3.0,,1.0,1.0,1.0,,,1.0,,1.0,,,,1.0,37.0
2025,3,11650620,방배3동,112,4.0,3.0,,2.0,6.0,,2.0,,1.0,7.0,,,,,,,,,50.0
2025,3,11650621,방배4동,156,3.0,10.0,,,11.0,,1.0,,1.0,4.0,,,,1.0,,,,1.0,31.0
2025,3,11650651,양재1동,263,12.0,11.0,,1.0,20.0,3.0,4.0,1.0,,1.0,,,,,,,,2.0,86.0
2025,3,11650652,양재2동,147,2.0,16.0,,,11.0,,1.0,2.0,1.0,,,1.0,,,,,,1.0,57.0
2025,3,11650660,내곡동,161,5.0,1.0,,1.0,2.0,2.0,1.0,,,3.0,,1.0,,,,,,1.0,85.0
2025,3,11680510,신사동,260,3.0,14.0,,,36.0,2.0,1.0,1.0,2.0,,1.0,,1.0,,,,,1.0,12.0
2025,3,11680521,논현1동,300,4.0,15.0,,4.0,42.0,,1.0,,,,,1.0,8.0,,,,,3.0,23.0
2025,3,11680531,논현2동,240,8.0,16.0,,5.0,29.0,1.0,1.0,1.0,,4.0,,,2.0,,,,,1.0,33.0
2025,3,11680545,압구정동,313,4.0,25.0,,5.0,30.0,1.0,1.0,2.0,2.0,,2.0,1.0,3.0,,,,,2.0,18.0
2025,3,11680565,청담동,288,11.0,19.0,,4.0,27.0,2.0,2.0,1.0,1.0,1.0,,,,,,,,3.0,23.0
2025,3,11680580,삼성1동,199,6.0,26.0,,3.0,13.0,1.0,1.0,1.0,1.0,,1.0,,1.0,,,,,3.0,38.0
2025,3,11680590,삼성2동,177,10.0,11.0,,,11.0,,1.0,1.0,,1.0,,,,,,,,4.0,28.0
2025,3,11680600,대치1동,130,4.0,11.0,,,13.0,1.0,1.0,1.0,2.0,1.0,,,,,,,,,24.0
2025,3,11680610,대치2동,210,6.0,26.0,,2.0,20.0,,2.0,1.0,1.0,,,,,,,,,2.0,39.0
2025,3,11680630,대치4동,159,4.0,12.0,1.0,1.0,18.0,,1.0,,,1.0,1.0,,,,,,,,14.0
2025,3,11680640,역삼1동,542,15.0,49.0,1.0,3.0,64.0,1.0,1.0,,,,,,3.0,1.0,,,,1.0,44.0
2025,3,11680650,역삼2동,195,3.0,14.0,,2.0,25.0,,1.0,2.0,1.0,1.0,,,,,,,,,31.0
2025,3,11680655,도곡1동,142,4.0,9.0,1.0,4.0,20.0,2.0,1.0,2.0,1.0,,,,,,,,,1.0,27.0
2025,3,11680656,도곡2동,118,7.0,23.0,,,10.0,2.0,1.0,1.0,2.0,,,,,,,,,3.0,25.0
2025,3,11680660,개포1동,38,1.0,1.0,,,1.0,,1.0,2.0,,,,,,,,,,,29.0
2025,3,11680670,개포2동,135,3.0,3.0,,,9.0,5.0,4.0,1.0,3.0,,,,,,,,,3.0,50.0
2025,3,11680690,개포4동,115,3.0,4.0,,,7.0,,2.0,1.0,1.0,,,,,,,,,,49.0
2025,3,11680700,세곡동,191,4.0,1.0,,,9.0,3.0,4.0,1.0,1.0,,,,,,,,,,95.0
2025,3,11680720,일원본동,103,2.0,6.0,1.0,,15.0,2.0,2.0,1.0,2.0,,,,,,,,,1.0,32.0
2025,3,11680730,일원1동,74,4.0,1.0,,,11.0,1.0,2.0,,1.0,,,,,,,,,,18.0
2025,3,11680740,일원2동,66,3.0,3.0,,,6.0,2.0,1.0,1.0,,,,,,,,,,1.0,13.0
2025,3,11680750,수서동,89,3.0,3.0,,,11.0,2.0,1.0,1.0,2.0,,,,,,,,,2.0,23.0
2025,3,11710510,풍납1동,48,3.0,,,1.0,6.0,1.0,1.0,,,,,,,,,,,,6.0
2025,3,11710520,풍납2동,125,5.0,5.0,1.0,,26.0,2.0,2.0,3.0,1.0,3.0,,,,,,,,1.0,24.0
2025,3,11710531,거여1동,48,2.0,,,,2.0,,1.0,,1.0,,,,,1.0,,,,1.0,6.0
2025,3,11710532,거여2동,78,3.0,3.0,,1.0,12.0,1.0,1.0,1.0,,,,,,,,,,,11.0
2025,3,11710540,마천1동,73,4.0,1.0,,,8.0,1.0,1.0,,,,,,,1.0,,,,1.0,15.0
2025,3,11710550,마천2동,93,3.0,2.0,,,14.0,,1.0,,,,,,,,,,,,12.0
2025,3,11710561,방이1동,73,2.0,1.0,,,10.0,2.0,2.0,1.0,1.0,,,,,,,,,1.0,11.0
2025,3,11710562,방이2동,164,3.0,5.0,,,18.0,,1.0,1.0,,,,,,,,,,1.0,13.0
2025,3,11710566,오륜동,74,4.0,6.0,,,6.0,1.0,2.0,2.0,3.0,11.0,,,,,,,,3.0,15.0
2025,3,11710570,오금동,134,5.0,5.0,,,13.0,3.0,3.0,4.0,2.0,,,,,,,,,3.0,27.0
2025,3,11710580,송파1동,102,2.0,4.0,,3.0,14.0,1.0,1.0,,,,,,,,,,,2.0,13.0
2025,3,11710590,송파2동,79,3.0,1.0,,,11.0,3.0,1.0,2.0,3.0,,,,,,,,,,7.0
2025,3,11710600,석촌동,159,3.0,7.0,,2.0,27.0,3.0,2.0,,,,,,,,,,,,20.0
2025,3,11710610,삼전동,118,4.0,2.0,,,14.0,3.0,1.0,1.0,1.0,,,,,1.0,,,,1.0,12.0
2025,3,11710620,가락본동,144,5.0,9.0,1.0,5.0,21.0,1.0,2.0,2.0,,,,,,,,,,,21.0
2025,3,11710631,가락1동,82,2.0,8.0,,,13.0,1.0,1.0,1.0,,,,1.0,,,,,,3.0,16.0
2025,3,11710632,가락2동,143,3.0,6.0,,,17.0,4.0,2.0,1.0,,,,,,,,,,1.0,22.0
2025,3,11710641,문정1동,70,3.0,1.0,,,5.0,1.0,1.0,1.0,,,,,,,,,,,19.0
2025,3,11710642,문정2동,149,10.0,12.0,,1.0,22.0,,1.0,,,,,,2.0,,,,,3.0,14.0
2025,3,11710646,장지동,136,4.0,3.0,,,10.0,1.0,2.0,1.0,3.0,,,,1.0,,,,,1.0,41.0
2025,3,11710647,위례동,84,3.0,1.0,,,5.0,2.0,2.0,1.0,,,,,,,,,,,32.0
2025,3,11710650,잠실본동,192,5.0,9.0,,1.0,24.0,,1.0,,,,,,,,,,,1.0,12.0
2025,3,11710670,잠실2동,91,4.0,6.0,,,14.0,1.0,2.0,2.0,2.0,,,,,,,,,1.0,5.0
2025,3,11710680,잠실3동,103,5.0,9.0,,,11.0,1.0,3.0,,1.0,,,,,,,,,,16.0
2025,3,11710690,잠실4동,74,3.0,3.0,,,10.0,1.0,2.0,,1.0,,,,,,,,,2.0,7.0
2025,3,11710710,잠실6동,144,4.0,17.0,,1.0,23.0,,1.0,1.0,,,,,1.0,,,,,2.0,13.0
2025,3,11710720,잠실7동,30,2.0,4.0,,,4.0,,1.0,2.0,1.0,,,,,,,,,2.0,3.0
2025,3,11740515,강일동,187,5.0,3.0,,,12.0,2.0,2.0,2.0,1.0,,,,,,,,,3.0,79.0
2025,3,11740520,상일동,105,4.0,2.0,1.0,,8.0,4.0,2.0,2.0,5.0,,,,,,,,,,37.0
2025,3,11740530,명일1동,151,5.0,6.0,,2.0,17.0,,1.0,,,,,,,,,,,1.0,22.0
2025,3,11740540,명일2동,107,3.0,6.0,,,18.0,4.0,2.0,,1.0,,,,,,,,,,18.0
2025,3,11740550,고덕1동,92,3.0,,,,4.0,1.0,2.0,1.0,1.0,,,,,,,,,1.0,26.0
2025,3,11740560,고덕2동,78,3.0,1.0,,,9.0,1.0,2.0,1.0,2.0,,,,,,,,,1.0,25.0
2025,3,11740570,암사1동,90,2.0,1.0,,,8.0,1.0,1.0,,,1.0,,1.0,,,,,,,13.0
2025,3,11740580,암사2동,61,1.0,3.0,,,6.0,1.0,2.0,,,,,,,,,,,1.0,6.0
2025,3,11740590,암사3동,50,2.0,1.0,,,5.0,1.0,,2.0,1.0,,,,,,,,,,12.0
2025,3,11740600,천호1동,92,4.0,1.0,,,11.0,,1.0,1.0,1.0,1.0,,,1.0,,,,,1.0,11.0
2025,3,11740610,천호2동,203,4.0,3.0,,1.0,26.0,1.0,1.0,1.0,,,,,,3.0,,,,,22.0
2025,3,11740620,천호3동,115,4.0,3.0,,2.0,14.0,,,1.0,,,,,,1.0,,,,,11.0
2025,3,11740640,성내1동,98,6.0,4.0,,2.0,9.0,1.0,2.0,1.0,,1.0,,,1.0,,,,,,20.0
2025,3,11740650,성내2동,113,2.0,3.0,,4.0,14.0,,,,,,,,1.0,,,,,3.0,16.0
2025,3,11740660,성내3동,136,4.0,5.0,,,13.0,2.0,,,,2.0,,,,,,,,1.0,13.0
2025,3,11740685,길동,242,6.0,10.0,1.0,4.0,34.0,4.0,3.0,1.0,,1.0,,,,,,,,1.0,36.0
2025,3,11740690,둔촌1동,14,,,,,,,2.0,,1.0,,,,,,,,,1.0,6.0
2025,3,11740700,둔촌2동,129,5.0,4.0,1.0,,17.0,2.0,1.0,2.0,1.0,,,,,,,,,1.0,32.0
