연도,분기,구이름,구코드,행정동_코드,행정동_코드_명,등록인구_수
2020,1,종로구,11110,11110600,가회동,4464
2020,1,종로구,11110,11110580,교남동,10750
2020,1,종로구,11110,11110570,무악동,8767
2020,1,종로구,11110,11110550,부암동,10597
2020,1,종로구,11110,11110530,사직동,9841
2020,1,종로구,11110,11110540,삼청동,2993
2020,1,종로구,11110,11110700,숭인1동,6508
2020,1,종로구,11110,11110710,숭인2동,9965
2020,1,종로구,11110,11110640,이화동,8460
2020,1,종로구,11110,11110615,종로1234가동,8539
2020,1,종로구,11110,11110630,종로56가동,5853
2020,1,종로구,11110,11110670,창신1동,6046
2020,1,종로구,11110,11110680,창신2동,9776
2020,1,종로구,11110,11110690,창신3동,7230
2020,1,종로구,11110,11110515,청운효자동,12960
2020,1,종로구,11110,11110560,평창동,18768
2020,1,종로구,11110,11110650,혜화동,20467
2020,1,중구,11140,11140590,광희동,6427
2020,1,중구,11140,11140625,다산동,15028
2020,1,중구,11140,11140665,동화동,11023
2020,1,중구,11140,11140550,명동,3649
2020,1,중구,11140,11140520,소공동,3057
2020,1,중구,11140,11140650,신당5동,10969
2020,1,중구,11140,11140615,신당동,9236
2020,1,중구,11140,11140635,약수동,17696
2020,1,중구,11140,11140605,을지로동,2012
2020,1,중구,11140,11140580,장충동,5573
2020,1,중구,11140,11140680,중림동,12925
2020,1,중구,11140,11140645,청구동,14379
2020,1,중구,11140,11140570,필동,4904
2020,1,중구,11140,11140670,황학동,13779
2020,1,중구,11140,11140540,회현동,5812
2020,1,용산구,11170,11170530,남영동,8395
2020,1,용산구,11170,11170700,보광동,15997
2020,1,용산구,11170,11170690,서빙고동,14164
2020,1,용산구,11170,11170590,용문동,12554
2020,1,용산구,11170,11170520,용산2가동,11789
2020,1,용산구,11170,11170560,원효로1동,16737
2020,1,용산구,11170,11170570,원효로2동,14578
2020,1,용산구,11170,11170630,이촌1동,29428
2020,1,용산구,11170,11170640,이촌2동,8926
2020,1,용산구,11170,11170650,이태원1동,9191
2020,1,용산구,11170,11170660,이태원2동,10878
2020,1,용산구,11170,11170555,청파동,20768
2020,1,용산구,11170,11170625,한강로동,19884
2020,1,용산구,11170,11170685,한남동,24136
2020,1,용산구,11170,11170580,효창동,10363
2020,1,용산구,11170,11170510,후암동,18377
2020,1,성동구,11200,11200590,금호1가동,15885
2020,1,성동구,11200,11200615,금호23가동,24029
2020,1,성동구,11200,11200620,금호4가동,15041
2020,1,성동구,11200,11200540,마장동,23927
2020,1,성동구,11200,11200550,사근동,13625
2020,1,성동구,11200,11200650,성수1가1동,17087
2020,1,성동구,11200,11200660,성수1가2동,14430
2020,1,성동구,11200,11200670,성수2가1동,17683
2020,1,성동구,11200,11200690,성수2가3동,11673
2020,1,성동구,11200,11200720,송정동,11388
2020,1,성동구,11200,11200645,옥수동,27134
2020,1,성동구,11200,11200520,왕십리2동,17755
2020,1,성동구,11200,11200535,왕십리도선동,27756
2020,1,성동구,11200,11200790,용답동,13284
2020,1,성동구,11200,11200580,응봉동,16066
2020,1,성동구,11200,11200560,행당1동,15887
2020,1,성동구,11200,11200570,행당2동,24543
2020,1,광진구,11215,11215810,광장동,36051
2020,1,광진구,11215,11215850,구의1동,23156
2020,1,광진구,11215,11215860,구의2동,27772
2020,1,광진구,11215,11215870,구의3동,29915
2020,1,광진구,11215,11215730,군자동,22174
2020,1,광진구,11215,11215780,능동,11991
2020,1,광진구,11215,11215820,자양1동,24030
2020,1,광진구,11215,11215830,자양2동,26694
2020,1,광진구,11215,11215840,자양3동,29264
2020,1,광진구,11215,11215847,자양4동,22822
2020,1,광진구,11215,11215740,중곡1동,16257
2020,1,광진구,11215,11215750,중곡2동,22613
2020,1,광진구,11215,11215760,중곡3동,17191
2020,1,광진구,11215,11215770,중곡4동,30432
2020,1,광진구,11215,11215710,화양동,25628
2020,1,동대문구,11230,11230600,답십리1동,29643
2020,1,동대문구,11230,11230610,답십리2동,30393
2020,1,동대문구,11230,11230536,용신동,32455
2020,1,동대문구,11230,11230740,이문1동,22067
2020,1,동대문구,11230,11230750,이문2동,21220
2020,1,동대문구,11230,11230650,장안1동,39284
2020,1,동대문구,11230,11230660,장안2동,33395
2020,1,동대문구,11230,11230560,전농1동,31136
2020,1,동대문구,11230,11230570,전농2동,19879
2020,1,동대문구,11230,11230545,제기동,27295
2020,1,동대문구,11230,11230705,청량리동,21656
2020,1,동대문구,11230,11230710,회기동,12961
2020,1,동대문구,11230,11230720,휘경1동,16305
2020,1,동대문구,11230,11230730,휘경2동,25104
2020,1,중랑구,11260,11260660,망우3동,17835
2020,1,중랑구,11260,11260655,망우본동,30949
2020,1,중랑구,11260,11260520,면목2동,25783
2020,1,중랑구,11260,11260575,면목38동,26478
2020,1,중랑구,11260,11260540,면목4동,19887
2020,1,중랑구,11260,11260550,면목5동,9672
2020,1,중랑구,11260,11260570,면목7동,22763
2020,1,중랑구,11260,11260565,면목본동,36088
2020,1,중랑구,11260,11260620,묵1동,35969
2020,1,중랑구,11260,11260630,묵2동,19822
2020,1,중랑구,11260,11260580,상봉1동,25334
2020,1,중랑구,11260,11260590,상봉2동,20044
2020,1,중랑구,11260,11260680,신내1동,40670
2020,1,중랑구,11260,11260690,신내2동,21729
2020,1,중랑구,11260,11260600,중화1동,20832
2020,1,중랑구,11260,11260610,중화2동,26823
2020,1,성북구,11290,11290660,길음1동,36971
2020,1,성북구,11290,11290685,길음2동,17226
2020,1,성북구,11290,11290580,돈암1동,15815
2020,1,성북구,11290,11290590,돈암2동,24923
2020,1,성북구,11290,11290575,동선동,16379
2020,1,성북구,11290,11290610,보문동,16617
2020,1,성북구,11290,11290555,삼선동,25048
2020,1,성북구,11290,11290810,석관동,36723
2020,1,성북구,11290,11290525,성북동,17615
2020,1,성북구,11290,11290600,안암동,17574
2020,1,성북구,11290,11290715,월곡1동,27371
2020,1,성북구,11290,11290725,월곡2동,20705
2020,1,성북구,11290,11290760,장위1동,20571
2020,1,성북구,11290,11290770,장위2동,14043
2020,1,성북구,11290,11290780,장위3동,18125
2020,1,성북구,11290,11290620,정릉1동,19399
2020,1,성북구,11290,11290630,정릉2동,23819
2020,1,성북구,11290,11290640,정릉3동,17180
2020,1,성북구,11290,11290650,정릉4동,26547
2020,1,성북구,11290,11290705,종암동,41881
2020,1,강북구,11305,11305535,미아동,22799
2020,1,강북구,11305,11305595,번1동,19648
2020,1,강북구,11305,11305603,번2동,17041
2020,1,강북구,11305,11305608,번3동,18094
2020,1,강북구,11305,11305575,삼각산동,32668
2020,1,강북구,11305,11305534,삼양동,25334
2020,1,강북구,11305,11305545,송중동,31331
2020,1,강북구,11305,11305555,송천동,28475
2020,1,강북구,11305,11305615,수유1동,21734
2020,1,강북구,11305,11305625,수유2동,21931
2020,1,강북구,11305,11305635,수유3동,24070
2020,1,강북구,11305,11305645,우이동,21293
2020,1,강북구,11305,11305660,인수동,32332
2020,1,도봉구,11320,11320521,도봉1동,22141
2020,1,도봉구,11320,11320522,도봉2동,28498
2020,1,도봉구,11320,11320690,방학1동,29817
2020,1,도봉구,11320,11320700,방학2동,21016
2020,1,도봉구,11320,11320710,방학3동,28522
2020,1,도봉구,11320,11320660,쌍문1동,22236
2020,1,도봉구,11320,11320670,쌍문2동,19875
2020,1,도봉구,11320,11320680,쌍문3동,17197
2020,1,도봉구,11320,11320681,쌍문4동,19699
2020,1,도봉구,11320,11320511,창1동,26078
2020,1,도봉구,11320,11320512,창2동,30394
2020,1,도봉구,11320,11320513,창3동,14641
2020,1,도봉구,11320,11320514,창4동,27696
2020,1,도봉구,11320,11320515,창5동,25685
2020,1,노원구,11350,11350595,공릉1동,38853
2020,1,노원구,11350,11350600,공릉2동,40688
2020,1,노원구,11350,11350720,상계10동,16503
2020,1,노원구,11350,11350630,상계1동,39942
2020,1,노원구,11350,11350640,상계2동,21062
2020,1,노원구,11350,11350665,상계34동,27366
2020,1,노원구,11350,11350670,상계5동,25181
2020,1,노원구,11350,11350695,상계67동,34341
2020,1,노원구,11350,11350700,상계8동,23618
2020,1,노원구,11350,11350710,상계9동,21707
2020,1,노원구,11350,11350560,월계1동,23781
2020,1,노원구,11350,11350570,월계2동,27873
2020,1,노원구,11350,11350580,월계3동,31378
2020,1,노원구,11350,11350621,중계1동,27903
2020,1,노원구,11350,11350625,중계23동,36414
2020,1,노원구,11350,11350624,중계4동,21121
2020,1,노원구,11350,11350619,중계본동,25717
2020,1,노원구,11350,11350611,하계1동,28864
2020,1,노원구,11350,11350612,하계2동,23183
2020,1,은평구,11380,11380551,갈현1동,24318
2020,1,은평구,11380,11380552,갈현2동,30001
2020,1,은평구,11380,11380560,구산동,33673
2020,1,은평구,11380,11380510,녹번동,38439
2020,1,은평구,11380,11380570,대조동,27817
2020,1,은평구,11380,11380520,불광1동,40613
2020,1,은평구,11380,11380530,불광2동,29290
2020,1,은평구,11380,11380650,수색동,8808
2020,1,은평구,11380,11380631,신사1동,28396
2020,1,은평구,11380,11380632,신사2동,21686
2020,1,은평구,11380,11380625,역촌동,48097
2020,1,은평구,11380,11380580,응암1동,25548
2020,1,은평구,11380,11380590,응암2동,25834
2020,1,은평구,11380,11380600,응암3동,25951
2020,1,은평구,11380,11380640,증산동,16006
2020,1,은평구,11380,11380690,진관동,58032
2020,1,서대문구,11410,11410690,남가좌1동,16576
2020,1,서대문구,11410,11410700,남가좌2동,30061
2020,1,서대문구,11410,11410710,북가좌1동,18990
2020,1,서대문구,11410,11410720,북가좌2동,33607
2020,1,서대문구,11410,11410555,북아현동,17456
2020,1,서대문구,11410,11410585,신촌동,24024
2020,1,서대문구,11410,11410615,연희동,41092
2020,1,서대문구,11410,11410520,천연동,18545
2020,1,서대문구,11410,11410565,충현동,18225
2020,1,서대문구,11410,11410660,홍은1동,23381
2020,1,서대문구,11410,11410685,홍은2동,28262
2020,1,서대문구,11410,11410620,홍제1동,24911
2020,1,서대문구,11410,11410655,홍제2동,14479
2020,1,서대문구,11410,11410640,홍제3동,16266
2020,1,마포구,11440,11440565,공덕동,40430
2020,1,마포구,11440,11440600,대흥동,15177
2020,1,마포구,11440,11440585,도화동,22544
2020,1,마포구,11440,11440690,망원1동,21705
2020,1,마포구,11440,11440700,망원2동,19346
2020,1,마포구,11440,11440740,상암동,32589
2020,1,마포구,11440,11440655,서강동,26021
2020,1,마포구,11440,11440660,서교동,25876
2020,1,마포구,11440,11440720,성산1동,20169
2020,1,마포구,11440,11440730,성산2동,41447
2020,1,마포구,11440,11440630,신수동,23909
2020,1,마포구,11440,11440555,아현동,25340
2020,1,마포구,11440,11440710,연남동,16818
2020,1,마포구,11440,11440610,염리동,13298
2020,1,마포구,11440,11440590,용강동,22386
2020,1,마포구,11440,11440680,합정동,19031
2020,1,양천구,11470,11470510,목1동,32231
2020,1,양천구,11470,11470520,목2동,31383
2020,1,양천구,11470,11470530,목3동,23058
2020,1,양천구,11470,11470540,목4동,26774
2020,1,양천구,11470,11470550,목5동,42889
2020,1,양천구,11470,11470560,신월1동,21564
2020,1,양천구,11470,11470570,신월2동,21933
2020,1,양천구,11470,11470580,신월3동,16554
2020,1,양천구,11470,11470590,신월4동,18921
2020,1,양천구,11470,11470600,신월5동,15495
2020,1,양천구,11470,11470610,신월6동,6700
2020,1,양천구,11470,11470611,신월7동,21487
2020,1,양천구,11470,11470620,신정1동,21460
2020,1,양천구,11470,11470630,신정2동,20708
2020,1,양천구,11470,11470640,신정3동,48128
2020,1,양천구,11470,11470650,신정4동,35262
2020,1,양천구,11470,11470670,신정6동,25301
2020,1,양천구,11470,11470680,신정7동,30684
2020,1,강서구,11500,11500603,가양1동,34147
2020,1,강서구,11500,11500604,가양2동,15032
2020,1,강서구,11500,11500605,가양3동,16101
2020,1,강서구,11500,11500620,공항동,28129
2020,1,강서구,11500,11500520,등촌1동,23692
2020,1,강서구,11500,11500530,등촌2동,21707
2020,1,강서구,11500,11500535,등촌3동,32267
2020,1,강서구,11500,11500611,발산1동,38458
2020,1,강서구,11500,11500630,방화1동,45464
2020,1,강서구,11500,11500640,방화2동,23942
2020,1,강서구,11500,11500641,방화3동,24286
2020,1,강서구,11500,11500510,염창동,42421
2020,1,강서구,11500,11500615,우장산동,44610
2020,1,강서구,11500,11500540,화곡1동,54449
2020,1,강서구,11500,11500550,화곡2동,19257
2020,1,강서구,11500,11500560,화곡3동,22548
2020,1,강서구,11500,11500570,화곡4동,21902
2020,1,강서구,11500,11500591,화곡6동,25196
2020,1,강서구,11500,11500593,화곡8동,26304
2020,1,강서구,11500,11500590,화곡본동,35791
2020,1,구로구,11530,11530595,가리봉동,15181
2020,1,구로구,11530,11530740,개봉1동,33402
2020,1,구로구,11530,11530750,개봉2동,32786
2020,1,구로구,11530,11530760,개봉3동,21894
2020,1,구로구,11530,11530720,고척1동,24080
2020,1,구로구,11530,11530730,고척2동,28656
2020,1,구로구,11530,11530520,구로1동,21951
2020,1,구로구,11530,11530530,구로2동,34927
2020,1,구로구,11530,11530540,구로3동,26155
2020,1,구로구,11530,11530550,구로4동,25986
2020,1,구로구,11530,11530560,구로5동,33318
2020,1,구로구,11530,11530790,수궁동,24729
2020,1,구로구,11530,11530510,신도림동,36908
2020,1,구로구,11530,11530770,오류1동,23364
2020,1,구로구,11530,11530780,오류2동,40608
2020,1,구로구,11530,11530800,항동,14363
2020,1,금천구,11545,11545510,가산동,24732
2020,1,금천구,11545,11545610,독산1동,44572
2020,1,금천구,11545,11545620,독산2동,21225
2020,1,금천구,11545,11545630,독산3동,29724
2020,1,금천구,11545,11545640,독산4동,18110
2020,1,금천구,11545,11545670,시흥1동,36362
2020,1,금천구,11545,11545680,시흥2동,22422
2020,1,금천구,11545,11545690,시흥3동,11466
2020,1,금천구,11545,11545700,시흥4동,22002
2020,1,금천구,11545,11545710,시흥5동,20755
2020,1,영등포구,11560,11560550,당산1동,21498
2020,1,영등포구,11560,11560560,당산2동,36430
2020,1,영등포구,11560,11560700,대림1동,16229
2020,1,영등포구,11560,11560710,대림2동,21101
2020,1,영등포구,11560,11560720,대림3동,28328
2020,1,영등포구,11560,11560585,도림동,21423
2020,1,영등포구,11560,11560605,문래동,31981
2020,1,영등포구,11560,11560630,신길1동,19670
2020,1,영등포구,11560,11560650,신길3동,18589
2020,1,영등포구,11560,11560660,신길4동,9873
2020,1,영등포구,11560,11560670,신길5동,11997
2020,1,영등포구,11560,11560680,신길6동,19294
2020,1,영등포구,11560,11560690,신길7동,20425
2020,1,영등포구,11560,11560610,양평1동,18168
2020,1,영등포구,11560,11560620,양평2동,22736
2020,1,영등포구,11560,11560540,여의동,34736
2020,1,영등포구,11560,11560535,영등포동,27692
2020,1,영등포구,11560,11560515,영등포본동,24596
2020,1,동작구,11590,11590510,노량진1동,32572
2020,1,동작구,11590,11590520,노량진2동,13749
2020,1,동작구,11590,11590660,대방동,40002
2020,1,동작구,11590,11590620,사당1동,24012
2020,1,동작구,11590,11590630,사당2동,28189
2020,1,동작구,11590,11590640,사당3동,25849
2020,1,동작구,11590,11590650,사당4동,14856
2020,1,동작구,11590,11590651,사당5동,13416
2020,1,동작구,11590,11590530,상도1동,48023
2020,1,동작구,11590,11590540,상도2동,29013
2020,1,동작구,11590,11590550,상도3동,25905
2020,1,동작구,11590,11590560,상도4동,29773
2020,1,동작구,11590,11590670,신대방1동,26333
2020,1,동작구,11590,11590680,신대방2동,20636
2020,1,동작구,11590,11590605,흑석동,35474
2020,1,관악구,11620,11620585,낙성대동,17669
2020,1,관악구,11620,11620775,난곡동,28735
2020,1,관악구,11620,11620715,난향동,16209
2020,1,관악구,11620,11620630,남현동,18962
2020,1,관악구,11620,11620735,대학동,24638
2020,1,관악구,11620,11620765,미성동,32597
2020,1,관악구,11620,11620525,보라매동,26166
2020,1,관악구,11620,11620745,삼성동,25041
2020,1,관악구,11620,11620665,서림동,24252
2020,1,관악구,11620,11620645,서원동,24106
2020,1,관악구,11620,11620565,성현동,30823
2020,1,관악구,11620,11620695,신림동,22643
2020,1,관악구,11620,11620685,신사동,26034
2020,1,관악구,11620,11620655,신원동,19708
2020,1,관악구,11620,11620605,은천동,35142
2020,1,관악구,11620,11620625,인헌동,27056
2020,1,관악구,11620,11620725,조원동,19631
2020,1,관악구,11620,11620615,중앙동,16005
2020,1,관악구,11620,11620595,청룡동,34924
2020,1,관악구,11620,11620545,청림동,16127
2020,1,관악구,11620,11620575,행운동,30194
2020,1,서초구,11650,11650660,내곡동,18500
2020,1,서초구,11650,11650560,반포1동,33268
2020,1,서초구,11650,11650570,반포2동,16400
2020,1,서초구,11650,11650580,반포3동,20343
2020,1,서초구,11650,11650581,반포4동,20217
2020,1,서초구,11650,11650550,반포본동,12183
2020,1,서초구,11650,11650600,방배1동,17739
2020,1,서초구,11650,11650610,방배2동,20856
2020,1,서초구,11650,11650620,방배3동,22226
2020,1,서초구,11650,11650621,방배4동,23999
2020,1,서초구,11650,11650590,방배본동,21539
2020,1,서초구,11650,11650510,서초1동,21502
2020,1,서초구,11650,11650520,서초2동,18975
2020,1,서초구,11650,11650530,서초3동,31176
2020,1,서초구,11650,11650531,서초4동,32024
2020,1,서초구,11650,11650651,양재1동,45707
2020,1,서초구,11650,11650652,양재2동,23089
2020,1,서초구,11650,11650540,잠원동,35058
2020,1,강남구,11680,11680660,개포1동,6890
2020,1,강남구,11680,11680670,개포2동,22510
2020,1,강남구,11680,11680690,개포4동,18282
2020,1,강남구,11680,11680521,논현1동,23944
2020,1,강남구,11680,11680531,논현2동,21858
2020,1,강남구,11680,11680600,대치1동,25298
2020,1,강남구,11680,11680610,대치2동,38575
2020,1,강남구,11680,11680630,대치4동,20770
2020,1,강남구,11680,11680655,도곡1동,22651
2020,1,강남구,11680,11680656,도곡2동,34524
2020,1,강남구,11680,11680580,삼성1동,14959
2020,1,강남구,11680,11680590,삼성2동,30674
2020,1,강남구,11680,11680700,세곡동,45060
2020,1,강남구,11680,11680750,수서동,15798
2020,1,강남구,11680,11680510,신사동,17487
2020,1,강남구,11680,11680545,압구정동,27802
2020,1,강남구,11680,11680640,역삼1동,36973
2020,1,강남구,11680,11680650,역삼2동,37513
2020,1,강남구,11680,11680730,일원1동,16407
2020,1,강남구,11680,11680740,일원2동,18086
2020,1,강남구,11680,11680720,일원본동,24358
2020,1,강남구,11680,11680565,청담동,29479
2020,1,송파구,11710,11710631,가락1동,28032
2020,1,송파구,11710,11710632,가락2동,33776
2020,1,송파구,11710,11710620,가락본동,27833
2020,1,송파구,11710,11710531,거여1동,13163
2020,1,송파구,11710,11710532,거여2동,16852
2020,1,송파구,11710,11710540,마천1동,20562
2020,1,송파구,11710,11710550,마천2동,20108
2020,1,송파구,11710,11710641,문정1동,21304
2020,1,송파구,11710,11710642,문정2동,30070
2020,1,송파구,11710,11710561,방이1동,16450
2020,1,송파구,11710,11710562,방이2동,26408
2020,1,송파구,11710,11710610,삼전동,32400
2020,1,송파구,11710,11710600,석촌동,34097
2020,1,송파구,11710,11710580,송파1동,25801
2020,1,송파구,11710,11710590,송파2동,20848
2020,1,송파구,11710,11710570,오금동,41029
2020,1,송파구,11710,11710566,오륜동,18837
2020,1,송파구,11710,11710647,위례동,28341
2020,1,송파구,11710,11710670,잠실2동,36784
2020,1,송파구,11710,11710680,잠실3동,35931
2020,1,송파구,11710,11710690,잠실4동,22136
2020,1,송파구,11710,11710710,잠실6동,17479
2020,1,송파구,11710,11710720,잠실7동,10153
2020,1,송파구,11710,11710650,잠실본동,29537
2020,1,송파구,11710,11710646,장지동,31815
2020,1,송파구,11710,11710510,풍납1동,15332
2020,1,송파구,11710,11710520,풍납2동,25805
2020,1,강동구,11740,11740515,강일동,31982
2020,1,강동구,11740,11740550,고덕1동,26753
2020,1,강동구,11740,11740560,고덕2동,21130
2020,1,강동구,11740,11740685,길동,46063
2020,1,강동구,11740,11740700,둔촌2동,27520
2020,1,강동구,11740,11740530,명일1동,26538
2020,1,강동구,11740,11740540,명일2동,17589
2020,1,강동구,11740,11740520,상일동,27636
2020,1,강동구,11740,11740640,성내1동,20468
2020,1,강동구,11740,11740650,성내2동,25187
2020,1,강동구,11740,11740660,성내3동,23887
2020,1,강동구,11740,11740570,암사1동,36492
2020,1,강동구,11740,11740580,암사2동,15521
2020,1,강동구,11740,11740590,암사3동,18517
2020,1,강동구,11740,11740600,천호1동,28223
2020,1,강동구,11740,11740610,천호2동,35714
2020,1,강동구,11740,11740620,천호3동,27543
2020,2,종로구,11110,11110600,가회동,4453
2020,2,종로구,11110,11110580,교남동,10686
2020,2,종로구,11110,11110570,무악동,8691
2020,2,종로구,11110,11110550,부암동,10421
2020,2,종로구,11110,11110530,사직동,9787
2020,2,종로구,11110,11110540,삼청동,2973
2020,2,종로구,11110,11110700,숭인1동,6494
2020,2,종로구,11110,11110710,숭인2동,9987
2020,2,종로구,11110,11110640,이화동,8336
2020,2,종로구,11110,11110615,종로1234가동,8526
2020,2,종로구,11110,11110630,종로56가동,5800
2020,2,종로구,11110,11110670,창신1동,6016
2020,2,종로구,11110,11110680,창신2동,9654
2020,2,종로구,11110,11110690,창신3동,7189
2020,2,종로구,11110,11110515,청운효자동,12855
2020,2,종로구,11110,11110560,평창동,18696
2020,2,종로구,11110,11110650,혜화동,19956
2020,2,중구,11140,11140590,광희동,6463
2020,2,중구,11140,11140625,다산동,14956
2020,2,중구,11140,11140665,동화동,10943
2020,2,중구,11140,11140550,명동,3693
2020,2,중구,11140,11140520,소공동,3045
2020,2,중구,11140,11140650,신당5동,11002
2020,2,중구,11140,11140615,신당동,9206
2020,2,중구,11140,11140635,약수동,17579
2020,2,중구,11140,11140605,을지로동,1993
2020,2,중구,11140,11140580,장충동,5528
2020,2,중구,11140,11140680,중림동,12896
2020,2,중구,11140,11140645,청구동,14354
2020,2,중구,11140,11140570,필동,4837
2020,2,중구,11140,11140670,황학동,13721
2020,2,중구,11140,11140540,회현동,5814
2020,2,용산구,11170,11170530,남영동,8268
2020,2,용산구,11170,11170700,보광동,16023
2020,2,용산구,11170,11170690,서빙고동,14143
2020,2,용산구,11170,11170590,용문동,12510
2020,2,용산구,11170,11170520,용산2가동,11626
2020,2,용산구,11170,11170560,원효로1동,16792
2020,2,용산구,11170,11170570,원효로2동,14491
2020,2,용산구,11170,11170630,이촌1동,29329
2020,2,용산구,11170,11170640,이촌2동,8887
2020,2,용산구,11170,11170650,이태원1동,9153
2020,2,용산구,11170,11170660,이태원2동,10826
2020,2,용산구,11170,11170555,청파동,20664
2020,2,용산구,11170,11170625,한강로동,19940
2020,2,용산구,11170,11170685,한남동,23969
2020,2,용산구,11170,11170580,효창동,10387
2020,2,용산구,11170,11170510,후암동,18354
2020,2,성동구,11200,11200590,금호1가동,15927
2020,2,성동구,11200,11200615,금호23가동,23929
2020,2,성동구,11200,11200620,금호4가동,15016
2020,2,성동구,11200,11200540,마장동,23755
2020,2,성동구,11200,11200550,사근동,13511
2020,2,성동구,11200,11200650,성수1가1동,17038
2020,2,성동구,11200,11200660,성수1가2동,14163
2020,2,성동구,11200,11200670,성수2가1동,17567
2020,2,성동구,11200,11200690,성수2가3동,11615
2020,2,성동구,11200,11200720,송정동,11365
2020,2,성동구,11200,11200645,옥수동,27129
2020,2,성동구,11200,11200520,왕십리2동,17668
2020,2,성동구,11200,11200535,왕십리도선동,27812
2020,2,성동구,11200,11200790,용답동,13136
2020,2,성동구,11200,11200580,응봉동,15952
2020,2,성동구,11200,11200560,행당1동,14827
2020,2,성동구,11200,11200570,행당2동,24441
2020,2,광진구,11215,11215810,광장동,35934
2020,2,광진구,11215,11215850,구의1동,23006
2020,2,광진구,11215,11215860,구의2동,27620
2020,2,광진구,11215,11215870,구의3동,29813
2020,2,광진구,11215,11215730,군자동,22007
2020,2,광진구,11215,11215780,능동,12046
2020,2,광진구,11215,11215820,자양1동,23875
2020,2,광진구,11215,11215830,자양2동,26607
2020,2,광진구,11215,11215840,자양3동,29210
2020,2,광진구,11215,11215847,자양4동,22397
2020,2,광진구,11215,11215740,중곡1동,16201
2020,2,광진구,11215,11215750,중곡2동,22500
2020,2,광진구,11215,11215760,중곡3동,17126
2020,2,광진구,11215,11215770,중곡4동,30320
2020,2,광진구,11215,11215710,화양동,25263
2020,2,동대문구,11230,11230600,답십리1동,29643
2020,2,동대문구,11230,11230610,답십리2동,30108
2020,2,동대문구,11230,11230536,용신동,32379
2020,2,동대문구,11230,11230740,이문1동,21427
2020,2,동대문구,11230,11230750,이문2동,21226
2020,2,동대문구,11230,11230650,장안1동,39319
2020,2,동대문구,11230,11230660,장안2동,33552
2020,2,동대문구,11230,11230560,전농1동,31016
2020,2,동대문구,11230,11230570,전농2동,19753
2020,2,동대문구,11230,11230545,제기동,27137
2020,2,동대문구,11230,11230705,청량리동,21588
2020,2,동대문구,11230,11230710,회기동,12679
2020,2,동대문구,11230,11230720,휘경1동,15421
2020,2,동대문구,11230,11230730,휘경2동,25132
2020,2,중랑구,11260,11260660,망우3동,17770
2020,2,중랑구,11260,11260655,망우본동,30862
2020,2,중랑구,11260,11260520,면목2동,25664
2020,2,중랑구,11260,11260575,면목38동,26494
2020,2,중랑구,11260,11260540,면목4동,19597
2020,2,중랑구,11260,11260550,면목5동,9675
2020,2,중랑구,11260,11260570,면목7동,22825
2020,2,중랑구,11260,11260565,면목본동,35927
2020,2,중랑구,11260,11260620,묵1동,35885
2020,2,중랑구,11260,11260630,묵2동,19789
2020,2,중랑구,11260,11260580,상봉1동,25299
2020,2,중랑구,11260,11260590,상봉2동,20036
2020,2,중랑구,11260,11260680,신내1동,40611
2020,2,중랑구,11260,11260690,신내2동,21616
2020,2,중랑구,11260,11260600,중화1동,20699
2020,2,중랑구,11260,11260610,중화2동,26666
2020,2,성북구,11290,11290660,길음1동,36781
2020,2,성북구,11290,11290685,길음2동,17293
2020,2,성북구,11290,11290580,돈암1동,15657
2020,2,성북구,11290,11290590,돈암2동,24837
2020,2,성북구,11290,11290575,동선동,16384
2020,2,성북구,11290,11290610,보문동,16520
2020,2,성북구,11290,11290555,삼선동,24564
2020,2,성북구,11290,11290810,석관동,36735
2020,2,성북구,11290,11290525,성북동,17528
2020,2,성북구,11290,11290600,안암동,17101
2020,2,성북구,11290,11290715,월곡1동,27304
2020,2,성북구,11290,11290725,월곡2동,20679
2020,2,성북구,11290,11290760,장위1동,20556
2020,2,성북구,11290,11290770,장위2동,14266
2020,2,성북구,11290,11290780,장위3동,18145
2020,2,성북구,11290,11290620,정릉1동,19261
2020,2,성북구,11290,11290630,정릉2동,23749
2020,2,성북구,11290,11290640,정릉3동,17035
2020,2,성북구,11290,11290650,정릉4동,26301
2020,2,성북구,11290,11290705,종암동,41594
2020,2,강북구,11305,11305535,미아동,22786
2020,2,강북구,11305,11305595,번1동,19684
2020,2,강북구,11305,11305603,번2동,16872
2020,2,강북구,11305,11305608,번3동,17927
2020,2,강북구,11305,11305575,삼각산동,32546
2020,2,강북구,11305,11305534,삼양동,25176
2020,2,강북구,11305,11305545,송중동,31272
2020,2,강북구,11305,11305555,송천동,28299
2020,2,강북구,11305,11305615,수유1동,21622
2020,2,강북구,11305,11305625,수유2동,21796
2020,2,강북구,11305,11305635,수유3동,24053
2020,2,강북구,11305,11305645,우이동,21210
2020,2,강북구,11305,11305660,인수동,32152
2020,2,도봉구,11320,11320521,도봉1동,21969
2020,2,도봉구,11320,11320522,도봉2동,28387
2020,2,도봉구,11320,11320690,방학1동,29675
2020,2,도봉구,11320,11320700,방학2동,20835
2020,2,도봉구,11320,11320710,방학3동,28328
2020,2,도봉구,11320,11320660,쌍문1동,22225
2020,2,도봉구,11320,11320670,쌍문2동,19773
2020,2,도봉구,11320,11320680,쌍문3동,17118
2020,2,도봉구,11320,11320681,쌍문4동,19575
2020,2,도봉구,11320,11320511,창1동,25847
2020,2,도봉구,11320,11320512,창2동,30265
2020,2,도봉구,11320,11320513,창3동,14594
2020,2,도봉구,11320,11320514,창4동,27632
2020,2,도봉구,11320,11320515,창5동,25521
2020,2,노원구,11350,11350595,공릉1동,38731
2020,2,노원구,11350,11350600,공릉2동,40652
2020,2,노원구,11350,11350720,상계10동,16402
2020,2,노원구,11350,11350630,상계1동,39762
2020,2,노원구,11350,11350640,상계2동,20997
2020,2,노원구,11350,11350665,상계34동,27455
2020,2,노원구,11350,11350670,상계5동,25028
2020,2,노원구,11350,11350695,상계67동,34151
2020,2,노원구,11350,11350700,상계8동,23506
2020,2,노원구,11350,11350710,상계9동,21618
2020,2,노원구,11350,11350560,월계1동,23589
2020,2,노원구,11350,11350570,월계2동,28026
2020,2,노원구,11350,11350580,월계3동,31229
2020,2,노원구,11350,11350621,중계1동,27764
2020,2,노원구,11350,11350625,중계23동,36153
2020,2,노원구,11350,11350624,중계4동,21006
2020,2,노원구,11350,11350619,중계본동,25452
2020,2,노원구,11350,11350611,하계1동,28459
2020,2,노원구,11350,11350612,하계2동,23061
2020,2,은평구,11380,11380551,갈현1동,23952
2020,2,은평구,11380,11380552,갈현2동,29710
2020,2,은평구,11380,11380560,구산동,33429
2020,2,은평구,11380,11380510,녹번동,38145
2020,2,은평구,11380,11380570,대조동,27740
2020,2,은평구,11380,11380520,불광1동,40422
2020,2,은평구,11380,11380530,불광2동,29069
2020,2,은평구,11380,11380650,수색동,8722
2020,2,은평구,11380,11380631,신사1동,28140
2020,2,은평구,11380,11380632,신사2동,21388
2020,2,은평구,11380,11380625,역촌동,47718
2020,2,은평구,11380,11380580,응암1동,28510
2020,2,은평구,11380,11380590,응암2동,27621
2020,2,은평구,11380,11380600,응암3동,25802
2020,2,은평구,11380,11380640,증산동,15820
2020,2,은평구,11380,11380690,진관동,57750
2020,2,서대문구,11410,11410690,남가좌1동,16371
2020,2,서대문구,11410,11410700,남가좌2동,30727
2020,2,서대문구,11410,11410710,북가좌1동,18809
2020,2,서대문구,11410,11410720,북가좌2동,33432
2020,2,서대문구,11410,11410555,북아현동,17389
2020,2,서대문구,11410,11410585,신촌동,23270
2020,2,서대문구,11410,11410615,연희동,40725
2020,2,서대문구,11410,11410520,천연동,18469
2020,2,서대문구,11410,11410565,충현동,18298
2020,2,서대문구,11410,11410660,홍은1동,23266
2020,2,서대문구,11410,11410685,홍은2동,27982
2020,2,서대문구,11410,11410620,홍제1동,24811
2020,2,서대문구,11410,11410655,홍제2동,14520
2020,2,서대문구,11410,11410640,홍제3동,16155
2020,2,마포구,11440,11440565,공덕동,40052
2020,2,마포구,11440,11440600,대흥동,15753
2020,2,마포구,11440,11440585,도화동,22332
2020,2,마포구,11440,11440690,망원1동,21449
2020,2,마포구,11440,11440700,망원2동,19316
2020,2,마포구,11440,11440740,상암동,32407
2020,2,마포구,11440,11440655,서강동,25863
2020,2,마포구,11440,11440660,서교동,26273
2020,2,마포구,11440,11440720,성산1동,19983
2020,2,마포구,11440,11440730,성산2동,41273
2020,2,마포구,11440,11440630,신수동,23796
2020,2,마포구,11440,11440555,아현동,25380
2020,2,마포구,11440,11440710,연남동,16824
2020,2,마포구,11440,11440610,염리동,13111
2020,2,마포구,11440,11440590,용강동,22295
2020,2,마포구,11440,11440680,합정동,18850
2020,2,양천구,11470,11470510,목1동,32095
2020,2,양천구,11470,11470520,목2동,31178
2020,2,양천구,11470,11470530,목3동,22918
2020,2,양천구,11470,11470540,목4동,26531
2020,2,양천구,11470,11470550,목5동,42645
2020,2,양천구,11470,11470560,신월1동,21456
2020,2,양천구,11470,11470570,신월2동,21669
2020,2,양천구,11470,11470580,신월3동,16349
2020,2,양천구,11470,11470590,신월4동,18659
2020,2,양천구,11470,11470600,신월5동,15392
2020,2,양천구,11470,11470610,신월6동,12494
2020,2,양천구,11470,11470611,신월7동,21038
2020,2,양천구,11470,11470620,신정1동,21225
2020,2,양천구,11470,11470630,신정2동,20482
2020,2,양천구,11470,11470640,신정3동,47500
2020,2,양천구,11470,11470650,신정4동,34804
2020,2,양천구,11470,11470670,신정6동,25217
2020,2,양천구,11470,11470680,신정7동,30382
2020,2,강서구,11500,11500603,가양1동,34187
2020,2,강서구,11500,11500604,가양2동,14961
2020,2,강서구,11500,11500605,가양3동,15976
2020,2,강서구,11500,11500620,공항동,28016
2020,2,강서구,11500,11500520,등촌1동,23769
2020,2,강서구,11500,11500530,등촌2동,21576
2020,2,강서구,11500,11500535,등촌3동,32208
2020,2,강서구,11500,11500611,발산1동,38288
2020,2,강서구,11500,11500630,방화1동,45279
2020,2,강서구,11500,11500640,방화2동,23771
2020,2,강서구,11500,11500641,방화3동,24130
2020,2,강서구,11500,11500510,염창동,42259
2020,2,강서구,11500,11500615,우장산동,44327
2020,2,강서구,11500,11500540,화곡1동,54160
2020,2,강서구,11500,11500550,화곡2동,19119
2020,2,강서구,11500,11500560,화곡3동,22306
2020,2,강서구,11500,11500570,화곡4동,21758
2020,2,강서구,11500,11500591,화곡6동,25405
2020,2,강서구,11500,11500593,화곡8동,26155
2020,2,강서구,11500,11500590,화곡본동,35553
2020,2,구로구,11530,11530595,가리봉동,15062
2020,2,구로구,11530,11530740,개봉1동,33028
2020,2,구로구,11530,11530750,개봉2동,32560
2020,2,구로구,11530,11530760,개봉3동,21899
2020,2,구로구,11530,11530720,고척1동,23966
2020,2,구로구,11530,11530730,고척2동,28415
2020,2,구로구,11530,11530520,구로1동,21931
2020,2,구로구,11530,11530530,구로2동,34406
2020,2,구로구,11530,11530540,구로3동,25979
2020,2,구로구,11530,11530550,구로4동,25862
2020,2,구로구,11530,11530560,구로5동,33166
2020,2,구로구,11530,11530790,수궁동,24468
2020,2,구로구,11530,11530510,신도림동,36704
2020,2,구로구,11530,11530770,오류1동,23424
2020,2,구로구,11530,11530780,오류2동,40297
2020,2,구로구,11530,11530800,항동,15540
2020,2,금천구,11545,11545510,가산동,24830
2020,2,금천구,11545,11545610,독산1동,44812
2020,2,금천구,11545,11545620,독산2동,21038
2020,2,금천구,11545,11545630,독산3동,29351
2020,2,금천구,11545,11545640,독산4동,18001
2020,2,금천구,11545,11545670,시흥1동,36274
2020,2,금천구,11545,11545680,시흥2동,22316
2020,2,금천구,11545,11545690,시흥3동,11460
2020,2,금천구,11545,11545700,시흥4동,21877
2020,2,금천구,11545,11545710,시흥5동,20595
2020,2,영등포구,11560,11560550,당산1동,21339
2020,2,영등포구,11560,11560560,당산2동,37249
2020,2,영등포구,11560,11560700,대림1동,16018
2020,2,영등포구,11560,11560710,대림2동,20820
2020,2,영등포구,11560,11560720,대림3동,27975
2020,2,영등포구,11560,11560585,도림동,21251
2020,2,영등포구,11560,11560605,문래동,32734
2020,2,영등포구,11560,11560630,신길1동,19537
2020,2,영등포구,11560,11560650,신길3동,18436
2020,2,영등포구,11560,11560660,신길4동,9842
2020,2,영등포구,11560,11560670,신길5동,12712
2020,2,영등포구,11560,11560680,신길6동,19171
2020,2,영등포구,11560,11560690,신길7동,20634
2020,2,영등포구,11560,11560610,양평1동,18030
2020,2,영등포구,11560,11560620,양평2동,22665
2020,2,영등포구,11560,11560540,여의동,34675
2020,2,영등포구,11560,11560535,영등포동,27762
2020,2,영등포구,11560,11560515,영등포본동,24304
2020,2,동작구,11590,11590510,노량진1동,32649
2020,2,동작구,11590,11590520,노량진2동,13650
2020,2,동작구,11590,11590660,대방동,39683
2020,2,동작구,11590,11590620,사당1동,23931
2020,2,동작구,11590,11590630,사당2동,28050
2020,2,동작구,11590,11590640,사당3동,25580
2020,2,동작구,11590,11590650,사당4동,14819
2020,2,동작구,11590,11590651,사당5동,14662
2020,2,동작구,11590,11590530,상도1동,47529
2020,2,동작구,11590,11590540,상도2동,28860
2020,2,동작구,11590,11590550,상도3동,25798
2020,2,동작구,11590,11590560,상도4동,29723
2020,2,동작구,11590,11590670,신대방1동,26304
2020,2,동작구,11590,11590680,신대방2동,20546
2020,2,동작구,11590,11590605,흑석동,34992
2020,2,관악구,11620,11620585,낙성대동,17840
2020,2,관악구,11620,11620775,난곡동,28414
2020,2,관악구,11620,11620715,난향동,16171
2020,2,관악구,11620,11620630,남현동,18814
2020,2,관악구,11620,11620735,대학동,24887
2020,2,관악구,11620,11620765,미성동,32300
2020,2,관악구,11620,11620525,보라매동,25856
2020,2,관악구,11620,11620745,삼성동,24841
2020,2,관악구,11620,11620665,서림동,24440
2020,2,관악구,11620,11620645,서원동,24049
2020,2,관악구,11620,11620565,성현동,30703
2020,2,관악구,11620,11620695,신림동,22853
2020,2,관악구,11620,11620685,신사동,25976
2020,2,관악구,11620,11620655,신원동,19647
2020,2,관악구,11620,11620605,은천동,34995
2020,2,관악구,11620,11620625,인헌동,26938
2020,2,관악구,11620,11620725,조원동,19531
2020,2,관악구,11620,11620615,중앙동,16065
2020,2,관악구,11620,11620595,청룡동,35766
2020,2,관악구,11620,11620545,청림동,16007
2020,2,관악구,11620,11620575,행운동,30225
2020,2,서초구,11650,11650660,내곡동,18387
2020,2,서초구,11650,11650560,반포1동,32981
2020,2,서초구,11650,11650570,반포2동,16327
2020,2,서초구,11650,11650580,반포3동,21741
2020,2,서초구,11650,11650581,반포4동,20148
2020,2,서초구,11650,11650550,반포본동,12107
2020,2,서초구,11650,11650600,방배1동,17659
2020,2,서초구,11650,11650610,방배2동,20628
2020,2,서초구,11650,11650620,방배3동,21938
2020,2,서초구,11650,11650621,방배4동,24029
2020,2,서초구,11650,11650590,방배본동,21424
2020,2,서초구,11650,11650510,서초1동,21403
2020,2,서초구,11650,11650520,서초2동,18953
2020,2,서초구,11650,11650530,서초3동,31158
2020,2,서초구,11650,11650531,서초4동,31975
2020,2,서초구,11650,11650651,양재1동,45486
2020,2,서초구,11650,11650652,양재2동,22930
2020,2,서초구,11650,11650540,잠원동,33788
2020,2,강남구,11680,11680660,개포1동,6853
2020,2,강남구,11680,11680670,개포2동,22540
2020,2,강남구,11680,11680690,개포4동,18216
2020,2,강남구,11680,11680521,논현1동,23916
2020,2,강남구,11680,11680531,논현2동,21851
2020,2,강남구,11680,11680600,대치1동,25141
2020,2,강남구,11680,11680610,대치2동,38310
2020,2,강남구,11680,11680630,대치4동,20744
2020,2,강남구,11680,11680655,도곡1동,22510
2020,2,강남구,11680,11680656,도곡2동,34379
2020,2,강남구,11680,11680580,삼성1동,14924
2020,2,강남구,11680,11680590,삼성2동,30534
2020,2,강남구,11680,11680700,세곡동,44997
2020,2,강남구,11680,11680750,수서동,15689
2020,2,강남구,11680,11680510,신사동,17270
2020,2,강남구,11680,11680545,압구정동,27804
2020,2,강남구,11680,11680640,역삼1동,36921
2020,2,강남구,11680,11680650,역삼2동,37557
2020,2,강남구,11680,11680730,일원1동,16178
2020,2,강남구,11680,11680740,일원2동,18017
2020,2,강남구,11680,11680720,일원본동,24209
2020,2,강남구,11680,11680565,청담동,27598
2020,2,송파구,11710,11710631,가락1동,28065
2020,2,송파구,11710,11710632,가락2동,33503
2020,2,송파구,11710,11710620,가락본동,27715
2020,2,송파구,11710,11710531,거여1동,13183
2020,2,송파구,11710,11710532,거여2동,16779
2020,2,송파구,11710,11710540,마천1동,20455
2020,2,송파구,11710,11710550,마천2동,20068
2020,2,송파구,11710,11710641,문정1동,21234
2020,2,송파구,11710,11710642,문정2동,29987
2020,2,송파구,11710,11710561,방이1동,16461
2020,2,송파구,11710,11710562,방이2동,26663
2020,2,송파구,11710,11710610,삼전동,32220
2020,2,송파구,11710,11710600,석촌동,33827
2020,2,송파구,11710,11710580,송파1동,25683
2020,2,송파구,11710,11710590,송파2동,20796
2020,2,송파구,11710,11710570,오금동,40841
2020,2,송파구,11710,11710566,오륜동,18708
2020,2,송파구,11710,11710647,위례동,28344
2020,2,송파구,11710,11710670,잠실2동,36712
2020,2,송파구,11710,11710680,잠실3동,35780
2020,2,송파구,11710,11710690,잠실4동,22063
2020,2,송파구,11710,11710710,잠실6동,17465
2020,2,송파구,11710,11710720,잠실7동,10088
2020,2,송파구,11710,11710650,잠실본동,29408
2020,2,송파구,11710,11710646,장지동,31022
2020,2,송파구,11710,11710510,풍납1동,15041
2020,2,송파구,11710,11710520,풍납2동,25956
2020,2,강동구,11740,11740515,강일동,31866
2020,2,강동구,11740,11740550,고덕1동,26536
2020,2,강동구,11740,11740560,고덕2동,21306
2020,2,강동구,11740,11740685,길동,46950
2020,2,강동구,11740,11740700,둔촌2동,27292
2020,2,강동구,11740,11740530,명일1동,26550
2020,2,강동구,11740,11740540,명일2동,17501
2020,2,강동구,11740,11740520,상일동,32624
2020,2,강동구,11740,11740640,성내1동,20403
2020,2,강동구,11740,11740650,성내2동,25096
2020,2,강동구,11740,11740660,성내3동,23824
2020,2,강동구,11740,11740570,암사1동,36254
2020,2,강동구,11740,11740580,암사2동,15647
2020,2,강동구,11740,11740590,암사3동,18438
2020,2,강동구,11740,11740600,천호1동,28041
2020,2,강동구,11740,11740610,천호2동,35642
2020,2,강동구,11740,11740620,천호3동,27303
2020,3,종로구,11110,11110600,가회동,4422
2020,3,종로구,11110,11110580,교남동,10660
2020,3,종로구,11110,11110570,무악동,8655
2020,3,종로구,11110,11110550,부암동,10347
2020,3,종로구,11110,11110530,사직동,9848
2020,3,종로구,11110,11110540,삼청동,2962
2020,3,종로구,11110,11110700,숭인1동,6435
2020,3,종로구,11110,11110710,숭인2동,10077
2020,3,종로구,11110,11110640,이화동,8224
2020,3,종로구,11110,11110615,종로1234가동,8418
2020,3,종로구,11110,11110630,종로56가동,5809
2020,3,종로구,11110,11110670,창신1동,6035
2020,3,종로구,11110,11110680,창신2동,9568
2020,3,종로구,11110,11110690,창신3동,7124
2020,3,종로구,11110,11110515,청운효자동,12708
2020,3,종로구,11110,11110560,평창동,18618
2020,3,종로구,11110,11110650,혜화동,19932
2020,3,중구,11140,11140590,광희동,6364
2020,3,중구,11140,11140625,다산동,14882
2020,3,중구,11140,11140665,동화동,10893
2020,3,중구,11140,11140550,명동,3649
2020,3,중구,11140,11140520,소공동,3006
2020,3,중구,11140,11140650,신당5동,10970
2020,3,중구,11140,11140615,신당동,9143
2020,3,중구,11140,11140635,약수동,17473
2020,3,중구,11140,11140605,을지로동,1990
2020,3,중구,11140,11140580,장충동,5502
2020,3,중구,11140,11140680,중림동,12879
2020,3,중구,11140,11140645,청구동,14342
2020,3,중구,11140,11140570,필동,4781
2020,3,중구,11140,11140670,황학동,13644
2020,3,중구,11140,11140540,회현동,5803
2020,3,용산구,11170,11170530,남영동,8190
2020,3,용산구,11170,11170700,보광동,15805
2020,3,용산구,11170,11170690,서빙고동,14029
2020,3,용산구,11170,11170590,용문동,12448
2020,3,용산구,11170,11170520,용산2가동,11428
2020,3,용산구,11170,11170560,원효로1동,16722
2020,3,용산구,11170,11170570,원효로2동,14493
2020,3,용산구,11170,11170630,이촌1동,29144
2020,3,용산구,11170,11170640,이촌2동,8855
2020,3,용산구,11170,11170650,이태원1동,8929
2020,3,용산구,11170,11170660,이태원2동,10788
2020,3,용산구,11170,11170555,청파동,20580
2020,3,용산구,11170,11170625,한강로동,20910
2020,3,용산구,11170,11170685,한남동,23969
2020,3,용산구,11170,11170580,효창동,10372
2020,3,용산구,11170,11170510,후암동,18291
2020,3,성동구,11200,11200590,금호1가동,15897
2020,3,성동구,11200,11200615,금호23가동,23737
2020,3,성동구,11200,11200620,금호4가동,14958
2020,3,성동구,11200,11200540,마장동,23583
2020,3,성동구,11200,11200550,사근동,13423
2020,3,성동구,11200,11200650,성수1가1동,16954
2020,3,성동구,11200,11200660,성수1가2동,13914
2020,3,성동구,11200,11200670,성수2가1동,17365
2020,3,성동구,11200,11200690,성수2가3동,11563
2020,3,성동구,11200,11200720,송정동,11254
2020,3,성동구,11200,11200645,옥수동,27034
2020,3,성동구,11200,11200520,왕십리2동,17555
2020,3,성동구,11200,11200535,왕십리도선동,27786
2020,3,성동구,11200,11200790,용답동,12979
2020,3,성동구,11200,11200580,응봉동,15875
2020,3,성동구,11200,11200560,행당1동,14545
2020,3,성동구,11200,11200570,행당2동,24273
2020,3,광진구,11215,11215810,광장동,35869
2020,3,광진구,11215,11215850,구의1동,22863
2020,3,광진구,11215,11215860,구의2동,27543
2020,3,광진구,11215,11215870,구의3동,29654
2020,3,광진구,11215,11215730,군자동,21864
2020,3,광진구,11215,11215780,능동,11923
2020,3,광진구,11215,11215820,자양1동,23876
2020,3,광진구,11215,11215830,자양2동,26330
2020,3,광진구,11215,11215840,자양3동,29074
2020,3,광진구,11215,11215847,자양4동,22045
2020,3,광진구,11215,11215740,중곡1동,16127
2020,3,광진구,11215,11215750,중곡2동,22336
2020,3,광진구,11215,11215760,중곡3동,17041
2020,3,광진구,11215,11215770,중곡4동,30102
2020,3,광진구,11215,11215710,화양동,25276
2020,3,동대문구,11230,11230600,답십리1동,29574
2020,3,동대문구,11230,11230610,답십리2동,29801
2020,3,동대문구,11230,11230536,용신동,32570
2020,3,동대문구,11230,11230740,이문1동,21200
2020,3,동대문구,11230,11230750,이문2동,21073
2020,3,동대문구,11230,11230650,장안1동,39274
2020,3,동대문구,11230,11230660,장안2동,33348
2020,3,동대문구,11230,11230560,전농1동,30793
2020,3,동대문구,11230,11230570,전농2동,19645
2020,3,동대문구,11230,11230545,제기동,27132
2020,3,동대문구,11230,11230705,청량리동,21324
2020,3,동대문구,11230,11230710,회기동,12544
2020,3,동대문구,11230,11230720,휘경1동,15307
2020,3,동대문구,11230,11230730,휘경2동,25094
2020,3,중랑구,11260,11260660,망우3동,17620
2020,3,중랑구,11260,11260655,망우본동,30826
2020,3,중랑구,11260,11260520,면목2동,25355
2020,3,중랑구,11260,11260575,면목38동,26097
2020,3,중랑구,11260,11260540,면목4동,19342
2020,3,중랑구,11260,11260550,면목5동,14296
2020,3,중랑구,11260,11260570,면목7동,22681
2020,3,중랑구,11260,11260565,면목본동,35461
2020,3,중랑구,11260,11260620,묵1동,35803
2020,3,중랑구,11260,11260630,묵2동,19711
2020,3,중랑구,11260,11260580,상봉1동,25043
2020,3,중랑구,11260,11260590,상봉2동,20104
2020,3,중랑구,11260,11260680,신내1동,40241
2020,3,중랑구,11260,11260690,신내2동,21471
2020,3,중랑구,11260,11260600,중화1동,20488
2020,3,중랑구,11260,11260610,중화2동,26450
2020,3,성북구,11290,11290660,길음1동,36663
2020,3,성북구,11290,11290685,길음2동,17297
2020,3,성북구,11290,11290580,돈암1동,15462
2020,3,성북구,11290,11290590,돈암2동,24747
2020,3,성북구,11290,11290575,동선동,16283
2020,3,성북구,11290,11290610,보문동,16389
2020,3,성북구,11290,11290555,삼선동,24354
2020,3,성북구,11290,11290810,석관동,36558
2020,3,성북구,11290,11290525,성북동,17531
2020,3,성북구,11290,11290600,안암동,16785
2020,3,성북구,11290,11290715,월곡1동,27206
2020,3,성북구,11290,11290725,월곡2동,20481
2020,3,성북구,11290,11290760,장위1동,20485
2020,3,성북구,11290,11290770,장위2동,14201
2020,3,성북구,11290,11290780,장위3동,18027
2020,3,성북구,11290,11290620,정릉1동,19092
2020,3,성북구,11290,11290630,정릉2동,23739
2020,3,성북구,11290,11290640,정릉3동,16964
2020,3,성북구,11290,11290650,정릉4동,26171
2020,3,성북구,11290,11290705,종암동,41436
2020,3,강북구,11305,11305535,미아동,22780
2020,3,강북구,11305,11305595,번1동,19559
2020,3,강북구,11305,11305603,번2동,16707
2020,3,강북구,11305,11305608,번3동,17763
2020,3,강북구,11305,11305575,삼각산동,32331
2020,3,강북구,11305,11305534,삼양동,24933
2020,3,강북구,11305,11305545,송중동,31101
2020,3,강북구,11305,11305555,송천동,28169
2020,3,강북구,11305,11305615,수유1동,21585
2020,3,강북구,11305,11305625,수유2동,21644
2020,3,강북구,11305,11305635,수유3동,23963
2020,3,강북구,11305,11305645,우이동,21180
2020,3,강북구,11305,11305660,인수동,31835
2020,3,도봉구,11320,11320521,도봉1동,21916
2020,3,도봉구,11320,11320522,도봉2동,28133
2020,3,도봉구,11320,11320690,방학1동,29453
2020,3,도봉구,11320,11320700,방학2동,20588
2020,3,도봉구,11320,11320710,방학3동,28121
2020,3,도봉구,11320,11320660,쌍문1동,22105
2020,3,도봉구,11320,11320670,쌍문2동,19587
2020,3,도봉구,11320,11320680,쌍문3동,17004
2020,3,도봉구,11320,11320681,쌍문4동,19416
2020,3,도봉구,11320,11320511,창1동,25578
2020,3,도봉구,11320,11320512,창2동,30057
2020,3,도봉구,11320,11320513,창3동,14515
2020,3,도봉구,11320,11320514,창4동,27422
2020,3,도봉구,11320,11320515,창5동,25405
2020,3,노원구,11350,11350595,공릉1동,38544
2020,3,노원구,11350,11350600,공릉2동,40470
2020,3,노원구,11350,11350720,상계10동,16358
2020,3,노원구,11350,11350630,상계1동,39460
2020,3,노원구,11350,11350640,상계2동,20866
2020,3,노원구,11350,11350665,상계34동,27295
2020,3,노원구,11350,11350670,상계5동,24949
2020,3,노원구,11350,11350695,상계67동,33882
2020,3,노원구,11350,11350700,상계8동,23266
2020,3,노원구,11350,11350710,상계9동,21441
2020,3,노원구,11350,11350560,월계1동,23317
2020,3,노원구,11350,11350570,월계2동,27882
2020,3,노원구,11350,11350580,월계3동,30966
2020,3,노원구,11350,11350621,중계1동,27646
2020,3,노원구,11350,11350625,중계23동,35938
2020,3,노원구,11350,11350624,중계4동,20864
2020,3,노원구,11350,11350619,중계본동,25287
2020,3,노원구,11350,11350611,하계1동,28188
2020,3,노원구,11350,11350612,하계2동,22913
2020,3,은평구,11380,11380551,갈현1동,23630
2020,3,은평구,11380,11380552,갈현2동,29484
2020,3,은평구,11380,11380560,구산동,33264
2020,3,은평구,11380,11380510,녹번동,37901
2020,3,은평구,11380,11380570,대조동,27669
2020,3,은평구,11380,11380520,불광1동,40144
2020,3,은평구,11380,11380530,불광2동,28909
2020,3,은평구,11380,11380650,수색동,11060
2020,3,은평구,11380,11380631,신사1동,27993
2020,3,은평구,11380,11380632,신사2동,21118
2020,3,은평구,11380,11380625,역촌동,47235
2020,3,은평구,11380,11380580,응암1동,30836
2020,3,은평구,11380,11380590,응암2동,27818
2020,3,은평구,11380,11380600,응암3동,25673
2020,3,은평구,11380,11380640,증산동,15617
2020,3,은평구,11380,11380690,진관동,57491
2020,3,서대문구,11410,11410690,남가좌1동,16234
2020,3,서대문구,11410,11410700,남가좌2동,30851
2020,3,서대문구,11410,11410710,북가좌1동,18693
2020,3,서대문구,11410,11410720,북가좌2동,33190
2020,3,서대문구,11410,11410555,북아현동,17097
2020,3,서대문구,11410,11410585,신촌동,22894
2020,3,서대문구,11410,11410615,연희동,39901
2020,3,서대문구,11410,11410520,천연동,18246
2020,3,서대문구,11410,11410565,충현동,20591
2020,3,서대문구,11410,11410660,홍은1동,23086
2020,3,서대문구,11410,11410685,홍은2동,27847
2020,3,서대문구,11410,11410620,홍제1동,24741
2020,3,서대문구,11410,11410655,홍제2동,14434
2020,3,서대문구,11410,11410640,홍제3동,16055
2020,3,마포구,11440,11440565,공덕동,39450
2020,3,마포구,11440,11440600,대흥동,15819
2020,3,마포구,11440,11440585,도화동,22102
2020,3,마포구,11440,11440690,망원1동,21280
2020,3,마포구,11440,11440700,망원2동,19242
2020,3,마포구,11440,11440740,상암동,32252
2020,3,마포구,11440,11440655,서강동,25621
2020,3,마포구,11440,11440660,서교동,26712
2020,3,마포구,11440,11440720,성산1동,19890
2020,3,마포구,11440,11440730,성산2동,40958
2020,3,마포구,11440,11440630,신수동,23683
2020,3,마포구,11440,11440555,아현동,25811
2020,3,마포구,11440,11440710,연남동,16731
2020,3,마포구,11440,11440610,염리동,12913
2020,3,마포구,11440,11440590,용강동,22283
2020,3,마포구,11440,11440680,합정동,18747
2020,3,양천구,11470,11470510,목1동,31771
2020,3,양천구,11470,11470520,목2동,30887
2020,3,양천구,11470,11470530,목3동,22734
2020,3,양천구,11470,11470540,목4동,26305
2020,3,양천구,11470,11470550,목5동,42459
2020,3,양천구,11470,11470560,신월1동,21326
2020,3,양천구,11470,11470570,신월2동,21659
2020,3,양천구,11470,11470580,신월3동,16161
2020,3,양천구,11470,11470590,신월4동,18579
2020,3,양천구,11470,11470600,신월5동,15337
2020,3,양천구,11470,11470610,신월6동,13517
2020,3,양천구,11470,11470611,신월7동,20829
2020,3,양천구,11470,11470620,신정1동,21149
2020,3,양천구,11470,11470630,신정2동,20377
2020,3,양천구,11470,11470640,신정3동,47116
2020,3,양천구,11470,11470650,신정4동,34479
2020,3,양천구,11470,11470670,신정6동,25115
2020,3,양천구,11470,11470680,신정7동,30248
2020,3,강서구,11500,11500603,가양1동,34515
2020,3,강서구,11500,11500604,가양2동,14782
2020,3,강서구,11500,11500605,가양3동,15778
2020,3,강서구,11500,11500620,공항동,27748
2020,3,강서구,11500,11500520,등촌1동,24053
2020,3,강서구,11500,11500530,등촌2동,21500
2020,3,강서구,11500,11500535,등촌3동,31928
2020,3,강서구,11500,11500611,발산1동,37880
2020,3,강서구,11500,11500630,방화1동,44888
2020,3,강서구,11500,11500640,방화2동,23519
2020,3,강서구,11500,11500641,방화3동,23811
2020,3,강서구,11500,11500510,염창동,42077
2020,3,강서구,11500,11500615,우장산동,44173
2020,3,강서구,11500,11500540,화곡1동,53761
2020,3,강서구,11500,11500550,화곡2동,18897
2020,3,강서구,11500,11500560,화곡3동,22172
2020,3,강서구,11500,11500570,화곡4동,21598
2020,3,강서구,11500,11500591,화곡6동,25321
2020,3,강서구,11500,11500593,화곡8동,25880
2020,3,강서구,11500,11500590,화곡본동,35255
2020,3,구로구,11530,11530595,가리봉동,14750
2020,3,구로구,11530,11530740,개봉1동,34985
2020,3,구로구,11530,11530750,개봉2동,32413
2020,3,구로구,11530,11530760,개봉3동,21467
2020,3,구로구,11530,11530720,고척1동,23682
2020,3,구로구,11530,11530730,고척2동,28105
2020,3,구로구,11530,11530520,구로1동,21857
2020,3,구로구,11530,11530530,구로2동,33732
2020,3,구로구,11530,11530540,구로3동,25813
2020,3,구로구,11530,11530550,구로4동,25511
2020,3,구로구,11530,11530560,구로5동,32759
2020,3,구로구,11530,11530790,수궁동,24357
2020,3,구로구,11530,11530510,신도림동,36685
2020,3,구로구,11530,11530770,오류1동,23350
2020,3,구로구,11530,11530780,오류2동,40008
2020,3,구로구,11530,11530800,항동,16277
2020,3,금천구,11545,11545510,가산동,25762
2020,3,금천구,11545,11545610,독산1동,44534
2020,3,금천구,11545,11545620,독산2동,20869
2020,3,금천구,11545,11545630,독산3동,28951
2020,3,금천구,11545,11545640,독산4동,17739
2020,3,금천구,11545,11545670,시흥1동,36065
2020,3,금천구,11545,11545680,시흥2동,22191
2020,3,금천구,11545,11545690,시흥3동,11375
2020,3,금천구,11545,11545700,시흥4동,21716
2020,3,금천구,11545,11545710,시흥5동,20439
2020,3,영등포구,11560,11560550,당산1동,21387
2020,3,영등포구,11560,11560560,당산2동,38001
2020,3,영등포구,11560,11560700,대림1동,17868
2020,3,영등포구,11560,11560710,대림2동,20389
2020,3,영등포구,11560,11560720,대림3동,27601
2020,3,영등포구,11560,11560585,도림동,21088
2020,3,영등포구,11560,11560605,문래동,32792
2020,3,영등포구,11560,11560630,신길1동,19414
2020,3,영등포구,11560,11560650,신길3동,18276
2020,3,영등포구,11560,11560660,신길4동,9789
2020,3,영등포구,11560,11560670,신길5동,12663
2020,3,영등포구,11560,11560680,신길6동,18980
2020,3,영등포구,11560,11560690,신길7동,20568
2020,3,영등포구,11560,11560610,양평1동,17696
2020,3,영등포구,11560,11560620,양평2동,22634
2020,3,영등포구,11560,11560540,여의동,34638
2020,3,영등포구,11560,11560535,영등포동,28042
2020,3,영등포구,11560,11560515,영등포본동,24156
2020,3,동작구,11590,11590510,노량진1동,32667
2020,3,동작구,11590,11590520,노량진2동,13506
2020,3,동작구,11590,11590660,대방동,39430
2020,3,동작구,11590,11590620,사당1동,23784
2020,3,동작구,11590,11590630,사당2동,27900
2020,3,동작구,11590,11590640,사당3동,25430
2020,3,동작구,11590,11590650,사당4동,14723
2020,3,동작구,11590,11590651,사당5동,14881
2020,3,동작구,11590,11590530,상도1동,47137
2020,3,동작구,11590,11590540,상도2동,28468
2020,3,동작구,11590,11590550,상도3동,25659
2020,3,동작구,11590,11590560,상도4동,29557
2020,3,동작구,11590,11590670,신대방1동,26161
2020,3,동작구,11590,11590680,신대방2동,20544
2020,3,동작구,11590,11590605,흑석동,34770
2020,3,관악구,11620,11620585,낙성대동,17858
2020,3,관악구,11620,11620775,난곡동,28165
2020,3,관악구,11620,11620715,난향동,16082
2020,3,관악구,11620,11620630,남현동,18680
2020,3,관악구,11620,11620735,대학동,25012
2020,3,관악구,11620,11620765,미성동,32067
2020,3,관악구,11620,11620525,보라매동,25529
2020,3,관악구,11620,11620745,삼성동,24608
2020,3,관악구,11620,11620665,서림동,24532
2020,3,관악구,11620,11620645,서원동,23877
2020,3,관악구,11620,11620565,성현동,30620
2020,3,관악구,11620,11620695,신림동,22844
2020,3,관악구,11620,11620685,신사동,25804
2020,3,관악구,11620,11620655,신원동,19595
2020,3,관악구,11620,11620605,은천동,34816
2020,3,관악구,11620,11620625,인헌동,26766
2020,3,관악구,11620,11620725,조원동,19448
2020,3,관악구,11620,11620615,중앙동,16016
2020,3,관악구,11620,11620595,청룡동,36328
2020,3,관악구,11620,11620545,청림동,15908
2020,3,관악구,11620,11620575,행운동,30000
2020,3,서초구,11650,11650660,내곡동,18304
2020,3,서초구,11650,11650560,반포1동,32833
2020,3,서초구,11650,11650570,반포2동,16316
2020,3,서초구,11650,11650580,반포3동,22313
2020,3,서초구,11650,11650581,반포4동,20017
2020,3,서초구,11650,11650550,반포본동,12070
2020,3,서초구,11650,11650600,방배1동,17532
2020,3,서초구,11650,11650610,방배2동,20534
2020,3,서초구,11650,11650620,방배3동,21801
2020,3,서초구,11650,11650621,방배4동,24037
2020,3,서초구,11650,11650590,방배본동,21416
2020,3,서초구,11650,11650510,서초1동,21264
2020,3,서초구,11650,11650520,서초2동,19159
2020,3,서초구,11650,11650530,서초3동,31710
2020,3,서초구,11650,11650531,서초4동,31870
2020,3,서초구,11650,11650651,양재1동,45250
2020,3,서초구,11650,11650652,양재2동,22792
2020,3,서초구,11650,11650540,잠원동,30777
2020,3,강남구,11680,11680660,개포1동,6787
2020,3,강남구,11680,11680670,개포2동,22471
2020,3,강남구,11680,11680690,개포4동,18391
2020,3,강남구,11680,11680521,논현1동,23803
2020,3,강남구,11680,11680531,논현2동,22033
2020,3,강남구,11680,11680600,대치1동,25135
2020,3,강남구,11680,11680610,대치2동,38193
2020,3,강남구,11680,11680630,대치4동,20869
2020,3,강남구,11680,11680655,도곡1동,22361
2020,3,강남구,11680,11680656,도곡2동,34350
2020,3,강남구,11680,11680580,삼성1동,14030
2020,3,강남구,11680,11680590,삼성2동,30478
2020,3,강남구,11680,11680700,세곡동,44877
2020,3,강남구,11680,11680750,수서동,15517
2020,3,강남구,11680,11680510,신사동,17146
2020,3,강남구,11680,11680545,압구정동,27611
2020,3,강남구,11680,11680640,역삼1동,37116
2020,3,강남구,11680,11680650,역삼2동,37497
2020,3,강남구,11680,11680730,일원1동,16044
2020,3,강남구,11680,11680740,일원2동,17926
2020,3,강남구,11680,11680720,일원본동,24086
2020,3,강남구,11680,11680565,청담동,27364
2020,3,송파구,11710,11710631,가락1동,27977
2020,3,송파구,11710,11710632,가락2동,33258
2020,3,송파구,11710,11710620,가락본동,27491
2020,3,송파구,11710,11710531,거여1동,13108
2020,3,송파구,11710,11710532,거여2동,19218
2020,3,송파구,11710,11710540,마천1동,20159
2020,3,송파구,11710,11710550,마천2동,19882
2020,3,송파구,11710,11710641,문정1동,21043
2020,3,송파구,11710,11710642,문정2동,29736
2020,3,송파구,11710,11710561,방이1동,16344
2020,3,송파구,11710,11710562,방이2동,26655
2020,3,송파구,11710,11710610,삼전동,32017
2020,3,송파구,11710,11710600,석촌동,33582
2020,3,송파구,11710,11710580,송파1동,25452
2020,3,송파구,11710,11710590,송파2동,20842
2020,3,송파구,11710,11710570,오금동,40394
2020,3,송파구,11710,11710566,오륜동,18624
2020,3,송파구,11710,11710647,위례동,28531
2020,3,송파구,11710,11710670,잠실2동,36514
2020,3,송파구,11710,11710680,잠실3동,35636
2020,3,송파구,11710,11710690,잠실4동,21948
2020,3,송파구,11710,11710710,잠실6동,17392
2020,3,송파구,11710,11710720,잠실7동,10006
2020,3,송파구,11710,11710650,잠실본동,29378
2020,3,송파구,11710,11710646,장지동,30692
2020,3,송파구,11710,11710510,풍납1동,14914
2020,3,송파구,11710,11710520,풍납2동,25880
2020,3,강동구,11740,11740515,강일동,32421
2020,3,강동구,11740,11740550,고덕1동,26423
2020,3,강동구,11740,11740560,고덕2동,21906
2020,3,강동구,11740,11740685,길동,46997
2020,3,강동구,11740,11740700,둔촌2동,27085
2020,3,강동구,11740,11740530,명일1동,26572
2020,3,강동구,11740,11740540,명일2동,17479
2020,3,강동구,11740,11740520,상일동,33151
2020,3,강동구,11740,11740640,성내1동,20430
2020,3,강동구,11740,11740650,성내2동,24936
2020,3,강동구,11740,11740660,성내3동,23729
2020,3,강동구,11740,11740570,암사1동,36060
2020,3,강동구,11740,11740580,암사2동,15556
2020,3,강동구,11740,11740590,암사3동,18402
2020,3,강동구,11740,11740600,천호1동,27899
2020,3,강동구,11740,11740610,천호2동,35688
2020,3,강동구,11740,11740620,천호3동,27269
2020,4,종로구,11110,11110600,가회동,4418
2020,4,종로구,11110,11110580,교남동,10634
2020,4,종로구,11110,11110570,무악동,8592
2020,4,종로구,11110,11110550,부암동,10333
2020,4,종로구,11110,11110530,사직동,9806
2020,4,종로구,11110,11110540,삼청동,2909
2020,4,종로구,11110,11110700,숭인1동,6388
2020,4,종로구,11110,11110710,숭인2동,10178
2020,4,종로구,11110,11110640,이화동,8111
2020,4,종로구,11110,11110615,종로1234가동,8448
2020,4,종로구,11110,11110630,종로56가동,5656
2020,4,종로구,11110,11110670,창신1동,5964
2020,4,종로구,11110,11110680,창신2동,9503
2020,4,종로구,11110,11110690,창신3동,7107
2020,4,종로구,11110,11110515,청운효자동,12633
2020,4,종로구,11110,11110560,평창동,18582
2020,4,종로구,11110,11110650,혜화동,19734
2020,4,중구,11140,11140590,광희동,6416
2020,4,중구,11140,11140625,다산동,14725
2020,4,중구,11140,11140665,동화동,10827
2020,4,중구,11140,11140550,명동,3685
2020,4,중구,11140,11140520,소공동,3011
2020,4,중구,11140,11140650,신당5동,10867
2020,4,중구,11140,11140615,신당동,9191
2020,4,중구,11140,11140635,약수동,17354
2020,4,중구,11140,11140605,을지로동,1967
2020,4,중구,11140,11140580,장충동,5468
2020,4,중구,11140,11140680,중림동,12801
2020,4,중구,11140,11140645,청구동,14281
2020,4,중구,11140,11140570,필동,4754
2020,4,중구,11140,11140670,황학동,13531
2020,4,중구,11140,11140540,회현동,5757
2020,4,용산구,11170,11170530,남영동,8116
2020,4,용산구,11170,11170700,보광동,15531
2020,4,용산구,11170,11170690,서빙고동,14000
2020,4,용산구,11170,11170590,용문동,12455
2020,4,용산구,11170,11170520,용산2가동,11272
2020,4,용산구,11170,11170560,원효로1동,16730
2020,4,용산구,11170,11170570,원효로2동,14331
2020,4,용산구,11170,11170630,이촌1동,28961
2020,4,용산구,11170,11170640,이촌2동,8808
2020,4,용산구,11170,11170650,이태원1동,8764
2020,4,용산구,11170,11170660,이태원2동,10795
2020,4,용산구,11170,11170555,청파동,20496
2020,4,용산구,11170,11170625,한강로동,22097
2020,4,용산구,11170,11170685,한남동,23761
2020,4,용산구,11170,11170580,효창동,10326
2020,4,용산구,11170,11170510,후암동,18202
2020,4,성동구,11200,11200590,금호1가동,15795
2020,4,성동구,11200,11200615,금호23가동,23584
2020,4,성동구,11200,11200620,금호4가동,14842
2020,4,성동구,11200,11200540,마장동,23459
2020,4,성동구,11200,11200550,사근동,13512
2020,4,성동구,11200,11200650,성수1가1동,16851
2020,4,성동구,11200,11200660,성수1가2동,13738
2020,4,성동구,11200,11200670,성수2가1동,17146
2020,4,성동구,11200,11200690,성수2가3동,11457
2020,4,성동구,11200,11200720,송정동,11143
2020,4,성동구,11200,11200645,옥수동,26912
2020,4,성동구,11200,11200520,왕십리2동,17416
2020,4,성동구,11200,11200535,왕십리도선동,27588
2020,4,성동구,11200,11200790,용답동,12724
2020,4,성동구,11200,11200580,응봉동,15824
2020,4,성동구,11200,11200560,행당1동,14363
2020,4,성동구,11200,11200570,행당2동,24151
2020,4,광진구,11215,11215810,광장동,35619
2020,4,광진구,11215,11215850,구의1동,22700
2020,4,광진구,11215,11215860,구의2동,27444
2020,4,광진구,11215,11215870,구의3동,29588
2020,4,광진구,11215,11215730,군자동,21903
2020,4,광진구,11215,11215780,능동,11913
2020,4,광진구,11215,11215820,자양1동,23710
2020,4,광진구,11215,11215830,자양2동,26016
2020,4,광진구,11215,11215840,자양3동,28957
2020,4,광진구,11215,11215847,자양4동,21526
2020,4,광진구,11215,11215740,중곡1동,16190
2020,4,광진구,11215,11215750,중곡2동,22285
2020,4,광진구,11215,11215760,중곡3동,16902
2020,4,광진구,11215,11215770,중곡4동,29815
2020,4,광진구,11215,11215710,화양동,25541
2020,4,동대문구,11230,11230600,답십리1동,29511
2020,4,동대문구,11230,11230610,답십리2동,29486
2020,4,동대문구,11230,11230536,용신동,32602
2020,4,동대문구,11230,11230740,이문1동,21205
2020,4,동대문구,11230,11230750,이문2동,20947
2020,4,동대문구,11230,11230650,장안1동,39287
2020,4,동대문구,11230,11230660,장안2동,33339
2020,4,동대문구,11230,11230560,전농1동,30722
2020,4,동대문구,11230,11230570,전농2동,19449
2020,4,동대문구,11230,11230545,제기동,27017
2020,4,동대문구,11230,11230705,청량리동,20432
2020,4,동대문구,11230,11230710,회기동,12663
2020,4,동대문구,11230,11230720,휘경1동,15362
2020,4,동대문구,11230,11230730,휘경2동,24992
2020,4,중랑구,11260,11260660,망우3동,17508
2020,4,중랑구,11260,11260655,망우본동,30784
2020,4,중랑구,11260,11260520,면목2동,25214
2020,4,중랑구,11260,11260575,면목38동,25995
2020,4,중랑구,11260,11260540,면목4동,19270
2020,4,중랑구,11260,11260550,면목5동,14661
2020,4,중랑구,11260,11260570,면목7동,22714
2020,4,중랑구,11260,11260565,면목본동,35424
2020,4,중랑구,11260,11260620,묵1동,35588
2020,4,중랑구,11260,11260630,묵2동,19672
2020,4,중랑구,11260,11260580,상봉1동,24912
2020,4,중랑구,11260,11260590,상봉2동,20214
2020,4,중랑구,11260,11260680,신내1동,39831
2020,4,중랑구,11260,11260690,신내2동,21302
2020,4,중랑구,11260,11260600,중화1동,20400
2020,4,중랑구,11260,11260610,중화2동,26073
2020,4,성북구,11290,11290660,길음1동,36568
2020,4,성북구,11290,11290685,길음2동,17167
2020,4,성북구,11290,11290580,돈암1동,15379
2020,4,성북구,11290,11290590,돈암2동,24686
2020,4,성북구,11290,11290575,동선동,16246
2020,4,성북구,11290,11290610,보문동,16123
2020,4,성북구,11290,11290555,삼선동,24144
2020,4,성북구,11290,11290810,석관동,36483
2020,4,성북구,11290,11290525,성북동,17404
2020,4,성북구,11290,11290600,안암동,16580
2020,4,성북구,11290,11290715,월곡1동,27108
2020,4,성북구,11290,11290725,월곡2동,20396
2020,4,성북구,11290,11290760,장위1동,20449
2020,4,성북구,11290,11290770,장위2동,14106
2020,4,성북구,11290,11290780,장위3동,17359
2020,4,성북구,11290,11290620,정릉1동,18929
2020,4,성북구,11290,11290630,정릉2동,23736
2020,4,성북구,11290,11290640,정릉3동,16847
2020,4,성북구,11290,11290650,정릉4동,25993
2020,4,성북구,11290,11290705,종암동,41353
2020,4,강북구,11305,11305535,미아동,22723
2020,4,강북구,11305,11305595,번1동,19441
2020,4,강북구,11305,11305603,번2동,16544
2020,4,강북구,11305,11305608,번3동,17605
2020,4,강북구,11305,11305575,삼각산동,32118
2020,4,강북구,11305,11305534,삼양동,24742
2020,4,강북구,11305,11305545,송중동,30934
2020,4,강북구,11305,11305555,송천동,27871
2020,4,강북구,11305,11305615,수유1동,21468
2020,4,강북구,11305,11305625,수유2동,21595
2020,4,강북구,11305,11305635,수유3동,23907
2020,4,강북구,11305,11305645,우이동,21076
2020,4,강북구,11305,11305660,인수동,31545
2020,4,도봉구,11320,11320521,도봉1동,21810
2020,4,도봉구,11320,11320522,도봉2동,27920
2020,4,도봉구,11320,11320690,방학1동,29236
2020,4,도봉구,11320,11320700,방학2동,20473
2020,4,도봉구,11320,11320710,방학3동,27973
2020,4,도봉구,11320,11320660,쌍문1동,22016
2020,4,도봉구,11320,11320670,쌍문2동,19406
2020,4,도봉구,11320,11320680,쌍문3동,16922
2020,4,도봉구,11320,11320681,쌍문4동,19297
2020,4,도봉구,11320,11320511,창1동,25400
2020,4,도봉구,11320,11320512,창2동,29912
2020,4,도봉구,11320,11320513,창3동,14402
2020,4,도봉구,11320,11320514,창4동,27286
2020,4,도봉구,11320,11320515,창5동,25308
2020,4,노원구,11350,11350595,공릉1동,38324
2020,4,노원구,11350,11350600,공릉2동,40360
2020,4,노원구,11350,11350720,상계10동,17631
2020,4,노원구,11350,11350630,상계1동,39204
2020,4,노원구,11350,11350640,상계2동,20692
2020,4,노원구,11350,11350665,상계34동,27184
2020,4,노원구,11350,11350670,상계5동,24797
2020,4,노원구,11350,11350695,상계67동,33642
2020,4,노원구,11350,11350700,상계8동,22963
2020,4,노원구,11350,11350710,상계9동,21221
2020,4,노원구,11350,11350560,월계1동,23085
2020,4,노원구,11350,11350570,월계2동,27615
2020,4,노원구,11350,11350580,월계3동,30790
2020,4,노원구,11350,11350621,중계1동,27556
2020,4,노원구,11350,11350625,중계23동,35586
2020,4,노원구,11350,11350624,중계4동,20752
2020,4,노원구,11350,11350619,중계본동,24942
2020,4,노원구,11350,11350611,하계1동,27965
2020,4,노원구,11350,11350612,하계2동,22723
2020,4,은평구,11380,11380551,갈현1동,23396
2020,4,은평구,11380,11380552,갈현2동,29239
2020,4,은평구,11380,11380560,구산동,32997
2020,4,은평구,11380,11380510,녹번동,37815
2020,4,은평구,11380,11380570,대조동,27579
2020,4,은평구,11380,11380520,불광1동,40022
2020,4,은평구,11380,11380530,불광2동,28740
2020,4,은평구,11380,11380650,수색동,11258
2020,4,은평구,11380,11380631,신사1동,27776
2020,4,은평구,11380,11380632,신사2동,20945
2020,4,은평구,11380,11380625,역촌동,46939
2020,4,은평구,11380,11380580,응암1동,31265
2020,4,은평구,11380,11380590,응암2동,27776
2020,4,은평구,11380,11380600,응암3동,25553
2020,4,은평구,11380,11380640,증산동,15487
2020,4,은평구,11380,11380690,진관동,57256
2020,4,서대문구,11410,11410690,남가좌1동,16141
2020,4,서대문구,11410,11410700,남가좌2동,30996
2020,4,서대문구,11410,11410710,북가좌1동,18557
2020,4,서대문구,11410,11410720,북가좌2동,32947
2020,4,서대문구,11410,11410555,북아현동,16956
2020,4,서대문구,11410,11410585,신촌동,23051
2020,4,서대문구,11410,11410615,연희동,39105
2020,4,서대문구,11410,11410520,천연동,18049
2020,4,서대문구,11410,11410565,충현동,21229
2020,4,서대문구,11410,11410660,홍은1동,23266
2020,4,서대문구,11410,11410685,홍은2동,27734
2020,4,서대문구,11410,11410620,홍제1동,24604
2020,4,서대문구,11410,11410655,홍제2동,14334
2020,4,서대문구,11410,11410640,홍제3동,15983
2020,4,마포구,11440,11440565,공덕동,38750
2020,4,마포구,11440,11440600,대흥동,15863
2020,4,마포구,11440,11440585,도화동,21998
2020,4,마포구,11440,11440690,망원1동,21113
2020,4,마포구,11440,11440700,망원2동,19216
2020,4,마포구,11440,11440740,상암동,31997
2020,4,마포구,11440,11440655,서강동,25386
2020,4,마포구,11440,11440660,서교동,26981
2020,4,마포구,11440,11440720,성산1동,19679
2020,4,마포구,11440,11440730,성산2동,40669
2020,4,마포구,11440,11440630,신수동,23606
2020,4,마포구,11440,11440555,아현동,26221
2020,4,마포구,11440,11440710,연남동,16682
2020,4,마포구,11440,11440610,염리동,12864
2020,4,마포구,11440,11440590,용강동,22257
2020,4,마포구,11440,11440680,합정동,18576
2020,4,양천구,11470,11470510,목1동,31727
2020,4,양천구,11470,11470520,목2동,30705
2020,4,양천구,11470,11470530,목3동,22643
2020,4,양천구,11470,11470540,목4동,26190
2020,4,양천구,11470,11470550,목5동,42288
2020,4,양천구,11470,11470560,신월1동,21246
2020,4,양천구,11470,11470570,신월2동,21520
2020,4,양천구,11470,11470580,신월3동,15965
2020,4,양천구,11470,11470590,신월4동,18487
2020,4,양천구,11470,11470600,신월5동,15189
2020,4,양천구,11470,11470610,신월6동,13798
2020,4,양천구,11470,11470611,신월7동,20651
2020,4,양천구,11470,11470620,신정1동,21074
2020,4,양천구,11470,11470630,신정2동,20207
2020,4,양천구,11470,11470640,신정3동,46787
2020,4,양천구,11470,11470650,신정4동,34191
2020,4,양천구,11470,11470670,신정6동,25038
2020,4,양천구,11470,11470680,신정7동,30075
2020,4,강서구,11500,11500603,가양1동,34540
2020,4,강서구,11500,11500604,가양2동,14588
2020,4,강서구,11500,11500605,가양3동,15583
2020,4,강서구,11500,11500620,공항동,27627
2020,4,강서구,11500,11500520,등촌1동,24338
2020,4,강서구,11500,11500530,등촌2동,21216
2020,4,강서구,11500,11500535,등촌3동,31660
2020,4,강서구,11500,11500611,발산1동,37530
2020,4,강서구,11500,11500630,방화1동,44550
2020,4,강서구,11500,11500640,방화2동,23442
2020,4,강서구,11500,11500641,방화3동,23577
2020,4,강서구,11500,11500510,염창동,42017
2020,4,강서구,11500,11500615,우장산동,43987
2020,4,강서구,11500,11500540,화곡1동,53380
2020,4,강서구,11500,11500550,화곡2동,18727
2020,4,강서구,11500,11500560,화곡3동,21938
2020,4,강서구,11500,11500570,화곡4동,21413
2020,4,강서구,11500,11500591,화곡6동,25133
2020,4,강서구,11500,11500593,화곡8동,25674
2020,4,강서구,11500,11500590,화곡본동,34981
2020,4,구로구,11530,11530595,가리봉동,14263
2020,4,구로구,11530,11530740,개봉1동,35239
2020,4,구로구,11530,11530750,개봉2동,32218
2020,4,구로구,11530,11530760,개봉3동,21284
2020,4,구로구,11530,11530720,고척1동,23547
2020,4,구로구,11530,11530730,고척2동,27853
2020,4,구로구,11530,11530520,구로1동,21632
2020,4,구로구,11530,11530530,구로2동,33050
2020,4,구로구,11530,11530540,구로3동,25722
2020,4,구로구,11530,11530550,구로4동,25031
2020,4,구로구,11530,11530560,구로5동,32339
2020,4,구로구,11530,11530790,수궁동,24297
2020,4,구로구,11530,11530510,신도림동,36494
2020,4,구로구,11530,11530770,오류1동,23360
2020,4,구로구,11530,11530780,오류2동,39755
2020,4,구로구,11530,11530800,항동,16404
2020,4,금천구,11545,11545510,가산동,25973
2020,4,금천구,11545,11545610,독산1동,44191
2020,4,금천구,11545,11545620,독산2동,20666
2020,4,금천구,11545,11545630,독산3동,28535
2020,4,금천구,11545,11545640,독산4동,17464
2020,4,금천구,11545,11545670,시흥1동,35781
2020,4,금천구,11545,11545680,시흥2동,22092
2020,4,금천구,11545,11545690,시흥3동,11285
2020,4,금천구,11545,11545700,시흥4동,21520
2020,4,금천구,11545,11545710,시흥5동,20328
2020,4,영등포구,11560,11560550,당산1동,21197
2020,4,영등포구,11560,11560560,당산2동,38011
2020,4,영등포구,11560,11560700,대림1동,17751
2020,4,영등포구,11560,11560710,대림2동,19776
2020,4,영등포구,11560,11560720,대림3동,26973
2020,4,영등포구,11560,11560585,도림동,20665
2020,4,영등포구,11560,11560605,문래동,33399
2020,4,영등포구,11560,11560630,신길1동,19167
2020,4,영등포구,11560,11560650,신길3동,18086
2020,4,영등포구,11560,11560660,신길4동,12974
2020,4,영등포구,11560,11560670,신길5동,12496
2020,4,영등포구,11560,11560680,신길6동,19071
2020,4,영등포구,11560,11560690,신길7동,20494
2020,4,영등포구,11560,11560610,양평1동,17702
2020,4,영등포구,11560,11560620,양평2동,22603
2020,4,영등포구,11560,11560540,여의동,34463
2020,4,영등포구,11560,11560535,영등포동,28749
2020,4,영등포구,11560,11560515,영등포본동,23790
2020,4,동작구,11590,11590510,노량진1동,32387
2020,4,동작구,11590,11590520,노량진2동,13512
2020,4,동작구,11590,11590660,대방동,39172
2020,4,동작구,11590,11590620,사당1동,23632
2020,4,동작구,11590,11590630,사당2동,27658
2020,4,동작구,11590,11590640,사당3동,25244
2020,4,동작구,11590,11590650,사당4동,14599
2020,4,동작구,11590,11590651,사당5동,14811
2020,4,동작구,11590,11590530,상도1동,46840
2020,4,동작구,11590,11590540,상도2동,28162
2020,4,동작구,11590,11590550,상도3동,25416
2020,4,동작구,11590,11590560,상도4동,29306
2020,4,동작구,11590,11590670,신대방1동,25823
2020,4,동작구,11590,11590680,신대방2동,20466
2020,4,동작구,11590,11590605,흑석동,34544
2020,4,관악구,11620,11620585,낙성대동,17579
2020,4,관악구,11620,11620775,난곡동,28054
2020,4,관악구,11620,11620715,난향동,15915
2020,4,관악구,11620,11620630,남현동,18598
2020,4,관악구,11620,11620735,대학동,24907
2020,4,관악구,11620,11620765,미성동,31787
2020,4,관악구,11620,11620525,보라매동,25278
2020,4,관악구,11620,11620745,삼성동,23935
2020,4,관악구,11620,11620665,서림동,24410
2020,4,관악구,11620,11620645,서원동,23565
2020,4,관악구,11620,11620565,성현동,30472
2020,4,관악구,11620,11620695,신림동,22667
2020,4,관악구,11620,11620685,신사동,25426
2020,4,관악구,11620,11620655,신원동,19290
2020,4,관악구,11620,11620605,은천동,34595
2020,4,관악구,11620,11620625,인헌동,26500
2020,4,관악구,11620,11620725,조원동,19232
2020,4,관악구,11620,11620615,중앙동,15758
2020,4,관악구,11620,11620595,청룡동,36325
2020,4,관악구,11620,11620545,청림동,15711
2020,4,관악구,11620,11620575,행운동,29799
2020,4,서초구,11650,11650660,내곡동,18146
2020,4,서초구,11650,11650560,반포1동,32630
2020,4,서초구,11650,11650570,반포2동,16240
2020,4,서초구,11650,11650580,반포3동,22412
2020,4,서초구,11650,11650581,반포4동,19977
2020,4,서초구,11650,11650550,반포본동,11991
2020,4,서초구,11650,11650600,방배1동,17381
2020,4,서초구,11650,11650610,방배2동,20404
2020,4,서초구,11650,11650620,방배3동,21441
2020,4,서초구,11650,11650621,방배4동,24036
2020,4,서초구,11650,11650590,방배본동,21293
2020,4,서초구,11650,11650510,서초1동,21187
2020,4,서초구,11650,11650520,서초2동,21731
2020,4,서초구,11650,11650530,서초3동,32307
2020,4,서초구,11650,11650531,서초4동,31718
2020,4,서초구,11650,11650651,양재1동,44890
2020,4,서초구,11650,11650652,양재2동,22709
2020,4,서초구,11650,11650540,잠원동,28532
2020,4,강남구,11680,11680660,개포1동,6670
2020,4,강남구,11680,11680670,개포2동,22297
2020,4,강남구,11680,11680690,개포4동,22765
2020,4,강남구,11680,11680521,논현1동,23734
2020,4,강남구,11680,11680531,논현2동,21997
2020,4,강남구,11680,11680600,대치1동,24922
2020,4,강남구,11680,11680610,대치2동,37752
2020,4,강남구,11680,11680630,대치4동,20744
2020,4,강남구,11680,11680655,도곡1동,22227
2020,4,강남구,11680,11680656,도곡2동,34042
2020,4,강남구,11680,11680580,삼성1동,13600
2020,4,강남구,11680,11680590,삼성2동,30368
2020,4,강남구,11680,11680700,세곡동,44475
2020,4,강남구,11680,11680750,수서동,15299
2020,4,강남구,11680,11680510,신사동,16914
2020,4,강남구,11680,11680545,압구정동,27440
2020,4,강남구,11680,11680640,역삼1동,36771
2020,4,강남구,11680,11680650,역삼2동,37291
2020,4,강남구,11680,11680730,일원1동,15827
2020,4,강남구,11680,11680740,일원2동,17709
2020,4,강남구,11680,11680720,일원본동,23945
2020,4,강남구,11680,11680565,청담동,27266
2020,4,송파구,11710,11710631,가락1동,27876
2020,4,송파구,11710,11710632,가락2동,33204
2020,4,송파구,11710,11710620,가락본동,27368
2020,4,송파구,11710,11710531,거여1동,13077
2020,4,송파구,11710,11710532,거여2동,19330
2020,4,송파구,11710,11710540,마천1동,19909
2020,4,송파구,11710,11710550,마천2동,19719
2020,4,송파구,11710,11710641,문정1동,20868
2020,4,송파구,11710,11710642,문정2동,29547
2020,4,송파구,11710,11710561,방이1동,16298
2020,4,송파구,11710,11710562,방이2동,26675
2020,4,송파구,11710,11710610,삼전동,31839
2020,4,송파구,11710,11710600,석촌동,33166
2020,4,송파구,11710,11710580,송파1동,25190
2020,4,송파구,11710,11710590,송파2동,20800
2020,4,송파구,11710,11710570,오금동,39668
2020,4,송파구,11710,11710566,오륜동,18495
2020,4,송파구,11710,11710647,위례동,30366
2020,4,송파구,11710,11710670,잠실2동,36216
2020,4,송파구,11710,11710680,잠실3동,35497
2020,4,송파구,11710,11710690,잠실4동,21798
2020,4,송파구,11710,11710710,잠실6동,17366
2020,4,송파구,11710,11710720,잠실7동,9903
2020,4,송파구,11710,11710650,잠실본동,29093
2020,4,송파구,11710,11710646,장지동,30370
2020,4,송파구,11710,11710510,풍납1동,14585
2020,4,송파구,11710,11710520,풍납2동,25703
2020,4,강동구,11740,11740515,강일동,35778
2020,4,강동구,11740,11740550,고덕1동,26103
2020,4,강동구,11740,11740560,고덕2동,22568
2020,4,강동구,11740,11740685,길동,46868
2020,4,강동구,11740,11740700,둔촌2동,26413
2020,4,강동구,11740,11740530,명일1동,26377
2020,4,강동구,11740,11740540,명일2동,17555
2020,4,강동구,11740,11740520,상일동,33345
2020,4,강동구,11740,11740640,성내1동,20353
2020,4,강동구,11740,11740650,성내2동,24948
2020,4,강동구,11740,11740660,성내3동,23692
2020,4,강동구,11740,11740570,암사1동,35728
2020,4,강동구,11740,11740580,암사2동,15507
2020,4,강동구,11740,11740590,암사3동,18420
2020,4,강동구,11740,11740600,천호1동,27745
2020,4,강동구,11740,11740610,천호2동,35251
2020,4,강동구,11740,11740620,천호3동,27085
2021,1,종로구,11110,11110600,가회동,4297
2021,1,종로구,11110,11110580,교남동,10384
2021,1,종로구,11110,11110570,무악동,8425
2021,1,종로구,11110,11110550,부암동,10069
2021,1,종로구,11110,11110530,사직동,9813
2021,1,종로구,11110,11110540,삼청동,2803
2021,1,종로구,11110,11110700,숭인1동,6336
2021,1,종로구,11110,11110710,숭인2동,10049
2021,1,종로구,11110,11110640,이화동,7895
2021,1,종로구,11110,11110615,종로1234가동,8449
2021,1,종로구,11110,11110630,종로56가동,5691
2021,1,종로구,11110,11110670,창신1동,5849
2021,1,종로구,11110,11110680,창신2동,9391
2021,1,종로구,11110,11110690,창신3동,6929
2021,1,종로구,11110,11110515,청운효자동,12288
2021,1,종로구,11110,11110560,평창동,18491
2021,1,종로구,11110,11110650,혜화동,19408
2021,1,중구,11140,11140590,광희동,6516
2021,1,중구,11140,11140625,다산동,14607
2021,1,중구,11140,11140665,동화동,10750
2021,1,중구,11140,11140550,명동,3714
2021,1,중구,11140,11140520,소공동,3106
2021,1,중구,11140,11140650,신당5동,10848
2021,1,중구,11140,11140615,신당동,9141
2021,1,중구,11140,11140635,약수동,17134
2021,1,중구,11140,11140605,을지로동,1947
2021,1,중구,11140,11140580,장충동,5301
2021,1,중구,11140,11140680,중림동,12615
2021,1,중구,11140,11140645,청구동,14109
2021,1,중구,11140,11140570,필동,4680
2021,1,중구,11140,11140670,황학동,13502
2021,1,중구,11140,11140540,회현동,5738
2021,1,용산구,11170,11170530,남영동,8049
2021,1,용산구,11170,11170700,보광동,15284
2021,1,용산구,11170,11170690,서빙고동,13919
2021,1,용산구,11170,11170590,용문동,12327
2021,1,용산구,11170,11170520,용산2가동,11264
2021,1,용산구,11170,11170560,원효로1동,16746
2021,1,용산구,11170,11170570,원효로2동,14268
2021,1,용산구,11170,11170630,이촌1동,28516
2021,1,용산구,11170,11170640,이촌2동,8628
2021,1,용산구,11170,11170650,이태원1동,8543
2021,1,용산구,11170,11170660,이태원2동,10712
2021,1,용산구,11170,11170555,청파동,20305
2021,1,용산구,11170,11170625,한강로동,23212
2021,1,용산구,11170,11170685,한남동,23351
2021,1,용산구,11170,11170580,효창동,10369
2021,1,용산구,11170,11170510,후암동,17843
2021,1,성동구,11200,11200590,금호1가동,15718
2021,1,성동구,11200,11200615,금호23가동,23356
2021,1,성동구,11200,11200620,금호4가동,14723
2021,1,성동구,11200,11200540,마장동,23257
2021,1,성동구,11200,11200550,사근동,13352
2021,1,성동구,11200,11200650,성수1가1동,17168
2021,1,성동구,11200,11200660,성수1가2동,13451
2021,1,성동구,11200,11200670,성수2가1동,16899
2021,1,성동구,11200,11200690,성수2가3동,11387
2021,1,성동구,11200,11200720,송정동,11018
2021,1,성동구,11200,11200645,옥수동,26733
2021,1,성동구,11200,11200520,왕십리2동,17242
2021,1,성동구,11200,11200535,왕십리도선동,27292
2021,1,성동구,11200,11200790,용답동,12814
2021,1,성동구,11200,11200580,응봉동,15726
2021,1,성동구,11200,11200560,행당1동,14358
2021,1,성동구,11200,11200570,행당2동,23927
2021,1,광진구,11215,11215810,광장동,35355
2021,1,광진구,11215,11215850,구의1동,22474
2021,1,광진구,11215,11215860,구의2동,27139
2021,1,광진구,11215,11215870,구의3동,29304
2021,1,광진구,11215,11215730,군자동,21696
2021,1,광진구,11215,11215780,능동,11728
2021,1,광진구,11215,11215820,자양1동,23465
2021,1,광진구,11215,11215830,자양2동,25649
2021,1,광진구,11215,11215840,자양3동,28808
2021,1,광진구,11215,11215847,자양4동,20982
2021,1,광진구,11215,11215740,중곡1동,15950
2021,1,광진구,11215,11215750,중곡2동,22065
2021,1,광진구,11215,11215760,중곡3동,16668
2021,1,광진구,11215,11215770,중곡4동,29385
2021,1,광진구,11215,11215710,화양동,25523
2021,1,동대문구,11230,11230600,답십리1동,29452
2021,1,동대문구,11230,11230610,답십리2동,29100
2021,1,동대문구,11230,11230536,용신동,32385
2021,1,동대문구,11230,11230740,이문1동,20589
2021,1,동대문구,11230,11230750,이문2동,20665
2021,1,동대문구,11230,11230650,장안1동,39014
2021,1,동대문구,11230,11230660,장안2동,33004
2021,1,동대문구,11230,11230560,전농1동,30036
2021,1,동대문구,11230,11230570,전농2동,19257
2021,1,동대문구,11230,11230545,제기동,26632
2021,1,동대문구,11230,11230705,청량리동,19758
2021,1,동대문구,11230,11230710,회기동,12471
2021,1,동대문구,11230,11230720,휘경1동,15393
2021,1,동대문구,11230,11230730,휘경2동,24814
2021,1,중랑구,11260,11260660,망우3동,17355
2021,1,중랑구,11260,11260655,망우본동,30565
2021,1,중랑구,11260,11260520,면목2동,25042
2021,1,중랑구,11260,11260575,면목38동,25766
2021,1,중랑구,11260,11260540,면목4동,19509
2021,1,중랑구,11260,11260550,면목5동,14720
2021,1,중랑구,11260,11260570,면목7동,22463
2021,1,중랑구,11260,11260565,면목본동,35046
2021,1,중랑구,11260,11260620,묵1동,35269
2021,1,중랑구,11260,11260630,묵2동,19557
2021,1,중랑구,11260,11260580,상봉1동,24784
2021,1,중랑구,11260,11260590,상봉2동,20423
2021,1,중랑구,11260,11260680,신내1동,39247
2021,1,중랑구,11260,11260690,신내2동,21078
2021,1,중랑구,11260,11260600,중화1동,20236
2021,1,중랑구,11260,11260610,중화2동,25747
2021,1,성북구,11290,11290660,길음1동,35927
2021,1,성북구,11290,11290685,길음2동,16758
2021,1,성북구,11290,11290580,돈암1동,15071
2021,1,성북구,11290,11290590,돈암2동,24414
2021,1,성북구,11290,11290575,동선동,16130
2021,1,성북구,11290,11290610,보문동,15885
2021,1,성북구,11290,11290555,삼선동,23697
2021,1,성북구,11290,11290810,석관동,36152
2021,1,성북구,11290,11290525,성북동,17229
2021,1,성북구,11290,11290600,안암동,16423
2021,1,성북구,11290,11290715,월곡1동,26862
2021,1,성북구,11290,11290725,월곡2동,20187
2021,1,성북구,11290,11290760,장위1동,24297
2021,1,성북구,11290,11290770,장위2동,13950
2021,1,성북구,11290,11290780,장위3동,16531
2021,1,성북구,11290,11290620,정릉1동,18649
2021,1,성북구,11290,11290630,정릉2동,23494
2021,1,성북구,11290,11290640,정릉3동,16342
2021,1,성북구,11290,11290650,정릉4동,25658
2021,1,성북구,11290,11290705,종암동,40639
2021,1,강북구,11305,11305535,미아동,22493
2021,1,강북구,11305,11305595,번1동,19080
2021,1,강북구,11305,11305603,번2동,16311
2021,1,강북구,11305,11305608,번3동,17270
2021,1,강북구,11305,11305575,삼각산동,31623
2021,1,강북구,11305,11305534,삼양동,24382
2021,1,강북구,11305,11305545,송중동,30508
2021,1,강북구,11305,11305555,송천동,27451
2021,1,강북구,11305,11305615,수유1동,21198
2021,1,강북구,11305,11305625,수유2동,21586
2021,1,강북구,11305,11305635,수유3동,23656
2021,1,강북구,11305,11305645,우이동,20825
2021,1,강북구,11305,11305660,인수동,31154
2021,1,도봉구,11320,11320521,도봉1동,21474
2021,1,도봉구,11320,11320522,도봉2동,27526
2021,1,도봉구,11320,11320690,방학1동,28974
2021,1,도봉구,11320,11320700,방학2동,20135
2021,1,도봉구,11320,11320710,방학3동,27658
2021,1,도봉구,11320,11320660,쌍문1동,21912
2021,1,도봉구,11320,11320670,쌍문2동,19066
2021,1,도봉구,11320,11320680,쌍문3동,16884
2021,1,도봉구,11320,11320681,쌍문4동,18964
2021,1,도봉구,11320,11320511,창1동,25163
2021,1,도봉구,11320,11320512,창2동,29651
2021,1,도봉구,11320,11320513,창3동,14249
2021,1,도봉구,11320,11320514,창4동,27046
2021,1,도봉구,11320,11320515,창5동,25050
2021,1,노원구,11350,11350595,공릉1동,37961
2021,1,노원구,11350,11350600,공릉2동,39895
2021,1,노원구,11350,11350720,상계10동,18655
2021,1,노원구,11350,11350630,상계1동,38882
2021,1,노원구,11350,11350640,상계2동,20462
2021,1,노원구,11350,11350665,상계34동,26952
2021,1,노원구,11350,11350670,상계5동,24504
2021,1,노원구,11350,11350695,상계67동,33256
2021,1,노원구,11350,11350700,상계8동,22790
2021,1,노원구,11350,11350710,상계9동,20949
2021,1,노원구,11350,11350560,월계1동,22572
2021,1,노원구,11350,11350570,월계2동,27339
2021,1,노원구,11350,11350580,월계3동,30446
2021,1,노원구,11350,11350621,중계1동,27211
2021,1,노원구,11350,11350625,중계23동,35069
2021,1,노원구,11350,11350624,중계4동,20507
2021,1,노원구,11350,11350619,중계본동,24635
2021,1,노원구,11350,11350611,하계1동,27668
2021,1,노원구,11350,11350612,하계2동,22472
2021,1,은평구,11380,11380551,갈현1동,23018
2021,1,은평구,11380,11380552,갈현2동,28941
2021,1,은평구,11380,11380560,구산동,32578
2021,1,은평구,11380,11380510,녹번동,37556
2021,1,은평구,11380,11380570,대조동,27534
2021,1,은평구,11380,11380520,불광1동,39439
2021,1,은평구,11380,11380530,불광2동,28442
2021,1,은평구,11380,11380650,수색동,11301
2021,1,은평구,11380,11380631,신사1동,27534
2021,1,은평구,11380,11380632,신사2동,20719
2021,1,은평구,11380,11380625,역촌동,46500
2021,1,은평구,11380,11380580,응암1동,31072
2021,1,은평구,11380,11380590,응암2동,27774
2021,1,은평구,11380,11380600,응암3동,25223
2021,1,은평구,11380,11380640,증산동,15275
2021,1,은평구,11380,11380690,진관동,56701
2021,1,서대문구,11410,11410690,남가좌1동,15861
2021,1,서대문구,11410,11410700,남가좌2동,30658
2021,1,서대문구,11410,11410710,북가좌1동,18455
2021,1,서대문구,11410,11410720,북가좌2동,32647
2021,1,서대문구,11410,11410555,북아현동,16674
2021,1,서대문구,11410,11410585,신촌동,22778
2021,1,서대문구,11410,11410615,연희동,38423
2021,1,서대문구,11410,11410520,천연동,17596
2021,1,서대문구,11410,11410565,충현동,21002
2021,1,서대문구,11410,11410660,홍은1동,23111
2021,1,서대문구,11410,11410685,홍은2동,27523
2021,1,서대문구,11410,11410620,홍제1동,24257
2021,1,서대문구,11410,11410655,홍제2동,14104
2021,1,서대문구,11410,11410640,홍제3동,15725
2021,1,마포구,11440,11440565,공덕동,38200
2021,1,마포구,11440,11440600,대흥동,15695
2021,1,마포구,11440,11440585,도화동,21689
2021,1,마포구,11440,11440690,망원1동,20897
2021,1,마포구,11440,11440700,망원2동,18991
2021,1,마포구,11440,11440740,상암동,31509
2021,1,마포구,11440,11440655,서강동,25508
2021,1,마포구,11440,11440660,서교동,26698
2021,1,마포구,11440,11440720,성산1동,19454
2021,1,마포구,11440,11440730,성산2동,40285
2021,1,마포구,11440,11440630,신수동,23221
2021,1,마포구,11440,11440555,아현동,26007
2021,1,마포구,11440,11440710,연남동,16455
2021,1,마포구,11440,11440610,염리동,13387
2021,1,마포구,11440,11440590,용강동,22151
2021,1,마포구,11440,11440680,합정동,18069
2021,1,양천구,11470,11470510,목1동,31418
2021,1,양천구,11470,11470520,목2동,30450
2021,1,양천구,11470,11470530,목3동,22412
2021,1,양천구,11470,11470540,목4동,25966
2021,1,양천구,11470,11470550,목5동,41894
2021,1,양천구,11470,11470560,신월1동,20990
2021,1,양천구,11470,11470570,신월2동,21155
2021,1,양천구,11470,11470580,신월3동,15645
2021,1,양천구,11470,11470590,신월4동,18309
2021,1,양천구,11470,11470600,신월5동,15043
2021,1,양천구,11470,11470610,신월6동,13843
2021,1,양천구,11470,11470611,신월7동,20369
2021,1,양천구,11470,11470620,신정1동,20718
2021,1,양천구,11470,11470630,신정2동,19860
2021,1,양천구,11470,11470640,신정3동,49591
2021,1,양천구,11470,11470650,신정4동,33810
2021,1,양천구,11470,11470670,신정6동,24876
2021,1,양천구,11470,11470680,신정7동,29670
2021,1,강서구,11500,11500603,가양1동,34445
2021,1,강서구,11500,11500604,가양2동,14341
2021,1,강서구,11500,11500605,가양3동,15415
2021,1,강서구,11500,11500620,공항동,29402
2021,1,강서구,11500,11500520,등촌1동,24388
2021,1,강서구,11500,11500530,등촌2동,20780
2021,1,강서구,11500,11500535,등촌3동,31275
2021,1,강서구,11500,11500611,발산1동,36915
2021,1,강서구,11500,11500630,방화1동,43896
2021,1,강서구,11500,11500640,방화2동,23519
2021,1,강서구,11500,11500641,방화3동,23282
2021,1,강서구,11500,11500510,염창동,42070
2021,1,강서구,11500,11500615,우장산동,43520
2021,1,강서구,11500,11500540,화곡1동,53058
2021,1,강서구,11500,11500550,화곡2동,18469
2021,1,강서구,11500,11500560,화곡3동,21643
2021,1,강서구,11500,11500570,화곡4동,21244
2021,1,강서구,11500,11500591,화곡6동,25029
2021,1,강서구,11500,11500593,화곡8동,25246
2021,1,강서구,11500,11500590,화곡본동,34867
2021,1,구로구,11530,11530595,가리봉동,13447
2021,1,구로구,11530,11530740,개봉1동,35169
2021,1,구로구,11530,11530750,개봉2동,31823
2021,1,구로구,11530,11530760,개봉3동,20931
2021,1,구로구,11530,11530720,고척1동,23169
2021,1,구로구,11530,11530730,고척2동,27566
2021,1,구로구,11530,11530520,구로1동,21486
2021,1,구로구,11530,11530530,구로2동,31984
2021,1,구로구,11530,11530540,구로3동,25397
2021,1,구로구,11530,11530550,구로4동,24269
2021,1,구로구,11530,11530560,구로5동,32064
2021,1,구로구,11530,11530790,수궁동,24141
2021,1,구로구,11530,11530510,신도림동,36132
2021,1,구로구,11530,11530770,오류1동,23434
2021,1,구로구,11530,11530780,오류2동,39209
2021,1,구로구,11530,11530800,항동,16454
2021,1,금천구,11545,11545510,가산동,25863
2021,1,금천구,11545,11545610,독산1동,43969
2021,1,금천구,11545,11545620,독산2동,20345
2021,1,금천구,11545,11545630,독산3동,28026
2021,1,금천구,11545,11545640,독산4동,17120
2021,1,금천구,11545,11545670,시흥1동,35104
2021,1,금천구,11545,11545680,시흥2동,21672
2021,1,금천구,11545,11545690,시흥3동,11101
2021,1,금천구,11545,11545700,시흥4동,21281
2021,1,금천구,11545,11545710,시흥5동,20083
2021,1,영등포구,11560,11560550,당산1동,20995
2021,1,영등포구,11560,11560560,당산2동,37660
2021,1,영등포구,11560,11560700,대림1동,17405
2021,1,영등포구,11560,11560710,대림2동,18892
2021,1,영등포구,11560,11560720,대림3동,26459
2021,1,영등포구,11560,11560585,도림동,20197
2021,1,영등포구,11560,11560605,문래동,33088
2021,1,영등포구,11560,11560630,신길1동,18783
2021,1,영등포구,11560,11560650,신길3동,17801
2021,1,영등포구,11560,11560660,신길4동,13047
2021,1,영등포구,11560,11560670,신길5동,12110
2021,1,영등포구,11560,11560680,신길6동,20002
2021,1,영등포구,11560,11560690,신길7동,20198
2021,1,영등포구,11560,11560610,양평1동,17694
2021,1,영등포구,11560,11560620,양평2동,22466
2021,1,영등포구,11560,11560540,여의동,33851
2021,1,영등포구,11560,11560535,영등포동,29091
2021,1,영등포구,11560,11560515,영등포본동,23331
2021,1,동작구,11590,11590510,노량진1동,32233
2021,1,동작구,11590,11590520,노량진2동,13476
2021,1,동작구,11590,11590660,대방동,38852
2021,1,동작구,11590,11590620,사당1동,23419
2021,1,동작구,11590,11590630,사당2동,27413
2021,1,동작구,11590,11590640,사당3동,25056
2021,1,동작구,11590,11590650,사당4동,14441
2021,1,동작구,11590,11590651,사당5동,14715
2021,1,동작구,11590,11590530,상도1동,46152
2021,1,동작구,11590,11590540,상도2동,28825
2021,1,동작구,11590,11590550,상도3동,25137
2021,1,동작구,11590,11590560,상도4동,29138
2021,1,동작구,11590,11590670,신대방1동,25459
2021,1,동작구,11590,11590680,신대방2동,20142
2021,1,동작구,11590,11590605,흑석동,33747
2021,1,관악구,11620,11620585,낙성대동,17495
2021,1,관악구,11620,11620775,난곡동,27800
2021,1,관악구,11620,11620715,난향동,15664
2021,1,관악구,11620,11620630,남현동,18358
2021,1,관악구,11620,11620735,대학동,24811
2021,1,관악구,11620,11620765,미성동,31595
2021,1,관악구,11620,11620525,보라매동,24978
2021,1,관악구,11620,11620745,삼성동,23232
2021,1,관악구,11620,11620665,서림동,24019
2021,1,관악구,11620,11620645,서원동,23324
2021,1,관악구,11620,11620565,성현동,30033
2021,1,관악구,11620,11620695,신림동,22543
2021,1,관악구,11620,11620685,신사동,25008
2021,1,관악구,11620,11620655,신원동,18999
2021,1,관악구,11620,11620605,은천동,34197
2021,1,관악구,11620,11620625,인헌동,26334
2021,1,관악구,11620,11620725,조원동,18875
2021,1,관악구,11620,11620615,중앙동,15565
2021,1,관악구,11620,11620595,청룡동,36313
2021,1,관악구,11620,11620545,청림동,15451
2021,1,관악구,11620,11620575,행운동,29546
2021,1,서초구,11650,11650660,내곡동,17984
2021,1,서초구,11650,11650560,반포1동,32387
2021,1,서초구,11650,11650570,반포2동,16047
2021,1,서초구,11650,11650580,반포3동,22406
2021,1,서초구,11650,11650581,반포4동,19822
2021,1,서초구,11650,11650550,반포본동,11512
2021,1,서초구,11650,11650600,방배1동,17180
2021,1,서초구,11650,11650610,방배2동,20092
2021,1,서초구,11650,11650620,방배3동,20641
2021,1,서초구,11650,11650621,방배4동,23897
2021,1,서초구,11650,11650590,방배본동,21199
2021,1,서초구,11650,11650510,서초1동,20991
2021,1,서초구,11650,11650520,서초2동,22316
2021,1,서초구,11650,11650530,서초3동,32454
2021,1,서초구,11650,11650531,서초4동,31476
2021,1,서초구,11650,11650651,양재1동,44227
2021,1,서초구,11650,11650652,양재2동,22489
2021,1,서초구,11650,11650540,잠원동,27983
2021,1,강남구,11680,11680660,개포1동,6560
2021,1,강남구,11680,11680670,개포2동,22166
2021,1,강남구,11680,11680690,개포4동,23868
2021,1,강남구,11680,11680521,논현1동,23427
2021,1,강남구,11680,11680531,논현2동,21891
2021,1,강남구,11680,11680600,대치1동,24587
2021,1,강남구,11680,11680610,대치2동,36906
2021,1,강남구,11680,11680630,대치4동,20358
2021,1,강남구,11680,11680655,도곡1동,22044
2021,1,강남구,11680,11680656,도곡2동,33877
2021,1,강남구,11680,11680580,삼성1동,13389
2021,1,강남구,11680,11680590,삼성2동,30044
2021,1,강남구,11680,11680700,세곡동,44157
2021,1,강남구,11680,11680750,수서동,15112
2021,1,강남구,11680,11680510,신사동,16615
2021,1,강남구,11680,11680545,압구정동,27064
2021,1,강남구,11680,11680640,역삼1동,36457
2021,1,강남구,11680,11680650,역삼2동,36715
2021,1,강남구,11680,11680730,일원1동,15632
2021,1,강남구,11680,11680740,일원2동,17989
2021,1,강남구,11680,11680720,일원본동,23695
2021,1,강남구,11680,11680565,청담동,26985
2021,1,송파구,11710,11710631,가락1동,27403
2021,1,송파구,11710,11710632,가락2동,32971
2021,1,송파구,11710,11710620,가락본동,27128
2021,1,송파구,11710,11710531,거여1동,12855
2021,1,송파구,11710,11710532,거여2동,19128
2021,1,송파구,11710,11710540,마천1동,19515
2021,1,송파구,11710,11710550,마천2동,19362
2021,1,송파구,11710,11710641,문정1동,20642
2021,1,송파구,11710,11710642,문정2동,29388
2021,1,송파구,11710,11710561,방이1동,16107
2021,1,송파구,11710,11710562,방이2동,26619
2021,1,송파구,11710,11710610,삼전동,31428
2021,1,송파구,11710,11710600,석촌동,32701
2021,1,송파구,11710,11710580,송파1동,24860
2021,1,송파구,11710,11710590,송파2동,19920
2021,1,송파구,11710,11710570,오금동,39213
2021,1,송파구,11710,11710566,오륜동,18350
2021,1,송파구,11710,11710647,위례동,32063
2021,1,송파구,11710,11710670,잠실2동,35690
2021,1,송파구,11710,11710680,잠실3동,34963
2021,1,송파구,11710,11710690,잠실4동,21478
2021,1,송파구,11710,11710710,잠실6동,17124
2021,1,송파구,11710,11710720,잠실7동,9762
2021,1,송파구,11710,11710650,잠실본동,28780
2021,1,송파구,11710,11710646,장지동,29993
2021,1,송파구,11710,11710510,풍납1동,14139
2021,1,송파구,11710,11710520,풍납2동,25533
2021,1,강동구,11740,11740515,강일동,40855
2021,1,강동구,11740,11740550,고덕1동,25500
2021,1,강동구,11740,11740560,고덕2동,22657
2021,1,강동구,11740,11740685,길동,46481
2021,1,강동구,11740,11740700,둔촌2동,25309
2021,1,강동구,11740,11740530,명일1동,26123
2021,1,강동구,11740,11740540,명일2동,17495
2021,1,강동구,11740,11740520,상일동,37989
2021,1,강동구,11740,11740640,성내1동,20309
2021,1,강동구,11740,11740650,성내2동,24668
2021,1,강동구,11740,11740660,성내3동,23626
2021,1,강동구,11740,11740570,암사1동,35245
2021,1,강동구,11740,11740580,암사2동,15406
2021,1,강동구,11740,11740590,암사3동,18178
2021,1,강동구,11740,11740600,천호1동,27405
2021,1,강동구,11740,11740610,천호2동,34526
2021,1,강동구,11740,11740620,천호3동,26897
2021,2,종로구,11110,11110600,가회동,4305
2021,2,종로구,11110,11110580,교남동,10321
2021,2,종로구,11110,11110570,무악동,8365
2021,2,종로구,11110,11110550,부암동,9951
2021,2,종로구,11110,11110530,사직동,9636
2021,2,종로구,11110,11110540,삼청동,2780
2021,2,종로구,11110,11110700,숭인1동,6225
2021,2,종로구,11110,11110710,숭인2동,10165
2021,2,종로구,11110,11110640,이화동,7832
2021,2,종로구,11110,11110615,종로1234가동,8372
2021,2,종로구,11110,11110630,종로56가동,5554
2021,2,종로구,11110,11110670,창신1동,5761
2021,2,종로구,11110,11110680,창신2동,9231
2021,2,종로구,11110,11110690,창신3동,6875
2021,2,종로구,11110,11110515,청운효자동,12231
2021,2,종로구,11110,11110560,평창동,18377
2021,2,종로구,11110,11110650,혜화동,19125
2021,2,중구,11140,11140590,광희동,6349
2021,2,중구,11140,11140625,다산동,14425
2021,2,중구,11140,11140665,동화동,10586
2021,2,중구,11140,11140550,명동,3666
2021,2,중구,11140,11140520,소공동,3225
2021,2,중구,11140,11140650,신당5동,10714
2021,2,중구,11140,11140615,신당동,9066
2021,2,중구,11140,11140635,약수동,17052
2021,2,중구,11140,11140605,을지로동,1869
2021,2,중구,11140,11140580,장충동,5310
2021,2,중구,11140,11140680,중림동,12416
2021,2,중구,11140,11140645,청구동,13958
2021,2,중구,11140,11140570,필동,4729
2021,2,중구,11140,11140670,황학동,13428
2021,2,중구,11140,11140540,회현동,5466
2021,2,용산구,11170,11170530,남영동,7886
2021,2,용산구,11170,11170700,보광동,14974
2021,2,용산구,11170,11170690,서빙고동,13914
2021,2,용산구,11170,11170590,용문동,12123
2021,2,용산구,11170,11170520,용산2가동,10866
2021,2,용산구,11170,11170560,원효로1동,16591
2021,2,용산구,11170,11170570,원효로2동,13998
2021,2,용산구,11170,11170630,이촌1동,28383
2021,2,용산구,11170,11170640,이촌2동,8528
2021,2,용산구,11170,11170650,이태원1동,8303
2021,2,용산구,11170,11170660,이태원2동,10605
2021,2,용산구,11170,11170555,청파동,20160
2021,2,용산구,11170,11170625,한강로동,23294
2021,2,용산구,11170,11170685,한남동,23157
2021,2,용산구,11170,11170580,효창동,10265
2021,2,용산구,11170,11170510,후암동,17618
2021,2,성동구,11200,11200590,금호1가동,15600
2021,2,성동구,11200,11200615,금호23가동,23047
2021,2,성동구,11200,11200620,금호4가동,14572
2021,2,성동구,11200,11200540,마장동,23132
2021,2,성동구,11200,11200550,사근동,13512
2021,2,성동구,11200,11200650,성수1가1동,17053
2021,2,성동구,11200,11200660,성수1가2동,13151
2021,2,성동구,11200,11200670,성수2가1동,16628
2021,2,성동구,11200,11200690,성수2가3동,11304
2021,2,성동구,11200,11200720,송정동,11001
2021,2,성동구,11200,11200645,옥수동,26493
2021,2,성동구,11200,11200520,왕십리2동,16956
2021,2,성동구,11200,11200535,왕십리도선동,27087
2021,2,성동구,11200,11200790,용답동,12677
2021,2,성동구,11200,11200580,응봉동,15640
2021,2,성동구,11200,11200560,행당1동,14198
2021,2,성동구,11200,11200570,행당2동,23716
2021,2,광진구,11215,11215810,광장동,35193
2021,2,광진구,11215,11215850,구의1동,22430
2021,2,광진구,11215,11215860,구의2동,27091
2021,2,광진구,11215,11215870,구의3동,29145
2021,2,광진구,11215,11215730,군자동,21775
2021,2,광진구,11215,11215780,능동,11725
2021,2,광진구,11215,11215820,자양1동,23385
2021,2,광진구,11215,11215830,자양2동,25463
2021,2,광진구,11215,11215840,자양3동,28658
2021,2,광진구,11215,11215847,자양4동,20980
2021,2,광진구,11215,11215740,중곡1동,15940
2021,2,광진구,11215,11215750,중곡2동,21966
2021,2,광진구,11215,11215760,중곡3동,16545
2021,2,광진구,11215,11215770,중곡4동,29330
2021,2,광진구,11215,11215710,화양동,25680
2021,2,동대문구,11230,11230600,답십리1동,29511
2021,2,동대문구,11230,11230610,답십리2동,29000
2021,2,동대문구,11230,11230536,용신동,32416
2021,2,동대문구,11230,11230740,이문1동,20686
2021,2,동대문구,11230,11230750,이문2동,20574
2021,2,동대문구,11230,11230650,장안1동,38890
2021,2,동대문구,11230,11230660,장안2동,32870
2021,2,동대문구,11230,11230560,전농1동,29949
2021,2,동대문구,11230,11230570,전농2동,19192
2021,2,동대문구,11230,11230545,제기동,26621
2021,2,동대문구,11230,11230705,청량리동,19566
2021,2,동대문구,11230,11230710,회기동,12566
2021,2,동대문구,11230,11230720,휘경1동,15590
2021,2,동대문구,11230,11230730,휘경2동,24828
2021,2,중랑구,11260,11260660,망우3동,17033
2021,2,중랑구,11260,11260655,망우본동,30472
2021,2,중랑구,11260,11260520,면목2동,24695
2021,2,중랑구,11260,11260575,면목38동,25606
2021,2,중랑구,11260,11260540,면목4동,19465
2021,2,중랑구,11260,11260550,면목5동,14811
2021,2,중랑구,11260,11260570,면목7동,22368
2021,2,중랑구,11260,11260565,면목본동,34817
2021,2,중랑구,11260,11260620,묵1동,35094
2021,2,중랑구,11260,11260630,묵2동,19320
2021,2,중랑구,11260,11260580,상봉1동,24681
2021,2,중랑구,11260,11260590,상봉2동,20548
2021,2,중랑구,11260,11260680,신내1동,39130
2021,2,중랑구,11260,11260690,신내2동,20927
2021,2,중랑구,11260,11260600,중화1동,20171
2021,2,중랑구,11260,11260610,중화2동,25541
2021,2,성북구,11290,11290660,길음1동,35827
2021,2,성북구,11290,11290685,길음2동,16747
2021,2,성북구,11290,11290580,돈암1동,14944
2021,2,성북구,11290,11290590,돈암2동,24307
2021,2,성북구,11290,11290575,동선동,16146
2021,2,성북구,11290,11290610,보문동,15810
2021,2,성북구,11290,11290555,삼선동,23552
2021,2,성북구,11290,11290810,석관동,36112
2021,2,성북구,11290,11290525,성북동,17198
2021,2,성북구,11290,11290600,안암동,16451
2021,2,성북구,11290,11290715,월곡1동,26839
2021,2,성북구,11290,11290725,월곡2동,20040
2021,2,성북구,11290,11290760,장위1동,24573
2021,2,성북구,11290,11290770,장위2동,13990
2021,2,성북구,11290,11290780,장위3동,16312
2021,2,성북구,11290,11290620,정릉1동,18614
2021,2,성북구,11290,11290630,정릉2동,23457
2021,2,성북구,11290,11290640,정릉3동,16265
2021,2,성북구,11290,11290650,정릉4동,25483
2021,2,성북구,11290,11290705,종암동,40539
2021,2,강북구,11305,11305535,미아동,22361
2021,2,강북구,11305,11305595,번1동,18969
2021,2,강북구,11305,11305603,번2동,16194
2021,2,강북구,11305,11305608,번3동,17226
2021,2,강북구,11305,11305575,삼각산동,31510
2021,2,강북구,11305,11305534,삼양동,24238
2021,2,강북구,11305,11305545,송중동,30410
2021,2,강북구,11305,11305555,송천동,27290
2021,2,강북구,11305,11305615,수유1동,21016
2021,2,강북구,11305,11305625,수유2동,21519
2021,2,강북구,11305,11305635,수유3동,23483
2021,2,강북구,11305,11305645,우이동,20828
2021,2,강북구,11305,11305660,인수동,31049
2021,2,도봉구,11320,11320521,도봉1동,21409
2021,2,도봉구,11320,11320522,도봉2동,27302
2021,2,도봉구,11320,11320690,방학1동,28967
2021,2,도봉구,11320,11320700,방학2동,20038
2021,2,도봉구,11320,11320710,방학3동,27544
2021,2,도봉구,11320,11320660,쌍문1동,21871
2021,2,도봉구,11320,11320670,쌍문2동,18992
2021,2,도봉구,11320,11320680,쌍문3동,16684
2021,2,도봉구,11320,11320681,쌍문4동,18915
2021,2,도봉구,11320,11320511,창1동,25113
2021,2,도봉구,11320,11320512,창2동,29535
2021,2,도봉구,11320,11320513,창3동,14163
2021,2,도봉구,11320,11320514,창4동,26938
2021,2,도봉구,11320,11320515,창5동,24948
2021,2,노원구,11350,11350595,공릉1동,37732
2021,2,노원구,11350,11350600,공릉2동,39825
2021,2,노원구,11350,11350720,상계10동,18738
2021,2,노원구,11350,11350630,상계1동,38713
2021,2,노원구,11350,11350640,상계2동,20351
2021,2,노원구,11350,11350665,상계34동,26662
2021,2,노원구,11350,11350670,상계5동,24423
2021,2,노원구,11350,11350695,상계67동,33152
2021,2,노원구,11350,11350700,상계8동,22814
2021,2,노원구,11350,11350710,상계9동,20810
2021,2,노원구,11350,11350560,월계1동,22460
2021,2,노원구,11350,11350570,월계2동,27221
2021,2,노원구,11350,11350580,월계3동,30447
2021,2,노원구,11350,11350621,중계1동,27140
2021,2,노원구,11350,11350625,중계23동,34909
2021,2,노원구,11350,11350624,중계4동,20317
2021,2,노원구,11350,11350619,중계본동,24421
2021,2,노원구,11350,11350611,하계1동,27501
2021,2,노원구,11350,11350612,하계2동,22369
2021,2,은평구,11380,11380551,갈현1동,22803
2021,2,은평구,11380,11380552,갈현2동,28868
2021,2,은평구,11380,11380560,구산동,32648
2021,2,은평구,11380,11380510,녹번동,37249
2021,2,은평구,11380,11380570,대조동,27428
2021,2,은평구,11380,11380520,불광1동,39200
2021,2,은평구,11380,11380530,불광2동,28267
2021,2,은평구,11380,11380650,수색동,11313
2021,2,은평구,11380,11380631,신사1동,27447
2021,2,은평구,11380,11380632,신사2동,20658
2021,2,은평구,11380,11380625,역촌동,46280
2021,2,은평구,11380,11380580,응암1동,32861
2021,2,은평구,11380,11380590,응암2동,27614
2021,2,은평구,11380,11380600,응암3동,25202
2021,2,은평구,11380,11380640,증산동,15247
2021,2,은평구,11380,11380690,진관동,56324
2021,2,서대문구,11410,11410690,남가좌1동,15828
2021,2,서대문구,11410,11410700,남가좌2동,30779
2021,2,서대문구,11410,11410710,북가좌1동,18328
2021,2,서대문구,11410,11410720,북가좌2동,32298
2021,2,서대문구,11410,11410555,북아현동,16505
2021,2,서대문구,11410,11410585,신촌동,23288
2021,2,서대문구,11410,11410615,연희동,38054
2021,2,서대문구,11410,11410520,천연동,17487
2021,2,서대문구,11410,11410565,충현동,20999
2021,2,서대문구,11410,11410660,홍은1동,23010
2021,2,서대문구,11410,11410685,홍은2동,27360
2021,2,서대문구,11410,11410620,홍제1동,24153
2021,2,서대문구,11410,11410655,홍제2동,13984
2021,2,서대문구,11410,11410640,홍제3동,15626
2021,2,마포구,11440,11440565,공덕동,37951
2021,2,마포구,11440,11440600,대흥동,15728
2021,2,마포구,11440,11440585,도화동,21566
2021,2,마포구,11440,11440690,망원1동,20773
2021,2,마포구,11440,11440700,망원2동,18954
2021,2,마포구,11440,11440740,상암동,31359
2021,2,마포구,11440,11440655,서강동,25596
2021,2,마포구,11440,11440660,서교동,26718
2021,2,마포구,11440,11440720,성산1동,19342
2021,2,마포구,11440,11440730,성산2동,40112
2021,2,마포구,11440,11440630,신수동,23006
2021,2,마포구,11440,11440555,아현동,25734
2021,2,마포구,11440,11440710,연남동,16263
2021,2,마포구,11440,11440610,염리동,16837
2021,2,마포구,11440,11440590,용강동,22095
2021,2,마포구,11440,11440680,합정동,17950
2021,2,양천구,11470,11470510,목1동,31143
2021,2,양천구,11470,11470520,목2동,30315
2021,2,양천구,11470,11470530,목3동,22256
2021,2,양천구,11470,11470540,목4동,25788
2021,2,양천구,11470,11470550,목5동,41593
2021,2,양천구,11470,11470560,신월1동,20925
2021,2,양천구,11470,11470570,신월2동,21074
2021,2,양천구,11470,11470580,신월3동,15552
2021,2,양천구,11470,11470590,신월4동,18235
2021,2,양천구,11470,11470600,신월5동,14997
2021,2,양천구,11470,11470610,신월6동,13816
2021,2,양천구,11470,11470611,신월7동,20285
2021,2,양천구,11470,11470620,신정1동,20631
2021,2,양천구,11470,11470630,신정2동,19734
2021,2,양천구,11470,11470640,신정3동,49927
2021,2,양천구,11470,11470650,신정4동,33633
2021,2,양천구,11470,11470670,신정6동,24851
2021,2,양천구,11470,11470680,신정7동,29533
2021,2,강서구,11500,11500603,가양1동,34398
2021,2,강서구,11500,11500604,가양2동,14283
2021,2,강서구,11500,11500605,가양3동,15346
2021,2,강서구,11500,11500620,공항동,31363
2021,2,강서구,11500,11500520,등촌1동,24436
2021,2,강서구,11500,11500530,등촌2동,20652
2021,2,강서구,11500,11500535,등촌3동,31167
2021,2,강서구,11500,11500611,발산1동,36507
2021,2,강서구,11500,11500630,방화1동,43532
2021,2,강서구,11500,11500640,방화2동,23518
2021,2,강서구,11500,11500641,방화3동,23197
2021,2,강서구,11500,11500510,염창동,42129
2021,2,강서구,11500,11500615,우장산동,43442
2021,2,강서구,11500,11500540,화곡1동,52954
2021,2,강서구,11500,11500550,화곡2동,18360
2021,2,강서구,11500,11500560,화곡3동,21587
2021,2,강서구,11500,11500570,화곡4동,21078
2021,2,강서구,11500,11500591,화곡6동,25112
2021,2,강서구,11500,11500593,화곡8동,25058
2021,2,강서구,11500,11500590,화곡본동,34876
2021,2,구로구,11530,11530595,가리봉동,13363
2021,2,구로구,11530,11530740,개봉1동,34945
2021,2,구로구,11530,11530750,개봉2동,31585
2021,2,구로구,11530,11530760,개봉3동,20729
2021,2,구로구,11530,11530720,고척1동,23006
2021,2,구로구,11530,11530730,고척2동,27395
2021,2,구로구,11530,11530520,구로1동,21320
2021,2,구로구,11530,11530530,구로2동,31675
2021,2,구로구,11530,11530540,구로3동,25350
2021,2,구로구,11530,11530550,구로4동,24178
2021,2,구로구,11530,11530560,구로5동,32056
2021,2,구로구,11530,11530790,수궁동,24021
2021,2,구로구,11530,11530510,신도림동,36006
2021,2,구로구,11530,11530770,오류1동,23472
2021,2,구로구,11530,11530780,오류2동,39020
2021,2,구로구,11530,11530800,항동,16461
2021,2,금천구,11545,11545510,가산동,25937
2021,2,금천구,11545,11545610,독산1동,44929
2021,2,금천구,11545,11545620,독산2동,20363
2021,2,금천구,11545,11545630,독산3동,27877
2021,2,금천구,11545,11545640,독산4동,17056
2021,2,금천구,11545,11545670,시흥1동,34872
2021,2,금천구,11545,11545680,시흥2동,21534
2021,2,금천구,11545,11545690,시흥3동,11026
2021,2,금천구,11545,11545700,시흥4동,21144
2021,2,금천구,11545,11545710,시흥5동,19947
2021,2,영등포구,11560,11560550,당산1동,20834
2021,2,영등포구,11560,11560560,당산2동,37639
2021,2,영등포구,11560,11560700,대림1동,17276
2021,2,영등포구,11560,11560710,대림2동,18694
2021,2,영등포구,11560,11560720,대림3동,26213
2021,2,영등포구,11560,11560585,도림동,20062
2021,2,영등포구,11560,11560605,문래동,33060
2021,2,영등포구,11560,11560630,신길1동,18716
2021,2,영등포구,11560,11560650,신길3동,17758
2021,2,영등포구,11560,11560660,신길4동,13050
2021,2,영등포구,11560,11560670,신길5동,11954
2021,2,영등포구,11560,11560680,신길6동,19977
2021,2,영등포구,11560,11560690,신길7동,20158
2021,2,영등포구,11560,11560610,양평1동,18281
2021,2,영등포구,11560,11560620,양평2동,22485
2021,2,영등포구,11560,11560540,여의동,33723
2021,2,영등포구,11560,11560535,영등포동,29289
2021,2,영등포구,11560,11560515,영등포본동,23206
2021,2,동작구,11590,11590510,노량진1동,32158
2021,2,동작구,11590,11590520,노량진2동,13381
2021,2,동작구,11590,11590660,대방동,38667
2021,2,동작구,11590,11590620,사당1동,23402
2021,2,동작구,11590,11590630,사당2동,27042
2021,2,동작구,11590,11590640,사당3동,24930
2021,2,동작구,11590,11590650,사당4동,14442
2021,2,동작구,11590,11590651,사당5동,14677
2021,2,동작구,11590,11590530,상도1동,45967
2021,2,동작구,11590,11590540,상도2동,29367
2021,2,동작구,11590,11590550,상도3동,25000
2021,2,동작구,11590,11590560,상도4동,29084
2021,2,동작구,11590,11590670,신대방1동,25332
2021,2,동작구,11590,11590680,신대방2동,20140
2021,2,동작구,11590,11590605,흑석동,33642
2021,2,관악구,11620,11620585,낙성대동,17477
2021,2,관악구,11620,11620775,난곡동,27577
2021,2,관악구,11620,11620715,난향동,15579
2021,2,관악구,11620,11620630,남현동,18360
2021,2,관악구,11620,11620735,대학동,24983
2021,2,관악구,11620,11620765,미성동,31408
2021,2,관악구,11620,11620525,보라매동,24951
2021,2,관악구,11620,11620745,삼성동,22996
2021,2,관악구,11620,11620665,서림동,23922
2021,2,관악구,11620,11620645,서원동,23200
2021,2,관악구,11620,11620565,성현동,29809
2021,2,관악구,11620,11620695,신림동,22619
2021,2,관악구,11620,11620685,신사동,25035
2021,2,관악구,11620,11620655,신원동,18955
2021,2,관악구,11620,11620605,은천동,33974
2021,2,관악구,11620,11620625,인헌동,26227
2021,2,관악구,11620,11620725,조원동,18737
2021,2,관악구,11620,11620615,중앙동,15576
2021,2,관악구,11620,11620595,청룡동,36437
2021,2,관악구,11620,11620545,청림동,15358
2021,2,관악구,11620,11620575,행운동,29518
2021,2,서초구,11650,11650660,내곡동,17889
2021,2,서초구,11650,11650560,반포1동,33239
2021,2,서초구,11650,11650570,반포2동,15916
2021,2,서초구,11650,11650580,반포3동,22378
2021,2,서초구,11650,11650581,반포4동,19684
2021,2,서초구,11650,11650550,반포본동,10508
2021,2,서초구,11650,11650600,방배1동,17123
2021,2,서초구,11650,11650610,방배2동,19923
2021,2,서초구,11650,11650620,방배3동,19381
2021,2,서초구,11650,11650621,방배4동,23797
2021,2,서초구,11650,11650590,방배본동,21013
2021,2,서초구,11650,11650510,서초1동,20951
2021,2,서초구,11650,11650520,서초2동,22463
2021,2,서초구,11650,11650530,서초3동,32702
2021,2,서초구,11650,11650531,서초4동,31361
2021,2,서초구,11650,11650651,양재1동,44025
2021,2,서초구,11650,11650652,양재2동,22424
2021,2,서초구,11650,11650540,잠원동,27397
2021,2,강남구,11680,11680660,개포1동,6500
2021,2,강남구,11680,11680670,개포2동,21939
2021,2,강남구,11680,11680690,개포4동,23917
2021,2,강남구,11680,11680521,논현1동,23272
2021,2,강남구,11680,11680531,논현2동,21668
2021,2,강남구,11680,11680600,대치1동,24478
2021,2,강남구,11680,11680610,대치2동,36677
2021,2,강남구,11680,11680630,대치4동,20261
2021,2,강남구,11680,11680655,도곡1동,21917
2021,2,강남구,11680,11680656,도곡2동,33607
2021,2,강남구,11680,11680580,삼성1동,13327
2021,2,강남구,11680,11680590,삼성2동,29762
2021,2,강남구,11680,11680700,세곡동,43952
2021,2,강남구,11680,11680750,수서동,15016
2021,2,강남구,11680,11680510,신사동,16406
2021,2,강남구,11680,11680545,압구정동,26770
2021,2,강남구,11680,11680640,역삼1동,36458
2021,2,강남구,11680,11680650,역삼2동,36529
2021,2,강남구,11680,11680730,일원1동,15512
2021,2,강남구,11680,11680740,일원2동,17931
2021,2,강남구,11680,11680720,일원본동,23595
2021,2,강남구,11680,11680565,청담동,26613
2021,2,송파구,11710,11710631,가락1동,27484
2021,2,송파구,11710,11710632,가락2동,32808
2021,2,송파구,11710,11710620,가락본동,26887
2021,2,송파구,11710,11710531,거여1동,12769
2021,2,송파구,11710,11710532,거여2동,19091
2021,2,송파구,11710,11710540,마천1동,19360
2021,2,송파구,11710,11710550,마천2동,19284
2021,2,송파구,11710,11710641,문정1동,20473
2021,2,송파구,11710,11710642,문정2동,29334
2021,2,송파구,11710,11710561,방이1동,15926
2021,2,송파구,11710,11710562,방이2동,27007
2021,2,송파구,11710,11710610,삼전동,31270
2021,2,송파구,11710,11710600,석촌동,32562
2021,2,송파구,11710,11710580,송파1동,24611
2021,2,송파구,11710,11710590,송파2동,19606
2021,2,송파구,11710,11710570,오금동,38980
2021,2,송파구,11710,11710566,오륜동,18250
2021,2,송파구,11710,11710647,위례동,32381
2021,2,송파구,11710,11710670,잠실2동,35581
2021,2,송파구,11710,11710680,잠실3동,34825
2021,2,송파구,11710,11710690,잠실4동,21400
2021,2,송파구,11710,11710710,잠실6동,16991
2021,2,송파구,11710,11710720,잠실7동,9674
2021,2,송파구,11710,11710650,잠실본동,28760
2021,2,송파구,11710,11710646,장지동,29734
2021,2,송파구,11710,11710510,풍납1동,13957
2021,2,송파구,11710,11710520,풍납2동,25336
2021,2,강동구,11740,11740515,강일동,42105
2021,2,강동구,11740,11740550,고덕1동,25208
2021,2,강동구,11740,11740560,고덕2동,22630
2021,2,강동구,11740,11740685,길동,46338
2021,2,강동구,11740,11740700,둔촌2동,25103
2021,2,강동구,11740,11740530,명일1동,26109
2021,2,강동구,11740,11740540,명일2동,17473
2021,2,강동구,11740,11740520,상일동,38784
2021,2,강동구,11740,11740640,성내1동,20332
2021,2,강동구,11740,11740650,성내2동,24578
2021,2,강동구,11740,11740660,성내3동,23632
2021,2,강동구,11740,11740570,암사1동,35118
2021,2,강동구,11740,11740580,암사2동,15397
2021,2,강동구,11740,11740590,암사3동,18058
2021,2,강동구,11740,11740600,천호1동,27360
2021,2,강동구,11740,11740610,천호2동,33940
2021,2,강동구,11740,11740620,천호3동,26784
2021,3,종로구,11110,11110600,가회동,4259
2021,3,종로구,11110,11110580,교남동,10229
2021,3,종로구,11110,11110570,무악동,8334
2021,3,종로구,11110,11110550,부암동,9852
2021,3,종로구,11110,11110530,사직동,9645
2021,3,종로구,11110,11110540,삼청동,2764
2021,3,종로구,11110,11110700,숭인1동,6146
2021,3,종로구,11110,11110710,숭인2동,10140
2021,3,종로구,11110,11110640,이화동,7774
2021,3,종로구,11110,11110615,종로1234가동,8403
2021,3,종로구,11110,11110630,종로56가동,5526
2021,3,종로구,11110,11110670,창신1동,5704
2021,3,종로구,11110,11110680,창신2동,9137
2021,3,종로구,11110,11110690,창신3동,6845
2021,3,종로구,11110,11110515,청운효자동,12220
2021,3,종로구,11110,11110560,평창동,18336
2021,3,종로구,11110,11110650,혜화동,19004
2021,3,중구,11140,11140590,광희동,6292
2021,3,중구,11140,11140625,다산동,14350
2021,3,중구,11140,11140665,동화동,10508
2021,3,중구,11140,11140550,명동,3685
2021,3,중구,11140,11140520,소공동,3286
2021,3,중구,11140,11140650,신당5동,10728
2021,3,중구,11140,11140615,신당동,9087
2021,3,중구,11140,11140635,약수동,17003
2021,3,중구,11140,11140605,을지로동,1909
2021,3,중구,11140,11140580,장충동,5344
2021,3,중구,11140,11140680,중림동,12408
2021,3,중구,11140,11140645,청구동,13851
2021,3,중구,11140,11140570,필동,4678
2021,3,중구,11140,11140670,황학동,13326
2021,3,중구,11140,11140540,회현동,5488
2021,3,용산구,11170,11170530,남영동,7832
2021,3,용산구,11170,11170700,보광동,14804
2021,3,용산구,11170,11170690,서빙고동,13913
2021,3,용산구,11170,11170590,용문동,12037
2021,3,용산구,11170,11170520,용산2가동,10793
2021,3,용산구,11170,11170560,원효로1동,16569
2021,3,용산구,11170,11170570,원효로2동,13924
2021,3,용산구,11170,11170630,이촌1동,27027
2021,3,용산구,11170,11170640,이촌2동,8443
2021,3,용산구,11170,11170650,이태원1동,8225
2021,3,용산구,11170,11170660,이태원2동,10594
2021,3,용산구,11170,11170555,청파동,20121
2021,3,용산구,11170,11170625,한강로동,23417
2021,3,용산구,11170,11170685,한남동,22977
2021,3,용산구,11170,11170580,효창동,10213
2021,3,용산구,11170,11170510,후암동,17411
2021,3,성동구,11200,11200590,금호1가동,15442
2021,3,성동구,11200,11200615,금호23가동,22932
2021,3,성동구,11200,11200620,금호4가동,14517
2021,3,성동구,11200,11200540,마장동,23028
2021,3,성동구,11200,11200550,사근동,13335
2021,3,성동구,11200,11200650,성수1가1동,16919
2021,3,성동구,11200,11200660,성수1가2동,13003
2021,3,성동구,11200,11200670,성수2가1동,16460
2021,3,성동구,11200,11200690,성수2가3동,11152
2021,3,성동구,11200,11200720,송정동,10949
2021,3,성동구,11200,11200645,옥수동,26412
2021,3,성동구,11200,11200520,왕십리2동,16881
2021,3,성동구,11200,11200535,왕십리도선동,27074
2021,3,성동구,11200,11200790,용답동,12685
2021,3,성동구,11200,11200580,응봉동,15560
2021,3,성동구,11200,11200560,행당1동,14223
2021,3,성동구,11200,11200570,행당2동,23568
2021,3,광진구,11215,11215810,광장동,35004
2021,3,광진구,11215,11215850,구의1동,22251
2021,3,광진구,11215,11215860,구의2동,27107
2021,3,광진구,11215,11215870,구의3동,28969
2021,3,광진구,11215,11215730,군자동,21583
2021,3,광진구,11215,11215780,능동,11661
2021,3,광진구,11215,11215820,자양1동,23233
2021,3,광진구,11215,11215830,자양2동,25175
2021,3,광진구,11215,11215840,자양3동,28430
2021,3,광진구,11215,11215847,자양4동,20909
2021,3,광진구,11215,11215740,중곡1동,15959
2021,3,광진구,11215,11215750,중곡2동,21864
2021,3,광진구,11215,11215760,중곡3동,16465
2021,3,광진구,11215,11215770,중곡4동,29144
2021,3,광진구,11215,11215710,화양동,25626
2021,3,동대문구,11230,11230600,답십리1동,29446
2021,3,동대문구,11230,11230610,답십리2동,28792
2021,3,동대문구,11230,11230536,용신동,32379
2021,3,동대문구,11230,11230740,이문1동,20627
2021,3,동대문구,11230,11230750,이문2동,20487
2021,3,동대문구,11230,11230650,장안1동,38793
2021,3,동대문구,11230,11230660,장안2동,32861
2021,3,동대문구,11230,11230560,전농1동,29911
2021,3,동대문구,11230,11230570,전농2동,19062
2021,3,동대문구,11230,11230545,제기동,26630
2021,3,동대문구,11230,11230705,청량리동,19397
2021,3,동대문구,11230,11230710,회기동,12679
2021,3,동대문구,11230,11230720,휘경1동,15596
2021,3,동대문구,11230,11230730,휘경2동,24966
2021,3,중랑구,11260,11260660,망우3동,16803
2021,3,중랑구,11260,11260655,망우본동,31550
2021,3,중랑구,11260,11260520,면목2동,24534
2021,3,중랑구,11260,11260575,면목38동,25346
2021,3,중랑구,11260,11260540,면목4동,19415
2021,3,중랑구,11260,11260550,면목5동,14868
2021,3,중랑구,11260,11260570,면목7동,22124
2021,3,중랑구,11260,11260565,면목본동,34497
2021,3,중랑구,11260,11260620,묵1동,34864
2021,3,중랑구,11260,11260630,묵2동,19178
2021,3,중랑구,11260,11260580,상봉1동,24428
2021,3,중랑구,11260,11260590,상봉2동,20670
2021,3,중랑구,11260,11260680,신내1동,38665
2021,3,중랑구,11260,11260690,신내2동,20710
2021,3,중랑구,11260,11260600,중화1동,19967
2021,3,중랑구,11260,11260610,중화2동,25530
2021,3,성북구,11290,11290660,길음1동,35744
2021,3,성북구,11290,11290685,길음2동,16742
2021,3,성북구,11290,11290580,돈암1동,14859
2021,3,성북구,11290,11290590,돈암2동,24134
2021,3,성북구,11290,11290575,동선동,16111
2021,3,성북구,11290,11290610,보문동,15736
2021,3,성북구,11290,11290555,삼선동,23533
2021,3,성북구,11290,11290810,석관동,36018
2021,3,성북구,11290,11290525,성북동,17134
2021,3,성북구,11290,11290600,안암동,16386
2021,3,성북구,11290,11290715,월곡1동,26680
2021,3,성북구,11290,11290725,월곡2동,20028
2021,3,성북구,11290,11290760,장위1동,24581
2021,3,성북구,11290,11290770,장위2동,13995
2021,3,성북구,11290,11290780,장위3동,16180
2021,3,성북구,11290,11290620,정릉1동,18504
2021,3,성북구,11290,11290630,정릉2동,23298
2021,3,성북구,11290,11290640,정릉3동,16222
2021,3,성북구,11290,11290650,정릉4동,25403
2021,3,성북구,11290,11290705,종암동,40429
2021,3,강북구,11305,11305535,미아동,22162
2021,3,강북구,11305,11305595,번1동,18826
2021,3,강북구,11305,11305603,번2동,16020
2021,3,강북구,11305,11305608,번3동,17065
2021,3,강북구,11305,11305575,삼각산동,31481
2021,3,강북구,11305,11305534,삼양동,23980
2021,3,강북구,11305,11305545,송중동,30299
2021,3,강북구,11305,11305555,송천동,27035
2021,3,강북구,11305,11305615,수유1동,20869
2021,3,강북구,11305,11305625,수유2동,21505
2021,3,강북구,11305,11305635,수유3동,23489
2021,3,강북구,11305,11305645,우이동,20742
2021,3,강북구,11305,11305660,인수동,30784
2021,3,도봉구,11320,11320521,도봉1동,21250
2021,3,도봉구,11320,11320522,도봉2동,27117
2021,3,도봉구,11320,11320690,방학1동,29035
2021,3,도봉구,11320,11320700,방학2동,19906
2021,3,도봉구,11320,11320710,방학3동,27323
2021,3,도봉구,11320,11320660,쌍문1동,21663
2021,3,도봉구,11320,11320670,쌍문2동,18930
2021,3,도봉구,11320,11320680,쌍문3동,16675
2021,3,도봉구,11320,11320681,쌍문4동,18765
2021,3,도봉구,11320,11320511,창1동,25004
2021,3,도봉구,11320,11320512,창2동,29442
2021,3,도봉구,11320,11320513,창3동,14027
2021,3,도봉구,11320,11320514,창4동,26790
2021,3,도봉구,11320,11320515,창5동,24784
2021,3,노원구,11350,11350595,공릉1동,37593
2021,3,노원구,11350,11350600,공릉2동,39465
2021,3,노원구,11350,11350720,상계10동,18784
2021,3,노원구,11350,11350630,상계1동,38466
2021,3,노원구,11350,11350640,상계2동,20208
2021,3,노원구,11350,11350665,상계34동,26479
2021,3,노원구,11350,11350670,상계5동,24223
2021,3,노원구,11350,11350695,상계67동,32998
2021,3,노원구,11350,11350700,상계8동,22777
2021,3,노원구,11350,11350710,상계9동,20746
2021,3,노원구,11350,11350560,월계1동,22406
2021,3,노원구,11350,11350570,월계2동,27006
2021,3,노원구,11350,11350580,월계3동,30241
2021,3,노원구,11350,11350621,중계1동,27084
2021,3,노원구,11350,11350625,중계23동,34717
2021,3,노원구,11350,11350624,중계4동,20135
2021,3,노원구,11350,11350619,중계본동,24195
2021,3,노원구,11350,11350611,하계1동,27288
2021,3,노원구,11350,11350612,하계2동,22227
2021,3,은평구,11380,11380551,갈현1동,22483
2021,3,은평구,11380,11380552,갈현2동,28725
2021,3,은평구,11380,11380560,구산동,32652
2021,3,은평구,11380,11380510,녹번동,37164
2021,3,은평구,11380,11380570,대조동,27318
2021,3,은평구,11380,11380520,불광1동,38996
2021,3,은평구,11380,11380530,불광2동,28046
2021,3,은평구,11380,11380650,수색동,11445
2021,3,은평구,11380,11380631,신사1동,27377
2021,3,은평구,11380,11380632,신사2동,20532
2021,3,은평구,11380,11380625,역촌동,46108
2021,3,은평구,11380,11380580,응암1동,33128
2021,3,은평구,11380,11380590,응암2동,27577
2021,3,은평구,11380,11380600,응암3동,24999
2021,3,은평구,11380,11380640,증산동,15175
2021,3,은평구,11380,11380690,진관동,56236
2021,3,서대문구,11410,11410690,남가좌1동,15735
2021,3,서대문구,11410,11410700,남가좌2동,30696
2021,3,서대문구,11410,11410710,북가좌1동,18256
2021,3,서대문구,11410,11410720,북가좌2동,32020
2021,3,서대문구,11410,11410555,북아현동,16401
2021,3,서대문구,11410,11410585,신촌동,23281
2021,3,서대문구,11410,11410615,연희동,37931
2021,3,서대문구,11410,11410520,천연동,17398
2021,3,서대문구,11410,11410565,충현동,20869
2021,3,서대문구,11410,11410660,홍은1동,22956
2021,3,서대문구,11410,11410685,홍은2동,27386
2021,3,서대문구,11410,11410620,홍제1동,24054
2021,3,서대문구,11410,11410655,홍제2동,13871
2021,3,서대문구,11410,11410640,홍제3동,15561
2021,3,마포구,11440,11440565,공덕동,37916
2021,3,마포구,11440,11440600,대흥동,15847
2021,3,마포구,11440,11440585,도화동,21525
2021,3,마포구,11440,11440690,망원1동,20575
2021,3,마포구,11440,11440700,망원2동,18853
2021,3,마포구,11440,11440740,상암동,31390
2021,3,마포구,11440,11440655,서강동,25574
2021,3,마포구,11440,11440660,서교동,26612
2021,3,마포구,11440,11440720,성산1동,19257
2021,3,마포구,11440,11440730,성산2동,39883
2021,3,마포구,11440,11440630,신수동,22901
2021,3,마포구,11440,11440555,아현동,25714
2021,3,마포구,11440,11440710,연남동,16085
2021,3,마포구,11440,11440610,염리동,17459
2021,3,마포구,11440,11440590,용강동,22081
2021,3,마포구,11440,11440680,합정동,17853
2021,3,양천구,11470,11470510,목1동,31001
2021,3,양천구,11470,11470520,목2동,30215
2021,3,양천구,11470,11470530,목3동,22122
2021,3,양천구,11470,11470540,목4동,25669
2021,3,양천구,11470,11470550,목5동,41379
2021,3,양천구,11470,11470560,신월1동,20817
2021,3,양천구,11470,11470570,신월2동,20931
2021,3,양천구,11470,11470580,신월3동,15479
2021,3,양천구,11470,11470590,신월4동,18171
2021,3,양천구,11470,11470600,신월5동,14843
2021,3,양천구,11470,11470610,신월6동,13836
2021,3,양천구,11470,11470611,신월7동,20100
2021,3,양천구,11470,11470620,신정1동,20569
2021,3,양천구,11470,11470630,신정2동,19665
2021,3,양천구,11470,11470640,신정3동,49946
2021,3,양천구,11470,11470650,신정4동,33480
2021,3,양천구,11470,11470670,신정6동,24659
2021,3,양천구,11470,11470680,신정7동,29373
2021,3,강서구,11500,11500603,가양1동,34331
2021,3,강서구,11500,11500604,가양2동,14214
2021,3,강서구,11500,11500605,가양3동,15267
2021,3,강서구,11500,11500620,공항동,31526
2021,3,강서구,11500,11500520,등촌1동,24460
2021,3,강서구,11500,11500530,등촌2동,20507
2021,3,강서구,11500,11500535,등촌3동,30947
2021,3,강서구,11500,11500611,발산1동,36426
2021,3,강서구,11500,11500630,방화1동,43402
2021,3,강서구,11500,11500640,방화2동,23602
2021,3,강서구,11500,11500641,방화3동,23031
2021,3,강서구,11500,11500510,염창동,41940
2021,3,강서구,11500,11500615,우장산동,43248
2021,3,강서구,11500,11500540,화곡1동,52945
2021,3,강서구,11500,11500550,화곡2동,18199
2021,3,강서구,11500,11500560,화곡3동,21631
2021,3,강서구,11500,11500570,화곡4동,20935
2021,3,강서구,11500,11500591,화곡6동,24998
2021,3,강서구,11500,11500593,화곡8동,24934
2021,3,강서구,11500,11500590,화곡본동,34722
2021,3,구로구,11530,11530595,가리봉동,13161
2021,3,구로구,11530,11530740,개봉1동,34694
2021,3,구로구,11530,11530750,개봉2동,31467
2021,3,구로구,11530,11530760,개봉3동,20648
2021,3,구로구,11530,11530720,고척1동,22839
2021,3,구로구,11530,11530730,고척2동,27247
2021,3,구로구,11530,11530520,구로1동,21216
2021,3,구로구,11530,11530530,구로2동,31369
2021,3,구로구,11530,11530540,구로3동,25192
2021,3,구로구,11530,11530550,구로4동,23991
2021,3,구로구,11530,11530560,구로5동,31887
2021,3,구로구,11530,11530790,수궁동,23940
2021,3,구로구,11530,11530510,신도림동,36005
2021,3,구로구,11530,11530770,오류1동,23374
2021,3,구로구,11530,11530780,오류2동,38892
2021,3,구로구,11530,11530800,항동,16439
2021,3,금천구,11545,11545510,가산동,25956
2021,3,금천구,11545,11545610,독산1동,46113
2021,3,금천구,11545,11545620,독산2동,20275
2021,3,금천구,11545,11545630,독산3동,27713
2021,3,금천구,11545,11545640,독산4동,16876
2021,3,금천구,11545,11545670,시흥1동,34625
2021,3,금천구,11545,11545680,시흥2동,21444
2021,3,금천구,11545,11545690,시흥3동,11000
2021,3,금천구,11545,11545700,시흥4동,21024
2021,3,금천구,11545,11545710,시흥5동,19861
2021,3,영등포구,11560,11560550,당산1동,20685
2021,3,영등포구,11560,11560560,당산2동,37853
2021,3,영등포구,11560,11560700,대림1동,17134
2021,3,영등포구,11560,11560710,대림2동,18370
2021,3,영등포구,11560,11560720,대림3동,26028
2021,3,영등포구,11560,11560585,도림동,19920
2021,3,영등포구,11560,11560605,문래동,32990
2021,3,영등포구,11560,11560630,신길1동,18712
2021,3,영등포구,11560,11560650,신길3동,17649
2021,3,영등포구,11560,11560660,신길4동,13068
2021,3,영등포구,11560,11560670,신길5동,11822
2021,3,영등포구,11560,11560680,신길6동,19986
2021,3,영등포구,11560,11560690,신길7동,20145
2021,3,영등포구,11560,11560610,양평1동,18393
2021,3,영등포구,11560,11560620,양평2동,22564
2021,3,영등포구,11560,11560540,여의동,33534
2021,3,영등포구,11560,11560535,영등포동,29873
2021,3,영등포구,11560,11560515,영등포본동,23088
2021,3,동작구,11590,11590510,노량진1동,32411
2021,3,동작구,11590,11590520,노량진2동,12561
2021,3,동작구,11590,11590660,대방동,38605
2021,3,동작구,11590,11590620,사당1동,23462
2021,3,동작구,11590,11590630,사당2동,28070
2021,3,동작구,11590,11590640,사당3동,24726
2021,3,동작구,11590,11590650,사당4동,14377
2021,3,동작구,11590,11590651,사당5동,14591
2021,3,동작구,11590,11590530,상도1동,45757
2021,3,동작구,11590,11590540,상도2동,28931
2021,3,동작구,11590,11590550,상도3동,24943
2021,3,동작구,11590,11590560,상도4동,29059
2021,3,동작구,11590,11590670,신대방1동,25089
2021,3,동작구,11590,11590680,신대방2동,20074
2021,3,동작구,11590,11590605,흑석동,33466
2021,3,관악구,11620,11620585,낙성대동,17516
2021,3,관악구,11620,11620775,난곡동,27412
2021,3,관악구,11620,11620715,난향동,15491
2021,3,관악구,11620,11620630,남현동,18390
2021,3,관악구,11620,11620735,대학동,24913
2021,3,관악구,11620,11620765,미성동,31258
2021,3,관악구,11620,11620525,보라매동,24974
2021,3,관악구,11620,11620745,삼성동,22656
2021,3,관악구,11620,11620665,서림동,23741
2021,3,관악구,11620,11620645,서원동,23317
2021,3,관악구,11620,11620565,성현동,29606
2021,3,관악구,11620,11620695,신림동,22894
2021,3,관악구,11620,11620685,신사동,24921
2021,3,관악구,11620,11620655,신원동,18838
2021,3,관악구,11620,11620605,은천동,33814
2021,3,관악구,11620,11620625,인헌동,26223
2021,3,관악구,11620,11620725,조원동,18724
2021,3,관악구,11620,11620615,중앙동,15606
2021,3,관악구,11620,11620595,청룡동,36458
2021,3,관악구,11620,11620545,청림동,15328
2021,3,관악구,11620,11620575,행운동,29492
2021,3,서초구,11650,11650660,내곡동,17780
2021,3,서초구,11650,11650560,반포1동,34559
2021,3,서초구,11650,11650570,반포2동,15847
2021,3,서초구,11650,11650580,반포3동,22229
2021,3,서초구,11650,11650581,반포4동,19735
2021,3,서초구,11650,11650550,반포본동,5761
2021,3,서초구,11650,11650600,방배1동,17078
2021,3,서초구,11650,11650610,방배2동,19775
2021,3,서초구,11650,11650620,방배3동,18957
2021,3,서초구,11650,11650621,방배4동,23753
2021,3,서초구,11650,11650590,방배본동,21032
2021,3,서초구,11650,11650510,서초1동,20806
2021,3,서초구,11650,11650520,서초2동,25919
2021,3,서초구,11650,11650530,서초3동,32804
2021,3,서초구,11650,11650531,서초4동,31112
2021,3,서초구,11650,11650651,양재1동,43631
2021,3,서초구,11650,11650652,양재2동,22272
2021,3,서초구,11650,11650540,잠원동,26995
2021,3,강남구,11680,11680660,개포1동,6432
2021,3,강남구,11680,11680670,개포2동,26893
2021,3,강남구,11680,11680690,개포4동,23893
2021,3,강남구,11680,11680521,논현1동,23065
2021,3,강남구,11680,11680531,논현2동,21519
2021,3,강남구,11680,11680600,대치1동,24283
2021,3,강남구,11680,11680610,대치2동,36333
2021,3,강남구,11680,11680630,대치4동,20275
2021,3,강남구,11680,11680655,도곡1동,21673
2021,3,강남구,11680,11680656,도곡2동,33417
2021,3,강남구,11680,11680580,삼성1동,13265
2021,3,강남구,11680,11680590,삼성2동,29817
2021,3,강남구,11680,11680700,세곡동,43644
2021,3,강남구,11680,11680750,수서동,14925
2021,3,강남구,11680,11680510,신사동,16307
2021,3,강남구,11680,11680545,압구정동,26584
2021,3,강남구,11680,11680640,역삼1동,36560
2021,3,강남구,11680,11680650,역삼2동,36379
2021,3,강남구,11680,11680730,일원1동,15384
2021,3,강남구,11680,11680740,일원2동,17717
2021,3,강남구,11680,11680720,일원본동,23434
2021,3,강남구,11680,11680565,청담동,26276
2021,3,송파구,11710,11710631,가락1동,27406
2021,3,송파구,11710,11710632,가락2동,32662
2021,3,송파구,11710,11710620,가락본동,26740
2021,3,송파구,11710,11710531,거여1동,12732
2021,3,송파구,11710,11710532,거여2동,18965
2021,3,송파구,11710,11710540,마천1동,19240
2021,3,송파구,11710,11710550,마천2동,19060
2021,3,송파구,11710,11710641,문정1동,20339
2021,3,송파구,11710,11710642,문정2동,29106
2021,3,송파구,11710,11710561,방이1동,15888
2021,3,송파구,11710,11710562,방이2동,27216
2021,3,송파구,11710,11710610,삼전동,30921
2021,3,송파구,11710,11710600,석촌동,32344
2021,3,송파구,11710,11710580,송파1동,24402
2021,3,송파구,11710,11710590,송파2동,19388
2021,3,송파구,11710,11710570,오금동,38936
2021,3,송파구,11710,11710566,오륜동,18087
2021,3,송파구,11710,11710647,위례동,36877
2021,3,송파구,11710,11710670,잠실2동,35301
2021,3,송파구,11710,11710680,잠실3동,34577
2021,3,송파구,11710,11710690,잠실4동,21297
2021,3,송파구,11710,11710710,잠실6동,16901
2021,3,송파구,11710,11710720,잠실7동,9594
2021,3,송파구,11710,11710650,잠실본동,28604
2021,3,송파구,11710,11710646,장지동,29540
2021,3,송파구,11710,11710510,풍납1동,13673
2021,3,송파구,11710,11710520,풍납2동,25200
2021,3,강동구,11740,11740515,강일동,32700
2021,3,강동구,11740,11740550,고덕1동,24919
2021,3,강동구,11740,11740560,고덕2동,22539
2021,3,강동구,11740,11740685,길동,46047
2021,3,강동구,11740,11740700,둔촌2동,24847
2021,3,강동구,11740,11740530,명일1동,25947
2021,3,강동구,11740,11740540,명일2동,17539
2021,3,강동구,11740,11740520,상일동,49128
2021,3,강동구,11740,11740640,성내1동,20207
2021,3,강동구,11740,11740650,성내2동,24358
2021,3,강동구,11740,11740660,성내3동,23532
2021,3,강동구,11740,11740570,암사1동,34916
2021,3,강동구,11740,11740580,암사2동,15248
2021,3,강동구,11740,11740590,암사3동,17956
2021,3,강동구,11740,11740600,천호1동,27196
2021,3,강동구,11740,11740610,천호2동,33969
2021,3,강동구,11740,11740620,천호3동,26804
2021,4,종로구,11110,11110600,가회동,4194
2021,4,종로구,11110,11110580,교남동,10203
2021,4,종로구,11110,11110570,무악동,8297
2021,4,종로구,11110,11110550,부암동,9782
2021,4,종로구,11110,11110530,사직동,9636
2021,4,종로구,11110,11110540,삼청동,2739
2021,4,종로구,11110,11110700,숭인1동,6106
2021,4,종로구,11110,11110710,숭인2동,10175
2021,4,종로구,11110,11110640,이화동,7705
2021,4,종로구,11110,11110615,종로1234가동,8595
2021,4,종로구,11110,11110630,종로56가동,5476
2021,4,종로구,11110,11110670,창신1동,5631
2021,4,종로구,11110,11110680,창신2동,9051
2021,4,종로구,11110,11110690,창신3동,6733
2021,4,종로구,11110,11110515,청운효자동,12177
2021,4,종로구,11110,11110560,평창동,18329
2021,4,종로구,11110,11110650,혜화동,18960
2021,4,중구,11140,11140590,광희동,6340
2021,4,중구,11140,11140625,다산동,14274
2021,4,중구,11140,11140665,동화동,10433
2021,4,중구,11140,11140550,명동,3742
2021,4,중구,11140,11140520,소공동,3367
2021,4,중구,11140,11140650,신당5동,10708
2021,4,중구,11140,11140615,신당동,9095
2021,4,중구,11140,11140635,약수동,16889
2021,4,중구,11140,11140605,을지로동,1914
2021,4,중구,11140,11140580,장충동,5301
2021,4,중구,11140,11140680,중림동,12351
2021,4,중구,11140,11140645,청구동,13818
2021,4,중구,11140,11140570,필동,4679
2021,4,중구,11140,11140670,황학동,13444
2021,4,중구,11140,11140540,회현동,5432
2021,4,용산구,11170,11170530,남영동,7825
2021,4,용산구,11170,11170700,보광동,14708
2021,4,용산구,11170,11170690,서빙고동,13912
2021,4,용산구,11170,11170590,용문동,11985
2021,4,용산구,11170,11170520,용산2가동,10775
2021,4,용산구,11170,11170560,원효로1동,16577
2021,4,용산구,11170,11170570,원효로2동,13875
2021,4,용산구,11170,11170630,이촌1동,26632
2021,4,용산구,11170,11170640,이촌2동,8374
2021,4,용산구,11170,11170650,이태원1동,8126
2021,4,용산구,11170,11170660,이태원2동,10604
2021,4,용산구,11170,11170555,청파동,20076
2021,4,용산구,11170,11170625,한강로동,23411
2021,4,용산구,11170,11170685,한남동,22941
2021,4,용산구,11170,11170580,효창동,10156
2021,4,용산구,11170,11170510,후암동,17308
2021,4,성동구,11200,11200590,금호1가동,15315
2021,4,성동구,11200,11200615,금호23가동,22909
2021,4,성동구,11200,11200620,금호4가동,14452
2021,4,성동구,11200,11200540,마장동,22991
2021,4,성동구,11200,11200550,사근동,13505
2021,4,성동구,11200,11200650,성수1가1동,16814
2021,4,성동구,11200,11200660,성수1가2동,12874
2021,4,성동구,11200,11200670,성수2가1동,16279
2021,4,성동구,11200,11200690,성수2가3동,10985
2021,4,성동구,11200,11200720,송정동,10915
2021,4,성동구,11200,11200645,옥수동,26309
2021,4,성동구,11200,11200520,왕십리2동,16819
2021,4,성동구,11200,11200535,왕십리도선동,26910
2021,4,성동구,11200,11200790,용답동,12568
2021,4,성동구,11200,11200580,응봉동,15458
2021,4,성동구,11200,11200560,행당1동,14193
2021,4,성동구,11200,11200570,행당2동,23376
2021,4,광진구,11215,11215810,광장동,34834
2021,4,광진구,11215,11215850,구의1동,22139
2021,4,광진구,11215,11215860,구의2동,27008
2021,4,광진구,11215,11215870,구의3동,28891
2021,4,광진구,11215,11215730,군자동,21500
2021,4,광진구,11215,11215780,능동,11619
2021,4,광진구,11215,11215820,자양1동,23134
2021,4,광진구,11215,11215830,자양2동,24930
2021,4,광진구,11215,11215840,자양3동,28330
2021,4,광진구,11215,11215847,자양4동,21296
2021,4,광진구,11215,11215740,중곡1동,15862
2021,4,광진구,11215,11215750,중곡2동,21739
2021,4,광진구,11215,11215760,중곡3동,16357
2021,4,광진구,11215,11215770,중곡4동,28954
2021,4,광진구,11215,11215710,화양동,26034
2021,4,동대문구,11230,11230600,답십리1동,29373
2021,4,동대문구,11230,11230610,답십리2동,28595
2021,4,동대문구,11230,11230536,용신동,33055
2021,4,동대문구,11230,11230740,이문1동,20870
2021,4,동대문구,11230,11230750,이문2동,20417
2021,4,동대문구,11230,11230650,장안1동,38794
2021,4,동대문구,11230,11230660,장안2동,32791
2021,4,동대문구,11230,11230560,전농1동,29699
2021,4,동대문구,11230,11230570,전농2동,18876
2021,4,동대문구,11230,11230545,제기동,26577
2021,4,동대문구,11230,11230705,청량리동,19280
2021,4,동대문구,11230,11230710,회기동,12727
2021,4,동대문구,11230,11230720,휘경1동,16105
2021,4,동대문구,11230,11230730,휘경2동,24847
2021,4,중랑구,11260,11260660,망우3동,16698
2021,4,중랑구,11260,11260655,망우본동,32469
2021,4,중랑구,11260,11260520,면목2동,24405
2021,4,중랑구,11260,11260575,면목38동,25154
2021,4,중랑구,11260,11260540,면목4동,19308
2021,4,중랑구,11260,11260550,면목5동,14897
2021,4,중랑구,11260,11260570,면목7동,22070
2021,4,중랑구,11260,11260565,면목본동,34188
2021,4,중랑구,11260,11260620,묵1동,34636
2021,4,중랑구,11260,11260630,묵2동,18946
2021,4,중랑구,11260,11260580,상봉1동,24190
2021,4,중랑구,11260,11260590,상봉2동,20647
2021,4,중랑구,11260,11260680,신내1동,38649
2021,4,중랑구,11260,11260690,신내2동,20529
2021,4,중랑구,11260,11260600,중화1동,19784
2021,4,중랑구,11260,11260610,중화2동,25315
2021,4,성북구,11290,11290660,길음1동,35615
2021,4,성북구,11290,11290685,길음2동,16780
2021,4,성북구,11290,11290580,돈암1동,14791
2021,4,성북구,11290,11290590,돈암2동,23913
2021,4,성북구,11290,11290575,동선동,16115
2021,4,성북구,11290,11290610,보문동,15766
2021,4,성북구,11290,11290555,삼선동,23413
2021,4,성북구,11290,11290810,석관동,35829
2021,4,성북구,11290,11290525,성북동,17026
2021,4,성북구,11290,11290600,안암동,16527
2021,4,성북구,11290,11290715,월곡1동,26525
2021,4,성북구,11290,11290725,월곡2동,19896
2021,4,성북구,11290,11290760,장위1동,24511
2021,4,성북구,11290,11290770,장위2동,13953
2021,4,성북구,11290,11290780,장위3동,15980
2021,4,성북구,11290,11290620,정릉1동,18377
2021,4,성북구,11290,11290630,정릉2동,23268
2021,4,성북구,11290,11290640,정릉3동,16210
2021,4,성북구,11290,11290650,정릉4동,25322
2021,4,성북구,11290,11290705,종암동,40325
2021,4,강북구,11305,11305535,미아동,21997
2021,4,강북구,11305,11305595,번1동,18717
2021,4,강북구,11305,11305603,번2동,15932
2021,4,강북구,11305,11305608,번3동,16905
2021,4,강북구,11305,11305575,삼각산동,31470
2021,4,강북구,11305,11305534,삼양동,23802
2021,4,강북구,11305,11305545,송중동,30035
2021,4,강북구,11305,11305555,송천동,26801
2021,4,강북구,11305,11305615,수유1동,20849
2021,4,강북구,11305,11305625,수유2동,21421
2021,4,강북구,11305,11305635,수유3동,23393
2021,4,강북구,11305,11305645,우이동,20678
2021,4,강북구,11305,11305660,인수동,30563
2021,4,도봉구,11320,11320521,도봉1동,21210
2021,4,도봉구,11320,11320522,도봉2동,26962
2021,4,도봉구,11320,11320690,방학1동,28912
2021,4,도봉구,11320,11320700,방학2동,19867
2021,4,도봉구,11320,11320710,방학3동,27110
2021,4,도봉구,11320,11320660,쌍문1동,21658
2021,4,도봉구,11320,11320670,쌍문2동,18864
2021,4,도봉구,11320,11320680,쌍문3동,16768
2021,4,도봉구,11320,11320681,쌍문4동,18643
2021,4,도봉구,11320,11320511,창1동,24827
2021,4,도봉구,11320,11320512,창2동,29337
2021,4,도봉구,11320,11320513,창3동,13923
2021,4,도봉구,11320,11320514,창4동,26583
2021,4,도봉구,11320,11320515,창5동,24709
2021,4,노원구,11350,11350595,공릉1동,37277
2021,4,노원구,11350,11350600,공릉2동,41004
2021,4,노원구,11350,11350720,상계10동,18731
2021,4,노원구,11350,11350630,상계1동,38275
2021,4,노원구,11350,11350640,상계2동,20143
2021,4,노원구,11350,11350665,상계34동,26268
2021,4,노원구,11350,11350670,상계5동,24077
2021,4,노원구,11350,11350695,상계67동,32774
2021,4,노원구,11350,11350700,상계8동,22598
2021,4,노원구,11350,11350710,상계9동,20529
2021,4,노원구,11350,11350560,월계1동,22240
2021,4,노원구,11350,11350570,월계2동,26704
2021,4,노원구,11350,11350580,월계3동,30069
2021,4,노원구,11350,11350621,중계1동,26877
2021,4,노원구,11350,11350625,중계23동,34326
2021,4,노원구,11350,11350624,중계4동,19975
2021,4,노원구,11350,11350619,중계본동,24009
2021,4,노원구,11350,11350611,하계1동,27036
2021,4,노원구,11350,11350612,하계2동,22034
2021,4,은평구,11380,11380551,갈현1동,22077
2021,4,은평구,11380,11380552,갈현2동,28547
2021,4,은평구,11380,11380560,구산동,32464
2021,4,은평구,11380,11380510,녹번동,37164
2021,4,은평구,11380,11380570,대조동,27204
2021,4,은평구,11380,11380520,불광1동,38777
2021,4,은평구,11380,11380530,불광2동,27798
2021,4,은평구,11380,11380650,수색동,12752
2021,4,은평구,11380,11380631,신사1동,27231
2021,4,은평구,11380,11380632,신사2동,20330
2021,4,은평구,11380,11380625,역촌동,45752
2021,4,은평구,11380,11380580,응암1동,33287
2021,4,은평구,11380,11380590,응암2동,28107
2021,4,은평구,11380,11380600,응암3동,24637
2021,4,은평구,11380,11380640,증산동,15034
2021,4,은평구,11380,11380690,진관동,56012
2021,4,서대문구,11410,11410690,남가좌1동,15627
2021,4,서대문구,11410,11410700,남가좌2동,30807
2021,4,서대문구,11410,11410710,북가좌1동,18121
2021,4,서대문구,11410,11410720,북가좌2동,31893
2021,4,서대문구,11410,11410555,북아현동,16236
2021,4,서대문구,11410,11410585,신촌동,23759
2021,4,서대문구,11410,11410615,연희동,37734
2021,4,서대문구,11410,11410520,천연동,17359
2021,4,서대문구,11410,11410565,충현동,20760
2021,4,서대문구,11410,11410660,홍은1동,22933
2021,4,서대문구,11410,11410685,홍은2동,27222
2021,4,서대문구,11410,11410620,홍제1동,23929
2021,4,서대문구,11410,11410655,홍제2동,13801
2021,4,서대문구,11410,11410640,홍제3동,15478
2021,4,마포구,11440,11440565,공덕동,37792
2021,4,마포구,11440,11440600,대흥동,15848
2021,4,마포구,11440,11440585,도화동,21391
2021,4,마포구,11440,11440690,망원1동,20351
2021,4,마포구,11440,11440700,망원2동,18764
2021,4,마포구,11440,11440740,상암동,31473
2021,4,마포구,11440,11440655,서강동,25600
2021,4,마포구,11440,11440660,서교동,26549
2021,4,마포구,11440,11440720,성산1동,19246
2021,4,마포구,11440,11440730,성산2동,39909
2021,4,마포구,11440,11440630,신수동,22834
2021,4,마포구,11440,11440555,아현동,25686
2021,4,마포구,11440,11440710,연남동,15899
2021,4,마포구,11440,11440610,염리동,17657
2021,4,마포구,11440,11440590,용강동,22038
2021,4,마포구,11440,11440680,합정동,17649
2021,4,양천구,11470,11470510,목1동,30883
2021,4,양천구,11470,11470520,목2동,30139
2021,4,양천구,11470,11470530,목3동,21977
2021,4,양천구,11470,11470540,목4동,25544
2021,4,양천구,11470,11470550,목5동,41308
2021,4,양천구,11470,11470560,신월1동,20693
2021,4,양천구,11470,11470570,신월2동,20819
2021,4,양천구,11470,11470580,신월3동,15372
2021,4,양천구,11470,11470590,신월4동,18012
2021,4,양천구,11470,11470600,신월5동,14750
2021,4,양천구,11470,11470610,신월6동,13945
2021,4,양천구,11470,11470611,신월7동,19917
2021,4,양천구,11470,11470620,신정1동,20487
2021,4,양천구,11470,11470630,신정2동,19596
2021,4,양천구,11470,11470640,신정3동,49979
2021,4,양천구,11470,11470650,신정4동,33343
2021,4,양천구,11470,11470670,신정6동,24552
2021,4,양천구,11470,11470680,신정7동,29171
2021,4,강서구,11500,11500603,가양1동,34395
2021,4,강서구,11500,11500604,가양2동,14109
2021,4,강서구,11500,11500605,가양3동,15138
2021,4,강서구,11500,11500620,공항동,31483
2021,4,강서구,11500,11500520,등촌1동,24436
2021,4,강서구,11500,11500530,등촌2동,20423
2021,4,강서구,11500,11500535,등촌3동,30714
2021,4,강서구,11500,11500611,발산1동,36572
2021,4,강서구,11500,11500630,방화1동,43181
2021,4,강서구,11500,11500640,방화2동,23656
2021,4,강서구,11500,11500641,방화3동,22924
2021,4,강서구,11500,11500510,염창동,41764
2021,4,강서구,11500,11500615,우장산동,43129
2021,4,강서구,11500,11500540,화곡1동,52770
2021,4,강서구,11500,11500550,화곡2동,18096
2021,4,강서구,11500,11500560,화곡3동,21661
2021,4,강서구,11500,11500570,화곡4동,20820
2021,4,강서구,11500,11500591,화곡6동,25096
2021,4,강서구,11500,11500593,화곡8동,24789
2021,4,강서구,11500,11500590,화곡본동,34612
2021,4,구로구,11530,11530595,가리봉동,13091
2021,4,구로구,11530,11530740,개봉1동,34560
2021,4,구로구,11530,11530750,개봉2동,31314
2021,4,구로구,11530,11530760,개봉3동,20590
2021,4,구로구,11530,11530720,고척1동,22657
2021,4,구로구,11530,11530730,고척2동,27092
2021,4,구로구,11530,11530520,구로1동,21166
2021,4,구로구,11530,11530530,구로2동,31164
2021,4,구로구,11530,11530540,구로3동,25157
2021,4,구로구,11530,11530550,구로4동,23745
2021,4,구로구,11530,11530560,구로5동,31822
2021,4,구로구,11530,11530790,수궁동,23806
2021,4,구로구,11530,11530510,신도림동,36342
2021,4,구로구,11530,11530770,오류1동,23155
2021,4,구로구,11530,11530780,오류2동,39026
2021,4,구로구,11530,11530800,항동,16476
2021,4,금천구,11545,11545510,가산동,26179
2021,4,금천구,11545,11545610,독산1동,46698
2021,4,금천구,11545,11545620,독산2동,20175
2021,4,금천구,11545,11545630,독산3동,27595
2021,4,금천구,11545,11545640,독산4동,16778
2021,4,금천구,11545,11545670,시흥1동,34533
2021,4,금천구,11545,11545680,시흥2동,21351
2021,4,금천구,11545,11545690,시흥3동,10951
2021,4,금천구,11545,11545700,시흥4동,20916
2021,4,금천구,11545,11545710,시흥5동,19715
2021,4,영등포구,11560,11560550,당산1동,20648
2021,4,영등포구,11560,11560560,당산2동,37911
2021,4,영등포구,11560,11560700,대림1동,17067
2021,4,영등포구,11560,11560710,대림2동,18162
2021,4,영등포구,11560,11560720,대림3동,25876
2021,4,영등포구,11560,11560585,도림동,19826
2021,4,영등포구,11560,11560605,문래동,32812
2021,4,영등포구,11560,11560630,신길1동,18755
2021,4,영등포구,11560,11560650,신길3동,17575
2021,4,영등포구,11560,11560660,신길4동,13089
2021,4,영등포구,11560,11560670,신길5동,11701
2021,4,영등포구,11560,11560680,신길6동,19869
2021,4,영등포구,11560,11560690,신길7동,20158
2021,4,영등포구,11560,11560610,양평1동,18487
2021,4,영등포구,11560,11560620,양평2동,22499
2021,4,영등포구,11560,11560540,여의동,33420
2021,4,영등포구,11560,11560535,영등포동,29901
2021,4,영등포구,11560,11560515,영등포본동,23152
2021,4,동작구,11590,11590510,노량진1동,32298
2021,4,동작구,11590,11590520,노량진2동,11550
2021,4,동작구,11590,11590660,대방동,38338
2021,4,동작구,11590,11590620,사당1동,23321
2021,4,동작구,11590,11590630,사당2동,28147
2021,4,동작구,11590,11590640,사당3동,24548
2021,4,동작구,11590,11590650,사당4동,14301
2021,4,동작구,11590,11590651,사당5동,14558
2021,4,동작구,11590,11590530,상도1동,45485
2021,4,동작구,11590,11590540,상도2동,28362
2021,4,동작구,11590,11590550,상도3동,24846
2021,4,동작구,11590,11590560,상도4동,28914
2021,4,동작구,11590,11590670,신대방1동,24999
2021,4,동작구,11590,11590680,신대방2동,21404
2021,4,동작구,11590,11590605,흑석동,33293
2021,4,관악구,11620,11620585,낙성대동,17434
2021,4,관악구,11620,11620775,난곡동,27216
2021,4,관악구,11620,11620715,난향동,15420
2021,4,관악구,11620,11620630,남현동,18274
2021,4,관악구,11620,11620735,대학동,24921
2021,4,관악구,11620,11620765,미성동,31056
2021,4,관악구,11620,11620525,보라매동,24918
2021,4,관악구,11620,11620745,삼성동,22041
2021,4,관악구,11620,11620665,서림동,23689
2021,4,관악구,11620,11620645,서원동,23278
2021,4,관악구,11620,11620565,성현동,29394
2021,4,관악구,11620,11620695,신림동,23128
2021,4,관악구,11620,11620685,신사동,24838
2021,4,관악구,11620,11620655,신원동,18675
2021,4,관악구,11620,11620605,은천동,33631
2021,4,관악구,11620,11620625,인헌동,26154
2021,4,관악구,11620,11620725,조원동,18786
2021,4,관악구,11620,11620615,중앙동,15487
2021,4,관악구,11620,11620595,청룡동,36482
2021,4,관악구,11620,11620545,청림동,15214
2021,4,관악구,11620,11620575,행운동,29413
2021,4,서초구,11650,11650660,내곡동,17622
2021,4,서초구,11650,11650560,반포1동,34815
2021,4,서초구,11650,11650570,반포2동,15801
2021,4,서초구,11650,11650580,반포3동,22245
2021,4,서초구,11650,11650581,반포4동,19807
2021,4,서초구,11650,11650550,반포본동,2000
2021,4,서초구,11650,11650600,방배1동,16980
2021,4,서초구,11650,11650610,방배2동,19474
2021,4,서초구,11650,11650620,방배3동,18861
2021,4,서초구,11650,11650621,방배4동,23817
2021,4,서초구,11650,11650590,방배본동,21083
2021,4,서초구,11650,11650510,서초1동,20711
2021,4,서초구,11650,11650520,서초2동,26595
2021,4,서초구,11650,11650530,서초3동,32769
2021,4,서초구,11650,11650531,서초4동,31089
2021,4,서초구,11650,11650651,양재1동,43408
2021,4,서초구,11650,11650652,양재2동,22144
2021,4,서초구,11650,11650540,잠원동,26946
2021,4,강남구,11680,11680660,개포1동,6489
2021,4,강남구,11680,11680670,개포2동,27945
2021,4,강남구,11680,11680690,개포4동,23870
2021,4,강남구,11680,11680521,논현1동,22702
2021,4,강남구,11680,11680531,논현2동,21331
2021,4,강남구,11680,11680600,대치1동,24199
2021,4,강남구,11680,11680610,대치2동,36663
2021,4,강남구,11680,11680630,대치4동,20079
2021,4,강남구,11680,11680655,도곡1동,21539
2021,4,강남구,11680,11680656,도곡2동,33261
2021,4,강남구,11680,11680580,삼성1동,13136
2021,4,강남구,11680,11680590,삼성2동,30692
2021,4,강남구,11680,11680700,세곡동,43396
2021,4,강남구,11680,11680750,수서동,14870
2021,4,강남구,11680,11680510,신사동,16213
2021,4,강남구,11680,11680545,압구정동,26446
2021,4,강남구,11680,11680640,역삼1동,36590
2021,4,강남구,11680,11680650,역삼2동,36378
2021,4,강남구,11680,11680730,일원1동,15214
2021,4,강남구,11680,11680740,일원2동,17585
2021,4,강남구,11680,11680720,일원본동,23291
2021,4,강남구,11680,11680565,청담동,25911
2021,4,송파구,11710,11710631,가락1동,27365
2021,4,송파구,11710,11710632,가락2동,32406
2021,4,송파구,11710,11710620,가락본동,26523
2021,4,송파구,11710,11710531,거여1동,12614
2021,4,송파구,11710,11710532,거여2동,18806
2021,4,송파구,11710,11710540,마천1동,19071
2021,4,송파구,11710,11710550,마천2동,18866
2021,4,송파구,11710,11710641,문정1동,20198
2021,4,송파구,11710,11710642,문정2동,29072
2021,4,송파구,11710,11710561,방이1동,15766
2021,4,송파구,11710,11710562,방이2동,27015
2021,4,송파구,11710,11710610,삼전동,30695
2021,4,송파구,11710,11710600,석촌동,32169
2021,4,송파구,11710,11710580,송파1동,24176
2021,4,송파구,11710,11710590,송파2동,19283
2021,4,송파구,11710,11710570,오금동,38654
2021,4,송파구,11710,11710566,오륜동,18079
2021,4,송파구,11710,11710647,위례동,39206
2021,4,송파구,11710,11710670,잠실2동,35145
2021,4,송파구,11710,11710680,잠실3동,34475
2021,4,송파구,11710,11710690,잠실4동,21376
2021,4,송파구,11710,11710710,잠실6동,16905
2021,4,송파구,11710,11710720,잠실7동,9564
2021,4,송파구,11710,11710650,잠실본동,28439
2021,4,송파구,11710,11710646,장지동,29693
2021,4,송파구,11710,11710510,풍납1동,13451
2021,4,송파구,11710,11710520,풍납2동,24953
2021,4,강동구,11740,11740515,강일동,32982
2021,4,강동구,11740,11740550,고덕1동,24417
2021,4,강동구,11740,11740560,고덕2동,22329
2021,4,강동구,11740,11740685,길동,45973
2021,4,강동구,11740,11740700,둔촌2동,24785
2021,4,강동구,11740,11740530,명일1동,25941
2021,4,강동구,11740,11740540,명일2동,17568
2021,4,강동구,11740,11740520,상일동,49129
2021,4,강동구,11740,11740640,성내1동,20045
2021,4,강동구,11740,11740650,성내2동,24106
2021,4,강동구,11740,11740660,성내3동,23346
2021,4,강동구,11740,11740570,암사1동,34782
2021,4,강동구,11740,11740580,암사2동,15252
2021,4,강동구,11740,11740590,암사3동,17947
2021,4,강동구,11740,11740600,천호1동,26973
2021,4,강동구,11740,11740610,천호2동,33753
2021,4,강동구,11740,11740620,천호3동,27000
2022,1,종로구,11110,11110600,가회동,4152
2022,1,종로구,11110,11110580,교남동,10148
2022,1,종로구,11110,11110570,무악동,8245
2022,1,종로구,11110,11110550,부암동,9702
2022,1,종로구,11110,11110530,사직동,9630
2022,1,종로구,11110,11110540,삼청동,2741
2022,1,종로구,11110,11110700,숭인1동,6126
2022,1,종로구,11110,11110710,숭인2동,10266
2022,1,종로구,11110,11110640,이화동,7697
2022,1,종로구,11110,11110615,종로1234가동,8867
2022,1,종로구,11110,11110630,종로56가동,5464
2022,1,종로구,11110,11110670,창신1동,5640
2022,1,종로구,11110,11110680,창신2동,8984
2022,1,종로구,11110,11110690,창신3동,6668
2022,1,종로구,11110,11110515,청운효자동,12100
2022,1,종로구,11110,11110560,평창동,18272
2022,1,종로구,11110,11110650,혜화동,18982
2022,1,중구,11140,11140590,광희동,6326
2022,1,중구,11140,11140625,다산동,14193
2022,1,중구,11140,11140665,동화동,10389
2022,1,중구,11140,11140550,명동,3726
2022,1,중구,11140,11140520,소공동,3423
2022,1,중구,11140,11140650,신당5동,10640
2022,1,중구,11140,11140615,신당동,9116
2022,1,중구,11140,11140635,약수동,16847
2022,1,중구,11140,11140605,을지로동,1932
2022,1,중구,11140,11140580,장충동,5301
2022,1,중구,11140,11140680,중림동,12283
2022,1,중구,11140,11140645,청구동,13769
2022,1,중구,11140,11140570,필동,4630
2022,1,중구,11140,11140670,황학동,13481
2022,1,중구,11140,11140540,회현동,5394
2022,1,용산구,11170,11170530,남영동,7811
2022,1,용산구,11170,11170700,보광동,14610
2022,1,용산구,11170,11170690,서빙고동,13879
2022,1,용산구,11170,11170590,용문동,11932
2022,1,용산구,11170,11170520,용산2가동,10779
2022,1,용산구,11170,11170560,원효로1동,16618
2022,1,용산구,11170,11170570,원효로2동,13839
2022,1,용산구,11170,11170630,이촌1동,26447
2022,1,용산구,11170,11170640,이촌2동,8310
2022,1,용산구,11170,11170650,이태원1동,8068
2022,1,용산구,11170,11170660,이태원2동,10576
2022,1,용산구,11170,11170555,청파동,20081
2022,1,용산구,11170,11170625,한강로동,23286
2022,1,용산구,11170,11170685,한남동,22883
2022,1,용산구,11170,11170580,효창동,10179
2022,1,용산구,11170,11170510,후암동,17220
2022,1,성동구,11200,11200590,금호1가동,15196
2022,1,성동구,11200,11200615,금호23가동,22801
2022,1,성동구,11200,11200620,금호4가동,14419
2022,1,성동구,11200,11200540,마장동,22975
2022,1,성동구,11200,11200550,사근동,13627
2022,1,성동구,11200,11200650,성수1가1동,16792
2022,1,성동구,11200,11200660,성수1가2동,12686
2022,1,성동구,11200,11200670,성수2가1동,16138
2022,1,성동구,11200,11200690,성수2가3동,10926
2022,1,성동구,11200,11200720,송정동,10854
2022,1,성동구,11200,11200645,옥수동,26173
2022,1,성동구,11200,11200520,왕십리2동,16730
2022,1,성동구,11200,11200535,왕십리도선동,26959
2022,1,성동구,11200,11200790,용답동,12474
2022,1,성동구,11200,11200580,응봉동,15348
2022,1,성동구,11200,11200560,행당1동,14238
2022,1,성동구,11200,11200570,행당2동,23273
2022,1,광진구,11215,11215810,광장동,34719
2022,1,광진구,11215,11215850,구의1동,23481
2022,1,광진구,11215,11215860,구의2동,26891
2022,1,광진구,11215,11215870,구의3동,28756
2022,1,광진구,11215,11215730,군자동,21341
2022,1,광진구,11215,11215780,능동,11602
2022,1,광진구,11215,11215820,자양1동,23019
2022,1,광진구,11215,11215830,자양2동,24768
2022,1,광진구,11215,11215840,자양3동,28172
2022,1,광진구,11215,11215847,자양4동,21276
2022,1,광진구,11215,11215740,중곡1동,15761
2022,1,광진구,11215,11215750,중곡2동,21650
2022,1,광진구,11215,11215760,중곡3동,16301
2022,1,광진구,11215,11215770,중곡4동,28806
2022,1,광진구,11215,11215710,화양동,26567
2022,1,동대문구,11230,11230600,답십리1동,29336
2022,1,동대문구,11230,11230610,답십리2동,28376
2022,1,동대문구,11230,11230536,용신동,33984
2022,1,동대문구,11230,11230740,이문1동,21054
2022,1,동대문구,11230,11230750,이문2동,20364
2022,1,동대문구,11230,11230650,장안1동,38712
2022,1,동대문구,11230,11230660,장안2동,32761
2022,1,동대문구,11230,11230560,전농1동,29553
2022,1,동대문구,11230,11230570,전농2동,18747
2022,1,동대문구,11230,11230545,제기동,26598
2022,1,동대문구,11230,11230705,청량리동,19216
2022,1,동대문구,11230,11230710,회기동,12924
2022,1,동대문구,11230,11230720,휘경1동,16110
2022,1,동대문구,11230,11230730,휘경2동,24857
2022,1,중랑구,11260,11260660,망우3동,16539
2022,1,중랑구,11260,11260655,망우본동,35493
2022,1,중랑구,11260,11260520,면목2동,24449
2022,1,중랑구,11260,11260575,면목38동,24989
2022,1,중랑구,11260,11260540,면목4동,19215
2022,1,중랑구,11260,11260550,면목5동,14959
2022,1,중랑구,11260,11260570,면목7동,22027
2022,1,중랑구,11260,11260565,면목본동,34129
2022,1,중랑구,11260,11260620,묵1동,34602
2022,1,중랑구,11260,11260630,묵2동,18841
2022,1,중랑구,11260,11260580,상봉1동,24017
2022,1,중랑구,11260,11260590,상봉2동,20558
2022,1,중랑구,11260,11260680,신내1동,38522
2022,1,중랑구,11260,11260690,신내2동,20311
2022,1,중랑구,11260,11260600,중화1동,19669
2022,1,중랑구,11260,11260610,중화2동,25280
2022,1,성북구,11290,11290660,길음1동,35128
2022,1,성북구,11290,11290685,길음2동,20779
2022,1,성북구,11290,11290580,돈암1동,14640
2022,1,성북구,11290,11290590,돈암2동,23817
2022,1,성북구,11290,11290575,동선동,16143
2022,1,성북구,11290,11290610,보문동,15753
2022,1,성북구,11290,11290555,삼선동,23428
2022,1,성북구,11290,11290810,석관동,35773
2022,1,성북구,11290,11290525,성북동,17023
2022,1,성북구,11290,11290600,안암동,16809
2022,1,성북구,11290,11290715,월곡1동,26408
2022,1,성북구,11290,11290725,월곡2동,19914
2022,1,성북구,11290,11290760,장위1동,24344
2022,1,성북구,11290,11290770,장위2동,13937
2022,1,성북구,11290,11290780,장위3동,15868
2022,1,성북구,11290,11290620,정릉1동,18290
2022,1,성북구,11290,11290630,정릉2동,23130
2022,1,성북구,11290,11290640,정릉3동,16308
2022,1,성북구,11290,11290650,정릉4동,25135
2022,1,성북구,11290,11290705,종암동,40053
2022,1,강북구,11305,11305535,미아동,21898
2022,1,강북구,11305,11305595,번1동,18791
2022,1,강북구,11305,11305603,번2동,15725
2022,1,강북구,11305,11305608,번3동,16751
2022,1,강북구,11305,11305575,삼각산동,31175
2022,1,강북구,11305,11305534,삼양동,23611
2022,1,강북구,11305,11305545,송중동,29818
2022,1,강북구,11305,11305555,송천동,26497
2022,1,강북구,11305,11305615,수유1동,20740
2022,1,강북구,11305,11305625,수유2동,21323
2022,1,강북구,11305,11305635,수유3동,23516
2022,1,강북구,11305,11305645,우이동,20578
2022,1,강북구,11305,11305660,인수동,30401
2022,1,도봉구,11320,11320521,도봉1동,21032
2022,1,도봉구,11320,11320522,도봉2동,26785
2022,1,도봉구,11320,11320690,방학1동,28813
2022,1,도봉구,11320,11320700,방학2동,19760
2022,1,도봉구,11320,11320710,방학3동,26952
2022,1,도봉구,11320,11320660,쌍문1동,21618
2022,1,도봉구,11320,11320670,쌍문2동,18824
2022,1,도봉구,11320,11320680,쌍문3동,16871
2022,1,도봉구,11320,11320681,쌍문4동,18555
2022,1,도봉구,11320,11320511,창1동,24731
2022,1,도봉구,11320,11320512,창2동,29214
2022,1,도봉구,11320,11320513,창3동,13863
2022,1,도봉구,11320,11320514,창4동,26503
2022,1,도봉구,11320,11320515,창5동,24579
2022,1,노원구,11350,11350595,공릉1동,37388
2022,1,노원구,11350,11350600,공릉2동,42389
2022,1,노원구,11350,11350720,상계10동,18617
2022,1,노원구,11350,11350630,상계1동,38030
2022,1,노원구,11350,11350640,상계2동,20015
2022,1,노원구,11350,11350665,상계34동,26033
2022,1,노원구,11350,11350670,상계5동,23971
2022,1,노원구,11350,11350695,상계67동,32563
2022,1,노원구,11350,11350700,상계8동,22491
2022,1,노원구,11350,11350710,상계9동,20346
2022,1,노원구,11350,11350560,월계1동,22153
2022,1,노원구,11350,11350570,월계2동,26521
2022,1,노원구,11350,11350580,월계3동,29883
2022,1,노원구,11350,11350621,중계1동,26733
2022,1,노원구,11350,11350625,중계23동,34026
2022,1,노원구,11350,11350624,중계4동,19850
2022,1,노원구,11350,11350619,중계본동,23875
2022,1,노원구,11350,11350611,하계1동,27706
2022,1,노원구,11350,11350612,하계2동,21855
2022,1,은평구,11380,11380551,갈현1동,21768
2022,1,은평구,11380,11380552,갈현2동,28374
2022,1,은평구,11380,11380560,구산동,32338
2022,1,은평구,11380,11380510,녹번동,37109
2022,1,은평구,11380,11380570,대조동,27167
2022,1,은평구,11380,11380520,불광1동,38695
2022,1,은평구,11380,11380530,불광2동,27645
2022,1,은평구,11380,11380650,수색동,13246
2022,1,은평구,11380,11380631,신사1동,27117
2022,1,은평구,11380,11380632,신사2동,20059
2022,1,은평구,11380,11380625,역촌동,45636
2022,1,은평구,11380,11380580,응암1동,33303
2022,1,은평구,11380,11380590,응암2동,28258
2022,1,은평구,11380,11380600,응암3동,24608
2022,1,은평구,11380,11380640,증산동,15085
2022,1,은평구,11380,11380690,진관동,55605
2022,1,서대문구,11410,11410690,남가좌1동,15610
2022,1,서대문구,11410,11410700,남가좌2동,30758
2022,1,서대문구,11410,11410710,북가좌1동,18007
2022,1,서대문구,11410,11410720,북가좌2동,31671
2022,1,서대문구,11410,11410555,북아현동,16123
2022,1,서대문구,11410,11410585,신촌동,24469
2022,1,서대문구,11410,11410615,연희동,37599
2022,1,서대문구,11410,11410520,천연동,17222
2022,1,서대문구,11410,11410565,충현동,20722
2022,1,서대문구,11410,11410660,홍은1동,22895
2022,1,서대문구,11410,11410685,홍은2동,27089
2022,1,서대문구,11410,11410620,홍제1동,23723
2022,1,서대문구,11410,11410655,홍제2동,13697
2022,1,서대문구,11410,11410640,홍제3동,17490
2022,1,마포구,11440,11440565,공덕동,37726
2022,1,마포구,11440,11440600,대흥동,15976
2022,1,마포구,11440,11440585,도화동,21269
2022,1,마포구,11440,11440690,망원1동,20258
2022,1,마포구,11440,11440700,망원2동,18723
2022,1,마포구,11440,11440740,상암동,31356
2022,1,마포구,11440,11440655,서강동,25657
2022,1,마포구,11440,11440660,서교동,26912
2022,1,마포구,11440,11440720,성산1동,19235
2022,1,마포구,11440,11440730,성산2동,39830
2022,1,마포구,11440,11440630,신수동,22833
2022,1,마포구,11440,11440555,아현동,25536
2022,1,마포구,11440,11440710,연남동,16002
2022,1,마포구,11440,11440610,염리동,17742
2022,1,마포구,11440,11440590,용강동,21943
2022,1,마포구,11440,11440680,합정동,17631
2022,1,양천구,11470,11470510,목1동,30696
2022,1,양천구,11470,11470520,목2동,30056
2022,1,양천구,11470,11470530,목3동,22021
2022,1,양천구,11470,11470540,목4동,25441
2022,1,양천구,11470,11470550,목5동,41103
2022,1,양천구,11470,11470560,신월1동,20668
2022,1,양천구,11470,11470570,신월2동,20714
2022,1,양천구,11470,11470580,신월3동,15277
2022,1,양천구,11470,11470590,신월4동,17897
2022,1,양천구,11470,11470600,신월5동,14714
2022,1,양천구,11470,11470610,신월6동,13871
2022,1,양천구,11470,11470611,신월7동,19739
2022,1,양천구,11470,11470620,신정1동,20337
2022,1,양천구,11470,11470630,신정2동,19520
2022,1,양천구,11470,11470640,신정3동,50271
2022,1,양천구,11470,11470650,신정4동,33492
2022,1,양천구,11470,11470670,신정6동,24531
2022,1,양천구,11470,11470680,신정7동,29030
2022,1,강서구,11500,11500603,가양1동,34435
2022,1,강서구,11500,11500604,가양2동,13971
2022,1,강서구,11500,11500605,가양3동,15004
2022,1,강서구,11500,11500620,공항동,31297
2022,1,강서구,11500,11500520,등촌1동,24628
2022,1,강서구,11500,11500530,등촌2동,20247
2022,1,강서구,11500,11500535,등촌3동,30700
2022,1,강서구,11500,11500611,발산1동,36393
2022,1,강서구,11500,11500630,방화1동,42879
2022,1,강서구,11500,11500640,방화2동,23523
2022,1,강서구,11500,11500641,방화3동,22790
2022,1,강서구,11500,11500510,염창동,41692
2022,1,강서구,11500,11500615,우장산동,42995
2022,1,강서구,11500,11500540,화곡1동,52820
2022,1,강서구,11500,11500550,화곡2동,17995
2022,1,강서구,11500,11500560,화곡3동,21664
2022,1,강서구,11500,11500570,화곡4동,20792
2022,1,강서구,11500,11500591,화곡6동,25167
2022,1,강서구,11500,11500593,화곡8동,24775
2022,1,강서구,11500,11500590,화곡본동,34659
2022,1,구로구,11530,11530595,가리봉동,13060
2022,1,구로구,11530,11530740,개봉1동,34433
2022,1,구로구,11530,11530750,개봉2동,31144
2022,1,구로구,11530,11530760,개봉3동,20602
2022,1,구로구,11530,11530720,고척1동,22389
2022,1,구로구,11530,11530730,고척2동,26993
2022,1,구로구,11530,11530520,구로1동,21132
2022,1,구로구,11530,11530530,구로2동,30908
2022,1,구로구,11530,11530540,구로3동,25194
2022,1,구로구,11530,11530550,구로4동,23580
2022,1,구로구,11530,11530560,구로5동,32012
2022,1,구로구,11530,11530790,수궁동,23656
2022,1,구로구,11530,11530510,신도림동,36339
2022,1,구로구,11530,11530770,오류1동,23064
2022,1,구로구,11530,11530780,오류2동,38917
2022,1,구로구,11530,11530800,항동,16561
2022,1,금천구,11545,11545510,가산동,26363
2022,1,금천구,11545,11545610,독산1동,47111
2022,1,금천구,11545,11545620,독산2동,20112
2022,1,금천구,11545,11545630,독산3동,27629
2022,1,금천구,11545,11545640,독산4동,16676
2022,1,금천구,11545,11545670,시흥1동,34402
2022,1,금천구,11545,11545680,시흥2동,21209
2022,1,금천구,11545,11545690,시흥3동,10890
2022,1,금천구,11545,11545700,시흥4동,20904
2022,1,금천구,11545,11545710,시흥5동,19605
2022,1,영등포구,11560,11560550,당산1동,20728
2022,1,영등포구,11560,11560560,당산2동,37960
2022,1,영등포구,11560,11560700,대림1동,16934
2022,1,영등포구,11560,11560710,대림2동,18016
2022,1,영등포구,11560,11560720,대림3동,25744
2022,1,영등포구,11560,11560585,도림동,19816
2022,1,영등포구,11560,11560605,문래동,32732
2022,1,영등포구,11560,11560630,신길1동,18747
2022,1,영등포구,11560,11560650,신길3동,17546
2022,1,영등포구,11560,11560660,신길4동,13095
2022,1,영등포구,11560,11560670,신길5동,11521
2022,1,영등포구,11560,11560680,신길6동,19826
2022,1,영등포구,11560,11560690,신길7동,20126
2022,1,영등포구,11560,11560610,양평1동,18624
2022,1,영등포구,11560,11560620,양평2동,22432
2022,1,영등포구,11560,11560540,여의동,33222
2022,1,영등포구,11560,11560535,영등포동,30091
2022,1,영등포구,11560,11560515,영등포본동,23081
2022,1,동작구,11590,11590510,노량진1동,32215
2022,1,동작구,11590,11590520,노량진2동,11380
2022,1,동작구,11590,11590660,대방동,38151
2022,1,동작구,11590,11590620,사당1동,23268
2022,1,동작구,11590,11590630,사당2동,28534
2022,1,동작구,11590,11590640,사당3동,24532
2022,1,동작구,11590,11590650,사당4동,14350
2022,1,동작구,11590,11590651,사당5동,14543
2022,1,동작구,11590,11590530,상도1동,45781
2022,1,동작구,11590,11590540,상도2동,28195
2022,1,동작구,11590,11590550,상도3동,24726
2022,1,동작구,11590,11590560,상도4동,28917
2022,1,동작구,11590,11590670,신대방1동,24838
2022,1,동작구,11590,11590680,신대방2동,22223
2022,1,동작구,11590,11590605,흑석동,32996
2022,1,관악구,11620,11620585,낙성대동,17606
2022,1,관악구,11620,11620775,난곡동,27104
2022,1,관악구,11620,11620715,난향동,15332
2022,1,관악구,11620,11620630,남현동,18259
2022,1,관악구,11620,11620735,대학동,25186
2022,1,관악구,11620,11620765,미성동,31037
2022,1,관악구,11620,11620525,보라매동,24927
2022,1,관악구,11620,11620745,삼성동,21393
2022,1,관악구,11620,11620665,서림동,23849
2022,1,관악구,11620,11620645,서원동,23435
2022,1,관악구,11620,11620565,성현동,29161
2022,1,관악구,11620,11620695,신림동,23515
2022,1,관악구,11620,11620685,신사동,24955
2022,1,관악구,11620,11620655,신원동,18752
2022,1,관악구,11620,11620605,은천동,33540
2022,1,관악구,11620,11620625,인헌동,26237
2022,1,관악구,11620,11620725,조원동,18874
2022,1,관악구,11620,11620615,중앙동,15681
2022,1,관악구,11620,11620595,청룡동,36789
2022,1,관악구,11620,11620545,청림동,15135
2022,1,관악구,11620,11620575,행운동,29569
2022,1,서초구,11650,11650660,내곡동,17479
2022,1,서초구,11650,11650560,반포1동,34894
2022,1,서초구,11650,11650570,반포2동,15858
2022,1,서초구,11650,11650580,반포3동,22155
2022,1,서초구,11650,11650581,반포4동,19791
2022,1,서초구,11650,11650550,반포본동,696
2022,1,서초구,11650,11650600,방배1동,16944
2022,1,서초구,11650,11650610,방배2동,18992
2022,1,서초구,11650,11650620,방배3동,18802
2022,1,서초구,11650,11650621,방배4동,23700
2022,1,서초구,11650,11650590,방배본동,20995
2022,1,서초구,11650,11650510,서초1동,20815
2022,1,서초구,11650,11650520,서초2동,26878
2022,1,서초구,11650,11650530,서초3동,32700
2022,1,서초구,11650,11650531,서초4동,30936
2022,1,서초구,11650,11650651,양재1동,43152
2022,1,서초구,11650,11650652,양재2동,22037
2022,1,서초구,11650,11650540,잠원동,26853
2022,1,강남구,11680,11680660,개포1동,6982
2022,1,강남구,11680,11680670,개포2동,28240
2022,1,강남구,11680,11680690,개포4동,23790
2022,1,강남구,11680,11680521,논현1동,22583
2022,1,강남구,11680,11680531,논현2동,21300
2022,1,강남구,11680,11680600,대치1동,24031
2022,1,강남구,11680,11680610,대치2동,36876
2022,1,강남구,11680,11680630,대치4동,19914
2022,1,강남구,11680,11680655,도곡1동,21566
2022,1,강남구,11680,11680656,도곡2동,33140
2022,1,강남구,11680,11680580,삼성1동,13059
2022,1,강남구,11680,11680590,삼성2동,31130
2022,1,강남구,11680,11680700,세곡동,43213
2022,1,강남구,11680,11680750,수서동,14726
2022,1,강남구,11680,11680510,신사동,16116
2022,1,강남구,11680,11680545,압구정동,26315
2022,1,강남구,11680,11680640,역삼1동,36431
2022,1,강남구,11680,11680650,역삼2동,36288
2022,1,강남구,11680,11680730,일원1동,15180
2022,1,강남구,11680,11680740,일원2동,17563
2022,1,강남구,11680,11680720,일원본동,23172
2022,1,강남구,11680,11680565,청담동,25723
2022,1,송파구,11710,11710631,가락1동,27548
2022,1,송파구,11710,11710632,가락2동,31946
2022,1,송파구,11710,11710620,가락본동,26317
2022,1,송파구,11710,11710531,거여1동,12454
2022,1,송파구,11710,11710532,거여2동,22819
2022,1,송파구,11710,11710540,마천1동,18909
2022,1,송파구,11710,11710550,마천2동,18597
2022,1,송파구,11710,11710641,문정1동,20125
2022,1,송파구,11710,11710642,문정2동,29061
2022,1,송파구,11710,11710561,방이1동,15662
2022,1,송파구,11710,11710562,방이2동,26971
2022,1,송파구,11710,11710610,삼전동,30441
2022,1,송파구,11710,11710600,석촌동,32025
2022,1,송파구,11710,11710580,송파1동,24135
2022,1,송파구,11710,11710590,송파2동,19279
2022,1,송파구,11710,11710570,오금동,38366
2022,1,송파구,11710,11710566,오륜동,17944
2022,1,송파구,11710,11710647,위례동,42547
2022,1,송파구,11710,11710670,잠실2동,34989
2022,1,송파구,11710,11710680,잠실3동,34347
2022,1,송파구,11710,11710690,잠실4동,21362
2022,1,송파구,11710,11710710,잠실6동,16870
2022,1,송파구,11710,11710720,잠실7동,9536
2022,1,송파구,11710,11710650,잠실본동,28386
2022,1,송파구,11710,11710646,장지동,29471
2022,1,송파구,11710,11710510,풍납1동,13298
2022,1,송파구,11710,11710520,풍납2동,24856
2022,1,강동구,11740,11740515,강일동,32947
2022,1,강동구,11740,11740550,고덕1동,24074
2022,1,강동구,11740,11740560,고덕2동,22545
2022,1,강동구,11740,11740685,길동,45863
2022,1,강동구,11740,11740700,둔촌2동,24641
2022,1,강동구,11740,11740530,명일1동,25884
2022,1,강동구,11740,11740540,명일2동,17520
2022,1,강동구,11740,11740520,상일동,49086
2022,1,강동구,11740,11740640,성내1동,20068
2022,1,강동구,11740,11740650,성내2동,23973
2022,1,강동구,11740,11740660,성내3동,23235
2022,1,강동구,11740,11740570,암사1동,34643
2022,1,강동구,11740,11740580,암사2동,15201
2022,1,강동구,11740,11740590,암사3동,17838
2022,1,강동구,11740,11740600,천호1동,26920
2022,1,강동구,11740,11740610,천호2동,33671
2022,1,강동구,11740,11740620,천호3동,26845
2022,2,종로구,11110,11110600,가회동,4137
2022,2,종로구,11110,11110580,교남동,10108
2022,2,종로구,11110,11110570,무악동,8184
2022,2,종로구,11110,11110550,부암동,9683
2022,2,종로구,11110,11110530,사직동,9572
2022,2,종로구,11110,11110540,삼청동,2692
2022,2,종로구,11110,11110700,숭인1동,6108
2022,2,종로구,11110,11110710,숭인2동,10343
2022,2,종로구,11110,11110640,이화동,7734
2022,2,종로구,11110,11110615,종로1234가동,8818
2022,2,종로구,11110,11110630,종로56가동,5469
2022,2,종로구,11110,11110670,창신1동,5583
2022,2,종로구,11110,11110680,창신2동,8921
2022,2,종로구,11110,11110690,창신3동,6647
2022,2,종로구,11110,11110515,청운효자동,11997
2022,2,종로구,11110,11110560,평창동,18141
2022,2,종로구,11110,11110650,혜화동,19118
2022,2,중구,11140,11140590,광희동,6451
2022,2,중구,11140,11140625,다산동,14185
2022,2,중구,11140,11140665,동화동,10333
2022,2,중구,11140,11140550,명동,3798
2022,2,중구,11140,11140520,소공동,3433
2022,2,중구,11140,11140650,신당5동,10631
2022,2,중구,11140,11140615,신당동,9194
2022,2,중구,11140,11140635,약수동,16763
2022,2,중구,11140,11140605,을지로동,1949
2022,2,중구,11140,11140580,장충동,5340
2022,2,중구,11140,11140680,중림동,12321
2022,2,중구,11140,11140645,청구동,13687
2022,2,중구,11140,11140570,필동,4709
2022,2,중구,11140,11140670,황학동,13483
2022,2,중구,11140,11140540,회현동,5396
2022,2,용산구,11170,11170530,남영동,7699
2022,2,용산구,11170,11170700,보광동,14482
2022,2,용산구,11170,11170690,서빙고동,13858
2022,2,용산구,11170,11170590,용문동,11832
2022,2,용산구,11170,11170520,용산2가동,10625
2022,2,용산구,11170,11170560,원효로1동,17145
2022,2,용산구,11170,11170570,원효로2동,13829
2022,2,용산구,11170,11170630,이촌1동,26331
2022,2,용산구,11170,11170640,이촌2동,8264
2022,2,용산구,11170,11170650,이태원1동,8031
2022,2,용산구,11170,11170660,이태원2동,10538
2022,2,용산구,11170,11170555,청파동,20041
2022,2,용산구,11170,11170625,한강로동,23222
2022,2,용산구,11170,11170685,한남동,22778
2022,2,용산구,11170,11170580,효창동,10831
2022,2,용산구,11170,11170510,후암동,17126
2022,2,성동구,11200,11200590,금호1가동,15164
2022,2,성동구,11200,11200615,금호23가동,22633
2022,2,성동구,11200,11200620,금호4가동,14376
2022,2,성동구,11200,11200540,마장동,22912
2022,2,성동구,11200,11200550,사근동,13900
2022,2,성동구,11200,11200650,성수1가1동,16690
2022,2,성동구,11200,11200660,성수1가2동,12535
2022,2,성동구,11200,11200670,성수2가1동,16065
2022,2,성동구,11200,11200690,성수2가3동,10867
2022,2,성동구,11200,11200720,송정동,10714
2022,2,성동구,11200,11200645,옥수동,26058
2022,2,성동구,11200,11200520,왕십리2동,16680
2022,2,성동구,11200,11200535,왕십리도선동,27019
2022,2,성동구,11200,11200790,용답동,12396
2022,2,성동구,11200,11200580,응봉동,15251
2022,2,성동구,11200,11200560,행당1동,14211
2022,2,성동구,11200,11200570,행당2동,23193
2022,2,광진구,11215,11215810,광장동,34523
2022,2,광진구,11215,11215850,구의1동,23872
2022,2,광진구,11215,11215860,구의2동,26796
2022,2,광진구,11215,11215870,구의3동,28684
2022,2,광진구,11215,11215730,군자동,21448
2022,2,광진구,11215,11215780,능동,11645
2022,2,광진구,11215,11215820,자양1동,22925
2022,2,광진구,11215,11215830,자양2동,24559
2022,2,광진구,11215,11215840,자양3동,28069
2022,2,광진구,11215,11215847,자양4동,21291
2022,2,광진구,11215,11215740,중곡1동,15664
2022,2,광진구,11215,11215750,중곡2동,21545
2022,2,광진구,11215,11215760,중곡3동,16290
2022,2,광진구,11215,11215770,중곡4동,28615
2022,2,광진구,11215,11215710,화양동,26870
2022,2,동대문구,11230,11230600,답십리1동,29280
2022,2,동대문구,11230,11230610,답십리2동,28254
2022,2,동대문구,11230,11230536,용신동,34194
2022,2,동대문구,11230,11230740,이문1동,21138
2022,2,동대문구,11230,11230750,이문2동,20258
2022,2,동대문구,11230,11230650,장안1동,38677
2022,2,동대문구,11230,11230660,장안2동,32696
2022,2,동대문구,11230,11230560,전농1동,29419
2022,2,동대문구,11230,11230570,전농2동,18786
2022,2,동대문구,11230,11230545,제기동,26596
2022,2,동대문구,11230,11230705,청량리동,19133
2022,2,동대문구,11230,11230710,회기동,13162
2022,2,동대문구,11230,11230720,휘경1동,16319
2022,2,동대문구,11230,11230730,휘경2동,24831
2022,2,중랑구,11260,11260660,망우3동,16494
2022,2,중랑구,11260,11260655,망우본동,35930
2022,2,중랑구,11260,11260520,면목2동,24444
2022,2,중랑구,11260,11260575,면목38동,24879
2022,2,중랑구,11260,11260540,면목4동,19096
2022,2,중랑구,11260,11260550,면목5동,14911
2022,2,중랑구,11260,11260570,면목7동,21941
2022,2,중랑구,11260,11260565,면목본동,34072
2022,2,중랑구,11260,11260620,묵1동,34620
2022,2,중랑구,11260,11260630,묵2동,18783
2022,2,중랑구,11260,11260580,상봉1동,23932
2022,2,중랑구,11260,11260590,상봉2동,20567
2022,2,중랑구,11260,11260680,신내1동,38425
2022,2,중랑구,11260,11260690,신내2동,20269
2022,2,중랑구,11260,11260600,중화1동,19570
2022,2,중랑구,11260,11260610,중화2동,25214
2022,2,성북구,11290,11290660,길음1동,35067
2022,2,성북구,11290,11290685,길음2동,21514
2022,2,성북구,11290,11290580,돈암1동,14559
2022,2,성북구,11290,11290590,돈암2동,23734
2022,2,성북구,11290,11290575,동선동,16149
2022,2,성북구,11290,11290610,보문동,16666
2022,2,성북구,11290,11290555,삼선동,23294
2022,2,성북구,11290,11290810,석관동,35644
2022,2,성북구,11290,11290525,성북동,16952
2022,2,성북구,11290,11290600,안암동,17046
2022,2,성북구,11290,11290715,월곡1동,26384
2022,2,성북구,11290,11290725,월곡2동,19844
2022,2,성북구,11290,11290760,장위1동,24271
2022,2,성북구,11290,11290770,장위2동,13883
2022,2,성북구,11290,11290780,장위3동,15844
2022,2,성북구,11290,11290620,정릉1동,18268
2022,2,성북구,11290,11290630,정릉2동,23097
2022,2,성북구,11290,11290640,정릉3동,16420
2022,2,성북구,11290,11290650,정릉4동,25097
2022,2,성북구,11290,11290705,종암동,40090
2022,2,강북구,11305,11305535,미아동,21851
2022,2,강북구,11305,11305595,번1동,18803
2022,2,강북구,11305,11305603,번2동,15606
2022,2,강북구,11305,11305608,번3동,16668
2022,2,강북구,11305,11305575,삼각산동,31015
2022,2,강북구,11305,11305534,삼양동,23568
2022,2,강북구,11305,11305545,송중동,30098
2022,2,강북구,11305,11305555,송천동,26316
2022,2,강북구,11305,11305615,수유1동,20685
2022,2,강북구,11305,11305625,수유2동,21223
2022,2,강북구,11305,11305635,수유3동,23646
2022,2,강북구,11305,11305645,우이동,20521
2022,2,강북구,11305,11305660,인수동,30246
2022,2,도봉구,11320,11320521,도봉1동,20959
2022,2,도봉구,11320,11320522,도봉2동,26597
2022,2,도봉구,11320,11320690,방학1동,28731
2022,2,도봉구,11320,11320700,방학2동,19607
2022,2,도봉구,11320,11320710,방학3동,26815
2022,2,도봉구,11320,11320660,쌍문1동,21579
2022,2,도봉구,11320,11320670,쌍문2동,18767
2022,2,도봉구,11320,11320680,쌍문3동,17068
2022,2,도봉구,11320,11320681,쌍문4동,18447
2022,2,도봉구,11320,11320511,창1동,24616
2022,2,도봉구,11320,11320512,창2동,29088
2022,2,도봉구,11320,11320513,창3동,13806
2022,2,도봉구,11320,11320514,창4동,26357
2022,2,도봉구,11320,11320515,창5동,24479
2022,2,노원구,11350,11350595,공릉1동,37356
2022,2,노원구,11350,11350600,공릉2동,42466
2022,2,노원구,11350,11350720,상계10동,18523
2022,2,노원구,11350,11350630,상계1동,38024
2022,2,노원구,11350,11350640,상계2동,19935
2022,2,노원구,11350,11350665,상계34동,25831
2022,2,노원구,11350,11350670,상계5동,23805
2022,2,노원구,11350,11350695,상계67동,32415
2022,2,노원구,11350,11350700,상계8동,22478
2022,2,노원구,11350,11350710,상계9동,20289
2022,2,노원구,11350,11350560,월계1동,21856
2022,2,노원구,11350,11350570,월계2동,26378
2022,2,노원구,11350,11350580,월계3동,29710
2022,2,노원구,11350,11350621,중계1동,26550
2022,2,노원구,11350,11350625,중계23동,33916
2022,2,노원구,11350,11350624,중계4동,19765
2022,2,노원구,11350,11350619,중계본동,23746
2022,2,노원구,11350,11350611,하계1동,27327
2022,2,노원구,11350,11350612,하계2동,21792
2022,2,은평구,11380,11380551,갈현1동,21441
2022,2,은평구,11380,11380552,갈현2동,28307
2022,2,은평구,11380,11380560,구산동,32366
2022,2,은평구,11380,11380510,녹번동,37103
2022,2,은평구,11380,11380570,대조동,27136
2022,2,은평구,11380,11380520,불광1동,38524
2022,2,은평구,11380,11380530,불광2동,27511
2022,2,은평구,11380,11380650,수색동,13241
2022,2,은평구,11380,11380631,신사1동,27061
2022,2,은평구,11380,11380632,신사2동,19810
2022,2,은평구,11380,11380625,역촌동,45411
2022,2,은평구,11380,11380580,응암1동,33242
2022,2,은평구,11380,11380590,응암2동,28186
2022,2,은평구,11380,11380600,응암3동,24500
2022,2,은평구,11380,11380640,증산동,18051
2022,2,은평구,11380,11380690,진관동,55570
2022,2,서대문구,11410,11410690,남가좌1동,15573
2022,2,서대문구,11410,11410700,남가좌2동,30795
2022,2,서대문구,11410,11410710,북가좌1동,17956
2022,2,서대문구,11410,11410720,북가좌2동,31489
2022,2,서대문구,11410,11410555,북아현동,16058
2022,2,서대문구,11410,11410585,신촌동,25172
2022,2,서대문구,11410,11410615,연희동,37628
2022,2,서대문구,11410,11410520,천연동,17179
2022,2,서대문구,11410,11410565,충현동,20590
2022,2,서대문구,11410,11410660,홍은1동,22972
2022,2,서대문구,11410,11410685,홍은2동,26951
2022,2,서대문구,11410,11410620,홍제1동,23656
2022,2,서대문구,11410,11410655,홍제2동,13630
2022,2,서대문구,11410,11410640,홍제3동,17866
2022,2,마포구,11440,11440565,공덕동,37680
2022,2,마포구,11440,11440600,대흥동,16011
2022,2,마포구,11440,11440585,도화동,21221
2022,2,마포구,11440,11440690,망원1동,20073
2022,2,마포구,11440,11440700,망원2동,18717
2022,2,마포구,11440,11440740,상암동,31169
2022,2,마포구,11440,11440655,서강동,25630
2022,2,마포구,11440,11440660,서교동,27125
2022,2,마포구,11440,11440720,성산1동,19242
2022,2,마포구,11440,11440730,성산2동,39851
2022,2,마포구,11440,11440630,신수동,22813
2022,2,마포구,11440,11440555,아현동,25668
2022,2,마포구,11440,11440710,연남동,15953
2022,2,마포구,11440,11440610,염리동,17804
2022,2,마포구,11440,11440590,용강동,21810
2022,2,마포구,11440,11440680,합정동,17523
2022,2,양천구,11470,11470510,목1동,30667
2022,2,양천구,11470,11470520,목2동,29908
2022,2,양천구,11470,11470530,목3동,22014
2022,2,양천구,11470,11470540,목4동,25336
2022,2,양천구,11470,11470550,목5동,40899
2022,2,양천구,11470,11470560,신월1동,20633
2022,2,양천구,11470,11470570,신월2동,20673
2022,2,양천구,11470,11470580,신월3동,15161
2022,2,양천구,11470,11470590,신월4동,17839
2022,2,양천구,11470,11470600,신월5동,14652
2022,2,양천구,11470,11470610,신월6동,13732
2022,2,양천구,11470,11470611,신월7동,19501
2022,2,양천구,11470,11470620,신정1동,20108
2022,2,양천구,11470,11470630,신정2동,19284
2022,2,양천구,11470,11470640,신정3동,50755
2022,2,양천구,11470,11470650,신정4동,33370
2022,2,양천구,11470,11470670,신정6동,24380
2022,2,양천구,11470,11470680,신정7동,28826
2022,2,강서구,11500,11500603,가양1동,34457
2022,2,강서구,11500,11500604,가양2동,14061
2022,2,강서구,11500,11500605,가양3동,14924
2022,2,강서구,11500,11500620,공항동,31270
2022,2,강서구,11500,11500520,등촌1동,24994
2022,2,강서구,11500,11500530,등촌2동,20120
2022,2,강서구,11500,11500535,등촌3동,30495
2022,2,강서구,11500,11500611,발산1동,36455
2022,2,강서구,11500,11500630,방화1동,42970
2022,2,강서구,11500,11500640,방화2동,23519
2022,2,강서구,11500,11500641,방화3동,22749
2022,2,강서구,11500,11500510,염창동,41779
2022,2,강서구,11500,11500615,우장산동,42790
2022,2,강서구,11500,11500540,화곡1동,52810
2022,2,강서구,11500,11500550,화곡2동,17971
2022,2,강서구,11500,11500560,화곡3동,21648
2022,2,강서구,11500,11500570,화곡4동,20720
2022,2,강서구,11500,11500591,화곡6동,25344
2022,2,강서구,11500,11500593,화곡8동,24818
2022,2,강서구,11500,11500590,화곡본동,34571
2022,2,구로구,11530,11530595,가리봉동,12990
2022,2,구로구,11530,11530740,개봉1동,34358
2022,2,구로구,11530,11530750,개봉2동,30967
2022,2,구로구,11530,11530760,개봉3동,20570
2022,2,구로구,11530,11530720,고척1동,22178
2022,2,구로구,11530,11530730,고척2동,26879
2022,2,구로구,11530,11530520,구로1동,21091
2022,2,구로구,11530,11530530,구로2동,30720
2022,2,구로구,11530,11530540,구로3동,25239
2022,2,구로구,11530,11530550,구로4동,23394
2022,2,구로구,11530,11530560,구로5동,32062
2022,2,구로구,11530,11530790,수궁동,23543
2022,2,구로구,11530,11530510,신도림동,36280
2022,2,구로구,11530,11530770,오류1동,22979
2022,2,구로구,11530,11530780,오류2동,38818
2022,2,구로구,11530,11530800,항동,16641
2022,2,금천구,11545,11545510,가산동,26539
2022,2,금천구,11545,11545610,독산1동,47596
2022,2,금천구,11545,11545620,독산2동,19997
2022,2,금천구,11545,11545630,독산3동,27596
2022,2,금천구,11545,11545640,독산4동,16623
2022,2,금천구,11545,11545670,시흥1동,34401
2022,2,금천구,11545,11545680,시흥2동,21049
2022,2,금천구,11545,11545690,시흥3동,10893
2022,2,금천구,11545,11545700,시흥4동,20917
2022,2,금천구,11545,11545710,시흥5동,19620
2022,2,영등포구,11560,11560550,당산1동,20717
2022,2,영등포구,11560,11560560,당산2동,37887
2022,2,영등포구,11560,11560700,대림1동,16776
2022,2,영등포구,11560,11560710,대림2동,17905
2022,2,영등포구,11560,11560720,대림3동,25666
2022,2,영등포구,11560,11560585,도림동,19813
2022,2,영등포구,11560,11560605,문래동,32718
2022,2,영등포구,11560,11560630,신길1동,18732
2022,2,영등포구,11560,11560650,신길3동,17451
2022,2,영등포구,11560,11560660,신길4동,13089
2022,2,영등포구,11560,11560670,신길5동,11469
2022,2,영등포구,11560,11560680,신길6동,19865
2022,2,영등포구,11560,11560690,신길7동,20142
2022,2,영등포구,11560,11560610,양평1동,18672
2022,2,영등포구,11560,11560620,양평2동,22515
2022,2,영등포구,11560,11560540,여의동,33105
2022,2,영등포구,11560,11560535,영등포동,30187
2022,2,영등포구,11560,11560515,영등포본동,23013
2022,2,동작구,11590,11590510,노량진1동,32278
2022,2,동작구,11590,11590520,노량진2동,11314
2022,2,동작구,11590,11590660,대방동,38081
2022,2,동작구,11590,11590620,사당1동,23250
2022,2,동작구,11590,11590630,사당2동,28879
2022,2,동작구,11590,11590640,사당3동,24402
2022,2,동작구,11590,11590650,사당4동,14316
2022,2,동작구,11590,11590651,사당5동,14473
2022,2,동작구,11590,11590530,상도1동,45892
2022,2,동작구,11590,11590540,상도2동,28139
2022,2,동작구,11590,11590550,상도3동,24697
2022,2,동작구,11590,11590560,상도4동,28796
2022,2,동작구,11590,11590670,신대방1동,24929
2022,2,동작구,11590,11590680,신대방2동,22416
2022,2,동작구,11590,11590605,흑석동,33168
2022,2,관악구,11620,11620585,낙성대동,17827
2022,2,관악구,11620,11620775,난곡동,26967
2022,2,관악구,11620,11620715,난향동,15288
2022,2,관악구,11620,11620630,남현동,18268
2022,2,관악구,11620,11620735,대학동,25338
2022,2,관악구,11620,11620765,미성동,31023
2022,2,관악구,11620,11620525,보라매동,24908
2022,2,관악구,11620,11620745,삼성동,21105
2022,2,관악구,11620,11620665,서림동,24041
2022,2,관악구,11620,11620645,서원동,23592
2022,2,관악구,11620,11620565,성현동,29089
2022,2,관악구,11620,11620695,신림동,23793
2022,2,관악구,11620,11620685,신사동,25020
2022,2,관악구,11620,11620655,신원동,18728
2022,2,관악구,11620,11620605,은천동,33351
2022,2,관악구,11620,11620625,인헌동,26318
2022,2,관악구,11620,11620725,조원동,18871
2022,2,관악구,11620,11620615,중앙동,15695
2022,2,관악구,11620,11620595,청룡동,36782
2022,2,관악구,11620,11620545,청림동,15096
2022,2,관악구,11620,11620575,행운동,29741
2022,2,서초구,11650,11650660,내곡동,17566
2022,2,서초구,11650,11650560,반포1동,34783
2022,2,서초구,11650,11650570,반포2동,15811
2022,2,서초구,11650,11650580,반포3동,21930
2022,2,서초구,11650,11650581,반포4동,19701
2022,2,서초구,11650,11650550,반포본동,411
2022,2,서초구,11650,11650600,방배1동,16925
2022,2,서초구,11650,11650610,방배2동,18778
2022,2,서초구,11650,11650620,방배3동,18406
2022,2,서초구,11650,11650621,방배4동,23517
2022,2,서초구,11650,11650590,방배본동,20859
2022,2,서초구,11650,11650510,서초1동,20788
2022,2,서초구,11650,11650520,서초2동,26900
2022,2,서초구,11650,11650530,서초3동,32482
2022,2,서초구,11650,11650531,서초4동,30821
2022,2,서초구,11650,11650651,양재1동,43056
2022,2,서초구,11650,11650652,양재2동,21979
2022,2,서초구,11650,11650540,잠원동,26802
2022,2,강남구,11680,11680660,개포1동,7021
2022,2,강남구,11680,11680670,개포2동,28170
2022,2,강남구,11680,11680690,개포4동,23761
2022,2,강남구,11680,11680521,논현1동,22658
2022,2,강남구,11680,11680531,논현2동,21158
2022,2,강남구,11680,11680600,대치1동,23946
2022,2,강남구,11680,11680610,대치2동,36902
2022,2,강남구,11680,11680630,대치4동,19731
2022,2,강남구,11680,11680655,도곡1동,21476
2022,2,강남구,11680,11680656,도곡2동,32999
2022,2,강남구,11680,11680580,삼성1동,12994
2022,2,강남구,11680,11680590,삼성2동,31192
2022,2,강남구,11680,11680700,세곡동,43339
2022,2,강남구,11680,11680750,수서동,14638
2022,2,강남구,11680,11680510,신사동,15991
2022,2,강남구,11680,11680545,압구정동,26221
2022,2,강남구,11680,11680640,역삼1동,36154
2022,2,강남구,11680,11680650,역삼2동,36871
2022,2,강남구,11680,11680730,일원1동,15125
2022,2,강남구,11680,11680740,일원2동,17572
2022,2,강남구,11680,11680720,일원본동,23115
2022,2,강남구,11680,11680565,청담동,25676
2022,2,송파구,11710,11710631,가락1동,27560
2022,2,송파구,11710,11710632,가락2동,31822
2022,2,송파구,11710,11710620,가락본동,26214
2022,2,송파구,11710,11710531,거여1동,12407
2022,2,송파구,11710,11710532,거여2동,23501
2022,2,송파구,11710,11710540,마천1동,18891
2022,2,송파구,11710,11710550,마천2동,18488
2022,2,송파구,11710,11710641,문정1동,20079
2022,2,송파구,11710,11710642,문정2동,28948
2022,2,송파구,11710,11710561,방이1동,15605
2022,2,송파구,11710,11710562,방이2동,26832
2022,2,송파구,11710,11710610,삼전동,30274
2022,2,송파구,11710,11710600,석촌동,31959
2022,2,송파구,11710,11710580,송파1동,24095
2022,2,송파구,11710,11710590,송파2동,19207
2022,2,송파구,11710,11710570,오금동,38345
2022,2,송파구,11710,11710566,오륜동,17888
2022,2,송파구,11710,11710647,위례동,44010
2022,2,송파구,11710,11710670,잠실2동,35006
2022,2,송파구,11710,11710680,잠실3동,34271
2022,2,송파구,11710,11710690,잠실4동,21296
2022,2,송파구,11710,11710710,잠실6동,16779
2022,2,송파구,11710,11710720,잠실7동,9511
2022,2,송파구,11710,11710650,잠실본동,28367
2022,2,송파구,11710,11710646,장지동,29353
2022,2,송파구,11710,11710510,풍납1동,13188
2022,2,송파구,11710,11710520,풍납2동,24742
2022,2,강동구,11740,11740515,강일동,33177
2022,2,강동구,11740,11740550,고덕1동,23935
2022,2,강동구,11740,11740560,고덕2동,22645
2022,2,강동구,11740,11740685,길동,45662
2022,2,강동구,11740,11740700,둔촌2동,24480
2022,2,강동구,11740,11740530,명일1동,25804
2022,2,강동구,11740,11740540,명일2동,17431
2022,2,강동구,11740,11740520,상일동,50758
2022,2,강동구,11740,11740640,성내1동,20046
2022,2,강동구,11740,11740650,성내2동,23760
2022,2,강동구,11740,11740660,성내3동,23207
2022,2,강동구,11740,11740570,암사1동,34511
2022,2,강동구,11740,11740580,암사2동,15181
2022,2,강동구,11740,11740590,암사3동,17621
2022,2,강동구,11740,11740600,천호1동,26811
2022,2,강동구,11740,11740610,천호2동,33582
2022,2,강동구,11740,11740620,천호3동,26742
2022,3,종로구,11110,11110600,가회동,4086
2022,3,종로구,11110,11110580,교남동,10048
2022,3,종로구,11110,11110570,무악동,8084
2022,3,종로구,11110,11110550,부암동,9590
2022,3,종로구,11110,11110530,사직동,9379
2022,3,종로구,11110,11110540,삼청동,2659
2022,3,종로구,11110,11110700,숭인1동,6054
2022,3,종로구,11110,11110710,숭인2동,10535
2022,3,종로구,11110,11110640,이화동,7629
2022,3,종로구,11110,11110615,종로1234가동,8519
2022,3,종로구,11110,11110630,종로56가동,5509
2022,3,종로구,11110,11110670,창신1동,5438
2022,3,종로구,11110,11110680,창신2동,8816
2022,3,종로구,11110,11110690,창신3동,6624
2022,3,종로구,11110,11110515,청운효자동,11887
2022,3,종로구,11110,11110560,평창동,17952
2022,3,종로구,11110,11110650,혜화동,19190
2022,3,중구,11140,11140590,광희동,6587
2022,3,중구,11140,11140625,다산동,14022
2022,3,중구,11140,11140665,동화동,10225
2022,3,중구,11140,11140550,명동,3706
2022,3,중구,11140,11140520,소공동,3518
2022,3,중구,11140,11140650,신당5동,10517
2022,3,중구,11140,11140615,신당동,9118
2022,3,중구,11140,11140635,약수동,16627
2022,3,중구,11140,11140605,을지로동,1902
2022,3,중구,11140,11140580,장충동,5327
2022,3,중구,11140,11140680,중림동,12323
2022,3,중구,11140,11140645,청구동,13561
2022,3,중구,11140,11140570,필동,4652
2022,3,중구,11140,11140670,황학동,13433
2022,3,중구,11140,11140540,회현동,5246
2022,3,용산구,11170,11170530,남영동,7540
2022,3,용산구,11170,11170700,보광동,14187
2022,3,용산구,11170,11170690,서빙고동,13582
2022,3,용산구,11170,11170590,용문동,11693
2022,3,용산구,11170,11170520,용산2가동,10420
2022,3,용산구,11170,11170560,원효로1동,17584
2022,3,용산구,11170,11170570,원효로2동,13794
2022,3,용산구,11170,11170630,이촌1동,25750
2022,3,용산구,11170,11170640,이촌2동,8140
2022,3,용산구,11170,11170650,이태원1동,7935
2022,3,용산구,11170,11170660,이태원2동,10432
2022,3,용산구,11170,11170555,청파동,19835
2022,3,용산구,11170,11170625,한강로동,22988
2022,3,용산구,11170,11170685,한남동,22173
2022,3,용산구,11170,11170580,효창동,10823
2022,3,용산구,11170,11170510,후암동,16858
2022,3,성동구,11200,11200590,금호1가동,15085
2022,3,성동구,11200,11200615,금호23가동,22583
2022,3,성동구,11200,11200620,금호4가동,14278
2022,3,성동구,11200,11200540,마장동,22727
2022,3,성동구,11200,11200550,사근동,13837
2022,3,성동구,11200,11200650,성수1가1동,16506
2022,3,성동구,11200,11200660,성수1가2동,12421
2022,3,성동구,11200,11200670,성수2가1동,15870
2022,3,성동구,11200,11200690,성수2가3동,10716
2022,3,성동구,11200,11200720,송정동,10549
2022,3,성동구,11200,11200645,옥수동,25916
2022,3,성동구,11200,11200520,왕십리2동,16648
2022,3,성동구,11200,11200535,왕십리도선동,26989
2022,3,성동구,11200,11200790,용답동,12484
2022,3,성동구,11200,11200580,응봉동,15096
2022,3,성동구,11200,11200560,행당1동,14076
2022,3,성동구,11200,11200570,행당2동,23160
2022,3,광진구,11215,11215810,광장동,34445
2022,3,광진구,11215,11215850,구의1동,24023
2022,3,광진구,11215,11215860,구의2동,26688
2022,3,광진구,11215,11215870,구의3동,28532
2022,3,광진구,11215,11215730,군자동,21266
2022,3,광진구,11215,11215780,능동,11601
2022,3,광진구,11215,11215820,자양1동,22785
2022,3,광진구,11215,11215830,자양2동,24359
2022,3,광진구,11215,11215840,자양3동,27890
2022,3,광진구,11215,11215847,자양4동,21139
2022,3,광진구,11215,11215740,중곡1동,15553
2022,3,광진구,11215,11215750,중곡2동,21386
2022,3,광진구,11215,11215760,중곡3동,16161
2022,3,광진구,11215,11215770,중곡4동,28436
2022,3,광진구,11215,11215710,화양동,26809
2022,3,동대문구,11230,11230600,답십리1동,28912
2022,3,동대문구,11230,11230610,답십리2동,28146
2022,3,동대문구,11230,11230536,용신동,35237
2022,3,동대문구,11230,11230740,이문1동,21305
2022,3,동대문구,11230,11230750,이문2동,20185
2022,3,동대문구,11230,11230650,장안1동,38612
2022,3,동대문구,11230,11230660,장안2동,32710
2022,3,동대문구,11230,11230560,전농1동,29296
2022,3,동대문구,11230,11230570,전농2동,18732
2022,3,동대문구,11230,11230545,제기동,26468
2022,3,동대문구,11230,11230705,청량리동,19054
2022,3,동대문구,11230,11230710,회기동,13425
2022,3,동대문구,11230,11230720,휘경1동,16350
2022,3,동대문구,11230,11230730,휘경2동,24749
2022,3,중랑구,11260,11260660,망우3동,16346
2022,3,중랑구,11260,11260655,망우본동,35928
2022,3,중랑구,11260,11260520,면목2동,24355
2022,3,중랑구,11260,11260575,면목38동,24723
2022,3,중랑구,11260,11260540,면목4동,18853
2022,3,중랑구,11260,11260550,면목5동,14836
2022,3,중랑구,11260,11260570,면목7동,21816
2022,3,중랑구,11260,11260565,면목본동,33964
2022,3,중랑구,11260,11260620,묵1동,34430
2022,3,중랑구,11260,11260630,묵2동,18672
2022,3,중랑구,11260,11260580,상봉1동,23773
2022,3,중랑구,11260,11260590,상봉2동,20524
2022,3,중랑구,11260,11260680,신내1동,38278
2022,3,중랑구,11260,11260690,신내2동,20180
2022,3,중랑구,11260,11260600,중화1동,19412
2022,3,중랑구,11260,11260610,중화2동,25020
2022,3,성북구,11290,11290660,길음1동,35061
2022,3,성북구,11290,11290685,길음2동,21617
2022,3,성북구,11290,11290580,돈암1동,14517
2022,3,성북구,11290,11290590,돈암2동,23677
2022,3,성북구,11290,11290575,동선동,16126
2022,3,성북구,11290,11290610,보문동,16701
2022,3,성북구,11290,11290555,삼선동,23123
2022,3,성북구,11290,11290810,석관동,35460
2022,3,성북구,11290,11290525,성북동,16852
2022,3,성북구,11290,11290600,안암동,17039
2022,3,성북구,11290,11290715,월곡1동,26227
2022,3,성북구,11290,11290725,월곡2동,19855
2022,3,성북구,11290,11290760,장위1동,24147
2022,3,성북구,11290,11290770,장위2동,13726
2022,3,성북구,11290,11290780,장위3동,15806
2022,3,성북구,11290,11290620,정릉1동,18191
2022,3,성북구,11290,11290630,정릉2동,22938
2022,3,성북구,11290,11290640,정릉3동,16541
2022,3,성북구,11290,11290650,정릉4동,24907
2022,3,성북구,11290,11290705,종암동,40085
2022,3,강북구,11305,11305535,미아동,21768
2022,3,강북구,11305,11305595,번1동,18684
2022,3,강북구,11305,11305603,번2동,15530
2022,3,강북구,11305,11305608,번3동,16530
2022,3,강북구,11305,11305575,삼각산동,30908
2022,3,강북구,11305,11305534,삼양동,23293
2022,3,강북구,11305,11305545,송중동,30004
2022,3,강북구,11305,11305555,송천동,26107
2022,3,강북구,11305,11305615,수유1동,20643
2022,3,강북구,11305,11305625,수유2동,21095
2022,3,강북구,11305,11305635,수유3동,23655
2022,3,강북구,11305,11305645,우이동,20415
2022,3,강북구,11305,11305660,인수동,29990
2022,3,도봉구,11320,11320521,도봉1동,20710
2022,3,도봉구,11320,11320522,도봉2동,26409
2022,3,도봉구,11320,11320690,방학1동,28573
2022,3,도봉구,11320,11320700,방학2동,19418
2022,3,도봉구,11320,11320710,방학3동,26635
2022,3,도봉구,11320,11320660,쌍문1동,21326
2022,3,도봉구,11320,11320670,쌍문2동,18576
2022,3,도봉구,11320,11320680,쌍문3동,17029
2022,3,도봉구,11320,11320681,쌍문4동,18398
2022,3,도봉구,11320,11320511,창1동,24551
2022,3,도봉구,11320,11320512,창2동,28988
2022,3,도봉구,11320,11320513,창3동,13708
2022,3,도봉구,11320,11320514,창4동,26171
2022,3,도봉구,11320,11320515,창5동,24392
2022,3,노원구,11350,11350595,공릉1동,37286
2022,3,노원구,11350,11350600,공릉2동,42528
2022,3,노원구,11350,11350720,상계10동,18477
2022,3,노원구,11350,11350630,상계1동,37944
2022,3,노원구,11350,11350640,상계2동,19765
2022,3,노원구,11350,11350665,상계34동,25509
2022,3,노원구,11350,11350670,상계5동,23776
2022,3,노원구,11350,11350695,상계67동,32149
2022,3,노원구,11350,11350700,상계8동,22418
2022,3,노원구,11350,11350710,상계9동,20142
2022,3,노원구,11350,11350560,월계1동,21682
2022,3,노원구,11350,11350570,월계2동,26124
2022,3,노원구,11350,11350580,월계3동,29503
2022,3,노원구,11350,11350621,중계1동,26586
2022,3,노원구,11350,11350625,중계23동,33599
2022,3,노원구,11350,11350624,중계4동,19645
2022,3,노원구,11350,11350619,중계본동,23595
2022,3,노원구,11350,11350611,하계1동,27255
2022,3,노원구,11350,11350612,하계2동,21703
2022,3,은평구,11380,11380551,갈현1동,20223
2022,3,은평구,11380,11380552,갈현2동,28226
2022,3,은평구,11380,11380560,구산동,32119
2022,3,은평구,11380,11380510,녹번동,36886
2022,3,은평구,11380,11380570,대조동,26835
2022,3,은평구,11380,11380520,불광1동,38265
2022,3,은평구,11380,11380530,불광2동,27269
2022,3,은평구,11380,11380650,수색동,13176
2022,3,은평구,11380,11380631,신사1동,27029
2022,3,은평구,11380,11380632,신사2동,19600
2022,3,은평구,11380,11380625,역촌동,44987
2022,3,은평구,11380,11380580,응암1동,33188
2022,3,은평구,11380,11380590,응암2동,28076
2022,3,은평구,11380,11380600,응암3동,24489
2022,3,은평구,11380,11380640,증산동,18571
2022,3,은평구,11380,11380690,진관동,55185
2022,3,서대문구,11410,11410690,남가좌1동,16596
2022,3,서대문구,11410,11410700,남가좌2동,30729
2022,3,서대문구,11410,11410710,북가좌1동,17899
2022,3,서대문구,11410,11410720,북가좌2동,31227
2022,3,서대문구,11410,11410555,북아현동,15977
2022,3,서대문구,11410,11410585,신촌동,25113
2022,3,서대문구,11410,11410615,연희동,37530
2022,3,서대문구,11410,11410520,천연동,17059
2022,3,서대문구,11410,11410565,충현동,20437
2022,3,서대문구,11410,11410660,홍은1동,22924
2022,3,서대문구,11410,11410685,홍은2동,26777
2022,3,서대문구,11410,11410620,홍제1동,23476
2022,3,서대문구,11410,11410655,홍제2동,13606
2022,3,서대문구,11410,11410640,홍제3동,17809
2022,3,마포구,11440,11440565,공덕동,37599
2022,3,마포구,11440,11440600,대흥동,16202
2022,3,마포구,11440,11440585,도화동,21155
2022,3,마포구,11440,11440690,망원1동,19850
2022,3,마포구,11440,11440700,망원2동,18584
2022,3,마포구,11440,11440740,상암동,31009
2022,3,마포구,11440,11440655,서강동,25519
2022,3,마포구,11440,11440660,서교동,26733
2022,3,마포구,11440,11440720,성산1동,19133
2022,3,마포구,11440,11440730,성산2동,39732
2022,3,마포구,11440,11440630,신수동,22739
2022,3,마포구,11440,11440555,아현동,25581
2022,3,마포구,11440,11440710,연남동,15662
2022,3,마포구,11440,11440610,염리동,17671
2022,3,마포구,11440,11440590,용강동,21773
2022,3,마포구,11440,11440680,합정동,17120
2022,3,양천구,11470,11470510,목1동,30565
2022,3,양천구,11470,11470520,목2동,29733
2022,3,양천구,11470,11470530,목3동,21865
2022,3,양천구,11470,11470540,목4동,25208
2022,3,양천구,11470,11470550,목5동,40747
2022,3,양천구,11470,11470560,신월1동,20463
2022,3,양천구,11470,11470570,신월2동,20556
2022,3,양천구,11470,11470580,신월3동,14997
2022,3,양천구,11470,11470590,신월4동,17777
2022,3,양천구,11470,11470600,신월5동,14559
2022,3,양천구,11470,11470610,신월6동,13762
2022,3,양천구,11470,11470611,신월7동,19294
2022,3,양천구,11470,11470620,신정1동,19986
2022,3,양천구,11470,11470630,신정2동,19099
2022,3,양천구,11470,11470640,신정3동,50573
2022,3,양천구,11470,11470650,신정4동,33249
2022,3,양천구,11470,11470670,신정6동,24208
2022,3,양천구,11470,11470680,신정7동,28629
2022,3,강서구,11500,11500603,가양1동,34408
2022,3,강서구,11500,11500604,가양2동,13983
2022,3,강서구,11500,11500605,가양3동,14743
2022,3,강서구,11500,11500620,공항동,31050
2022,3,강서구,11500,11500520,등촌1동,25002
2022,3,강서구,11500,11500530,등촌2동,19926
2022,3,강서구,11500,11500535,등촌3동,30204
2022,3,강서구,11500,11500611,발산1동,36300
2022,3,강서구,11500,11500630,방화1동,42884
2022,3,강서구,11500,11500640,방화2동,23402
2022,3,강서구,11500,11500641,방화3동,22591
2022,3,강서구,11500,11500510,염창동,41730
2022,3,강서구,11500,11500615,우장산동,42587
2022,3,강서구,11500,11500540,화곡1동,52707
2022,3,강서구,11500,11500550,화곡2동,17879
2022,3,강서구,11500,11500560,화곡3동,21627
2022,3,강서구,11500,11500570,화곡4동,20587
2022,3,강서구,11500,11500591,화곡6동,25310
2022,3,강서구,11500,11500593,화곡8동,24592
2022,3,강서구,11500,11500590,화곡본동,34301
2022,3,구로구,11530,11530595,가리봉동,12699
2022,3,구로구,11530,11530740,개봉1동,34232
2022,3,구로구,11530,11530750,개봉2동,30910
2022,3,구로구,11530,11530760,개봉3동,20353
2022,3,구로구,11530,11530720,고척1동,22039
2022,3,구로구,11530,11530730,고척2동,26712
2022,3,구로구,11530,11530520,구로1동,21023
2022,3,구로구,11530,11530530,구로2동,30361
2022,3,구로구,11530,11530540,구로3동,25226
2022,3,구로구,11530,11530550,구로4동,23224
2022,3,구로구,11530,11530560,구로5동,31900
2022,3,구로구,11530,11530790,수궁동,23413
2022,3,구로구,11530,11530510,신도림동,36223
2022,3,구로구,11530,11530770,오류1동,22906
2022,3,구로구,11530,11530780,오류2동,38755
2022,3,구로구,11530,11530800,항동,16594
2022,3,금천구,11545,11545510,가산동,26619
2022,3,금천구,11545,11545610,독산1동,47550
2022,3,금천구,11545,11545620,독산2동,19759
2022,3,금천구,11545,11545630,독산3동,27423
2022,3,금천구,11545,11545640,독산4동,16519
2022,3,금천구,11545,11545670,시흥1동,34195
2022,3,금천구,11545,11545680,시흥2동,20870
2022,3,금천구,11545,11545690,시흥3동,10792
2022,3,금천구,11545,11545700,시흥4동,20729
2022,3,금천구,11545,11545710,시흥5동,19416
2022,3,영등포구,11560,11560550,당산1동,20763
2022,3,영등포구,11560,11560560,당산2동,37722
2022,3,영등포구,11560,11560700,대림1동,16544
2022,3,영등포구,11560,11560710,대림2동,17559
2022,3,영등포구,11560,11560720,대림3동,25301
2022,3,영등포구,11560,11560585,도림동,19685
2022,3,영등포구,11560,11560605,문래동,32558
2022,3,영등포구,11560,11560630,신길1동,20163
2022,3,영등포구,11560,11560650,신길3동,17369
2022,3,영등포구,11560,11560660,신길4동,12995
2022,3,영등포구,11560,11560670,신길5동,11269
2022,3,영등포구,11560,11560680,신길6동,19689
2022,3,영등포구,11560,11560690,신길7동,19926
2022,3,영등포구,11560,11560610,양평1동,18714
2022,3,영등포구,11560,11560620,양평2동,22563
2022,3,영등포구,11560,11560540,여의동,33006
2022,3,영등포구,11560,11560535,영등포동,30312
2022,3,영등포구,11560,11560515,영등포본동,22800
2022,3,동작구,11590,11590510,노량진1동,32074
2022,3,동작구,11590,11590520,노량진2동,11214
2022,3,동작구,11590,11590660,대방동,37757
2022,3,동작구,11590,11590620,사당1동,23109
2022,3,동작구,11590,11590630,사당2동,28817
2022,3,동작구,11590,11590640,사당3동,24237
2022,3,동작구,11590,11590650,사당4동,14277
2022,3,동작구,11590,11590651,사당5동,14456
2022,3,동작구,11590,11590530,상도1동,46066
2022,3,동작구,11590,11590540,상도2동,28000
2022,3,동작구,11590,11590550,상도3동,24614
2022,3,동작구,11590,11590560,상도4동,28629
2022,3,동작구,11590,11590670,신대방1동,24988
2022,3,동작구,11590,11590680,신대방2동,22498
2022,3,동작구,11590,11590605,흑석동,31892
2022,3,관악구,11620,11620585,낙성대동,17938
2022,3,관악구,11620,11620775,난곡동,26833
2022,3,관악구,11620,11620715,난향동,15180
2022,3,관악구,11620,11620630,남현동,18237
2022,3,관악구,11620,11620735,대학동,25749
2022,3,관악구,11620,11620765,미성동,30752
2022,3,관악구,11620,11620525,보라매동,24740
2022,3,관악구,11620,11620745,삼성동,20814
2022,3,관악구,11620,11620665,서림동,24094
2022,3,관악구,11620,11620645,서원동,23583
2022,3,관악구,11620,11620565,성현동,28967
2022,3,관악구,11620,11620695,신림동,23866
2022,3,관악구,11620,11620685,신사동,24839
2022,3,관악구,11620,11620655,신원동,18716
2022,3,관악구,11620,11620605,은천동,33225
2022,3,관악구,11620,11620625,인헌동,26199
2022,3,관악구,11620,11620725,조원동,19445
2022,3,관악구,11620,11620615,중앙동,15730
2022,3,관악구,11620,11620595,청룡동,37018
2022,3,관악구,11620,11620545,청림동,15084
2022,3,관악구,11620,11620575,행운동,29741
2022,3,서초구,11650,11650660,내곡동,17503
2022,3,서초구,11650,11650560,반포1동,34634
2022,3,서초구,11650,11650570,반포2동,15823
2022,3,서초구,11650,11650580,반포3동,22055
2022,3,서초구,11650,11650581,반포4동,19581
2022,3,서초구,11650,11650550,반포본동,305
2022,3,서초구,11650,11650600,방배1동,16896
2022,3,서초구,11650,11650610,방배2동,18631
2022,3,서초구,11650,11650620,방배3동,17643
2022,3,서초구,11650,11650621,방배4동,23444
2022,3,서초구,11650,11650590,방배본동,20843
2022,3,서초구,11650,11650510,서초1동,20727
2022,3,서초구,11650,11650520,서초2동,26856
2022,3,서초구,11650,11650530,서초3동,32397
2022,3,서초구,11650,11650531,서초4동,30584
2022,3,서초구,11650,11650651,양재1동,42875
2022,3,서초구,11650,11650652,양재2동,21769
2022,3,서초구,11650,11650540,잠원동,26459
2022,3,강남구,11680,11680660,개포1동,6928
2022,3,강남구,11680,11680670,개포2동,28276
2022,3,강남구,11680,11680690,개포4동,23763
2022,3,강남구,11680,11680521,논현1동,22296
2022,3,강남구,11680,11680531,논현2동,20891
2022,3,강남구,11680,11680600,대치1동,23868
2022,3,강남구,11680,11680610,대치2동,37188
2022,3,강남구,11680,11680630,대치4동,19677
2022,3,강남구,11680,11680655,도곡1동,21351
2022,3,강남구,11680,11680656,도곡2동,32863
2022,3,강남구,11680,11680580,삼성1동,12847
2022,3,강남구,11680,11680590,삼성2동,31067
2022,3,강남구,11680,11680700,세곡동,43469
2022,3,강남구,11680,11680750,수서동,14530
2022,3,강남구,11680,11680510,신사동,15942
2022,3,강남구,11680,11680545,압구정동,25947
2022,3,강남구,11680,11680640,역삼1동,35780
2022,3,강남구,11680,11680650,역삼2동,37263
2022,3,강남구,11680,11680730,일원1동,15042
2022,3,강남구,11680,11680740,일원2동,17475
2022,3,강남구,11680,11680720,일원본동,23063
2022,3,강남구,11680,11680565,청담동,25462
2022,3,송파구,11710,11710631,가락1동,27481
2022,3,송파구,11710,11710632,가락2동,31738
2022,3,송파구,11710,11710620,가락본동,26024
2022,3,송파구,11710,11710531,거여1동,12316
2022,3,송파구,11710,11710532,거여2동,23664
2022,3,송파구,11710,11710540,마천1동,18756
2022,3,송파구,11710,11710550,마천2동,18275
2022,3,송파구,11710,11710641,문정1동,20018
2022,3,송파구,11710,11710642,문정2동,28945
2022,3,송파구,11710,11710561,방이1동,15536
2022,3,송파구,11710,11710562,방이2동,26589
2022,3,송파구,11710,11710610,삼전동,30019
2022,3,송파구,11710,11710600,석촌동,31707
2022,3,송파구,11710,11710580,송파1동,24046
2022,3,송파구,11710,11710590,송파2동,19057
2022,3,송파구,11710,11710570,오금동,38147
2022,3,송파구,11710,11710566,오륜동,17836
2022,3,송파구,11710,11710647,위례동,44364
2022,3,송파구,11710,11710670,잠실2동,34826
2022,3,송파구,11710,11710680,잠실3동,34042
2022,3,송파구,11710,11710690,잠실4동,21200
2022,3,송파구,11710,11710710,잠실6동,16720
2022,3,송파구,11710,11710720,잠실7동,9475
2022,3,송파구,11710,11710650,잠실본동,28362
2022,3,송파구,11710,11710646,장지동,29175
2022,3,송파구,11710,11710510,풍납1동,13048
2022,3,송파구,11710,11710520,풍납2동,24481
2022,3,강동구,11740,11740515,강일동,33097
2022,3,강동구,11740,11740550,고덕1동,23850
2022,3,강동구,11740,11740560,고덕2동,22696
2022,3,강동구,11740,11740685,길동,45420
2022,3,강동구,11740,11740700,둔촌2동,24343
2022,3,강동구,11740,11740530,명일1동,25697
2022,3,강동구,11740,11740540,명일2동,17362
2022,3,강동구,11740,11740520,상일동,51009
2022,3,강동구,11740,11740640,성내1동,19936
2022,3,강동구,11740,11740650,성내2동,23704
2022,3,강동구,11740,11740660,성내3동,23197
2022,3,강동구,11740,11740570,암사1동,34305
2022,3,강동구,11740,11740580,암사2동,15124
2022,3,강동구,11740,11740590,암사3동,17466
2022,3,강동구,11740,11740600,천호1동,26753
2022,3,강동구,11740,11740610,천호2동,33813
2022,3,강동구,11740,11740620,천호3동,26637
2022,4,종로구,11110,11110600,가회동,4065
2022,4,종로구,11110,11110580,교남동,9994
2022,4,종로구,11110,11110570,무악동,8052
2022,4,종로구,11110,11110550,부암동,9536
2022,4,종로구,11110,11110530,사직동,9355
2022,4,종로구,11110,11110540,삼청동,2642
2022,4,종로구,11110,11110700,숭인1동,6057
2022,4,종로구,11110,11110710,숭인2동,10509
2022,4,종로구,11110,11110640,이화동,7631
2022,4,종로구,11110,11110615,종로1234가동,8700
2022,4,종로구,11110,11110630,종로56가동,5817
2022,4,종로구,11110,11110670,창신1동,5383
2022,4,종로구,11110,11110680,창신2동,8796
2022,4,종로구,11110,11110690,창신3동,6606
2022,4,종로구,11110,11110515,청운효자동,11818
2022,4,종로구,11110,11110560,평창동,17858
2022,4,종로구,11110,11110650,혜화동,19392
2022,4,중구,11140,11140590,광희동,6682
2022,4,중구,11140,11140625,다산동,13954
2022,4,중구,11140,11140665,동화동,10199
2022,4,중구,11140,11140550,명동,3638
2022,4,중구,11140,11140520,소공동,3578
2022,4,중구,11140,11140650,신당5동,10513
2022,4,중구,11140,11140615,신당동,9087
2022,4,중구,11140,11140635,약수동,16610
2022,4,중구,11140,11140605,을지로동,1912
2022,4,중구,11140,11140580,장충동,5326
2022,4,중구,11140,11140680,중림동,12338
2022,4,중구,11140,11140645,청구동,13451
2022,4,중구,11140,11140570,필동,4816
2022,4,중구,11140,11140670,황학동,13459
2022,4,중구,11140,11140540,회현동,5222
2022,4,용산구,11170,11170530,남영동,7552
2022,4,용산구,11170,11170700,보광동,14060
2022,4,용산구,11170,11170690,서빙고동,13458
2022,4,용산구,11170,11170590,용문동,11664
2022,4,용산구,11170,11170520,용산2가동,10333
2022,4,용산구,11170,11170560,원효로1동,17774
2022,4,용산구,11170,11170570,원효로2동,13795
2022,4,용산구,11170,11170630,이촌1동,25707
2022,4,용산구,11170,11170640,이촌2동,8094
2022,4,용산구,11170,11170650,이태원1동,7947
2022,4,용산구,11170,11170660,이태원2동,10427
2022,4,용산구,11170,11170555,청파동,19833
2022,4,용산구,11170,11170625,한강로동,22886
2022,4,용산구,11170,11170685,한남동,22054
2022,4,용산구,11170,11170580,효창동,10888
2022,4,용산구,11170,11170510,후암동,16812
2022,4,성동구,11200,11200590,금호1가동,15137
2022,4,성동구,11200,11200615,금호23가동,22423
2022,4,성동구,11200,11200620,금호4가동,14228
2022,4,성동구,11200,11200540,마장동,22706
2022,4,성동구,11200,11200550,사근동,14082
2022,4,성동구,11200,11200650,성수1가1동,16407
2022,4,성동구,11200,11200660,성수1가2동,12322
2022,4,성동구,11200,11200670,성수2가1동,15716
2022,4,성동구,11200,11200690,성수2가3동,10520
2022,4,성동구,11200,11200720,송정동,10464
2022,4,성동구,11200,11200645,옥수동,25843
2022,4,성동구,11200,11200520,왕십리2동,16688
2022,4,성동구,11200,11200535,왕십리도선동,26903
2022,4,성동구,11200,11200790,용답동,12551
2022,4,성동구,11200,11200580,응봉동,15100
2022,4,성동구,11200,11200560,행당1동,13996
2022,4,성동구,11200,11200570,행당2동,23148
2022,4,광진구,11215,11215810,광장동,34362
2022,4,광진구,11215,11215850,구의1동,24049
2022,4,광진구,11215,11215860,구의2동,26573
2022,4,광진구,11215,11215870,구의3동,28440
2022,4,광진구,11215,11215730,군자동,21524
2022,4,광진구,11215,11215780,능동,11561
2022,4,광진구,11215,11215820,자양1동,22709
2022,4,광진구,11215,11215830,자양2동,24253
2022,4,광진구,11215,11215840,자양3동,27858
2022,4,광진구,11215,11215847,자양4동,21260
2022,4,광진구,11215,11215740,중곡1동,15663
2022,4,광진구,11215,11215750,중곡2동,21336
2022,4,광진구,11215,11215760,중곡3동,16177
2022,4,광진구,11215,11215770,중곡4동,28405
2022,4,광진구,11215,11215710,화양동,27082
2022,4,동대문구,11230,11230600,답십리1동,28530
2022,4,동대문구,11230,11230610,답십리2동,28055
2022,4,동대문구,11230,11230536,용신동,36137
2022,4,동대문구,11230,11230740,이문1동,21366
2022,4,동대문구,11230,11230750,이문2동,20183
2022,4,동대문구,11230,11230650,장안1동,38677
2022,4,동대문구,11230,11230660,장안2동,32685
2022,4,동대문구,11230,11230560,전농1동,29220
2022,4,동대문구,11230,11230570,전농2동,18629
2022,4,동대문구,11230,11230545,제기동,26484
2022,4,동대문구,11230,11230705,청량리동,19094
2022,4,동대문구,11230,11230710,회기동,13536
2022,4,동대문구,11230,11230720,휘경1동,16339
2022,4,동대문구,11230,11230730,휘경2동,24666
2022,4,중랑구,11260,11260660,망우3동,16303
2022,4,중랑구,11260,11260655,망우본동,35905
2022,4,중랑구,11260,11260520,면목2동,24206
2022,4,중랑구,11260,11260575,면목38동,24617
2022,4,중랑구,11260,11260540,면목4동,18746
2022,4,중랑구,11260,11260550,면목5동,14836
2022,4,중랑구,11260,11260570,면목7동,21798
2022,4,중랑구,11260,11260565,면목본동,33856
2022,4,중랑구,11260,11260620,묵1동,34344
2022,4,중랑구,11260,11260630,묵2동,18624
2022,4,중랑구,11260,11260580,상봉1동,23714
2022,4,중랑구,11260,11260590,상봉2동,20612
2022,4,중랑구,11260,11260680,신내1동,38205
2022,4,중랑구,11260,11260690,신내2동,20155
2022,4,중랑구,11260,11260600,중화1동,19293
2022,4,중랑구,11260,11260610,중화2동,24926
2022,4,성북구,11290,11290660,길음1동,35000
2022,4,성북구,11290,11290685,길음2동,21728
2022,4,성북구,11290,11290580,돈암1동,14474
2022,4,성북구,11290,11290590,돈암2동,23657
2022,4,성북구,11290,11290575,동선동,15870
2022,4,성북구,11290,11290610,보문동,16712
2022,4,성북구,11290,11290555,삼선동,23044
2022,4,성북구,11290,11290810,석관동,35315
2022,4,성북구,11290,11290525,성북동,16889
2022,4,성북구,11290,11290600,안암동,17118
2022,4,성북구,11290,11290715,월곡1동,26169
2022,4,성북구,11290,11290725,월곡2동,19739
2022,4,성북구,11290,11290760,장위1동,24082
2022,4,성북구,11290,11290770,장위2동,13622
2022,4,성북구,11290,11290780,장위3동,15868
2022,4,성북구,11290,11290620,정릉1동,18197
2022,4,성북구,11290,11290630,정릉2동,22911
2022,4,성북구,11290,11290640,정릉3동,16567
2022,4,성북구,11290,11290650,정릉4동,24911
2022,4,성북구,11290,11290705,종암동,40111
2022,4,강북구,11305,11305535,미아동,21685
2022,4,강북구,11305,11305595,번1동,18578
2022,4,강북구,11305,11305603,번2동,15397
2022,4,강북구,11305,11305608,번3동,16449
2022,4,강북구,11305,11305575,삼각산동,30939
2022,4,강북구,11305,11305534,삼양동,23090
2022,4,강북구,11305,11305545,송중동,29910
2022,4,강북구,11305,11305555,송천동,25998
2022,4,강북구,11305,11305615,수유1동,20501
2022,4,강북구,11305,11305625,수유2동,21054
2022,4,강북구,11305,11305635,수유3동,23778
2022,4,강북구,11305,11305645,우이동,20407
2022,4,강북구,11305,11305660,인수동,29916
2022,4,도봉구,11320,11320521,도봉1동,20622
2022,4,도봉구,11320,11320522,도봉2동,26359
2022,4,도봉구,11320,11320690,방학1동,28410
2022,4,도봉구,11320,11320700,방학2동,19354
2022,4,도봉구,11320,11320710,방학3동,26500
2022,4,도봉구,11320,11320660,쌍문1동,21445
2022,4,도봉구,11320,11320670,쌍문2동,18461
2022,4,도봉구,11320,11320680,쌍문3동,16934
2022,4,도봉구,11320,11320681,쌍문4동,18348
2022,4,도봉구,11320,11320511,창1동,24502
2022,4,도봉구,11320,11320512,창2동,28957
2022,4,도봉구,11320,11320513,창3동,13633
2022,4,도봉구,11320,11320514,창4동,26121
2022,4,도봉구,11320,11320515,창5동,24343
2022,4,노원구,11350,11350595,공릉1동,37184
2022,4,노원구,11350,11350600,공릉2동,42538
2022,4,노원구,11350,11350720,상계10동,18477
2022,4,노원구,11350,11350630,상계1동,37857
2022,4,노원구,11350,11350640,상계2동,19629
2022,4,노원구,11350,11350665,상계34동,25324
2022,4,노원구,11350,11350670,상계5동,23737
2022,4,노원구,11350,11350695,상계67동,32044
2022,4,노원구,11350,11350700,상계8동,22344
2022,4,노원구,11350,11350710,상계9동,20071
2022,4,노원구,11350,11350560,월계1동,21580
2022,4,노원구,11350,11350570,월계2동,26066
2022,4,노원구,11350,11350580,월계3동,29384
2022,4,노원구,11350,11350621,중계1동,26580
2022,4,노원구,11350,11350625,중계23동,33497
2022,4,노원구,11350,11350624,중계4동,19601
2022,4,노원구,11350,11350619,중계본동,23477
2022,4,노원구,11350,11350611,하계1동,26982
2022,4,노원구,11350,11350612,하계2동,21642
2022,4,은평구,11380,11380551,갈현1동,17151
2022,4,은평구,11380,11380552,갈현2동,28176
2022,4,은평구,11380,11380560,구산동,32020
2022,4,은평구,11380,11380510,녹번동,36884
2022,4,은평구,11380,11380570,대조동,26862
2022,4,은평구,11380,11380520,불광1동,38265
2022,4,은평구,11380,11380530,불광2동,27280
2022,4,은평구,11380,11380650,수색동,13210
2022,4,은평구,11380,11380631,신사1동,26984
2022,4,은평구,11380,11380632,신사2동,19497
2022,4,은평구,11380,11380625,역촌동,44984
2022,4,은평구,11380,11380580,응암1동,33279
2022,4,은평구,11380,11380590,응암2동,28016
2022,4,은평구,11380,11380600,응암3동,24313
2022,4,은평구,11380,11380640,증산동,18647
2022,4,은평구,11380,11380690,진관동,55034
2022,4,서대문구,11410,11410690,남가좌1동,16884
2022,4,서대문구,11410,11410700,남가좌2동,30508
2022,4,서대문구,11410,11410710,북가좌1동,17804
2022,4,서대문구,11410,11410720,북가좌2동,31244
2022,4,서대문구,11410,11410555,북아현동,15875
2022,4,서대문구,11410,11410585,신촌동,26143
2022,4,서대문구,11410,11410615,연희동,37428
2022,4,서대문구,11410,11410520,천연동,17031
2022,4,서대문구,11410,11410565,충현동,20316
2022,4,서대문구,11410,11410660,홍은1동,22825
2022,4,서대문구,11410,11410685,홍은2동,27499
2022,4,서대문구,11410,11410620,홍제1동,24674
2022,4,서대문구,11410,11410655,홍제2동,13433
2022,4,서대문구,11410,11410640,홍제3동,17890
2022,4,마포구,11440,11440565,공덕동,37476
2022,4,마포구,11440,11440600,대흥동,16177
2022,4,마포구,11440,11440585,도화동,21118
2022,4,마포구,11440,11440690,망원1동,19757
2022,4,마포구,11440,11440700,망원2동,18449
2022,4,마포구,11440,11440740,상암동,30837
2022,4,마포구,11440,11440655,서강동,25576
2022,4,마포구,11440,11440660,서교동,26674
2022,4,마포구,11440,11440720,성산1동,19079
2022,4,마포구,11440,11440730,성산2동,39500
2022,4,마포구,11440,11440630,신수동,22672
2022,4,마포구,11440,11440555,아현동,26184
2022,4,마포구,11440,11440710,연남동,15603
2022,4,마포구,11440,11440610,염리동,17633
2022,4,마포구,11440,11440590,용강동,21786
2022,4,마포구,11440,11440680,합정동,17064
2022,4,양천구,11470,11470510,목1동,30536
2022,4,양천구,11470,11470520,목2동,29641
2022,4,양천구,11470,11470530,목3동,21719
2022,4,양천구,11470,11470540,목4동,25018
2022,4,양천구,11470,11470550,목5동,40737
2022,4,양천구,11470,11470560,신월1동,20343
2022,4,양천구,11470,11470570,신월2동,20569
2022,4,양천구,11470,11470580,신월3동,14934
2022,4,양천구,11470,11470590,신월4동,17698
2022,4,양천구,11470,11470600,신월5동,14461
2022,4,양천구,11470,11470610,신월6동,13816
2022,4,양천구,11470,11470611,신월7동,19199
2022,4,양천구,11470,11470620,신정1동,19962
2022,4,양천구,11470,11470630,신정2동,19003
2022,4,양천구,11470,11470640,신정3동,50587
2022,4,양천구,11470,11470650,신정4동,33056
2022,4,양천구,11470,11470670,신정6동,24152
2022,4,양천구,11470,11470680,신정7동,28579
2022,4,강서구,11500,11500603,가양1동,34359
2022,4,강서구,11500,11500604,가양2동,13902
2022,4,강서구,11500,11500605,가양3동,14678
2022,4,강서구,11500,11500620,공항동,30927
2022,4,강서구,11500,11500520,등촌1동,24991
2022,4,강서구,11500,11500530,등촌2동,19855
2022,4,강서구,11500,11500535,등촌3동,30025
2022,4,강서구,11500,11500611,발산1동,36236
2022,4,강서구,11500,11500630,방화1동,42851
2022,4,강서구,11500,11500640,방화2동,23371
2022,4,강서구,11500,11500641,방화3동,22544
2022,4,강서구,11500,11500510,염창동,41628
2022,4,강서구,11500,11500615,우장산동,42883
2022,4,강서구,11500,11500540,화곡1동,52647
2022,4,강서구,11500,11500550,화곡2동,17785
2022,4,강서구,11500,11500560,화곡3동,21603
2022,4,강서구,11500,11500570,화곡4동,20514
2022,4,강서구,11500,11500591,화곡6동,25303
2022,4,강서구,11500,11500593,화곡8동,24415
2022,4,강서구,11500,11500590,화곡본동,34121
2022,4,구로구,11530,11530595,가리봉동,12653
2022,4,구로구,11530,11530740,개봉1동,34105
2022,4,구로구,11530,11530750,개봉2동,30665
2022,4,구로구,11530,11530760,개봉3동,20251
2022,4,구로구,11530,11530720,고척1동,25636
2022,4,구로구,11530,11530730,고척2동,26557
2022,4,구로구,11530,11530520,구로1동,20936
2022,4,구로구,11530,11530530,구로2동,30093
2022,4,구로구,11530,11530540,구로3동,25055
2022,4,구로구,11530,11530550,구로4동,23052
2022,4,구로구,11530,11530560,구로5동,31740
2022,4,구로구,11530,11530790,수궁동,23332
2022,4,구로구,11530,11530510,신도림동,36138
2022,4,구로구,11530,11530770,오류1동,23126
2022,4,구로구,11530,11530780,오류2동,38528
2022,4,구로구,11530,11530800,항동,16551
2022,4,금천구,11545,11545510,가산동,26569
2022,4,금천구,11545,11545610,독산1동,47573
2022,4,금천구,11545,11545620,독산2동,19562
2022,4,금천구,11545,11545630,독산3동,27239
2022,4,금천구,11545,11545640,독산4동,16432
2022,4,금천구,11545,11545670,시흥1동,34054
2022,4,금천구,11545,11545680,시흥2동,20832
2022,4,금천구,11545,11545690,시흥3동,10701
2022,4,금천구,11545,11545700,시흥4동,20614
2022,4,금천구,11545,11545710,시흥5동,19242
2022,4,영등포구,11560,11560550,당산1동,20740
2022,4,영등포구,11560,11560560,당산2동,37102
2022,4,영등포구,11560,11560700,대림1동,16506
2022,4,영등포구,11560,11560710,대림2동,17523
2022,4,영등포구,11560,11560720,대림3동,25205
2022,4,영등포구,11560,11560585,도림동,19600
2022,4,영등포구,11560,11560605,문래동,32540
2022,4,영등포구,11560,11560630,신길1동,20483
2022,4,영등포구,11560,11560650,신길3동,17281
2022,4,영등포구,11560,11560660,신길4동,13016
2022,4,영등포구,11560,11560670,신길5동,11212
2022,4,영등포구,11560,11560680,신길6동,19593
2022,4,영등포구,11560,11560690,신길7동,19899
2022,4,영등포구,11560,11560610,양평1동,18704
2022,4,영등포구,11560,11560620,양평2동,22583
2022,4,영등포구,11560,11560540,여의동,32923
2022,4,영등포구,11560,11560535,영등포동,30461
2022,4,영등포구,11560,11560515,영등포본동,22714
2022,4,동작구,11590,11590510,노량진1동,32114
2022,4,동작구,11590,11590520,노량진2동,11234
2022,4,동작구,11590,11590660,대방동,37056
2022,4,동작구,11590,11590620,사당1동,23009
2022,4,동작구,11590,11590630,사당2동,28786
2022,4,동작구,11590,11590640,사당3동,24189
2022,4,동작구,11590,11590650,사당4동,14185
2022,4,동작구,11590,11590651,사당5동,14434
2022,4,동작구,11590,11590530,상도1동,46166
2022,4,동작구,11590,11590540,상도2동,27982
2022,4,동작구,11590,11590550,상도3동,24456
2022,4,동작구,11590,11590560,상도4동,28564
2022,4,동작구,11590,11590670,신대방1동,25118
2022,4,동작구,11590,11590680,신대방2동,22445
2022,4,동작구,11590,11590605,흑석동,30694
2022,4,관악구,11620,11620585,낙성대동,17928
2022,4,관악구,11620,11620775,난곡동,26679
2022,4,관악구,11620,11620715,난향동,15050
2022,4,관악구,11620,11620630,남현동,18163
2022,4,관악구,11620,11620735,대학동,26301
2022,4,관악구,11620,11620765,미성동,30662
2022,4,관악구,11620,11620525,보라매동,24660
2022,4,관악구,11620,11620745,삼성동,20642
2022,4,관악구,11620,11620665,서림동,24361
2022,4,관악구,11620,11620645,서원동,23511
2022,4,관악구,11620,11620565,성현동,28830
2022,4,관악구,11620,11620695,신림동,23877
2022,4,관악구,11620,11620685,신사동,24719
2022,4,관악구,11620,11620655,신원동,18620
2022,4,관악구,11620,11620605,은천동,33156
2022,4,관악구,11620,11620625,인헌동,26119
2022,4,관악구,11620,11620725,조원동,20490
2022,4,관악구,11620,11620615,중앙동,15685
2022,4,관악구,11620,11620595,청룡동,37132
2022,4,관악구,11620,11620545,청림동,15005
2022,4,관악구,11620,11620575,행운동,29636
2022,4,서초구,11650,11650660,내곡동,17455
2022,4,서초구,11650,11650560,반포1동,34443
2022,4,서초구,11650,11650570,반포2동,15742
2022,4,서초구,11650,11650580,반포3동,22773
2022,4,서초구,11650,11650581,반포4동,19486
2022,4,서초구,11650,11650550,반포본동,292
2022,4,서초구,11650,11650600,방배1동,16883
2022,4,서초구,11650,11650610,방배2동,18553
2022,4,서초구,11650,11650620,방배3동,17321
2022,4,서초구,11650,11650621,방배4동,23429
2022,4,서초구,11650,11650590,방배본동,20778
2022,4,서초구,11650,11650510,서초1동,20622
2022,4,서초구,11650,11650520,서초2동,26932
2022,4,서초구,11650,11650530,서초3동,32379
2022,4,서초구,11650,11650531,서초4동,30521
2022,4,서초구,11650,11650651,양재1동,42683
2022,4,서초구,11650,11650652,양재2동,21766
2022,4,서초구,11650,11650540,잠원동,26393
2022,4,강남구,11680,11680660,개포1동,6922
2022,4,강남구,11680,11680670,개포2동,29032
2022,4,강남구,11680,11680690,개포4동,23639
2022,4,강남구,11680,11680521,논현1동,22080
2022,4,강남구,11680,11680531,논현2동,20814
2022,4,강남구,11680,11680600,대치1동,23846
2022,4,강남구,11680,11680610,대치2동,37098
2022,4,강남구,11680,11680630,대치4동,19491
2022,4,강남구,11680,11680655,도곡1동,21274
2022,4,강남구,11680,11680656,도곡2동,32846
2022,4,강남구,11680,11680580,삼성1동,12739
2022,4,강남구,11680,11680590,삼성2동,31062
2022,4,강남구,11680,11680700,세곡동,43382
2022,4,강남구,11680,11680750,수서동,14402
2022,4,강남구,11680,11680510,신사동,15876
2022,4,강남구,11680,11680545,압구정동,25902
2022,4,강남구,11680,11680640,역삼1동,35556
2022,4,강남구,11680,11680650,역삼2동,37269
2022,4,강남구,11680,11680730,일원1동,14987
2022,4,강남구,11680,11680740,일원2동,17382
2022,4,강남구,11680,11680720,일원본동,23015
2022,4,강남구,11680,11680565,청담동,25489
2022,4,송파구,11710,11710631,가락1동,27521
2022,4,송파구,11710,11710632,가락2동,31670
2022,4,송파구,11710,11710620,가락본동,25883
2022,4,송파구,11710,11710531,거여1동,12255
2022,4,송파구,11710,11710532,거여2동,23745
2022,4,송파구,11710,11710540,마천1동,18618
2022,4,송파구,11710,11710550,마천2동,18150
2022,4,송파구,11710,11710641,문정1동,19916
2022,4,송파구,11710,11710642,문정2동,28841
2022,4,송파구,11710,11710561,방이1동,15460
2022,4,송파구,11710,11710562,방이2동,26354
2022,4,송파구,11710,11710610,삼전동,29912
2022,4,송파구,11710,11710600,석촌동,31602
2022,4,송파구,11710,11710580,송파1동,24008
2022,4,송파구,11710,11710590,송파2동,18947
2022,4,송파구,11710,11710570,오금동,38037
2022,4,송파구,11710,11710566,오륜동,17804
2022,4,송파구,11710,11710647,위례동,44613
2022,4,송파구,11710,11710670,잠실2동,34876
2022,4,송파구,11710,11710680,잠실3동,34143
2022,4,송파구,11710,11710690,잠실4동,21223
2022,4,송파구,11710,11710710,잠실6동,16713
2022,4,송파구,11710,11710720,잠실7동,9427
2022,4,송파구,11710,11710650,잠실본동,28358
2022,4,송파구,11710,11710646,장지동,29102
2022,4,송파구,11710,11710510,풍납1동,12910
2022,4,송파구,11710,11710520,풍납2동,24426
2022,4,강동구,11740,11740515,강일동,33057
2022,4,강동구,11740,11740550,고덕1동,23919
2022,4,강동구,11740,11740560,고덕2동,22764
2022,4,강동구,11740,11740685,길동,45374
2022,4,강동구,11740,11740700,둔촌2동,24277
2022,4,강동구,11740,11740530,명일1동,25641
2022,4,강동구,11740,11740540,명일2동,17327
2022,4,강동구,11740,11740520,상일동,51111
2022,4,강동구,11740,11740640,성내1동,19900
2022,4,강동구,11740,11740650,성내2동,23528
2022,4,강동구,11740,11740660,성내3동,23071
2022,4,강동구,11740,11740570,암사1동,34271
2022,4,강동구,11740,11740580,암사2동,15069
2022,4,강동구,11740,11740590,암사3동,17481
2022,4,강동구,11740,11740600,천호1동,26670
2022,4,강동구,11740,11740610,천호2동,33825
2022,4,강동구,11740,11740620,천호3동,26679
2023,1,종로구,11110,11110600,가회동,4084
2023,1,종로구,11110,11110580,교남동,9925
2023,1,종로구,11110,11110570,무악동,8045
2023,1,종로구,11110,11110550,부암동,9460
2023,1,종로구,11110,11110530,사직동,9371
2023,1,종로구,11110,11110540,삼청동,2616
2023,1,종로구,11110,11110700,숭인1동,6069
2023,1,종로구,11110,11110710,숭인2동,10557
2023,1,종로구,11110,11110640,이화동,7651
2023,1,종로구,11110,11110615,종로1234가동,8711
2023,1,종로구,11110,11110630,종로56가동,5896
2023,1,종로구,11110,11110670,창신1동,5400
2023,1,종로구,11110,11110680,창신2동,8760
2023,1,종로구,11110,11110690,창신3동,6590
2023,1,종로구,11110,11110515,청운효자동,11764
2023,1,종로구,11110,11110560,평창동,17743
2023,1,종로구,11110,11110650,혜화동,19570
2023,1,중구,11140,11140590,광희동,7013
2023,1,중구,11140,11140625,다산동,13926
2023,1,중구,11140,11140665,동화동,10184
2023,1,중구,11140,11140550,명동,3600
2023,1,중구,11140,11140520,소공동,3558
2023,1,중구,11140,11140650,신당5동,10472
2023,1,중구,11140,11140615,신당동,9072
2023,1,중구,11140,11140635,약수동,16533
2023,1,중구,11140,11140605,을지로동,2260
2023,1,중구,11140,11140580,장충동,5384
2023,1,중구,11140,11140680,중림동,12296
2023,1,중구,11140,11140645,청구동,13395
2023,1,중구,11140,11140570,필동,4845
2023,1,중구,11140,11140670,황학동,13693
2023,1,중구,11140,11140540,회현동,5159
2023,1,용산구,11170,11170530,남영동,7552
2023,1,용산구,11170,11170700,보광동,13961
2023,1,용산구,11170,11170690,서빙고동,13424
2023,1,용산구,11170,11170590,용문동,11613
2023,1,용산구,11170,11170520,용산2가동,10316
2023,1,용산구,11170,11170560,원효로1동,17781
2023,1,용산구,11170,11170570,원효로2동,13779
2023,1,용산구,11170,11170630,이촌1동,25567
2023,1,용산구,11170,11170640,이촌2동,8036
2023,1,용산구,11170,11170650,이태원1동,7965
2023,1,용산구,11170,11170660,이태원2동,10380
2023,1,용산구,11170,11170555,청파동,19856
2023,1,용산구,11170,11170625,한강로동,22769
2023,1,용산구,11170,11170685,한남동,21841
2023,1,용산구,11170,11170580,효창동,10902
2023,1,용산구,11170,11170510,후암동,16740
2023,1,성동구,11200,11200590,금호1가동,15065
2023,1,성동구,11200,11200615,금호23가동,22337
2023,1,성동구,11200,11200620,금호4가동,14351
2023,1,성동구,11200,11200540,마장동,22598
2023,1,성동구,11200,11200550,사근동,14020
2023,1,성동구,11200,11200650,성수1가1동,15996
2023,1,성동구,11200,11200660,성수1가2동,12333
2023,1,성동구,11200,11200670,성수2가1동,15495
2023,1,성동구,11200,11200690,성수2가3동,10501
2023,1,성동구,11200,11200720,송정동,10398
2023,1,성동구,11200,11200645,옥수동,25809
2023,1,성동구,11200,11200520,왕십리2동,16651
2023,1,성동구,11200,11200535,왕십리도선동,26879
2023,1,성동구,11200,11200790,용답동,12680
2023,1,성동구,11200,11200580,응봉동,15007
2023,1,성동구,11200,11200560,행당1동,14041
2023,1,성동구,11200,11200570,행당2동,23079
2023,1,광진구,11215,11215810,광장동,34245
2023,1,광진구,11215,11215850,구의1동,24096
2023,1,광진구,11215,11215860,구의2동,26403
2023,1,광진구,11215,11215870,구의3동,28404
2023,1,광진구,11215,11215730,군자동,21410
2023,1,광진구,11215,11215780,능동,11522
2023,1,광진구,11215,11215820,자양1동,22854
2023,1,광진구,11215,11215830,자양2동,24110
2023,1,광진구,11215,11215840,자양3동,27769
2023,1,광진구,11215,11215847,자양4동,21362
2023,1,광진구,11215,11215740,중곡1동,15837
2023,1,광진구,11215,11215750,중곡2동,21197
2023,1,광진구,11215,11215760,중곡3동,16153
2023,1,광진구,11215,11215770,중곡4동,28229
2023,1,광진구,11215,11215710,화양동,27334
2023,1,동대문구,11230,11230600,답십리1동,28476
2023,1,동대문구,11230,11230610,답십리2동,27955
2023,1,동대문구,11230,11230536,용신동,36842
2023,1,동대문구,11230,11230740,이문1동,21266
2023,1,동대문구,11230,11230750,이문2동,20075
2023,1,동대문구,11230,11230650,장안1동,38611
2023,1,동대문구,11230,11230660,장안2동,32672
2023,1,동대문구,11230,11230560,전농1동,29353
2023,1,동대문구,11230,11230570,전농2동,18656
2023,1,동대문구,11230,11230545,제기동,26468
2023,1,동대문구,11230,11230705,청량리동,19102
2023,1,동대문구,11230,11230710,회기동,13678
2023,1,동대문구,11230,11230720,휘경1동,16340
2023,1,동대문구,11230,11230730,휘경2동,25390
2023,1,중랑구,11260,11260660,망우3동,16243
2023,1,중랑구,11260,11260655,망우본동,36008
2023,1,중랑구,11260,11260520,면목2동,24155
2023,1,중랑구,11260,11260575,면목38동,25058
2023,1,중랑구,11260,11260540,면목4동,18645
2023,1,중랑구,11260,11260550,면목5동,14793
2023,1,중랑구,11260,11260570,면목7동,21774
2023,1,중랑구,11260,11260565,면목본동,33752
2023,1,중랑구,11260,11260620,묵1동,34217
2023,1,중랑구,11260,11260630,묵2동,18653
2023,1,중랑구,11260,11260580,상봉1동,23555
2023,1,중랑구,11260,11260590,상봉2동,20615
2023,1,중랑구,11260,11260680,신내1동,38419
2023,1,중랑구,11260,11260690,신내2동,20036
2023,1,중랑구,11260,11260600,중화1동,19232
2023,1,중랑구,11260,11260610,중화2동,24773
2023,1,성북구,11290,11290660,길음1동,34896
2023,1,성북구,11290,11290685,길음2동,21822
2023,1,성북구,11290,11290580,돈암1동,14489
2023,1,성북구,11290,11290590,돈암2동,23565
2023,1,성북구,11290,11290575,동선동,15954
2023,1,성북구,11290,11290610,보문동,16719
2023,1,성북구,11290,11290555,삼선동,23101
2023,1,성북구,11290,11290810,석관동,35250
2023,1,성북구,11290,11290525,성북동,16809
2023,1,성북구,11290,11290600,안암동,17248
2023,1,성북구,11290,11290715,월곡1동,26152
2023,1,성북구,11290,11290725,월곡2동,19785
2023,1,성북구,11290,11290760,장위1동,24006
2023,1,성북구,11290,11290770,장위2동,13595
2023,1,성북구,11290,11290780,장위3동,15920
2023,1,성북구,11290,11290620,정릉1동,18121
2023,1,성북구,11290,11290630,정릉2동,22893
2023,1,성북구,11290,11290640,정릉3동,16638
2023,1,성북구,11290,11290650,정릉4동,24842
2023,1,성북구,11290,11290705,종암동,40050
2023,1,강북구,11305,11305535,미아동,21692
2023,1,강북구,11305,11305595,번1동,18592
2023,1,강북구,11305,11305603,번2동,15295
2023,1,강북구,11305,11305608,번3동,16315
2023,1,강북구,11305,11305575,삼각산동,30887
2023,1,강북구,11305,11305534,삼양동,23011
2023,1,강북구,11305,11305545,송중동,29774
2023,1,강북구,11305,11305555,송천동,25875
2023,1,강북구,11305,11305615,수유1동,20491
2023,1,강북구,11305,11305625,수유2동,20986
2023,1,강북구,11305,11305635,수유3동,23882
2023,1,강북구,11305,11305645,우이동,20318
2023,1,강북구,11305,11305660,인수동,29816
2023,1,도봉구,11320,11320521,도봉1동,20541
2023,1,도봉구,11320,11320522,도봉2동,26212
2023,1,도봉구,11320,11320690,방학1동,28345
2023,1,도봉구,11320,11320700,방학2동,19185
2023,1,도봉구,11320,11320710,방학3동,26471
2023,1,도봉구,11320,11320660,쌍문1동,21421
2023,1,도봉구,11320,11320670,쌍문2동,18387
2023,1,도봉구,11320,11320680,쌍문3동,16902
2023,1,도봉구,11320,11320681,쌍문4동,18317
2023,1,도봉구,11320,11320511,창1동,24417
2023,1,도봉구,11320,11320512,창2동,28832
2023,1,도봉구,11320,11320513,창3동,13528
2023,1,도봉구,11320,11320514,창4동,26038
2023,1,도봉구,11320,11320515,창5동,24262
2023,1,노원구,11350,11350595,공릉1동,37145
2023,1,노원구,11350,11350600,공릉2동,42672
2023,1,노원구,11350,11350720,상계10동,18374
2023,1,노원구,11350,11350630,상계1동,37724
2023,1,노원구,11350,11350640,상계2동,19623
2023,1,노원구,11350,11350665,상계34동,25187
2023,1,노원구,11350,11350670,상계5동,23568
2023,1,노원구,11350,11350695,상계67동,32036
2023,1,노원구,11350,11350700,상계8동,22225
2023,1,노원구,11350,11350710,상계9동,19969
2023,1,노원구,11350,11350560,월계1동,21535
2023,1,노원구,11350,11350570,월계2동,26060
2023,1,노원구,11350,11350580,월계3동,29193
2023,1,노원구,11350,11350621,중계1동,26504
2023,1,노원구,11350,11350625,중계23동,33274
2023,1,노원구,11350,11350624,중계4동,19522
2023,1,노원구,11350,11350619,중계본동,23314
2023,1,노원구,11350,11350611,하계1동,27539
2023,1,노원구,11350,11350612,하계2동,21525
2023,1,은평구,11380,11380551,갈현1동,15401
2023,1,은평구,11380,11380552,갈현2동,28106
2023,1,은평구,11380,11380560,구산동,31967
2023,1,은평구,11380,11380510,녹번동,36747
2023,1,은평구,11380,11380570,대조동,27657
2023,1,은평구,11380,11380520,불광1동,38105
2023,1,은평구,11380,11380530,불광2동,27331
2023,1,은평구,11380,11380650,수색동,13195
2023,1,은평구,11380,11380631,신사1동,26945
2023,1,은평구,11380,11380632,신사2동,19369
2023,1,은평구,11380,11380625,역촌동,44894
2023,1,은평구,11380,11380580,응암1동,33266
2023,1,은평구,11380,11380590,응암2동,27917
2023,1,은평구,11380,11380600,응암3동,24145
2023,1,은평구,11380,11380640,증산동,18678
2023,1,은평구,11380,11380690,진관동,55043
2023,1,서대문구,11410,11410690,남가좌1동,16968
2023,1,서대문구,11410,11410700,남가좌2동,30589
2023,1,서대문구,11410,11410710,북가좌1동,17815
2023,1,서대문구,11410,11410720,북가좌2동,31228
2023,1,서대문구,11410,11410555,북아현동,15833
2023,1,서대문구,11410,11410585,신촌동,26455
2023,1,서대문구,11410,11410615,연희동,37417
2023,1,서대문구,11410,11410520,천연동,16895
2023,1,서대문구,11410,11410565,충현동,20279
2023,1,서대문구,11410,11410660,홍은1동,22659
2023,1,서대문구,11410,11410685,홍은2동,29474
2023,1,서대문구,11410,11410620,홍제1동,25072
2023,1,서대문구,11410,11410655,홍제2동,13388
2023,1,서대문구,11410,11410640,홍제3동,17894
2023,1,마포구,11440,11440565,공덕동,37393
2023,1,마포구,11440,11440600,대흥동,16154
2023,1,마포구,11440,11440585,도화동,21005
2023,1,마포구,11440,11440690,망원1동,19684
2023,1,마포구,11440,11440700,망원2동,18378
2023,1,마포구,11440,11440740,상암동,30679
2023,1,마포구,11440,11440655,서강동,25535
2023,1,마포구,11440,11440660,서교동,26653
2023,1,마포구,11440,11440720,성산1동,19003
2023,1,마포구,11440,11440730,성산2동,39416
2023,1,마포구,11440,11440630,신수동,22585
2023,1,마포구,11440,11440555,아현동,28244
2023,1,마포구,11440,11440710,연남동,15481
2023,1,마포구,11440,11440610,염리동,17695
2023,1,마포구,11440,11440590,용강동,21682
2023,1,마포구,11440,11440680,합정동,16955
2023,1,양천구,11470,11470510,목1동,30432
2023,1,양천구,11470,11470520,목2동,29430
2023,1,양천구,11470,11470530,목3동,21587
2023,1,양천구,11470,11470540,목4동,24810
2023,1,양천구,11470,11470550,목5동,40673
2023,1,양천구,11470,11470560,신월1동,20207
2023,1,양천구,11470,11470570,신월2동,20523
2023,1,양천구,11470,11470580,신월3동,14839
2023,1,양천구,11470,11470590,신월4동,17666
2023,1,양천구,11470,11470600,신월5동,14381
2023,1,양천구,11470,11470610,신월6동,13934
2023,1,양천구,11470,11470611,신월7동,19014
2023,1,양천구,11470,11470620,신정1동,19915
2023,1,양천구,11470,11470630,신정2동,18928
2023,1,양천구,11470,11470640,신정3동,50568
2023,1,양천구,11470,11470650,신정4동,32908
2023,1,양천구,11470,11470670,신정6동,24028
2023,1,양천구,11470,11470680,신정7동,28502
2023,1,강서구,11500,11500603,가양1동,34370
2023,1,강서구,11500,11500604,가양2동,13847
2023,1,강서구,11500,11500605,가양3동,14560
2023,1,강서구,11500,11500620,공항동,30724
2023,1,강서구,11500,11500520,등촌1동,24996
2023,1,강서구,11500,11500530,등촌2동,19739
2023,1,강서구,11500,11500535,등촌3동,29813
2023,1,강서구,11500,11500611,발산1동,36212
2023,1,강서구,11500,11500630,방화1동,42746
2023,1,강서구,11500,11500640,방화2동,23251
2023,1,강서구,11500,11500641,방화3동,22445
2023,1,강서구,11500,11500510,염창동,41511
2023,1,강서구,11500,11500615,우장산동,43725
2023,1,강서구,11500,11500540,화곡1동,52730
2023,1,강서구,11500,11500550,화곡2동,17698
2023,1,강서구,11500,11500560,화곡3동,21489
2023,1,강서구,11500,11500570,화곡4동,20327
2023,1,강서구,11500,11500591,화곡6동,25270
2023,1,강서구,11500,11500593,화곡8동,24308
2023,1,강서구,11500,11500590,화곡본동,33950
2023,1,구로구,11530,11530595,가리봉동,12662
2023,1,구로구,11530,11530740,개봉1동,34139
2023,1,구로구,11530,11530750,개봉2동,30511
2023,1,구로구,11530,11530760,개봉3동,20216
2023,1,구로구,11530,11530720,고척1동,26193
2023,1,구로구,11530,11530730,고척2동,26504
2023,1,구로구,11530,11530520,구로1동,20816
2023,1,구로구,11530,11530530,구로2동,29633
2023,1,구로구,11530,11530540,구로3동,25017
2023,1,구로구,11530,11530550,구로4동,22922
2023,1,구로구,11530,11530560,구로5동,31829
2023,1,구로구,11530,11530790,수궁동,23229
2023,1,구로구,11530,11530510,신도림동,36081
2023,1,구로구,11530,11530770,오류1동,23241
2023,1,구로구,11530,11530780,오류2동,38416
2023,1,구로구,11530,11530800,항동,16574
2023,1,금천구,11545,11545510,가산동,26631
2023,1,금천구,11545,11545610,독산1동,47919
2023,1,금천구,11545,11545620,독산2동,19428
2023,1,금천구,11545,11545630,독산3동,27140
2023,1,금천구,11545,11545640,독산4동,16391
2023,1,금천구,11545,11545670,시흥1동,33929
2023,1,금천구,11545,11545680,시흥2동,20775
2023,1,금천구,11545,11545690,시흥3동,10599
2023,1,금천구,11545,11545700,시흥4동,20504
2023,1,금천구,11545,11545710,시흥5동,19151
2023,1,영등포구,11560,11560550,당산1동,21178
2023,1,영등포구,11560,11560560,당산2동,37175
2023,1,영등포구,11560,11560700,대림1동,16368
2023,1,영등포구,11560,11560710,대림2동,17582
2023,1,영등포구,11560,11560720,대림3동,25234
2023,1,영등포구,11560,11560585,도림동,19648
2023,1,영등포구,11560,11560605,문래동,32479
2023,1,영등포구,11560,11560630,신길1동,20734
2023,1,영등포구,11560,11560650,신길3동,17235
2023,1,영등포구,11560,11560660,신길4동,13052
2023,1,영등포구,11560,11560670,신길5동,11133
2023,1,영등포구,11560,11560680,신길6동,19471
2023,1,영등포구,11560,11560690,신길7동,19967
2023,1,영등포구,11560,11560610,양평1동,18620
2023,1,영등포구,11560,11560620,양평2동,22620
2023,1,영등포구,11560,11560540,여의동,32869
2023,1,영등포구,11560,11560535,영등포동,30980
2023,1,영등포구,11560,11560515,영등포본동,22654
2023,1,동작구,11590,11590510,노량진1동,32335
2023,1,동작구,11590,11590520,노량진2동,11265
2023,1,동작구,11590,11590660,대방동,36348
2023,1,동작구,11590,11590620,사당1동,23030
2023,1,동작구,11590,11590630,사당2동,28689
2023,1,동작구,11590,11590640,사당3동,24118
2023,1,동작구,11590,11590650,사당4동,14130
2023,1,동작구,11590,11590651,사당5동,14395
2023,1,동작구,11590,11590530,상도1동,46469
2023,1,동작구,11590,11590540,상도2동,28000
2023,1,동작구,11590,11590550,상도3동,24535
2023,1,동작구,11590,11590560,상도4동,28510
2023,1,동작구,11590,11590670,신대방1동,25121
2023,1,동작구,11590,11590680,신대방2동,22412
2023,1,동작구,11590,11590605,흑석동,31020
2023,1,관악구,11620,11620585,낙성대동,17990
2023,1,관악구,11620,11620775,난곡동,26411
2023,1,관악구,11620,11620715,난향동,14997
2023,1,관악구,11620,11620630,남현동,18135
2023,1,관악구,11620,11620735,대학동,26871
2023,1,관악구,11620,11620765,미성동,30515
2023,1,관악구,11620,11620525,보라매동,24667
2023,1,관악구,11620,11620745,삼성동,20520
2023,1,관악구,11620,11620665,서림동,24549
2023,1,관악구,11620,11620645,서원동,23668
2023,1,관악구,11620,11620565,성현동,28741
2023,1,관악구,11620,11620695,신림동,24176
2023,1,관악구,11620,11620685,신사동,24760
2023,1,관악구,11620,11620655,신원동,18691
2023,1,관악구,11620,11620605,은천동,33181
2023,1,관악구,11620,11620625,인헌동,26131
2023,1,관악구,11620,11620725,조원동,20895
2023,1,관악구,11620,11620615,중앙동,15787
2023,1,관악구,11620,11620595,청룡동,37252
2023,1,관악구,11620,11620545,청림동,15025
2023,1,관악구,11620,11620575,행운동,29666
2023,1,서초구,11650,11650660,내곡동,17365
2023,1,서초구,11650,11650560,반포1동,34547
2023,1,서초구,11650,11650570,반포2동,15749
2023,1,서초구,11650,11650580,반포3동,23784
2023,1,서초구,11650,11650581,반포4동,19448
2023,1,서초구,11650,11650550,반포본동,283
2023,1,서초구,11650,11650600,방배1동,16830
2023,1,서초구,11650,11650610,방배2동,18436
2023,1,서초구,11650,11650620,방배3동,17194
2023,1,서초구,11650,11650621,방배4동,23339
2023,1,서초구,11650,11650590,방배본동,20711
2023,1,서초구,11650,11650510,서초1동,20496
2023,1,서초구,11650,11650520,서초2동,27047
2023,1,서초구,11650,11650530,서초3동,32418
2023,1,서초구,11650,11650531,서초4동,30550
2023,1,서초구,11650,11650651,양재1동,42671
2023,1,서초구,11650,11650652,양재2동,21713
2023,1,서초구,11650,11650540,잠원동,26398
2023,1,강남구,11680,11680660,개포1동,6912
2023,1,강남구,11680,11680670,개포2동,34192
2023,1,강남구,11680,11680690,개포4동,23614
2023,1,강남구,11680,11680521,논현1동,22023
2023,1,강남구,11680,11680531,논현2동,20811
2023,1,강남구,11680,11680600,대치1동,23805
2023,1,강남구,11680,11680610,대치2동,37038
2023,1,강남구,11680,11680630,대치4동,19237
2023,1,강남구,11680,11680655,도곡1동,20914
2023,1,강남구,11680,11680656,도곡2동,32768
2023,1,강남구,11680,11680580,삼성1동,12662
2023,1,강남구,11680,11680590,삼성2동,30928
2023,1,강남구,11680,11680700,세곡동,43960
2023,1,강남구,11680,11680750,수서동,14263
2023,1,강남구,11680,11680510,신사동,15787
2023,1,강남구,11680,11680545,압구정동,25805
2023,1,강남구,11680,11680640,역삼1동,35409
2023,1,강남구,11680,11680650,역삼2동,37321
2023,1,강남구,11680,11680730,일원1동,14884
2023,1,강남구,11680,11680740,일원2동,17186
2023,1,강남구,11680,11680720,일원본동,22906
2023,1,강남구,11680,11680565,청담동,25392
2023,1,송파구,11710,11710631,가락1동,27611
2023,1,송파구,11710,11710632,가락2동,31573
2023,1,송파구,11710,11710620,가락본동,25788
2023,1,송파구,11710,11710531,거여1동,12260
2023,1,송파구,11710,11710532,거여2동,23746
2023,1,송파구,11710,11710540,마천1동,18528
2023,1,송파구,11710,11710550,마천2동,18089
2023,1,송파구,11710,11710641,문정1동,19791
2023,1,송파구,11710,11710642,문정2동,28891
2023,1,송파구,11710,11710561,방이1동,15338
2023,1,송파구,11710,11710562,방이2동,26511
2023,1,송파구,11710,11710610,삼전동,29726
2023,1,송파구,11710,11710600,석촌동,31603
2023,1,송파구,11710,11710580,송파1동,23875
2023,1,송파구,11710,11710590,송파2동,18931
2023,1,송파구,11710,11710570,오금동,37957
2023,1,송파구,11710,11710566,오륜동,17769
2023,1,송파구,11710,11710647,위례동,44706
2023,1,송파구,11710,11710670,잠실2동,35000
2023,1,송파구,11710,11710680,잠실3동,34134
2023,1,송파구,11710,11710690,잠실4동,21243
2023,1,송파구,11710,11710710,잠실6동,16666
2023,1,송파구,11710,11710720,잠실7동,9434
2023,1,송파구,11710,11710650,잠실본동,28383
2023,1,송파구,11710,11710646,장지동,29053
2023,1,송파구,11710,11710510,풍납1동,12772
2023,1,송파구,11710,11710520,풍납2동,24326
2023,1,강동구,11740,11740515,강일동,33082
2023,1,강동구,11740,11740550,고덕1동,23937
2023,1,강동구,11740,11740560,고덕2동,22904
2023,1,강동구,11740,11740685,길동,45225
2023,1,강동구,11740,11740700,둔촌2동,24212
2023,1,강동구,11740,11740530,명일1동,25572
2023,1,강동구,11740,11740540,명일2동,17306
2023,1,강동구,11740,11740520,상일동,51453
2023,1,강동구,11740,11740640,성내1동,19775
2023,1,강동구,11740,11740650,성내2동,23414
2023,1,강동구,11740,11740660,성내3동,22984
2023,1,강동구,11740,11740570,암사1동,34324
2023,1,강동구,11740,11740580,암사2동,15035
2023,1,강동구,11740,11740590,암사3동,17506
2023,1,강동구,11740,11740600,천호1동,26623
2023,1,강동구,11740,11740610,천호2동,33836
2023,1,강동구,11740,11740620,천호3동,26765
2023,2,종로구,11110,11110600,가회동,4031
2023,2,종로구,11110,11110580,교남동,9916
2023,2,종로구,11110,11110570,무악동,8015
2023,2,종로구,11110,11110550,부암동,9377
2023,2,종로구,11110,11110530,사직동,9362
2023,2,종로구,11110,11110540,삼청동,2576
2023,2,종로구,11110,11110700,숭인1동,6064
2023,2,종로구,11110,11110710,숭인2동,10541
2023,2,종로구,11110,11110640,이화동,7601
2023,2,종로구,11110,11110615,종로1234가동,8582
2023,2,종로구,11110,11110630,종로56가동,5921
2023,2,종로구,11110,11110670,창신1동,5401
2023,2,종로구,11110,11110680,창신2동,8684
2023,2,종로구,11110,11110690,창신3동,6574
2023,2,종로구,11110,11110515,청운효자동,11700
2023,2,종로구,11110,11110560,평창동,17658
2023,2,종로구,11110,11110650,혜화동,19346
2023,2,중구,11140,11140590,광희동,7113
2023,2,중구,11140,11140625,다산동,13886
2023,2,중구,11140,11140665,동화동,10188
2023,2,중구,11140,11140550,명동,3610
2023,2,중구,11140,11140520,소공동,3559
2023,2,중구,11140,11140650,신당5동,10438
2023,2,중구,11140,11140615,신당동,9007
2023,2,중구,11140,11140635,약수동,16512
2023,2,중구,11140,11140605,을지로동,2906
2023,2,중구,11140,11140580,장충동,5423
2023,2,중구,11140,11140680,중림동,12269
2023,2,중구,11140,11140645,청구동,13361
2023,2,중구,11140,11140570,필동,4905
2023,2,중구,11140,11140670,황학동,13711
2023,2,중구,11140,11140540,회현동,5166
2023,2,용산구,11170,11170530,남영동,7465
2023,2,용산구,11170,11170700,보광동,13840
2023,2,용산구,11170,11170690,서빙고동,13430
2023,2,용산구,11170,11170590,용문동,11571
2023,2,용산구,11170,11170520,용산2가동,10262
2023,2,용산구,11170,11170560,원효로1동,17851
2023,2,용산구,11170,11170570,원효로2동,13826
2023,2,용산구,11170,11170630,이촌1동,25604
2023,2,용산구,11170,11170640,이촌2동,8036
2023,2,용산구,11170,11170650,이태원1동,7990
2023,2,용산구,11170,11170660,이태원2동,10326
2023,2,용산구,11170,11170555,청파동,19800
2023,2,용산구,11170,11170625,한강로동,22839
2023,2,용산구,11170,11170685,한남동,21696
2023,2,용산구,11170,11170580,효창동,10895
2023,2,용산구,11170,11170510,후암동,16638
2023,2,성동구,11200,11200590,금호1가동,15024
2023,2,성동구,11200,11200615,금호23가동,22219
2023,2,성동구,11200,11200620,금호4가동,14405
2023,2,성동구,11200,11200540,마장동,22517
2023,2,성동구,11200,11200550,사근동,14080
2023,2,성동구,11200,11200650,성수1가1동,15895
2023,2,성동구,11200,11200660,성수1가2동,12274
2023,2,성동구,11200,11200670,성수2가1동,15321
2023,2,성동구,11200,11200690,성수2가3동,10447
2023,2,성동구,11200,11200720,송정동,10302
2023,2,성동구,11200,11200645,옥수동,25693
2023,2,성동구,11200,11200520,왕십리2동,16572
2023,2,성동구,11200,11200535,왕십리도선동,26903
2023,2,성동구,11200,11200790,용답동,12821
2023,2,성동구,11200,11200580,응봉동,15014
2023,2,성동구,11200,11200560,행당1동,13994
2023,2,성동구,11200,11200570,행당2동,23083
2023,2,광진구,11215,11215810,광장동,34237
2023,2,광진구,11215,11215850,구의1동,24075
2023,2,광진구,11215,11215860,구의2동,26410
2023,2,광진구,11215,11215870,구의3동,28281
2023,2,광진구,11215,11215730,군자동,21530
2023,2,광진구,11215,11215780,능동,11564
2023,2,광진구,11215,11215820,자양1동,22979
2023,2,광진구,11215,11215830,자양2동,24059
2023,2,광진구,11215,11215840,자양3동,27713
2023,2,광진구,11215,11215847,자양4동,21396
2023,2,광진구,11215,11215740,중곡1동,15766
2023,2,광진구,11215,11215750,중곡2동,21111
2023,2,광진구,11215,11215760,중곡3동,16119
2023,2,광진구,11215,11215770,중곡4동,28142
2023,2,광진구,11215,11215710,화양동,27438
2023,2,동대문구,11230,11230600,답십리1동,28434
2023,2,동대문구,11230,11230610,답십리2동,27918
2023,2,동대문구,11230,11230536,용신동,38161
2023,2,동대문구,11230,11230740,이문1동,21266
2023,2,동대문구,11230,11230750,이문2동,20026
2023,2,동대문구,11230,11230650,장안1동,38402
2023,2,동대문구,11230,11230660,장안2동,32768
2023,2,동대문구,11230,11230560,전농1동,29227
2023,2,동대문구,11230,11230570,전농2동,18540
2023,2,동대문구,11230,11230545,제기동,26306
2023,2,동대문구,11230,11230705,청량리동,19438
2023,2,동대문구,11230,11230710,회기동,13577
2023,2,동대문구,11230,11230720,휘경1동,16279
2023,2,동대문구,11230,11230730,휘경2동,25325
2023,2,중랑구,11260,11260660,망우3동,16219
2023,2,중랑구,11260,11260655,망우본동,36017
2023,2,중랑구,11260,11260520,면목2동,24153
2023,2,중랑구,11260,11260575,면목38동,25045
2023,2,중랑구,11260,11260540,면목4동,18645
2023,2,중랑구,11260,11260550,면목5동,14769
2023,2,중랑구,11260,11260570,면목7동,21732
2023,2,중랑구,11260,11260565,면목본동,33677
2023,2,중랑구,11260,11260620,묵1동,34094
2023,2,중랑구,11260,11260630,묵2동,18597
2023,2,중랑구,11260,11260580,상봉1동,23537
2023,2,중랑구,11260,11260590,상봉2동,20613
2023,2,중랑구,11260,11260680,신내1동,38472
2023,2,중랑구,11260,11260690,신내2동,19975
2023,2,중랑구,11260,11260600,중화1동,19128
2023,2,중랑구,11260,11260610,중화2동,24643
2023,2,성북구,11290,11290660,길음1동,34957
2023,2,성북구,11290,11290685,길음2동,22003
2023,2,성북구,11290,11290580,돈암1동,14463
2023,2,성북구,11290,11290590,돈암2동,23594
2023,2,성북구,11290,11290575,동선동,15884
2023,2,성북구,11290,11290610,보문동,16703
2023,2,성북구,11290,11290555,삼선동,23026
2023,2,성북구,11290,11290810,석관동,35108
2023,2,성북구,11290,11290525,성북동,16701
2023,2,성북구,11290,11290600,안암동,17178
2023,2,성북구,11290,11290715,월곡1동,26036
2023,2,성북구,11290,11290725,월곡2동,19693
2023,2,성북구,11290,11290760,장위1동,23936
2023,2,성북구,11290,11290770,장위2동,13518
2023,2,성북구,11290,11290780,장위3동,15915
2023,2,성북구,11290,11290620,정릉1동,18070
2023,2,성북구,11290,11290630,정릉2동,22940
2023,2,성북구,11290,11290640,정릉3동,16705
2023,2,성북구,11290,11290650,정릉4동,24731
2023,2,성북구,11290,11290705,종암동,39904
2023,2,강북구,11305,11305535,미아동,21655
2023,2,강북구,11305,11305595,번1동,18455
2023,2,강북구,11305,11305603,번2동,15188
2023,2,강북구,11305,11305608,번3동,16514
2023,2,강북구,11305,11305575,삼각산동,30866
2023,2,강북구,11305,11305534,삼양동,22887
2023,2,강북구,11305,11305545,송중동,29645
2023,2,강북구,11305,11305555,송천동,25610
2023,2,강북구,11305,11305615,수유1동,20360
2023,2,강북구,11305,11305625,수유2동,20931
2023,2,강북구,11305,11305635,수유3동,23781
2023,2,강북구,11305,11305645,우이동,20202
2023,2,강북구,11305,11305660,인수동,29679
2023,2,도봉구,11320,11320521,도봉1동,20397
2023,2,도봉구,11320,11320522,도봉2동,26151
2023,2,도봉구,11320,11320690,방학1동,28162
2023,2,도봉구,11320,11320700,방학2동,19026
2023,2,도봉구,11320,11320710,방학3동,26363
2023,2,도봉구,11320,11320660,쌍문1동,21292
2023,2,도봉구,11320,11320670,쌍문2동,18278
2023,2,도봉구,11320,11320680,쌍문3동,16792
2023,2,도봉구,11320,11320681,쌍문4동,18273
2023,2,도봉구,11320,11320511,창1동,24358
2023,2,도봉구,11320,11320512,창2동,28694
2023,2,도봉구,11320,11320513,창3동,13457
2023,2,도봉구,11320,11320514,창4동,26006
2023,2,도봉구,11320,11320515,창5동,24137
2023,2,노원구,11350,11350595,공릉1동,36967
2023,2,노원구,11350,11350600,공릉2동,42565
2023,2,노원구,11350,11350720,상계10동,18316
2023,2,노원구,11350,11350630,상계1동,37422
2023,2,노원구,11350,11350640,상계2동,19566
2023,2,노원구,11350,11350665,상계34동,25119
2023,2,노원구,11350,11350670,상계5동,23436
2023,2,노원구,11350,11350695,상계67동,31934
2023,2,노원구,11350,11350700,상계8동,22056
2023,2,노원구,11350,11350710,상계9동,19895
2023,2,노원구,11350,11350560,월계1동,21484
2023,2,노원구,11350,11350570,월계2동,25980
2023,2,노원구,11350,11350580,월계3동,29131
2023,2,노원구,11350,11350621,중계1동,26489
2023,2,노원구,11350,11350625,중계23동,33059
2023,2,노원구,11350,11350624,중계4동,19464
2023,2,노원구,11350,11350619,중계본동,23161
2023,2,노원구,11350,11350611,하계1동,27174
2023,2,노원구,11350,11350612,하계2동,21423
2023,2,은평구,11380,11380551,갈현1동,14993
2023,2,은평구,11380,11380552,갈현2동,27963
2023,2,은평구,11380,11380560,구산동,31861
2023,2,은평구,11380,11380510,녹번동,36715
2023,2,은평구,11380,11380570,대조동,27650
2023,2,은평구,11380,11380520,불광1동,37995
2023,2,은평구,11380,11380530,불광2동,27230
2023,2,은평구,11380,11380650,수색동,13319
2023,2,은평구,11380,11380631,신사1동,26889
2023,2,은평구,11380,11380632,신사2동,19333
2023,2,은평구,11380,11380625,역촌동,44690
2023,2,은평구,11380,11380580,응암1동,33232
2023,2,은평구,11380,11380590,응암2동,27885
2023,2,은평구,11380,11380600,응암3동,24019
2023,2,은평구,11380,11380640,증산동,18625
2023,2,은평구,11380,11380690,진관동,54896
2023,2,서대문구,11410,11410690,남가좌1동,16966
2023,2,서대문구,11410,11410700,남가좌2동,30497
2023,2,서대문구,11410,11410710,북가좌1동,17762
2023,2,서대문구,11410,11410720,북가좌2동,31167
2023,2,서대문구,11410,11410555,북아현동,15873
2023,2,서대문구,11410,11410585,신촌동,26477
2023,2,서대문구,11410,11410615,연희동,37259
2023,2,서대문구,11410,11410520,천연동,16892
2023,2,서대문구,11410,11410565,충현동,20242
2023,2,서대문구,11410,11410660,홍은1동,22639
2023,2,서대문구,11410,11410685,홍은2동,29559
2023,2,서대문구,11410,11410620,홍제1동,25120
2023,2,서대문구,11410,11410655,홍제2동,13335
2023,2,서대문구,11410,11410640,홍제3동,17938
2023,2,마포구,11440,11440565,공덕동,37388
2023,2,마포구,11440,11440600,대흥동,16147
2023,2,마포구,11440,11440585,도화동,20937
2023,2,마포구,11440,11440690,망원1동,19632
2023,2,마포구,11440,11440700,망원2동,18312
2023,2,마포구,11440,11440740,상암동,30650
2023,2,마포구,11440,11440655,서강동,25495
2023,2,마포구,11440,11440660,서교동,26522
2023,2,마포구,11440,11440720,성산1동,18991
2023,2,마포구,11440,11440730,성산2동,39285
2023,2,마포구,11440,11440630,신수동,22569
2023,2,마포구,11440,11440555,아현동,28692
2023,2,마포구,11440,11440710,연남동,15348
2023,2,마포구,11440,11440610,염리동,17715
2023,2,마포구,11440,11440590,용강동,21705
2023,2,마포구,11440,11440680,합정동,16897
2023,2,양천구,11470,11470510,목1동,30403
2023,2,양천구,11470,11470520,목2동,29255
2023,2,양천구,11470,11470530,목3동,21533
2023,2,양천구,11470,11470540,목4동,24801
2023,2,양천구,11470,11470550,목5동,40548
2023,2,양천구,11470,11470560,신월1동,20056
2023,2,양천구,11470,11470570,신월2동,21006
2023,2,양천구,11470,11470580,신월3동,14734
2023,2,양천구,11470,11470590,신월4동,17602
2023,2,양천구,11470,11470600,신월5동,14286
2023,2,양천구,11470,11470610,신월6동,13956
2023,2,양천구,11470,11470611,신월7동,18900
2023,2,양천구,11470,11470620,신정1동,19885
2023,2,양천구,11470,11470630,신정2동,18924
2023,2,양천구,11470,11470640,신정3동,50340
2023,2,양천구,11470,11470650,신정4동,32847
2023,2,양천구,11470,11470670,신정6동,23960
2023,2,양천구,11470,11470680,신정7동,28481
2023,2,강서구,11500,11500603,가양1동,34357
2023,2,강서구,11500,11500604,가양2동,13706
2023,2,강서구,11500,11500605,가양3동,14505
2023,2,강서구,11500,11500620,공항동,30550
2023,2,강서구,11500,11500520,등촌1동,25054
2023,2,강서구,11500,11500530,등촌2동,19636
2023,2,강서구,11500,11500535,등촌3동,29738
2023,2,강서구,11500,11500611,발산1동,36159
2023,2,강서구,11500,11500630,방화1동,42789
2023,2,강서구,11500,11500640,방화2동,23107
2023,2,강서구,11500,11500641,방화3동,22324
2023,2,강서구,11500,11500510,염창동,41521
2023,2,강서구,11500,11500615,우장산동,43962
2023,2,강서구,11500,11500540,화곡1동,52580
2023,2,강서구,11500,11500550,화곡2동,17617
2023,2,강서구,11500,11500560,화곡3동,21447
2023,2,강서구,11500,11500570,화곡4동,20233
2023,2,강서구,11500,11500591,화곡6동,25144
2023,2,강서구,11500,11500593,화곡8동,24172
2023,2,강서구,11500,11500590,화곡본동,33781
2023,2,구로구,11530,11530595,가리봉동,12623
2023,2,구로구,11530,11530740,개봉1동,34100
2023,2,구로구,11530,11530750,개봉2동,30572
2023,2,구로구,11530,11530760,개봉3동,20224
2023,2,구로구,11530,11530720,고척1동,26525
2023,2,구로구,11530,11530730,고척2동,26451
2023,2,구로구,11530,11530520,구로1동,20814
2023,2,구로구,11530,11530530,구로2동,29413
2023,2,구로구,11530,11530540,구로3동,25025
2023,2,구로구,11530,11530550,구로4동,22803
2023,2,구로구,11530,11530560,구로5동,31849
2023,2,구로구,11530,11530790,수궁동,23171
2023,2,구로구,11530,11530510,신도림동,36024
2023,2,구로구,11530,11530770,오류1동,23312
2023,2,구로구,11530,11530780,오류2동,38312
2023,2,구로구,11530,11530800,항동,16556
2023,2,금천구,11545,11545510,가산동,27043
2023,2,금천구,11545,11545610,독산1동,48046
2023,2,금천구,11545,11545620,독산2동,19400
2023,2,금천구,11545,11545630,독산3동,27135
2023,2,금천구,11545,11545640,독산4동,16350
2023,2,금천구,11545,11545670,시흥1동,33925
2023,2,금천구,11545,11545680,시흥2동,20751
2023,2,금천구,11545,11545690,시흥3동,10547
2023,2,금천구,11545,11545700,시흥4동,20390
2023,2,금천구,11545,11545710,시흥5동,18980
2023,2,영등포구,11560,11560550,당산1동,21301
2023,2,영등포구,11560,11560560,당산2동,37188
2023,2,영등포구,11560,11560700,대림1동,16371
2023,2,영등포구,11560,11560710,대림2동,17718
2023,2,영등포구,11560,11560720,대림3동,25135
2023,2,영등포구,11560,11560585,도림동,19665
2023,2,영등포구,11560,11560605,문래동,32385
2023,2,영등포구,11560,11560630,신길1동,20732
2023,2,영등포구,11560,11560650,신길3동,17194
2023,2,영등포구,11560,11560660,신길4동,13086
2023,2,영등포구,11560,11560670,신길5동,11078
2023,2,영등포구,11560,11560680,신길6동,18901
2023,2,영등포구,11560,11560690,신길7동,20032
2023,2,영등포구,11560,11560610,양평1동,18509
2023,2,영등포구,11560,11560620,양평2동,22702
2023,2,영등포구,11560,11560540,여의동,32989
2023,2,영등포구,11560,11560535,영등포동,31206
2023,2,영등포구,11560,11560515,영등포본동,22650
2023,2,동작구,11590,11590510,노량진1동,32573
2023,2,동작구,11590,11590520,노량진2동,11228
2023,2,동작구,11590,11590660,대방동,36107
2023,2,동작구,11590,11590620,사당1동,22989
2023,2,동작구,11590,11590630,사당2동,28662
2023,2,동작구,11590,11590640,사당3동,24141
2023,2,동작구,11590,11590650,사당4동,14044
2023,2,동작구,11590,11590651,사당5동,14355
2023,2,동작구,11590,11590530,상도1동,46414
2023,2,동작구,11590,11590540,상도2동,27953
2023,2,동작구,11590,11590550,상도3동,24462
2023,2,동작구,11590,11590560,상도4동,28401
2023,2,동작구,11590,11590670,신대방1동,25163
2023,2,동작구,11590,11590680,신대방2동,22387
2023,2,동작구,11590,11590605,흑석동,31964
2023,2,관악구,11620,11620585,낙성대동,18063
2023,2,관악구,11620,11620775,난곡동,26255
2023,2,관악구,11620,11620715,난향동,14991
2023,2,관악구,11620,11620630,남현동,18025
2023,2,관악구,11620,11620735,대학동,27160
2023,2,관악구,11620,11620765,미성동,30465
2023,2,관악구,11620,11620525,보라매동,24589
2023,2,관악구,11620,11620745,삼성동,20363
2023,2,관악구,11620,11620665,서림동,24644
2023,2,관악구,11620,11620645,서원동,23704
2023,2,관악구,11620,11620565,성현동,28666
2023,2,관악구,11620,11620695,신림동,24266
2023,2,관악구,11620,11620685,신사동,24810
2023,2,관악구,11620,11620655,신원동,18623
2023,2,관악구,11620,11620605,은천동,33149
2023,2,관악구,11620,11620625,인헌동,26103
2023,2,관악구,11620,11620725,조원동,20986
2023,2,관악구,11620,11620615,중앙동,15750
2023,2,관악구,11620,11620595,청룡동,37189
2023,2,관악구,11620,11620545,청림동,14987
2023,2,관악구,11620,11620575,행운동,29642
2023,2,서초구,11650,11650660,내곡동,17400
2023,2,서초구,11650,11650560,반포1동,34500
2023,2,서초구,11650,11650570,반포2동,15740
2023,2,서초구,11650,11650580,반포3동,23848
2023,2,서초구,11650,11650581,반포4동,19464
2023,2,서초구,11650,11650550,반포본동,282
2023,2,서초구,11650,11650600,방배1동,16789
2023,2,서초구,11650,11650610,방배2동,18314
2023,2,서초구,11650,11650620,방배3동,17177
2023,2,서초구,11650,11650621,방배4동,23194
2023,2,서초구,11650,11650590,방배본동,20646
2023,2,서초구,11650,11650510,서초1동,20506
2023,2,서초구,11650,11650520,서초2동,27253
2023,2,서초구,11650,11650530,서초3동,32382
2023,2,서초구,11650,11650531,서초4동,30560
2023,2,서초구,11650,11650651,양재1동,42582
2023,2,서초구,11650,11650652,양재2동,21646
2023,2,서초구,11650,11650540,잠원동,26470
2023,2,강남구,11680,11680660,개포1동,6891
2023,2,강남구,11680,11680670,개포2동,38873
2023,2,강남구,11680,11680690,개포4동,23570
2023,2,강남구,11680,11680521,논현1동,21954
2023,2,강남구,11680,11680531,논현2동,21003
2023,2,강남구,11680,11680600,대치1동,23829
2023,2,강남구,11680,11680610,대치2동,37180
2023,2,강남구,11680,11680630,대치4동,19131
2023,2,강남구,11680,11680655,도곡1동,20862
2023,2,강남구,11680,11680656,도곡2동,32662
2023,2,강남구,11680,11680580,삼성1동,12597
2023,2,강남구,11680,11680590,삼성2동,30724
2023,2,강남구,11680,11680700,세곡동,44386
2023,2,강남구,11680,11680750,수서동,14280
2023,2,강남구,11680,11680510,신사동,15799
2023,2,강남구,11680,11680545,압구정동,25779
2023,2,강남구,11680,11680640,역삼1동,35476
2023,2,강남구,11680,11680650,역삼2동,37261
2023,2,강남구,11680,11680730,일원1동,14784
2023,2,강남구,11680,11680740,일원2동,17133
2023,2,강남구,11680,11680720,일원본동,22850
2023,2,강남구,11680,11680565,청담동,25303
2023,2,송파구,11710,11710631,가락1동,27711
2023,2,송파구,11710,11710632,가락2동,31507
2023,2,송파구,11710,11710620,가락본동,25709
2023,2,송파구,11710,11710531,거여1동,12183
2023,2,송파구,11710,11710532,거여2동,23805
2023,2,송파구,11710,11710540,마천1동,18459
2023,2,송파구,11710,11710550,마천2동,17961
2023,2,송파구,11710,11710641,문정1동,19785
2023,2,송파구,11710,11710642,문정2동,28966
2023,2,송파구,11710,11710561,방이1동,15349
2023,2,송파구,11710,11710562,방이2동,26497
2023,2,송파구,11710,11710610,삼전동,29623
2023,2,송파구,11710,11710600,석촌동,31467
2023,2,송파구,11710,11710580,송파1동,23882
2023,2,송파구,11710,11710590,송파2동,18812
2023,2,송파구,11710,11710570,오금동,37838
2023,2,송파구,11710,11710566,오륜동,17814
2023,2,송파구,11710,11710647,위례동,44802
2023,2,송파구,11710,11710670,잠실2동,35034
2023,2,송파구,11710,11710680,잠실3동,34110
2023,2,송파구,11710,11710690,잠실4동,21293
2023,2,송파구,11710,11710710,잠실6동,16710
2023,2,송파구,11710,11710720,잠실7동,9433
2023,2,송파구,11710,11710650,잠실본동,28355
2023,2,송파구,11710,11710646,장지동,28943
2023,2,송파구,11710,11710510,풍납1동,12590
2023,2,송파구,11710,11710520,풍납2동,24234
2023,2,강동구,11740,11740515,강일동,32996
2023,2,강동구,11740,11740550,고덕1동,23981
2023,2,강동구,11740,11740560,고덕2동,22890
2023,2,강동구,11740,11740685,길동,45142
2023,2,강동구,11740,11740700,둔촌2동,24169
2023,2,강동구,11740,11740530,명일1동,25554
2023,2,강동구,11740,11740540,명일2동,17269
2023,2,강동구,11740,11740520,상일동,51383
2023,2,강동구,11740,11740640,성내1동,19734
2023,2,강동구,11740,11740650,성내2동,23303
2023,2,강동구,11740,11740660,성내3동,22882
2023,2,강동구,11740,11740570,암사1동,34311
2023,2,강동구,11740,11740580,암사2동,14959
2023,2,강동구,11740,11740590,암사3동,17440
2023,2,강동구,11740,11740600,천호1동,26470
2023,2,강동구,11740,11740610,천호2동,33718
2023,2,강동구,11740,11740620,천호3동,26734
2023,3,종로구,11110,11110600,가회동,3986
2023,3,종로구,11110,11110580,교남동,9870
2023,3,종로구,11110,11110570,무악동,8040
2023,3,종로구,11110,11110550,부암동,9443
2023,3,종로구,11110,11110530,사직동,9326
2023,3,종로구,11110,11110540,삼청동,2495
2023,3,종로구,11110,11110700,숭인1동,6102
2023,3,종로구,11110,11110710,숭인2동,10540
2023,3,종로구,11110,11110640,이화동,7566
2023,3,종로구,11110,11110615,종로1234가동,8648
2023,3,종로구,11110,11110630,종로56가동,5916
2023,3,종로구,11110,11110670,창신1동,5350
2023,3,종로구,11110,11110680,창신2동,8641
2023,3,종로구,11110,11110690,창신3동,6539
2023,3,종로구,11110,11110515,청운효자동,11539
2023,3,종로구,11110,11110560,평창동,17635
2023,3,종로구,11110,11110650,혜화동,19491
2023,3,중구,11140,11140590,광희동,7117
2023,3,중구,11140,11140625,다산동,13809
2023,3,중구,11140,11140665,동화동,10136
2023,3,중구,11140,11140550,명동,3510
2023,3,중구,11140,11140520,소공동,3512
2023,3,중구,11140,11140650,신당5동,10472
2023,3,중구,11140,11140615,신당동,8921
2023,3,중구,11140,11140635,약수동,16433
2023,3,중구,11140,11140605,을지로동,3206
2023,3,중구,11140,11140580,장충동,5440
2023,3,중구,11140,11140680,중림동,12372
2023,3,중구,11140,11140645,청구동,13318
2023,3,중구,11140,11140570,필동,4858
2023,3,중구,11140,11140670,황학동,13614
2023,3,중구,11140,11140540,회현동,5107
2023,3,용산구,11170,11170530,남영동,7385
2023,3,용산구,11170,11170700,보광동,13585
2023,3,용산구,11170,11170690,서빙고동,13357
2023,3,용산구,11170,11170590,용문동,11577
2023,3,용산구,11170,11170520,용산2가동,10229
2023,3,용산구,11170,11170560,원효로1동,17837
2023,3,용산구,11170,11170570,원효로2동,13792
2023,3,용산구,11170,11170630,이촌1동,25578
2023,3,용산구,11170,11170640,이촌2동,7997
2023,3,용산구,11170,11170650,이태원1동,7890
2023,3,용산구,11170,11170660,이태원2동,10263
2023,3,용산구,11170,11170555,청파동,19786
2023,3,용산구,11170,11170625,한강로동,22811
2023,3,용산구,11170,11170685,한남동,21237
2023,3,용산구,11170,11170580,효창동,10828
2023,3,용산구,11170,11170510,후암동,16540
2023,3,성동구,11200,11200590,금호1가동,14943
2023,3,성동구,11200,11200615,금호23가동,22124
2023,3,성동구,11200,11200620,금호4가동,14329
2023,3,성동구,11200,11200540,마장동,22390
2023,3,성동구,11200,11200550,사근동,14048
2023,3,성동구,11200,11200650,성수1가1동,15812
2023,3,성동구,11200,11200660,성수1가2동,12221
2023,3,성동구,11200,11200670,성수2가1동,15131
2023,3,성동구,11200,11200690,성수2가3동,10365
2023,3,성동구,11200,11200720,송정동,10221
2023,3,성동구,11200,11200645,옥수동,25698
2023,3,성동구,11200,11200520,왕십리2동,16508
2023,3,성동구,11200,11200535,왕십리도선동,26830
2023,3,성동구,11200,11200790,용답동,12915
2023,3,성동구,11200,11200580,응봉동,15042
2023,3,성동구,11200,11200560,행당1동,13996
2023,3,성동구,11200,11200570,행당2동,22970
2023,3,광진구,11215,11215810,광장동,34296
2023,3,광진구,11215,11215850,구의1동,23929
2023,3,광진구,11215,11215860,구의2동,26329
2023,3,광진구,11215,11215870,구의3동,28095
2023,3,광진구,11215,11215730,군자동,21592
2023,3,광진구,11215,11215780,능동,11515
2023,3,광진구,11215,11215820,자양1동,22840
2023,3,광진구,11215,11215830,자양2동,23995
2023,3,광진구,11215,11215840,자양3동,27567
2023,3,광진구,11215,11215847,자양4동,23303
2023,3,광진구,11215,11215740,중곡1동,15640
2023,3,광진구,11215,11215750,중곡2동,20950
2023,3,광진구,11215,11215760,중곡3동,16032
2023,3,광진구,11215,11215770,중곡4동,28032
2023,3,광진구,11215,11215710,화양동,27844
2023,3,동대문구,11230,11230600,답십리1동,28391
2023,3,동대문구,11230,11230610,답십리2동,27883
2023,3,동대문구,11230,11230536,용신동,40016
2023,3,동대문구,11230,11230740,이문1동,21364
2023,3,동대문구,11230,11230750,이문2동,19988
2023,3,동대문구,11230,11230650,장안1동,38147
2023,3,동대문구,11230,11230660,장안2동,32859
2023,3,동대문구,11230,11230560,전농1동,31659
2023,3,동대문구,11230,11230570,전농2동,18556
2023,3,동대문구,11230,11230545,제기동,25808
2023,3,동대문구,11230,11230705,청량리동,19405
2023,3,동대문구,11230,11230710,회기동,13581
2023,3,동대문구,11230,11230720,휘경1동,16168
2023,3,동대문구,11230,11230730,휘경2동,25288
2023,3,중랑구,11260,11260660,망우3동,16157
2023,3,중랑구,11260,11260655,망우본동,35946
2023,3,중랑구,11260,11260520,면목2동,24069
2023,3,중랑구,11260,11260575,면목38동,25011
2023,3,중랑구,11260,11260540,면목4동,18550
2023,3,중랑구,11260,11260550,면목5동,14735
2023,3,중랑구,11260,11260570,면목7동,21614
2023,3,중랑구,11260,11260565,면목본동,33647
2023,3,중랑구,11260,11260620,묵1동,33979
2023,3,중랑구,11260,11260630,묵2동,18466
2023,3,중랑구,11260,11260580,상봉1동,23455
2023,3,중랑구,11260,11260590,상봉2동,20673
2023,3,중랑구,11260,11260680,신내1동,38247
2023,3,중랑구,11260,11260690,신내2동,19906
2023,3,중랑구,11260,11260600,중화1동,19068
2023,3,중랑구,11260,11260610,중화2동,24417
2023,3,성북구,11290,11290660,길음1동,34909
2023,3,성북구,11290,11290685,길음2동,21925
2023,3,성북구,11290,11290580,돈암1동,14420
2023,3,성북구,11290,11290590,돈암2동,23619
2023,3,성북구,11290,11290575,동선동,16016
2023,3,성북구,11290,11290610,보문동,16680
2023,3,성북구,11290,11290555,삼선동,22875
2023,3,성북구,11290,11290810,석관동,34940
2023,3,성북구,11290,11290525,성북동,16606
2023,3,성북구,11290,11290600,안암동,17439
2023,3,성북구,11290,11290715,월곡1동,25909
2023,3,성북구,11290,11290725,월곡2동,19652
2023,3,성북구,11290,11290760,장위1동,23708
2023,3,성북구,11290,11290770,장위2동,13482
2023,3,성북구,11290,11290780,장위3동,15800
2023,3,성북구,11290,11290620,정릉1동,18070
2023,3,성북구,11290,11290630,정릉2동,22874
2023,3,성북구,11290,11290640,정릉3동,16742
2023,3,성북구,11290,11290650,정릉4동,24624
2023,3,성북구,11290,11290705,종암동,39799
2023,3,강북구,11305,11305535,미아동,21657
2023,3,강북구,11305,11305595,번1동,18417
2023,3,강북구,11305,11305603,번2동,15055
2023,3,강북구,11305,11305608,번3동,16505
2023,3,강북구,11305,11305575,삼각산동,30817
2023,3,강북구,11305,11305534,삼양동,22751
2023,3,강북구,11305,11305545,송중동,29486
2023,3,강북구,11305,11305555,송천동,25397
2023,3,강북구,11305,11305615,수유1동,20344
2023,3,강북구,11305,11305625,수유2동,20836
2023,3,강북구,11305,11305635,수유3동,23920
2023,3,강북구,11305,11305645,우이동,20118
2023,3,강북구,11305,11305660,인수동,29501
2023,3,도봉구,11320,11320521,도봉1동,20280
2023,3,도봉구,11320,11320522,도봉2동,26093
2023,3,도봉구,11320,11320690,방학1동,28013
2023,3,도봉구,11320,11320700,방학2동,18893
2023,3,도봉구,11320,11320710,방학3동,26259
2023,3,도봉구,11320,11320660,쌍문1동,21098
2023,3,도봉구,11320,11320670,쌍문2동,18139
2023,3,도봉구,11320,11320680,쌍문3동,16707
2023,3,도봉구,11320,11320681,쌍문4동,18211
2023,3,도봉구,11320,11320511,창1동,24281
2023,3,도봉구,11320,11320512,창2동,28577
2023,3,도봉구,11320,11320513,창3동,13389
2023,3,도봉구,11320,11320514,창4동,26124
2023,3,도봉구,11320,11320515,창5동,24069
2023,3,노원구,11350,11350595,공릉1동,36867
2023,3,노원구,11350,11350600,공릉2동,42448
2023,3,노원구,11350,11350720,상계10동,18274
2023,3,노원구,11350,11350630,상계1동,37267
2023,3,노원구,11350,11350640,상계2동,19405
2023,3,노원구,11350,11350665,상계34동,27469
2023,3,노원구,11350,11350670,상계5동,23222
2023,3,노원구,11350,11350695,상계67동,31717
2023,3,노원구,11350,11350700,상계8동,21919
2023,3,노원구,11350,11350710,상계9동,19800
2023,3,노원구,11350,11350560,월계1동,21384
2023,3,노원구,11350,11350570,월계2동,25745
2023,3,노원구,11350,11350580,월계3동,28989
2023,3,노원구,11350,11350621,중계1동,26419
2023,3,노원구,11350,11350625,중계23동,32780
2023,3,노원구,11350,11350624,중계4동,19284
2023,3,노원구,11350,11350619,중계본동,23125
2023,3,노원구,11350,11350611,하계1동,26877
2023,3,노원구,11350,11350612,하계2동,21432
2023,3,은평구,11380,11380551,갈현1동,14820
2023,3,은평구,11380,11380552,갈현2동,27817
2023,3,은평구,11380,11380560,구산동,31743
2023,3,은평구,11380,11380510,녹번동,36563
2023,3,은평구,11380,11380570,대조동,27731
2023,3,은평구,11380,11380520,불광1동,37826
2023,3,은평구,11380,11380530,불광2동,27073
2023,3,은평구,11380,11380650,수색동,19225
2023,3,은평구,11380,11380631,신사1동,26761
2023,3,은평구,11380,11380632,신사2동,19153
2023,3,은평구,11380,11380625,역촌동,44429
2023,3,은평구,11380,11380580,응암1동,33075
2023,3,은평구,11380,11380590,응암2동,27782
2023,3,은평구,11380,11380600,응암3동,23916
2023,3,은평구,11380,11380640,증산동,18523
2023,3,은평구,11380,11380690,진관동,54718
2023,3,서대문구,11410,11410690,남가좌1동,16954
2023,3,서대문구,11410,11410700,남가좌2동,30444
2023,3,서대문구,11410,11410710,북가좌1동,17709
2023,3,서대문구,11410,11410720,북가좌2동,31111
2023,3,서대문구,11410,11410555,북아현동,15796
2023,3,서대문구,11410,11410585,신촌동,26777
2023,3,서대문구,11410,11410615,연희동,37274
2023,3,서대문구,11410,11410520,천연동,16835
2023,3,서대문구,11410,11410565,충현동,20176
2023,3,서대문구,11410,11410660,홍은1동,22491
2023,3,서대문구,11410,11410685,홍은2동,29508
2023,3,서대문구,11410,11410620,홍제1동,25083
2023,3,서대문구,11410,11410655,홍제2동,13313
2023,3,서대문구,11410,11410640,홍제3동,17908
2023,3,마포구,11440,11440565,공덕동,37244
2023,3,마포구,11440,11440600,대흥동,16425
2023,3,마포구,11440,11440585,도화동,20867
2023,3,마포구,11440,11440690,망원1동,19499
2023,3,마포구,11440,11440700,망원2동,18232
2023,3,마포구,11440,11440740,상암동,30487
2023,3,마포구,11440,11440655,서강동,25371
2023,3,마포구,11440,11440660,서교동,26369
2023,3,마포구,11440,11440720,성산1동,18971
2023,3,마포구,11440,11440730,성산2동,39141
2023,3,마포구,11440,11440630,신수동,22555
2023,3,마포구,11440,11440555,아현동,29038
2023,3,마포구,11440,11440710,연남동,15229
2023,3,마포구,11440,11440610,염리동,17693
2023,3,마포구,11440,11440590,용강동,21690
2023,3,마포구,11440,11440680,합정동,16828
2023,3,양천구,11470,11470510,목1동,30386
2023,3,양천구,11470,11470520,목2동,29213
2023,3,양천구,11470,11470530,목3동,21451
2023,3,양천구,11470,11470540,목4동,24686
2023,3,양천구,11470,11470550,목5동,40715
2023,3,양천구,11470,11470560,신월1동,19852
2023,3,양천구,11470,11470570,신월2동,21068
2023,3,양천구,11470,11470580,신월3동,14603
2023,3,양천구,11470,11470590,신월4동,17590
2023,3,양천구,11470,11470600,신월5동,14233
2023,3,양천구,11470,11470610,신월6동,13963
2023,3,양천구,11470,11470611,신월7동,18812
2023,3,양천구,11470,11470620,신정1동,19819
2023,3,양천구,11470,11470630,신정2동,18971
2023,3,양천구,11470,11470640,신정3동,50151
2023,3,양천구,11470,11470650,신정4동,32653
2023,3,양천구,11470,11470670,신정6동,23933
2023,3,양천구,11470,11470680,신정7동,28492
2023,3,강서구,11500,11500603,가양1동,34255
2023,3,강서구,11500,11500604,가양2동,13599
2023,3,강서구,11500,11500605,가양3동,14321
2023,3,강서구,11500,11500620,공항동,30316
2023,3,강서구,11500,11500520,등촌1동,25121
2023,3,강서구,11500,11500530,등촌2동,19541
2023,3,강서구,11500,11500535,등촌3동,29726
2023,3,강서구,11500,11500611,발산1동,36044
2023,3,강서구,11500,11500630,방화1동,42512
2023,3,강서구,11500,11500640,방화2동,23036
2023,3,강서구,11500,11500641,방화3동,22199
2023,3,강서구,11500,11500510,염창동,41471
2023,3,강서구,11500,11500615,우장산동,44041
2023,3,강서구,11500,11500540,화곡1동,52242
2023,3,강서구,11500,11500550,화곡2동,17489
2023,3,강서구,11500,11500560,화곡3동,21394
2023,3,강서구,11500,11500570,화곡4동,20133
2023,3,강서구,11500,11500591,화곡6동,25022
2023,3,강서구,11500,11500593,화곡8동,23993
2023,3,강서구,11500,11500590,화곡본동,33523
2023,3,구로구,11530,11530595,가리봉동,12478
2023,3,구로구,11530,11530740,개봉1동,34067
2023,3,구로구,11530,11530750,개봉2동,30382
2023,3,구로구,11530,11530760,개봉3동,20136
2023,3,구로구,11530,11530720,고척1동,26614
2023,3,구로구,11530,11530730,고척2동,26407
2023,3,구로구,11530,11530520,구로1동,20756
2023,3,구로구,11530,11530530,구로2동,29104
2023,3,구로구,11530,11530540,구로3동,25049
2023,3,구로구,11530,11530550,구로4동,22670
2023,3,구로구,11530,11530560,구로5동,31767
2023,3,구로구,11530,11530790,수궁동,23141
2023,3,구로구,11530,11530510,신도림동,36089
2023,3,구로구,11530,11530770,오류1동,23432
2023,3,구로구,11530,11530780,오류2동,38189
2023,3,구로구,11530,11530800,항동,16534
2023,3,금천구,11545,11545510,가산동,27166
2023,3,금천구,11545,11545610,독산1동,48208
2023,3,금천구,11545,11545620,독산2동,19278
2023,3,금천구,11545,11545630,독산3동,27090
2023,3,금천구,11545,11545640,독산4동,16212
2023,3,금천구,11545,11545670,시흥1동,33883
2023,3,금천구,11545,11545680,시흥2동,20705
2023,3,금천구,11545,11545690,시흥3동,10457
2023,3,금천구,11545,11545700,시흥4동,20253
2023,3,금천구,11545,11545710,시흥5동,18824
2023,3,영등포구,11560,11560550,당산1동,21355
2023,3,영등포구,11560,11560560,당산2동,37226
2023,3,영등포구,11560,11560700,대림1동,16259
2023,3,영등포구,11560,11560710,대림2동,17631
2023,3,영등포구,11560,11560720,대림3동,25094
2023,3,영등포구,11560,11560585,도림동,19571
2023,3,영등포구,11560,11560605,문래동,32390
2023,3,영등포구,11560,11560630,신길1동,20641
2023,3,영등포구,11560,11560650,신길3동,17083
2023,3,영등포구,11560,11560660,신길4동,12980
2023,3,영등포구,11560,11560670,신길5동,11021
2023,3,영등포구,11560,11560680,신길6동,18507
2023,3,영등포구,11560,11560690,신길7동,20044
2023,3,영등포구,11560,11560610,양평1동,18477
2023,3,영등포구,11560,11560620,양평2동,22725
2023,3,영등포구,11560,11560540,여의동,33297
2023,3,영등포구,11560,11560535,영등포동,31338
2023,3,영등포구,11560,11560515,영등포본동,22651
2023,3,동작구,11590,11590510,노량진1동,32764
2023,3,동작구,11590,11590520,노량진2동,11198
2023,3,동작구,11590,11590660,대방동,36054
2023,3,동작구,11590,11590620,사당1동,22954
2023,3,동작구,11590,11590630,사당2동,28517
2023,3,동작구,11590,11590640,사당3동,24038
2023,3,동작구,11590,11590650,사당4동,14073
2023,3,동작구,11590,11590651,사당5동,14293
2023,3,동작구,11590,11590530,상도1동,46534
2023,3,동작구,11590,11590540,상도2동,27875
2023,3,동작구,11590,11590550,상도3동,24374
2023,3,동작구,11590,11590560,상도4동,28194
2023,3,동작구,11590,11590670,신대방1동,25123
2023,3,동작구,11590,11590680,신대방2동,22383
2023,3,동작구,11590,11590605,흑석동,32366
2023,3,관악구,11620,11620585,낙성대동,18054
2023,3,관악구,11620,11620775,난곡동,26037
2023,3,관악구,11620,11620715,난향동,14908
2023,3,관악구,11620,11620630,남현동,17998
2023,3,관악구,11620,11620735,대학동,27244
2023,3,관악구,11620,11620765,미성동,30309
2023,3,관악구,11620,11620525,보라매동,24392
2023,3,관악구,11620,11620745,삼성동,20265
2023,3,관악구,11620,11620665,서림동,24598
2023,3,관악구,11620,11620645,서원동,23770
2023,3,관악구,11620,11620565,성현동,28582
2023,3,관악구,11620,11620695,신림동,24037
2023,3,관악구,11620,11620685,신사동,24630
2023,3,관악구,11620,11620655,신원동,18547
2023,3,관악구,11620,11620605,은천동,33014
2023,3,관악구,11620,11620625,인헌동,25948
2023,3,관악구,11620,11620725,조원동,21013
2023,3,관악구,11620,11620615,중앙동,15691
2023,3,관악구,11620,11620595,청룡동,37042
2023,3,관악구,11620,11620545,청림동,14908
2023,3,관악구,11620,11620575,행운동,29595
2023,3,서초구,11650,11650660,내곡동,17332
2023,3,서초구,11650,11650560,반포1동,34387
2023,3,서초구,11650,11650570,반포2동,18735
2023,3,서초구,11650,11650580,반포3동,23946
2023,3,서초구,11650,11650581,반포4동,19299
2023,3,서초구,11650,11650550,반포본동,258
2023,3,서초구,11650,11650600,방배1동,16730
2023,3,서초구,11650,11650610,방배2동,18229
2023,3,서초구,11650,11650620,방배3동,17076
2023,3,서초구,11650,11650621,방배4동,23172
2023,3,서초구,11650,11650590,방배본동,20622
2023,3,서초구,11650,11650510,서초1동,20526
2023,3,서초구,11650,11650520,서초2동,26451
2023,3,서초구,11650,11650530,서초3동,32381
2023,3,서초구,11650,11650531,서초4동,30554
2023,3,서초구,11650,11650651,양재1동,42482
2023,3,서초구,11650,11650652,양재2동,21604
2023,3,서초구,11650,11650540,잠원동,26982
2023,3,강남구,11680,11680660,개포1동,6909
2023,3,강남구,11680,11680670,개포2동,40944
2023,3,강남구,11680,11680690,개포4동,23597
2023,3,강남구,11680,11680521,논현1동,21836
2023,3,강남구,11680,11680531,논현2동,20855
2023,3,강남구,11680,11680600,대치1동,24014
2023,3,강남구,11680,11680610,대치2동,38206
2023,3,강남구,11680,11680630,대치4동,19174
2023,3,강남구,11680,11680655,도곡1동,20813
2023,3,강남구,11680,11680656,도곡2동,32694
2023,3,강남구,11680,11680580,삼성1동,12584
2023,3,강남구,11680,11680590,삼성2동,30776
2023,3,강남구,11680,11680700,세곡동,45828
2023,3,강남구,11680,11680750,수서동,14217
2023,3,강남구,11680,11680510,신사동,15680
2023,3,강남구,11680,11680545,압구정동,25752
2023,3,강남구,11680,11680640,역삼1동,35509
2023,3,강남구,11680,11680650,역삼2동,37126
2023,3,강남구,11680,11680730,일원1동,14806
2023,3,강남구,11680,11680740,일원2동,17010
2023,3,강남구,11680,11680720,일원본동,22876
2023,3,강남구,11680,11680565,청담동,25085
2023,3,송파구,11710,11710631,가락1동,27670
2023,3,송파구,11710,11710632,가락2동,31450
2023,3,송파구,11710,11710620,가락본동,25617
2023,3,송파구,11710,11710531,거여1동,12113
2023,3,송파구,11710,11710532,거여2동,23696
2023,3,송파구,11710,11710540,마천1동,18316
2023,3,송파구,11710,11710550,마천2동,17906
2023,3,송파구,11710,11710641,문정1동,19705
2023,3,송파구,11710,11710642,문정2동,28981
2023,3,송파구,11710,11710561,방이1동,15275
2023,3,송파구,11710,11710562,방이2동,26695
2023,3,송파구,11710,11710610,삼전동,29574
2023,3,송파구,11710,11710600,석촌동,31530
2023,3,송파구,11710,11710580,송파1동,23805
2023,3,송파구,11710,11710590,송파2동,18733
2023,3,송파구,11710,11710570,오금동,37799
2023,3,송파구,11710,11710566,오륜동,17870
2023,3,송파구,11710,11710647,위례동,44922
2023,3,송파구,11710,11710670,잠실2동,35016
2023,3,송파구,11710,11710680,잠실3동,34047
2023,3,송파구,11710,11710690,잠실4동,21242
2023,3,송파구,11710,11710710,잠실6동,16631
2023,3,송파구,11710,11710720,잠실7동,9446
2023,3,송파구,11710,11710650,잠실본동,28233
2023,3,송파구,11710,11710646,장지동,28786
2023,3,송파구,11710,11710510,풍납1동,12409
2023,3,송파구,11710,11710520,풍납2동,24048
2023,3,강동구,11740,11740515,강일동,32810
2023,3,강동구,11740,11740550,고덕1동,24040
2023,3,강동구,11740,11740560,고덕2동,22928
2023,3,강동구,11740,11740685,길동,44976
2023,3,강동구,11740,11740700,둔촌2동,24387
2023,3,강동구,11740,11740530,명일1동,25415
2023,3,강동구,11740,11740540,명일2동,17253
2023,3,강동구,11740,11740520,상일동,51284
2023,3,강동구,11740,11740640,성내1동,19658
2023,3,강동구,11740,11740650,성내2동,23620
2023,3,강동구,11740,11740660,성내3동,22798
2023,3,강동구,11740,11740570,암사1동,34189
2023,3,강동구,11740,11740580,암사2동,14963
2023,3,강동구,11740,11740590,암사3동,17380
2023,3,강동구,11740,11740600,천호1동,26396
2023,3,강동구,11740,11740610,천호2동,33613
2023,3,강동구,11740,11740620,천호3동,26672
2023,4,종로구,11110,11110600,가회동,3972
2023,4,종로구,11110,11110580,교남동,9889
2023,4,종로구,11110,11110570,무악동,7991
2023,4,종로구,11110,11110550,부암동,9389
2023,4,종로구,11110,11110530,사직동,9273
2023,4,종로구,11110,11110540,삼청동,2457
2023,4,종로구,11110,11110700,숭인1동,6114
2023,4,종로구,11110,11110710,숭인2동,10692
2023,4,종로구,11110,11110640,이화동,7480
2023,4,종로구,11110,11110615,종로1234가동,8492
2023,4,종로구,11110,11110630,종로56가동,5899
2023,4,종로구,11110,11110670,창신1동,5331
2023,4,종로구,11110,11110680,창신2동,8648
2023,4,종로구,11110,11110690,창신3동,6520
2023,4,종로구,11110,11110515,청운효자동,11489
2023,4,종로구,11110,11110560,평창동,17578
2023,4,종로구,11110,11110650,혜화동,19239
2023,4,중구,11140,11140590,광희동,7198
2023,4,중구,11140,11140625,다산동,13786
2023,4,중구,11140,11140665,동화동,10120
2023,4,중구,11140,11140550,명동,3405
2023,4,중구,11140,11140520,소공동,3401
2023,4,중구,11140,11140650,신당5동,10516
2023,4,중구,11140,11140615,신당동,8885
2023,4,중구,11140,11140635,약수동,16342
2023,4,중구,11140,11140605,을지로동,3323
2023,4,중구,11140,11140580,장충동,5462
2023,4,중구,11140,11140680,중림동,12494
2023,4,중구,11140,11140645,청구동,13225
2023,4,중구,11140,11140570,필동,4971
2023,4,중구,11140,11140670,황학동,13612
2023,4,중구,11140,11140540,회현동,5053
2023,4,용산구,11170,11170530,남영동,7347
2023,4,용산구,11170,11170700,보광동,12420
2023,4,용산구,11170,11170690,서빙고동,13141
2023,4,용산구,11170,11170590,용문동,11518
2023,4,용산구,11170,11170520,용산2가동,10271
2023,4,용산구,11170,11170560,원효로1동,17688
2023,4,용산구,11170,11170570,원효로2동,13763
2023,4,용산구,11170,11170630,이촌1동,25513
2023,4,용산구,11170,11170640,이촌2동,7932
2023,4,용산구,11170,11170650,이태원1동,7799
2023,4,용산구,11170,11170660,이태원2동,10223
2023,4,용산구,11170,11170555,청파동,19616
2023,4,용산구,11170,11170625,한강로동,22691
2023,4,용산구,11170,11170685,한남동,19911
2023,4,용산구,11170,11170580,효창동,10811
2023,4,용산구,11170,11170510,후암동,16462
2023,4,성동구,11200,11200590,금호1가동,14841
2023,4,성동구,11200,11200615,금호23가동,22130
2023,4,성동구,11200,11200620,금호4가동,14284
2023,4,성동구,11200,11200540,마장동,22233
2023,4,성동구,11200,11200550,사근동,14141
2023,4,성동구,11200,11200650,성수1가1동,15681
2023,4,성동구,11200,11200660,성수1가2동,12134
2023,4,성동구,11200,11200670,성수2가1동,15079
2023,4,성동구,11200,11200690,성수2가3동,10312
2023,4,성동구,11200,11200720,송정동,10131
2023,4,성동구,11200,11200645,옥수동,25650
2023,4,성동구,11200,11200520,왕십리2동,16481
2023,4,성동구,11200,11200535,왕십리도선동,26739
2023,4,성동구,11200,11200790,용답동,13013
2023,4,성동구,11200,11200580,응봉동,15000
2023,4,성동구,11200,11200560,행당1동,13984
2023,4,성동구,11200,11200570,행당2동,22933
2023,4,광진구,11215,11215810,광장동,34210
2023,4,광진구,11215,11215850,구의1동,23833
2023,4,광진구,11215,11215860,구의2동,26230
2023,4,광진구,11215,11215870,구의3동,28072
2023,4,광진구,11215,11215730,군자동,21465
2023,4,광진구,11215,11215780,능동,11496
2023,4,광진구,11215,11215820,자양1동,22745
2023,4,광진구,11215,11215830,자양2동,23949
2023,4,광진구,11215,11215840,자양3동,27543
2023,4,광진구,11215,11215847,자양4동,23405
2023,4,광진구,11215,11215740,중곡1동,15691
2023,4,광진구,11215,11215750,중곡2동,20882
2023,4,광진구,11215,11215760,중곡3동,16008
2023,4,광진구,11215,11215770,중곡4동,28006
2023,4,광진구,11215,11215710,화양동,27645
2023,4,동대문구,11230,11230600,답십리1동,28284
2023,4,동대문구,11230,11230610,답십리2동,27854
2023,4,동대문구,11230,11230536,용신동,40088
2023,4,동대문구,11230,11230740,이문1동,21488
2023,4,동대문구,11230,11230750,이문2동,19935
2023,4,동대문구,11230,11230650,장안1동,38032
2023,4,동대문구,11230,11230660,장안2동,33020
2023,4,동대문구,11230,11230560,전농1동,32897
2023,4,동대문구,11230,11230570,전농2동,18432
2023,4,동대문구,11230,11230545,제기동,25501
2023,4,동대문구,11230,11230705,청량리동,19347
2023,4,동대문구,11230,11230710,회기동,13653
2023,4,동대문구,11230,11230720,휘경1동,16179
2023,4,동대문구,11230,11230730,휘경2동,25163
2023,4,중랑구,11260,11260660,망우3동,16078
2023,4,중랑구,11260,11260655,망우본동,36895
2023,4,중랑구,11260,11260520,면목2동,24001
2023,4,중랑구,11260,11260575,면목38동,24842
2023,4,중랑구,11260,11260540,면목4동,18490
2023,4,중랑구,11260,11260550,면목5동,14740
2023,4,중랑구,11260,11260570,면목7동,21557
2023,4,중랑구,11260,11260565,면목본동,33550
2023,4,중랑구,11260,11260620,묵1동,33935
2023,4,중랑구,11260,11260630,묵2동,18323
2023,4,중랑구,11260,11260580,상봉1동,23353
2023,4,중랑구,11260,11260590,상봉2동,20760
2023,4,중랑구,11260,11260680,신내1동,37938
2023,4,중랑구,11260,11260690,신내2동,19774
2023,4,중랑구,11260,11260600,중화1동,18908
2023,4,중랑구,11260,11260610,중화2동,24326
2023,4,성북구,11290,11290660,길음1동,34903
2023,4,성북구,11290,11290685,길음2동,21802
2023,4,성북구,11290,11290580,돈암1동,14376
2023,4,성북구,11290,11290590,돈암2동,23547
2023,4,성북구,11290,11290575,동선동,15973
2023,4,성북구,11290,11290610,보문동,16575
2023,4,성북구,11290,11290555,삼선동,22824
2023,4,성북구,11290,11290810,석관동,34695
2023,4,성북구,11290,11290525,성북동,16503
2023,4,성북구,11290,11290600,안암동,17268
2023,4,성북구,11290,11290715,월곡1동,25799
2023,4,성북구,11290,11290725,월곡2동,19531
2023,4,성북구,11290,11290760,장위1동,23607
2023,4,성북구,11290,11290770,장위2동,13362
2023,4,성북구,11290,11290780,장위3동,15663
2023,4,성북구,11290,11290620,정릉1동,18015
2023,4,성북구,11290,11290630,정릉2동,22815
2023,4,성북구,11290,11290640,정릉3동,16628
2023,4,성북구,11290,11290650,정릉4동,24516
2023,4,성북구,11290,11290705,종암동,39766
2023,4,강북구,11305,11305535,미아동,21546
2023,4,강북구,11305,11305595,번1동,17963
2023,4,강북구,11305,11305603,번2동,14994
2023,4,강북구,11305,11305608,번3동,16420
2023,4,강북구,11305,11305575,삼각산동,30716
2023,4,강북구,11305,11305534,삼양동,22622
2023,4,강북구,11305,11305545,송중동,29296
2023,4,강북구,11305,11305555,송천동,25208
2023,4,강북구,11305,11305615,수유1동,20200
2023,4,강북구,11305,11305625,수유2동,20697
2023,4,강북구,11305,11305635,수유3동,23954
2023,4,강북구,11305,11305645,우이동,20000
2023,4,강북구,11305,11305660,인수동,29361
2023,4,도봉구,11320,11320521,도봉1동,20209
2023,4,도봉구,11320,11320522,도봉2동,26156
2023,4,도봉구,11320,11320690,방학1동,28005
2023,4,도봉구,11320,11320700,방학2동,18739
2023,4,도봉구,11320,11320710,방학3동,26155
2023,4,도봉구,11320,11320660,쌍문1동,21085
2023,4,도봉구,11320,11320670,쌍문2동,18082
2023,4,도봉구,11320,11320680,쌍문3동,16651
2023,4,도봉구,11320,11320681,쌍문4동,18120
2023,4,도봉구,11320,11320511,창1동,24224
2023,4,도봉구,11320,11320512,창2동,28468
2023,4,도봉구,11320,11320513,창3동,13297
2023,4,도봉구,11320,11320514,창4동,26281
2023,4,도봉구,11320,11320515,창5동,24022
2023,4,노원구,11350,11350595,공릉1동,36683
2023,4,노원구,11350,11350600,공릉2동,42361
2023,4,노원구,11350,11350720,상계10동,18246
2023,4,노원구,11350,11350630,상계1동,36995
2023,4,노원구,11350,11350640,상계2동,19266
2023,4,노원구,11350,11350665,상계34동,27606
2023,4,노원구,11350,11350670,상계5동,23157
2023,4,노원구,11350,11350695,상계67동,31565
2023,4,노원구,11350,11350700,상계8동,21892
2023,4,노원구,11350,11350710,상계9동,19751
2023,4,노원구,11350,11350560,월계1동,21299
2023,4,노원구,11350,11350570,월계2동,25643
2023,4,노원구,11350,11350580,월계3동,28889
2023,4,노원구,11350,11350621,중계1동,26425
2023,4,노원구,11350,11350625,중계23동,32618
2023,4,노원구,11350,11350624,중계4동,19306
2023,4,노원구,11350,11350619,중계본동,23131
2023,4,노원구,11350,11350611,하계1동,26723
2023,4,노원구,11350,11350612,하계2동,21369
2023,4,은평구,11380,11380551,갈현1동,14644
2023,4,은평구,11380,11380552,갈현2동,27714
2023,4,은평구,11380,11380560,구산동,31663
2023,4,은평구,11380,11380510,녹번동,36511
2023,4,은평구,11380,11380570,대조동,27758
2023,4,은평구,11380,11380520,불광1동,37694
2023,4,은평구,11380,11380530,불광2동,26972
2023,4,은평구,11380,11380650,수색동,20560
2023,4,은평구,11380,11380631,신사1동,26688
2023,4,은평구,11380,11380632,신사2동,19101
2023,4,은평구,11380,11380625,역촌동,44207
2023,4,은평구,11380,11380580,응암1동,32969
2023,4,은평구,11380,11380590,응암2동,27544
2023,4,은평구,11380,11380600,응암3동,23822
2023,4,은평구,11380,11380640,증산동,18415
2023,4,은평구,11380,11380690,진관동,54607
2023,4,서대문구,11410,11410690,남가좌1동,16927
2023,4,서대문구,11410,11410700,남가좌2동,30385
2023,4,서대문구,11410,11410710,북가좌1동,17678
2023,4,서대문구,11410,11410720,북가좌2동,31026
2023,4,서대문구,11410,11410555,북아현동,15756
2023,4,서대문구,11410,11410585,신촌동,26846
2023,4,서대문구,11410,11410615,연희동,37188
2023,4,서대문구,11410,11410520,천연동,16789
2023,4,서대문구,11410,11410565,충현동,20148
2023,4,서대문구,11410,11410660,홍은1동,22410
2023,4,서대문구,11410,11410685,홍은2동,29394
2023,4,서대문구,11410,11410620,홍제1동,24959
2023,4,서대문구,11410,11410655,홍제2동,13281
2023,4,서대문구,11410,11410640,홍제3동,17842
2023,4,마포구,11440,11440565,공덕동,37123
2023,4,마포구,11440,11440600,대흥동,16269
2023,4,마포구,11440,11440585,도화동,20899
2023,4,마포구,11440,11440690,망원1동,19475
2023,4,마포구,11440,11440700,망원2동,18155
2023,4,마포구,11440,11440740,상암동,30414
2023,4,마포구,11440,11440655,서강동,25405
2023,4,마포구,11440,11440660,서교동,26359
2023,4,마포구,11440,11440720,성산1동,18947
2023,4,마포구,11440,11440730,성산2동,39099
2023,4,마포구,11440,11440630,신수동,22496
2023,4,마포구,11440,11440555,아현동,29308
2023,4,마포구,11440,11440710,연남동,15190
2023,4,마포구,11440,11440610,염리동,17664
2023,4,마포구,11440,11440590,용강동,21642
2023,4,마포구,11440,11440680,합정동,16717
2023,4,양천구,11470,11470510,목1동,30419
2023,4,양천구,11470,11470520,목2동,29098
2023,4,양천구,11470,11470530,목3동,21395
2023,4,양천구,11470,11470540,목4동,24619
2023,4,양천구,11470,11470550,목5동,40818
2023,4,양천구,11470,11470560,신월1동,19683
2023,4,양천구,11470,11470570,신월2동,20944
2023,4,양천구,11470,11470580,신월3동,14466
2023,4,양천구,11470,11470590,신월4동,17555
2023,4,양천구,11470,11470600,신월5동,14120
2023,4,양천구,11470,11470610,신월6동,13927
2023,4,양천구,11470,11470611,신월7동,18811
2023,4,양천구,11470,11470620,신정1동,19820
2023,4,양천구,11470,11470630,신정2동,18869
2023,4,양천구,11470,11470640,신정3동,49890
2023,4,양천구,11470,11470650,신정4동,32402
2023,4,양천구,11470,11470670,신정6동,23985
2023,4,양천구,11470,11470680,신정7동,28431
2023,4,강서구,11500,11500603,가양1동,34145
2023,4,강서구,11500,11500604,가양2동,13539
2023,4,강서구,11500,11500605,가양3동,14207
2023,4,강서구,11500,11500620,공항동,30035
2023,4,강서구,11500,11500520,등촌1동,25184
2023,4,강서구,11500,11500530,등촌2동,19481
2023,4,강서구,11500,11500535,등촌3동,29576
2023,4,강서구,11500,11500611,발산1동,35955
2023,4,강서구,11500,11500630,방화1동,42283
2023,4,강서구,11500,11500640,방화2동,22978
2023,4,강서구,11500,11500641,방화3동,22110
2023,4,강서구,11500,11500510,염창동,41490
2023,4,강서구,11500,11500615,우장산동,43946
2023,4,강서구,11500,11500540,화곡1동,51791
2023,4,강서구,11500,11500550,화곡2동,17358
2023,4,강서구,11500,11500560,화곡3동,21261
2023,4,강서구,11500,11500570,화곡4동,20017
2023,4,강서구,11500,11500591,화곡6동,26236
2023,4,강서구,11500,11500593,화곡8동,23888
2023,4,강서구,11500,11500590,화곡본동,33346
2023,4,구로구,11530,11530595,가리봉동,12458
2023,4,구로구,11530,11530740,개봉1동,33907
2023,4,구로구,11530,11530750,개봉2동,30158
2023,4,구로구,11530,11530760,개봉3동,19985
2023,4,구로구,11530,11530720,고척1동,26690
2023,4,구로구,11530,11530730,고척2동,26250
2023,4,구로구,11530,11530520,구로1동,20705
2023,4,구로구,11530,11530530,구로2동,29019
2023,4,구로구,11530,11530540,구로3동,25049
2023,4,구로구,11530,11530550,구로4동,22557
2023,4,구로구,11530,11530560,구로5동,31720
2023,4,구로구,11530,11530790,수궁동,23109
2023,4,구로구,11530,11530510,신도림동,36313
2023,4,구로구,11530,11530770,오류1동,23363
2023,4,구로구,11530,11530780,오류2동,37888
2023,4,구로구,11530,11530800,항동,16480
2023,4,금천구,11545,11545510,가산동,27152
2023,4,금천구,11545,11545610,독산1동,48084
2023,4,금천구,11545,11545620,독산2동,19152
2023,4,금천구,11545,11545630,독산3동,26903
2023,4,금천구,11545,11545640,독산4동,16120
2023,4,금천구,11545,11545670,시흥1동,33790
2023,4,금천구,11545,11545680,시흥2동,20687
2023,4,금천구,11545,11545690,시흥3동,10396
2023,4,금천구,11545,11545700,시흥4동,20059
2023,4,금천구,11545,11545710,시흥5동,18762
2023,4,영등포구,11560,11560550,당산1동,21418
2023,4,영등포구,11560,11560560,당산2동,37113
2023,4,영등포구,11560,11560700,대림1동,16164
2023,4,영등포구,11560,11560710,대림2동,17575
2023,4,영등포구,11560,11560720,대림3동,25027
2023,4,영등포구,11560,11560585,도림동,19520
2023,4,영등포구,11560,11560605,문래동,32342
2023,4,영등포구,11560,11560630,신길1동,20653
2023,4,영등포구,11560,11560650,신길3동,16961
2023,4,영등포구,11560,11560660,신길4동,12919
2023,4,영등포구,11560,11560670,신길5동,10912
2023,4,영등포구,11560,11560680,신길6동,18369
2023,4,영등포구,11560,11560690,신길7동,19985
2023,4,영등포구,11560,11560610,양평1동,18422
2023,4,영등포구,11560,11560620,양평2동,22758
2023,4,영등포구,11560,11560540,여의동,33713
2023,4,영등포구,11560,11560535,영등포동,31413
2023,4,영등포구,11560,11560515,영등포본동,22536
2023,4,동작구,11590,11590510,노량진1동,32715
2023,4,동작구,11590,11590520,노량진2동,11075
2023,4,동작구,11590,11590660,대방동,35989
2023,4,동작구,11590,11590620,사당1동,23008
2023,4,동작구,11590,11590630,사당2동,28478
2023,4,동작구,11590,11590640,사당3동,23940
2023,4,동작구,11590,11590650,사당4동,14007
2023,4,동작구,11590,11590651,사당5동,14269
2023,4,동작구,11590,11590530,상도1동,46451
2023,4,동작구,11590,11590540,상도2동,27822
2023,4,동작구,11590,11590550,상도3동,24297
2023,4,동작구,11590,11590560,상도4동,28051
2023,4,동작구,11590,11590670,신대방1동,25100
2023,4,동작구,11590,11590680,신대방2동,22281
2023,4,동작구,11590,11590605,흑석동,32231
2023,4,관악구,11620,11620585,낙성대동,17863
2023,4,관악구,11620,11620775,난곡동,25807
2023,4,관악구,11620,11620715,난향동,14859
2023,4,관악구,11620,11620630,남현동,17888
2023,4,관악구,11620,11620735,대학동,27093
2023,4,관악구,11620,11620765,미성동,30128
2023,4,관악구,11620,11620525,보라매동,24272
2023,4,관악구,11620,11620745,삼성동,20130
2023,4,관악구,11620,11620665,서림동,24594
2023,4,관악구,11620,11620645,서원동,23690
2023,4,관악구,11620,11620565,성현동,28461
2023,4,관악구,11620,11620695,신림동,23767
2023,4,관악구,11620,11620685,신사동,24414
2023,4,관악구,11620,11620655,신원동,18399
2023,4,관악구,11620,11620605,은천동,32902
2023,4,관악구,11620,11620625,인헌동,25849
2023,4,관악구,11620,11620725,조원동,21077
2023,4,관악구,11620,11620615,중앙동,15572
2023,4,관악구,11620,11620595,청룡동,36872
2023,4,관악구,11620,11620545,청림동,14828
2023,4,관악구,11620,11620575,행운동,29418
2023,4,서초구,11650,11650660,내곡동,17254
2023,4,서초구,11650,11650560,반포1동,34190
2023,4,서초구,11650,11650570,반포2동,23436
2023,4,서초구,11650,11650580,반포3동,23845
2023,4,서초구,11650,11650581,반포4동,19229
2023,4,서초구,11650,11650550,반포본동,241
2023,4,서초구,11650,11650600,방배1동,16644
2023,4,서초구,11650,11650610,방배2동,18171
2023,4,서초구,11650,11650620,방배3동,16058
2023,4,서초구,11650,11650621,방배4동,23108
2023,4,서초구,11650,11650590,방배본동,20575
2023,4,서초구,11650,11650510,서초1동,20352
2023,4,서초구,11650,11650520,서초2동,25140
2023,4,서초구,11650,11650530,서초3동,32384
2023,4,서초구,11650,11650531,서초4동,30558
2023,4,서초구,11650,11650651,양재1동,42333
2023,4,서초구,11650,11650652,양재2동,21545
2023,4,서초구,11650,11650540,잠원동,27015
2023,4,강남구,11680,11680660,개포1동,11907
2023,4,강남구,11680,11680670,개포2동,41804
2023,4,강남구,11680,11680690,개포4동,23384
2023,4,강남구,11680,11680521,논현1동,21759
2023,4,강남구,11680,11680531,논현2동,20774
2023,4,강남구,11680,11680600,대치1동,23934
2023,4,강남구,11680,11680610,대치2동,38417
2023,4,강남구,11680,11680630,대치4동,18929
2023,4,강남구,11680,11680655,도곡1동,20701
2023,4,강남구,11680,11680656,도곡2동,32738
2023,4,강남구,11680,11680580,삼성1동,12384
2023,4,강남구,11680,11680590,삼성2동,30888
2023,4,강남구,11680,11680700,세곡동,45724
2023,4,강남구,11680,11680750,수서동,14090
2023,4,강남구,11680,11680510,신사동,15681
2023,4,강남구,11680,11680545,압구정동,25755
2023,4,강남구,11680,11680640,역삼1동,35326
2023,4,강남구,11680,11680650,역삼2동,36748
2023,4,강남구,11680,11680730,일원1동,14711
2023,4,강남구,11680,11680740,일원2동,16894
2023,4,강남구,11680,11680720,일원본동,22832
2023,4,강남구,11680,11680565,청담동,24902
2023,4,송파구,11710,11710631,가락1동,27673
2023,4,송파구,11710,11710632,가락2동,31386
2023,4,송파구,11710,11710620,가락본동,25489
2023,4,송파구,11710,11710531,거여1동,12100
2023,4,송파구,11710,11710532,거여2동,23653
2023,4,송파구,11710,11710540,마천1동,18137
2023,4,송파구,11710,11710550,마천2동,17743
2023,4,송파구,11710,11710641,문정1동,19673
2023,4,송파구,11710,11710642,문정2동,28972
2023,4,송파구,11710,11710561,방이1동,15231
2023,4,송파구,11710,11710562,방이2동,26833
2023,4,송파구,11710,11710610,삼전동,29451
2023,4,송파구,11710,11710600,석촌동,31333
2023,4,송파구,11710,11710580,송파1동,23654
2023,4,송파구,11710,11710590,송파2동,18674
2023,4,송파구,11710,11710570,오금동,37669
2023,4,송파구,11710,11710566,오륜동,17818
2023,4,송파구,11710,11710647,위례동,45045
2023,4,송파구,11710,11710670,잠실2동,35005
2023,4,송파구,11710,11710680,잠실3동,33948
2023,4,송파구,11710,11710690,잠실4동,21271
2023,4,송파구,11710,11710710,잠실6동,16657
2023,4,송파구,11710,11710720,잠실7동,9434
2023,4,송파구,11710,11710650,잠실본동,28300
2023,4,송파구,11710,11710646,장지동,28672
2023,4,송파구,11710,11710510,풍납1동,12286
2023,4,송파구,11710,11710520,풍납2동,23918
2023,4,강동구,11740,11740515,강일동,34283
2023,4,강동구,11740,11740550,고덕1동,24070
2023,4,강동구,11740,11740560,고덕2동,22942
2023,4,강동구,11740,11740685,길동,45042
2023,4,강동구,11740,11740700,둔촌2동,24417
2023,4,강동구,11740,11740530,명일1동,25383
2023,4,강동구,11740,11740540,명일2동,17101
2023,4,강동구,11740,11740520,상일동,51226
2023,4,강동구,11740,11740640,성내1동,19542
2023,4,강동구,11740,11740650,성내2동,24065
2023,4,강동구,11740,11740660,성내3동,22772
2023,4,강동구,11740,11740570,암사1동,34015
2023,4,강동구,11740,11740580,암사2동,14950
2023,4,강동구,11740,11740590,암사3동,17220
2023,4,강동구,11740,11740600,천호1동,26265
2023,4,강동구,11740,11740610,천호2동,33425
2023,4,강동구,11740,11740620,천호3동,26539
2024,1,종로구,11110,11110600,가회동,3939
2024,1,종로구,11110,11110580,교남동,9860
2024,1,종로구,11110,11110570,무악동,8007
2024,1,종로구,11110,11110550,부암동,9400
2024,1,종로구,11110,11110530,사직동,9258
2024,1,종로구,11110,11110540,삼청동,2450
2024,1,종로구,11110,11110700,숭인1동,6146
2024,1,종로구,11110,11110710,숭인2동,10875
2024,1,종로구,11110,11110640,이화동,7557
2024,1,종로구,11110,11110615,종로1234가동,8466
2024,1,종로구,11110,11110630,종로56가동,5807
2024,1,종로구,11110,11110670,창신1동,5345
2024,1,종로구,11110,11110680,창신2동,8634
2024,1,종로구,11110,11110690,창신3동,6532
2024,1,종로구,11110,11110515,청운효자동,11414
2024,1,종로구,11110,11110560,평창동,17472
2024,1,종로구,11110,11110650,혜화동,19388
2024,1,중구,11140,11140590,광희동,7116
2024,1,중구,11140,11140625,다산동,13698
2024,1,중구,11140,11140665,동화동,10136
2024,1,중구,11140,11140550,명동,3403
2024,1,중구,11140,11140520,소공동,3373
2024,1,중구,11140,11140650,신당5동,10511
2024,1,중구,11140,11140615,신당동,8888
2024,1,중구,11140,11140635,약수동,16351
2024,1,중구,11140,11140605,을지로동,3393
2024,1,중구,11140,11140580,장충동,5455
2024,1,중구,11140,11140680,중림동,12533
2024,1,중구,11140,11140645,청구동,13247
2024,1,중구,11140,11140570,필동,5059
2024,1,중구,11140,11140670,황학동,13638
2024,1,중구,11140,11140540,회현동,5011
2024,1,용산구,11170,11170530,남영동,7301
2024,1,용산구,11170,11170700,보광동,10679
2024,1,용산구,11170,11170690,서빙고동,13239
2024,1,용산구,11170,11170590,용문동,11446
2024,1,용산구,11170,11170520,용산2가동,10243
2024,1,용산구,11170,11170560,원효로1동,17682
2024,1,용산구,11170,11170570,원효로2동,13724
2024,1,용산구,11170,11170630,이촌1동,25472
2024,1,용산구,11170,11170640,이촌2동,7939
2024,1,용산구,11170,11170650,이태원1동,7835
2024,1,용산구,11170,11170660,이태원2동,10250
2024,1,용산구,11170,11170555,청파동,19500
2024,1,용산구,11170,11170625,한강로동,22620
2024,1,용산구,11170,11170685,한남동,18352
2024,1,용산구,11170,11170580,효창동,10765
2024,1,용산구,11170,11170510,후암동,16386
2024,1,성동구,11200,11200590,금호1가동,14796
2024,1,성동구,11200,11200615,금호23가동,22029
2024,1,성동구,11200,11200620,금호4가동,14231
2024,1,성동구,11200,11200540,마장동,22170
2024,1,성동구,11200,11200550,사근동,14235
2024,1,성동구,11200,11200650,성수1가1동,15661
2024,1,성동구,11200,11200660,성수1가2동,12099
2024,1,성동구,11200,11200670,성수2가1동,15020
2024,1,성동구,11200,11200690,성수2가3동,10275
2024,1,성동구,11200,11200720,송정동,10077
2024,1,성동구,11200,11200645,옥수동,25631
2024,1,성동구,11200,11200520,왕십리2동,16416
2024,1,성동구,11200,11200535,왕십리도선동,26801
2024,1,성동구,11200,11200790,용답동,13033
2024,1,성동구,11200,11200580,응봉동,14921
2024,1,성동구,11200,11200560,행당1동,14031
2024,1,성동구,11200,11200570,행당2동,22832
2024,1,광진구,11215,11215810,광장동,34133
2024,1,광진구,11215,11215850,구의1동,23815
2024,1,광진구,11215,11215860,구의2동,26240
2024,1,광진구,11215,11215870,구의3동,28062
2024,1,광진구,11215,11215730,군자동,21461
2024,1,광진구,11215,11215780,능동,11502
2024,1,광진구,11215,11215820,자양1동,22810
2024,1,광진구,11215,11215830,자양2동,23989
2024,1,광진구,11215,11215840,자양3동,27460
2024,1,광진구,11215,11215847,자양4동,23375
2024,1,광진구,11215,11215740,중곡1동,15674
2024,1,광진구,11215,11215750,중곡2동,20763
2024,1,광진구,11215,11215760,중곡3동,15918
2024,1,광진구,11215,11215770,중곡4동,27914
2024,1,광진구,11215,11215710,화양동,27809
2024,1,동대문구,11230,11230600,답십리1동,28229
2024,1,동대문구,11230,11230610,답십리2동,27713
2024,1,동대문구,11230,11230536,용신동,40283
2024,1,동대문구,11230,11230740,이문1동,21467
2024,1,동대문구,11230,11230750,이문2동,19848
2024,1,동대문구,11230,11230650,장안1동,38089
2024,1,동대문구,11230,11230660,장안2동,32975
2024,1,동대문구,11230,11230560,전농1동,33590
2024,1,동대문구,11230,11230570,전농2동,18301
2024,1,동대문구,11230,11230545,제기동,25372
2024,1,동대문구,11230,11230705,청량리동,19315
2024,1,동대문구,11230,11230710,회기동,13491
2024,1,동대문구,11230,11230720,휘경1동,16184
2024,1,동대문구,11230,11230730,휘경2동,25354
2024,1,중랑구,11260,11260660,망우3동,16076
2024,1,중랑구,11260,11260655,망우본동,37995
2024,1,중랑구,11260,11260520,면목2동,23879
2024,1,중랑구,11260,11260575,면목38동,24780
2024,1,중랑구,11260,11260540,면목4동,18419
2024,1,중랑구,11260,11260550,면목5동,14641
2024,1,중랑구,11260,11260570,면목7동,21505
2024,1,중랑구,11260,11260565,면목본동,33453
2024,1,중랑구,11260,11260620,묵1동,33826
2024,1,중랑구,11260,11260630,묵2동,18361
2024,1,중랑구,11260,11260580,상봉1동,23200
2024,1,중랑구,11260,11260590,상봉2동,20941
2024,1,중랑구,11260,11260680,신내1동,37682
2024,1,중랑구,11260,11260690,신내2동,19634
2024,1,중랑구,11260,11260600,중화1동,18850
2024,1,중랑구,11260,11260610,중화2동,24191
2024,1,성북구,11290,11290660,길음1동,34807
2024,1,성북구,11290,11290685,길음2동,21526
2024,1,성북구,11290,11290580,돈암1동,14306
2024,1,성북구,11290,11290590,돈암2동,23562
2024,1,성북구,11290,11290575,동선동,16011
2024,1,성북구,11290,11290610,보문동,16577
2024,1,성북구,11290,11290555,삼선동,22708
2024,1,성북구,11290,11290810,석관동,34698
2024,1,성북구,11290,11290525,성북동,16475
2024,1,성북구,11290,11290600,안암동,17147
2024,1,성북구,11290,11290715,월곡1동,25730
2024,1,성북구,11290,11290725,월곡2동,19492
2024,1,성북구,11290,11290760,장위1동,23508
2024,1,성북구,11290,11290770,장위2동,13282
2024,1,성북구,11290,11290780,장위3동,15657
2024,1,성북구,11290,11290620,정릉1동,17987
2024,1,성북구,11290,11290630,정릉2동,22715
2024,1,성북구,11290,11290640,정릉3동,16709
2024,1,성북구,11290,11290650,정릉4동,24503
2024,1,성북구,11290,11290705,종암동,39501
2024,1,강북구,11305,11305535,미아동,21469
2024,1,강북구,11305,11305595,번1동,17281
2024,1,강북구,11305,11305603,번2동,14935
2024,1,강북구,11305,11305608,번3동,16314
2024,1,강북구,11305,11305575,삼각산동,30629
2024,1,강북구,11305,11305534,삼양동,22496
2024,1,강북구,11305,11305545,송중동,29162
2024,1,강북구,11305,11305555,송천동,25127
2024,1,강북구,11305,11305615,수유1동,20161
2024,1,강북구,11305,11305625,수유2동,20636
2024,1,강북구,11305,11305635,수유3동,23961
2024,1,강북구,11305,11305645,우이동,19995
2024,1,강북구,11305,11305660,인수동,29206
2024,1,도봉구,11320,11320521,도봉1동,20075
2024,1,도봉구,11320,11320522,도봉2동,26229
2024,1,도봉구,11320,11320690,방학1동,27870
2024,1,도봉구,11320,11320700,방학2동,18618
2024,1,도봉구,11320,11320710,방학3동,26095
2024,1,도봉구,11320,11320660,쌍문1동,21046
2024,1,도봉구,11320,11320670,쌍문2동,17996
2024,1,도봉구,11320,11320680,쌍문3동,16590
2024,1,도봉구,11320,11320681,쌍문4동,18074
2024,1,도봉구,11320,11320511,창1동,24146
2024,1,도봉구,11320,11320512,창2동,28374
2024,1,도봉구,11320,11320513,창3동,13235
2024,1,도봉구,11320,11320514,창4동,26551
2024,1,도봉구,11320,11320515,창5동,23965
2024,1,노원구,11350,11350595,공릉1동,36687
2024,1,노원구,11350,11350600,공릉2동,42326
2024,1,노원구,11350,11350720,상계10동,18163
2024,1,노원구,11350,11350630,상계1동,36911
2024,1,노원구,11350,11350640,상계2동,19223
2024,1,노원구,11350,11350665,상계34동,27496
2024,1,노원구,11350,11350670,상계5동,23077
2024,1,노원구,11350,11350695,상계67동,31493
2024,1,노원구,11350,11350700,상계8동,21663
2024,1,노원구,11350,11350710,상계9동,19634
2024,1,노원구,11350,11350560,월계1동,21226
2024,1,노원구,11350,11350570,월계2동,25593
2024,1,노원구,11350,11350580,월계3동,28737
2024,1,노원구,11350,11350621,중계1동,26389
2024,1,노원구,11350,11350625,중계23동,32438
2024,1,노원구,11350,11350624,중계4동,19291
2024,1,노원구,11350,11350619,중계본동,23036
2024,1,노원구,11350,11350611,하계1동,27043
2024,1,노원구,11350,11350612,하계2동,21301
2024,1,은평구,11380,11380551,갈현1동,14526
2024,1,은평구,11380,11380552,갈현2동,27655
2024,1,은평구,11380,11380560,구산동,31548
2024,1,은평구,11380,11380510,녹번동,36407
2024,1,은평구,11380,11380570,대조동,27841
2024,1,은평구,11380,11380520,불광1동,37797
2024,1,은평구,11380,11380530,불광2동,26963
2024,1,은평구,11380,11380650,수색동,20915
2024,1,은평구,11380,11380631,신사1동,26578
2024,1,은평구,11380,11380632,신사2동,19046
2024,1,은평구,11380,11380625,역촌동,44114
2024,1,은평구,11380,11380580,응암1동,32980
2024,1,은평구,11380,11380590,응암2동,27495
2024,1,은평구,11380,11380600,응암3동,23791
2024,1,은평구,11380,11380640,증산동,18276
2024,1,은평구,11380,11380690,진관동,54253
2024,1,서대문구,11410,11410690,남가좌1동,16912
2024,1,서대문구,11410,11410700,남가좌2동,30341
2024,1,서대문구,11410,11410710,북가좌1동,17610
2024,1,서대문구,11410,11410720,북가좌2동,30950
2024,1,서대문구,11410,11410555,북아현동,15816
2024,1,서대문구,11410,11410585,신촌동,27079
2024,1,서대문구,11410,11410615,연희동,37222
2024,1,서대문구,11410,11410520,천연동,16688
2024,1,서대문구,11410,11410565,충현동,20151
2024,1,서대문구,11410,11410660,홍은1동,22383
2024,1,서대문구,11410,11410685,홍은2동,29310
2024,1,서대문구,11410,11410620,홍제1동,24893
2024,1,서대문구,11410,11410655,홍제2동,13282
2024,1,서대문구,11410,11410640,홍제3동,17741
2024,1,마포구,11440,11440565,공덕동,37038
2024,1,마포구,11440,11440600,대흥동,16328
2024,1,마포구,11440,11440585,도화동,20881
2024,1,마포구,11440,11440690,망원1동,19399
2024,1,마포구,11440,11440700,망원2동,17999
2024,1,마포구,11440,11440740,상암동,30403
2024,1,마포구,11440,11440655,서강동,25454
2024,1,마포구,11440,11440660,서교동,26303
2024,1,마포구,11440,11440720,성산1동,18906
2024,1,마포구,11440,11440730,성산2동,39156
2024,1,마포구,11440,11440630,신수동,22543
2024,1,마포구,11440,11440555,아현동,29450
2024,1,마포구,11440,11440710,연남동,15132
2024,1,마포구,11440,11440610,염리동,17772
2024,1,마포구,11440,11440590,용강동,21655
2024,1,마포구,11440,11440680,합정동,16543
2024,1,양천구,11470,11470510,목1동,30349
2024,1,양천구,11470,11470520,목2동,28953
2024,1,양천구,11470,11470530,목3동,21363
2024,1,양천구,11470,11470540,목4동,24526
2024,1,양천구,11470,11470550,목5동,40737
2024,1,양천구,11470,11470560,신월1동,19589
2024,1,양천구,11470,11470570,신월2동,20919
2024,1,양천구,11470,11470580,신월3동,14344
2024,1,양천구,11470,11470590,신월4동,17515
2024,1,양천구,11470,11470600,신월5동,14067
2024,1,양천구,11470,11470610,신월6동,13909
2024,1,양천구,11470,11470611,신월7동,18700
2024,1,양천구,11470,11470620,신정1동,19764
2024,1,양천구,11470,11470630,신정2동,18752
2024,1,양천구,11470,11470640,신정3동,49549
2024,1,양천구,11470,11470650,신정4동,32401
2024,1,양천구,11470,11470670,신정6동,23974
2024,1,양천구,11470,11470680,신정7동,28363
2024,1,강서구,11500,11500603,가양1동,33989
2024,1,강서구,11500,11500604,가양2동,13465
2024,1,강서구,11500,11500605,가양3동,14114
2024,1,강서구,11500,11500620,공항동,29982
2024,1,강서구,11500,11500520,등촌1동,25229
2024,1,강서구,11500,11500530,등촌2동,19373
2024,1,강서구,11500,11500535,등촌3동,29493
2024,1,강서구,11500,11500611,발산1동,35797
2024,1,강서구,11500,11500630,방화1동,42112
2024,1,강서구,11500,11500640,방화2동,22906
2024,1,강서구,11500,11500641,방화3동,22015
2024,1,강서구,11500,11500510,염창동,41440
2024,1,강서구,11500,11500615,우장산동,43887
2024,1,강서구,11500,11500540,화곡1동,51684
2024,1,강서구,11500,11500550,화곡2동,17326
2024,1,강서구,11500,11500560,화곡3동,21208
2024,1,강서구,11500,11500570,화곡4동,19900
2024,1,강서구,11500,11500591,화곡6동,26253
2024,1,강서구,11500,11500593,화곡8동,23689
2024,1,강서구,11500,11500590,화곡본동,33297
2024,1,구로구,11530,11530595,가리봉동,12347
2024,1,구로구,11530,11530740,개봉1동,33696
2024,1,구로구,11530,11530750,개봉2동,30009
2024,1,구로구,11530,11530760,개봉3동,19880
2024,1,구로구,11530,11530720,고척1동,26822
2024,1,구로구,11530,11530730,고척2동,26152
2024,1,구로구,11530,11530520,구로1동,20689
2024,1,구로구,11530,11530530,구로2동,28834
2024,1,구로구,11530,11530540,구로3동,24967
2024,1,구로구,11530,11530550,구로4동,22366
2024,1,구로구,11530,11530560,구로5동,31738
2024,1,구로구,11530,11530790,수궁동,23010
2024,1,구로구,11530,11530510,신도림동,36440
2024,1,구로구,11530,11530770,오류1동,23303
2024,1,구로구,11530,11530780,오류2동,37601
2024,1,구로구,11530,11530800,항동,16417
2024,1,금천구,11545,11545510,가산동,27468
2024,1,금천구,11545,11545610,독산1동,48299
2024,1,금천구,11545,11545620,독산2동,19048
2024,1,금천구,11545,11545630,독산3동,26742
2024,1,금천구,11545,11545640,독산4동,16054
2024,1,금천구,11545,11545670,시흥1동,33664
2024,1,금천구,11545,11545680,시흥2동,20544
2024,1,금천구,11545,11545690,시흥3동,10397
2024,1,금천구,11545,11545700,시흥4동,19878
2024,1,금천구,11545,11545710,시흥5동,18586
2024,1,영등포구,11560,11560550,당산1동,21564
2024,1,영등포구,11560,11560560,당산2동,37094
2024,1,영등포구,11560,11560700,대림1동,16143
2024,1,영등포구,11560,11560710,대림2동,17460
2024,1,영등포구,11560,11560720,대림3동,24947
2024,1,영등포구,11560,11560585,도림동,19468
2024,1,영등포구,11560,11560605,문래동,32335
2024,1,영등포구,11560,11560630,신길1동,20593
2024,1,영등포구,11560,11560650,신길3동,16916
2024,1,영등포구,11560,11560660,신길4동,12811
2024,1,영등포구,11560,11560670,신길5동,10822
2024,1,영등포구,11560,11560680,신길6동,18295
2024,1,영등포구,11560,11560690,신길7동,19914
2024,1,영등포구,11560,11560610,양평1동,18465
2024,1,영등포구,11560,11560620,양평2동,22924
2024,1,영등포구,11560,11560540,여의동,33936
2024,1,영등포구,11560,11560535,영등포동,31712
2024,1,영등포구,11560,11560515,영등포본동,22543
2024,1,동작구,11590,11590510,노량진1동,32846
2024,1,동작구,11590,11590520,노량진2동,10603
2024,1,동작구,11590,11590660,대방동,36044
2024,1,동작구,11590,11590620,사당1동,22981
2024,1,동작구,11590,11590630,사당2동,28427
2024,1,동작구,11590,11590640,사당3동,23955
2024,1,동작구,11590,11590650,사당4동,13978
2024,1,동작구,11590,11590651,사당5동,14240
2024,1,동작구,11590,11590530,상도1동,46693
2024,1,동작구,11590,11590540,상도2동,27777
2024,1,동작구,11590,11590550,상도3동,24281
2024,1,동작구,11590,11590560,상도4동,28156
2024,1,동작구,11590,11590670,신대방1동,25035
2024,1,동작구,11590,11590680,신대방2동,22301
2024,1,동작구,11590,11590605,흑석동,32259
2024,1,관악구,11620,11620585,낙성대동,17982
2024,1,관악구,11620,11620775,난곡동,25656
2024,1,관악구,11620,11620715,난향동,14799
2024,1,관악구,11620,11620630,남현동,17962
2024,1,관악구,11620,11620735,대학동,27215
2024,1,관악구,11620,11620765,미성동,29952
2024,1,관악구,11620,11620525,보라매동,24110
2024,1,관악구,11620,11620745,삼성동,19986
2024,1,관악구,11620,11620665,서림동,24611
2024,1,관악구,11620,11620645,서원동,23934
2024,1,관악구,11620,11620565,성현동,28336
2024,1,관악구,11620,11620695,신림동,23906
2024,1,관악구,11620,11620685,신사동,24400
2024,1,관악구,11620,11620655,신원동,18459
2024,1,관악구,11620,11620605,은천동,32827
2024,1,관악구,11620,11620625,인헌동,25722
2024,1,관악구,11620,11620725,조원동,21081
2024,1,관악구,11620,11620615,중앙동,15647
2024,1,관악구,11620,11620595,청룡동,36979
2024,1,관악구,11620,11620545,청림동,14762
2024,1,관악구,11620,11620575,행운동,29501
2024,1,서초구,11650,11650660,내곡동,17171
2024,1,서초구,11650,11650560,반포1동,34252
2024,1,서초구,11650,11650570,반포2동,24279
2024,1,서초구,11650,11650580,반포3동,23898
2024,1,서초구,11650,11650581,반포4동,19330
2024,1,서초구,11650,11650550,반포본동,233
2024,1,서초구,11650,11650600,방배1동,16583
2024,1,서초구,11650,11650610,방배2동,18156
2024,1,서초구,11650,11650620,방배3동,15941
2024,1,서초구,11650,11650621,방배4동,23013
2024,1,서초구,11650,11650590,방배본동,20472
2024,1,서초구,11650,11650510,서초1동,20412
2024,1,서초구,11650,11650520,서초2동,25102
2024,1,서초구,11650,11650530,서초3동,32405
2024,1,서초구,11650,11650531,서초4동,30530
2024,1,서초구,11650,11650651,양재1동,42020
2024,1,서초구,11650,11650652,양재2동,21458
2024,1,서초구,11650,11650540,잠원동,27020
2024,1,강남구,11680,11680660,개포1동,23264
2024,1,강남구,11680,11680670,개포2동,41861
2024,1,강남구,11680,11680690,개포4동,23267
2024,1,강남구,11680,11680521,논현1동,21616
2024,1,강남구,11680,11680531,논현2동,20747
2024,1,강남구,11680,11680600,대치1동,23866
2024,1,강남구,11680,11680610,대치2동,38341
2024,1,강남구,11680,11680630,대치4동,18714
2024,1,강남구,11680,11680655,도곡1동,20631
2024,1,강남구,11680,11680656,도곡2동,32484
2024,1,강남구,11680,11680580,삼성1동,12329
2024,1,강남구,11680,11680590,삼성2동,30776
2024,1,강남구,11680,11680700,세곡동,45450
2024,1,강남구,11680,11680750,수서동,13998
2024,1,강남구,11680,11680510,신사동,15653
2024,1,강남구,11680,11680545,압구정동,25761
2024,1,강남구,11680,11680640,역삼1동,35378
2024,1,강남구,11680,11680650,역삼2동,36621
2024,1,강남구,11680,11680730,일원1동,14578
2024,1,강남구,11680,11680740,일원2동,16836
2024,1,강남구,11680,11680720,일원본동,22729
2024,1,강남구,11680,11680565,청담동,24820
2024,1,송파구,11710,11710631,가락1동,27552
2024,1,송파구,11710,11710632,가락2동,31341
2024,1,송파구,11710,11710620,가락본동,25380
2024,1,송파구,11710,11710531,거여1동,12002
2024,1,송파구,11710,11710532,거여2동,23569
2024,1,송파구,11710,11710540,마천1동,18020
2024,1,송파구,11710,11710550,마천2동,17595
2024,1,송파구,11710,11710641,문정1동,19898
2024,1,송파구,11710,11710642,문정2동,29043
2024,1,송파구,11710,11710561,방이1동,15248
2024,1,송파구,11710,11710562,방이2동,27002
2024,1,송파구,11710,11710610,삼전동,29444
2024,1,송파구,11710,11710600,석촌동,31269
2024,1,송파구,11710,11710580,송파1동,23635
2024,1,송파구,11710,11710590,송파2동,18824
2024,1,송파구,11710,11710570,오금동,38066
2024,1,송파구,11710,11710566,오륜동,17730
2024,1,송파구,11710,11710647,위례동,45054
2024,1,송파구,11710,11710670,잠실2동,34937
2024,1,송파구,11710,11710680,잠실3동,33964
2024,1,송파구,11710,11710690,잠실4동,21220
2024,1,송파구,11710,11710710,잠실6동,16679
2024,1,송파구,11710,11710720,잠실7동,9433
2024,1,송파구,11710,11710650,잠실본동,28341
2024,1,송파구,11710,11710646,장지동,28487
2024,1,송파구,11710,11710510,풍납1동,12251
2024,1,송파구,11710,11710520,풍납2동,23677
2024,1,강동구,11740,11740515,강일동,34745
2024,1,강동구,11740,11740550,고덕1동,23979
2024,1,강동구,11740,11740560,고덕2동,24481
2024,1,강동구,11740,11740685,길동,45072
2024,1,강동구,11740,11740700,둔촌2동,24354
2024,1,강동구,11740,11740530,명일1동,25239
2024,1,강동구,11740,11740540,명일2동,17004
2024,1,강동구,11740,11740520,상일동,52281
2024,1,강동구,11740,11740640,성내1동,19433
2024,1,강동구,11740,11740650,성내2동,24119
2024,1,강동구,11740,11740660,성내3동,22656
2024,1,강동구,11740,11740570,암사1동,33939
2024,1,강동구,11740,11740580,암사2동,14802
2024,1,강동구,11740,11740590,암사3동,17230
2024,1,강동구,11740,11740600,천호1동,26194
2024,1,강동구,11740,11740610,천호2동,33309
2024,1,강동구,11740,11740620,천호3동,26651
2024,2,종로구,11110,11110600,가회동,3915
2024,2,종로구,11110,11110580,교남동,9851
2024,2,종로구,11110,11110570,무악동,7968
2024,2,종로구,11110,11110550,부암동,9346
2024,2,종로구,11110,11110530,사직동,9249
2024,2,종로구,11110,11110540,삼청동,2449
2024,2,종로구,11110,11110700,숭인1동,6089
2024,2,종로구,11110,11110710,숭인2동,11029
2024,2,종로구,11110,11110640,이화동,7537
2024,2,종로구,11110,11110615,종로1234가동,8435
2024,2,종로구,11110,11110630,종로56가동,5778
2024,2,종로구,11110,11110670,창신1동,5366
2024,2,종로구,11110,11110680,창신2동,8664
2024,2,종로구,11110,11110690,창신3동,6533
2024,2,종로구,11110,11110515,청운효자동,11326
2024,2,종로구,11110,11110560,평창동,17460
2024,2,종로구,11110,11110650,혜화동,19209
2024,2,중구,11140,11140590,광희동,7070
2024,2,중구,11140,11140625,다산동,13625
2024,2,중구,11140,11140665,동화동,10103
2024,2,중구,11140,11140550,명동,3400
2024,2,중구,11140,11140520,소공동,3362
2024,2,중구,11140,11140650,신당5동,10521
2024,2,중구,11140,11140615,신당동,8888
2024,2,중구,11140,11140635,약수동,16343
2024,2,중구,11140,11140605,을지로동,3466
2024,2,중구,11140,11140580,장충동,5458
2024,2,중구,11140,11140680,중림동,12466
2024,2,중구,11140,11140645,청구동,13127
2024,2,중구,11140,11140570,필동,5248
2024,2,중구,11140,11140670,황학동,13711
2024,2,중구,11140,11140540,회현동,5012
2024,2,용산구,11170,11170530,남영동,7334
2024,2,용산구,11170,11170700,보광동,8652
2024,2,용산구,11170,11170690,서빙고동,13306
2024,2,용산구,11170,11170590,용문동,11411
2024,2,용산구,11170,11170520,용산2가동,10273
2024,2,용산구,11170,11170560,원효로1동,17689
2024,2,용산구,11170,11170570,원효로2동,13707
2024,2,용산구,11170,11170630,이촌1동,25481
2024,2,용산구,11170,11170640,이촌2동,7870
2024,2,용산구,11170,11170650,이태원1동,7841
2024,2,용산구,11170,11170660,이태원2동,10242
2024,2,용산구,11170,11170555,청파동,19420
2024,2,용산구,11170,11170625,한강로동,22613
2024,2,용산구,11170,11170685,한남동,16428
2024,2,용산구,11170,11170580,효창동,10772
2024,2,용산구,11170,11170510,후암동,16412
2024,2,성동구,11200,11200590,금호1가동,14807
2024,2,성동구,11200,11200615,금호23가동,21996
2024,2,성동구,11200,11200620,금호4가동,14237
2024,2,성동구,11200,11200540,마장동,22073
2024,2,성동구,11200,11200550,사근동,14133
2024,2,성동구,11200,11200650,성수1가1동,15659
2024,2,성동구,11200,11200660,성수1가2동,12056
2024,2,성동구,11200,11200670,성수2가1동,14955
2024,2,성동구,11200,11200690,성수2가3동,10172
2024,2,성동구,11200,11200720,송정동,10035
2024,2,성동구,11200,11200645,옥수동,25726
2024,2,성동구,11200,11200520,왕십리2동,16435
2024,2,성동구,11200,11200535,왕십리도선동,26670
2024,2,성동구,11200,11200790,용답동,13127
2024,2,성동구,11200,11200580,응봉동,14888
2024,2,성동구,11200,11200560,행당1동,14034
2024,2,성동구,11200,11200570,행당2동,22850
2024,2,광진구,11215,11215810,광장동,34103
2024,2,광진구,11215,11215850,구의1동,23739
2024,2,광진구,11215,11215860,구의2동,26115
2024,2,광진구,11215,11215870,구의3동,28039
2024,2,광진구,11215,11215730,군자동,21454
2024,2,광진구,11215,11215780,능동,11477
2024,2,광진구,11215,11215820,자양1동,22774
2024,2,광진구,11215,11215830,자양2동,23960
2024,2,광진구,11215,11215840,자양3동,27491
2024,2,광진구,11215,11215847,자양4동,23232
2024,2,광진구,11215,11215740,중곡1동,15587
2024,2,광진구,11215,11215750,중곡2동,20675
2024,2,광진구,11215,11215760,중곡3동,15814
2024,2,광진구,11215,11215770,중곡4동,27899
2024,2,광진구,11215,11215710,화양동,27646
2024,2,동대문구,11230,11230600,답십리1동,28148
2024,2,동대문구,11230,11230610,답십리2동,27661
2024,2,동대문구,11230,11230536,용신동,40362
2024,2,동대문구,11230,11230740,이문1동,21380
2024,2,동대문구,11230,11230750,이문2동,19791
2024,2,동대문구,11230,11230650,장안1동,38086
2024,2,동대문구,11230,11230660,장안2동,32948
2024,2,동대문구,11230,11230560,전농1동,33757
2024,2,동대문구,11230,11230570,전농2동,18252
2024,2,동대문구,11230,11230545,제기동,25322
2024,2,동대문구,11230,11230705,청량리동,19303
2024,2,동대문구,11230,11230710,회기동,13547
2024,2,동대문구,11230,11230720,휘경1동,16185
2024,2,동대문구,11230,11230730,휘경2동,25324
2024,2,중랑구,11260,11260660,망우3동,16021
2024,2,중랑구,11260,11260655,망우본동,38421
2024,2,중랑구,11260,11260520,면목2동,23805
2024,2,중랑구,11260,11260575,면목38동,24637
2024,2,중랑구,11260,11260540,면목4동,18364
2024,2,중랑구,11260,11260550,면목5동,14611
2024,2,중랑구,11260,11260570,면목7동,21456
2024,2,중랑구,11260,11260565,면목본동,33421
2024,2,중랑구,11260,11260620,묵1동,33670
2024,2,중랑구,11260,11260630,묵2동,18302
2024,2,중랑구,11260,11260580,상봉1동,23039
2024,2,중랑구,11260,11260590,상봉2동,20996
2024,2,중랑구,11260,11260680,신내1동,37567
2024,2,중랑구,11260,11260690,신내2동,19568
2024,2,중랑구,11260,11260600,중화1동,18768
2024,2,중랑구,11260,11260610,중화2동,24136
2024,2,성북구,11290,11290660,길음1동,35359
2024,2,성북구,11290,11290685,길음2동,21523
2024,2,성북구,11290,11290580,돈암1동,14234
2024,2,성북구,11290,11290590,돈암2동,23515
2024,2,성북구,11290,11290575,동선동,15958
2024,2,성북구,11290,11290610,보문동,16561
2024,2,성북구,11290,11290555,삼선동,22636
2024,2,성북구,11290,11290810,석관동,34627
2024,2,성북구,11290,11290525,성북동,16478
2024,2,성북구,11290,11290600,안암동,17354
2024,2,성북구,11290,11290715,월곡1동,25543
2024,2,성북구,11290,11290725,월곡2동,19485
2024,2,성북구,11290,11290760,장위1동,23467
2024,2,성북구,11290,11290770,장위2동,13217
2024,2,성북구,11290,11290780,장위3동,15602
2024,2,성북구,11290,11290620,정릉1동,17962
2024,2,성북구,11290,11290630,정릉2동,22597
2024,2,성북구,11290,11290640,정릉3동,16658
2024,2,성북구,11290,11290650,정릉4동,24511
2024,2,성북구,11290,11290705,종암동,39379
2024,2,강북구,11305,11305535,미아동,21443
2024,2,강북구,11305,11305595,번1동,17105
2024,2,강북구,11305,11305603,번2동,14879
2024,2,강북구,11305,11305608,번3동,16231
2024,2,강북구,11305,11305575,삼각산동,30487
2024,2,강북구,11305,11305534,삼양동,22456
2024,2,강북구,11305,11305545,송중동,29019
2024,2,강북구,11305,11305555,송천동,24954
2024,2,강북구,11305,11305615,수유1동,20139
2024,2,강북구,11305,11305625,수유2동,20560
2024,2,강북구,11305,11305635,수유3동,23878
2024,2,강북구,11305,11305645,우이동,20001
2024,2,강북구,11305,11305660,인수동,29100
2024,2,도봉구,11320,11320521,도봉1동,19994
2024,2,도봉구,11320,11320522,도봉2동,26276
2024,2,도봉구,11320,11320690,방학1동,27702
2024,2,도봉구,11320,11320700,방학2동,18463
2024,2,도봉구,11320,11320710,방학3동,26030
2024,2,도봉구,11320,11320660,쌍문1동,21060
2024,2,도봉구,11320,11320670,쌍문2동,17971
2024,2,도봉구,11320,11320680,쌍문3동,16580
2024,2,도봉구,11320,11320681,쌍문4동,18021
2024,2,도봉구,11320,11320511,창1동,24140
2024,2,도봉구,11320,11320512,창2동,28181
2024,2,도봉구,11320,11320513,창3동,13165
2024,2,도봉구,11320,11320514,창4동,26517
2024,2,도봉구,11320,11320515,창5동,23960
2024,2,노원구,11350,11350595,공릉1동,36590
2024,2,노원구,11350,11350600,공릉2동,42337
2024,2,노원구,11350,11350720,상계10동,18121
2024,2,노원구,11350,11350630,상계1동,36829
2024,2,노원구,11350,11350640,상계2동,19175
2024,2,노원구,11350,11350665,상계34동,27444
2024,2,노원구,11350,11350670,상계5동,22937
2024,2,노원구,11350,11350695,상계67동,31374
2024,2,노원구,11350,11350700,상계8동,21721
2024,2,노원구,11350,11350710,상계9동,19560
2024,2,노원구,11350,11350560,월계1동,21164
2024,2,노원구,11350,11350570,월계2동,25547
2024,2,노원구,11350,11350580,월계3동,28665
2024,2,노원구,11350,11350621,중계1동,26356
2024,2,노원구,11350,11350625,중계23동,32221
2024,2,노원구,11350,11350624,중계4동,19232
2024,2,노원구,11350,11350619,중계본동,22879
2024,2,노원구,11350,11350611,하계1동,26751
2024,2,노원구,11350,11350612,하계2동,21142
2024,2,은평구,11380,11380551,갈현1동,14453
2024,2,은평구,11380,11380552,갈현2동,27637
2024,2,은평구,11380,11380560,구산동,31439
2024,2,은평구,11380,11380510,녹번동,36263
2024,2,은평구,11380,11380570,대조동,27854
2024,2,은평구,11380,11380520,불광1동,37783
2024,2,은평구,11380,11380530,불광2동,26904
2024,2,은평구,11380,11380650,수색동,21151
2024,2,은평구,11380,11380631,신사1동,26555
2024,2,은평구,11380,11380632,신사2동,19029
2024,2,은평구,11380,11380625,역촌동,43990
2024,2,은평구,11380,11380580,응암1동,32784
2024,2,은평구,11380,11380590,응암2동,27486
2024,2,은평구,11380,11380600,응암3동,23759
2024,2,은평구,11380,11380640,증산동,17845
2024,2,은평구,11380,11380690,진관동,54044
2024,2,서대문구,11410,11410690,남가좌1동,16929
2024,2,서대문구,11410,11410700,남가좌2동,30374
2024,2,서대문구,11410,11410710,북가좌1동,17587
2024,2,서대문구,11410,11410720,북가좌2동,30773
2024,2,서대문구,11410,11410555,북아현동,15817
2024,2,서대문구,11410,11410585,신촌동,27212
2024,2,서대문구,11410,11410615,연희동,37133
2024,2,서대문구,11410,11410520,천연동,16731
2024,2,서대문구,11410,11410565,충현동,20073
2024,2,서대문구,11410,11410660,홍은1동,22340
2024,2,서대문구,11410,11410685,홍은2동,29247
2024,2,서대문구,11410,11410620,홍제1동,24852
2024,2,서대문구,11410,11410655,홍제2동,13224
2024,2,서대문구,11410,11410640,홍제3동,17718
2024,2,마포구,11440,11440565,공덕동,36947
2024,2,마포구,11440,11440600,대흥동,16125
2024,2,마포구,11440,11440585,도화동,20898
2024,2,마포구,11440,11440690,망원1동,19267
2024,2,마포구,11440,11440700,망원2동,17899
2024,2,마포구,11440,11440740,상암동,30367
2024,2,마포구,11440,11440655,서강동,25369
2024,2,마포구,11440,11440660,서교동,26100
2024,2,마포구,11440,11440720,성산1동,18811
2024,2,마포구,11440,11440730,성산2동,39085
2024,2,마포구,11440,11440630,신수동,22591
2024,2,마포구,11440,11440555,아현동,29511
2024,2,마포구,11440,11440710,연남동,15106
2024,2,마포구,11440,11440610,염리동,17721
2024,2,마포구,11440,11440590,용강동,21692
2024,2,마포구,11440,11440680,합정동,16491
2024,2,양천구,11470,11470510,목1동,30283
2024,2,양천구,11470,11470520,목2동,28893
2024,2,양천구,11470,11470530,목3동,21291
2024,2,양천구,11470,11470540,목4동,24398
2024,2,양천구,11470,11470550,목5동,40656
2024,2,양천구,11470,11470560,신월1동,19463
2024,2,양천구,11470,11470570,신월2동,20884
2024,2,양천구,11470,11470580,신월3동,14337
2024,2,양천구,11470,11470590,신월4동,17421
2024,2,양천구,11470,11470600,신월5동,14086
2024,2,양천구,11470,11470610,신월6동,13850
2024,2,양천구,11470,11470611,신월7동,18618
2024,2,양천구,11470,11470620,신정1동,19698
2024,2,양천구,11470,11470630,신정2동,18723
2024,2,양천구,11470,11470640,신정3동,49412
2024,2,양천구,11470,11470650,신정4동,32318
2024,2,양천구,11470,11470670,신정6동,23927
2024,2,양천구,11470,11470680,신정7동,28337
2024,2,강서구,11500,11500603,가양1동,33905
2024,2,강서구,11500,11500604,가양2동,13406
2024,2,강서구,11500,11500605,가양3동,14058
2024,2,강서구,11500,11500620,공항동,29955
2024,2,강서구,11500,11500520,등촌1동,25283
2024,2,강서구,11500,11500530,등촌2동,19332
2024,2,강서구,11500,11500535,등촌3동,29377
2024,2,강서구,11500,11500611,발산1동,35693
2024,2,강서구,11500,11500630,방화1동,41862
2024,2,강서구,11500,11500640,방화2동,22902
2024,2,강서구,11500,11500641,방화3동,21950
2024,2,강서구,11500,11500510,염창동,41437
2024,2,강서구,11500,11500615,우장산동,43845
2024,2,강서구,11500,11500540,화곡1동,51286
2024,2,강서구,11500,11500550,화곡2동,17267
2024,2,강서구,11500,11500560,화곡3동,21107
2024,2,강서구,11500,11500570,화곡4동,19800
2024,2,강서구,11500,11500591,화곡6동,26155
2024,2,강서구,11500,11500593,화곡8동,23410
2024,2,강서구,11500,11500590,화곡본동,33103
2024,2,구로구,11530,11530595,가리봉동,12342
2024,2,구로구,11530,11530740,개봉1동,33560
2024,2,구로구,11530,11530750,개봉2동,29951
2024,2,구로구,11530,11530760,개봉3동,19821
2024,2,구로구,11530,11530720,고척1동,26938
2024,2,구로구,11530,11530730,고척2동,26083
2024,2,구로구,11530,11530520,구로1동,20687
2024,2,구로구,11530,11530530,구로2동,28719
2024,2,구로구,11530,11530540,구로3동,24891
2024,2,구로구,11530,11530550,구로4동,22269
2024,2,구로구,11530,11530560,구로5동,31736
2024,2,구로구,11530,11530790,수궁동,22970
2024,2,구로구,11530,11530510,신도림동,36352
2024,2,구로구,11530,11530770,오류1동,23284
2024,2,구로구,11530,11530780,오류2동,37076
2024,2,구로구,11530,11530800,항동,16420
2024,2,금천구,11545,11545510,가산동,27425
2024,2,금천구,11545,11545610,독산1동,48707
2024,2,금천구,11545,11545620,독산2동,18915
2024,2,금천구,11545,11545630,독산3동,26534
2024,2,금천구,11545,11545640,독산4동,15996
2024,2,금천구,11545,11545670,시흥1동,33504
2024,2,금천구,11545,11545680,시흥2동,20460
2024,2,금천구,11545,11545690,시흥3동,10358
2024,2,금천구,11545,11545700,시흥4동,19741
2024,2,금천구,11545,11545710,시흥5동,18513
2024,2,영등포구,11560,11560550,당산1동,21601
2024,2,영등포구,11560,11560560,당산2동,37009
2024,2,영등포구,11560,11560700,대림1동,16065
2024,2,영등포구,11560,11560710,대림2동,17467
2024,2,영등포구,11560,11560720,대림3동,24876
2024,2,영등포구,11560,11560585,도림동,19553
2024,2,영등포구,11560,11560605,문래동,32247
2024,2,영등포구,11560,11560630,신길1동,20552
2024,2,영등포구,11560,11560650,신길3동,16872
2024,2,영등포구,11560,11560660,신길4동,12759
2024,2,영등포구,11560,11560670,신길5동,10735
2024,2,영등포구,11560,11560680,신길6동,18194
2024,2,영등포구,11560,11560690,신길7동,19920
2024,2,영등포구,11560,11560610,양평1동,18477
2024,2,영등포구,11560,11560620,양평2동,23043
2024,2,영등포구,11560,11560540,여의동,34054
2024,2,영등포구,11560,11560535,영등포동,31883
2024,2,영등포구,11560,11560515,영등포본동,22464
2024,2,동작구,11590,11590510,노량진1동,33440
2024,2,동작구,11590,11590520,노량진2동,9653
2024,2,동작구,11590,11590660,대방동,35926
2024,2,동작구,11590,11590620,사당1동,22948
2024,2,동작구,11590,11590630,사당2동,28426
2024,2,동작구,11590,11590640,사당3동,23971
2024,2,동작구,11590,11590650,사당4동,13949
2024,2,동작구,11590,11590651,사당5동,14194
2024,2,동작구,11590,11590530,상도1동,46523
2024,2,동작구,11590,11590540,상도2동,27764
2024,2,동작구,11590,11590550,상도3동,24249
2024,2,동작구,11590,11590560,상도4동,28748
2024,2,동작구,11590,11590670,신대방1동,25046
2024,2,동작구,11590,11590680,신대방2동,22213
2024,2,동작구,11590,11590605,흑석동,32491
2024,2,관악구,11620,11620585,낙성대동,17994
2024,2,관악구,11620,11620775,난곡동,25597
2024,2,관악구,11620,11620715,난향동,14811
2024,2,관악구,11620,11620630,남현동,17855
2024,2,관악구,11620,11620735,대학동,27453
2024,2,관악구,11620,11620765,미성동,29811
2024,2,관악구,11620,11620525,보라매동,24024
2024,2,관악구,11620,11620745,삼성동,19885
2024,2,관악구,11620,11620665,서림동,24759
2024,2,관악구,11620,11620645,서원동,23905
2024,2,관악구,11620,11620565,성현동,28297
2024,2,관악구,11620,11620695,신림동,23981
2024,2,관악구,11620,11620685,신사동,24410
2024,2,관악구,11620,11620655,신원동,18458
2024,2,관악구,11620,11620605,은천동,32727
2024,2,관악구,11620,11620625,인헌동,25614
2024,2,관악구,11620,11620725,조원동,21113
2024,2,관악구,11620,11620615,중앙동,15675
2024,2,관악구,11620,11620595,청룡동,37038
2024,2,관악구,11620,11620545,청림동,14746
2024,2,관악구,11620,11620575,행운동,29479
2024,2,서초구,11650,11650660,내곡동,17052
2024,2,서초구,11650,11650560,반포1동,34191
2024,2,서초구,11650,11650570,반포2동,24641
2024,2,서초구,11650,11650580,반포3동,23885
2024,2,서초구,11650,11650581,반포4동,19325
2024,2,서초구,11650,11650550,반포본동,235
2024,2,서초구,11650,11650600,방배1동,16583
2024,2,서초구,11650,11650610,방배2동,18110
2024,2,서초구,11650,11650620,방배3동,15985
2024,2,서초구,11650,11650621,방배4동,22960
2024,2,서초구,11650,11650590,방배본동,20167
2024,2,서초구,11650,11650510,서초1동,20470
2024,2,서초구,11650,11650520,서초2동,25186
2024,2,서초구,11650,11650530,서초3동,32434
2024,2,서초구,11650,11650531,서초4동,30495
2024,2,서초구,11650,11650651,양재1동,41849
2024,2,서초구,11650,11650652,양재2동,21450
2024,2,서초구,11650,11650540,잠원동,26941
2024,2,강남구,11680,11680660,개포1동,25323
2024,2,강남구,11680,11680670,개포2동,41972
2024,2,강남구,11680,11680690,개포4동,23245
2024,2,강남구,11680,11680521,논현1동,21536
2024,2,강남구,11680,11680531,논현2동,20654
2024,2,강남구,11680,11680600,대치1동,23810
2024,2,강남구,11680,11680610,대치2동,38295
2024,2,강남구,11680,11680630,대치4동,18753
2024,2,강남구,11680,11680655,도곡1동,20615
2024,2,강남구,11680,11680656,도곡2동,32427
2024,2,강남구,11680,11680580,삼성1동,12311
2024,2,강남구,11680,11680590,삼성2동,30840
2024,2,강남구,11680,11680700,세곡동,46368
2024,2,강남구,11680,11680750,수서동,13918
2024,2,강남구,11680,11680510,신사동,15592
2024,2,강남구,11680,11680545,압구정동,25674
2024,2,강남구,11680,11680640,역삼1동,35457
2024,2,강남구,11680,11680650,역삼2동,36608
2024,2,강남구,11680,11680730,일원1동,14503
2024,2,강남구,11680,11680740,일원2동,16788
2024,2,강남구,11680,11680720,일원본동,22693
2024,2,강남구,11680,11680565,청담동,24754
2024,2,송파구,11710,11710631,가락1동,27616
2024,2,송파구,11710,11710632,가락2동,31249
2024,2,송파구,11710,11710620,가락본동,25313
2024,2,송파구,11710,11710531,거여1동,11936
2024,2,송파구,11710,11710532,거여2동,23536
2024,2,송파구,11710,11710540,마천1동,17912
2024,2,송파구,11710,11710550,마천2동,17466
2024,2,송파구,11710,11710641,문정1동,20031
2024,2,송파구,11710,11710642,문정2동,28997
2024,2,송파구,11710,11710561,방이1동,15187
2024,2,송파구,11710,11710562,방이2동,26974
2024,2,송파구,11710,11710610,삼전동,29297
2024,2,송파구,11710,11710600,석촌동,31237
2024,2,송파구,11710,11710580,송파1동,23613
2024,2,송파구,11710,11710590,송파2동,18765
2024,2,송파구,11710,11710570,오금동,38282
2024,2,송파구,11710,11710566,오륜동,17712
2024,2,송파구,11710,11710647,위례동,45178
2024,2,송파구,11710,11710670,잠실2동,34951
2024,2,송파구,11710,11710680,잠실3동,33957
2024,2,송파구,11710,11710690,잠실4동,21150
2024,2,송파구,11710,11710710,잠실6동,16617
2024,2,송파구,11710,11710720,잠실7동,9384
2024,2,송파구,11710,11710650,잠실본동,28242
2024,2,송파구,11710,11710646,장지동,28457
2024,2,송파구,11710,11710510,풍납1동,12125
2024,2,송파구,11710,11710520,풍납2동,23584
2024,2,강동구,11740,11740515,강일동,34800
2024,2,강동구,11740,11740550,고덕1동,23943
2024,2,강동구,11740,11740560,고덕2동,25109
2024,2,강동구,11740,11740685,길동,45121
2024,2,강동구,11740,11740700,둔촌2동,24231
2024,2,강동구,11740,11740530,명일1동,25194
2024,2,강동구,11740,11740540,명일2동,16901
2024,2,강동구,11740,11740520,상일동,53062
2024,2,강동구,11740,11740640,성내1동,19425
2024,2,강동구,11740,11740650,성내2동,24541
2024,2,강동구,11740,11740660,성내3동,22599
2024,2,강동구,11740,11740570,암사1동,33858
2024,2,강동구,11740,11740580,암사2동,14814
2024,2,강동구,11740,11740590,암사3동,17219
2024,2,강동구,11740,11740600,천호1동,26059
2024,2,강동구,11740,11740610,천호2동,33194
2024,2,강동구,11740,11740620,천호3동,26794
2024,3,종로구,11110,11110600,가회동,3927
2024,3,종로구,11110,11110580,교남동,9788
2024,3,종로구,11110,11110570,무악동,7906
2024,3,종로구,11110,11110550,부암동,9321
2024,3,종로구,11110,11110530,사직동,9253
2024,3,종로구,11110,11110540,삼청동,2469
2024,3,종로구,11110,11110700,숭인1동,6086
2024,3,종로구,11110,11110710,숭인2동,11029
2024,3,종로구,11110,11110640,이화동,7553
2024,3,종로구,11110,11110615,종로1234가동,8591
2024,3,종로구,11110,11110630,종로56가동,5802
2024,3,종로구,11110,11110670,창신1동,5328
2024,3,종로구,11110,11110680,창신2동,8579
2024,3,종로구,11110,11110690,창신3동,6459
2024,3,종로구,11110,11110515,청운효자동,11272
2024,3,종로구,11110,11110560,평창동,17433
2024,3,종로구,11110,11110650,혜화동,19215
2024,3,중구,11140,11140590,광희동,7086
2024,3,중구,11140,11140625,다산동,13551
2024,3,중구,11140,11140665,동화동,10047
2024,3,중구,11140,11140550,명동,3355
2024,3,중구,11140,11140520,소공동,3470
2024,3,중구,11140,11140650,신당5동,10460
2024,3,중구,11140,11140615,신당동,8850
2024,3,중구,11140,11140635,약수동,16250
2024,3,중구,11140,11140605,을지로동,3440
2024,3,중구,11140,11140580,장충동,5452
2024,3,중구,11140,11140680,중림동,12447
2024,3,중구,11140,11140645,청구동,13094
2024,3,중구,11140,11140570,필동,5176
2024,3,중구,11140,11140670,황학동,13917
2024,3,중구,11140,11140540,회현동,4994
2024,3,용산구,11170,11170530,남영동,7283
2024,3,용산구,11170,11170700,보광동,8361
2024,3,용산구,11170,11170690,서빙고동,13268
2024,3,용산구,11170,11170590,용문동,11324
2024,3,용산구,11170,11170520,용산2가동,10136
2024,3,용산구,11170,11170560,원효로1동,17743
2024,3,용산구,11170,11170570,원효로2동,13640
2024,3,용산구,11170,11170630,이촌1동,25488
2024,3,용산구,11170,11170640,이촌2동,7817
2024,3,용산구,11170,11170650,이태원1동,7727
2024,3,용산구,11170,11170660,이태원2동,10235
2024,3,용산구,11170,11170555,청파동,19374
2024,3,용산구,11170,11170625,한강로동,22675
2024,3,용산구,11170,11170685,한남동,16222
2024,3,용산구,11170,11170580,효창동,10710
2024,3,용산구,11170,11170510,후암동,16367
2024,3,성동구,11200,11200590,금호1가동,14714
2024,3,성동구,11200,11200615,금호23가동,21814
2024,3,성동구,11200,11200620,금호4가동,14238
2024,3,성동구,11200,11200540,마장동,21984
2024,3,성동구,11200,11200550,사근동,13935
2024,3,성동구,11200,11200650,성수1가1동,15641
2024,3,성동구,11200,11200660,성수1가2동,11969
2024,3,성동구,11200,11200670,성수2가1동,14731
2024,3,성동구,11200,11200690,성수2가3동,10042
2024,3,성동구,11200,11200720,송정동,9995
2024,3,성동구,11200,11200645,옥수동,25631
2024,3,성동구,11200,11200520,왕십리2동,16372
2024,3,성동구,11200,11200535,왕십리도선동,26619
2024,3,성동구,11200,11200790,용답동,13065
2024,3,성동구,11200,11200580,응봉동,14878
2024,3,성동구,11200,11200560,행당1동,14011
2024,3,성동구,11200,11200570,행당2동,22746
2024,3,광진구,11215,11215810,광장동,34128
2024,3,광진구,11215,11215850,구의1동,23686
2024,3,광진구,11215,11215860,구의2동,26042
2024,3,광진구,11215,11215870,구의3동,27992
2024,3,광진구,11215,11215730,군자동,21293
2024,3,광진구,11215,11215780,능동,11405
2024,3,광진구,11215,11215820,자양1동,22694
2024,3,광진구,11215,11215830,자양2동,23896
2024,3,광진구,11215,11215840,자양3동,27443
2024,3,광진구,11215,11215847,자양4동,23225
2024,3,광진구,11215,11215740,중곡1동,15587
2024,3,광진구,11215,11215750,중곡2동,20603
2024,3,광진구,11215,11215760,중곡3동,15723
2024,3,광진구,11215,11215770,중곡4동,27836
2024,3,광진구,11215,11215710,화양동,27754
2024,3,동대문구,11230,11230600,답십리1동,28234
2024,3,동대문구,11230,11230610,답십리2동,27556
2024,3,동대문구,11230,11230536,용신동,40411
2024,3,동대문구,11230,11230740,이문1동,21002
2024,3,동대문구,11230,11230750,이문2동,19731
2024,3,동대문구,11230,11230650,장안1동,37984
2024,3,동대문구,11230,11230660,장안2동,33096
2024,3,동대문구,11230,11230560,전농1동,33839
2024,3,동대문구,11230,11230570,전농2동,18111
2024,3,동대문구,11230,11230545,제기동,25180
2024,3,동대문구,11230,11230705,청량리동,19130
2024,3,동대문구,11230,11230710,회기동,13527
2024,3,동대문구,11230,11230720,휘경1동,16110
2024,3,동대문구,11230,11230730,휘경2동,25308
2024,3,중랑구,11260,11260660,망우3동,15937
2024,3,중랑구,11260,11260655,망우본동,38596
2024,3,중랑구,11260,11260520,면목2동,23726
2024,3,중랑구,11260,11260575,면목38동,24454
2024,3,중랑구,11260,11260540,면목4동,18303
2024,3,중랑구,11260,11260550,면목5동,14520
2024,3,중랑구,11260,11260570,면목7동,21427
2024,3,중랑구,11260,11260565,면목본동,33318
2024,3,중랑구,11260,11260620,묵1동,33628
2024,3,중랑구,11260,11260630,묵2동,18293
2024,3,중랑구,11260,11260580,상봉1동,23024
2024,3,중랑구,11260,11260590,상봉2동,21234
2024,3,중랑구,11260,11260680,신내1동,37431
2024,3,중랑구,11260,11260690,신내2동,19536
2024,3,중랑구,11260,11260600,중화1동,18621
2024,3,중랑구,11260,11260610,중화2동,24083
2024,3,성북구,11290,11290660,길음1동,35628
2024,3,성북구,11290,11290685,길음2동,21517
2024,3,성북구,11290,11290580,돈암1동,14169
2024,3,성북구,11290,11290590,돈암2동,23421
2024,3,성북구,11290,11290575,동선동,16052
2024,3,성북구,11290,11290610,보문동,16559
2024,3,성북구,11290,11290555,삼선동,22544
2024,3,성북구,11290,11290810,석관동,34479
2024,3,성북구,11290,11290525,성북동,16461
2024,3,성북구,11290,11290600,안암동,17178
2024,3,성북구,11290,11290715,월곡1동,25472
2024,3,성북구,11290,11290725,월곡2동,19493
2024,3,성북구,11290,11290760,장위1동,23399
2024,3,성북구,11290,11290770,장위2동,13148
2024,3,성북구,11290,11290780,장위3동,15626
2024,3,성북구,11290,11290620,정릉1동,17883
2024,3,성북구,11290,11290630,정릉2동,22545
2024,3,성북구,11290,11290640,정릉3동,16260
2024,3,성북구,11290,11290650,정릉4동,24476
2024,3,성북구,11290,11290705,종암동,39182
2024,3,강북구,11305,11305535,미아동,21398
2024,3,강북구,11305,11305595,번1동,17058
2024,3,강북구,11305,11305603,번2동,14805
2024,3,강북구,11305,11305608,번3동,16162
2024,3,강북구,11305,11305575,삼각산동,30399
2024,3,강북구,11305,11305534,삼양동,23111
2024,3,강북구,11305,11305545,송중동,28844
2024,3,강북구,11305,11305555,송천동,24477
2024,3,강북구,11305,11305615,수유1동,20145
2024,3,강북구,11305,11305625,수유2동,20497
2024,3,강북구,11305,11305635,수유3동,23887
2024,3,강북구,11305,11305645,우이동,19918
2024,3,강북구,11305,11305660,인수동,28977
2024,3,도봉구,11320,11320521,도봉1동,19829
2024,3,도봉구,11320,11320522,도봉2동,26252
2024,3,도봉구,11320,11320690,방학1동,27634
2024,3,도봉구,11320,11320700,방학2동,18375
2024,3,도봉구,11320,11320710,방학3동,25954
2024,3,도봉구,11320,11320660,쌍문1동,21012
2024,3,도봉구,11320,11320670,쌍문2동,17861
2024,3,도봉구,11320,11320680,쌍문3동,16529
2024,3,도봉구,11320,11320681,쌍문4동,17985
2024,3,도봉구,11320,11320511,창1동,24014
2024,3,도봉구,11320,11320512,창2동,28125
2024,3,도봉구,11320,11320513,창3동,13058
2024,3,도봉구,11320,11320514,창4동,26455
2024,3,도봉구,11320,11320515,창5동,23843
2024,3,노원구,11350,11350595,공릉1동,36525
2024,3,노원구,11350,11350600,공릉2동,42315
2024,3,노원구,11350,11350720,상계10동,17996
2024,3,노원구,11350,11350630,상계1동,36674
2024,3,노원구,11350,11350640,상계2동,19123
2024,3,노원구,11350,11350665,상계34동,27361
2024,3,노원구,11350,11350670,상계5동,22834
2024,3,노원구,11350,11350695,상계67동,31286
2024,3,노원구,11350,11350700,상계8동,21668
2024,3,노원구,11350,11350710,상계9동,19463
2024,3,노원구,11350,11350560,월계1동,21141
2024,3,노원구,11350,11350570,월계2동,25496
2024,3,노원구,11350,11350580,월계3동,28536
2024,3,노원구,11350,11350621,중계1동,26376
2024,3,노원구,11350,11350625,중계23동,32038
2024,3,노원구,11350,11350624,중계4동,19134
2024,3,노원구,11350,11350619,중계본동,22786
2024,3,노원구,11350,11350611,하계1동,26583
2024,3,노원구,11350,11350612,하계2동,21023
2024,3,은평구,11380,11380551,갈현1동,14417
2024,3,은평구,11380,11380552,갈현2동,27591
2024,3,은평구,11380,11380560,구산동,31362
2024,3,은평구,11380,11380510,녹번동,36106
2024,3,은평구,11380,11380570,대조동,27736
2024,3,은평구,11380,11380520,불광1동,37606
2024,3,은평구,11380,11380530,불광2동,26838
2024,3,은평구,11380,11380650,수색동,21272
2024,3,은평구,11380,11380631,신사1동,26429
2024,3,은평구,11380,11380632,신사2동,18961
2024,3,은평구,11380,11380625,역촌동,43932
2024,3,은평구,11380,11380580,응암1동,32686
2024,3,은평구,11380,11380590,응암2동,27429
2024,3,은평구,11380,11380600,응암3동,23692
2024,3,은평구,11380,11380640,증산동,16923
2024,3,은평구,11380,11380690,진관동,53829
2024,3,서대문구,11410,11410690,남가좌1동,16878
2024,3,서대문구,11410,11410700,남가좌2동,30344
2024,3,서대문구,11410,11410710,북가좌1동,17629
2024,3,서대문구,11410,11410720,북가좌2동,30638
2024,3,서대문구,11410,11410555,북아현동,15762
2024,3,서대문구,11410,11410585,신촌동,27618
2024,3,서대문구,11410,11410615,연희동,37088
2024,3,서대문구,11410,11410520,천연동,16731
2024,3,서대문구,11410,11410565,충현동,19988
2024,3,서대문구,11410,11410660,홍은1동,22277
2024,3,서대문구,11410,11410685,홍은2동,29188
2024,3,서대문구,11410,11410620,홍제1동,24876
2024,3,서대문구,11410,11410655,홍제2동,13079
2024,3,서대문구,11410,11410640,홍제3동,17653
2024,3,마포구,11440,11440565,공덕동,36878
2024,3,마포구,11440,11440600,대흥동,16254
2024,3,마포구,11440,11440585,도화동,20905
2024,3,마포구,11440,11440690,망원1동,19212
2024,3,마포구,11440,11440700,망원2동,17879
2024,3,마포구,11440,11440740,상암동,30326
2024,3,마포구,11440,11440655,서강동,25318
2024,3,마포구,11440,11440660,서교동,26073
2024,3,마포구,11440,11440720,성산1동,18858
2024,3,마포구,11440,11440730,성산2동,38991
2024,3,마포구,11440,11440630,신수동,22596
2024,3,마포구,11440,11440555,아현동,29638
2024,3,마포구,11440,11440710,연남동,15041
2024,3,마포구,11440,11440610,염리동,17721
2024,3,마포구,11440,11440590,용강동,21703
2024,3,마포구,11440,11440680,합정동,16481
2024,3,양천구,11470,11470510,목1동,30299
2024,3,양천구,11470,11470520,목2동,28766
2024,3,양천구,11470,11470530,목3동,21234
2024,3,양천구,11470,11470540,목4동,24332
2024,3,양천구,11470,11470550,목5동,40773
2024,3,양천구,11470,11470560,신월1동,19359
2024,3,양천구,11470,11470570,신월2동,20894
2024,3,양천구,11470,11470580,신월3동,14317
2024,3,양천구,11470,11470590,신월4동,17300
2024,3,양천구,11470,11470600,신월5동,14091
2024,3,양천구,11470,11470610,신월6동,13771
2024,3,양천구,11470,11470611,신월7동,18536
2024,3,양천구,11470,11470620,신정1동,19753
2024,3,양천구,11470,11470630,신정2동,18684
2024,3,양천구,11470,11470640,신정3동,49245
2024,3,양천구,11470,11470650,신정4동,32270
2024,3,양천구,11470,11470670,신정6동,23948
2024,3,양천구,11470,11470680,신정7동,28295
2024,3,강서구,11500,11500603,가양1동,33971
2024,3,강서구,11500,11500604,가양2동,13295
2024,3,강서구,11500,11500605,가양3동,13913
2024,3,강서구,11500,11500620,공항동,30001
2024,3,강서구,11500,11500520,등촌1동,25313
2024,3,강서구,11500,11500530,등촌2동,19310
2024,3,강서구,11500,11500535,등촌3동,29305
2024,3,강서구,11500,11500611,발산1동,35583
2024,3,강서구,11500,11500630,방화1동,41762
2024,3,강서구,11500,11500640,방화2동,22803
2024,3,강서구,11500,11500641,방화3동,21868
2024,3,강서구,11500,11500510,염창동,41431
2024,3,강서구,11500,11500615,우장산동,43818
2024,3,강서구,11500,11500540,화곡1동,51092
2024,3,강서구,11500,11500550,화곡2동,17139
2024,3,강서구,11500,11500560,화곡3동,21054
2024,3,강서구,11500,11500570,화곡4동,19630
2024,3,강서구,11500,11500591,화곡6동,26079
2024,3,강서구,11500,11500593,화곡8동,23264
2024,3,강서구,11500,11500590,화곡본동,32884
2024,3,구로구,11530,11530595,가리봉동,12359
2024,3,구로구,11530,11530740,개봉1동,33721
2024,3,구로구,11530,11530750,개봉2동,29856
2024,3,구로구,11530,11530760,개봉3동,19782
2024,3,구로구,11530,11530720,고척1동,26870
2024,3,구로구,11530,11530730,고척2동,25973
2024,3,구로구,11530,11530520,구로1동,20660
2024,3,구로구,11530,11530530,구로2동,28662
2024,3,구로구,11530,11530540,구로3동,24781
2024,3,구로구,11530,11530550,구로4동,22142
2024,3,구로구,11530,11530560,구로5동,31735
2024,3,구로구,11530,11530790,수궁동,22942
2024,3,구로구,11530,11530510,신도림동,36336
2024,3,구로구,11530,11530770,오류1동,23295
2024,3,구로구,11530,11530780,오류2동,36930
2024,3,구로구,11530,11530800,항동,16397
2024,3,금천구,11545,11545510,가산동,27365
2024,3,금천구,11545,11545610,독산1동,49085
2024,3,금천구,11545,11545620,독산2동,18768
2024,3,금천구,11545,11545630,독산3동,26392
2024,3,금천구,11545,11545640,독산4동,15889
2024,3,금천구,11545,11545670,시흥1동,33380
2024,3,금천구,11545,11545680,시흥2동,20404
2024,3,금천구,11545,11545690,시흥3동,10361
2024,3,금천구,11545,11545700,시흥4동,19586
2024,3,금천구,11545,11545710,시흥5동,18347
2024,3,영등포구,11560,11560550,당산1동,21576
2024,3,영등포구,11560,11560560,당산2동,36898
2024,3,영등포구,11560,11560700,대림1동,16036
2024,3,영등포구,11560,11560710,대림2동,17449
2024,3,영등포구,11560,11560720,대림3동,24757
2024,3,영등포구,11560,11560585,도림동,19622
2024,3,영등포구,11560,11560605,문래동,32125
2024,3,영등포구,11560,11560630,신길1동,20531
2024,3,영등포구,11560,11560650,신길3동,16888
2024,3,영등포구,11560,11560660,신길4동,12668
2024,3,영등포구,11560,11560670,신길5동,10622
2024,3,영등포구,11560,11560680,신길6동,18095
2024,3,영등포구,11560,11560690,신길7동,19938
2024,3,영등포구,11560,11560610,양평1동,18524
2024,3,영등포구,11560,11560620,양평2동,23017
2024,3,영등포구,11560,11560540,여의동,34136
2024,3,영등포구,11560,11560535,영등포동,32213
2024,3,영등포구,11560,11560515,영등포본동,22419
2024,3,동작구,11590,11590510,노량진1동,33629
2024,3,동작구,11590,11590520,노량진2동,9072
2024,3,동작구,11590,11590660,대방동,35781
2024,3,동작구,11590,11590620,사당1동,22834
2024,3,동작구,11590,11590630,사당2동,28260
2024,3,동작구,11590,11590640,사당3동,23835
2024,3,동작구,11590,11590650,사당4동,13885
2024,3,동작구,11590,11590651,사당5동,14172
2024,3,동작구,11590,11590530,상도1동,46186
2024,3,동작구,11590,11590540,상도2동,27724
2024,3,동작구,11590,11590550,상도3동,24151
2024,3,동작구,11590,11590560,상도4동,29015
2024,3,동작구,11590,11590670,신대방1동,24964
2024,3,동작구,11590,11590680,신대방2동,22167
2024,3,동작구,11590,11590605,흑석동,32117
2024,3,관악구,11620,11620585,낙성대동,18133
2024,3,관악구,11620,11620775,난곡동,25361
2024,3,관악구,11620,11620715,난향동,14788
2024,3,관악구,11620,11620630,남현동,17776
2024,3,관악구,11620,11620735,대학동,27374
2024,3,관악구,11620,11620765,미성동,29654
2024,3,관악구,11620,11620525,보라매동,23978
2024,3,관악구,11620,11620745,삼성동,19739
2024,3,관악구,11620,11620665,서림동,24666
2024,3,관악구,11620,11620645,서원동,23963
2024,3,관악구,11620,11620565,성현동,28258
2024,3,관악구,11620,11620695,신림동,24024
2024,3,관악구,11620,11620685,신사동,24450
2024,3,관악구,11620,11620655,신원동,18362
2024,3,관악구,11620,11620605,은천동,32502
2024,3,관악구,11620,11620625,인헌동,25540
2024,3,관악구,11620,11620725,조원동,21077
2024,3,관악구,11620,11620615,중앙동,15623
2024,3,관악구,11620,11620595,청룡동,37099
2024,3,관악구,11620,11620545,청림동,14741
2024,3,관악구,11620,11620575,행운동,29361
2024,3,서초구,11650,11650660,내곡동,16987
2024,3,서초구,11650,11650560,반포1동,34217
2024,3,서초구,11650,11650570,반포2동,25429
2024,3,서초구,11650,11650580,반포3동,23947
2024,3,서초구,11650,11650581,반포4동,19322
2024,3,서초구,11650,11650550,반포본동,237
2024,3,서초구,11650,11650600,방배1동,16572
2024,3,서초구,11650,11650610,방배2동,18081
2024,3,서초구,11650,11650620,방배3동,15919
2024,3,서초구,11650,11650621,방배4동,23003
2024,3,서초구,11650,11650590,방배본동,20233
2024,3,서초구,11650,11650510,서초1동,20460
2024,3,서초구,11650,11650520,서초2동,25170
2024,3,서초구,11650,11650530,서초3동,32480
2024,3,서초구,11650,11650531,서초4동,30567
2024,3,서초구,11650,11650651,양재1동,41621
2024,3,서초구,11650,11650652,양재2동,21399
2024,3,서초구,11650,11650540,잠원동,26967
2024,3,강남구,11680,11680660,개포1동,26148
2024,3,강남구,11680,11680670,개포2동,42306
2024,3,강남구,11680,11680690,개포4동,23303
2024,3,강남구,11680,11680521,논현1동,21501
2024,3,강남구,11680,11680531,논현2동,20622
2024,3,강남구,11680,11680600,대치1동,24002
2024,3,강남구,11680,11680610,대치2동,38566
2024,3,강남구,11680,11680630,대치4동,18896
2024,3,강남구,11680,11680655,도곡1동,20692
2024,3,강남구,11680,11680656,도곡2동,32478
2024,3,강남구,11680,11680580,삼성1동,12346
2024,3,강남구,11680,11680590,삼성2동,30878
2024,3,강남구,11680,11680700,세곡동,46631
2024,3,강남구,11680,11680750,수서동,13830
2024,3,강남구,11680,11680510,신사동,15547
2024,3,강남구,11680,11680545,압구정동,25662
2024,3,강남구,11680,11680640,역삼1동,35616
2024,3,강남구,11680,11680650,역삼2동,36702
2024,3,강남구,11680,11680730,일원1동,14507
2024,3,강남구,11680,11680740,일원2동,16788
2024,3,강남구,11680,11680720,일원본동,22668
2024,3,강남구,11680,11680565,청담동,24591
2024,3,송파구,11710,11710631,가락1동,27646
2024,3,송파구,11710,11710632,가락2동,31079
2024,3,송파구,11710,11710620,가락본동,25183
2024,3,송파구,11710,11710531,거여1동,11912
2024,3,송파구,11710,11710532,거여2동,23487
2024,3,송파구,11710,11710540,마천1동,17610
2024,3,송파구,11710,11710550,마천2동,17378
2024,3,송파구,11710,11710641,문정1동,19937
2024,3,송파구,11710,11710642,문정2동,28997
2024,3,송파구,11710,11710561,방이1동,15188
2024,3,송파구,11710,11710562,방이2동,26901
2024,3,송파구,11710,11710610,삼전동,29142
2024,3,송파구,11710,11710600,석촌동,31075
2024,3,송파구,11710,11710580,송파1동,23514
2024,3,송파구,11710,11710590,송파2동,18767
2024,3,송파구,11710,11710570,오금동,38295
2024,3,송파구,11710,11710566,오륜동,17712
2024,3,송파구,11710,11710647,위례동,45225
2024,3,송파구,11710,11710670,잠실2동,34975
2024,3,송파구,11710,11710680,잠실3동,33941
2024,3,송파구,11710,11710690,잠실4동,21173
2024,3,송파구,11710,11710710,잠실6동,16680
2024,3,송파구,11710,11710720,잠실7동,9405
2024,3,송파구,11710,11710650,잠실본동,28235
2024,3,송파구,11710,11710646,장지동,29076
2024,3,송파구,11710,11710510,풍납1동,12017
2024,3,송파구,11710,11710520,풍납2동,23441
2024,3,강동구,11740,11740515,강일동,34868
2024,3,강동구,11740,11740550,고덕1동,23970
2024,3,강동구,11740,11740560,고덕2동,25607
2024,3,강동구,11740,11740685,길동,47771
2024,3,강동구,11740,11740700,둔촌2동,24123
2024,3,강동구,11740,11740530,명일1동,25139
2024,3,강동구,11740,11740540,명일2동,16915
2024,3,강동구,11740,11740520,상일동,53071
2024,3,강동구,11740,11740640,성내1동,19456
2024,3,강동구,11740,11740650,성내2동,24546
2024,3,강동구,11740,11740660,성내3동,22478
2024,3,강동구,11740,11740570,암사1동,33640
2024,3,강동구,11740,11740580,암사2동,14722
2024,3,강동구,11740,11740590,암사3동,17180
2024,3,강동구,11740,11740600,천호1동,25931
2024,3,강동구,11740,11740610,천호2동,33094
2024,3,강동구,11740,11740620,천호3동,26893
2024,4,종로구,11110,11110600,가회동,3882
2024,4,종로구,11110,11110580,교남동,9713
2024,4,종로구,11110,11110570,무악동,7867
2024,4,종로구,11110,11110550,부암동,9318
2024,4,종로구,11110,11110530,사직동,9208
2024,4,종로구,11110,11110540,삼청동,2460
2024,4,종로구,11110,11110700,숭인1동,6075
2024,4,종로구,11110,11110710,숭인2동,11073
2024,4,종로구,11110,11110640,이화동,7533
2024,4,종로구,11110,11110615,종로1234가동,8549
2024,4,종로구,11110,11110630,종로56가동,5852
2024,4,종로구,11110,11110670,창신1동,5423
2024,4,종로구,11110,11110680,창신2동,8574
2024,4,종로구,11110,11110690,창신3동,6446
2024,4,종로구,11110,11110515,청운효자동,11158
2024,4,종로구,11110,11110560,평창동,17454
2024,4,종로구,11110,11110650,혜화동,19023
2024,4,중구,11140,11140590,광희동,7088
2024,4,중구,11140,11140625,다산동,13510
2024,4,중구,11140,11140665,동화동,9991
2024,4,중구,11140,11140550,명동,3381
2024,4,중구,11140,11140520,소공동,3495
2024,4,중구,11140,11140650,신당5동,10443
2024,4,중구,11140,11140615,신당동,8862
2024,4,중구,11140,11140635,약수동,16167
2024,4,중구,11140,11140605,을지로동,3449
2024,4,중구,11140,11140580,장충동,5499
2024,4,중구,11140,11140680,중림동,12405
2024,4,중구,11140,11140645,청구동,12626
2024,4,중구,11140,11140570,필동,5328
2024,4,중구,11140,11140670,황학동,13991
2024,4,중구,11140,11140540,회현동,4979
2024,4,용산구,11170,11170530,남영동,7258
2024,4,용산구,11170,11170700,보광동,8167
2024,4,용산구,11170,11170690,서빙고동,13175
2024,4,용산구,11170,11170590,용문동,11268
2024,4,용산구,11170,11170520,용산2가동,10104
2024,4,용산구,11170,11170560,원효로1동,17764
2024,4,용산구,11170,11170570,원효로2동,13652
2024,4,용산구,11170,11170630,이촌1동,25493
2024,4,용산구,11170,11170640,이촌2동,7773
2024,4,용산구,11170,11170650,이태원1동,7640
2024,4,용산구,11170,11170660,이태원2동,10039
2024,4,용산구,11170,11170555,청파동,19343
2024,4,용산구,11170,11170625,한강로동,22642
2024,4,용산구,11170,11170685,한남동,15947
2024,4,용산구,11170,11170580,효창동,10646
2024,4,용산구,11170,11170510,후암동,16283
2024,4,성동구,11200,11200590,금호1가동,14680
2024,4,성동구,11200,11200615,금호23가동,21329
2024,4,성동구,11200,11200620,금호4가동,14235
2024,4,성동구,11200,11200540,마장동,22074
2024,4,성동구,11200,11200550,사근동,14134
2024,4,성동구,11200,11200650,성수1가1동,15501
2024,4,성동구,11200,11200660,성수1가2동,11927
2024,4,성동구,11200,11200670,성수2가1동,14610
2024,4,성동구,11200,11200690,성수2가3동,9884
2024,4,성동구,11200,11200720,송정동,9900
2024,4,성동구,11200,11200645,옥수동,25548
2024,4,성동구,11200,11200520,왕십리2동,16333
2024,4,성동구,11200,11200535,왕십리도선동,26544
2024,4,성동구,11200,11200790,용답동,13044
2024,4,성동구,11200,11200580,응봉동,14798
2024,4,성동구,11200,11200560,행당1동,14032
2024,4,성동구,11200,11200570,행당2동,22716
2024,4,광진구,11215,11215810,광장동,34040
2024,4,광진구,11215,11215850,구의1동,23676
2024,4,광진구,11215,11215860,구의2동,25925
2024,4,광진구,11215,11215870,구의3동,27903
2024,4,광진구,11215,11215730,군자동,21431
2024,4,광진구,11215,11215780,능동,11354
2024,4,광진구,11215,11215820,자양1동,22694
2024,4,광진구,11215,11215830,자양2동,23716
2024,4,광진구,11215,11215840,자양3동,27339
2024,4,광진구,11215,11215847,자양4동,23245
2024,4,광진구,11215,11215740,중곡1동,15612
2024,4,광진구,11215,11215750,중곡2동,20540
2024,4,광진구,11215,11215760,중곡3동,15692
2024,4,광진구,11215,11215770,중곡4동,27724
2024,4,광진구,11215,11215710,화양동,27761
2024,4,동대문구,11230,11230600,답십리1동,28279
2024,4,동대문구,11230,11230610,답십리2동,27438
2024,4,동대문구,11230,11230536,용신동,40422
2024,4,동대문구,11230,11230740,이문1동,20300
2024,4,동대문구,11230,11230750,이문2동,19732
2024,4,동대문구,11230,11230650,장안1동,37868
2024,4,동대문구,11230,11230660,장안2동,33304
2024,4,동대문구,11230,11230560,전농1동,33761
2024,4,동대문구,11230,11230570,전농2동,18117
2024,4,동대문구,11230,11230545,제기동,25461
2024,4,동대문구,11230,11230705,청량리동,19130
2024,4,동대문구,11230,11230710,회기동,13517
2024,4,동대문구,11230,11230720,휘경1동,16027
2024,4,동대문구,11230,11230730,휘경2동,25247
2024,4,중랑구,11260,11260660,망우3동,15902
2024,4,중랑구,11260,11260655,망우본동,38684
2024,4,중랑구,11260,11260520,면목2동,23648
2024,4,중랑구,11260,11260575,면목38동,24398
2024,4,중랑구,11260,11260540,면목4동,18256
2024,4,중랑구,11260,11260550,면목5동,14376
2024,4,중랑구,11260,11260570,면목7동,21381
2024,4,중랑구,11260,11260565,면목본동,33216
2024,4,중랑구,11260,11260620,묵1동,33549
2024,4,중랑구,11260,11260630,묵2동,18245
2024,4,중랑구,11260,11260580,상봉1동,23000
2024,4,중랑구,11260,11260590,상봉2동,21381
2024,4,중랑구,11260,11260680,신내1동,37308
2024,4,중랑구,11260,11260690,신내2동,19417
2024,4,중랑구,11260,11260600,중화1동,18573
2024,4,중랑구,11260,11260610,중화2동,24015
2024,4,성북구,11290,11290660,길음1동,35706
2024,4,성북구,11290,11290685,길음2동,21518
2024,4,성북구,11290,11290580,돈암1동,14146
2024,4,성북구,11290,11290590,돈암2동,23351
2024,4,성북구,11290,11290575,동선동,15985
2024,4,성북구,11290,11290610,보문동,16482
2024,4,성북구,11290,11290555,삼선동,22569
2024,4,성북구,11290,11290810,석관동,34434
2024,4,성북구,11290,11290525,성북동,16401
2024,4,성북구,11290,11290600,안암동,17792
2024,4,성북구,11290,11290715,월곡1동,25434
2024,4,성북구,11290,11290725,월곡2동,19434
2024,4,성북구,11290,11290760,장위1동,23300
2024,4,성북구,11290,11290770,장위2동,13142
2024,4,성북구,11290,11290780,장위3동,15520
2024,4,성북구,11290,11290620,정릉1동,17850
2024,4,성북구,11290,11290630,정릉2동,22428
2024,4,성북구,11290,11290640,정릉3동,15893
2024,4,성북구,11290,11290650,정릉4동,24422
2024,4,성북구,11290,11290705,종암동,39230
2024,4,강북구,11305,11305535,미아동,21400
2024,4,강북구,11305,11305595,번1동,17035
2024,4,강북구,11305,11305603,번2동,14697
2024,4,강북구,11305,11305608,번3동,16087
2024,4,강북구,11305,11305575,삼각산동,30372
2024,4,강북구,11305,11305534,삼양동,24173
2024,4,강북구,11305,11305545,송중동,28643
2024,4,강북구,11305,11305555,송천동,23828
2024,4,강북구,11305,11305615,수유1동,20036
2024,4,강북구,11305,11305625,수유2동,20450
2024,4,강북구,11305,11305635,수유3동,23936
2024,4,강북구,11305,11305645,우이동,19805
2024,4,강북구,11305,11305660,인수동,28912
2024,4,도봉구,11320,11320521,도봉1동,19780
2024,4,도봉구,11320,11320522,도봉2동,26148
2024,4,도봉구,11320,11320690,방학1동,27540
2024,4,도봉구,11320,11320700,방학2동,18303
2024,4,도봉구,11320,11320710,방학3동,25917
2024,4,도봉구,11320,11320660,쌍문1동,21042
2024,4,도봉구,11320,11320670,쌍문2동,17816
2024,4,도봉구,11320,11320680,쌍문3동,16416
2024,4,도봉구,11320,11320681,쌍문4동,17927
2024,4,도봉구,11320,11320511,창1동,23946
2024,4,도봉구,11320,11320512,창2동,28001
2024,4,도봉구,11320,11320513,창3동,13019
2024,4,도봉구,11320,11320514,창4동,26405
2024,4,도봉구,11320,11320515,창5동,23772
2024,4,노원구,11350,11350595,공릉1동,36339
2024,4,노원구,11350,11350600,공릉2동,42337
2024,4,노원구,11350,11350720,상계10동,17972
2024,4,노원구,11350,11350630,상계1동,36588
2024,4,노원구,11350,11350640,상계2동,19053
2024,4,노원구,11350,11350665,상계34동,27266
2024,4,노원구,11350,11350670,상계5동,22752
2024,4,노원구,11350,11350695,상계67동,31174
2024,4,노원구,11350,11350700,상계8동,21594
2024,4,노원구,11350,11350710,상계9동,19317
2024,4,노원구,11350,11350560,월계1동,21162
2024,4,노원구,11350,11350570,월계2동,25359
2024,4,노원구,11350,11350580,월계3동,28430
2024,4,노원구,11350,11350621,중계1동,26260
2024,4,노원구,11350,11350625,중계23동,31858
2024,4,노원구,11350,11350624,중계4동,19064
2024,4,노원구,11350,11350619,중계본동,22671
2024,4,노원구,11350,11350611,하계1동,26430
2024,4,노원구,11350,11350612,하계2동,20926
2024,4,은평구,11380,11380551,갈현1동,14326
2024,4,은평구,11380,11380552,갈현2동,27577
2024,4,은평구,11380,11380560,구산동,31254
2024,4,은평구,11380,11380510,녹번동,35987
2024,4,은평구,11380,11380570,대조동,27647
2024,4,은평구,11380,11380520,불광1동,37564
2024,4,은평구,11380,11380530,불광2동,26813
2024,4,은평구,11380,11380650,수색동,21348
2024,4,은평구,11380,11380631,신사1동,26253
2024,4,은평구,11380,11380632,신사2동,18887
2024,4,은평구,11380,11380625,역촌동,44425
2024,4,은평구,11380,11380580,응암1동,32546
2024,4,은평구,11380,11380590,응암2동,27353
2024,4,은평구,11380,11380600,응암3동,23656
2024,4,은평구,11380,11380640,증산동,15994
2024,4,은평구,11380,11380690,진관동,53720
2024,4,서대문구,11410,11410690,남가좌1동,16913
2024,4,서대문구,11410,11410700,남가좌2동,30335
2024,4,서대문구,11410,11410710,북가좌1동,17537
2024,4,서대문구,11410,11410720,북가좌2동,30554
2024,4,서대문구,11410,11410555,북아현동,15707
2024,4,서대문구,11410,11410585,신촌동,27493
2024,4,서대문구,11410,11410615,연희동,37050
2024,4,서대문구,11410,11410520,천연동,16726
2024,4,서대문구,11410,11410565,충현동,19929
2024,4,서대문구,11410,11410660,홍은1동,22261
2024,4,서대문구,11410,11410685,홍은2동,29229
2024,4,서대문구,11410,11410620,홍제1동,24825
2024,4,서대문구,11410,11410655,홍제2동,12446
2024,4,서대문구,11410,11410640,홍제3동,17617
2024,4,마포구,11440,11440565,공덕동,36784
2024,4,마포구,11440,11440600,대흥동,16139
2024,4,마포구,11440,11440585,도화동,20761
2024,4,마포구,11440,11440690,망원1동,19075
2024,4,마포구,11440,11440700,망원2동,17760
2024,4,마포구,11440,11440740,상암동,30191
2024,4,마포구,11440,11440655,서강동,25233
2024,4,마포구,11440,11440660,서교동,25986
2024,4,마포구,11440,11440720,성산1동,18893
2024,4,마포구,11440,11440730,성산2동,38913
2024,4,마포구,11440,11440630,신수동,22549
2024,4,마포구,11440,11440555,아현동,29661
2024,4,마포구,11440,11440710,연남동,15045
2024,4,마포구,11440,11440610,염리동,17698
2024,4,마포구,11440,11440590,용강동,21663
2024,4,마포구,11440,11440680,합정동,16394
2024,4,양천구,11470,11470510,목1동,30286
2024,4,양천구,11470,11470520,목2동,28657
2024,4,양천구,11470,11470530,목3동,21111
2024,4,양천구,11470,11470540,목4동,24339
2024,4,양천구,11470,11470550,목5동,40741
2024,4,양천구,11470,11470560,신월1동,19208
2024,4,양천구,11470,11470570,신월2동,20737
2024,4,양천구,11470,11470580,신월3동,14239
2024,4,양천구,11470,11470590,신월4동,17230
2024,4,양천구,11470,11470600,신월5동,14028
2024,4,양천구,11470,11470610,신월6동,13804
2024,4,양천구,11470,11470611,신월7동,18400
2024,4,양천구,11470,11470620,신정1동,19684
2024,4,양천구,11470,11470630,신정2동,18651
2024,4,양천구,11470,11470640,신정3동,48956
2024,4,양천구,11470,11470650,신정4동,32111
2024,4,양천구,11470,11470670,신정6동,23989
2024,4,양천구,11470,11470680,신정7동,28180
2024,4,강서구,11500,11500603,가양1동,33937
2024,4,강서구,11500,11500604,가양2동,13248
2024,4,강서구,11500,11500605,가양3동,13801
2024,4,강서구,11500,11500620,공항동,30044
2024,4,강서구,11500,11500520,등촌1동,25246
2024,4,강서구,11500,11500530,등촌2동,19327
2024,4,강서구,11500,11500535,등촌3동,29206
2024,4,강서구,11500,11500611,발산1동,35471
2024,4,강서구,11500,11500630,방화1동,41737
2024,4,강서구,11500,11500640,방화2동,23115
2024,4,강서구,11500,11500641,방화3동,21798
2024,4,강서구,11500,11500510,염창동,41330
2024,4,강서구,11500,11500615,우장산동,43680
2024,4,강서구,11500,11500540,화곡1동,50943
2024,4,강서구,11500,11500550,화곡2동,17146
2024,4,강서구,11500,11500560,화곡3동,20905
2024,4,강서구,11500,11500570,화곡4동,19501
2024,4,강서구,11500,11500591,화곡6동,25955
2024,4,강서구,11500,11500593,화곡8동,23159
2024,4,강서구,11500,11500590,화곡본동,32645
2024,4,구로구,11530,11530595,가리봉동,12450
2024,4,구로구,11530,11530740,개봉1동,33922
2024,4,구로구,11530,11530750,개봉2동,29644
2024,4,구로구,11530,11530760,개봉3동,19761
2024,4,구로구,11530,11530720,고척1동,26775
2024,4,구로구,11530,11530730,고척2동,25885
2024,4,구로구,11530,11530520,구로1동,20599
2024,4,구로구,11530,11530530,구로2동,28743
2024,4,구로구,11530,11530540,구로3동,24720
2024,4,구로구,11530,11530550,구로4동,22118
2024,4,구로구,11530,11530560,구로5동,31697
2024,4,구로구,11530,11530790,수궁동,22873
2024,4,구로구,11530,11530510,신도림동,36327
2024,4,구로구,11530,11530770,오류1동,23270
2024,4,구로구,11530,11530780,오류2동,36714
2024,4,구로구,11530,11530800,항동,16418
2024,4,금천구,11545,11545510,가산동,27368
2024,4,금천구,11545,11545610,독산1동,49008
2024,4,금천구,11545,11545620,독산2동,18793
2024,4,금천구,11545,11545630,독산3동,26288
2024,4,금천구,11545,11545640,독산4동,15840
2024,4,금천구,11545,11545670,시흥1동,33414
2024,4,금천구,11545,11545680,시흥2동,20334
2024,4,금천구,11545,11545690,시흥3동,10314
2024,4,금천구,11545,11545700,시흥4동,19442
2024,4,금천구,11545,11545710,시흥5동,18269
2024,4,영등포구,11560,11560550,당산1동,21631
2024,4,영등포구,11560,11560560,당산2동,36863
2024,4,영등포구,11560,11560700,대림1동,16031
2024,4,영등포구,11560,11560710,대림2동,17522
2024,4,영등포구,11560,11560720,대림3동,24624
2024,4,영등포구,11560,11560585,도림동,19611
2024,4,영등포구,11560,11560605,문래동,31737
2024,4,영등포구,11560,11560630,신길1동,20420
2024,4,영등포구,11560,11560650,신길3동,16901
2024,4,영등포구,11560,11560660,신길4동,12609
2024,4,영등포구,11560,11560670,신길5동,10639
2024,4,영등포구,11560,11560680,신길6동,18597
2024,4,영등포구,11560,11560690,신길7동,19830
2024,4,영등포구,11560,11560610,양평1동,18496
2024,4,영등포구,11560,11560620,양평2동,22938
2024,4,영등포구,11560,11560540,여의동,34282
2024,4,영등포구,11560,11560535,영등포동,32136
2024,4,영등포구,11560,11560515,영등포본동,22306
2024,4,동작구,11590,11590510,노량진1동,33626
2024,4,동작구,11590,11590520,노량진2동,8938
2024,4,동작구,11590,11590660,대방동,35337
2024,4,동작구,11590,11590620,사당1동,22821
2024,4,동작구,11590,11590630,사당2동,28188
2024,4,동작구,11590,11590640,사당3동,23701
2024,4,동작구,11590,11590650,사당4동,13881
2024,4,동작구,11590,11590651,사당5동,14191
2024,4,동작구,11590,11590530,상도1동,46256
2024,4,동작구,11590,11590540,상도2동,27632
2024,4,동작구,11590,11590550,상도3동,24047
2024,4,동작구,11590,11590560,상도4동,29339
2024,4,동작구,11590,11590670,신대방1동,24929
2024,4,동작구,11590,11590680,신대방2동,22106
2024,4,동작구,11590,11590605,흑석동,32360
2024,4,관악구,11620,11620585,낙성대동,18013
2024,4,관악구,11620,11620775,난곡동,25269
2024,4,관악구,11620,11620715,난향동,14739
2024,4,관악구,11620,11620630,남현동,17724
2024,4,관악구,11620,11620735,대학동,27940
2024,4,관악구,11620,11620765,미성동,29499
2024,4,관악구,11620,11620525,보라매동,23850
2024,4,관악구,11620,11620745,삼성동,19667
2024,4,관악구,11620,11620665,서림동,24669
2024,4,관악구,11620,11620645,서원동,23874
2024,4,관악구,11620,11620565,성현동,28119
2024,4,관악구,11620,11620695,신림동,24050
2024,4,관악구,11620,11620685,신사동,24405
2024,4,관악구,11620,11620655,신원동,18316
2024,4,관악구,11620,11620605,은천동,32397
2024,4,관악구,11620,11620625,인헌동,25434
2024,4,관악구,11620,11620725,조원동,21097
2024,4,관악구,11620,11620615,중앙동,15561
2024,4,관악구,11620,11620595,청룡동,37009
2024,4,관악구,11620,11620545,청림동,14672
2024,4,관악구,11620,11620575,행운동,29316
2024,4,서초구,11650,11650660,내곡동,16927
2024,4,서초구,11650,11650560,반포1동,34144
2024,4,서초구,11650,11650570,반포2동,26603
2024,4,서초구,11650,11650580,반포3동,24024
2024,4,서초구,11650,11650581,반포4동,19238
2024,4,서초구,11650,11650550,반포본동,235
2024,4,서초구,11650,11650600,방배1동,16570
2024,4,서초구,11650,11650610,방배2동,17997
2024,4,서초구,11650,11650620,방배3동,15849
2024,4,서초구,11650,11650621,방배4동,23040
2024,4,서초구,11650,11650590,방배본동,20248
2024,4,서초구,11650,11650510,서초1동,20408
2024,4,서초구,11650,11650520,서초2동,25129
2024,4,서초구,11650,11650530,서초3동,32370
2024,4,서초구,11650,11650531,서초4동,30533
2024,4,서초구,11650,11650651,양재1동,41515
2024,4,서초구,11650,11650652,양재2동,21288
2024,4,서초구,11650,11650540,잠원동,26958
2024,4,강남구,11680,11680660,개포1동,26399
2024,4,강남구,11680,11680670,개포2동,42535
2024,4,강남구,11680,11680690,개포4동,23313
2024,4,강남구,11680,11680521,논현1동,21510
2024,4,강남구,11680,11680531,논현2동,20571
2024,4,강남구,11680,11680600,대치1동,23979
2024,4,강남구,11680,11680610,대치2동,38484
2024,4,강남구,11680,11680630,대치4동,18580
2024,4,강남구,11680,11680655,도곡1동,20721
2024,4,강남구,11680,11680656,도곡2동,32348
2024,4,강남구,11680,11680580,삼성1동,12283
2024,4,강남구,11680,11680590,삼성2동,30834
2024,4,강남구,11680,11680700,세곡동,46455
2024,4,강남구,11680,11680750,수서동,13694
2024,4,강남구,11680,11680510,신사동,15480
2024,4,강남구,11680,11680545,압구정동,25746
2024,4,강남구,11680,11680640,역삼1동,35596
2024,4,강남구,11680,11680650,역삼2동,36604
2024,4,강남구,11680,11680730,일원1동,14444
2024,4,강남구,11680,11680740,일원2동,16767
2024,4,강남구,11680,11680720,일원본동,22619
2024,4,강남구,11680,11680565,청담동,24253
2024,4,송파구,11710,11710631,가락1동,27652
2024,4,송파구,11710,11710632,가락2동,30961
2024,4,송파구,11710,11710620,가락본동,25081
2024,4,송파구,11710,11710531,거여1동,11919
2024,4,송파구,11710,11710532,거여2동,23417
2024,4,송파구,11710,11710540,마천1동,16313
2024,4,송파구,11710,11710550,마천2동,17423
2024,4,송파구,11710,11710641,문정1동,19882
2024,4,송파구,11710,11710642,문정2동,28915
2024,4,송파구,11710,11710561,방이1동,15105
2024,4,송파구,11710,11710562,방이2동,26808
2024,4,송파구,11710,11710610,삼전동,29090
2024,4,송파구,11710,11710600,석촌동,30954
2024,4,송파구,11710,11710580,송파1동,23392
2024,4,송파구,11710,11710590,송파2동,18695
2024,4,송파구,11710,11710570,오금동,38219
2024,4,송파구,11710,11710566,오륜동,17608
2024,4,송파구,11710,11710647,위례동,45193
2024,4,송파구,11710,11710670,잠실2동,34916
2024,4,송파구,11710,11710680,잠실3동,33896
2024,4,송파구,11710,11710690,잠실4동,21086
2024,4,송파구,11710,11710710,잠실6동,16563
2024,4,송파구,11710,11710720,잠실7동,9388
2024,4,송파구,11710,11710650,잠실본동,28055
2024,4,송파구,11710,11710646,장지동,30774
2024,4,송파구,11710,11710510,풍납1동,11742
2024,4,송파구,11710,11710520,풍납2동,23263
2024,4,강동구,11740,11740515,강일동,34803
2024,4,강동구,11740,11740550,고덕1동,23896
2024,4,강동구,11740,11740560,고덕2동,25572
2024,4,강동구,11740,11740685,길동,47949
2024,4,강동구,11740,11740700,둔촌2동,24830
2024,4,강동구,11740,11740530,명일1동,24935
2024,4,강동구,11740,11740540,명일2동,16911
2024,4,강동구,11740,11740520,상일동,52965
2024,4,강동구,11740,11740640,성내1동,19242
2024,4,강동구,11740,11740650,성내2동,24435
2024,4,강동구,11740,11740660,성내3동,22157
2024,4,강동구,11740,11740570,암사1동,33515
2024,4,강동구,11740,11740580,암사2동,14645
2024,4,강동구,11740,11740590,암사3동,17127
2024,4,강동구,11740,11740600,천호1동,25849
2024,4,강동구,11740,11740610,천호2동,34952
2024,4,강동구,11740,11740620,천호3동,26746
2025,1,종로구,11110,11110600,가회동,3868
2025,1,종로구,11110,11110580,교남동,9674
2025,1,종로구,11110,11110570,무악동,7857
2025,1,종로구,11110,11110550,부암동,9282
2025,1,종로구,11110,11110530,사직동,9177
2025,1,종로구,11110,11110540,삼청동,2441
2025,1,종로구,11110,11110700,숭인1동,6090
2025,1,종로구,11110,11110710,숭인2동,11239
2025,1,종로구,11110,11110640,이화동,7538
2025,1,종로구,11110,11110615,종로1234가동,8506
2025,1,종로구,11110,11110630,종로56가동,5770
2025,1,종로구,11110,11110670,창신1동,5440
2025,1,종로구,11110,11110680,창신2동,8538
2025,1,종로구,11110,11110690,창신3동,6425
2025,1,종로구,11110,11110515,청운효자동,11111
2025,1,종로구,11110,11110560,평창동,17426
2025,1,종로구,11110,11110650,혜화동,19096
2025,1,중구,11140,11140590,광희동,7130
2025,1,중구,11140,11140625,다산동,13508
2025,1,중구,11140,11140665,동화동,9994
2025,1,중구,11140,11140550,명동,3378
2025,1,중구,11140,11140520,소공동,3480
2025,1,중구,11140,11140650,신당5동,10440
2025,1,중구,11140,11140615,신당동,8816
2025,1,중구,11140,11140635,약수동,16073
2025,1,중구,11140,11140605,을지로동,3418
2025,1,중구,11140,11140580,장충동,5515
2025,1,중구,11140,11140680,중림동,12388
2025,1,중구,11140,11140645,청구동,12085
2025,1,중구,11140,11140570,필동,5241
2025,1,중구,11140,11140670,황학동,13980
2025,1,중구,11140,11140540,회현동,4972
2025,1,용산구,11170,11170530,남영동,7218
2025,1,용산구,11170,11170700,보광동,8072
2025,1,용산구,11170,11170690,서빙고동,13087
2025,1,용산구,11170,11170590,용문동,11244
2025,1,용산구,11170,11170520,용산2가동,10015
2025,1,용산구,11170,11170560,원효로1동,17823
2025,1,용산구,11170,11170570,원효로2동,13641
2025,1,용산구,11170,11170630,이촌1동,25483
2025,1,용산구,11170,11170640,이촌2동,7777
2025,1,용산구,11170,11170650,이태원1동,7554
2025,1,용산구,11170,11170660,이태원2동,10021
2025,1,용산구,11170,11170555,청파동,19307
2025,1,용산구,11170,11170625,한강로동,22535
2025,1,용산구,11170,11170685,한남동,15863
2025,1,용산구,11170,11170580,효창동,10668
2025,1,용산구,11170,11170510,후암동,16229
2025,1,성동구,11200,11200590,금호1가동,14596
2025,1,성동구,11200,11200615,금호23가동,20994
2025,1,성동구,11200,11200620,금호4가동,14175
2025,1,성동구,11200,11200540,마장동,22208
2025,1,성동구,11200,11200550,사근동,14017
2025,1,성동구,11200,11200650,성수1가1동,15376
2025,1,성동구,11200,11200660,성수1가2동,12950
2025,1,성동구,11200,11200670,성수2가1동,14497
2025,1,성동구,11200,11200690,성수2가3동,9844
2025,1,성동구,11200,11200720,송정동,9864
2025,1,성동구,11200,11200645,옥수동,25452
2025,1,성동구,11200,11200520,왕십리2동,16249
2025,1,성동구,11200,11200535,왕십리도선동,26453
2025,1,성동구,11200,11200790,용답동,13061
2025,1,성동구,11200,11200580,응봉동,14709
2025,1,성동구,11200,11200560,행당1동,13991
2025,1,성동구,11200,11200570,행당2동,22626
2025,1,광진구,11215,11215810,광장동,33884
2025,1,광진구,11215,11215850,구의1동,23695
2025,1,광진구,11215,11215860,구의2동,25788
2025,1,광진구,11215,11215870,구의3동,27865
2025,1,광진구,11215,11215730,군자동,21239
2025,1,광진구,11215,11215780,능동,11321
2025,1,광진구,11215,11215820,자양1동,22679
2025,1,광진구,11215,11215830,자양2동,24376
2025,1,광진구,11215,11215840,자양3동,27273
2025,1,광진구,11215,11215847,자양4동,23314
2025,1,광진구,11215,11215740,중곡1동,15529
2025,1,광진구,11215,11215750,중곡2동,20468
2025,1,광진구,11215,11215760,중곡3동,15674
2025,1,광진구,11215,11215770,중곡4동,27545
2025,1,광진구,11215,11215710,화양동,28010
2025,1,동대문구,11230,11230600,답십리1동,28174
2025,1,동대문구,11230,11230610,답십리2동,27290
2025,1,동대문구,11230,11230536,용신동,40672
2025,1,동대문구,11230,11230740,이문1동,24403
2025,1,동대문구,11230,11230750,이문2동,19288
2025,1,동대문구,11230,11230650,장안1동,37814
2025,1,동대문구,11230,11230660,장안2동,33361
2025,1,동대문구,11230,11230560,전농1동,33622
2025,1,동대문구,11230,11230570,전농2동,18115
2025,1,동대문구,11230,11230545,제기동,25491
2025,1,동대문구,11230,11230705,청량리동,19051
2025,1,동대문구,11230,11230710,회기동,13564
2025,1,동대문구,11230,11230720,휘경1동,15739
2025,1,동대문구,11230,11230730,휘경2동,25366
2025,1,중랑구,11260,11260660,망우3동,15867
2025,1,중랑구,11260,11260655,망우본동,38659
2025,1,중랑구,11260,11260520,면목2동,23560
2025,1,중랑구,11260,11260575,면목38동,24272
2025,1,중랑구,11260,11260540,면목4동,18134
2025,1,중랑구,11260,11260550,면목5동,14304
2025,1,중랑구,11260,11260570,면목7동,21311
2025,1,중랑구,11260,11260565,면목본동,33051
2025,1,중랑구,11260,11260620,묵1동,33595
2025,1,중랑구,11260,11260630,묵2동,18196
2025,1,중랑구,11260,11260580,상봉1동,22913
2025,1,중랑구,11260,11260590,상봉2동,21443
2025,1,중랑구,11260,11260680,신내1동,37118
2025,1,중랑구,11260,11260690,신내2동,19334
2025,1,중랑구,11260,11260600,중화1동,18456
2025,1,중랑구,11260,11260610,중화2동,24107
2025,1,성북구,11290,11290660,길음1동,35632
2025,1,성북구,11290,11290685,길음2동,21526
2025,1,성북구,11290,11290580,돈암1동,14079
2025,1,성북구,11290,11290590,돈암2동,23223
2025,1,성북구,11290,11290575,동선동,15936
2025,1,성북구,11290,11290610,보문동,16483
2025,1,성북구,11290,11290555,삼선동,22574
2025,1,성북구,11290,11290810,석관동,34308
2025,1,성북구,11290,11290525,성북동,16316
2025,1,성북구,11290,11290600,안암동,17746
2025,1,성북구,11290,11290715,월곡1동,25368
2025,1,성북구,11290,11290725,월곡2동,19308
2025,1,성북구,11290,11290760,장위1동,23254
2025,1,성북구,11290,11290770,장위2동,13109
2025,1,성북구,11290,11290780,장위3동,15487
2025,1,성북구,11290,11290620,정릉1동,17741
2025,1,성북구,11290,11290630,정릉2동,22367
2025,1,성북구,11290,11290640,정릉3동,15733
2025,1,성북구,11290,11290650,정릉4동,24296
2025,1,성북구,11290,11290705,종암동,39083
2025,1,강북구,11305,11305535,미아동,21412
2025,1,강북구,11305,11305595,번1동,17160
2025,1,강북구,11305,11305603,번2동,14675
2025,1,강북구,11305,11305608,번3동,15954
2025,1,강북구,11305,11305575,삼각산동,30333
2025,1,강북구,11305,11305534,삼양동,24551
2025,1,강북구,11305,11305545,송중동,28576
2025,1,강북구,11305,11305555,송천동,23236
2025,1,강북구,11305,11305615,수유1동,20000
2025,1,강북구,11305,11305625,수유2동,20402
2025,1,강북구,11305,11305635,수유3동,23994
2025,1,강북구,11305,11305645,우이동,19677
2025,1,강북구,11305,11305660,인수동,28827
2025,1,도봉구,11320,11320521,도봉1동,19792
2025,1,도봉구,11320,11320522,도봉2동,25992
2025,1,도봉구,11320,11320690,방학1동,27555
2025,1,도봉구,11320,11320700,방학2동,18171
2025,1,도봉구,11320,11320710,방학3동,25771
2025,1,도봉구,11320,11320660,쌍문1동,21108
2025,1,도봉구,11320,11320670,쌍문2동,17796
2025,1,도봉구,11320,11320680,쌍문3동,16423
2025,1,도봉구,11320,11320681,쌍문4동,17865
2025,1,도봉구,11320,11320511,창1동,23911
2025,1,도봉구,11320,11320512,창2동,27921
2025,1,도봉구,11320,11320513,창3동,12981
2025,1,도봉구,11320,11320514,창4동,26365
2025,1,도봉구,11320,11320515,창5동,23740
2025,1,노원구,11350,11350595,공릉1동,36411
2025,1,노원구,11350,11350600,공릉2동,42128
2025,1,노원구,11350,11350720,상계10동,17910
2025,1,노원구,11350,11350630,상계1동,36454
2025,1,노원구,11350,11350640,상계2동,19007
2025,1,노원구,11350,11350665,상계34동,27165
2025,1,노원구,11350,11350670,상계5동,22591
2025,1,노원구,11350,11350695,상계67동,31013
2025,1,노원구,11350,11350700,상계8동,21456
2025,1,노원구,11350,11350710,상계9동,19274
2025,1,노원구,11350,11350560,월계1동,21196
2025,1,노원구,11350,11350570,월계2동,25274
2025,1,노원구,11350,11350580,월계3동,28297
2025,1,노원구,11350,11350621,중계1동,26212
2025,1,노원구,11350,11350625,중계23동,31677
2025,1,노원구,11350,11350624,중계4동,19027
2025,1,노원구,11350,11350619,중계본동,22432
2025,1,노원구,11350,11350611,하계1동,26735
2025,1,노원구,11350,11350612,하계2동,20852
2025,1,은평구,11380,11380551,갈현1동,14326
2025,1,은평구,11380,11380552,갈현2동,27412
2025,1,은평구,11380,11380560,구산동,31085
2025,1,은평구,11380,11380510,녹번동,35808
2025,1,은평구,11380,11380570,대조동,27500
2025,1,은평구,11380,11380520,불광1동,37656
2025,1,은평구,11380,11380530,불광2동,26716
2025,1,은평구,11380,11380650,수색동,21306
2025,1,은평구,11380,11380631,신사1동,26217
2025,1,은평구,11380,11380632,신사2동,18792
2025,1,은평구,11380,11380625,역촌동,45140
2025,1,은평구,11380,11380580,응암1동,32485
2025,1,은평구,11380,11380590,응암2동,27281
2025,1,은평구,11380,11380600,응암3동,23560
2025,1,은평구,11380,11380640,증산동,15753
2025,1,은평구,11380,11380690,진관동,53429
2025,1,서대문구,11410,11410690,남가좌1동,16916
2025,1,서대문구,11410,11410700,남가좌2동,30425
2025,1,서대문구,11410,11410710,북가좌1동,17469
2025,1,서대문구,11410,11410720,북가좌2동,30470
2025,1,서대문구,11410,11410555,북아현동,15627
2025,1,서대문구,11410,11410585,신촌동,27882
2025,1,서대문구,11410,11410615,연희동,36985
2025,1,서대문구,11410,11410520,천연동,16647
2025,1,서대문구,11410,11410565,충현동,19829
2025,1,서대문구,11410,11410660,홍은1동,22184
2025,1,서대문구,11410,11410685,홍은2동,29026
2025,1,서대문구,11410,11410620,홍제1동,24770
2025,1,서대문구,11410,11410655,홍제2동,12247
2025,1,서대문구,11410,11410640,홍제3동,17608
2025,1,마포구,11440,11440565,공덕동,36675
2025,1,마포구,11440,11440600,대흥동,16057
2025,1,마포구,11440,11440585,도화동,20646
2025,1,마포구,11440,11440690,망원1동,18982
2025,1,마포구,11440,11440700,망원2동,17705
2025,1,마포구,11440,11440740,상암동,30034
2025,1,마포구,11440,11440655,서강동,25274
2025,1,마포구,11440,11440660,서교동,26070
2025,1,마포구,11440,11440720,성산1동,18912
2025,1,마포구,11440,11440730,성산2동,38822
2025,1,마포구,11440,11440630,신수동,22499
2025,1,마포구,11440,11440555,아현동,29524
2025,1,마포구,11440,11440710,연남동,15015
2025,1,마포구,11440,11440610,염리동,17715
2025,1,마포구,11440,11440590,용강동,21566
2025,1,마포구,11440,11440680,합정동,16356
2025,1,양천구,11470,11470510,목1동,30149
2025,1,양천구,11470,11470520,목2동,28483
2025,1,양천구,11470,11470530,목3동,21061
2025,1,양천구,11470,11470540,목4동,24263
2025,1,양천구,11470,11470550,목5동,40785
2025,1,양천구,11470,11470560,신월1동,19097
2025,1,양천구,11470,11470570,신월2동,20672
2025,1,양천구,11470,11470580,신월3동,14165
2025,1,양천구,11470,11470590,신월4동,17129
2025,1,양천구,11470,11470600,신월5동,13965
2025,1,양천구,11470,11470610,신월6동,13790
2025,1,양천구,11470,11470611,신월7동,18329
2025,1,양천구,11470,11470620,신정1동,19674
2025,1,양천구,11470,11470630,신정2동,18640
2025,1,양천구,11470,11470640,신정3동,48535
2025,1,양천구,11470,11470650,신정4동,32056
2025,1,양천구,11470,11470670,신정6동,23978
2025,1,양천구,11470,11470680,신정7동,28130
2025,1,강서구,11500,11500603,가양1동,33965
2025,1,강서구,11500,11500604,가양2동,13173
2025,1,강서구,11500,11500605,가양3동,13665
2025,1,강서구,11500,11500620,공항동,29783
2025,1,강서구,11500,11500520,등촌1동,25243
2025,1,강서구,11500,11500530,등촌2동,19278
2025,1,강서구,11500,11500535,등촌3동,29124
2025,1,강서구,11500,11500611,발산1동,35316
2025,1,강서구,11500,11500630,방화1동,40924
2025,1,강서구,11500,11500640,방화2동,23113
2025,1,강서구,11500,11500641,방화3동,21745
2025,1,강서구,11500,11500510,염창동,41255
2025,1,강서구,11500,11500615,우장산동,43507
2025,1,강서구,11500,11500540,화곡1동,50966
2025,1,강서구,11500,11500550,화곡2동,17061
2025,1,강서구,11500,11500560,화곡3동,20953
2025,1,강서구,11500,11500570,화곡4동,19441
2025,1,강서구,11500,11500591,화곡6동,25907
2025,1,강서구,11500,11500593,화곡8동,23128
2025,1,강서구,11500,11500590,화곡본동,32547
2025,1,구로구,11530,11530595,가리봉동,12453
2025,1,구로구,11530,11530740,개봉1동,34021
2025,1,구로구,11530,11530750,개봉2동,29449
2025,1,구로구,11530,11530760,개봉3동,19529
2025,1,구로구,11530,11530720,고척1동,26723
2025,1,구로구,11530,11530730,고척2동,25771
2025,1,구로구,11530,11530520,구로1동,20496
2025,1,구로구,11530,11530530,구로2동,28771
2025,1,구로구,11530,11530540,구로3동,24725
2025,1,구로구,11530,11530550,구로4동,22041
2025,1,구로구,11530,11530560,구로5동,31649
2025,1,구로구,11530,11530790,수궁동,22761
2025,1,구로구,11530,11530510,신도림동,36272
2025,1,구로구,11530,11530770,오류1동,23319
2025,1,구로구,11530,11530780,오류2동,36462
2025,1,구로구,11530,11530800,항동,16285
2025,1,금천구,11545,11545510,가산동,27504
2025,1,금천구,11545,11545610,독산1동,49009
2025,1,금천구,11545,11545620,독산2동,18781
2025,1,금천구,11545,11545630,독산3동,26232
2025,1,금천구,11545,11545640,독산4동,15745
2025,1,금천구,11545,11545670,시흥1동,33248
2025,1,금천구,11545,11545680,시흥2동,20195
2025,1,금천구,11545,11545690,시흥3동,10274
2025,1,금천구,11545,11545700,시흥4동,19337
2025,1,금천구,11545,11545710,시흥5동,18106
2025,1,영등포구,11560,11560550,당산1동,21560
2025,1,영등포구,11560,11560560,당산2동,36821
2025,1,영등포구,11560,11560700,대림1동,16021
2025,1,영등포구,11560,11560710,대림2동,17648
2025,1,영등포구,11560,11560720,대림3동,24597
2025,1,영등포구,11560,11560585,도림동,19571
2025,1,영등포구,11560,11560605,문래동,31619
2025,1,영등포구,11560,11560630,신길1동,20457
2025,1,영등포구,11560,11560650,신길3동,16954
2025,1,영등포구,11560,11560660,신길4동,12564
2025,1,영등포구,11560,11560670,신길5동,10573
2025,1,영등포구,11560,11560680,신길6동,18547
2025,1,영등포구,11560,11560690,신길7동,19831
2025,1,영등포구,11560,11560610,양평1동,18463
2025,1,영등포구,11560,11560620,양평2동,22915
2025,1,영등포구,11560,11560540,여의동,34293
2025,1,영등포구,11560,11560535,영등포동,32145
2025,1,영등포구,11560,11560515,영등포본동,22255
2025,1,동작구,11590,11590510,노량진1동,33863
2025,1,동작구,11590,11590520,노량진2동,8947
2025,1,동작구,11590,11590660,대방동,34562
2025,1,동작구,11590,11590620,사당1동,22860
2025,1,동작구,11590,11590630,사당2동,28212
2025,1,동작구,11590,11590640,사당3동,23606
2025,1,동작구,11590,11590650,사당4동,13883
2025,1,동작구,11590,11590651,사당5동,14171
2025,1,동작구,11590,11590530,상도1동,46358
2025,1,동작구,11590,11590540,상도2동,27572
2025,1,동작구,11590,11590550,상도3동,24028
2025,1,동작구,11590,11590560,상도4동,29500
2025,1,동작구,11590,11590670,신대방1동,24891
2025,1,동작구,11590,11590680,신대방2동,22321
2025,1,동작구,11590,11590605,흑석동,32123
2025,1,관악구,11620,11620585,낙성대동,18095
2025,1,관악구,11620,11620775,난곡동,25133
2025,1,관악구,11620,11620715,난향동,14675
2025,1,관악구,11620,11620630,남현동,17679
2025,1,관악구,11620,11620735,대학동,28284
2025,1,관악구,11620,11620765,미성동,29324
2025,1,관악구,11620,11620525,보라매동,23765
2025,1,관악구,11620,11620745,삼성동,19519
2025,1,관악구,11620,11620665,서림동,24768
2025,1,관악구,11620,11620645,서원동,23977
2025,1,관악구,11620,11620565,성현동,29221
2025,1,관악구,11620,11620695,신림동,24249
2025,1,관악구,11620,11620685,신사동,24480
2025,1,관악구,11620,11620655,신원동,18374
2025,1,관악구,11620,11620605,은천동,32217
2025,1,관악구,11620,11620625,인헌동,25430
2025,1,관악구,11620,11620725,조원동,21191
2025,1,관악구,11620,11620615,중앙동,15665
2025,1,관악구,11620,11620595,청룡동,37243
2025,1,관악구,11620,11620545,청림동,14553
2025,1,관악구,11620,11620575,행운동,29371
2025,1,서초구,11650,11650660,내곡동,16826
2025,1,서초구,11650,11650560,반포1동,34165
2025,1,서초구,11650,11650570,반포2동,26815
2025,1,서초구,11650,11650580,반포3동,24023
2025,1,서초구,11650,11650581,반포4동,19277
2025,1,서초구,11650,11650550,반포본동,237
2025,1,서초구,11650,11650600,방배1동,16550
2025,1,서초구,11650,11650610,방배2동,17845
2025,1,서초구,11650,11650620,방배3동,15904
2025,1,서초구,11650,11650621,방배4동,23033
2025,1,서초구,11650,11650590,방배본동,20218
2025,1,서초구,11650,11650510,서초1동,20378
2025,1,서초구,11650,11650520,서초2동,25152
2025,1,서초구,11650,11650530,서초3동,32392
2025,1,서초구,11650,11650531,서초4동,30492
2025,1,서초구,11650,11650651,양재1동,41275
2025,1,서초구,11650,11650652,양재2동,21221
2025,1,서초구,11650,11650540,잠원동,26912
2025,1,강남구,11680,11680660,개포1동,26678
2025,1,강남구,11680,11680670,개포2동,42486
2025,1,강남구,11680,11680690,개포4동,23283
2025,1,강남구,11680,11680521,논현1동,21507
2025,1,강남구,11680,11680531,논현2동,20467
2025,1,강남구,11680,11680600,대치1동,23949
2025,1,강남구,11680,11680610,대치2동,38359
2025,1,강남구,11680,11680630,대치4동,18525
2025,1,강남구,11680,11680655,도곡1동,20804
2025,1,강남구,11680,11680656,도곡2동,32437
2025,1,강남구,11680,11680580,삼성1동,12841
2025,1,강남구,11680,11680590,삼성2동,30601
2025,1,강남구,11680,11680700,세곡동,46354
2025,1,강남구,11680,11680750,수서동,13660
2025,1,강남구,11680,11680510,신사동,15454
2025,1,강남구,11680,11680545,압구정동,25796
2025,1,강남구,11680,11680640,역삼1동,35603
2025,1,강남구,11680,11680650,역삼2동,36568
2025,1,강남구,11680,11680730,일원1동,14397
2025,1,강남구,11680,11680740,일원2동,16697
2025,1,강남구,11680,11680720,일원본동,22535
2025,1,강남구,11680,11680565,청담동,24188
2025,1,송파구,11710,11710631,가락1동,27373
2025,1,송파구,11710,11710632,가락2동,30791
2025,1,송파구,11710,11710620,가락본동,24962
2025,1,송파구,11710,11710531,거여1동,11861
2025,1,송파구,11710,11710532,거여2동,23386
2025,1,송파구,11710,11710540,마천1동,15605
2025,1,송파구,11710,11710550,마천2동,17377
2025,1,송파구,11710,11710641,문정1동,19865
2025,1,송파구,11710,11710642,문정2동,28843
2025,1,송파구,11710,11710561,방이1동,15065
2025,1,송파구,11710,11710562,방이2동,26855
2025,1,송파구,11710,11710610,삼전동,28975
2025,1,송파구,11710,11710600,석촌동,30847
2025,1,송파구,11710,11710580,송파1동,23284
2025,1,송파구,11710,11710590,송파2동,19019
2025,1,송파구,11710,11710570,오금동,38092
2025,1,송파구,11710,11710566,오륜동,17547
2025,1,송파구,11710,11710647,위례동,44940
2025,1,송파구,11710,11710670,잠실2동,34798
2025,1,송파구,11710,11710680,잠실3동,33813
2025,1,송파구,11710,11710690,잠실4동,21080
2025,1,송파구,11710,11710710,잠실6동,16508
2025,1,송파구,11710,11710720,잠실7동,9366
2025,1,송파구,11710,11710650,잠실본동,28079
2025,1,송파구,11710,11710646,장지동,30987
2025,1,송파구,11710,11710510,풍납1동,11628
2025,1,송파구,11710,11710520,풍납2동,23181
2025,1,강동구,11740,11740515,강일동,34615
2025,1,강동구,11740,11740550,고덕1동,23786
2025,1,강동구,11740,11740560,고덕2동,25573
2025,1,강동구,11740,11740685,길동,48251
2025,1,강동구,11740,11740700,둔촌2동,25172
2025,1,강동구,11740,11740530,명일1동,24852
2025,1,강동구,11740,11740540,명일2동,16875
2025,1,강동구,11740,11740520,상일동,52737
2025,1,강동구,11740,11740640,성내1동,19192
2025,1,강동구,11740,11740650,성내2동,24361
2025,1,강동구,11740,11740660,성내3동,22008
2025,1,강동구,11740,11740570,암사1동,33314
2025,1,강동구,11740,11740580,암사2동,14608
2025,1,강동구,11740,11740590,암사3동,17031
2025,1,강동구,11740,11740600,천호1동,25713
2025,1,강동구,11740,11740610,천호2동,35407
2025,1,강동구,11740,11740620,천호3동,26817
2025,2,종로구,11110,11110600,가회동,3804
2025,2,종로구,11110,11110580,교남동,9658
2025,2,종로구,11110,11110570,무악동,7843
2025,2,종로구,11110,11110550,부암동,9272
2025,2,종로구,11110,11110530,사직동,9150
2025,2,종로구,11110,11110540,삼청동,2387
2025,2,종로구,11110,11110700,숭인1동,6102
2025,2,종로구,11110,11110710,숭인2동,11396
2025,2,종로구,11110,11110640,이화동,7575
2025,2,종로구,11110,11110615,종로1234가동,8567
2025,2,종로구,11110,11110630,종로56가동,5783
2025,2,종로구,11110,11110670,창신1동,5420
2025,2,종로구,11110,11110680,창신2동,8508
2025,2,종로구,11110,11110690,창신3동,6423
2025,2,종로구,11110,11110515,청운효자동,11094
2025,2,종로구,11110,11110560,평창동,17427
2025,2,종로구,11110,11110650,혜화동,18923
2025,2,중구,11140,11140590,광희동,7073
2025,2,중구,11140,11140625,다산동,13542
2025,2,중구,11140,11140665,동화동,10002
2025,2,중구,11140,11140550,명동,3394
2025,2,중구,11140,11140520,소공동,3439
2025,2,중구,11140,11140650,신당5동,10405
2025,2,중구,11140,11140615,신당동,8864
2025,2,중구,11140,11140635,약수동,16095
2025,2,중구,11140,11140605,을지로동,3373
2025,2,중구,11140,11140580,장충동,5520
2025,2,중구,11140,11140680,중림동,12397
2025,2,중구,11140,11140645,청구동,11260
2025,2,중구,11140,11140570,필동,5279
2025,2,중구,11140,11140670,황학동,14039
2025,2,중구,11140,11140540,회현동,4934
2025,2,용산구,11170,11170530,남영동,7236
2025,2,용산구,11170,11170700,보광동,7903
2025,2,용산구,11170,11170690,서빙고동,12937
2025,2,용산구,11170,11170590,용문동,11239
2025,2,용산구,11170,11170520,용산2가동,10024
2025,2,용산구,11170,11170560,원효로1동,17852
2025,2,용산구,11170,11170570,원효로2동,13635
2025,2,용산구,11170,11170630,이촌1동,25451
2025,2,용산구,11170,11170640,이촌2동,7806
2025,2,용산구,11170,11170650,이태원1동,7524
2025,2,용산구,11170,11170660,이태원2동,9961
2025,2,용산구,11170,11170555,청파동,19309
2025,2,용산구,11170,11170625,한강로동,22802
2025,2,용산구,11170,11170685,한남동,15742
2025,2,용산구,11170,11170580,효창동,10567
2025,2,용산구,11170,11170510,후암동,16226
2025,2,성동구,11200,11200590,금호1가동,14518
2025,2,성동구,11200,11200615,금호23가동,20904
2025,2,성동구,11200,11200620,금호4가동,14171
2025,2,성동구,11200,11200540,마장동,22244
2025,2,성동구,11200,11200550,사근동,13965
2025,2,성동구,11200,11200650,성수1가1동,15368
2025,2,성동구,11200,11200660,성수1가2동,13408
2025,2,성동구,11200,11200670,성수2가1동,14353
2025,2,성동구,11200,11200690,성수2가3동,9786
2025,2,성동구,11200,11200720,송정동,9786
2025,2,성동구,11200,11200645,옥수동,25448
2025,2,성동구,11200,11200520,왕십리2동,16236
2025,2,성동구,11200,11200535,왕십리도선동,26217
2025,2,성동구,11200,11200790,용답동,13157
2025,2,성동구,11200,11200580,응봉동,14627
2025,2,성동구,11200,11200560,행당1동,13901
2025,2,성동구,11200,11200570,행당2동,22594
2025,2,광진구,11215,11215810,광장동,33653
2025,2,광진구,11215,11215850,구의1동,23641
2025,2,광진구,11215,11215860,구의2동,25619
2025,2,광진구,11215,11215870,구의3동,27824
2025,2,광진구,11215,11215730,군자동,21342
2025,2,광진구,11215,11215780,능동,11309
2025,2,광진구,11215,11215820,자양1동,22629
2025,2,광진구,11215,11215830,자양2동,26356
2025,2,광진구,11215,11215840,자양3동,27220
2025,2,광진구,11215,11215847,자양4동,23779
2025,2,광진구,11215,11215740,중곡1동,15519
2025,2,광진구,11215,11215750,중곡2동,20328
2025,2,광진구,11215,11215760,중곡3동,15617
2025,2,광진구,11215,11215770,중곡4동,27367
2025,2,광진구,11215,11215710,화양동,27961
2025,2,동대문구,11230,11230600,답십리1동,27978
2025,2,동대문구,11230,11230610,답십리2동,27779
2025,2,동대문구,11230,11230536,용신동,40588
2025,2,동대문구,11230,11230740,이문1동,25029
2025,2,동대문구,11230,11230750,이문2동,19107
2025,2,동대문구,11230,11230650,장안1동,37985
2025,2,동대문구,11230,11230660,장안2동,33347
2025,2,동대문구,11230,11230560,전농1동,33481
2025,2,동대문구,11230,11230570,전농2동,18010
2025,2,동대문구,11230,11230545,제기동,25407
2025,2,동대문구,11230,11230705,청량리동,18885
2025,2,동대문구,11230,11230710,회기동,13486
2025,2,동대문구,11230,11230720,휘경1동,15540
2025,2,동대문구,11230,11230730,휘경2동,25249
2025,2,중랑구,11260,11260660,망우3동,15856
2025,2,중랑구,11260,11260655,망우본동,38732
2025,2,중랑구,11260,11260520,면목2동,23678
2025,2,중랑구,11260,11260575,면목38동,24230
2025,2,중랑구,11260,11260540,면목4동,18034
2025,2,중랑구,11260,11260550,면목5동,14278
2025,2,중랑구,11260,11260570,면목7동,21232
2025,2,중랑구,11260,11260565,면목본동,32962
2025,2,중랑구,11260,11260620,묵1동,33458
2025,2,중랑구,11260,11260630,묵2동,18156
2025,2,중랑구,11260,11260580,상봉1동,22886
2025,2,중랑구,11260,11260590,상봉2동,21526
2025,2,중랑구,11260,11260680,신내1동,37161
2025,2,중랑구,11260,11260690,신내2동,19251
2025,2,중랑구,11260,11260600,중화1동,18410
2025,2,중랑구,11260,11260610,중화2동,24108
2025,2,성북구,11290,11290660,길음1동,35647
2025,2,성북구,11290,11290685,길음2동,21588
2025,2,성북구,11290,11290580,돈암1동,14015
2025,2,성북구,11290,11290590,돈암2동,23119
2025,2,성북구,11290,11290575,동선동,15969
2025,2,성북구,11290,11290610,보문동,16481
2025,2,성북구,11290,11290555,삼선동,22483
2025,2,성북구,11290,11290810,석관동,34156
2025,2,성북구,11290,11290525,성북동,16290
2025,2,성북구,11290,11290600,안암동,17849
2025,2,성북구,11290,11290715,월곡1동,25244
2025,2,성북구,11290,11290725,월곡2동,19224
2025,2,성북구,11290,11290760,장위1동,23091
2025,2,성북구,11290,11290770,장위2동,15378
2025,2,성북구,11290,11290780,장위3동,18201
2025,2,성북구,11290,11290620,정릉1동,17741
2025,2,성북구,11290,11290630,정릉2동,22314
2025,2,성북구,11290,11290640,정릉3동,15689
2025,2,성북구,11290,11290650,정릉4동,24274
2025,2,성북구,11290,11290705,종암동,38939
2025,2,강북구,11305,11305535,미아동,21339
2025,2,강북구,11305,11305595,번1동,17137
2025,2,강북구,11305,11305603,번2동,14619
2025,2,강북구,11305,11305608,번3동,15871
2025,2,강북구,11305,11305575,삼각산동,30232
2025,2,강북구,11305,11305534,삼양동,24673
2025,2,강북구,11305,11305545,송중동,28395
2025,2,강북구,11305,11305555,송천동,22643
2025,2,강북구,11305,11305615,수유1동,19914
2025,2,강북구,11305,11305625,수유2동,20321
2025,2,강북구,11305,11305635,수유3동,23991
2025,2,강북구,11305,11305645,우이동,19658
2025,2,강북구,11305,11305660,인수동,28730
2025,2,도봉구,11320,11320521,도봉1동,19803
2025,2,도봉구,11320,11320522,도봉2동,25935
2025,2,도봉구,11320,11320690,방학1동,27449
2025,2,도봉구,11320,11320700,방학2동,18077
2025,2,도봉구,11320,11320710,방학3동,25666
2025,2,도봉구,11320,11320660,쌍문1동,21123
2025,2,도봉구,11320,11320670,쌍문2동,17730
2025,2,도봉구,11320,11320680,쌍문3동,16380
2025,2,도봉구,11320,11320681,쌍문4동,17885
2025,2,도봉구,11320,11320511,창1동,23853
2025,2,도봉구,11320,11320512,창2동,27904
2025,2,도봉구,11320,11320513,창3동,12945
2025,2,도봉구,11320,11320514,창4동,26246
2025,2,도봉구,11320,11320515,창5동,23559
2025,2,노원구,11350,11350595,공릉1동,36265
2025,2,노원구,11350,11350600,공릉2동,42006
2025,2,노원구,11350,11350720,상계10동,17853
2025,2,노원구,11350,11350630,상계1동,36459
2025,2,노원구,11350,11350640,상계2동,18938
2025,2,노원구,11350,11350665,상계34동,27035
2025,2,노원구,11350,11350670,상계5동,22527
2025,2,노원구,11350,11350695,상계67동,30729
2025,2,노원구,11350,11350700,상계8동,21461
2025,2,노원구,11350,11350710,상계9동,19261
2025,2,노원구,11350,11350560,월계1동,21129
2025,2,노원구,11350,11350570,월계2동,25183
2025,2,노원구,11350,11350580,월계3동,28172
2025,2,노원구,11350,11350621,중계1동,26121
2025,2,노원구,11350,11350625,중계23동,31893
2025,2,노원구,11350,11350624,중계4동,18940
2025,2,노원구,11350,11350619,중계본동,22341
2025,2,노원구,11350,11350611,하계1동,26470
2025,2,노원구,11350,11350612,하계2동,19829
2025,2,은평구,11380,11380551,갈현1동,14250
2025,2,은평구,11380,11380552,갈현2동,27220
2025,2,은평구,11380,11380560,구산동,30958
2025,2,은평구,11380,11380510,녹번동,35684
2025,2,은평구,11380,11380570,대조동,27416
2025,2,은평구,11380,11380520,불광1동,37546
2025,2,은평구,11380,11380530,불광2동,26622
2025,2,은평구,11380,11380650,수색동,21367
2025,2,은평구,11380,11380631,신사1동,26139
2025,2,은평구,11380,11380632,신사2동,18692
2025,2,은평구,11380,11380625,역촌동,45218
2025,2,은평구,11380,11380580,응암1동,32424
2025,2,은평구,11380,11380590,응암2동,27237
2025,2,은평구,11380,11380600,응암3동,23582
2025,2,은평구,11380,11380640,증산동,15625
2025,2,은평구,11380,11380690,진관동,53185
2025,2,서대문구,11410,11410690,남가좌1동,16817
2025,2,서대문구,11410,11410700,남가좌2동,30364
2025,2,서대문구,11410,11410710,북가좌1동,17463
2025,2,서대문구,11410,11410720,북가좌2동,30407
2025,2,서대문구,11410,11410555,북아현동,15623
2025,2,서대문구,11410,11410585,신촌동,27520
2025,2,서대문구,11410,11410615,연희동,36862
2025,2,서대문구,11410,11410520,천연동,16624
2025,2,서대문구,11410,11410565,충현동,19838
2025,2,서대문구,11410,11410660,홍은1동,22094
2025,2,서대문구,11410,11410685,홍은2동,28756
2025,2,서대문구,11410,11410620,홍제1동,24731
2025,2,서대문구,11410,11410655,홍제2동,12184
2025,2,서대문구,11410,11410640,홍제3동,17544
2025,2,마포구,11440,11440565,공덕동,36674
2025,2,마포구,11440,11440600,대흥동,15917
2025,2,마포구,11440,11440585,도화동,20679
2025,2,마포구,11440,11440690,망원1동,18881
2025,2,마포구,11440,11440700,망원2동,17624
2025,2,마포구,11440,11440740,상암동,29994
2025,2,마포구,11440,11440655,서강동,25081
2025,2,마포구,11440,11440660,서교동,25947
2025,2,마포구,11440,11440720,성산1동,18936
2025,2,마포구,11440,11440730,성산2동,38683
2025,2,마포구,11440,11440630,신수동,22438
2025,2,마포구,11440,11440555,아현동,29602
2025,2,마포구,11440,11440710,연남동,14920
2025,2,마포구,11440,11440610,염리동,17628
2025,2,마포구,11440,11440590,용강동,21578
2025,2,마포구,11440,11440680,합정동,16315
2025,2,양천구,11470,11470510,목1동,30064
2025,2,양천구,11470,11470520,목2동,28381
2025,2,양천구,11470,11470530,목3동,21057
2025,2,양천구,11470,11470540,목4동,24131
2025,2,양천구,11470,11470550,목5동,40714
2025,2,양천구,11470,11470560,신월1동,19019
2025,2,양천구,11470,11470570,신월2동,20717
2025,2,양천구,11470,11470580,신월3동,14098
2025,2,양천구,11470,11470590,신월4동,17086
2025,2,양천구,11470,11470600,신월5동,13888
2025,2,양천구,11470,11470610,신월6동,13763
2025,2,양천구,11470,11470611,신월7동,18222
2025,2,양천구,11470,11470620,신정1동,19619
2025,2,양천구,11470,11470630,신정2동,18536
2025,2,양천구,11470,11470640,신정3동,48222
2025,2,양천구,11470,11470650,신정4동,32038
2025,2,양천구,11470,11470670,신정6동,23944
2025,2,양천구,11470,11470680,신정7동,28001
2025,2,강서구,11500,11500603,가양1동,33858
2025,2,강서구,11500,11500604,가양2동,13093
2025,2,강서구,11500,11500605,가양3동,13651
2025,2,강서구,11500,11500620,공항동,29386
2025,2,강서구,11500,11500520,등촌1동,25195
2025,2,강서구,11500,11500530,등촌2동,19209
2025,2,강서구,11500,11500535,등촌3동,29003
2025,2,강서구,11500,11500611,발산1동,35318
2025,2,강서구,11500,11500630,방화1동,40023
2025,2,강서구,11500,11500640,방화2동,23259
2025,2,강서구,11500,11500641,방화3동,21666
2025,2,강서구,11500,11500510,염창동,41346
2025,2,강서구,11500,11500615,우장산동,43484
2025,2,강서구,11500,11500540,화곡1동,50887
2025,2,강서구,11500,11500550,화곡2동,17008
2025,2,강서구,11500,11500560,화곡3동,20909
2025,2,강서구,11500,11500570,화곡4동,19440
2025,2,강서구,11500,11500591,화곡6동,25906
2025,2,강서구,11500,11500593,화곡8동,23099
2025,2,강서구,11500,11500590,화곡본동,32489
2025,2,구로구,11530,11530595,가리봉동,12537
2025,2,구로구,11530,11530740,개봉1동,34040
2025,2,구로구,11530,11530750,개봉2동,29768
2025,2,구로구,11530,11530760,개봉3동,19445
2025,2,구로구,11530,11530720,고척1동,26685
2025,2,구로구,11530,11530730,고척2동,25665
2025,2,구로구,11530,11530520,구로1동,20416
2025,2,구로구,11530,11530530,구로2동,28832
2025,2,구로구,11530,11530540,구로3동,24640
2025,2,구로구,11530,11530550,구로4동,22010
2025,2,구로구,11530,11530560,구로5동,31561
2025,2,구로구,11530,11530790,수궁동,22657
2025,2,구로구,11530,11530510,신도림동,36222
2025,2,구로구,11530,11530770,오류1동,23349
2025,2,구로구,11530,11530780,오류2동,36404
2025,2,구로구,11530,11530800,항동,16257
2025,2,금천구,11545,11545510,가산동,27691
2025,2,금천구,11545,11545610,독산1동,49134
2025,2,금천구,11545,11545620,독산2동,18719
2025,2,금천구,11545,11545630,독산3동,26186
2025,2,금천구,11545,11545640,독산4동,15656
2025,2,금천구,11545,11545670,시흥1동,33237
2025,2,금천구,11545,11545680,시흥2동,20164
2025,2,금천구,11545,11545690,시흥3동,10226
2025,2,금천구,11545,11545700,시흥4동,19265
2025,2,금천구,11545,11545710,시흥5동,18027
2025,2,영등포구,11560,11560550,당산1동,21500
2025,2,영등포구,11560,11560560,당산2동,36795
2025,2,영등포구,11560,11560700,대림1동,15993
2025,2,영등포구,11560,11560710,대림2동,17675
2025,2,영등포구,11560,11560720,대림3동,24646
2025,2,영등포구,11560,11560585,도림동,19654
2025,2,영등포구,11560,11560605,문래동,31568
2025,2,영등포구,11560,11560630,신길1동,20428
2025,2,영등포구,11560,11560650,신길3동,17030
2025,2,영등포구,11560,11560660,신길4동,12557
2025,2,영등포구,11560,11560670,신길5동,10620
2025,2,영등포구,11560,11560680,신길6동,18559
2025,2,영등포구,11560,11560690,신길7동,19776
2025,2,영등포구,11560,11560610,양평1동,18518
2025,2,영등포구,11560,11560620,양평2동,22836
2025,2,영등포구,11560,11560540,여의동,34366
2025,2,영등포구,11560,11560535,영등포동,32076
2025,2,영등포구,11560,11560515,영등포본동,22244
2025,2,동작구,11590,11590510,노량진1동,34089
2025,2,동작구,11590,11590520,노량진2동,8874
2025,2,동작구,11590,11590660,대방동,34412
2025,2,동작구,11590,11590620,사당1동,22740
2025,2,동작구,11590,11590630,사당2동,28195
2025,2,동작구,11590,11590640,사당3동,23580
2025,2,동작구,11590,11590650,사당4동,13881
2025,2,동작구,11590,11590651,사당5동,14158
2025,2,동작구,11590,11590530,상도1동,46315
2025,2,동작구,11590,11590540,상도2동,27461
2025,2,동작구,11590,11590550,상도3동,23919
2025,2,동작구,11590,11590560,상도4동,29542
2025,2,동작구,11590,11590670,신대방1동,24863
2025,2,동작구,11590,11590680,신대방2동,22383
2025,2,동작구,11590,11590605,흑석동,32181
2025,2,관악구,11620,11620585,낙성대동,18143
2025,2,관악구,11620,11620775,난곡동,24951
2025,2,관악구,11620,11620715,난향동,14639
2025,2,관악구,11620,11620630,남현동,17549
2025,2,관악구,11620,11620735,대학동,28595
2025,2,관악구,11620,11620765,미성동,29223
2025,2,관악구,11620,11620525,보라매동,23724
2025,2,관악구,11620,11620745,삼성동,19876
2025,2,관악구,11620,11620665,서림동,24891
2025,2,관악구,11620,11620645,서원동,23988
2025,2,관악구,11620,11620565,성현동,29858
2025,2,관악구,11620,11620695,신림동,24249
2025,2,관악구,11620,11620685,신사동,24377
2025,2,관악구,11620,11620655,신원동,18369
2025,2,관악구,11620,11620605,은천동,32200
2025,2,관악구,11620,11620625,인헌동,25490
2025,2,관악구,11620,11620725,조원동,21206
2025,2,관악구,11620,11620615,중앙동,15626
2025,2,관악구,11620,11620595,청룡동,37174
2025,2,관악구,11620,11620545,청림동,14556
2025,2,관악구,11620,11620575,행운동,29316
2025,2,서초구,11650,11650660,내곡동,16822
2025,2,서초구,11650,11650560,반포1동,34044
2025,2,서초구,11650,11650570,반포2동,26794
2025,2,서초구,11650,11650580,반포3동,23989
2025,2,서초구,11650,11650581,반포4동,19239
2025,2,서초구,11650,11650550,반포본동,226
2025,2,서초구,11650,11650600,방배1동,16541
2025,2,서초구,11650,11650610,방배2동,17750
2025,2,서초구,11650,11650620,방배3동,15845
2025,2,서초구,11650,11650621,방배4동,22978
2025,2,서초구,11650,11650590,방배본동,20169
2025,2,서초구,11650,11650510,서초1동,20426
2025,2,서초구,11650,11650520,서초2동,25219
2025,2,서초구,11650,11650530,서초3동,32345
2025,2,서초구,11650,11650531,서초4동,30390
2025,2,서초구,11650,11650651,양재1동,41187
2025,2,서초구,11650,11650652,양재2동,21150
2025,2,서초구,11650,11650540,잠원동,27090
2025,2,강남구,11680,11680660,개포1동,26833
2025,2,강남구,11680,11680670,개포2동,42347
2025,2,강남구,11680,11680690,개포4동,23191
2025,2,강남구,11680,11680521,논현1동,21474
2025,2,강남구,11680,11680531,논현2동,20502
2025,2,강남구,11680,11680600,대치1동,23866
2025,2,강남구,11680,11680610,대치2동,38298
2025,2,강남구,11680,11680630,대치4동,18442
2025,2,강남구,11680,11680655,도곡1동,20814
2025,2,강남구,11680,11680656,도곡2동,32297
2025,2,강남구,11680,11680580,삼성1동,13037
2025,2,강남구,11680,11680590,삼성2동,30567
2025,2,강남구,11680,11680700,세곡동,46290
2025,2,강남구,11680,11680750,수서동,13637
2025,2,강남구,11680,11680510,신사동,15406
2025,2,강남구,11680,11680545,압구정동,25703
2025,2,강남구,11680,11680640,역삼1동,35629
2025,2,강남구,11680,11680650,역삼2동,36519
2025,2,강남구,11680,11680730,일원1동,14352
2025,2,강남구,11680,11680740,일원2동,16695
2025,2,강남구,11680,11680720,일원본동,22492
2025,2,강남구,11680,11680565,청담동,24135
2025,2,송파구,11710,11710631,가락1동,27310
2025,2,송파구,11710,11710632,가락2동,30657
2025,2,송파구,11710,11710620,가락본동,24843
2025,2,송파구,11710,11710531,거여1동,11830
2025,2,송파구,11710,11710532,거여2동,23355
2025,2,송파구,11710,11710540,마천1동,15412
2025,2,송파구,11710,11710550,마천2동,17274
2025,2,송파구,11710,11710641,문정1동,19841
2025,2,송파구,11710,11710642,문정2동,28818
2025,2,송파구,11710,11710561,방이1동,15019
2025,2,송파구,11710,11710562,방이2동,26914
2025,2,송파구,11710,11710610,삼전동,28836
2025,2,송파구,11710,11710600,석촌동,30778
2025,2,송파구,11710,11710580,송파1동,23262
2025,2,송파구,11710,11710590,송파2동,19294
2025,2,송파구,11710,11710570,오금동,38158
2025,2,송파구,11710,11710566,오륜동,17477
2025,2,송파구,11710,11710647,위례동,44928
2025,2,송파구,11710,11710670,잠실2동,34729
2025,2,송파구,11710,11710680,잠실3동,33739
2025,2,송파구,11710,11710690,잠실4동,21033
2025,2,송파구,11710,11710710,잠실6동,16463
2025,2,송파구,11710,11710720,잠실7동,9338
2025,2,송파구,11710,11710650,잠실본동,27928
2025,2,송파구,11710,11710646,장지동,31040
2025,2,송파구,11710,11710510,풍납1동,11503
2025,2,송파구,11710,11710520,풍납2동,23129
2025,2,강동구,11740,11740515,강일동,34484
2025,2,강동구,11740,11740550,고덕1동,23732
2025,2,강동구,11740,11740560,고덕2동,26230
2025,2,강동구,11740,11740685,길동,48562
2025,2,강동구,11740,11740700,둔촌2동,25303
2025,2,강동구,11740,11740530,명일1동,24800
2025,2,강동구,11740,11740540,명일2동,16898
2025,2,강동구,11740,11740520,상일동,52627
2025,2,강동구,11740,11740640,성내1동,19183
2025,2,강동구,11740,11740650,성내2동,24670
2025,2,강동구,11740,11740660,성내3동,22020
2025,2,강동구,11740,11740570,암사1동,33179
2025,2,강동구,11740,11740580,암사2동,14573
2025,2,강동구,11740,11740590,암사3동,17004
2025,2,강동구,11740,11740600,천호1동,25565
2025,2,강동구,11740,11740610,천호2동,35506
2025,2,강동구,11740,11740620,천호3동,26849
2025,3,종로구,11110,11110600,가회동,3767
2025,3,종로구,11110,11110580,교남동,9628
2025,3,종로구,11110,11110570,무악동,7741
2025,3,종로구,11110,11110550,부암동,9207
2025,3,종로구,11110,11110530,사직동,9151
2025,3,종로구,11110,11110540,삼청동,2384
2025,3,종로구,11110,11110700,숭인1동,6074
2025,3,종로구,11110,11110710,숭인2동,11447
2025,3,종로구,11110,11110640,이화동,7638
2025,3,종로구,11110,11110615,종로1234가동,8645
2025,3,종로구,11110,11110630,종로56가동,5791
2025,3,종로구,11110,11110670,창신1동,5436
2025,3,종로구,11110,11110680,창신2동,8463
2025,3,종로구,11110,11110690,창신3동,6381
2025,3,종로구,11110,11110515,청운효자동,11100
2025,3,종로구,11110,11110560,평창동,17290
2025,3,종로구,11110,11110650,혜화동,19022
2025,3,중구,11140,11140590,광희동,7122
2025,3,중구,11140,11140625,다산동,13510
2025,3,중구,11140,11140665,동화동,9937
2025,3,중구,11140,11140550,명동,3408
2025,3,중구,11140,11140520,소공동,3478
2025,3,중구,11140,11140650,신당5동,10342
2025,3,중구,11140,11140615,신당동,8881
2025,3,중구,11140,11140635,약수동,15994
2025,3,중구,11140,11140605,을지로동,3388
2025,3,중구,11140,11140580,장충동,5496
2025,3,중구,11140,11140680,중림동,12337
2025,3,중구,11140,11140645,청구동,11013
2025,3,중구,11140,11140570,필동,5155
2025,3,중구,11140,11140670,황학동,13993
2025,3,중구,11140,11140540,회현동,4888
2025,3,용산구,11170,11170530,남영동,7450
2025,3,용산구,11170,11170700,보광동,7764
2025,3,용산구,11170,11170690,서빙고동,12836
2025,3,용산구,11170,11170590,용문동,11214
2025,3,용산구,11170,11170520,용산2가동,9911
2025,3,용산구,11170,11170560,원효로1동,17843
2025,3,용산구,11170,11170570,원효로2동,13557
2025,3,용산구,11170,11170630,이촌1동,25456
2025,3,용산구,11170,11170640,이촌2동,7765
2025,3,용산구,11170,11170650,이태원1동,7439
2025,3,용산구,11170,11170660,이태원2동,9936
2025,3,용산구,11170,11170555,청파동,19514
2025,3,용산구,11170,11170625,한강로동,22730
2025,3,용산구,11170,11170685,한남동,15597
2025,3,용산구,11170,11170580,효창동,10546
2025,3,용산구,11170,11170510,후암동,16158
2025,3,성동구,11200,11200590,금호1가동,14382
2025,3,성동구,11200,11200615,금호23가동,20815
2025,3,성동구,11200,11200620,금호4가동,14112
2025,3,성동구,11200,11200540,마장동,22425
2025,3,성동구,11200,11200550,사근동,14310
2025,3,성동구,11200,11200650,성수1가1동,15282
2025,3,성동구,11200,11200660,성수1가2동,13493
2025,3,성동구,11200,11200670,성수2가1동,14260
2025,3,성동구,11200,11200690,성수2가3동,9813
2025,3,성동구,11200,11200720,송정동,9736
2025,3,성동구,11200,11200645,옥수동,25341
2025,3,성동구,11200,11200520,왕십리2동,16106
2025,3,성동구,11200,11200535,왕십리도선동,26136
2025,3,성동구,11200,11200790,용답동,13766
2025,3,성동구,11200,11200580,응봉동,14527
2025,3,성동구,11200,11200560,행당1동,15280
2025,3,성동구,11200,11200570,행당2동,22504
2025,3,광진구,11215,11215810,광장동,33321
2025,3,광진구,11215,11215850,구의1동,23631
2025,3,광진구,11215,11215860,구의2동,25558
2025,3,광진구,11215,11215870,구의3동,27811
2025,3,광진구,11215,11215730,군자동,21395
2025,3,광진구,11215,11215780,능동,11339
2025,3,광진구,11215,11215820,자양1동,22620
2025,3,광진구,11215,11215830,자양2동,26670
2025,3,광진구,11215,11215840,자양3동,27137
2025,3,광진구,11215,11215847,자양4동,23635
2025,3,광진구,11215,11215740,중곡1동,15434
2025,3,광진구,11215,11215750,중곡2동,20243
2025,3,광진구,11215,11215760,중곡3동,15574
2025,3,광진구,11215,11215770,중곡4동,27255
2025,3,광진구,11215,11215710,화양동,28340
2025,3,동대문구,11230,11230600,답십리1동,27864
2025,3,동대문구,11230,11230610,답십리2동,27770
2025,3,동대문구,11230,11230536,용신동,1853
2025,3,동대문구,11230,11230740,이문1동,25070
2025,3,동대문구,11230,11230750,이문2동,18955
2025,3,동대문구,11230,11230650,장안1동,38086
2025,3,동대문구,11230,11230660,장안2동,33312
2025,3,동대문구,11230,11230560,전농1동,33289
2025,3,동대문구,11230,11230570,전농2동,17872
2025,3,동대문구,11230,11230545,제기동,25468
2025,3,동대문구,11230,11230705,청량리동,18724
2025,3,동대문구,11230,11230710,회기동,13620
2025,3,동대문구,11230,11230720,휘경1동,19033
2025,3,동대문구,11230,11230730,휘경2동,25058
2025,3,중랑구,11260,11260660,망우3동,15790
2025,3,중랑구,11260,11260655,망우본동,38603
2025,3,중랑구,11260,11260520,면목2동,23515
2025,3,중랑구,11260,11260575,면목38동,24135
2025,3,중랑구,11260,11260540,면목4동,17942
2025,3,중랑구,11260,11260550,면목5동,14242
2025,3,중랑구,11260,11260570,면목7동,21056
2025,3,중랑구,11260,11260565,면목본동,32740
2025,3,중랑구,11260,11260620,묵1동,33325
2025,3,중랑구,11260,11260630,묵2동,18072
2025,3,중랑구,11260,11260580,상봉1동,22830
2025,3,중랑구,11260,11260590,상봉2동,21515
2025,3,중랑구,11260,11260680,신내1동,36972
2025,3,중랑구,11260,11260690,신내2동,19149
2025,3,중랑구,11260,11260600,중화1동,18275
2025,3,중랑구,11260,11260610,중화2동,25576
2025,3,성북구,11290,11290660,길음1동,35596
2025,3,성북구,11290,11290685,길음2동,21528
2025,3,성북구,11290,11290580,돈암1동,13962
2025,3,성북구,11290,11290590,돈암2동,23047
2025,3,성북구,11290,11290575,동선동,15904
2025,3,성북구,11290,11290610,보문동,16389
2025,3,성북구,11290,11290555,삼선동,22384
2025,3,성북구,11290,11290810,석관동,34084
2025,3,성북구,11290,11290525,성북동,16236
2025,3,성북구,11290,11290600,안암동,17994
2025,3,성북구,11290,11290715,월곡1동,25071
2025,3,성북구,11290,11290725,월곡2동,19211
2025,3,성북구,11290,11290760,장위1동,23011
2025,3,성북구,11290,11290770,장위2동,15951
2025,3,성북구,11290,11290780,장위3동,18724
2025,3,성북구,11290,11290620,정릉1동,17822
2025,3,성북구,11290,11290630,정릉2동,22171
2025,3,성북구,11290,11290640,정릉3동,15542
2025,3,성북구,11290,11290650,정릉4동,24147
2025,3,성북구,11290,11290705,종암동,39148
2025,3,강북구,11305,11305535,미아동,21223
2025,3,강북구,11305,11305595,번1동,17115
2025,3,강북구,11305,11305603,번2동,14525
2025,3,강북구,11305,11305608,번3동,15778
2025,3,강북구,11305,11305575,삼각산동,30159
2025,3,강북구,11305,11305534,삼양동,24643
2025,3,강북구,11305,11305545,송중동,28323
2025,3,강북구,11305,11305555,송천동,22487
2025,3,강북구,11305,11305615,수유1동,19878
2025,3,강북구,11305,11305625,수유2동,20231
2025,3,강북구,11305,11305635,수유3동,23942
2025,3,강북구,11305,11305645,우이동,19639
2025,3,강북구,11305,11305660,인수동,28664
2025,3,도봉구,11320,11320521,도봉1동,19739
2025,3,도봉구,11320,11320522,도봉2동,25884
2025,3,도봉구,11320,11320690,방학1동,27775
2025,3,도봉구,11320,11320700,방학2동,17906
2025,3,도봉구,11320,11320710,방학3동,25524
2025,3,도봉구,11320,11320660,쌍문1동,21030
2025,3,도봉구,11320,11320670,쌍문2동,17594
2025,3,도봉구,11320,11320680,쌍문3동,16313
2025,3,도봉구,11320,11320681,쌍문4동,17807
2025,3,도봉구,11320,11320511,창1동,23784
2025,3,도봉구,11320,11320512,창2동,27837
2025,3,도봉구,11320,11320513,창3동,12917
2025,3,도봉구,11320,11320514,창4동,26137
2025,3,도봉구,11320,11320515,창5동,23523
2025,3,노원구,11350,11350595,공릉1동,36216
2025,3,노원구,11350,11350600,공릉2동,41760
2025,3,노원구,11350,11350720,상계10동,17832
2025,3,노원구,11350,11350630,상계1동,36361
2025,3,노원구,11350,11350640,상계2동,18861
2025,3,노원구,11350,11350665,상계34동,26848
2025,3,노원구,11350,11350670,상계5동,22435
2025,3,노원구,11350,11350695,상계67동,30581
2025,3,노원구,11350,11350700,상계8동,21345
2025,3,노원구,11350,11350710,상계9동,19161
2025,3,노원구,11350,11350560,월계1동,21041
2025,3,노원구,11350,11350570,월계2동,25168
2025,3,노원구,11350,11350580,월계3동,28122
2025,3,노원구,11350,11350621,중계1동,26033
2025,3,노원구,11350,11350625,중계23동,31742
2025,3,노원구,11350,11350624,중계4동,18918
2025,3,노원구,11350,11350619,중계본동,22283
2025,3,노원구,11350,11350611,하계1동,26324
2025,3,노원구,11350,11350612,하계2동,19708
2025,3,은평구,11380,11380551,갈현1동,14164
2025,3,은평구,11380,11380552,갈현2동,27059
2025,3,은평구,11380,11380560,구산동,30926
2025,3,은평구,11380,11380510,녹번동,35545
2025,3,은평구,11380,11380570,대조동,27394
2025,3,은평구,11380,11380520,불광1동,36548
2025,3,은평구,11380,11380530,불광2동,26502
2025,3,은평구,11380,11380650,수색동,21329
2025,3,은평구,11380,11380631,신사1동,26031
2025,3,은평구,11380,11380632,신사2동,18588
2025,3,은평구,11380,11380625,역촌동,45135
2025,3,은평구,11380,11380580,응암1동,32436
2025,3,은평구,11380,11380590,응암2동,27123
2025,3,은평구,11380,11380600,응암3동,23525
2025,3,은평구,11380,11380640,증산동,15543
2025,3,은평구,11380,11380690,진관동,53994
2025,3,서대문구,11410,11410690,남가좌1동,16749
2025,3,서대문구,11410,11410700,남가좌2동,30392
2025,3,서대문구,11410,11410710,북가좌1동,17449
2025,3,서대문구,11410,11410720,북가좌2동,30303
2025,3,서대문구,11410,11410555,북아현동,15545
2025,3,서대문구,11410,11410585,신촌동,28144
2025,3,서대문구,11410,11410615,연희동,36864
2025,3,서대문구,11410,11410520,천연동,16590
2025,3,서대문구,11410,11410565,충현동,19774
2025,3,서대문구,11410,11410660,홍은1동,23242
2025,3,서대문구,11410,11410685,홍은2동,28576
2025,3,서대문구,11410,11410620,홍제1동,24655
2025,3,서대문구,11410,11410655,홍제2동,12074
2025,3,서대문구,11410,11410640,홍제3동,17469
2025,3,마포구,11440,11440565,공덕동,36674
2025,3,마포구,11440,11440600,대흥동,16258
2025,3,마포구,11440,11440585,도화동,20631
2025,3,마포구,11440,11440690,망원1동,18820
2025,3,마포구,11440,11440700,망원2동,17549
2025,3,마포구,11440,11440740,상암동,29898
2025,3,마포구,11440,11440655,서강동,25141
2025,3,마포구,11440,11440660,서교동,26007
2025,3,마포구,11440,11440720,성산1동,18786
2025,3,마포구,11440,11440730,성산2동,38637
2025,3,마포구,11440,11440630,신수동,22326
2025,3,마포구,11440,11440555,아현동,29602
2025,3,마포구,11440,11440710,연남동,14784
2025,3,마포구,11440,11440610,염리동,17649
2025,3,마포구,11440,11440590,용강동,21499
2025,3,마포구,11440,11440680,합정동,16210
2025,3,양천구,11470,11470510,목1동,30072
2025,3,양천구,11470,11470520,목2동,28259
2025,3,양천구,11470,11470530,목3동,20972
2025,3,양천구,11470,11470540,목4동,23974
2025,3,양천구,11470,11470550,목5동,40654
2025,3,양천구,11470,11470560,신월1동,18911
2025,3,양천구,11470,11470570,신월2동,20606
2025,3,양천구,11470,11470580,신월3동,13971
2025,3,양천구,11470,11470590,신월4동,16972
2025,3,양천구,11470,11470600,신월5동,13821
2025,3,양천구,11470,11470610,신월6동,13733
2025,3,양천구,11470,11470611,신월7동,18185
2025,3,양천구,11470,11470620,신정1동,19656
2025,3,양천구,11470,11470630,신정2동,18505
2025,3,양천구,11470,11470640,신정3동,47987
2025,3,양천구,11470,11470650,신정4동,31935
2025,3,양천구,11470,11470670,신정6동,23882
2025,3,양천구,11470,11470680,신정7동,27950
2025,3,강서구,11500,11500603,가양1동,33807
2025,3,강서구,11500,11500604,가양2동,13021
2025,3,강서구,11500,11500605,가양3동,13556
2025,3,강서구,11500,11500620,공항동,29336
2025,3,강서구,11500,11500520,등촌1동,25192
2025,3,강서구,11500,11500530,등촌2동,19157
2025,3,강서구,11500,11500535,등촌3동,28931
2025,3,강서구,11500,11500611,발산1동,35199
2025,3,강서구,11500,11500630,방화1동,39817
2025,3,강서구,11500,11500640,방화2동,23153
2025,3,강서구,11500,11500641,방화3동,21561
2025,3,강서구,11500,11500510,염창동,41248
2025,3,강서구,11500,11500615,우장산동,44006
2025,3,강서구,11500,11500540,화곡1동,50775
2025,3,강서구,11500,11500550,화곡2동,16971
2025,3,강서구,11500,11500560,화곡3동,20850
2025,3,강서구,11500,11500570,화곡4동,19386
2025,3,강서구,11500,11500591,화곡6동,25844
2025,3,강서구,11500,11500593,화곡8동,23004
2025,3,강서구,11500,11500590,화곡본동,32363
2025,3,구로구,11530,11530595,가리봉동,12555
2025,3,구로구,11530,11530740,개봉1동,34036
2025,3,구로구,11530,11530750,개봉2동,29889
2025,3,구로구,11530,11530760,개봉3동,19399
2025,3,구로구,11530,11530720,고척1동,26578
2025,3,구로구,11530,11530730,고척2동,25493
2025,3,구로구,11530,11530520,구로1동,20407
2025,3,구로구,11530,11530530,구로2동,28600
2025,3,구로구,11530,11530540,구로3동,24651
2025,3,구로구,11530,11530550,구로4동,21935
2025,3,구로구,11530,11530560,구로5동,31435
2025,3,구로구,11530,11530790,수궁동,22513
2025,3,구로구,11530,11530510,신도림동,36152
2025,3,구로구,11530,11530770,오류1동,23369
2025,3,구로구,11530,11530780,오류2동,36420
2025,3,구로구,11530,11530800,항동,16275
2025,3,금천구,11545,11545510,가산동,27667
2025,3,금천구,11545,11545610,독산1동,49346
2025,3,금천구,11545,11545620,독산2동,18656
2025,3,금천구,11545,11545630,독산3동,26204
2025,3,금천구,11545,11545640,독산4동,15547
2025,3,금천구,11545,11545670,시흥1동,33062
2025,3,금천구,11545,11545680,시흥2동,20092
2025,3,금천구,11545,11545690,시흥3동,10190
2025,3,금천구,11545,11545700,시흥4동,19146
2025,3,금천구,11545,11545710,시흥5동,17937
2025,3,영등포구,11560,11560550,당산1동,21541
2025,3,영등포구,11560,11560560,당산2동,36717
2025,3,영등포구,11560,11560700,대림1동,15884
2025,3,영등포구,11560,11560710,대림2동,17546
2025,3,영등포구,11560,11560720,대림3동,24546
2025,3,영등포구,11560,11560585,도림동,19670
2025,3,영등포구,11560,11560605,문래동,31548
2025,3,영등포구,11560,11560630,신길1동,20329
2025,3,영등포구,11560,11560650,신길3동,17066
2025,3,영등포구,11560,11560660,신길4동,12534
2025,3,영등포구,11560,11560670,신길5동,10587
2025,3,영등포구,11560,11560680,신길6동,18521
2025,3,영등포구,11560,11560690,신길7동,19680
2025,3,영등포구,11560,11560610,양평1동,18515
2025,3,영등포구,11560,11560620,양평2동,22844
2025,3,영등포구,11560,11560540,여의동,34432
2025,3,영등포구,11560,11560535,영등포동,32098
2025,3,영등포구,11560,11560515,영등포본동,22144
2025,3,동작구,11590,11590510,노량진1동,34327
2025,3,동작구,11590,11590520,노량진2동,8808
2025,3,동작구,11590,11590660,대방동,34297
2025,3,동작구,11590,11590620,사당1동,22718
2025,3,동작구,11590,11590630,사당2동,28148
2025,3,동작구,11590,11590640,사당3동,23459
2025,3,동작구,11590,11590650,사당4동,13779
2025,3,동작구,11590,11590651,사당5동,14024
2025,3,동작구,11590,11590530,상도1동,46167
2025,3,동작구,11590,11590540,상도2동,27372
2025,3,동작구,11590,11590550,상도3동,23896
2025,3,동작구,11590,11590560,상도4동,29392
2025,3,동작구,11590,11590670,신대방1동,24739
2025,3,동작구,11590,11590680,신대방2동,22366
2025,3,동작구,11590,11590605,흑석동,32294
2025,3,관악구,11620,11620585,낙성대동,18232
2025,3,관악구,11620,11620775,난곡동,24760
2025,3,관악구,11620,11620715,난향동,14566
2025,3,관악구,11620,11620630,남현동,17507
2025,3,관악구,11620,11620735,대학동,28771
2025,3,관악구,11620,11620765,미성동,29145
2025,3,관악구,11620,11620525,보라매동,23678
2025,3,관악구,11620,11620745,삼성동,20249
2025,3,관악구,11620,11620665,서림동,25014
2025,3,관악구,11620,11620645,서원동,23908
2025,3,관악구,11620,11620565,성현동,29911
2025,3,관악구,11620,11620695,신림동,24410
2025,3,관악구,11620,11620685,신사동,24298
2025,3,관악구,11620,11620655,신원동,18235
2025,3,관악구,11620,11620605,은천동,32113
2025,3,관악구,11620,11620625,인헌동,25465
2025,3,관악구,11620,11620725,조원동,21271
2025,3,관악구,11620,11620615,중앙동,15660
2025,3,관악구,11620,11620595,청룡동,37068
2025,3,관악구,11620,11620545,청림동,14475
2025,3,관악구,11620,11620575,행운동,29262
2025,3,서초구,11650,11650660,내곡동,16780
2025,3,서초구,11650,11650560,반포1동,33769
2025,3,서초구,11650,11650570,반포2동,26601
2025,3,서초구,11650,11650580,반포3동,23574
2025,3,서초구,11650,11650581,반포4동,19146
2025,3,서초구,11650,11650550,반포본동,226
2025,3,서초구,11650,11650600,방배1동,16519
2025,3,서초구,11650,11650610,방배2동,17718
2025,3,서초구,11650,11650620,방배3동,15832
2025,3,서초구,11650,11650621,방배4동,22953
2025,3,서초구,11650,11650590,방배본동,20181
2025,3,서초구,11650,11650510,서초1동,20298
2025,3,서초구,11650,11650520,서초2동,25145
2025,3,서초구,11650,11650530,서초3동,32380
2025,3,서초구,11650,11650531,서초4동,30307
2025,3,서초구,11650,11650651,양재1동,41004
2025,3,서초구,11650,11650652,양재2동,21040
2025,3,서초구,11650,11650540,잠원동,33815
2025,3,강남구,11680,11680660,개포1동,26818
2025,3,강남구,11680,11680670,개포2동,42241
2025,3,강남구,11680,11680690,개포4동,23164
2025,3,강남구,11680,11680521,논현1동,21571
2025,3,강남구,11680,11680531,논현2동,20511
2025,3,강남구,11680,11680600,대치1동,23846
2025,3,강남구,11680,11680610,대치2동,38575
2025,3,강남구,11680,11680630,대치4동,18598
2025,3,강남구,11680,11680655,도곡1동,20827
2025,3,강남구,11680,11680656,도곡2동,32270
2025,3,강남구,11680,11680580,삼성1동,13068
2025,3,강남구,11680,11680590,삼성2동,30564
2025,3,강남구,11680,11680700,세곡동,46126
2025,3,강남구,11680,11680750,수서동,13585
2025,3,강남구,11680,11680510,신사동,15327
2025,3,강남구,11680,11680545,압구정동,25671
2025,3,강남구,11680,11680640,역삼1동,35700
2025,3,강남구,11680,11680650,역삼2동,36491
2025,3,강남구,11680,11680730,일원1동,14298
2025,3,강남구,11680,11680740,일원2동,16592
2025,3,강남구,11680,11680720,일원본동,22424
2025,3,강남구,11680,11680565,청담동,24115
2025,3,송파구,11710,11710631,가락1동,27356
2025,3,송파구,11710,11710632,가락2동,30366
2025,3,송파구,11710,11710620,가락본동,24874
2025,3,송파구,11710,11710531,거여1동,11832
2025,3,송파구,11710,11710532,거여2동,23248
2025,3,송파구,11710,11710540,마천1동,15384
2025,3,송파구,11710,11710550,마천2동,17130
2025,3,송파구,11710,11710641,문정1동,19835
2025,3,송파구,11710,11710642,문정2동,28825
2025,3,송파구,11710,11710561,방이1동,15014
2025,3,송파구,11710,11710562,방이2동,26862
2025,3,송파구,11710,11710610,삼전동,28797
2025,3,송파구,11710,11710600,석촌동,30757
2025,3,송파구,11710,11710580,송파1동,23149
2025,3,송파구,11710,11710590,송파2동,19525
2025,3,송파구,11710,11710570,오금동,37762
2025,3,송파구,11710,11710566,오륜동,17573
2025,3,송파구,11710,11710647,위례동,45143
2025,3,송파구,11710,11710670,잠실2동,34766
2025,3,송파구,11710,11710680,잠실3동,33670
2025,3,송파구,11710,11710690,잠실4동,21001
2025,3,송파구,11710,11710710,잠실6동,16467
2025,3,송파구,11710,11710720,잠실7동,9369
2025,3,송파구,11710,11710650,잠실본동,27857
2025,3,송파구,11710,11710646,장지동,30941
2025,3,송파구,11710,11710510,풍납1동,11375
2025,3,송파구,11710,11710520,풍납2동,23216
2025,3,강동구,11740,11740515,강일동,34581
2025,3,강동구,11740,11740550,고덕1동,23775
2025,3,강동구,11740,11740560,고덕2동,26432
2025,3,강동구,11740,11740685,길동,48563
2025,3,강동구,11740,11740700,둔촌2동,25293
2025,3,강동구,11740,11740530,명일1동,24838
2025,3,강동구,11740,11740540,명일2동,16948
2025,3,강동구,11740,11740520,상일동,52617
2025,3,강동구,11740,11740640,성내1동,19177
2025,3,강동구,11740,11740650,성내2동,24809
2025,3,강동구,11740,11740660,성내3동,21992
2025,3,강동구,11740,11740570,암사1동,33128
2025,3,강동구,11740,11740580,암사2동,14644
2025,3,강동구,11740,11740590,암사3동,16909
2025,3,강동구,11740,11740600,천호1동,25412
2025,3,강동구,11740,11740610,천호2동,35545
2025,3,강동구,11740,11740620,천호3동,26792
