연도,분기,NM,행정동_코드,전체,1층,1층외,영역_면적
2020,1,가락1동,11710631,148214,128269,168159,1393228
2020,1,가락2동,11710632,76446,111134,41758,932311
2020,1,가락본동,11710620,92995,118982,67008,1014738
2020,1,가리봉동,11530595,84657,117551,51764,410996
2020,1,가산동,11545510,112786,139572,86000,2512852
2020,1,가양1동,11500603,154748,223449,86048,4970691
2020,1,가양2동,11500604,115429,163956,66903,823874
2020,1,가양3동,11500605,138523,193679,83367,474228
2020,1,가회동,11110600,138100,168159,108040,539955
2020,1,갈현1동,11380551,82835,108005,57665,961071
2020,1,갈현2동,11380552,78253,108852,47653,985165
2020,1,강일동,11740515,148519,210161,86877,3647520
2020,1,개봉1동,11530740,70155,85716,54595,1320319
2020,1,개봉2동,11530750,116430,122771,110089,782524
2020,1,개봉3동,11530760,72488,95081,49895,828418
2020,1,개포1동,11680660,,,,1449952
2020,1,개포2동,11680670,127119,172021,82217,2243338
2020,1,개포4동,11680690,65085,79235,50935,1665461
2020,1,거여1동,11710531,90263,96773,83753,522308
2020,1,거여2동,11710532,85896,126896,44897,612901
2020,1,고덕1동,11740550,104639,145728,63549,1518495
2020,1,고덕2동,11740560,142129,159099,125159,2206786
2020,1,고척1동,11530720,98670,142898,54441,1151238
2020,1,고척2동,11530730,66239,84911,47568,1025572
2020,1,공덕동,11440565,87142,95283,79000,1019197
2020,1,공릉1동,11350595,84885,112986,56783,1263261
2020,1,공릉2동,11350600,115367,134548,96186,6983449
2020,1,공항동,11500620,91078,92974,89183,10861768
2020,1,광장동,11215810,109780,145578,73982,2393761
2020,1,광희동,11140590,208443,219236,197649,737204
2020,1,교남동,11110580,180593,246999,114186,346926
2020,1,구로1동,11530520,107554,153878,61229,1008892
2020,1,구로2동,11530530,96611,111513,81709,1703350
2020,1,구로3동,11530540,129661,155814,103508,1040120
2020,1,구로4동,11530550,114282,152001,76562,524507
2020,1,구로5동,11530560,103827,96066,111589,1012473
2020,1,구산동,11380560,73446,103007,43884,1389775
2020,1,구의1동,11215850,78822,107625,50020,565313
2020,1,구의2동,11215860,109420,151408,67432,1388041
2020,1,구의3동,11215870,106504,117932,95075,1027561
2020,1,군자동,11215730,87502,110347,64657,738025
2020,1,금호1가동,11200590,92480,117966,66995,444872
2020,1,금호23가동,11200615,108308,136080,80535,631196
2020,1,금호4가동,11200620,98200,123297,73103,832333
2020,1,길동,11740685,89401,109346,69456,1631616
2020,1,길음1동,11290660,140523,157076,123971,797310
2020,1,길음2동,11290685,111277,167971,54583,588002
2020,1,낙성대동,11620585,108271,151355,65187,2262818
2020,1,난곡동,11620775,104208,150931,57484,972373
2020,1,난향동,11620715,83130,104132,62129,821397
2020,1,남가좌1동,11410690,107912,152798,63025,475536
2020,1,남가좌2동,11410700,82940,109731,56149,783775
2020,1,남영동,11170530,88997,116594,61400,1177788
2020,1,남현동,11620630,110110,126785,93436,3281024
2020,1,내곡동,11650660,112385,101799,122971,12708880
2020,1,노량진1동,11590510,137708,192574,82842,1613446
2020,1,노량진2동,11590520,108186,122706,93666,600568
2020,1,녹번동,11380510,87193,106287,68099,1794215
2020,1,논현1동,11680521,128330,147847,108812,1258744
2020,1,논현2동,11680531,128256,146640,109871,1458524
2020,1,능동,11215780,101015,137075,64954,1092105
2020,1,다산동,11140625,102327,114196,90459,523971
2020,1,답십리1동,11230600,102206,150329,54083,788242
2020,1,답십리2동,11230610,70234,82414,58054,875745
2020,1,당산1동,11560550,73213,92233,54194,745305
2020,1,당산2동,11560560,106842,142867,70817,1581310
2020,1,대림1동,11560700,83803,103900,63706,498978
2020,1,대림2동,11560710,119687,166807,72568,572540
2020,1,대림3동,11560720,76034,106735,45332,921696
2020,1,대방동,11590660,82306,109425,55187,1544903
2020,1,대조동,11380570,117618,127126,108110,851692
2020,1,대치1동,11680600,199981,278870,121091,809823
2020,1,대치2동,11680610,168948,183017,154878,1837367
2020,1,대치4동,11680630,149098,190759,107437,701081
2020,1,대학동,11620735,96130,119927,72332,8405183
2020,1,대흥동,11440600,109730,147738,71722,858570
2020,1,도곡1동,11680655,140832,168905,112759,1050609
2020,1,도곡2동,11680656,135764,168648,102881,990763
2020,1,도림동,11560585,69993,93745,46241,585885
2020,1,도봉1동,11320521,66538,105544,27532,8451468
2020,1,도봉2동,11320522,70530,90561,50499,1119031
2020,1,도화동,11440585,137812,156659,118966,625018
2020,1,독산1동,11545610,97860,94595,101125,2061921
2020,1,독산2동,11545620,55292,84092,26493,617174
2020,1,독산3동,11545630,66196,84324,48067,934985
2020,1,독산4동,11545640,87244,99794,74694,591045
2020,1,돈암1동,11290580,73653,,73653,488898
2020,1,돈암2동,11290590,,,,518335
2020,1,동선동,11290575,117529,158931,76127,724957
2020,1,동화동,11140665,112150,126664,97637,327045
2020,1,둔촌1동,11740690,,,,912178
2020,1,둔촌2동,11740700,70079,91457,48702,1550455
2020,1,등촌1동,11500520,101457,139494,63419,650741
2020,1,등촌2동,11500530,93808,90672,96943,910666
2020,1,등촌3동,11500535,124563,151720,97406,1060362
2020,1,마장동,11200540,86683,117459,55906,1035276
2020,1,마천1동,11710540,58439,85543,31335,575258
2020,1,마천2동,11710550,70177,104499,35855,890688
2020,1,망우3동,11260660,46838,66780,26897,962561
2020,1,망우본동,11260655,63296,80079,46512,2948109
2020,1,망원1동,11440690,107160,138108,76212,1101005
2020,1,망원2동,11440700,110348,123015,97680,676411
2020,1,면목2동,11260520,57289,75998,38579,763122
2020,1,면목38동,11260575,68546,86897,50195,1614117
2020,1,면목4동,11260540,48376,68950,27801,843466
2020,1,면목5동,11260550,60955,70552,51357,704936
2020,1,면목7동,11260570,95457,139059,51855,1236134
2020,1,면목본동,11260565,74416,97154,51678,849019
2020,1,명동,11140550,185537,229724,141351,969729
2020,1,명일1동,11740530,86716,112232,61200,634942
2020,1,명일2동,11740540,91242,125678,56806,914329
2020,1,목1동,11470510,129627,164926,94327,1433111
2020,1,목2동,11470520,92050,112120,71980,1021355
2020,1,목3동,11470530,91644,121981,61307,531850
2020,1,목4동,11470540,82134,111534,52733,577493
2020,1,목5동,11470550,147299,206114,88483,1766361
2020,1,무악동,11110570,,,,369520
2020,1,묵1동,11260620,93656,125195,62118,1238436
2020,1,묵2동,11260630,59288,78054,40522,669204
2020,1,문래동,11560605,87074,99035,75114,1786708
2020,1,문정1동,11710641,81995,91609,72382,612546
2020,1,문정2동,11710642,149340,200885,97794,2242033
2020,1,미성동,11620765,79124,99183,59065,1359429
2020,1,미아동,11305535,81506,90833,72178,841204
2020,1,반포1동,11650560,144080,161517,126643,992368
2020,1,반포2동,11650570,169613,,169613,1396031
2020,1,반포3동,11650580,143783,195925,91641,1251708
2020,1,반포4동,11650581,171243,223274,119213,1427141
2020,1,반포본동,11650550,98376,119234,77517,972536
2020,1,발산1동,11500611,90475,120116,60835,2887669
2020,1,방배1동,11650600,115527,146013,85041,689244
2020,1,방배2동,11650610,111573,121072,102074,1904030
2020,1,방배3동,11650620,121518,183670,59366,2375134
2020,1,방배4동,11650621,104393,129396,79390,949527
2020,1,방배본동,11650590,85623,113316,57930,677510
2020,1,방이1동,11710561,93078,134140,52016,609259
2020,1,방이2동,11710562,108088,142644,73532,769841
2020,1,방학1동,11320690,77159,109778,44539,1040857
2020,1,방학2동,11320700,55733,81573,29894,1092814
2020,1,방학3동,11320710,62113,79830,44395,1951026
2020,1,방화1동,11500630,92595,113398,71792,1475606
2020,1,방화2동,11500640,70618,76013,65222,6157541
2020,1,방화3동,11500641,109219,151230,67207,2558908
2020,1,번1동,11305595,76791,97625,55957,627036
2020,1,번2동,11305603,85545,80947,90143,974298
2020,1,번3동,11305608,74752,100392,49113,1081177
2020,1,보광동,11170700,87865,98935,76795,715096
2020,1,보라매동,11620525,82183,99420,64945,750225
2020,1,보문동,11290610,73929,93921,53936,553006
2020,1,부암동,11110550,88620,107264,69977,2274739
2020,1,북가좌1동,11410710,87724,98085,77363,577979
2020,1,북가좌2동,11410720,68351,93057,43646,824866
2020,1,북아현동,11410555,88597,104061,73132,458945
2020,1,불광1동,11380520,90182,115758,64607,3124927
2020,1,불광2동,11380530,100039,121774,78303,1396089
2020,1,사근동,11200550,106842,139450,74235,1169216
2020,1,사당1동,11590620,96839,118625,75054,635172
2020,1,사당2동,11590630,126197,144351,108042,2763201
2020,1,사당3동,11590640,104896,129235,80557,907684
2020,1,사당4동,11590650,82373,115594,49152,436148
2020,1,사당5동,11590651,74165,90373,57956,682199
2020,1,사직동,11110530,141584,177228,105939,1158536
2020,1,삼각산동,11305575,131515,126021,137008,621911
2020,1,삼선동,11290555,80768,108223,53313,926227
2020,1,삼성1동,11680580,205426,204428,206425,1944629
2020,1,삼성2동,11680590,143933,163184,124682,1242271
2020,1,삼성동,11620745,53347,71317,35377,2604386
2020,1,삼양동,11305534,68855,82587,55123,924092
2020,1,삼전동,11710610,101106,143300,58912,953338
2020,1,삼청동,11110540,114598,171226,57970,1479255
2020,1,상계10동,11350720,105615,148789,62442,809214
2020,1,상계1동,11350630,94341,136347,52335,5402614
2020,1,상계2동,11350640,124836,163324,86348,623125
2020,1,상계34동,11350665,63857,86856,40859,5211708
2020,1,상계5동,11350670,63381,88974,37787,906891
2020,1,상계67동,11350695,128796,172108,85484,1450295
2020,1,상계8동,11350700,182386,182386,,666348
2020,1,상계9동,11350710,118333,184377,52289,719445
2020,1,상도1동,11590530,98983,119218,78749,1488648
2020,1,상도2동,11590540,116589,138636,94542,772865
2020,1,상도3동,11590550,119732,182526,56937,637199
2020,1,상도4동,11590560,75675,97402,53948,939562
2020,1,상봉1동,11260580,81612,108716,54508,854219
2020,1,상봉2동,11260590,81862,98433,65290,677445
2020,1,상암동,11440740,160164,194594,125734,8402415
2020,1,상일동,11740520,65758,82551,48965,1813623
2020,1,서강동,11440655,125639,147395,103884,1478577
2020,1,서교동,11440660,135153,156598,113709,1678981
2020,1,서림동,11620665,110213,92786,127640,941252
2020,1,서빙고동,11170690,79215,73081,85350,2821948
2020,1,서원동,11620645,141791,171781,111801,647532
2020,1,서초1동,11650510,123992,159102,88882,1382685
2020,1,서초2동,11650520,144477,140171,148782,1230924
2020,1,서초3동,11650530,115520,138810,92229,2998572
2020,1,서초4동,11650531,158690,198020,119359,879773
2020,1,석관동,11290810,68666,92037,45295,1705061
2020,1,석촌동,11710600,100187,132432,67942,946914
2020,1,성내1동,11740640,82932,119295,46568,663675
2020,1,성내2동,11740650,78978,101245,56710,625147
2020,1,성내3동,11740660,92751,130074,55427,647356
2020,1,성북동,11290525,109163,133678,84648,2879912
2020,1,성산1동,11440720,87059,102437,71681,859254
2020,1,성산2동,11440730,95004,121125,68883,1978724
2020,1,성수1가1동,11200650,91312,114907,67717,1885875
2020,1,성수1가2동,11200660,105070,124328,85812,930086
2020,1,성수2가1동,11200670,65680,81475,49885,1184964
2020,1,성수2가3동,11200690,98587,113871,83302,1054501
2020,1,성현동,11620565,99610,132174,67046,678223
2020,1,세곡동,11680700,132684,149157,116211,6367772
2020,1,소공동,11140520,178363,237841,118886,943795
2020,1,송정동,11200720,73201,92046,54356,681916
2020,1,송중동,11305545,90619,119878,61359,1075796
2020,1,송천동,11305555,77272,87131,67412,929913
2020,1,송파1동,11710580,112881,121000,104761,686925
2020,1,송파2동,11710590,79183,106126,52240,631023
2020,1,수궁동,11530790,56456,81349,31563,2661352
2020,1,수색동,11380650,72969,92054,53885,1290258
2020,1,수서동,11680750,171435,239326,103544,1629403
2020,1,수유1동,11305615,63815,96258,31372,1649963
2020,1,수유2동,11305625,107372,77366,137379,581617
2020,1,수유3동,11305635,94522,106824,82220,745645
2020,1,숭인1동,11110700,89406,103351,75462,239396
2020,1,숭인2동,11110710,88810,120490,57131,351906
2020,1,시흥1동,11545670,93100,114362,71837,1524148
2020,1,시흥2동,11545680,120210,167667,72754,1308882
2020,1,시흥3동,11545690,116663,93004,140322,1261391
2020,1,시흥4동,11545700,106586,125396,87776,821709
2020,1,시흥5동,11545710,73000,112292,33709,1386972
2020,1,신길1동,11560630,100777,119431,82124,722925
2020,1,신길3동,11560650,62229,91988,32470,520083
2020,1,신길4동,11560660,73989,73989,,292127
2020,1,신길5동,11560670,85181,85181,,494653
2020,1,신길6동,11560680,91805,104042,79568,653511
2020,1,신길7동,11560690,120592,122067,119116,642487
2020,1,신내1동,11260680,81722,100616,62827,2606949
2020,1,신내2동,11260690,91611,133999,49224,911281
2020,1,신당5동,11140650,126261,116037,136485,319706
2020,1,신당동,11140615,381333,377840,384826,534942
2020,1,신대방1동,11590670,88463,132295,44631,675281
2020,1,신대방2동,11590680,100856,132805,68907,977033
2020,1,신도림동,11530510,114667,135559,93775,1392788
2020,1,신림동,11620695,128454,157747,99161,541240
2020,1,신사1동,11380631,78941,84368,73514,808314
2020,1,신사2동,11380632,89203,82622,95784,1046222
2020,1,신사동,11620685,81854,119641,44068,641031
2020,1,신사동,11680510,132500,170703,94296,2059234
2020,1,신수동,11440630,77862,91125,64598,797879
2020,1,신원동,11620655,102511,134091,70931,544977
2020,1,신월1동,11470560,66451,98129,34774,622400
2020,1,신월2동,11470570,66109,88723,43494,606811
2020,1,신월3동,11470580,54691,66646,42736,918039
2020,1,신월4동,11470590,64731,85973,43490,469873
2020,1,신월5동,11470600,60529,81476,39582,638302
2020,1,신월6동,11470610,69756,91783,47728,444286
2020,1,신월7동,11470611,69063,94838,43289,1230628
2020,1,신정1동,11470620,82783,112028,53538,747568
2020,1,신정2동,11470630,98022,107798,88246,525899
2020,1,신정3동,11470640,94230,136244,52217,2756536
2020,1,신정4동,11470650,79804,101246,58362,997144
2020,1,신정6동,11470670,139522,186619,92425,940885
2020,1,신정7동,11470680,122215,166928,77503,1234130
2020,1,신촌동,11410585,137835,185528,90143,2720364
2020,1,쌍문1동,11320660,60959,60959,,1175774
2020,1,쌍문2동,11320670,69709,92455,46962,541193
2020,1,쌍문3동,11320680,70098,108548,31648,504805
2020,1,쌍문4동,11320681,76669,95068,58269,554868
2020,1,아현동,11440555,121691,153369,90012,744328
2020,1,안암동,11290600,80728,105593,55863,1379571
2020,1,암사1동,11740570,83260,104805,61716,735480
2020,1,암사2동,11740580,97898,125535,70262,2174329
2020,1,암사3동,11740590,96887,118212,75563,1799368
2020,1,압구정동,11680545,145685,207464,83906,2345057
2020,1,약수동,11140635,125584,185654,65513,486369
2020,1,양재1동,11650651,102871,128771,76970,5765358
2020,1,양재2동,11650652,85647,96567,74728,7562268
2020,1,양평1동,11560610,72955,92632,53278,974912
2020,1,양평2동,11560620,87389,106151,68628,2874596
2020,1,여의동,11560540,147067,198252,95882,8437543
2020,1,역삼1동,11680640,154746,169894,139598,2362133
2020,1,역삼2동,11680650,158450,196889,120011,1135029
2020,1,역촌동,11380625,76547,91025,62069,1157542
2020,1,연남동,11440710,116702,129145,104260,647438
2020,1,연희동,11410615,92705,107496,77915,2929172
2020,1,염리동,11440610,103924,145494,62355,491468
2020,1,염창동,11500510,87162,105542,68782,1732856
2020,1,영등포동,11560535,130682,125932,135432,1372094
2020,1,영등포본동,11560515,119088,100764,137411,846370
2020,1,오금동,11710570,71805,96984,46626,1648868
2020,1,오류1동,11530770,122701,168058,77344,727414
2020,1,오류2동,11530780,79643,102656,56631,3061018
2020,1,오륜동,11710566,255359,338165,172552,3085088
2020,1,옥수동,11200645,133437,157397,109477,1922027
2020,1,왕십리2동,11200520,83187,109989,56384,372425
2020,1,왕십리도선동,11200535,116356,132878,99835,710285
2020,1,용강동,11440590,140857,175327,106386,790602
2020,1,용답동,11200790,81000,107836,54164,2377148
2020,1,용문동,11170590,95578,119493,71663,277531
2020,1,용산2가동,11170520,81266,110562,51969,1966853
2020,1,용신동,11230536,80990,99452,62527,1618399
2020,1,우이동,11305645,66361,83913,48809,10587752
2020,1,우장산동,11500615,103002,129003,77001,1261588
2020,1,원효로1동,11170560,84008,101088,66929,589017
2020,1,원효로2동,11170570,79144,91145,67143,708975
2020,1,월계1동,11350560,103180,152772,53587,1107461
2020,1,월계2동,11350570,72705,72705,,2004785
2020,1,월계3동,11350580,115722,155292,76152,1168283
2020,1,월곡1동,11290715,68008,92364,43653,801757
2020,1,월곡2동,11290725,69560,97146,41975,1364901
2020,1,위례동,11710647,138903,188186,89619,2537372
2020,1,은천동,11620605,87681,124978,50385,776212
2020,1,을지로동,11140605,132399,180007,84791,611524
2020,1,응봉동,11200580,82050,92137,71963,553662
2020,1,응암1동,11380580,91036,116429,65643,1109863
2020,1,응암2동,11380590,90353,87781,92925,755247
2020,1,응암3동,11380600,75778,103424,48131,752773
2020,1,이문1동,11230740,99178,126852,71504,1039602
2020,1,이문2동,11230750,62270,92502,32037,723890
2020,1,이촌1동,11170630,186353,276639,96067,2872767
2020,1,이촌2동,11170640,73394,73394,,1205543
2020,1,이태원1동,11170650,172035,200018,144053,582899
2020,1,이태원2동,11170660,125322,137777,112866,874243
2020,1,이화동,11110640,134395,186631,82159,782395
2020,1,인수동,11305660,53607,66576,40638,2998011
2020,1,인헌동,11620625,90748,128995,52502,1089078
2020,1,일원1동,11680730,91481,138772,44190,953471
2020,1,일원2동,11680740,122458,161289,83628,1300290
2020,1,일원본동,11680720,158535,206664,110407,2354625
2020,1,자양1동,11215820,103772,117351,90194,568868
2020,1,자양2동,11215830,88084,96289,79879,1657523
2020,1,자양3동,11215840,128937,135911,121963,1196419
2020,1,자양4동,11215847,106808,143823,69793,1180023
2020,1,잠실2동,11710670,342843,482662,203023,2686850
2020,1,잠실3동,11710680,247613,226011,269215,1542643
2020,1,잠실4동,11710690,249427,328082,170772,780204
2020,1,잠실6동,11710710,199901,215616,184185,1508001
2020,1,잠실7동,11710720,159333,159333,,723486
2020,1,잠실본동,11710650,122017,170599,73435,1028997
2020,1,잠원동,11650540,120601,136538,104664,1756867
2020,1,장안1동,11230650,79567,98391,60743,1342167
2020,1,장안2동,11230660,72941,96224,49658,996640
2020,1,장위1동,11290760,42992,57937,28047,708546
2020,1,장위2동,11290770,62533,78088,46979,679894
2020,1,장위3동,11290780,68581,96175,40988,652601
2020,1,장지동,11710646,81422,107030,55813,1278355
2020,1,장충동,11140580,94992,109530,80455,1017925
2020,1,전농1동,11230560,77383,94184,60581,1126695
2020,1,전농2동,11230570,83350,100547,66153,977568
2020,1,정릉1동,11290620,62747,78144,47349,412365
2020,1,정릉2동,11290630,79594,95985,63202,1094889
2020,1,정릉3동,11290640,65154,89100,41208,3327126
2020,1,정릉4동,11290650,86753,123175,50330,3570914
2020,1,제기동,11230545,95687,129842,61533,1181705
2020,1,조원동,11620725,72910,97006,48813,666607
2020,1,종로1234가동,11110615,194883,259583,130183,2417171
2020,1,종로56가동,11110630,252383,271717,233048,603167
2020,1,종암동,11290705,79773,97690,61856,1404527
2020,1,중계1동,11350621,149972,221446,78498,623451
2020,1,중계23동,11350625,170124,244997,95250,919083
2020,1,중계4동,11350624,101133,130290,71976,1519449
2020,1,중계본동,11350619,85086,100159,70013,2183234
2020,1,중곡1동,11215740,76883,91230,62535,614505
2020,1,중곡2동,11215750,71289,87958,54619,545542
2020,1,중곡3동,11215760,67985,99027,36943,601866
2020,1,중곡4동,11215770,81422,114455,48389,2313468
2020,1,중림동,11140680,111125,135830,86420,484384
2020,1,중앙동,11620615,99556,125894,73219,384728
2020,1,중화1동,11260600,64822,85220,44424,641493
2020,1,중화2동,11260610,71423,103485,39360,1016955
2020,1,증산동,11380640,71527,102552,40502,807409
2020,1,진관동,11380690,111271,116545,105998,11565110
2020,1,창1동,11320511,71656,90213,53098,1122171
2020,1,창2동,11320512,65724,89858,41590,654442
2020,1,창3동,11320513,92028,92028,,655485
2020,1,창4동,11320514,114773,165312,64235,1140172
2020,1,창5동,11320515,92036,128163,55909,701480
2020,1,창신1동,11110670,160810,204978,116642,305337
2020,1,창신2동,11110680,76863,91336,62389,257323
2020,1,창신3동,11110690,94049,,94049,216835
2020,1,천연동,11410520,93689,127557,59820,982817
2020,1,천호1동,11740600,73074,94463,51684,668998
2020,1,천호2동,11740610,92035,118677,65394,1850853
2020,1,천호3동,11740620,96306,113435,79178,561872
2020,1,청구동,11140645,73679,71725,75633,342571
2020,1,청담동,11680565,152947,185754,120140,2329217
2020,1,청량리동,11230705,70277,88654,51901,1204398
2020,1,청룡동,11620595,103998,143819,64176,1195604
2020,1,청림동,11620545,80453,80453,,297155
2020,1,청운효자동,11110515,130611,165848,95374,2568432
2020,1,청파동,11170555,105309,143751,66867,886225
2020,1,충현동,11410565,95682,110312,81052,1116001
2020,1,평창동,11110560,86237,86046,86429,8947328
2020,1,풍납1동,11710510,68683,89995,47372,1075294
2020,1,풍납2동,11710520,77444,102056,52832,2564554
2020,1,필동,11140570,120813,160609,81017,1464686
2020,1,하계1동,11350611,83357,104567,62147,1527061
2020,1,하계2동,11350612,135735,189839,81632,500023
2020,1,한강로동,11170625,117751,138682,96820,2869816
2020,1,한남동,11170685,125007,145118,104895,3031897
2020,1,합정동,11440680,141289,159000,123579,1712389
2020,1,항동,11530800,,,,1446941
2020,1,행당1동,11200560,148575,139883,157268,573566
2020,1,행당2동,11200570,124586,167266,81905,457669
2020,1,행운동,11620575,88525,105537,71513,718235
2020,1,혜화동,11110650,125787,156568,95007,1132421
2020,1,홍은1동,11410660,64644,73979,55309,1615140
2020,1,홍은2동,11410685,78111,98888,57334,2075085
2020,1,홍제1동,11410620,118127,134221,102033,1235632
2020,1,홍제2동,11410655,111686,173398,49975,699978
2020,1,홍제3동,11410640,72883,108688,37078,1192508
2020,1,화곡1동,11500540,75436,96331,54541,1197746
2020,1,화곡2동,11500550,56295,81370,31220,454621
2020,1,화곡3동,11500560,98854,133359,64348,521858
2020,1,화곡4동,11500570,86086,110102,62070,852049
2020,1,화곡6동,11500591,94170,109570,78769,1037911
2020,1,화곡8동,11500593,84593,130688,38498,593322
2020,1,화곡본동,11500590,98280,113843,82718,972735
2020,1,화양동,11215710,125955,165353,86557,1166008
2020,1,황학동,11140670,110439,130424,90455,328640
2020,1,회기동,11230710,100856,134507,67206,766917
2020,1,회현동,11140540,345216,380702,309730,897827
2020,1,효창동,11170580,104799,138258,71339,446197
2020,1,후암동,11170510,86965,114071,59860,865892
2020,1,휘경1동,11230720,100194,148726,51663,521796
2020,1,휘경2동,11230730,84106,118081,50130,1113609
2020,1,흑석동,11590605,102493,128533,76452,1708306
2020,2,가락1동,11710631,177860,169185,186535,1393228
2020,2,가락2동,11710632,89747,115464,64031,932311
2020,2,가락본동,11710620,109341,143558,75124,1014738
2020,2,가리봉동,11530595,94404,128673,60136,410996
2020,2,가산동,11545510,126553,166558,86548,2512852
2020,2,가양1동,11500603,146943,206388,87499,4970691
2020,2,가양2동,11500604,116596,157863,75329,823874
2020,2,가양3동,11500605,115366,143167,87564,474228
2020,2,가회동,11110600,134474,150658,118290,539955
2020,2,갈현1동,11380551,89128,109995,68262,961071
2020,2,갈현2동,11380552,84658,111055,58262,985165
2020,2,강일동,11740515,151294,217976,84612,3647520
2020,2,개봉1동,11530740,69503,91468,47537,1320319
2020,2,개봉2동,11530750,103270,118448,88091,782524
2020,2,개봉3동,11530760,66288,93711,38865,828418
2020,2,개포1동,11680660,81064,,81064,1449952
2020,2,개포2동,11680670,122048,157113,86983,2243338
2020,2,개포4동,11680690,71529,88367,54691,1665461
2020,2,거여1동,11710531,83654,97746,69563,522308
2020,2,거여2동,11710532,78568,111590,45545,612901
2020,2,고덕1동,11740550,105498,134010,76986,1518495
2020,2,고덕2동,11740560,180886,216979,144794,2206786
2020,2,고척1동,11530720,103939,151326,56552,1151238
2020,2,고척2동,11530730,82973,91993,73952,1025572
2020,2,공덕동,11440565,91731,98573,84888,1019197
2020,2,공릉1동,11350595,87813,111611,64015,1263261
2020,2,공릉2동,11350600,101714,120824,82604,6983449
2020,2,공항동,11500620,95993,101476,90511,10861768
2020,2,광장동,11215810,109347,140039,78656,2393761
2020,2,광희동,11140590,200197,203825,196568,737204
2020,2,교남동,11110580,196610,223640,169580,346926
2020,2,구로1동,11530520,132152,162310,101995,1008892
2020,2,구로2동,11530530,109804,121898,97709,1703350
2020,2,구로3동,11530540,139611,172368,106854,1040120
2020,2,구로4동,11530550,103352,145626,61079,524507
2020,2,구로5동,11530560,101139,101415,100862,1012473
2020,2,구산동,11380560,83529,103211,63846,1389775
2020,2,구의1동,11215850,86788,108732,64845,565313
2020,2,구의2동,11215860,89557,118544,60570,1388041
2020,2,구의3동,11215870,114788,134399,95177,1027561
2020,2,군자동,11215730,81073,110375,51771,738025
2020,2,금호1가동,11200590,116249,125042,107456,444872
2020,2,금호23가동,11200615,103770,126159,81381,631196
2020,2,금호4가동,11200620,95313,121639,68988,832333
2020,2,길동,11740685,91782,115506,68058,1631616
2020,2,길음1동,11290660,133005,164501,101508,797310
2020,2,길음2동,11290685,113491,140956,86025,588002
2020,2,낙성대동,11620585,108696,137546,79846,2262818
2020,2,난곡동,11620775,92745,128676,56815,972373
2020,2,난향동,11620715,86092,105507,66676,821397
2020,2,남가좌1동,11410690,111707,133985,89429,475536
2020,2,남가좌2동,11410700,81373,117254,45491,783775
2020,2,남영동,11170530,94193,120790,67595,1177788
2020,2,남현동,11620630,124518,158590,90447,3281024
2020,2,내곡동,11650660,118856,154196,83515,12708880
2020,2,노량진1동,11590510,131660,173989,89331,1613446
2020,2,노량진2동,11590520,133923,149362,118485,600568
2020,2,녹번동,11380510,86787,104302,69272,1794215
2020,2,논현1동,11680521,131157,159334,102981,1258744
2020,2,논현2동,11680531,124470,140442,108497,1458524
2020,2,능동,11215780,102089,134995,69184,1092105
2020,2,다산동,11140625,105958,121953,89964,523971
2020,2,답십리1동,11230600,92317,129713,54920,788242
2020,2,답십리2동,11230610,73999,98418,49579,875745
2020,2,당산1동,11560550,86256,107130,65382,745305
2020,2,당산2동,11560560,117229,158043,76415,1581310
2020,2,대림1동,11560700,85401,108577,62224,498978
2020,2,대림2동,11560710,115057,149784,80329,572540
2020,2,대림3동,11560720,74878,95373,54383,921696
2020,2,대방동,11590660,83411,112480,54342,1544903
2020,2,대조동,11380570,108611,123595,93626,851692
2020,2,대치1동,11680600,200339,278364,122313,809823
2020,2,대치2동,11680610,152398,177188,127608,1837367
2020,2,대치4동,11680630,155624,201765,109483,701081
2020,2,대학동,11620735,91823,115241,68405,8405183
2020,2,대흥동,11440600,116912,160796,73029,858570
2020,2,도곡1동,11680655,140526,177980,103073,1050609
2020,2,도곡2동,11680656,152699,191104,114294,990763
2020,2,도림동,11560585,86490,99885,73096,585885
2020,2,도봉1동,11320521,62549,90325,34773,8451468
2020,2,도봉2동,11320522,81102,101683,60520,1119031
2020,2,도화동,11440585,133013,151398,114629,625018
2020,2,독산1동,11545610,92922,109787,76056,2061921
2020,2,독산2동,11545620,61922,94324,29520,617174
2020,2,독산3동,11545630,77072,93418,60727,934985
2020,2,독산4동,11545640,86236,107298,65173,591045
2020,2,돈암1동,11290580,73030,82975,63085,488898
2020,2,돈암2동,11290590,,,,518335
2020,2,동선동,11290575,120546,171469,69622,724957
2020,2,동화동,11140665,101852,118512,85192,327045
2020,2,둔촌1동,11740690,,,,912178
2020,2,둔촌2동,11740700,75480,98771,52189,1550455
2020,2,등촌1동,11500520,91827,124093,59561,650741
2020,2,등촌2동,11500530,78546,86348,70744,910666
2020,2,등촌3동,11500535,117417,149161,85673,1060362
2020,2,마장동,11200540,93648,127874,59422,1035276
2020,2,마천1동,11710540,69721,99137,40304,575258
2020,2,마천2동,11710550,78312,125973,30651,890688
2020,2,망우3동,11260660,51802,68510,35094,962561
2020,2,망우본동,11260655,70381,84079,56682,2948109
2020,2,망원1동,11440690,118567,146018,91116,1101005
2020,2,망원2동,11440700,102442,114986,89898,676411
2020,2,면목2동,11260520,64081,89245,38917,763122
2020,2,면목38동,11260575,75375,95767,54983,1614117
2020,2,면목4동,11260540,61161,71150,51172,843466
2020,2,면목5동,11260550,55722,71432,40012,704936
2020,2,면목7동,11260570,82540,116040,49041,1236134
2020,2,면목본동,11260565,73332,95040,51625,849019
2020,2,명동,11140550,194329,257799,130858,969729
2020,2,명일1동,11740530,89941,115613,64269,634942
2020,2,명일2동,11740540,98949,143253,54645,914329
2020,2,목1동,11470510,139837,167303,112372,1433111
2020,2,목2동,11470520,101697,123602,79792,1021355
2020,2,목3동,11470530,94707,129992,59423,531850
2020,2,목4동,11470540,78171,109560,46782,577493
2020,2,목5동,11470550,154189,225344,83033,1766361
2020,2,무악동,11110570,131596,162791,100402,369520
2020,2,묵1동,11260620,88739,119657,57821,1238436
2020,2,묵2동,11260630,80122,84731,75513,669204
2020,2,문래동,11560605,96114,106184,86045,1786708
2020,2,문정1동,11710641,88632,102419,74845,612546
2020,2,문정2동,11710642,159848,207509,112187,2242033
2020,2,미성동,11620765,83745,105343,62147,1359429
2020,2,미아동,11305535,83301,109104,57498,841204
2020,2,반포1동,11650560,140756,155522,125990,992368
2020,2,반포2동,11650570,230791,295833,165749,1396031
2020,2,반포3동,11650580,172139,224457,119820,1251708
2020,2,반포4동,11650581,162491,182582,142400,1427141
2020,2,반포본동,11650550,96585,117101,76069,972536
2020,2,발산1동,11500611,97098,130124,64072,2887669
2020,2,방배1동,11650600,107497,133015,81979,689244
2020,2,방배2동,11650610,115698,124352,107044,1904030
2020,2,방배3동,11650620,87652,114923,60380,2375134
2020,2,방배4동,11650621,101067,121448,80686,949527
2020,2,방배본동,11650590,93368,122414,64321,677510
2020,2,방이1동,11710561,91533,129212,53854,609259
2020,2,방이2동,11710562,110049,144311,75787,769841
2020,2,방학1동,11320690,76134,103418,48851,1040857
2020,2,방학2동,11320700,57297,85839,28756,1092814
2020,2,방학3동,11320710,84017,85367,82667,1951026
2020,2,방화1동,11500630,103550,142739,64361,1475606
2020,2,방화2동,11500640,81373,85806,76941,6157541
2020,2,방화3동,11500641,100632,138970,62294,2558908
2020,2,번1동,11305595,77806,95557,60055,627036
2020,2,번2동,11305603,81668,70717,92619,974298
2020,2,번3동,11305608,67877,97154,38600,1081177
2020,2,보광동,11170700,89756,111432,68079,715096
2020,2,보라매동,11620525,86807,103544,70070,750225
2020,2,보문동,11290610,75824,90104,61543,553006
2020,2,부암동,11110550,100555,104196,96915,2274739
2020,2,북가좌1동,11410710,97066,111765,82367,577979
2020,2,북가좌2동,11410720,78049,100277,55820,824866
2020,2,북아현동,11410555,115534,134726,96341,458945
2020,2,불광1동,11380520,94224,128478,59970,3124927
2020,2,불광2동,11380530,108363,144442,72285,1396089
2020,2,사근동,11200550,117240,140472,94008,1169216
2020,2,사당1동,11590620,94934,120344,69523,635172
2020,2,사당2동,11590630,132622,182644,82601,2763201
2020,2,사당3동,11590640,111264,125161,97366,907684
2020,2,사당4동,11590650,112637,175360,49914,436148
2020,2,사당5동,11590651,75550,86960,64139,682199
2020,2,사직동,11110530,153017,200198,105836,1158536
2020,2,삼각산동,11305575,128931,127057,130806,621911
2020,2,삼선동,11290555,88038,116038,60038,926227
2020,2,삼성1동,11680580,177707,181339,174076,1944629
2020,2,삼성2동,11680590,146905,172438,121373,1242271
2020,2,삼성동,11620745,63240,74483,51998,2604386
2020,2,삼양동,11305534,81650,84721,78580,924092
2020,2,삼전동,11710610,101940,142871,61009,953338
2020,2,삼청동,11110540,124398,183892,64904,1479255
2020,2,상계10동,11350720,123048,188675,57421,809214
2020,2,상계1동,11350630,87883,124155,51611,5402614
2020,2,상계2동,11350640,118292,151049,85535,623125
2020,2,상계34동,11350665,68053,90160,45947,5211708
2020,2,상계5동,11350670,70573,102078,39068,906891
2020,2,상계67동,11350695,144517,198330,90704,1450295
2020,2,상계8동,11350700,111261,163237,59285,666348
2020,2,상계9동,11350710,129738,204162,55313,719445
2020,2,상도1동,11590530,93924,117707,70142,1488648
2020,2,상도2동,11590540,106105,132651,79559,772865
2020,2,상도3동,11590550,107082,157731,56433,637199
2020,2,상도4동,11590560,90563,112427,68700,939562
2020,2,상봉1동,11260580,80705,96036,65375,854219
2020,2,상봉2동,11260590,85993,109255,62730,677445
2020,2,상암동,11440740,146018,182696,109340,8402415
2020,2,상일동,11740520,83068,124857,41278,1813623
2020,2,서강동,11440655,132710,150010,115409,1478577
2020,2,서교동,11440660,141336,167382,115290,1678981
2020,2,서림동,11620665,115663,97431,133895,941252
2020,2,서빙고동,11170690,66279,62635,69923,2821948
2020,2,서원동,11620645,126739,155004,98474,647532
2020,2,서초1동,11650510,107391,128043,86738,1382685
2020,2,서초2동,11650520,168080,191125,145034,1230924
2020,2,서초3동,11650530,118586,142860,94311,2998572
2020,2,서초4동,11650531,145838,174247,117430,879773
2020,2,석관동,11290810,72784,94920,50649,1705061
2020,2,석촌동,11710600,110582,147191,73973,946914
2020,2,성내1동,11740640,92529,126344,58714,663675
2020,2,성내2동,11740650,86024,97042,75006,625147
2020,2,성내3동,11740660,118284,136060,100508,647356
2020,2,성북동,11290525,114258,139800,88716,2879912
2020,2,성산1동,11440720,88625,109252,67998,859254
2020,2,성산2동,11440730,104181,123196,85165,1978724
2020,2,성수1가1동,11200650,99274,120978,77570,1885875
2020,2,성수1가2동,11200660,103630,124653,82607,930086
2020,2,성수2가1동,11200670,76576,93779,59373,1184964
2020,2,성수2가3동,11200690,97882,108298,87467,1054501
2020,2,성현동,11620565,84843,111480,58206,678223
2020,2,세곡동,11680700,124381,146949,101813,6367772
2020,2,소공동,11140520,169759,221939,117578,943795
2020,2,송정동,11200720,75194,82140,68248,681916
2020,2,송중동,11305545,98181,119842,76519,1075796
2020,2,송천동,11305555,67482,90665,44299,929913
2020,2,송파1동,11710580,109072,123838,94306,686925
2020,2,송파2동,11710590,80708,108827,52590,631023
2020,2,수궁동,11530790,79386,95966,62805,2661352
2020,2,수색동,11380650,58926,80087,37764,1290258
2020,2,수서동,11680750,145390,184392,106389,1629403
2020,2,수유1동,11305615,68403,99017,37790,1649963
2020,2,수유2동,11305625,67917,80314,55519,581617
2020,2,수유3동,11305635,96281,121017,71545,745645
2020,2,숭인1동,11110700,79116,100845,57388,239396
2020,2,숭인2동,11110710,87958,120870,55046,351906
2020,2,시흥1동,11545670,105580,136440,74720,1524148
2020,2,시흥2동,11545680,114629,152894,76365,1308882
2020,2,시흥3동,11545690,121296,110290,132303,1261391
2020,2,시흥4동,11545700,83704,99453,67956,821709
2020,2,시흥5동,11545710,73039,110252,35826,1386972
2020,2,신길1동,11560630,101826,129279,74372,722925
2020,2,신길3동,11560650,68096,89922,46269,520083
2020,2,신길4동,11560660,55725,52660,58789,292127
2020,2,신길5동,11560670,75423,99342,51505,494653
2020,2,신길6동,11560680,82540,102609,62472,653511
2020,2,신길7동,11560690,109354,117875,100833,642487
2020,2,신내1동,11260680,80347,99522,61171,2606949
2020,2,신내2동,11260690,90971,128149,53793,911281
2020,2,신당5동,11140650,116370,129345,103395,319706
2020,2,신당동,11140615,383293,367247,399339,534942
2020,2,신대방1동,11590670,91079,118103,64055,675281
2020,2,신대방2동,11590680,119722,160773,78670,977033
2020,2,신도림동,11530510,123013,127137,118890,1392788
2020,2,신림동,11620695,126371,161686,91055,541240
2020,2,신사1동,11380631,84709,93252,76167,808314
2020,2,신사2동,11380632,83550,84341,82759,1046222
2020,2,신사동,11620685,91719,132995,50443,641031
2020,2,신사동,11680510,136793,173290,100295,2059234
2020,2,신수동,11440630,101268,112775,89761,797879
2020,2,신원동,11620655,92931,125867,59995,544977
2020,2,신월1동,11470560,58535,83042,34027,622400
2020,2,신월2동,11470570,68004,85564,50444,606811
2020,2,신월3동,11470580,62315,83498,41133,918039
2020,2,신월4동,11470590,65029,84868,45191,469873
2020,2,신월5동,11470600,63386,82168,44604,638302
2020,2,신월6동,11470610,65246,86665,43828,444286
2020,2,신월7동,11470611,65139,89006,41271,1230628
2020,2,신정1동,11470620,86921,110205,63638,747568
2020,2,신정2동,11470630,88058,104776,71340,525899
2020,2,신정3동,11470640,97468,142228,52709,2756536
2020,2,신정4동,11470650,85416,106319,64513,997144
2020,2,신정6동,11470670,146547,204418,88675,940885
2020,2,신정7동,11470680,110965,138659,83271,1234130
2020,2,신촌동,11410585,137024,187060,86988,2720364
2020,2,쌍문1동,11320660,53813,70214,37413,1175774
2020,2,쌍문2동,11320670,69853,94134,45571,541193
2020,2,쌍문3동,11320680,82881,121258,44503,504805
2020,2,쌍문4동,11320681,86473,114171,58775,554868
2020,2,아현동,11440555,122246,159789,84704,744328
2020,2,안암동,11290600,96347,134392,58301,1379571
2020,2,암사1동,11740570,93804,107218,80390,735480
2020,2,암사2동,11740580,95308,134084,56531,2174329
2020,2,암사3동,11740590,106384,116392,96377,1799368
2020,2,압구정동,11680545,151340,203676,99003,2345057
2020,2,약수동,11140635,122241,167356,77126,486369
2020,2,양재1동,11650651,112498,136925,88071,5765358
2020,2,양재2동,11650652,80143,93580,66706,7562268
2020,2,양평1동,11560610,90159,94279,86038,974912
2020,2,양평2동,11560620,90500,114266,66733,2874596
2020,2,여의동,11560540,150635,204094,97177,8437543
2020,2,역삼1동,11680640,150163,169188,131139,2362133
2020,2,역삼2동,11680650,157857,193215,122500,1135029
2020,2,역촌동,11380625,76748,96218,57278,1157542
2020,2,연남동,11440710,119923,134783,105063,647438
2020,2,연희동,11410615,92590,94928,90252,2929172
2020,2,염리동,11440610,111486,156230,66743,491468
2020,2,염창동,11500510,84688,103649,65727,1732856
2020,2,영등포동,11560535,123978,136441,111514,1372094
2020,2,영등포본동,11560515,116024,89692,142357,846370
2020,2,오금동,11710570,75891,104174,47608,1648868
2020,2,오류1동,11530770,119775,149505,90045,727414
2020,2,오류2동,11530780,89468,107969,70967,3061018
2020,2,오륜동,11710566,279883,345767,213999,3085088
2020,2,옥수동,11200645,142934,164465,121404,1922027
2020,2,왕십리2동,11200520,93863,113212,74513,372425
2020,2,왕십리도선동,11200535,109525,125761,93288,710285
2020,2,용강동,11440590,132257,163062,101452,790602
2020,2,용답동,11200790,92093,125259,58927,2377148
2020,2,용문동,11170590,80536,101189,59884,277531
2020,2,용산2가동,11170520,97928,104591,91266,1966853
2020,2,용신동,11230536,81785,103155,60416,1618399
2020,2,우이동,11305645,63614,80774,46454,10587752
2020,2,우장산동,11500615,105545,141462,69628,1261588
2020,2,원효로1동,11170560,85177,100664,69690,589017
2020,2,원효로2동,11170570,93683,107100,80266,708975
2020,2,월계1동,11350560,98494,138209,58779,1107461
2020,2,월계2동,11350570,87289,88552,86025,2004785
2020,2,월계3동,11350580,134175,190722,77628,1168283
2020,2,월곡1동,11290715,81242,97281,65203,801757
2020,2,월곡2동,11290725,72905,105170,40640,1364901
2020,2,위례동,11710647,147312,206886,87738,2537372
2020,2,은천동,11620605,105923,138511,73335,776212
2020,2,을지로동,11140605,141194,186177,96212,611524
2020,2,응봉동,11200580,108911,139653,78170,553662
2020,2,응암1동,11380580,82258,114290,50225,1109863
2020,2,응암2동,11380590,94885,94917,94853,755247
2020,2,응암3동,11380600,80643,109235,52050,752773
2020,2,이문1동,11230740,98862,141471,56253,1039602
2020,2,이문2동,11230750,73316,86038,60594,723890
2020,2,이촌1동,11170630,209094,301294,116895,2872767
2020,2,이촌2동,11170640,118952,70071,167833,1205543
2020,2,이태원1동,11170650,168653,199088,138217,582899
2020,2,이태원2동,11170660,119102,127369,110835,874243
2020,2,이화동,11110640,121320,162176,80465,782395
2020,2,인수동,11305660,58343,65162,51524,2998011
2020,2,인헌동,11620625,95759,139326,52192,1089078
2020,2,일원1동,11680730,91080,131773,50388,953471
2020,2,일원2동,11680740,130553,156133,104973,1300290
2020,2,일원본동,11680720,152934,199699,106170,2354625
2020,2,자양1동,11215820,99011,121920,76102,568868
2020,2,자양2동,11215830,83773,85428,82118,1657523
2020,2,자양3동,11215840,120975,124891,117059,1196419
2020,2,자양4동,11215847,106732,148193,65272,1180023
2020,2,잠실2동,11710670,323771,451144,196398,2686850
2020,2,잠실3동,11710680,253604,252070,255137,1542643
2020,2,잠실4동,11710690,267465,336928,198003,780204
2020,2,잠실6동,11710710,172555,199164,145946,1508001
2020,2,잠실7동,11710720,108105,168896,47313,723486
2020,2,잠실본동,11710650,121672,166724,76621,1028997
2020,2,잠원동,11650540,122284,132407,112162,1756867
2020,2,장안1동,11230650,77099,97830,56368,1342167
2020,2,장안2동,11230660,84139,114050,54227,996640
2020,2,장위1동,11290760,46406,61785,31028,708546
2020,2,장위2동,11290770,69474,79768,59180,679894
2020,2,장위3동,11290780,66103,95326,36881,652601
2020,2,장지동,11710646,92684,127557,57810,1278355
2020,2,장충동,11140580,89181,114518,63844,1017925
2020,2,전농1동,11230560,83840,98157,69523,1126695
2020,2,전농2동,11230570,102993,122622,83364,977568
2020,2,정릉1동,11290620,79670,99725,59614,412365
2020,2,정릉2동,11290630,71664,91397,51931,1094889
2020,2,정릉3동,11290640,62306,80501,44111,3327126
2020,2,정릉4동,11290650,81984,107430,56538,3570914
2020,2,제기동,11230545,100939,137237,64640,1181705
2020,2,조원동,11620725,76706,102115,51298,666607
2020,2,종로1234가동,11110615,185579,249923,121235,2417171
2020,2,종로56가동,11110630,243667,255336,231997,603167
2020,2,종암동,11290705,75349,96620,54079,1404527
2020,2,중계1동,11350621,159699,228056,91343,623451
2020,2,중계23동,11350625,130406,176838,83975,919083
2020,2,중계4동,11350624,105308,152226,58390,1519449
2020,2,중계본동,11350619,101142,128484,73800,2183234
2020,2,중곡1동,11215740,72117,86663,57571,614505
2020,2,중곡2동,11215750,70469,90423,50515,545542
2020,2,중곡3동,11215760,65560,94090,37031,601866
2020,2,중곡4동,11215770,78531,108720,48342,2313468
2020,2,중림동,11140680,122290,136658,107923,484384
2020,2,중앙동,11620615,91837,115033,68642,384728
2020,2,중화1동,11260600,63258,79493,47024,641493
2020,2,중화2동,11260610,75005,103687,46323,1016955
2020,2,증산동,11380640,79255,104629,53881,807409
2020,2,진관동,11380690,115135,124679,105591,11565110
2020,2,창1동,11320511,81041,100710,61372,1122171
2020,2,창2동,11320512,64415,90065,38765,654442
2020,2,창3동,11320513,56937,79993,33881,655485
2020,2,창4동,11320514,126725,173094,80357,1140172
2020,2,창5동,11320515,96098,132260,59935,701480
2020,2,창신1동,11110670,165098,197134,133063,305337
2020,2,창신2동,11110680,73666,90776,56555,257323
2020,2,창신3동,11110690,88229,98319,78140,216835
2020,2,천연동,11410520,99965,133552,66379,982817
2020,2,천호1동,11740600,89370,111019,67720,668998
2020,2,천호2동,11740610,111170,123504,98836,1850853
2020,2,천호3동,11740620,109693,144388,74998,561872
2020,2,청구동,11140645,93639,103145,84133,342571
2020,2,청담동,11680565,144329,167299,121358,2329217
2020,2,청량리동,11230705,70609,88812,52405,1204398
2020,2,청룡동,11620595,106890,130694,83086,1195604
2020,2,청림동,11620545,62048,75670,48426,297155
2020,2,청운효자동,11110515,131133,160242,102023,2568432
2020,2,청파동,11170555,102300,133706,70893,886225
2020,2,충현동,11410565,93309,114423,72195,1116001
2020,2,평창동,11110560,85758,82299,89218,8947328
2020,2,풍납1동,11710510,67225,87904,46546,1075294
2020,2,풍납2동,11710520,83856,113474,54237,2564554
2020,2,필동,11140570,122123,159193,85052,1464686
2020,2,하계1동,11350611,87089,100393,73784,1527061
2020,2,하계2동,11350612,134827,174586,95067,500023
2020,2,한강로동,11170625,122166,142638,101694,2869816
2020,2,한남동,11170685,115341,135270,95413,3031897
2020,2,합정동,11440680,129521,136834,122209,1712389
2020,2,항동,11530800,,,,1446941
2020,2,행당1동,11200560,137540,141291,133789,573566
2020,2,행당2동,11200570,105820,129507,82133,457669
2020,2,행운동,11620575,91744,113750,69737,718235
2020,2,혜화동,11110650,121682,164646,78719,1132421
2020,2,홍은1동,11410660,68570,85653,51487,1615140
2020,2,홍은2동,11410685,79099,100239,57959,2075085
2020,2,홍제1동,11410620,113434,156304,70565,1235632
2020,2,홍제2동,11410655,90759,115926,65592,699978
2020,2,홍제3동,11410640,84139,120613,47664,1192508
2020,2,화곡1동,11500540,80851,103564,58138,1197746
2020,2,화곡2동,11500550,58002,84558,31445,454621
2020,2,화곡3동,11500560,97917,125647,70187,521858
2020,2,화곡4동,11500570,87028,124228,49828,852049
2020,2,화곡6동,11500591,88092,98422,77763,1037911
2020,2,화곡8동,11500593,94884,141799,47969,593322
2020,2,화곡본동,11500590,84828,107019,62638,972735
2020,2,화양동,11215710,122036,157380,86692,1166008
2020,2,황학동,11140670,128892,143028,114757,328640
2020,2,회기동,11230710,103288,135466,71110,766917
2020,2,회현동,11140540,340369,378616,302122,897827
2020,2,효창동,11170580,122616,135502,109730,446197
2020,2,후암동,11170510,85380,110670,60089,865892
2020,2,휘경1동,11230720,102544,156739,48348,521796
2020,2,휘경2동,11230730,79666,108469,50864,1113609
2020,2,흑석동,11590605,112051,135996,88106,1708306
2020,3,가락1동,11710631,183196,167260,199132,1393228
2020,3,가락2동,11710632,94196,121744,66649,932311
2020,3,가락본동,11710620,112114,145514,78713,1014738
2020,3,가리봉동,11530595,96719,131388,62049,410996
2020,3,가산동,11545510,127712,162927,92498,2512852
2020,3,가양1동,11500603,145686,205739,85633,4970691
2020,3,가양2동,11500604,120960,161403,80517,823874
2020,3,가양3동,11500605,110645,134692,86598,474228
2020,3,가회동,11110600,126884,148279,105489,539955
2020,3,갈현1동,11380551,90045,109046,71044,961071
2020,3,갈현2동,11380552,84501,111757,57246,985165
2020,3,강일동,11740515,144553,204079,85028,3647520
2020,3,개봉1동,11530740,72002,93600,50405,1320319
2020,3,개봉2동,11530750,93375,112976,73774,782524
2020,3,개봉3동,11530760,71661,96731,46592,828418
2020,3,개포1동,11680660,81064,,81064,1449952
2020,3,개포2동,11680670,127571,158632,96509,2243338
2020,3,개포4동,11680690,71742,89422,54062,1665461
2020,3,거여1동,11710531,86116,102944,69287,522308
2020,3,거여2동,11710532,75295,107548,43043,612901
2020,3,고덕1동,11740550,104986,137398,72574,1518495
2020,3,고덕2동,11740560,178556,214829,142282,2206786
2020,3,고척1동,11530720,99009,143169,54850,1151238
2020,3,고척2동,11530730,83769,92672,74867,1025572
2020,3,공덕동,11440565,96182,105876,86488,1019197
2020,3,공릉1동,11350595,89014,112726,65302,1263261
2020,3,공릉2동,11350600,97052,121716,72388,6983449
2020,3,공항동,11500620,96332,99864,92799,10861768
2020,3,광장동,11215810,111854,143020,80687,2393761
2020,3,광희동,11140590,195999,203200,188798,737204
2020,3,교남동,11110580,188669,216085,161253,346926
2020,3,구로1동,11530520,136183,176522,95844,1008892
2020,3,구로2동,11530530,110571,120660,100483,1703350
2020,3,구로3동,11530540,141566,175219,107912,1040120
2020,3,구로4동,11530550,109101,147970,70233,524507
2020,3,구로5동,11530560,102835,108376,97294,1012473
2020,3,구산동,11380560,84590,101342,67838,1389775
2020,3,구의1동,11215850,86901,108980,64823,565313
2020,3,구의2동,11215860,89044,118598,59490,1388041
2020,3,구의3동,11215870,113666,132064,95269,1027561
2020,3,군자동,11215730,81062,113305,48820,738025
2020,3,금호1가동,11200590,109603,115009,104198,444872
2020,3,금호23가동,11200615,107680,128886,86475,631196
2020,3,금호4가동,11200620,98763,130295,67232,832333
2020,3,길동,11740685,94515,115937,73092,1631616
2020,3,길음1동,11290660,130220,162987,97454,797310
2020,3,길음2동,11290685,116016,132897,99135,588002
2020,3,낙성대동,11620585,112331,143687,80975,2262818
2020,3,난곡동,11620775,81735,107199,56270,972373
2020,3,난향동,11620715,83686,98380,68993,821397
2020,3,남가좌1동,11410690,114303,139639,88966,475536
2020,3,남가좌2동,11410700,74676,105837,43515,783775
2020,3,남영동,11170530,91821,115490,68153,1177788
2020,3,남현동,11620630,129157,168905,89408,3281024
2020,3,내곡동,11650660,128105,173860,82350,12708880
2020,3,노량진1동,11590510,128895,166693,91097,1613446
2020,3,노량진2동,11590520,137301,160181,114420,600568
2020,3,녹번동,11380510,87896,105450,70343,1794215
2020,3,논현1동,11680521,133895,163237,104553,1258744
2020,3,논현2동,11680531,126923,140487,113359,1458524
2020,3,능동,11215780,103648,138927,68368,1092105
2020,3,다산동,11140625,99483,117856,81109,523971
2020,3,답십리1동,11230600,92671,130261,55082,788242
2020,3,답십리2동,11230610,75426,101900,48952,875745
2020,3,당산1동,11560550,90004,110628,69379,745305
2020,3,당산2동,11560560,119295,158228,80362,1581310
2020,3,대림1동,11560700,85666,112461,58871,498978
2020,3,대림2동,11560710,117225,149551,84900,572540
2020,3,대림3동,11560720,77358,97441,57275,921696
2020,3,대방동,11590660,87774,118489,57059,1544903
2020,3,대조동,11380570,102310,123335,81285,851692
2020,3,대치1동,11680600,192931,261107,124755,809823
2020,3,대치2동,11680610,153520,179427,127613,1837367
2020,3,대치4동,11680630,155936,203120,108752,701081
2020,3,대학동,11620735,88236,115289,61182,8405183
2020,3,대흥동,11440600,121301,168283,74320,858570
2020,3,도곡1동,11680655,146470,184825,108116,1050609
2020,3,도곡2동,11680656,154885,189737,120034,990763
2020,3,도림동,11560585,87568,99329,75806,585885
2020,3,도봉1동,11320521,60268,85316,35219,8451468
2020,3,도봉2동,11320522,83844,106988,60700,1119031
2020,3,도화동,11440585,134488,162624,106351,625018
2020,3,독산1동,11545610,97224,114688,79760,2061921
2020,3,독산2동,11545620,62214,92484,31943,617174
2020,3,독산3동,11545630,74012,93892,54132,934985
2020,3,독산4동,11545640,82362,107497,57226,591045
2020,3,돈암1동,11290580,52016,,52016,488898
2020,3,돈암2동,11290590,95322,,95322,518335
2020,3,동선동,11290575,123222,174983,71462,724957
2020,3,동화동,11140665,98224,111775,84673,327045
2020,3,둔촌1동,11740690,,,,912178
2020,3,둔촌2동,11740700,80662,106122,55202,1550455
2020,3,등촌1동,11500520,91972,122354,61591,650741
2020,3,등촌2동,11500530,75988,82087,69888,910666
2020,3,등촌3동,11500535,120913,155125,86701,1060362
2020,3,마장동,11200540,96798,129275,64320,1035276
2020,3,마천1동,11710540,69534,96292,42775,575258
2020,3,마천2동,11710550,78815,125297,32334,890688
2020,3,망우3동,11260660,56194,71815,40574,962561
2020,3,망우본동,11260655,73725,86722,60729,2948109
2020,3,망원1동,11440690,120077,148541,91612,1101005
2020,3,망원2동,11440700,95993,114329,77657,676411
2020,3,면목2동,11260520,66595,94174,39015,763122
2020,3,면목38동,11260575,76254,97375,55133,1614117
2020,3,면목4동,11260540,61338,70037,52639,843466
2020,3,면목5동,11260550,59649,76839,42459,704936
2020,3,면목7동,11260570,84489,122325,46653,1236134
2020,3,면목본동,11260565,72481,92705,52256,849019
2020,3,명동,11140550,191416,255052,127780,969729
2020,3,명일1동,11740530,92386,121744,63029,634942
2020,3,명일2동,11740540,103059,147990,58128,914329
2020,3,목1동,11470510,144892,172349,117435,1433111
2020,3,목2동,11470520,105571,120060,91083,1021355
2020,3,목3동,11470530,90461,125406,55517,531850
2020,3,목4동,11470540,74622,98614,50631,577493
2020,3,목5동,11470550,157633,229531,85735,1766361
2020,3,무악동,11110570,162791,162791,,369520
2020,3,묵1동,11260620,91692,121142,62243,1238436
2020,3,묵2동,11260630,79946,85232,74660,669204
2020,3,문래동,11560605,96969,103743,90196,1786708
2020,3,문정1동,11710641,91142,103693,78592,612546
2020,3,문정2동,11710642,159361,204019,114702,2242033
2020,3,미성동,11620765,86776,112009,61543,1359429
2020,3,미아동,11305535,81081,106868,55295,841204
2020,3,반포1동,11650560,144759,158179,131339,992368
2020,3,반포2동,11650570,219479,284170,154788,1396031
2020,3,반포3동,11650580,169850,222274,117425,1251708
2020,3,반포4동,11650581,162361,180416,144306,1427141
2020,3,반포본동,11650550,97071,116104,78037,972536
2020,3,발산1동,11500611,97527,130546,64507,2887669
2020,3,방배1동,11650600,110023,136630,83416,689244
2020,3,방배2동,11650610,116296,122210,110382,1904030
2020,3,방배3동,11650620,83633,108401,58864,2375134
2020,3,방배4동,11650621,102674,124424,80924,949527
2020,3,방배본동,11650590,92400,123587,61213,677510
2020,3,방이1동,11710561,90448,128824,52072,609259
2020,3,방이2동,11710562,110755,143878,77632,769841
2020,3,방학1동,11320690,72063,96882,47245,1040857
2020,3,방학2동,11320700,60068,87833,32302,1092814
2020,3,방학3동,11320710,81260,78719,83800,1951026
2020,3,방화1동,11500630,107105,150475,63735,1475606
2020,3,방화2동,11500640,81557,89212,73903,6157541
2020,3,방화3동,11500641,102254,139318,65191,2558908
2020,3,번1동,11305595,79767,100144,59390,627036
2020,3,번2동,11305603,81207,69898,92516,974298
2020,3,번3동,11305608,67298,93840,40755,1081177
2020,3,보광동,11170700,87419,115958,58880,715096
2020,3,보라매동,11620525,88881,105493,72269,750225
2020,3,보문동,11290610,76956,92441,61471,553006
2020,3,부암동,11110550,102941,106926,98956,2274739
2020,3,북가좌1동,11410710,94383,108363,80402,577979
2020,3,북가좌2동,11410720,78152,100211,56094,824866
2020,3,북아현동,11410555,115902,139489,92315,458945
2020,3,불광1동,11380520,94233,129992,58474,3124927
2020,3,불광2동,11380530,108923,144733,73113,1396089
2020,3,사근동,11200550,116723,145559,87888,1169216
2020,3,사당1동,11590620,94315,118927,69704,635172
2020,3,사당2동,11590630,132653,182140,83166,2763201
2020,3,사당3동,11590640,109517,123771,95262,907684
2020,3,사당4동,11590650,111980,173389,50571,436148
2020,3,사당5동,11590651,77970,92983,62957,682199
2020,3,사직동,11110530,153645,202244,105045,1158536
2020,3,삼각산동,11305575,120376,119050,121702,621911
2020,3,삼선동,11290555,88304,116460,60147,926227
2020,3,삼성1동,11680580,172377,176473,168281,1944629
2020,3,삼성2동,11680590,146687,176397,116977,1242271
2020,3,삼성동,11620745,65101,77113,53089,2604386
2020,3,삼양동,11305534,84978,79647,90309,924092
2020,3,삼전동,11710610,101307,141274,61339,953338
2020,3,삼청동,11110540,131980,187342,76618,1479255
2020,3,상계10동,11350720,135582,204730,66435,809214
2020,3,상계1동,11350630,88343,124006,52680,5402614
2020,3,상계2동,11350640,116568,152755,80382,623125
2020,3,상계34동,11350665,67237,90302,44171,5211708
2020,3,상계5동,11350670,69685,102674,36696,906891
2020,3,상계67동,11350695,137367,179812,94923,1450295
2020,3,상계8동,11350700,112816,162791,62840,666348
2020,3,상계9동,11350710,128319,203781,52858,719445
2020,3,상도1동,11590530,96559,120813,72306,1488648
2020,3,상도2동,11590540,105978,134669,77287,772865
2020,3,상도3동,11590550,110661,160314,61007,637199
2020,3,상도4동,11590560,91740,116005,67476,939562
2020,3,상봉1동,11260580,82683,99445,65921,854219
2020,3,상봉2동,11260590,88957,111741,66174,677445
2020,3,상암동,11440740,149778,188401,111156,8402415
2020,3,상일동,11740520,87976,134768,41184,1813623
2020,3,서강동,11440655,133517,150708,116327,1478577
2020,3,서교동,11440660,144850,175241,114458,1678981
2020,3,서림동,11620665,116096,101232,130959,941252
2020,3,서빙고동,11170690,67431,66106,68756,2821948
2020,3,서원동,11620645,122366,144504,100228,647532
2020,3,서초1동,11650510,107865,128311,87420,1382685
2020,3,서초2동,11650520,167822,190224,145421,1230924
2020,3,서초3동,11650530,121469,143651,99286,2998572
2020,3,서초4동,11650531,148682,179962,117402,879773
2020,3,석관동,11290810,72788,93986,51590,1705061
2020,3,석촌동,11710600,112513,147530,77495,946914
2020,3,성내1동,11740640,92143,123270,61016,663675
2020,3,성내2동,11740650,88166,101109,75223,625147
2020,3,성내3동,11740660,120501,138189,102813,647356
2020,3,성북동,11290525,111100,132114,90086,2879912
2020,3,성산1동,11440720,87966,111719,64212,859254
2020,3,성산2동,11440730,104741,125332,84150,1978724
2020,3,성수1가1동,11200650,96815,113434,80195,1885875
2020,3,성수1가2동,11200660,103556,126967,80145,930086
2020,3,성수2가1동,11200670,80977,96779,65176,1184964
2020,3,성수2가3동,11200690,100887,107170,94604,1054501
2020,3,성현동,11620565,99548,140839,58257,678223
2020,3,세곡동,11680700,123065,145484,100647,6367772
2020,3,소공동,11140520,159859,201893,117825,943795
2020,3,송정동,11200720,77539,89385,65692,681916
2020,3,송중동,11305545,100260,117359,83161,1075796
2020,3,송천동,11305555,68519,91823,45215,929913
2020,3,송파1동,11710580,110848,125216,96479,686925
2020,3,송파2동,11710590,84186,110672,57701,631023
2020,3,수궁동,11530790,85216,105280,65152,2661352
2020,3,수색동,11380650,57522,80087,34956,1290258
2020,3,수서동,11680750,149331,190861,107801,1629403
2020,3,수유1동,11305615,70044,105465,34622,1649963
2020,3,수유2동,11305625,67098,80212,53983,581617
2020,3,수유3동,11305635,97648,124656,70640,745645
2020,3,숭인1동,11110700,79114,101361,56866,239396
2020,3,숭인2동,11110710,83143,112749,53536,351906
2020,3,시흥1동,11545670,102067,133527,70607,1524148
2020,3,시흥2동,11545680,113095,148734,77457,1308882
2020,3,시흥3동,11545690,126717,108688,144746,1261391
2020,3,시흥4동,11545700,81671,98242,65101,821709
2020,3,시흥5동,11545710,76657,108886,44429,1386972
2020,3,신길1동,11560630,100080,129127,71032,722925
2020,3,신길3동,11560650,67096,86216,47976,520083
2020,3,신길4동,11560660,54489,56603,52375,292127
2020,3,신길5동,11560670,76578,102499,50656,494653
2020,3,신길6동,11560680,83080,101326,64833,653511
2020,3,신길7동,11560690,107830,118010,97650,642487
2020,3,신내1동,11260680,82256,103286,61227,2606949
2020,3,신내2동,11260690,107888,135560,80217,911281
2020,3,신당5동,11140650,114891,125206,104576,319706
2020,3,신당동,11140615,382613,366588,398637,534942
2020,3,신대방1동,11590670,105641,116389,94893,675281
2020,3,신대방2동,11590680,115704,152062,79346,977033
2020,3,신도림동,11530510,118304,116124,120485,1392788
2020,3,신림동,11620695,131797,173751,89844,541240
2020,3,신사1동,11380631,88924,94362,83487,808314
2020,3,신사2동,11380632,74124,86105,62142,1046222
2020,3,신사동,11620685,110463,146236,74689,641031
2020,3,신사동,11680510,137510,173802,101218,2059234
2020,3,신수동,11440630,107870,120461,95280,797879
2020,3,신원동,11620655,89733,122323,57144,544977
2020,3,신월1동,11470560,59904,85021,34787,622400
2020,3,신월2동,11470570,64524,79083,49966,606811
2020,3,신월3동,11470580,69891,101315,38468,918039
2020,3,신월4동,11470590,65844,87091,44597,469873
2020,3,신월5동,11470600,65787,83312,48261,638302
2020,3,신월6동,11470610,78294,111104,45485,444286
2020,3,신월7동,11470611,62774,84143,41404,1230628
2020,3,신정1동,11470620,88086,111879,64294,747568
2020,3,신정2동,11470630,81047,102146,59949,525899
2020,3,신정3동,11470640,97575,140391,54760,2756536
2020,3,신정4동,11470650,85156,108057,62256,997144
2020,3,신정6동,11470670,148749,198114,99384,940885
2020,3,신정7동,11470680,116119,135789,96448,1234130
2020,3,신촌동,11410585,135448,186761,84136,2720364
2020,3,쌍문1동,11320660,54650,72982,36318,1175774
2020,3,쌍문2동,11320670,68612,91579,45645,541193
2020,3,쌍문3동,11320680,79991,114194,45788,504805
2020,3,쌍문4동,11320681,89045,122722,55368,554868
2020,3,아현동,11440555,126317,168013,84622,744328
2020,3,안암동,11290600,101806,143281,60332,1379571
2020,3,암사1동,11740570,94054,104226,83883,735480
2020,3,암사2동,11740580,92195,131505,52886,2174329
2020,3,암사3동,11740590,111275,121929,100622,1799368
2020,3,압구정동,11680545,150037,200067,100006,2345057
2020,3,약수동,11140635,134639,189879,79398,486369
2020,3,양재1동,11650651,112731,136845,88618,5765358
2020,3,양재2동,11650652,80395,94076,66714,7562268
2020,3,양평1동,11560610,91159,94853,87465,974912
2020,3,양평2동,11560620,89892,115206,64579,2874596
2020,3,여의동,11560540,150965,205060,96870,8437543
2020,3,역삼1동,11680640,150422,169785,131058,2362133
2020,3,역삼2동,11680650,161507,201592,121422,1135029
2020,3,역촌동,11380625,76696,96995,56397,1157542
2020,3,연남동,11440710,118833,129771,107896,647438
2020,3,연희동,11410615,93539,95559,91519,2929172
2020,3,염리동,11440610,113757,163232,64281,491468
2020,3,염창동,11500510,85008,103457,66558,1732856
2020,3,영등포동,11560535,126429,137104,115755,1372094
2020,3,영등포본동,11560515,120116,96928,143305,846370
2020,3,오금동,11710570,76263,104359,48166,1648868
2020,3,오류1동,11530770,125152,150940,99364,727414
2020,3,오류2동,11530780,91892,111028,72756,3061018
2020,3,오륜동,11710566,278237,342474,213999,3085088
2020,3,옥수동,11200645,140304,167425,113183,1922027
2020,3,왕십리2동,11200520,96402,114934,77870,372425
2020,3,왕십리도선동,11200535,109145,126117,92173,710285
2020,3,용강동,11440590,133192,167079,99306,790602
2020,3,용답동,11200790,91271,125194,57349,2377148
2020,3,용문동,11170590,80988,105008,56968,277531
2020,3,용산2가동,11170520,92647,92682,92613,1966853
2020,3,용신동,11230536,80601,102205,58997,1618399
2020,3,우이동,11305645,64807,81416,48198,10587752
2020,3,우장산동,11500615,106767,145287,68247,1261588
2020,3,원효로1동,11170560,86365,101576,71154,589017
2020,3,원효로2동,11170570,96439,113063,79815,708975
2020,3,월계1동,11350560,95573,133270,57876,1107461
2020,3,월계2동,11350570,90386,94747,86025,2004785
2020,3,월계3동,11350580,125614,179401,71827,1168283
2020,3,월곡1동,11290715,81518,96599,66437,801757
2020,3,월곡2동,11290725,73686,106096,41276,1364901
2020,3,위례동,11710647,151374,218904,83843,2537372
2020,3,은천동,11620605,102397,130651,74143,776212
2020,3,을지로동,11140605,142814,187197,98432,611524
2020,3,응봉동,11200580,108634,132462,84805,553662
2020,3,응암1동,11380580,82961,112314,53608,1109863
2020,3,응암2동,11380590,91281,100415,82147,755247
2020,3,응암3동,11380600,78576,109404,47748,752773
2020,3,이문1동,11230740,99965,143979,55952,1039602
2020,3,이문2동,11230750,76845,84048,69642,723890
2020,3,이촌1동,11170630,210022,299053,120992,2872767
2020,3,이촌2동,11170640,117652,67472,167833,1205543
2020,3,이태원1동,11170650,169742,203671,135812,582899
2020,3,이태원2동,11170660,120203,133423,106983,874243
2020,3,이화동,11110640,118986,158706,79266,782395
2020,3,인수동,11305660,56510,63188,49832,2998011
2020,3,인헌동,11620625,97429,143867,50992,1089078
2020,3,일원1동,11680730,89242,128407,50077,953471
2020,3,일원2동,11680740,139852,168997,110708,1300290
2020,3,일원본동,11680720,153817,201675,105959,2354625
2020,3,자양1동,11215820,97217,118703,75730,568868
2020,3,자양2동,11215830,83300,82892,83708,1657523
2020,3,자양3동,11215840,114281,122034,106528,1196419
2020,3,자양4동,11215847,103841,144452,63230,1180023
2020,3,잠실2동,11710670,336968,470857,203079,2686850
2020,3,잠실3동,11710680,247237,253286,241189,1542643
2020,3,잠실4동,11710690,275584,353252,197917,780204
2020,3,잠실6동,11710710,175770,195286,156255,1508001
2020,3,잠실7동,11710720,122850,199699,46001,723486
2020,3,잠실본동,11710650,120969,164849,77089,1028997
2020,3,잠원동,11650540,122085,130121,114048,1756867
2020,3,장안1동,11230650,77133,98023,56243,1342167
2020,3,장안2동,11230660,82527,112492,52561,996640
2020,3,장위1동,11290760,45799,60989,30609,708546
2020,3,장위2동,11290770,72022,83652,60393,679894
2020,3,장위3동,11290780,86767,136419,37115,652601
2020,3,장지동,11710646,93404,127995,58812,1278355
2020,3,장충동,11140580,91426,116489,66363,1017925
2020,3,전농1동,11230560,86649,103409,69888,1126695
2020,3,전농2동,11230570,99756,121340,78172,977568
2020,3,정릉1동,11290620,85681,101639,69723,412365
2020,3,정릉2동,11290630,74470,93953,54987,1094889
2020,3,정릉3동,11290640,64553,81792,47315,3327126
2020,3,정릉4동,11290650,83705,109290,58120,3570914
2020,3,제기동,11230545,104539,139149,69929,1181705
2020,3,조원동,11620725,77946,104581,51311,666607
2020,3,종로1234가동,11110615,183536,247572,119499,2417171
2020,3,종로56가동,11110630,243495,247907,239084,603167
2020,3,종암동,11290705,76372,95657,57087,1404527
2020,3,중계1동,11350621,152070,212569,91571,623451
2020,3,중계23동,11350625,116446,161210,71681,919083
2020,3,중계4동,11350624,107537,158001,57074,1519449
2020,3,중계본동,11350619,96296,120935,71657,2183234
2020,3,중곡1동,11215740,75098,91653,58542,614505
2020,3,중곡2동,11215750,70243,90281,50205,545542
2020,3,중곡3동,11215760,65217,92646,37789,601866
2020,3,중곡4동,11215770,75307,106003,44610,2313468
2020,3,중림동,11140680,129054,137759,120349,484384
2020,3,중앙동,11620615,99110,113388,84832,384728
2020,3,중화1동,11260600,69533,84308,54758,641493
2020,3,중화2동,11260610,77616,107674,47558,1016955
2020,3,증산동,11380640,80365,105988,54743,807409
2020,3,진관동,11380690,116328,126940,105717,11565110
2020,3,창1동,11320511,85976,108189,63762,1122171
2020,3,창2동,11320512,61669,88558,34779,654442
2020,3,창3동,11320513,53794,75425,32162,655485
2020,3,창4동,11320514,120981,165052,76911,1140172
2020,3,창5동,11320515,96942,133470,60414,701480
2020,3,창신1동,11110670,166951,200240,133663,305337
2020,3,창신2동,11110680,72889,88697,57082,257323
2020,3,창신3동,11110690,78571,94243,62900,216835
2020,3,천연동,11410520,100633,134115,67151,982817
2020,3,천호1동,11740600,91798,113994,69602,668998
2020,3,천호2동,11740610,115735,125322,106148,1850853
2020,3,천호3동,11740620,110010,144734,75286,561872
2020,3,청구동,11140645,97017,102825,91208,342571
2020,3,청담동,11680565,142955,163769,122141,2329217
2020,3,청량리동,11230705,74970,97037,52903,1204398
2020,3,청룡동,11620595,107116,127346,86886,1195604
2020,3,청림동,11620545,58171,67787,48555,297155
2020,3,청운효자동,11110515,125841,152656,99025,2568432
2020,3,청파동,11170555,99689,128553,70824,886225
2020,3,충현동,11410565,94827,118926,70729,1116001
2020,3,평창동,11110560,82627,80023,85232,8947328
2020,3,풍납1동,11710510,66629,88187,45071,1075294
2020,3,풍납2동,11710520,81106,113169,49043,2564554
2020,3,필동,11140570,119733,150026,89440,1464686
2020,3,하계1동,11350611,88334,98728,77940,1527061
2020,3,하계2동,11350612,126676,165785,87566,500023
2020,3,한강로동,11170625,122742,143458,102026,2869816
2020,3,한남동,11170685,114975,133187,96764,3031897
2020,3,합정동,11440680,125590,134786,116393,1712389
2020,3,항동,11530800,,,,1446941
2020,3,행당1동,11200560,136199,139320,133077,573566
2020,3,행당2동,11200570,108658,130724,86591,457669
2020,3,행운동,11620575,89843,115252,64435,718235
2020,3,혜화동,11110650,125329,170856,79802,1132421
2020,3,홍은1동,11410660,69603,83994,55212,1615140
2020,3,홍은2동,11410685,75934,96641,55226,2075085
2020,3,홍제1동,11410620,112689,156042,69337,1235632
2020,3,홍제2동,11410655,91909,116203,67615,699978
2020,3,홍제3동,11410640,84772,119484,50060,1192508
2020,3,화곡1동,11500540,83019,103075,62962,1197746
2020,3,화곡2동,11500550,59052,87566,30539,454621
2020,3,화곡3동,11500560,99950,127908,71992,521858
2020,3,화곡4동,11500570,85583,128586,42581,852049
2020,3,화곡6동,11500591,82379,101796,62961,1037911
2020,3,화곡8동,11500593,95101,143545,46658,593322
2020,3,화곡본동,11500590,82315,103147,61483,972735
2020,3,화양동,11215710,124964,159042,90886,1166008
2020,3,황학동,11140670,127120,139061,115179,328640
2020,3,회기동,11230710,97505,132051,62959,766917
2020,3,회현동,11140540,342515,384214,300815,897827
2020,3,효창동,11170580,143717,142288,145146,446197
2020,3,후암동,11170510,86736,107963,65509,865892
2020,3,휘경1동,11230720,104656,158629,50682,521796
2020,3,휘경2동,11230730,87737,104050,71424,1113609
2020,3,흑석동,11590605,107617,125705,89529,1708306
2020,4,가락1동,11710631,192420,167864,216976,1393228
2020,4,가락2동,11710632,98224,123358,73091,932311
2020,4,가락본동,11710620,121576,150818,92335,1014738
2020,4,가리봉동,11530595,102184,129548,74820,410996
2020,4,가산동,11545510,125913,156995,94830,2512852
2020,4,가양1동,11500603,147911,207944,87878,4970691
2020,4,가양2동,11500604,120502,161403,79602,823874
2020,4,가양3동,11500605,107784,123563,92004,474228
2020,4,가회동,11110600,126540,151292,101787,539955
2020,4,갈현1동,11380551,90777,111810,69744,961071
2020,4,갈현2동,11380552,82561,110423,54699,985165
2020,4,강일동,11740515,148443,211207,85679,3647520
2020,4,개봉1동,11530740,75459,96469,54448,1320319
2020,4,개봉2동,11530750,90999,115186,66811,782524
2020,4,개봉3동,11530760,72458,96340,48576,828418
2020,4,개포1동,11680660,82563,,82563,1449952
2020,4,개포2동,11680670,131160,159651,102670,2243338
2020,4,개포4동,11680690,72506,90909,54104,1665461
2020,4,거여1동,11710531,82327,96201,68453,522308
2020,4,거여2동,11710532,97613,146792,48433,612901
2020,4,고덕1동,11740550,105107,132996,77218,1518495
2020,4,고덕2동,11740560,174788,210411,139166,2206786
2020,4,고척1동,11530720,89011,128916,49105,1151238
2020,4,고척2동,11530730,84027,95341,72713,1025572
2020,4,공덕동,11440565,106488,118103,94872,1019197
2020,4,공릉1동,11350595,86113,113200,59027,1263261
2020,4,공릉2동,11350600,97145,121457,72833,6983449
2020,4,공항동,11500620,91776,106770,76782,10861768
2020,4,광장동,11215810,106766,133857,79676,2393761
2020,4,광희동,11140590,198275,202817,193733,737204
2020,4,교남동,11110580,190484,203090,177879,346926
2020,4,구로1동,11530520,140075,191057,89094,1008892
2020,4,구로2동,11530530,109655,121259,98051,1703350
2020,4,구로3동,11530540,145791,179826,111757,1040120
2020,4,구로4동,11530550,102230,141184,63277,524507
2020,4,구로5동,11530560,98586,100119,97053,1012473
2020,4,구산동,11380560,76691,89310,64072,1389775
2020,4,구의1동,11215850,86452,104630,68273,565313
2020,4,구의2동,11215860,90645,120285,61004,1388041
2020,4,구의3동,11215870,112017,130858,93176,1027561
2020,4,군자동,11215730,77635,106244,49025,738025
2020,4,금호1가동,11200590,108390,115875,100906,444872
2020,4,금호23가동,11200615,102489,129330,75648,631196
2020,4,금호4가동,11200620,108277,126675,89879,832333
2020,4,길동,11740685,90318,113489,67148,1631616
2020,4,길음1동,11290660,127167,160898,93435,797310
2020,4,길음2동,11290685,125603,129569,121638,588002
2020,4,낙성대동,11620585,114667,148393,80941,2262818
2020,4,난곡동,11620775,87955,110407,65503,972373
2020,4,난향동,11620715,81410,94251,68570,821397
2020,4,남가좌1동,11410690,111337,139498,83176,475536
2020,4,남가좌2동,11410700,82808,111654,53961,783775
2020,4,남영동,11170530,94297,118382,70212,1177788
2020,4,남현동,11620630,136431,182635,90227,3281024
2020,4,내곡동,11650660,118466,159962,76970,12708880
2020,4,노량진1동,11590510,130157,168233,92081,1613446
2020,4,노량진2동,11590520,130902,154668,107137,600568
2020,4,녹번동,11380510,88888,108371,69404,1794215
2020,4,논현1동,11680521,139892,169241,110544,1258744
2020,4,논현2동,11680531,130282,141764,118799,1458524
2020,4,능동,11215780,98252,131429,65075,1092105
2020,4,다산동,11140625,98466,121261,75670,523971
2020,4,답십리1동,11230600,90008,126519,53497,788242
2020,4,답십리2동,11230610,77181,107118,47244,875745
2020,4,당산1동,11560550,90243,113022,67464,745305
2020,4,당산2동,11560560,114105,153359,74851,1581310
2020,4,대림1동,11560700,82229,111828,52629,498978
2020,4,대림2동,11560710,116146,149248,83044,572540
2020,4,대림3동,11560720,75864,96412,55316,921696
2020,4,대방동,11590660,86135,120812,51458,1544903
2020,4,대조동,11380570,103288,121276,85299,851692
2020,4,대치1동,11680600,189238,252249,126227,809823
2020,4,대치2동,11680610,145760,169939,121580,1837367
2020,4,대치4동,11680630,155634,206787,104480,701081
2020,4,대학동,11620735,89602,125651,53553,8405183
2020,4,대흥동,11440600,119128,165241,73015,858570
2020,4,도곡1동,11680655,140245,188785,91704,1050609
2020,4,도곡2동,11680656,157519,192917,122120,990763
2020,4,도림동,11560585,93849,116169,71530,585885
2020,4,도봉1동,11320521,61096,82360,39832,8451468
2020,4,도봉2동,11320522,88673,113634,63713,1119031
2020,4,도화동,11440585,144324,183767,104880,625018
2020,4,독산1동,11545610,90991,110796,71187,2061921
2020,4,독산2동,11545620,62714,92160,33268,617174
2020,4,독산3동,11545630,86348,95393,77302,934985
2020,4,독산4동,11545640,76143,117547,34739,591045
2020,4,돈암1동,11290580,57739,63109,52369,488898
2020,4,돈암2동,11290590,95322,,95322,518335
2020,4,동선동,11290575,123012,172663,73360,724957
2020,4,동화동,11140665,97898,115902,79895,327045
2020,4,둔촌1동,11740690,,,,912178
2020,4,둔촌2동,11740700,80171,106110,54232,1550455
2020,4,등촌1동,11500520,90456,111864,69047,650741
2020,4,등촌2동,11500530,71897,78660,65135,910666
2020,4,등촌3동,11500535,118124,159361,76886,1060362
2020,4,마장동,11200540,98662,128513,68811,1035276
2020,4,마천1동,11710540,75470,99125,51815,575258
2020,4,마천2동,11710550,85614,134549,36679,890688
2020,4,망우3동,11260660,56714,72511,40918,962561
2020,4,망우본동,11260655,88034,96781,79288,2948109
2020,4,망원1동,11440690,114198,137759,90637,1101005
2020,4,망원2동,11440700,95434,117368,73499,676411
2020,4,면목2동,11260520,71002,97967,44037,763122
2020,4,면목38동,11260575,80342,101432,59252,1614117
2020,4,면목4동,11260540,70326,70625,70027,843466
2020,4,면목5동,11260550,58548,83457,33638,704936
2020,4,면목7동,11260570,89768,121953,57584,1236134
2020,4,면목본동,11260565,78879,101311,56447,849019
2020,4,명동,11140550,184436,242677,126194,969729
2020,4,명일1동,11740530,96834,128735,64933,634942
2020,4,명일2동,11740540,109682,165029,54334,914329
2020,4,목1동,11470510,143313,168611,118014,1433111
2020,4,목2동,11470520,106037,123233,88842,1021355
2020,4,목3동,11470530,87282,114784,59780,531850
2020,4,목4동,11470540,72028,96419,47636,577493
2020,4,목5동,11470550,157675,226765,88584,1766361
2020,4,무악동,11110570,184537,184537,,369520
2020,4,묵1동,11260620,99285,127581,70989,1238436
2020,4,묵2동,11260630,84082,92311,75852,669204
2020,4,문래동,11560605,97560,105478,89642,1786708
2020,4,문정1동,11710641,96190,109899,82482,612546
2020,4,문정2동,11710642,164099,213100,115099,2242033
2020,4,미성동,11620765,94965,111013,78917,1359429
2020,4,미아동,11305535,82594,113678,51509,841204
2020,4,반포1동,11650560,140357,156188,124526,992368
2020,4,반포2동,11650570,217240,289145,145336,1396031
2020,4,반포3동,11650580,177628,220936,134320,1251708
2020,4,반포4동,11650581,171189,194976,147402,1427141
2020,4,반포본동,11650550,90356,117750,62962,972536
2020,4,발산1동,11500611,100024,132741,67307,2887669
2020,4,방배1동,11650600,114436,142132,86740,689244
2020,4,방배2동,11650610,122104,140944,103265,1904030
2020,4,방배3동,11650620,85610,111331,59888,2375134
2020,4,방배4동,11650621,100588,124598,76578,949527
2020,4,방배본동,11650590,97884,131378,64390,677510
2020,4,방이1동,11710561,89165,120285,58045,609259
2020,4,방이2동,11710562,116180,143946,88414,769841
2020,4,방학1동,11320690,72355,98598,46112,1040857
2020,4,방학2동,11320700,58534,86475,30592,1092814
2020,4,방학3동,11320710,82505,85598,79413,1951026
2020,4,방화1동,11500630,108764,152687,64840,1475606
2020,4,방화2동,11500640,82872,88022,77722,6157541
2020,4,방화3동,11500641,98497,130600,66393,2558908
2020,4,번1동,11305595,78749,100705,56793,627036
2020,4,번2동,11305603,60695,68082,53308,974298
2020,4,번3동,11305608,63354,86338,40369,1081177
2020,4,보광동,11170700,81506,109161,53850,715096
2020,4,보라매동,11620525,89716,104011,75422,750225
2020,4,보문동,11290610,73663,88619,58708,553006
2020,4,부암동,11110550,101860,108653,95066,2274739
2020,4,북가좌1동,11410710,104640,110049,99232,577979
2020,4,북가좌2동,11410720,78347,100728,55966,824866
2020,4,북아현동,11410555,120054,147326,92782,458945
2020,4,불광1동,11380520,93163,128461,57865,3124927
2020,4,불광2동,11380530,110620,143102,78138,1396089
2020,4,사근동,11200550,129789,174018,85560,1169216
2020,4,사당1동,11590620,91913,115543,68283,635172
2020,4,사당2동,11590630,132103,182454,81752,2763201
2020,4,사당3동,11590640,108475,122077,94872,907684
2020,4,사당4동,11590650,108774,170993,46556,436148
2020,4,사당5동,11590651,77204,92478,61930,682199
2020,4,사직동,11110530,152023,195313,108733,1158536
2020,4,삼각산동,11305575,108071,132361,83782,621911
2020,4,삼선동,11290555,89366,120118,58614,926227
2020,4,삼성1동,11680580,173280,174996,171565,1944629
2020,4,삼성2동,11680590,146445,173719,119171,1242271
2020,4,삼성동,11620745,64377,76749,52006,2604386
2020,4,삼양동,11305534,80792,84646,76939,924092
2020,4,삼전동,11710610,106594,140530,72658,953338
2020,4,삼청동,11110540,134221,192051,76391,1479255
2020,4,상계10동,11350720,122821,182739,62903,809214
2020,4,상계1동,11350630,85281,118416,52146,5402614
2020,4,상계2동,11350640,115927,151729,80126,623125
2020,4,상계34동,11350665,65156,90827,39486,5211708
2020,4,상계5동,11350670,70210,99066,41355,906891
2020,4,상계67동,11350695,132317,177855,86779,1450295
2020,4,상계8동,11350700,111010,158879,63141,666348
2020,4,상계9동,11350710,124816,196057,53575,719445
2020,4,상도1동,11590530,98739,121912,75565,1488648
2020,4,상도2동,11590540,105005,138101,71910,772865
2020,4,상도3동,11590550,105395,147316,63473,637199
2020,4,상도4동,11590560,90842,118314,63370,939562
2020,4,상봉1동,11260580,88251,102125,74377,854219
2020,4,상봉2동,11260590,92615,119467,65764,677445
2020,4,상암동,11440740,145298,185757,104838,8402415
2020,4,상일동,11740520,127572,195941,59204,1813623
2020,4,서강동,11440655,133750,154609,112890,1478577
2020,4,서교동,11440660,148538,181732,115344,1678981
2020,4,서림동,11620665,108104,104106,112102,941252
2020,4,서빙고동,11170690,68164,64190,72139,2821948
2020,4,서원동,11620645,118146,136523,99770,647532
2020,4,서초1동,11650510,111261,133895,88627,1382685
2020,4,서초2동,11650520,175394,195940,154848,1230924
2020,4,서초3동,11650530,118849,143853,93844,2998572
2020,4,서초4동,11650531,149857,183479,116234,879773
2020,4,석관동,11290810,71099,92097,50100,1705061
2020,4,석촌동,11710600,115978,154771,77186,946914
2020,4,성내1동,11740640,93223,118892,67555,663675
2020,4,성내2동,11740650,91312,105031,77592,625147
2020,4,성내3동,11740660,109869,129198,90540,647356
2020,4,성북동,11290525,109625,133196,86055,2879912
2020,4,성산1동,11440720,90284,112059,68510,859254
2020,4,성산2동,11440730,98584,119032,78136,1978724
2020,4,성수1가1동,11200650,102072,115011,89132,1885875
2020,4,성수1가2동,11200660,104329,126632,82025,930086
2020,4,성수2가1동,11200670,87561,103072,72050,1184964
2020,4,성수2가3동,11200690,105389,113970,96808,1054501
2020,4,성현동,11620565,90792,123451,58133,678223
2020,4,세곡동,11680700,133101,170344,95859,6367772
2020,4,소공동,11140520,155827,185198,126456,943795
2020,4,송정동,11200720,76603,85303,67903,681916
2020,4,송중동,11305545,102785,122131,83438,1075796
2020,4,송천동,11305555,72710,94805,50616,929913
2020,4,송파1동,11710580,111312,127759,94864,686925
2020,4,송파2동,11710590,91180,120743,61616,631023
2020,4,수궁동,11530790,83229,98105,68354,2661352
2020,4,수색동,11380650,53197,70107,36286,1290258
2020,4,수서동,11680750,143442,182340,104544,1629403
2020,4,수유1동,11305615,69936,101041,38831,1649963
2020,4,수유2동,11305625,57918,80306,35531,581617
2020,4,수유3동,11305635,94944,128647,61241,745645
2020,4,숭인1동,11110700,80633,101701,59565,239396
2020,4,숭인2동,11110710,87343,118332,56353,351906
2020,4,시흥1동,11545670,100285,133666,66904,1524148
2020,4,시흥2동,11545680,97488,121308,73668,1308882
2020,4,시흥3동,11545690,118734,107677,129791,1261391
2020,4,시흥4동,11545700,82064,100126,64002,821709
2020,4,시흥5동,11545710,79232,114345,44119,1386972
2020,4,신길1동,11560630,103664,124543,82784,722925
2020,4,신길3동,11560650,73321,95484,51159,520083
2020,4,신길4동,11560660,58253,54953,61553,292127
2020,4,신길5동,11560670,88834,103047,74620,494653
2020,4,신길6동,11560680,76475,102127,50824,653511
2020,4,신길7동,11560690,103071,117396,88746,642487
2020,4,신내1동,11260680,91635,107725,75545,2606949
2020,4,신내2동,11260690,124557,149404,99710,911281
2020,4,신당5동,11140650,99272,123529,75015,319706
2020,4,신당동,11140615,379583,344353,414812,534942
2020,4,신대방1동,11590670,107377,115552,99203,675281
2020,4,신대방2동,11590680,121704,166699,76709,977033
2020,4,신도림동,11530510,125684,128991,122377,1392788
2020,4,신림동,11620695,134493,170919,98068,541240
2020,4,신사1동,11380631,82613,95819,69407,808314
2020,4,신사2동,11380632,65337,88887,41786,1046222
2020,4,신사동,11620685,104844,139612,70075,641031
2020,4,신사동,11680510,143348,181146,105550,2059234
2020,4,신수동,11440630,113788,124718,102859,797879
2020,4,신원동,11620655,92644,126799,58489,544977
2020,4,신월1동,11470560,60437,86547,34327,622400
2020,4,신월2동,11470570,68253,83399,53108,606811
2020,4,신월3동,11470580,71118,103773,38464,918039
2020,4,신월4동,11470590,64588,85697,43478,469873
2020,4,신월5동,11470600,59930,79866,39994,638302
2020,4,신월6동,11470610,81374,123614,39133,444286
2020,4,신월7동,11470611,60647,80311,40983,1230628
2020,4,신정1동,11470620,93849,124179,63519,747568
2020,4,신정2동,11470630,79661,99712,59611,525899
2020,4,신정3동,11470640,99402,147563,51241,2756536
2020,4,신정4동,11470650,83852,107423,60281,997144
2020,4,신정6동,11470670,149570,203064,96076,940885
2020,4,신정7동,11470680,118575,124576,112575,1234130
2020,4,신촌동,11410585,134051,184202,83900,2720364
2020,4,쌍문1동,11320660,54474,74168,34780,1175774
2020,4,쌍문2동,11320670,69741,93040,46443,541193
2020,4,쌍문3동,11320680,79095,108643,49548,504805
2020,4,쌍문4동,11320681,93007,127597,58417,554868
2020,4,아현동,11440555,125270,166046,84494,744328
2020,4,안암동,11290600,111802,150935,72669,1379571
2020,4,암사1동,11740570,89670,102877,76462,735480
2020,4,암사2동,11740580,92420,129567,55274,2174329
2020,4,암사3동,11740590,121573,137403,105743,1799368
2020,4,압구정동,11680545,149733,200775,98690,2345057
2020,4,약수동,11140635,142540,197559,87520,486369
2020,4,양재1동,11650651,111023,134310,87736,5765358
2020,4,양재2동,11650652,83743,100869,66618,7562268
2020,4,양평1동,11560610,90634,94328,86940,974912
2020,4,양평2동,11560620,95099,123955,66242,2874596
2020,4,여의동,11560540,150751,202202,99301,8437543
2020,4,역삼1동,11680640,147028,165845,128211,2362133
2020,4,역삼2동,11680650,156757,193246,120267,1135029
2020,4,역촌동,11380625,77275,98143,56407,1157542
2020,4,연남동,11440710,122363,137188,107537,647438
2020,4,연희동,11410615,93534,92790,94278,2929172
2020,4,염리동,11440610,109572,151741,67403,491468
2020,4,염창동,11500510,83737,113422,54051,1732856
2020,4,영등포동,11560535,123727,141345,106108,1372094
2020,4,영등포본동,11560515,119297,96696,141899,846370
2020,4,오금동,11710570,79130,109660,48600,1648868
2020,4,오류1동,11530770,108331,150279,66383,727414
2020,4,오류2동,11530780,91676,112875,70478,3061018
2020,4,오륜동,11710566,278756,335167,222346,3085088
2020,4,옥수동,11200645,133722,161309,106135,1922027
2020,4,왕십리2동,11200520,99880,120921,78840,372425
2020,4,왕십리도선동,11200535,103130,118740,87520,710285
2020,4,용강동,11440590,132517,160515,104520,790602
2020,4,용답동,11200790,91747,125718,57776,2377148
2020,4,용문동,11170590,81762,106405,57119,277531
2020,4,용산2가동,11170520,124464,99500,149428,1966853
2020,4,용신동,11230536,80108,102438,57779,1618399
2020,4,우이동,11305645,57848,79505,36191,10587752
2020,4,우장산동,11500615,106596,146497,66695,1261588
2020,4,원효로1동,11170560,93145,112892,73397,589017
2020,4,원효로2동,11170570,98245,112004,84486,708975
2020,4,월계1동,11350560,91232,130137,52327,1107461
2020,4,월계2동,11350570,88117,95118,81116,2004785
2020,4,월계3동,11350580,120226,174988,65465,1168283
2020,4,월곡1동,11290715,84673,100140,69205,801757
2020,4,월곡2동,11290725,71459,102264,40654,1364901
2020,4,위례동,11710647,146336,218223,74450,2537372
2020,4,은천동,11620605,105782,139766,71798,776212
2020,4,을지로동,11140605,144010,189263,98757,611524
2020,4,응봉동,11200580,111253,135564,86943,553662
2020,4,응암1동,11380580,83712,115259,52165,1109863
2020,4,응암2동,11380590,92171,103032,81309,755247
2020,4,응암3동,11380600,76572,106367,46776,752773
2020,4,이문1동,11230740,98692,140676,56707,1039602
2020,4,이문2동,11230750,77074,81195,72953,723890
2020,4,이촌1동,11170630,209736,292783,126689,2872767
2020,4,이촌2동,11170640,113695,70474,156916,1205543
2020,4,이태원1동,11170650,174987,203809,146165,582899
2020,4,이태원2동,11170660,134399,163771,105028,874243
2020,4,이화동,11110640,113340,148646,78034,782395
2020,4,인수동,11305660,55470,62101,48839,2998011
2020,4,인헌동,11620625,97575,144849,50301,1089078
2020,4,일원1동,11680730,88125,128553,47698,953471
2020,4,일원2동,11680740,107540,,107540,1300290
2020,4,일원본동,11680720,154004,190280,117728,2354625
2020,4,자양1동,11215820,94458,121556,67360,568868
2020,4,자양2동,11215830,80653,86070,75237,1657523
2020,4,자양3동,11215840,109666,122714,96618,1196419
2020,4,자양4동,11215847,104233,142490,65976,1180023
2020,4,잠실2동,11710670,333330,457036,209624,2686850
2020,4,잠실3동,11710680,222474,214629,230320,1542643
2020,4,잠실4동,11710690,270088,332424,207753,780204
2020,4,잠실6동,11710710,170699,186328,155069,1508001
2020,4,잠실7동,11710720,128915,211830,46001,723486
2020,4,잠실본동,11710650,125340,167619,83061,1028997
2020,4,잠원동,11650540,121597,133410,109785,1756867
2020,4,장안1동,11230650,77303,100311,54294,1342167
2020,4,장안2동,11230660,84091,113366,54815,996640
2020,4,장위1동,11290760,44391,58273,30508,708546
2020,4,장위2동,11290770,75647,92994,58299,679894
2020,4,장위3동,11290780,88031,127920,48141,652601
2020,4,장지동,11710646,100013,136163,63862,1278355
2020,4,장충동,11140580,95620,116440,74800,1017925
2020,4,전농1동,11230560,83047,102404,63689,1126695
2020,4,전농2동,11230570,93087,113810,72365,977568
2020,4,정릉1동,11290620,83997,101669,66326,412365
2020,4,정릉2동,11290630,80207,100242,60172,1094889
2020,4,정릉3동,11290640,65712,83925,47499,3327126
2020,4,정릉4동,11290650,83826,109042,58609,3570914
2020,4,제기동,11230545,106923,141873,71973,1181705
2020,4,조원동,11620725,80343,112210,48476,666607
2020,4,종로1234가동,11110615,180042,241480,118603,2417171
2020,4,종로56가동,11110630,237629,236494,238765,603167
2020,4,종암동,11290705,70634,91645,49623,1404527
2020,4,중계1동,11350621,144731,203050,86412,623451
2020,4,중계23동,11350625,117869,164719,71019,919083
2020,4,중계4동,11350624,106568,157934,55203,1519449
2020,4,중계본동,11350619,103034,133580,72489,2183234
2020,4,중곡1동,11215740,73655,94190,53120,614505
2020,4,중곡2동,11215750,69219,90065,48374,545542
2020,4,중곡3동,11215760,70890,94467,47314,601866
2020,4,중곡4동,11215770,80115,104885,55345,2313468
2020,4,중림동,11140680,124791,125376,124205,484384
2020,4,중앙동,11620615,97292,110643,83941,384728
2020,4,중화1동,11260600,77118,86408,67829,641493
2020,4,중화2동,11260610,86770,116253,57287,1016955
2020,4,증산동,11380640,85181,116194,54169,807409
2020,4,진관동,11380690,118975,135672,102278,11565110
2020,4,창1동,11320511,86340,113053,59626,1122171
2020,4,창2동,11320512,62426,90250,34602,654442
2020,4,창3동,11320513,52357,72365,32349,655485
2020,4,창4동,11320514,128646,180260,77032,1140172
2020,4,창5동,11320515,101764,145052,58477,701480
2020,4,창신1동,11110670,161277,189772,132782,305337
2020,4,창신2동,11110680,71967,87205,56728,257323
2020,4,창신3동,11110690,74815,90712,58917,216835
2020,4,천연동,11410520,101567,135254,67881,982817
2020,4,천호1동,11740600,90163,110848,69478,668998
2020,4,천호2동,11740610,112382,125369,99395,1850853
2020,4,천호3동,11740620,106835,142941,70729,561872
2020,4,청구동,11140645,95149,103668,86630,342571
2020,4,청담동,11680565,145717,166645,124788,2329217
2020,4,청량리동,11230705,77535,100375,54695,1204398
2020,4,청룡동,11620595,114195,138937,89453,1195604
2020,4,청림동,11620545,73571,72549,74593,297155
2020,4,청운효자동,11110515,123382,150627,96136,2568432
2020,4,청파동,11170555,101163,133766,68560,886225
2020,4,충현동,11410565,91388,112210,70567,1116001
2020,4,평창동,11110560,79807,78357,81256,8947328
2020,4,풍납1동,11710510,80239,109242,51237,1075294
2020,4,풍납2동,11710520,97570,135855,59285,2564554
2020,4,필동,11140570,127329,161305,93353,1464686
2020,4,하계1동,11350611,80267,91238,69296,1527061
2020,4,하계2동,11350612,91932,94586,89278,500023
2020,4,한강로동,11170625,122118,140741,103495,2869816
2020,4,한남동,11170685,107133,126284,87983,3031897
2020,4,합정동,11440680,123922,134875,112969,1712389
2020,4,항동,11530800,,,,1446941
2020,4,행당1동,11200560,132589,140104,125074,573566
2020,4,행당2동,11200570,108223,128151,88294,457669
2020,4,행운동,11620575,94752,124181,65324,718235
2020,4,혜화동,11110650,121531,157240,85822,1132421
2020,4,홍은1동,11410660,69455,83733,55177,1615140
2020,4,홍은2동,11410685,74876,101005,48747,2075085
2020,4,홍제1동,11410620,105578,144218,66938,1235632
2020,4,홍제2동,11410655,90157,113703,66611,699978
2020,4,홍제3동,11410640,81627,115852,47402,1192508
2020,4,화곡1동,11500540,82810,101649,63970,1197746
2020,4,화곡2동,11500550,58789,89130,28448,454621
2020,4,화곡3동,11500560,99580,128612,70547,521858
2020,4,화곡4동,11500570,82404,125894,38914,852049
2020,4,화곡6동,11500591,81995,100291,63700,1037911
2020,4,화곡8동,11500593,95474,138339,52608,593322
2020,4,화곡본동,11500590,81288,102817,59760,972735
2020,4,화양동,11215710,125642,162517,88767,1166008
2020,4,황학동,11140670,132558,150912,114204,328640
2020,4,회기동,11230710,93592,127004,60181,766917
2020,4,회현동,11140540,342368,384953,299783,897827
2020,4,효창동,11170580,159737,135762,183713,446197
2020,4,후암동,11170510,82670,98737,66603,865892
2020,4,휘경1동,11230720,121941,154037,89845,521796
2020,4,휘경2동,11230730,85530,100167,70892,1113609
2020,4,흑석동,11590605,111939,129166,94712,1708306
2021,1,가락1동,11710631,205158,197683,212633,1393228
2021,1,가락2동,11710632,134406,158877,109934,932311
2021,1,가락본동,11710620,151825,188952,114697,1014738
2021,1,가리봉동,11530595,94525,115295,73755,410996
2021,1,가산동,11545510,129897,159077,100717,2512852
2021,1,가양1동,11500603,160256,223547,96964,4970691
2021,1,가양2동,11500604,111245,149948,72543,823874
2021,1,가양3동,11500605,101161,100934,101387,474228
2021,1,가회동,11110600,134826,162415,107237,539955
2021,1,갈현1동,11380551,89812,112356,67268,961071
2021,1,갈현2동,11380552,79596,106209,52983,985165
2021,1,강일동,11740515,131731,185791,77670,3647520
2021,1,개봉1동,11530740,70434,87555,53312,1320319
2021,1,개봉2동,11530750,88345,113418,63271,782524
2021,1,개봉3동,11530760,71989,93625,50352,828418
2021,1,개포1동,11680660,80672,,80672,1449952
2021,1,개포2동,11680670,133404,172432,94377,2243338
2021,1,개포4동,11680690,84406,94619,74193,1665461
2021,1,거여1동,11710531,75007,107777,42238,522308
2021,1,거여2동,11710532,109476,150487,68464,612901
2021,1,고덕1동,11740550,105071,133278,76865,1518495
2021,1,고덕2동,11740560,169337,216943,121732,2206786
2021,1,고척1동,11530720,84222,117078,51366,1151238
2021,1,고척2동,11530730,82389,94820,69958,1025572
2021,1,공덕동,11440565,113993,129557,98430,1019197
2021,1,공릉1동,11350595,86006,114741,57271,1263261
2021,1,공릉2동,11350600,90362,118182,62543,6983449
2021,1,공항동,11500620,94791,106636,82946,10861768
2021,1,광장동,11215810,105264,129687,80842,2393761
2021,1,광희동,11140590,193250,196507,189992,737204
2021,1,교남동,11110580,204582,208333,200830,346926
2021,1,구로1동,11530520,111657,144089,79225,1008892
2021,1,구로2동,11530530,110343,123462,97223,1703350
2021,1,구로3동,11530540,145389,178702,112075,1040120
2021,1,구로4동,11530550,104585,138105,71065,524507
2021,1,구로5동,11530560,99802,101219,98385,1012473
2021,1,구산동,11380560,79152,87742,70562,1389775
2021,1,구의1동,11215850,87818,108829,66806,565313
2021,1,구의2동,11215860,90254,112893,67614,1388041
2021,1,구의3동,11215870,111936,138434,85437,1027561
2021,1,군자동,11215730,82503,110668,54338,738025
2021,1,금호1가동,11200590,104493,107876,101109,444872
2021,1,금호23가동,11200615,102981,133647,72315,631196
2021,1,금호4가동,11200620,101886,116755,87017,832333
2021,1,길동,11740685,92360,117865,66854,1631616
2021,1,길음1동,11290660,126073,154559,97586,797310
2021,1,길음2동,11290685,111748,115628,107867,588002
2021,1,낙성대동,11620585,128345,169586,87103,2262818
2021,1,난곡동,11620775,89077,105817,72338,972373
2021,1,난향동,11620715,74227,82833,65621,821397
2021,1,남가좌1동,11410690,108981,131261,86701,475536
2021,1,남가좌2동,11410700,90793,116552,65035,783775
2021,1,남영동,11170530,95138,122851,67424,1177788
2021,1,남현동,11620630,130741,176418,85064,3281024
2021,1,내곡동,11650660,120429,157543,83315,12708880
2021,1,노량진1동,11590510,127945,171273,84616,1613446
2021,1,노량진2동,11590520,139565,168978,110151,600568
2021,1,녹번동,11380510,87961,115473,60449,1794215
2021,1,논현1동,11680521,137368,166787,107948,1258744
2021,1,논현2동,11680531,130988,139190,122786,1458524
2021,1,능동,11215780,105699,141833,69565,1092105
2021,1,다산동,11140625,95949,114577,77321,523971
2021,1,답십리1동,11230600,95816,122300,69332,788242
2021,1,답십리2동,11230610,79994,110562,49426,875745
2021,1,당산1동,11560550,90007,110262,69753,745305
2021,1,당산2동,11560560,114006,155551,72460,1581310
2021,1,대림1동,11560700,89787,114293,65281,498978
2021,1,대림2동,11560710,109064,136651,81476,572540
2021,1,대림3동,11560720,75576,95153,55998,921696
2021,1,대방동,11590660,90021,120674,59369,1544903
2021,1,대조동,11380570,100177,118452,81901,851692
2021,1,대치1동,11680600,198579,274999,122158,809823
2021,1,대치2동,11680610,148997,174507,123487,1837367
2021,1,대치4동,11680630,157045,207603,106487,701081
2021,1,대학동,11620735,90042,120895,59189,8405183
2021,1,대흥동,11440600,122244,164503,79985,858570
2021,1,도곡1동,11680655,134034,171972,96096,1050609
2021,1,도곡2동,11680656,153629,188536,118723,990763
2021,1,도림동,11560585,91073,109529,72617,585885
2021,1,도봉1동,11320521,64931,84723,45139,8451468
2021,1,도봉2동,11320522,100121,105495,94747,1119031
2021,1,도화동,11440585,151212,197830,104595,625018
2021,1,독산1동,11545610,88054,113872,62237,2061921
2021,1,독산2동,11545620,64026,93435,34617,617174
2021,1,독산3동,11545630,87741,98298,77184,934985
2021,1,독산4동,11545640,77266,115522,39010,591045
2021,1,돈암1동,11290580,56116,60231,52001,488898
2021,1,돈암2동,11290590,89291,,89291,518335
2021,1,동선동,11290575,115830,163807,67853,724957
2021,1,동화동,11140665,94143,113770,74516,327045
2021,1,둔촌1동,11740690,,,,912178
2021,1,둔촌2동,11740700,76921,104173,49670,1550455
2021,1,등촌1동,11500520,93544,116322,70766,650741
2021,1,등촌2동,11500530,72709,82839,62579,910666
2021,1,등촌3동,11500535,111992,154705,69280,1060362
2021,1,마장동,11200540,100584,134532,66637,1035276
2021,1,마천1동,11710540,118509,128042,108976,575258
2021,1,마천2동,11710550,96659,150558,42760,890688
2021,1,망우3동,11260660,59282,79907,38658,962561
2021,1,망우본동,11260655,95269,101456,89081,2948109
2021,1,망원1동,11440690,114124,139549,88698,1101005
2021,1,망원2동,11440700,98635,113421,83848,676411
2021,1,면목2동,11260520,75463,100994,49931,763122
2021,1,면목38동,11260575,81334,101706,60962,1614117
2021,1,면목4동,11260540,68804,73300,64308,843466
2021,1,면목5동,11260550,68130,76996,59265,704936
2021,1,면목7동,11260570,87438,125239,49637,1236134
2021,1,면목본동,11260565,81955,108852,55059,849019
2021,1,명동,11140550,180600,234919,126280,969729
2021,1,명일1동,11740530,96160,128748,63572,634942
2021,1,명일2동,11740540,103799,155349,52249,914329
2021,1,목1동,11470510,145375,172075,118675,1433111
2021,1,목2동,11470520,101992,116926,87058,1021355
2021,1,목3동,11470530,87871,118084,57658,531850
2021,1,목4동,11470540,71911,97065,46758,577493
2021,1,목5동,11470550,161251,234199,88303,1766361
2021,1,무악동,11110570,178853,178853,,369520
2021,1,묵1동,11260620,107912,125703,90121,1238436
2021,1,묵2동,11260630,89236,94987,83484,669204
2021,1,문래동,11560605,96876,104012,89741,1786708
2021,1,문정1동,11710641,107061,125247,88875,612546
2021,1,문정2동,11710642,173034,207236,138832,2242033
2021,1,미성동,11620765,93028,106944,79112,1359429
2021,1,미아동,11305535,85240,122163,48317,841204
2021,1,반포1동,11650560,142085,156282,127889,992368
2021,1,반포2동,11650570,218254,284869,151638,1396031
2021,1,반포3동,11650580,189867,226984,152750,1251708
2021,1,반포4동,11650581,162963,185896,140030,1427141
2021,1,반포본동,11650550,95725,120635,70816,972536
2021,1,발산1동,11500611,105854,140003,71706,2887669
2021,1,방배1동,11650600,113565,140627,86503,689244
2021,1,방배2동,11650610,132204,155685,108723,1904030
2021,1,방배3동,11650620,89229,115096,63361,2375134
2021,1,방배4동,11650621,103564,123876,83251,949527
2021,1,방배본동,11650590,99396,134536,64255,677510
2021,1,방이1동,11710561,101763,143258,60268,609259
2021,1,방이2동,11710562,137087,170510,103664,769841
2021,1,방학1동,11320690,71124,98528,43719,1040857
2021,1,방학2동,11320700,57813,81207,34419,1092814
2021,1,방학3동,11320710,84826,92323,77328,1951026
2021,1,방화1동,11500630,110360,155307,65414,1475606
2021,1,방화2동,11500640,81152,85950,76354,6157541
2021,1,방화3동,11500641,96720,134037,59403,2558908
2021,1,번1동,11305595,75929,94837,57022,627036
2021,1,번2동,11305603,57374,67088,47661,974298
2021,1,번3동,11305608,61894,85802,37987,1081177
2021,1,보광동,11170700,88601,120834,56369,715096
2021,1,보라매동,11620525,88494,104085,72903,750225
2021,1,보문동,11290610,75998,97029,54967,553006
2021,1,부암동,11110550,92237,100727,83748,2274739
2021,1,북가좌1동,11410710,97027,105407,88648,577979
2021,1,북가좌2동,11410720,80937,101761,60113,824866
2021,1,북아현동,11410555,121204,147795,94612,458945
2021,1,불광1동,11380520,89832,123703,55962,3124927
2021,1,불광2동,11380530,103147,138642,67652,1396089
2021,1,사근동,11200550,136771,172290,101253,1169216
2021,1,사당1동,11590620,90435,115474,65396,635172
2021,1,사당2동,11590630,134882,184717,85048,2763201
2021,1,사당3동,11590640,109763,122917,96608,907684
2021,1,사당4동,11590650,116558,173415,59701,436148
2021,1,사당5동,11590651,76364,89562,63167,682199
2021,1,사직동,11110530,152957,196087,109826,1158536
2021,1,삼각산동,11305575,111111,139228,82994,621911
2021,1,삼선동,11290555,90762,122320,59204,926227
2021,1,삼성1동,11680580,173474,170401,176548,1944629
2021,1,삼성2동,11680590,144748,173082,116414,1242271
2021,1,삼성동,11620745,68693,84616,52770,2604386
2021,1,삼양동,11305534,78796,79874,77719,924092
2021,1,삼전동,11710610,126083,164772,87395,953338
2021,1,삼청동,11110540,145953,190705,101202,1479255
2021,1,상계10동,11350720,144422,226606,62238,809214
2021,1,상계1동,11350630,82022,109577,54468,5402614
2021,1,상계2동,11350640,113159,147294,79024,623125
2021,1,상계34동,11350665,63667,88189,39146,5211708
2021,1,상계5동,11350670,67449,95974,38924,906891
2021,1,상계67동,11350695,131591,181024,82159,1450295
2021,1,상계8동,11350700,114396,167935,60857,666348
2021,1,상계9동,11350710,116676,176345,57007,719445
2021,1,상도1동,11590530,98228,122206,74250,1488648
2021,1,상도2동,11590540,106453,135134,77772,772865
2021,1,상도3동,11590550,103581,148972,58189,637199
2021,1,상도4동,11590560,84495,113115,55875,939562
2021,1,상봉1동,11260580,93640,109044,78235,854219
2021,1,상봉2동,11260590,98658,124846,72470,677445
2021,1,상암동,11440740,139765,177614,101916,8402415
2021,1,상일동,11740520,121228,178077,64380,1813623
2021,1,서강동,11440655,136242,151001,121484,1478577
2021,1,서교동,11440660,148284,179286,117282,1678981
2021,1,서림동,11620665,99707,104493,94921,941252
2021,1,서빙고동,11170690,62017,66526,57509,2821948
2021,1,서원동,11620645,129503,157035,101972,647532
2021,1,서초1동,11650510,116446,142544,90348,1382685
2021,1,서초2동,11650520,176458,203244,149673,1230924
2021,1,서초3동,11650530,118425,137665,99185,2998572
2021,1,서초4동,11650531,149159,180235,118082,879773
2021,1,석관동,11290810,71784,91153,52415,1705061
2021,1,석촌동,11710600,125577,167349,83805,946914
2021,1,성내1동,11740640,92829,116038,69619,663675
2021,1,성내2동,11740650,94977,105871,84082,625147
2021,1,성내3동,11740660,105930,125340,86519,647356
2021,1,성북동,11290525,110224,136805,83643,2879912
2021,1,성산1동,11440720,90547,109399,71695,859254
2021,1,성산2동,11440730,110603,130531,90675,1978724
2021,1,성수1가1동,11200650,95710,106692,84729,1885875
2021,1,성수1가2동,11200660,111915,131013,92816,930086
2021,1,성수2가1동,11200670,96812,113153,80470,1184964
2021,1,성수2가3동,11200690,114529,118568,110490,1054501
2021,1,성현동,11620565,90395,116789,64002,678223
2021,1,세곡동,11680700,135981,180920,91042,6367772
2021,1,소공동,11140520,154879,185538,124221,943795
2021,1,송정동,11200720,82635,91740,73530,681916
2021,1,송중동,11305545,102294,127577,77011,1075796
2021,1,송천동,11305555,73964,92426,55503,929913
2021,1,송파1동,11710580,118709,140771,96647,686925
2021,1,송파2동,11710590,103033,138782,67284,631023
2021,1,수궁동,11530790,79348,95191,63505,2661352
2021,1,수색동,11380650,49724,70878,28570,1290258
2021,1,수서동,11680750,132993,165022,100965,1629403
2021,1,수유1동,11305615,69418,97548,41288,1649963
2021,1,수유2동,11305625,61407,85736,37079,581617
2021,1,수유3동,11305635,96644,128827,64461,745645
2021,1,숭인1동,11110700,76070,94190,57950,239396
2021,1,숭인2동,11110710,92389,119287,65491,351906
2021,1,시흥1동,11545670,101374,140251,62497,1524148
2021,1,시흥2동,11545680,88479,113968,62991,1308882
2021,1,시흥3동,11545690,124551,107966,141136,1261391
2021,1,시흥4동,11545700,89507,112804,66211,821709
2021,1,시흥5동,11545710,77185,110542,43828,1386972
2021,1,신길1동,11560630,93627,121228,66025,722925
2021,1,신길3동,11560650,69227,89751,48703,520083
2021,1,신길4동,11560660,68642,63872,73412,292127
2021,1,신길5동,11560670,90588,110618,70558,494653
2021,1,신길6동,11560680,79393,107168,51617,653511
2021,1,신길7동,11560690,97552,113038,82066,642487
2021,1,신내1동,11260680,102339,119911,84766,2606949
2021,1,신내2동,11260690,135852,165200,106505,911281
2021,1,신당5동,11140650,96955,121291,72619,319706
2021,1,신당동,11140615,366788,338025,395550,534942
2021,1,신대방1동,11590670,102451,119507,85394,675281
2021,1,신대방2동,11590680,123626,174466,72785,977033
2021,1,신도림동,11530510,119613,126766,112461,1392788
2021,1,신림동,11620695,130077,172386,87767,541240
2021,1,신사1동,11380631,86168,105408,66928,808314
2021,1,신사2동,11380632,64171,80372,47969,1046222
2021,1,신사동,11620685,98818,121733,75904,641031
2021,1,신사동,11680510,144136,183061,105211,2059234
2021,1,신수동,11440630,128929,131257,126600,797879
2021,1,신원동,11620655,96037,132647,59428,544977
2021,1,신월1동,11470560,66002,87640,44363,622400
2021,1,신월2동,11470570,67807,83564,52050,606811
2021,1,신월3동,11470580,77508,117403,37614,918039
2021,1,신월4동,11470590,64568,84899,44238,469873
2021,1,신월5동,11470600,64473,74712,54233,638302
2021,1,신월6동,11470610,77692,115262,40123,444286
2021,1,신월7동,11470611,61377,78827,43927,1230628
2021,1,신정1동,11470620,95524,130694,60354,747568
2021,1,신정2동,11470630,76962,101046,52878,525899
2021,1,신정3동,11470640,101099,148974,53224,2756536
2021,1,신정4동,11470650,92856,116207,69505,997144
2021,1,신정6동,11470670,155219,217938,92499,940885
2021,1,신정7동,11470680,116684,124806,108562,1234130
2021,1,신촌동,11410585,128423,176373,80473,2720364
2021,1,쌍문1동,11320660,57027,73540,40515,1175774
2021,1,쌍문2동,11320670,70953,95575,46331,541193
2021,1,쌍문3동,11320680,78132,105429,50835,504805
2021,1,쌍문4동,11320681,87931,119728,56134,554868
2021,1,아현동,11440555,132374,174167,90581,744328
2021,1,안암동,11290600,115177,156221,74132,1379571
2021,1,암사1동,11740570,88895,104525,73265,735480
2021,1,암사2동,11740580,90774,125312,56235,2174329
2021,1,암사3동,11740590,133445,140004,126886,1799368
2021,1,압구정동,11680545,153262,206888,99635,2345057
2021,1,약수동,11140635,135648,186985,84311,486369
2021,1,양재1동,11650651,112331,138492,86170,5765358
2021,1,양재2동,11650652,84551,101583,67520,7562268
2021,1,양평1동,11560610,95450,107546,83355,974912
2021,1,양평2동,11560620,95783,121404,70162,2874596
2021,1,여의동,11560540,150386,201279,99493,8437543
2021,1,역삼1동,11680640,145895,166707,125083,2362133
2021,1,역삼2동,11680650,150348,177333,123363,1135029
2021,1,역촌동,11380625,77030,100446,53613,1157542
2021,1,연남동,11440710,122837,139700,105974,647438
2021,1,연희동,11410615,92404,93446,91363,2929172
2021,1,염리동,11440610,120403,149829,90978,491468
2021,1,염창동,11500510,86360,110945,61776,1732856
2021,1,영등포동,11560535,118415,137933,98897,1372094
2021,1,영등포본동,11560515,104394,94852,113936,846370
2021,1,오금동,11710570,95502,119580,71423,1648868
2021,1,오류1동,11530770,104520,142188,66852,727414
2021,1,오류2동,11530780,94409,123225,65594,3061018
2021,1,오륜동,11710566,282915,321178,244653,3085088
2021,1,옥수동,11200645,146962,180605,113320,1922027
2021,1,왕십리2동,11200520,105487,125886,85087,372425
2021,1,왕십리도선동,11200535,105326,118471,92181,710285
2021,1,용강동,11440590,132339,162952,101726,790602
2021,1,용답동,11200790,91427,123897,58957,2377148
2021,1,용문동,11170590,105935,122521,89348,277531
2021,1,용산2가동,11170520,105657,95232,116082,1966853
2021,1,용신동,11230536,81930,104533,59327,1618399
2021,1,우이동,11305645,60212,80624,39799,10587752
2021,1,우장산동,11500615,102665,134879,70451,1261588
2021,1,원효로1동,11170560,91343,109998,72687,589017
2021,1,원효로2동,11170570,102379,115312,89447,708975
2021,1,월계1동,11350560,85970,119891,52050,1107461
2021,1,월계2동,11350570,86553,97222,75883,2004785
2021,1,월계3동,11350580,125719,181860,69577,1168283
2021,1,월곡1동,11290715,84187,100219,68156,801757
2021,1,월곡2동,11290725,72998,101254,44742,1364901
2021,1,위례동,11710647,156911,219384,94438,2537372
2021,1,은천동,11620605,106555,138802,74309,776212
2021,1,을지로동,11140605,143744,185740,101748,611524
2021,1,응봉동,11200580,116479,143012,89946,553662
2021,1,응암1동,11380580,85495,114245,56745,1109863
2021,1,응암2동,11380590,94329,105170,83487,755247
2021,1,응암3동,11380600,77549,107019,48079,752773
2021,1,이문1동,11230740,95148,132735,57561,1039602
2021,1,이문2동,11230750,75043,73602,76484,723890
2021,1,이촌1동,11170630,205197,276618,133775,2872767
2021,1,이촌2동,11170640,73536,70685,76386,1205543
2021,1,이태원1동,11170650,170309,198455,142163,582899
2021,1,이태원2동,11170660,139875,174699,105052,874243
2021,1,이화동,11110640,111936,145571,78302,782395
2021,1,인수동,11305660,58060,67588,48533,2998011
2021,1,인헌동,11620625,94765,138587,50942,1089078
2021,1,일원1동,11680730,88225,128545,47904,953471
2021,1,일원2동,11680740,125305,147840,102769,1300290
2021,1,일원본동,11680720,148966,192774,105158,2354625
2021,1,자양1동,11215820,94600,125033,64167,568868
2021,1,자양2동,11215830,77854,82410,73298,1657523
2021,1,자양3동,11215840,108546,118272,98820,1196419
2021,1,자양4동,11215847,102363,143434,61292,1180023
2021,1,잠실2동,11710670,328025,445966,210084,2686850
2021,1,잠실3동,11710680,247418,261409,233426,1542643
2021,1,잠실4동,11710690,274269,332424,216115,780204
2021,1,잠실6동,11710710,172013,201572,142455,1508001
2021,1,잠실7동,11710720,231553,231553,,723486
2021,1,잠실본동,11710650,142150,179870,104430,1028997
2021,1,잠원동,11650540,123703,138794,108611,1756867
2021,1,장안1동,11230650,77419,101934,52903,1342167
2021,1,장안2동,11230660,89183,118487,59879,996640
2021,1,장위1동,11290760,46245,60697,31793,708546
2021,1,장위2동,11290770,76044,93927,58161,679894
2021,1,장위3동,11290780,82456,119575,45337,652601
2021,1,장지동,11710646,133078,170312,95843,1278355
2021,1,장충동,11140580,103123,126051,80195,1017925
2021,1,전농1동,11230560,83681,101923,65438,1126695
2021,1,전농2동,11230570,89616,116654,62578,977568
2021,1,정릉1동,11290620,93268,104883,81653,412365
2021,1,정릉2동,11290630,74237,93957,54516,1094889
2021,1,정릉3동,11290640,68120,82919,53320,3327126
2021,1,정릉4동,11290650,81419,97392,65445,3570914
2021,1,제기동,11230545,109443,140178,78708,1181705
2021,1,조원동,11620725,79033,109883,48184,666607
2021,1,종로1234가동,11110615,178013,237498,118528,2417171
2021,1,종로56가동,11110630,237226,235456,238996,603167
2021,1,종암동,11290705,72355,95366,49344,1404527
2021,1,중계1동,11350621,131362,181772,80951,623451
2021,1,중계23동,11350625,122153,173038,71269,919083
2021,1,중계4동,11350624,100677,148717,52637,1519449
2021,1,중계본동,11350619,101698,134758,68639,2183234
2021,1,중곡1동,11215740,72042,95808,48276,614505
2021,1,중곡2동,11215750,69933,90598,49268,545542
2021,1,중곡3동,11215760,75506,100610,50402,601866
2021,1,중곡4동,11215770,79832,105624,54039,2313468
2021,1,중림동,11140680,126810,126278,127342,484384
2021,1,중앙동,11620615,97159,115847,78472,384728
2021,1,중화1동,11260600,75849,82921,68776,641493
2021,1,중화2동,11260610,89200,117164,61235,1016955
2021,1,증산동,11380640,76890,96095,57685,807409
2021,1,진관동,11380690,118019,136204,99835,11565110
2021,1,창1동,11320511,88193,110806,65579,1122171
2021,1,창2동,11320512,62478,88739,36217,654442
2021,1,창3동,11320513,54063,73055,35071,655485
2021,1,창4동,11320514,132443,188712,76175,1140172
2021,1,창5동,11320515,100871,141257,60485,701480
2021,1,창신1동,11110670,164210,198710,129709,305337
2021,1,창신2동,11110680,80536,91197,69876,257323
2021,1,창신3동,11110690,78209,88457,67961,216835
2021,1,천연동,11410520,97496,127373,67618,982817
2021,1,천호1동,11740600,89152,108500,69804,668998
2021,1,천호2동,11740610,110126,127110,93142,1850853
2021,1,천호3동,11740620,102194,139535,64853,561872
2021,1,청구동,11140645,99479,105314,93645,342571
2021,1,청담동,11680565,146291,171203,121379,2329217
2021,1,청량리동,11230705,77718,99101,56335,1204398
2021,1,청룡동,11620595,115902,135025,96779,1195604
2021,1,청림동,11620545,79423,80513,78334,297155
2021,1,청운효자동,11110515,128011,162329,93692,2568432
2021,1,청파동,11170555,98898,131455,66341,886225
2021,1,충현동,11410565,91634,118299,64968,1116001
2021,1,평창동,11110560,85538,83877,87198,8947328
2021,1,풍납1동,11710510,139010,192005,86015,1075294
2021,1,풍납2동,11710520,116758,147875,85640,2564554
2021,1,필동,11140570,125850,160806,90894,1464686
2021,1,하계1동,11350611,75994,87336,64652,1527061
2021,1,하계2동,11350612,89633,93391,85876,500023
2021,1,한강로동,11170625,124851,141527,108175,2869816
2021,1,한남동,11170685,111821,134048,89594,3031897
2021,1,합정동,11440680,123773,132755,114790,1712389
2021,1,항동,11530800,,,,1446941
2021,1,행당1동,11200560,118361,132661,104062,573566
2021,1,행당2동,11200570,107143,114068,100218,457669
2021,1,행운동,11620575,99879,122120,77639,718235
2021,1,혜화동,11110650,117679,153779,81579,1132421
2021,1,홍은1동,11410660,73183,84011,62355,1615140
2021,1,홍은2동,11410685,75858,98912,52804,2075085
2021,1,홍제1동,11410620,103684,147974,59395,1235632
2021,1,홍제2동,11410655,91193,112292,70094,699978
2021,1,홍제3동,11410640,81544,110924,52165,1192508
2021,1,화곡1동,11500540,83177,103505,62848,1197746
2021,1,화곡2동,11500550,59275,85562,32989,454621
2021,1,화곡3동,11500560,95771,124032,67509,521858
2021,1,화곡4동,11500570,78808,115304,42311,852049
2021,1,화곡6동,11500591,88176,107667,68685,1037911
2021,1,화곡8동,11500593,98618,139972,57265,593322
2021,1,화곡본동,11500590,81419,101811,61027,972735
2021,1,화양동,11215710,127512,165538,89485,1166008
2021,1,황학동,11140670,136131,161232,111029,328640
2021,1,회기동,11230710,92643,125918,59368,766917
2021,1,회현동,11140540,338470,385567,291373,897827
2021,1,효창동,11170580,154267,132602,175931,446197
2021,1,후암동,11170510,82695,104994,60397,865892
2021,1,휘경1동,11230720,113637,135018,92257,521796
2021,1,휘경2동,11230730,86020,98466,73574,1113609
2021,1,흑석동,11590605,110808,135183,86433,1708306
2021,2,가락1동,11710631,231107,240548,221666,1393228
2021,2,가락2동,11710632,149743,175475,124010,932311
2021,2,가락본동,11710620,166264,195676,136853,1014738
2021,2,가리봉동,11530595,82305,88049,76562,410996
2021,2,가산동,11545510,123282,131181,115383,2512852
2021,2,가양1동,11500603,171783,238375,105191,4970691
2021,2,가양2동,11500604,115401,167693,63108,823874
2021,2,가양3동,11500605,113551,123797,103305,474228
2021,2,가회동,11110600,133718,184070,83366,539955
2021,2,갈현1동,11380551,85656,109963,61349,961071
2021,2,갈현2동,11380552,73721,99432,48011,985165
2021,2,강일동,11740515,142334,188153,96516,3647520
2021,2,개봉1동,11530740,69738,83293,56182,1320319
2021,2,개봉2동,11530750,91831,115151,68512,782524
2021,2,개봉3동,11530760,75557,95734,55380,828418
2021,2,개포1동,11680660,76067,,76067,1449952
2021,2,개포2동,11680670,150894,185503,116284,2243338
2021,2,개포4동,11680690,93711,98128,89294,1665461
2021,2,거여1동,11710531,74942,109191,40693,522308
2021,2,거여2동,11710532,120101,165768,74434,612901
2021,2,고덕1동,11740550,107844,128753,86935,1518495
2021,2,고덕2동,11740560,177539,239867,115210,2206786
2021,2,고척1동,11530720,71279,95868,46689,1151238
2021,2,고척2동,11530730,70139,85808,54469,1025572
2021,2,공덕동,11440565,130104,144888,115319,1019197
2021,2,공릉1동,11350595,84337,115394,53280,1263261
2021,2,공릉2동,11350600,87785,117943,57627,6983449
2021,2,공항동,11500620,100894,112880,88908,10861768
2021,2,광장동,11215810,105810,136221,75399,2393761
2021,2,광희동,11140590,189856,200377,179334,737204
2021,2,교남동,11110580,174671,162289,187053,346926
2021,2,구로1동,11530520,89951,124770,55131,1008892
2021,2,구로2동,11530530,99826,114774,84878,1703350
2021,2,구로3동,11530540,134911,163341,106480,1040120
2021,2,구로4동,11530550,102680,136339,69021,524507
2021,2,구로5동,11530560,91671,95574,87769,1012473
2021,2,구산동,11380560,73020,86654,59385,1389775
2021,2,구의1동,11215850,85462,108335,62590,565313
2021,2,구의2동,11215860,93471,117713,69228,1388041
2021,2,구의3동,11215870,109462,139150,79773,1027561
2021,2,군자동,11215730,92565,114164,70966,738025
2021,2,금호1가동,11200590,89953,100175,79731,444872
2021,2,금호23가동,11200615,105738,134192,77285,631196
2021,2,금호4가동,11200620,114060,119046,109074,832333
2021,2,길동,11740685,95358,117661,73055,1631616
2021,2,길음1동,11290660,129134,163221,95047,797310
2021,2,길음2동,11290685,123720,126978,120461,588002
2021,2,낙성대동,11620585,131575,176951,86200,2262818
2021,2,난곡동,11620775,91597,111584,71609,972373
2021,2,난향동,11620715,68993,73487,64498,821397
2021,2,남가좌1동,11410690,119337,145136,93539,475536
2021,2,남가좌2동,11410700,98686,117960,79412,783775
2021,2,남영동,11170530,91143,115142,67144,1177788
2021,2,남현동,11620630,120673,158346,83001,3281024
2021,2,내곡동,11650660,109774,124007,95540,12708880
2021,2,노량진1동,11590510,126002,172921,79082,1613446
2021,2,노량진2동,11590520,158822,211213,106431,600568
2021,2,녹번동,11380510,93065,124803,61328,1794215
2021,2,논현1동,11680521,143902,168519,119285,1258744
2021,2,논현2동,11680531,139273,142544,136002,1458524
2021,2,능동,11215780,106813,145845,67781,1092105
2021,2,다산동,11140625,82616,99445,65787,523971
2021,2,답십리1동,11230600,99581,116606,82556,788242
2021,2,답십리2동,11230610,76640,102932,50347,875745
2021,2,당산1동,11560550,83164,104382,61946,745305
2021,2,당산2동,11560560,115153,155160,75147,1581310
2021,2,대림1동,11560700,88333,109155,67512,498978
2021,2,대림2동,11560710,116486,140158,92813,572540
2021,2,대림3동,11560720,79712,107054,52370,921696
2021,2,대방동,11590660,89491,115302,63680,1544903
2021,2,대조동,11380570,97420,115058,79783,851692
2021,2,대치1동,11680600,192574,252157,132991,809823
2021,2,대치2동,11680610,160376,196576,124175,1837367
2021,2,대치4동,11680630,159182,204493,113871,701081
2021,2,대학동,11620735,92814,129965,55663,8405183
2021,2,대흥동,11440600,117895,158870,76921,858570
2021,2,도곡1동,11680655,125858,157569,94146,1050609
2021,2,도곡2동,11680656,148737,171091,126384,990763
2021,2,도림동,11560585,103085,137129,69041,585885
2021,2,도봉1동,11320521,63676,78820,48532,8451468
2021,2,도봉2동,11320522,94000,97576,90425,1119031
2021,2,도화동,11440585,159075,209860,108289,625018
2021,2,독산1동,11545610,90722,112141,69304,2061921
2021,2,독산2동,11545620,67656,91603,43710,617174
2021,2,독산3동,11545630,89538,103758,75317,934985
2021,2,독산4동,11545640,75090,112188,37992,591045
2021,2,돈암1동,11290580,71669,71508,71829,488898
2021,2,돈암2동,11290590,126777,186654,66901,518335
2021,2,동선동,11290575,113153,148268,78038,724957
2021,2,동화동,11140665,94663,117459,71867,327045
2021,2,둔촌1동,11740690,,,,912178
2021,2,둔촌2동,11740700,76368,101430,51305,1550455
2021,2,등촌1동,11500520,100910,121466,80354,650741
2021,2,등촌2동,11500530,90886,101757,80015,910666
2021,2,등촌3동,11500535,119472,144507,94436,1060362
2021,2,마장동,11200540,108737,141524,75950,1035276
2021,2,마천1동,11710540,105960,111782,100138,575258
2021,2,마천2동,11710550,101255,151630,50880,890688
2021,2,망우3동,11260660,62889,84994,40784,962561
2021,2,망우본동,11260655,91704,102920,80488,2948109
2021,2,망원1동,11440690,113542,142485,84600,1101005
2021,2,망원2동,11440700,104789,120650,88928,676411
2021,2,면목2동,11260520,72105,97159,47052,763122
2021,2,면목38동,11260575,81531,99242,63820,1614117
2021,2,면목4동,11260540,63276,72678,53874,843466
2021,2,면목5동,11260550,72190,83470,60910,704936
2021,2,면목7동,11260570,96541,144873,48208,1236134
2021,2,면목본동,11260565,84273,112150,56395,849019
2021,2,명동,11140550,171684,211546,131823,969729
2021,2,명일1동,11740530,104149,136110,72189,634942
2021,2,명일2동,11740540,101069,151038,51100,914329
2021,2,목1동,11470510,134112,168578,99645,1433111
2021,2,목2동,11470520,93182,103087,83276,1021355
2021,2,목3동,11470530,99150,132152,66147,531850
2021,2,목4동,11470540,72784,95179,50390,577493
2021,2,목5동,11470550,158767,226463,91071,1766361
2021,2,무악동,11110570,100657,142549,58764,369520
2021,2,묵1동,11260620,116225,123096,109353,1238436
2021,2,묵2동,11260630,87554,98424,76683,669204
2021,2,문래동,11560605,90738,99936,81541,1786708
2021,2,문정1동,11710641,145193,172813,117572,612546
2021,2,문정2동,11710642,176270,202661,149880,2242033
2021,2,미성동,11620765,95653,102672,88634,1359429
2021,2,미아동,11305535,82458,107956,56959,841204
2021,2,반포1동,11650560,147560,158773,136347,992368
2021,2,반포2동,11650570,244615,340673,148556,1396031
2021,2,반포3동,11650580,192791,227163,158419,1251708
2021,2,반포4동,11650581,156321,190495,122148,1427141
2021,2,반포본동,11650550,94127,117645,70608,972536
2021,2,발산1동,11500611,107585,140305,74866,2887669
2021,2,방배1동,11650600,128114,144315,111912,689244
2021,2,방배2동,11650610,134183,160469,107898,1904030
2021,2,방배3동,11650620,90583,112535,68631,2375134
2021,2,방배4동,11650621,106989,127827,86150,949527
2021,2,방배본동,11650590,104942,142996,66888,677510
2021,2,방이1동,11710561,116054,161006,71102,609259
2021,2,방이2동,11710562,160698,193996,127400,769841
2021,2,방학1동,11320690,69998,98140,41857,1040857
2021,2,방학2동,11320700,58318,76851,39785,1092814
2021,2,방학3동,11320710,76473,97870,55076,1951026
2021,2,방화1동,11500630,105133,134429,75838,1475606
2021,2,방화2동,11500640,83484,103421,63547,6157541
2021,2,방화3동,11500641,100727,134558,66895,2558908
2021,2,번1동,11305595,82489,100079,64900,627036
2021,2,번2동,11305603,47443,63902,30985,974298
2021,2,번3동,11305608,74213,102407,46019,1081177
2021,2,보광동,11170700,88653,123334,53972,715096
2021,2,보라매동,11620525,91435,101447,81422,750225
2021,2,보문동,11290610,77030,105581,48479,553006
2021,2,부암동,11110550,83706,85236,82175,2274739
2021,2,북가좌1동,11410710,83105,88006,78204,577979
2021,2,북가좌2동,11410720,76156,91863,60448,824866
2021,2,북아현동,11410555,113846,151909,75784,458945
2021,2,불광1동,11380520,85680,117857,53504,3124927
2021,2,불광2동,11380530,89265,112449,66081,1396089
2021,2,사근동,11200550,139303,182543,96064,1169216
2021,2,사당1동,11590620,93327,115103,71550,635172
2021,2,사당2동,11590630,123009,158493,87526,2763201
2021,2,사당3동,11590640,91814,113847,69781,907684
2021,2,사당4동,11590650,96193,131739,60647,436148
2021,2,사당5동,11590651,70185,81625,58744,682199
2021,2,사직동,11110530,146670,184584,108757,1158536
2021,2,삼각산동,11305575,103046,130841,75251,621911
2021,2,삼선동,11290555,86696,116445,56946,926227
2021,2,삼성1동,11680580,195150,152134,238166,1944629
2021,2,삼성2동,11680590,134293,162242,106345,1242271
2021,2,삼성동,11620745,72629,86392,58865,2604386
2021,2,삼양동,11305534,81090,94468,67711,924092
2021,2,삼전동,11710610,141959,175854,108065,953338
2021,2,삼청동,11110540,167551,199502,135601,1479255
2021,2,상계10동,11350720,133258,183410,83105,809214
2021,2,상계1동,11350630,80776,104621,56931,5402614
2021,2,상계2동,11350640,114795,151714,77876,623125
2021,2,상계34동,11350665,67921,89486,46356,5211708
2021,2,상계5동,11350670,71332,94333,48330,906891
2021,2,상계67동,11350695,116584,161722,71447,1450295
2021,2,상계8동,11350700,125851,191095,60607,666348
2021,2,상계9동,11350710,107105,154252,59959,719445
2021,2,상도1동,11590530,112132,126614,97650,1488648
2021,2,상도2동,11590540,104879,133272,76486,772865
2021,2,상도3동,11590550,119155,155507,82803,637199
2021,2,상도4동,11590560,73077,107765,38389,939562
2021,2,상봉1동,11260580,85670,101407,69934,854219
2021,2,상봉2동,11260590,95430,123851,67008,677445
2021,2,상암동,11440740,142235,177820,106650,8402415
2021,2,상일동,11740520,148681,211110,86253,1813623
2021,2,서강동,11440655,133910,142687,125133,1478577
2021,2,서교동,11440660,151841,188511,115171,1678981
2021,2,서림동,11620665,84777,101452,68101,941252
2021,2,서빙고동,11170690,68784,78239,59329,2821948
2021,2,서원동,11620645,133878,173498,94258,647532
2021,2,서초1동,11650510,127461,159267,95655,1382685
2021,2,서초2동,11650520,169186,190494,147877,1230924
2021,2,서초3동,11650530,119625,140019,99231,2998572
2021,2,서초4동,11650531,158674,205336,112013,879773
2021,2,석관동,11290810,72306,93166,51447,1705061
2021,2,석촌동,11710600,143143,184842,101443,946914
2021,2,성내1동,11740640,83552,105042,62063,663675
2021,2,성내2동,11740650,89855,112301,67409,625147
2021,2,성내3동,11740660,88346,116355,60337,647356
2021,2,성북동,11290525,106967,133487,80447,2879912
2021,2,성산1동,11440720,89112,103297,74927,859254
2021,2,성산2동,11440730,112230,134510,89951,1978724
2021,2,성수1가1동,11200650,86066,91008,81124,1885875
2021,2,성수1가2동,11200660,129924,141970,117879,930086
2021,2,성수2가1동,11200670,99012,111010,87014,1184964
2021,2,성수2가3동,11200690,136236,141922,130549,1054501
2021,2,성현동,11620565,106146,131225,81067,678223
2021,2,세곡동,11680700,150627,191873,109381,6367772
2021,2,소공동,11140520,146429,172631,120226,943795
2021,2,송정동,11200720,92024,109000,75048,681916
2021,2,송중동,11305545,101646,134997,68295,1075796
2021,2,송천동,11305555,76992,94864,59121,929913
2021,2,송파1동,11710580,137710,164991,110429,686925
2021,2,송파2동,11710590,114576,150550,78601,631023
2021,2,수궁동,11530790,76538,90015,63061,2661352
2021,2,수색동,11380650,67228,67007,67449,1290258
2021,2,수서동,11680750,144511,177913,111109,1629403
2021,2,수유1동,11305615,76494,90831,62156,1649963
2021,2,수유2동,11305625,60165,77361,42968,581617
2021,2,수유3동,11305635,89697,119507,59887,745645
2021,2,숭인1동,11110700,84046,108306,59785,239396
2021,2,숭인2동,11110710,107445,138154,76735,351906
2021,2,시흥1동,11545670,94945,137707,52183,1524148
2021,2,시흥2동,11545680,77130,91523,62736,1308882
2021,2,시흥3동,11545690,168778,106489,231066,1261391
2021,2,시흥4동,11545700,91921,111309,72532,821709
2021,2,시흥5동,11545710,75688,110651,40724,1386972
2021,2,신길1동,11560630,84769,96755,72783,722925
2021,2,신길3동,11560650,78283,100053,56514,520083
2021,2,신길4동,11560660,110403,127616,93190,292127
2021,2,신길5동,11560670,99200,120518,77883,494653
2021,2,신길6동,11560680,84123,115756,52490,653511
2021,2,신길7동,11560690,88722,109538,67905,642487
2021,2,신내1동,11260680,104199,120222,88176,2606949
2021,2,신내2동,11260690,142187,173348,111027,911281
2021,2,신당5동,11140650,111539,118091,104987,319706
2021,2,신당동,11140615,355524,340170,370878,534942
2021,2,신대방1동,11590670,112053,123448,100659,675281
2021,2,신대방2동,11590680,104915,150952,58878,977033
2021,2,신도림동,11530510,99153,112574,85731,1392788
2021,2,신림동,11620695,129015,171509,86521,541240
2021,2,신사1동,11380631,83390,108172,58608,808314
2021,2,신사2동,11380632,67119,80075,54162,1046222
2021,2,신사동,11620685,92997,112346,73649,641031
2021,2,신사동,11680510,146786,186020,107552,2059234
2021,2,신수동,11440630,139304,122974,155633,797879
2021,2,신원동,11620655,92571,133356,51787,544977
2021,2,신월1동,11470560,73716,98545,48887,622400
2021,2,신월2동,11470570,67397,86424,48370,606811
2021,2,신월3동,11470580,90805,98394,83215,918039
2021,2,신월4동,11470590,68415,94101,42728,469873
2021,2,신월5동,11470600,65781,73603,57960,638302
2021,2,신월6동,11470610,88595,129842,47348,444286
2021,2,신월7동,11470611,63874,80381,47367,1230628
2021,2,신정1동,11470620,107965,151422,64509,747568
2021,2,신정2동,11470630,88495,112034,64957,525899
2021,2,신정3동,11470640,102251,146849,57653,2756536
2021,2,신정4동,11470650,94239,123190,65289,997144
2021,2,신정6동,11470670,141346,194112,88580,940885
2021,2,신정7동,11470680,119220,134422,104019,1234130
2021,2,신촌동,11410585,130661,177975,83346,2720364
2021,2,쌍문1동,11320660,58318,71349,45286,1175774
2021,2,쌍문2동,11320670,73780,101353,46208,541193
2021,2,쌍문3동,11320680,78882,107473,50292,504805
2021,2,쌍문4동,11320681,90478,125865,55091,554868
2021,2,아현동,11440555,142159,184280,100038,744328
2021,2,안암동,11290600,108726,144980,72472,1379571
2021,2,암사1동,11740570,81757,113146,50368,735480
2021,2,암사2동,11740580,85343,111094,59592,2174329
2021,2,암사3동,11740590,144858,148796,140920,1799368
2021,2,압구정동,11680545,151505,205221,97790,2345057
2021,2,약수동,11140635,137035,190271,83798,486369
2021,2,양재1동,11650651,109292,136923,81660,5765358
2021,2,양재2동,11650652,89181,111270,67092,7562268
2021,2,양평1동,11560610,88859,111176,66541,974912
2021,2,양평2동,11560620,102656,125002,80310,2874596
2021,2,여의동,11560540,155379,212366,98391,8437543
2021,2,역삼1동,11680640,150626,161438,139815,2362133
2021,2,역삼2동,11680650,154332,179105,129558,1135029
2021,2,역촌동,11380625,73405,99779,47032,1157542
2021,2,연남동,11440710,119916,135153,104680,647438
2021,2,연희동,11410615,96993,103465,90522,2929172
2021,2,염리동,11440610,117749,137619,97880,491468
2021,2,염창동,11500510,94415,117397,71433,1732856
2021,2,영등포동,11560535,117103,130806,103401,1372094
2021,2,영등포본동,11560515,91156,93766,88546,846370
2021,2,오금동,11710570,116066,139095,93037,1648868
2021,2,오류1동,11530770,100023,133962,66083,727414
2021,2,오류2동,11530780,99348,140224,58473,3061018
2021,2,오륜동,11710566,236619,291072,182165,3085088
2021,2,옥수동,11200645,145080,165703,124458,1922027
2021,2,왕십리2동,11200520,106230,135963,76498,372425
2021,2,왕십리도선동,11200535,112381,127693,97070,710285
2021,2,용강동,11440590,135703,173653,97754,790602
2021,2,용답동,11200790,91723,126549,56897,2377148
2021,2,용문동,11170590,121588,136773,106403,277531
2021,2,용산2가동,11170520,112788,121736,103840,1966853
2021,2,용신동,11230536,84810,102833,66787,1618399
2021,2,우이동,11305645,59371,84924,33819,10587752
2021,2,우장산동,11500615,106894,127674,86114,1261588
2021,2,원효로1동,11170560,103414,129151,77676,589017
2021,2,원효로2동,11170570,93087,107029,79145,708975
2021,2,월계1동,11350560,81300,113484,49117,1107461
2021,2,월계2동,11350570,77101,94800,59401,2004785
2021,2,월계3동,11350580,132872,179814,85931,1168283
2021,2,월곡1동,11290715,86112,106061,66164,801757
2021,2,월곡2동,11290725,82504,107290,57718,1364901
2021,2,위례동,11710647,159349,212801,105897,2537372
2021,2,은천동,11620605,93948,129503,58392,776212
2021,2,을지로동,11140605,143602,188229,98976,611524
2021,2,응봉동,11200580,121365,113097,129634,553662
2021,2,응암1동,11380580,86338,106558,66119,1109863
2021,2,응암2동,11380590,109239,129260,89217,755247
2021,2,응암3동,11380600,77607,107245,47969,752773
2021,2,이문1동,11230740,92252,125090,59414,1039602
2021,2,이문2동,11230750,76766,80765,72767,723890
2021,2,이촌1동,11170630,192086,237561,146610,2872767
2021,2,이촌2동,11170640,64040,64040,,1205543
2021,2,이태원1동,11170650,171695,196062,147327,582899
2021,2,이태원2동,11170660,146542,193346,99738,874243
2021,2,이화동,11110640,117980,151515,84446,782395
2021,2,인수동,11305660,55175,74129,36220,2998011
2021,2,인헌동,11620625,102817,145404,60230,1089078
2021,2,일원1동,11680730,85860,123485,48235,953471
2021,2,일원2동,11680740,153636,222181,85091,1300290
2021,2,일원본동,11680720,146591,188654,104527,2354625
2021,2,자양1동,11215820,103461,125769,81154,568868
2021,2,자양2동,11215830,79460,91731,67189,1657523
2021,2,자양3동,11215840,88138,111940,64336,1196419
2021,2,자양4동,11215847,102612,137902,67321,1180023
2021,2,잠실2동,11710670,329704,429547,229861,2686850
2021,2,잠실3동,11710680,242569,284435,200703,1542643
2021,2,잠실4동,11710690,203698,,203698,780204
2021,2,잠실6동,11710710,171573,205314,137831,1508001
2021,2,잠실7동,11710720,,,,723486
2021,2,잠실본동,11710650,161156,176905,145408,1028997
2021,2,잠원동,11650540,125242,143228,107256,1756867
2021,2,장안1동,11230650,80948,105719,56177,1342167
2021,2,장안2동,11230660,87362,112909,61815,996640
2021,2,장위1동,11290760,45798,58523,33073,708546
2021,2,장위2동,11290770,78644,100166,57122,679894
2021,2,장위3동,11290780,113539,152755,74324,652601
2021,2,장지동,11710646,148340,177166,119513,1278355
2021,2,장충동,11140580,109331,123599,95064,1017925
2021,2,전농1동,11230560,87016,106517,67515,1126695
2021,2,전농2동,11230570,82130,100699,63561,977568
2021,2,정릉1동,11290620,83889,87692,80085,412365
2021,2,정릉2동,11290630,84503,102610,66396,1094889
2021,2,정릉3동,11290640,77931,97941,57922,3327126
2021,2,정릉4동,11290650,84897,111414,58380,3570914
2021,2,제기동,11230545,111433,139190,83677,1181705
2021,2,조원동,11620725,78159,105194,51123,666607
2021,2,종로1234가동,11110615,176594,234320,118867,2417171
2021,2,종로56가동,11110630,235530,233290,237770,603167
2021,2,종암동,11290705,77297,99877,54718,1404527
2021,2,중계1동,11350621,116014,158210,73818,623451
2021,2,중계23동,11350625,122491,175498,69485,919083
2021,2,중계4동,11350624,94435,139870,49000,1519449
2021,2,중계본동,11350619,97389,125211,69567,2183234
2021,2,중곡1동,11215740,75609,101437,49780,614505
2021,2,중곡2동,11215750,73275,91441,55109,545542
2021,2,중곡3동,11215760,83586,109395,57777,601866
2021,2,중곡4동,11215770,88018,104909,71127,2313468
2021,2,중림동,11140680,137054,128607,145502,484384
2021,2,중앙동,11620615,95171,114249,76093,384728
2021,2,중화1동,11260600,86062,86160,85963,641493
2021,2,중화2동,11260610,87632,113409,61856,1016955
2021,2,증산동,11380640,76484,99759,53208,807409
2021,2,진관동,11380690,115449,141215,89684,11565110
2021,2,창1동,11320511,93086,118294,67878,1122171
2021,2,창2동,11320512,60959,87419,34498,654442
2021,2,창3동,11320513,56115,71093,41138,655485
2021,2,창4동,11320514,121059,174638,67481,1140172
2021,2,창5동,11320515,93010,127249,58771,701480
2021,2,창신1동,11110670,151775,187389,116162,305337
2021,2,창신2동,11110680,99767,121933,77601,257323
2021,2,창신3동,11110690,85268,101993,68543,216835
2021,2,천연동,11410520,105770,146613,64926,982817
2021,2,천호1동,11740600,77678,96226,59131,668998
2021,2,천호2동,11740610,99664,133055,66273,1850853
2021,2,천호3동,11740620,97994,129419,66569,561872
2021,2,청구동,11140645,83521,79413,87629,342571
2021,2,청담동,11680565,154486,185310,123662,2329217
2021,2,청량리동,11230705,83864,112935,54792,1204398
2021,2,청룡동,11620595,112446,134917,89976,1195604
2021,2,청림동,11620545,95823,83870,107775,297155
2021,2,청운효자동,11110515,125839,163704,87974,2568432
2021,2,청파동,11170555,107530,130149,84911,886225
2021,2,충현동,11410565,101897,120868,82926,1116001
2021,2,평창동,11110560,82671,89499,75844,8947328
2021,2,풍납1동,11710510,140306,181350,99262,1075294
2021,2,풍납2동,11710520,125288,146209,104367,2564554
2021,2,필동,11140570,126996,174324,79667,1464686
2021,2,하계1동,11350611,73964,84527,63401,1527061
2021,2,하계2동,11350612,104486,117962,91011,500023
2021,2,한강로동,11170625,116539,130439,102638,2869816
2021,2,한남동,11170685,119570,145568,93572,3031897
2021,2,합정동,11440680,126439,143726,109153,1712389
2021,2,항동,11530800,,,,1446941
2021,2,행당1동,11200560,115523,131768,99278,573566
2021,2,행당2동,11200570,126503,143003,110003,457669
2021,2,행운동,11620575,108429,126507,90351,718235
2021,2,혜화동,11110650,111423,138539,84306,1132421
2021,2,홍은1동,11410660,75256,77759,72752,1615140
2021,2,홍은2동,11410685,77613,104492,50733,2075085
2021,2,홍제1동,11410620,106190,128383,83997,1235632
2021,2,홍제2동,11410655,121225,170894,71556,699978
2021,2,홍제3동,11410640,80574,108311,52837,1192508
2021,2,화곡1동,11500540,89573,110215,68931,1197746
2021,2,화곡2동,11500550,70761,89411,52110,454621
2021,2,화곡3동,11500560,110302,142305,78299,521858
2021,2,화곡4동,11500570,77918,109686,46150,852049
2021,2,화곡6동,11500591,98359,124488,72231,1037911
2021,2,화곡8동,11500593,93385,131068,55703,593322
2021,2,화곡본동,11500590,87529,106935,68124,972735
2021,2,화양동,11215710,127883,166107,89660,1166008
2021,2,황학동,11140670,126652,157877,95428,328640
2021,2,회기동,11230710,94554,129599,59509,766917
2021,2,회현동,11140540,329196,385207,273186,897827
2021,2,효창동,11170580,159171,121577,196764,446197
2021,2,후암동,11170510,83422,112975,53868,865892
2021,2,휘경1동,11230720,126415,141630,111200,521796
2021,2,휘경2동,11230730,89064,93178,84950,1113609
2021,2,흑석동,11590605,118882,153343,84422,1708306
2021,3,가락1동,11710631,232549,255157,209941,1393228
2021,3,가락2동,11710632,137618,154188,121049,932311
2021,3,가락본동,11710620,149993,174831,125155,1014738
2021,3,가리봉동,11530595,87769,101832,73706,410996
2021,3,가산동,11545510,126183,138645,113720,2512852
2021,3,가양1동,11500603,169130,232210,106050,4970691
2021,3,가양2동,11500604,105648,126928,84369,823874
2021,3,가양3동,11500605,115319,126498,104141,474228
2021,3,가회동,11110600,141297,197728,84866,539955
2021,3,갈현1동,11380551,88055,110963,65148,961071
2021,3,갈현2동,11380552,82738,116222,49254,985165
2021,3,강일동,11740515,145173,197069,93278,3647520
2021,3,개봉1동,11530740,74470,84544,64395,1320319
2021,3,개봉2동,11530750,94215,125374,63056,782524
2021,3,개봉3동,11530760,76045,96129,55961,828418
2021,3,개포1동,11680660,114860,159490,70230,1449952
2021,3,개포2동,11680670,142762,171711,113813,2243338
2021,3,개포4동,11680690,88123,97716,78530,1665461
2021,3,거여1동,11710531,79314,115281,43346,522308
2021,3,거여2동,11710532,118706,158503,78909,612901
2021,3,고덕1동,11740550,113822,131535,96109,1518495
2021,3,고덕2동,11740560,196506,249186,143826,2206786
2021,3,고척1동,11530720,71440,96840,46040,1151238
2021,3,고척2동,11530730,69014,85266,52762,1025572
2021,3,공덕동,11440565,121462,130652,112272,1019197
2021,3,공릉1동,11350595,85697,114526,56868,1263261
2021,3,공릉2동,11350600,92653,121607,63699,6983449
2021,3,공항동,11500620,105544,110919,100170,10861768
2021,3,광장동,11215810,110297,138358,82237,2393761
2021,3,광희동,11140590,195004,211594,178413,737204
2021,3,교남동,11110580,196758,203906,189611,346926
2021,3,구로1동,11530520,115067,154947,75187,1008892
2021,3,구로2동,11530530,99934,113607,86261,1703350
2021,3,구로3동,11530540,144410,177044,111776,1040120
2021,3,구로4동,11530550,100724,129052,72395,524507
2021,3,구로5동,11530560,97596,93459,101733,1012473
2021,3,구산동,11380560,77697,89008,66387,1389775
2021,3,구의1동,11215850,87983,109277,66689,565313
2021,3,구의2동,11215860,103925,130398,77452,1388041
2021,3,구의3동,11215870,108450,135818,81082,1027561
2021,3,군자동,11215730,96064,113187,78940,738025
2021,3,금호1가동,11200590,95626,107981,83272,444872
2021,3,금호23가동,11200615,117875,136393,99358,631196
2021,3,금호4가동,11200620,121724,138867,104581,832333
2021,3,길동,11740685,92139,117124,67155,1631616
2021,3,길음1동,11290660,133678,167062,100295,797310
2021,3,길음2동,11290685,121736,138923,104549,588002
2021,3,낙성대동,11620585,138244,182043,94446,2262818
2021,3,난곡동,11620775,98032,105089,90974,972373
2021,3,난향동,11620715,81744,87351,76138,821397
2021,3,남가좌1동,11410690,128939,140086,117791,475536
2021,3,남가좌2동,11410700,112270,119209,105330,783775
2021,3,남영동,11170530,92238,113552,70925,1177788
2021,3,남현동,11620630,137008,176030,97985,3281024
2021,3,내곡동,11650660,113211,118535,107886,12708880
2021,3,노량진1동,11590510,127086,176817,77354,1613446
2021,3,노량진2동,11590520,184824,209303,160345,600568
2021,3,녹번동,11380510,97749,120958,74540,1794215
2021,3,논현1동,11680521,137469,163971,110968,1258744
2021,3,논현2동,11680531,134720,147491,121949,1458524
2021,3,능동,11215780,107256,150005,64506,1092105
2021,3,다산동,11140625,92000,111580,72420,523971
2021,3,답십리1동,11230600,99811,123268,76353,788242
2021,3,답십리2동,11230610,77344,101710,52978,875745
2021,3,당산1동,11560550,86227,102664,69790,745305
2021,3,당산2동,11560560,122180,164561,79800,1581310
2021,3,대림1동,11560700,97234,113547,80922,498978
2021,3,대림2동,11560710,119894,146457,93331,572540
2021,3,대림3동,11560720,77353,99745,54961,921696
2021,3,대방동,11590660,91754,110085,73422,1544903
2021,3,대조동,11380570,104713,113856,95570,851692
2021,3,대치1동,11680600,188155,240571,135739,809823
2021,3,대치2동,11680610,158490,197452,119528,1837367
2021,3,대치4동,11680630,154273,199724,108821,701081
2021,3,대학동,11620735,94567,129042,60092,8405183
2021,3,대흥동,11440600,118863,147212,90513,858570
2021,3,도곡1동,11680655,139736,182205,97266,1050609
2021,3,도곡2동,11680656,157106,190314,123898,990763
2021,3,도림동,11560585,95148,120932,69363,585885
2021,3,도봉1동,11320521,63791,78918,48664,8451468
2021,3,도봉2동,11320522,93556,108212,78899,1119031
2021,3,도화동,11440585,160706,216436,104977,625018
2021,3,독산1동,11545610,89150,105692,72608,2061921
2021,3,독산2동,11545620,81574,89199,73949,617174
2021,3,독산3동,11545630,91090,101906,80273,934985
2021,3,독산4동,11545640,73835,105687,41984,591045
2021,3,돈암1동,11290580,88020,99732,76308,488898
2021,3,돈암2동,11290590,128884,172882,84886,518335
2021,3,동선동,11290575,120457,153546,87368,724957
2021,3,동화동,11140665,102382,122515,82250,327045
2021,3,둔촌1동,11740690,,,,912178
2021,3,둔촌2동,11740700,77029,97344,56714,1550455
2021,3,등촌1동,11500520,108125,133198,83051,650741
2021,3,등촌2동,11500530,89770,107438,72102,910666
2021,3,등촌3동,11500535,128250,158503,97998,1060362
2021,3,마장동,11200540,110668,141535,79801,1035276
2021,3,마천1동,11710540,98970,113397,84543,575258
2021,3,마천2동,11710550,109449,152154,66744,890688
2021,3,망우3동,11260660,65489,81247,49731,962561
2021,3,망우본동,11260655,90229,107495,72963,2948109
2021,3,망원1동,11440690,122481,147515,97448,1101005
2021,3,망원2동,11440700,101434,115607,87261,676411
2021,3,면목2동,11260520,69518,93262,45774,763122
2021,3,면목38동,11260575,84663,102295,67030,1614117
2021,3,면목4동,11260540,83665,72095,95234,843466
2021,3,면목5동,11260550,69577,78225,60928,704936
2021,3,면목7동,11260570,97355,142483,52228,1236134
2021,3,면목본동,11260565,87031,114823,59239,849019
2021,3,명동,11140550,179329,216398,142260,969729
2021,3,명일1동,11740530,104612,132772,76451,634942
2021,3,명일2동,11740540,100563,145530,55596,914329
2021,3,목1동,11470510,147366,194974,99757,1433111
2021,3,목2동,11470520,104452,111790,97113,1021355
2021,3,목3동,11470530,100850,128867,72832,531850
2021,3,목4동,11470540,81841,108673,55009,577493
2021,3,목5동,11470550,156071,220466,91677,1766361
2021,3,무악동,11110570,110401,132016,88785,369520
2021,3,묵1동,11260620,112625,127902,97347,1238436
2021,3,묵2동,11260630,88322,96141,80502,669204
2021,3,문래동,11560605,98452,108612,88293,1786708
2021,3,문정1동,11710641,136063,152502,119625,612546
2021,3,문정2동,11710642,168966,201737,136196,2242033
2021,3,미성동,11620765,95888,108198,83579,1359429
2021,3,미아동,11305535,82152,109623,54681,841204
2021,3,반포1동,11650560,149503,159102,139905,992368
2021,3,반포2동,11650570,234950,323028,146872,1396031
2021,3,반포3동,11650580,178571,213545,143597,1251708
2021,3,반포4동,11650581,164800,189186,140414,1427141
2021,3,반포본동,11650550,94440,121191,67689,972536
2021,3,발산1동,11500611,112786,149987,75584,2887669
2021,3,방배1동,11650600,122210,137491,106929,689244
2021,3,방배2동,11650610,133383,153246,113520,1904030
2021,3,방배3동,11650620,96345,128733,63957,2375134
2021,3,방배4동,11650621,105597,127548,83647,949527
2021,3,방배본동,11650590,106486,140076,72895,677510
2021,3,방이1동,11710561,117962,158727,77197,609259
2021,3,방이2동,11710562,156277,192757,119797,769841
2021,3,방학1동,11320690,76438,107972,44903,1040857
2021,3,방학2동,11320700,60447,79666,41228,1092814
2021,3,방학3동,11320710,77025,95836,58214,1951026
2021,3,방화1동,11500630,113552,145484,81620,1475606
2021,3,방화2동,11500640,83424,103506,63341,6157541
2021,3,방화3동,11500641,104609,146611,62607,2558908
2021,3,번1동,11305595,85420,94696,76144,627036
2021,3,번2동,11305603,52348,68674,36023,974298
2021,3,번3동,11305608,72803,100653,44952,1081177
2021,3,보광동,11170700,94844,132218,57470,715096
2021,3,보라매동,11620525,95773,116377,75170,750225
2021,3,보문동,11290610,76850,103139,50561,553006
2021,3,부암동,11110550,85574,93940,77209,2274739
2021,3,북가좌1동,11410710,80538,84206,76871,577979
2021,3,북가좌2동,11410720,82151,98337,65965,824866
2021,3,북아현동,11410555,125502,154229,96775,458945
2021,3,불광1동,11380520,86767,116565,56968,3124927
2021,3,불광2동,11380530,97586,117973,77199,1396089
2021,3,사근동,11200550,142032,182306,101759,1169216
2021,3,사당1동,11590620,98686,120745,76627,635172
2021,3,사당2동,11590630,125057,163490,86624,2763201
2021,3,사당3동,11590640,101791,123066,80517,907684
2021,3,사당4동,11590650,96367,126512,66222,436148
2021,3,사당5동,11590651,74649,86095,63203,682199
2021,3,사직동,11110530,148557,186024,111091,1158536
2021,3,삼각산동,11305575,111916,134499,89333,621911
2021,3,삼선동,11290555,87617,115756,59478,926227
2021,3,삼성1동,11680580,194490,165112,223868,1944629
2021,3,삼성2동,11680590,146933,172794,121072,1242271
2021,3,삼성동,11620745,68228,81542,54915,2604386
2021,3,삼양동,11305534,84898,101468,68327,924092
2021,3,삼전동,11710610,144817,174069,115564,953338
2021,3,삼청동,11110540,162536,188364,136707,1479255
2021,3,상계10동,11350720,130454,182375,78533,809214
2021,3,상계1동,11350630,82128,107050,57206,5402614
2021,3,상계2동,11350640,113162,150271,76052,623125
2021,3,상계34동,11350665,76092,89350,62833,5211708
2021,3,상계5동,11350670,75876,99870,51883,906891
2021,3,상계67동,11350695,124143,161107,87180,1450295
2021,3,상계8동,11350700,130280,195303,65257,666348
2021,3,상계9동,11350710,113227,161160,65294,719445
2021,3,상도1동,11590530,107430,121592,93269,1488648
2021,3,상도2동,11590540,104825,134532,75117,772865
2021,3,상도3동,11590550,113804,156756,70852,637199
2021,3,상도4동,11590560,75882,106852,44912,939562
2021,3,상봉1동,11260580,85531,101945,69117,854219
2021,3,상봉2동,11260590,94553,119630,69477,677445
2021,3,상암동,11440740,147794,182711,112877,8402415
2021,3,상일동,11740520,143643,197995,89290,1813623
2021,3,서강동,11440655,135068,146523,123613,1478577
2021,3,서교동,11440660,156701,194272,119130,1678981
2021,3,서림동,11620665,87275,100484,74066,941252
2021,3,서빙고동,11170690,80538,81853,79222,2821948
2021,3,서원동,11620645,144454,193538,95370,647532
2021,3,서초1동,11650510,131255,155476,107035,1382685
2021,3,서초2동,11650520,164375,185950,142799,1230924
2021,3,서초3동,11650530,122419,146103,98735,2998572
2021,3,서초4동,11650531,162483,209583,115383,879773
2021,3,석관동,11290810,73170,93598,52741,1705061
2021,3,석촌동,11710600,148019,185726,110313,946914
2021,3,성내1동,11740640,84710,106540,62879,663675
2021,3,성내2동,11740650,89996,115860,64131,625147
2021,3,성내3동,11740660,89965,114027,65904,647356
2021,3,성북동,11290525,110226,136699,83753,2879912
2021,3,성산1동,11440720,88012,106155,69869,859254
2021,3,성산2동,11440730,126995,138366,115624,1978724
2021,3,성수1가1동,11200650,102801,100782,104821,1885875
2021,3,성수1가2동,11200660,132019,146131,117908,930086
2021,3,성수2가1동,11200670,102030,111631,92430,1184964
2021,3,성수2가3동,11200690,137373,147346,127399,1054501
2021,3,성현동,11620565,96199,109029,83369,678223
2021,3,세곡동,11680700,145832,184331,107334,6367772
2021,3,소공동,11140520,158062,181885,134240,943795
2021,3,송정동,11200720,103519,108099,98939,681916
2021,3,송중동,11305545,115642,139599,91686,1075796
2021,3,송천동,11305555,79539,93327,65751,929913
2021,3,송파1동,11710580,138393,161978,114807,686925
2021,3,송파2동,11710590,111993,150117,73869,631023
2021,3,수궁동,11530790,81833,96763,66903,2661352
2021,3,수색동,11380650,81255,95245,67265,1290258
2021,3,수서동,11680750,130102,170167,90038,1629403
2021,3,수유1동,11305615,74610,93600,55621,1649963
2021,3,수유2동,11305625,66979,88156,45802,581617
2021,3,수유3동,11305635,94360,126807,61912,745645
2021,3,숭인1동,11110700,84355,105313,63396,239396
2021,3,숭인2동,11110710,116492,141752,91232,351906
2021,3,시흥1동,11545670,95092,133960,56224,1524148
2021,3,시흥2동,11545680,78752,89937,67567,1308882
2021,3,시흥3동,11545690,147219,104972,189465,1261391
2021,3,시흥4동,11545700,80911,96989,64833,821709
2021,3,시흥5동,11545710,70724,101892,39555,1386972
2021,3,신길1동,11560630,84148,97091,71205,722925
2021,3,신길3동,11560650,79721,96945,62497,520083
2021,3,신길4동,11560660,92674,110502,74846,292127
2021,3,신길5동,11560670,98924,112454,85395,494653
2021,3,신길6동,11560680,88053,120542,55564,653511
2021,3,신길7동,11560690,94386,112409,76364,642487
2021,3,신내1동,11260680,99501,113120,85883,2606949
2021,3,신내2동,11260690,130753,159887,101618,911281
2021,3,신당5동,11140650,109979,121309,98649,319706
2021,3,신당동,11140615,358287,351757,364817,534942
2021,3,신대방1동,11590670,99827,115706,83948,675281
2021,3,신대방2동,11590680,114070,161587,66554,977033
2021,3,신도림동,11530510,103129,121854,84403,1392788
2021,3,신림동,11620695,127582,165692,89472,541240
2021,3,신사1동,11380631,87957,106438,69476,808314
2021,3,신사2동,11380632,69338,79275,59402,1046222
2021,3,신사동,11620685,89823,108971,70675,641031
2021,3,신사동,11680510,145436,185533,105338,2059234
2021,3,신수동,11440630,141222,133776,148668,797879
2021,3,신원동,11620655,93716,131286,56146,544977
2021,3,신월1동,11470560,72345,97653,47036,622400
2021,3,신월2동,11470570,71310,87684,54937,606811
2021,3,신월3동,11470580,85373,90374,80373,918039
2021,3,신월4동,11470590,71870,99383,44357,469873
2021,3,신월5동,11470600,70161,77480,62842,638302
2021,3,신월6동,11470610,99804,135414,64194,444286
2021,3,신월7동,11470611,62786,79441,46132,1230628
2021,3,신정1동,11470620,101741,145926,57555,747568
2021,3,신정2동,11470630,88031,113152,62910,525899
2021,3,신정3동,11470640,96755,136582,56927,2756536
2021,3,신정4동,11470650,99594,126288,72900,997144
2021,3,신정6동,11470670,151231,206993,95469,940885
2021,3,신정7동,11470680,112028,131188,92867,1234130
2021,3,신촌동,11410585,138121,184794,91448,2720364
2021,3,쌍문1동,11320660,76957,78499,75416,1175774
2021,3,쌍문2동,11320670,86680,106975,66385,541193
2021,3,쌍문3동,11320680,80018,109896,50140,504805
2021,3,쌍문4동,11320681,92512,129058,55965,554868
2021,3,아현동,11440555,144497,189358,99637,744328
2021,3,안암동,11290600,109772,143381,76162,1379571
2021,3,암사1동,11740570,84600,117243,51957,735480
2021,3,암사2동,11740580,90129,122760,57497,2174329
2021,3,암사3동,11740590,142463,136193,148734,1799368
2021,3,압구정동,11680545,157781,215166,100396,2345057
2021,3,약수동,11140635,125650,169864,81436,486369
2021,3,양재1동,11650651,108726,134461,82992,5765358
2021,3,양재2동,11650652,90245,112887,67604,7562268
2021,3,양평1동,11560610,92485,105217,79753,974912
2021,3,양평2동,11560620,100477,118777,82178,2874596
2021,3,여의동,11560540,153763,200342,107184,8437543
2021,3,역삼1동,11680640,150288,160579,139997,2362133
2021,3,역삼2동,11680650,154336,178833,129840,1135029
2021,3,역촌동,11380625,80354,100963,59746,1157542
2021,3,연남동,11440710,126896,140027,113765,647438
2021,3,연희동,11410615,102228,110668,93789,2929172
2021,3,염리동,11440610,130196,160408,99984,491468
2021,3,염창동,11500510,98559,122910,74207,1732856
2021,3,영등포동,11560535,118366,136959,99774,1372094
2021,3,영등포본동,11560515,95363,104586,86140,846370
2021,3,오금동,11710570,116537,131870,101204,1648868
2021,3,오류1동,11530770,95051,125815,64286,727414
2021,3,오류2동,11530780,96482,132235,60730,3061018
2021,3,오륜동,11710566,236690,267167,206212,3085088
2021,3,옥수동,11200645,134848,141214,128483,1922027
2021,3,왕십리2동,11200520,110957,138326,83588,372425
2021,3,왕십리도선동,11200535,120532,137730,103335,710285
2021,3,용강동,11440590,132482,172945,92019,790602
2021,3,용답동,11200790,102805,134609,71001,2377148
2021,3,용문동,11170590,120357,134947,105767,277531
2021,3,용산2가동,11170520,105005,117372,92638,1966853
2021,3,용신동,11230536,90084,109772,70397,1618399
2021,3,우이동,11305645,67928,96199,39656,10587752
2021,3,우장산동,11500615,110913,130647,91178,1261588
2021,3,원효로1동,11170560,99209,121804,76614,589017
2021,3,원효로2동,11170570,101197,112252,90143,708975
2021,3,월계1동,11350560,89749,121242,58256,1107461
2021,3,월계2동,11350570,79418,87995,70840,2004785
2021,3,월계3동,11350580,129773,189071,70475,1168283
2021,3,월곡1동,11290715,93324,112613,74034,801757
2021,3,월곡2동,11290725,84550,113181,55918,1364901
2021,3,위례동,11710647,159009,210337,107680,2537372
2021,3,은천동,11620605,96156,128435,63876,776212
2021,3,을지로동,11140605,143768,190071,97466,611524
2021,3,응봉동,11200580,111020,109678,112363,553662
2021,3,응암1동,11380580,97042,126438,67645,1109863
2021,3,응암2동,11380590,113369,132866,93871,755247
2021,3,응암3동,11380600,80472,108344,52600,752773
2021,3,이문1동,11230740,92630,127175,58085,1039602
2021,3,이문2동,11230750,69795,77736,61854,723890
2021,3,이촌1동,11170630,201052,244869,157235,2872767
2021,3,이촌2동,11170640,84879,101646,68112,1205543
2021,3,이태원1동,11170650,166314,191161,141467,582899
2021,3,이태원2동,11170660,142720,181203,104237,874243
2021,3,이화동,11110640,119564,164268,74860,782395
2021,3,인수동,11305660,54839,71967,37710,2998011
2021,3,인헌동,11620625,104458,148945,59970,1089078
2021,3,일원1동,11680730,86681,128205,45157,953471
2021,3,일원2동,11680740,176356,265110,87603,1300290
2021,3,일원본동,11680720,138198,179806,96590,2354625
2021,3,자양1동,11215820,105986,137045,74928,568868
2021,3,자양2동,11215830,81973,95350,68596,1657523
2021,3,자양3동,11215840,94958,120541,69376,1196419
2021,3,자양4동,11215847,109296,143625,74967,1180023
2021,3,잠실2동,11710670,347408,473098,221719,2686850
2021,3,잠실3동,11710680,240746,282874,198618,1542643
2021,3,잠실4동,11710690,294916,399310,190521,780204
2021,3,잠실6동,11710710,179362,212456,146269,1508001
2021,3,잠실7동,11710720,258276,258276,,723486
2021,3,잠실본동,11710650,150975,178325,123626,1028997
2021,3,잠원동,11650540,129536,146572,112499,1756867
2021,3,장안1동,11230650,82736,104320,61152,1342167
2021,3,장안2동,11230660,87125,111583,62668,996640
2021,3,장위1동,11290760,50706,64764,36648,708546
2021,3,장위2동,11290770,82156,99828,64484,679894
2021,3,장위3동,11290780,123276,152573,93978,652601
2021,3,장지동,11710646,133770,155775,111764,1278355
2021,3,장충동,11140580,110016,117385,102647,1017925
2021,3,전농1동,11230560,94837,108540,81134,1126695
2021,3,전농2동,11230570,97988,121161,74816,977568
2021,3,정릉1동,11290620,81876,83441,80310,412365
2021,3,정릉2동,11290630,85267,104379,66155,1094889
2021,3,정릉3동,11290640,85085,91421,78749,3327126
2021,3,정릉4동,11290650,91304,128757,53851,3570914
2021,3,제기동,11230545,110777,142019,79535,1181705
2021,3,조원동,11620725,81134,106023,56245,666607
2021,3,종로1234가동,11110615,183267,240906,125629,2417171
2021,3,종로56가동,11110630,240795,241447,240143,603167
2021,3,종암동,11290705,83963,97569,70357,1404527
2021,3,중계1동,11350621,115871,154410,77332,623451
2021,3,중계23동,11350625,119793,168406,71181,919083
2021,3,중계4동,11350624,97446,139409,55482,1519449
2021,3,중계본동,11350619,102738,134119,71356,2183234
2021,3,중곡1동,11215740,83551,111385,55717,614505
2021,3,중곡2동,11215750,77436,101642,53230,545542
2021,3,중곡3동,11215760,87910,122272,53548,601866
2021,3,중곡4동,11215770,90862,118052,63672,2313468
2021,3,중림동,11140680,129541,132762,126319,484384
2021,3,중앙동,11620615,94065,115774,72356,384728
2021,3,중화1동,11260600,98058,84887,111228,641493
2021,3,중화2동,11260610,89709,113316,66103,1016955
2021,3,증산동,11380640,72221,93547,50896,807409
2021,3,진관동,11380690,117111,145091,89131,11565110
2021,3,창1동,11320511,101293,118279,84307,1122171
2021,3,창2동,11320512,62431,88470,36392,654442
2021,3,창3동,11320513,56560,69225,43895,655485
2021,3,창4동,11320514,126622,186491,66754,1140172
2021,3,창5동,11320515,101396,143742,59050,701480
2021,3,창신1동,11110670,165932,205670,126193,305337
2021,3,창신2동,11110680,93485,116312,70659,257323
2021,3,창신3동,11110690,82695,97676,67715,216835
2021,3,천연동,11410520,106611,149857,63365,982817
2021,3,천호1동,11740600,75453,95647,55259,668998
2021,3,천호2동,11740610,103170,130907,75434,1850853
2021,3,천호3동,11740620,102913,132566,73261,561872
2021,3,청구동,11140645,93764,93089,94439,342571
2021,3,청담동,11680565,151670,184241,119099,2329217
2021,3,청량리동,11230705,89015,116149,61881,1204398
2021,3,청룡동,11620595,116579,140132,93025,1195604
2021,3,청림동,11620545,110569,97045,124094,297155
2021,3,청운효자동,11110515,131721,183465,79977,2568432
2021,3,청파동,11170555,108347,131866,84828,886225
2021,3,충현동,11410565,107030,129074,84987,1116001
2021,3,평창동,11110560,84827,94639,75015,8947328
2021,3,풍납1동,11710510,117518,159785,75252,1075294
2021,3,풍납2동,11710520,124398,151445,97350,2564554
2021,3,필동,11140570,129129,171127,87131,1464686
2021,3,하계1동,11350611,78998,85399,72596,1527061
2021,3,하계2동,11350612,116548,145453,87643,500023
2021,3,한강로동,11170625,125979,144509,107449,2869816
2021,3,한남동,11170685,126688,148777,104599,3031897
2021,3,합정동,11440680,126616,146530,106703,1712389
2021,3,항동,11530800,,,,1446941
2021,3,행당1동,11200560,120677,132399,108955,573566
2021,3,행당2동,11200570,142973,163733,122214,457669
2021,3,행운동,11620575,106307,128260,84354,718235
2021,3,혜화동,11110650,115716,149542,81890,1132421
2021,3,홍은1동,11410660,88915,82174,95656,1615140
2021,3,홍은2동,11410685,82359,103664,61053,2075085
2021,3,홍제1동,11410620,105088,127247,82929,1235632
2021,3,홍제2동,11410655,122898,146724,99071,699978
2021,3,홍제3동,11410640,86859,110273,63444,1192508
2021,3,화곡1동,11500540,93324,111334,75314,1197746
2021,3,화곡2동,11500550,72862,88596,57129,454621
2021,3,화곡3동,11500560,109516,139833,79199,521858
2021,3,화곡4동,11500570,82601,115309,49892,852049
2021,3,화곡6동,11500591,105572,132852,78293,1037911
2021,3,화곡8동,11500593,103799,141246,66352,593322
2021,3,화곡본동,11500590,91218,101083,81353,972735
2021,3,화양동,11215710,135501,173682,97320,1166008
2021,3,황학동,11140670,127673,155906,99439,328640
2021,3,회기동,11230710,97444,133797,61091,766917
2021,3,회현동,11140540,328949,388113,269785,897827
2021,3,효창동,11170580,138768,121575,155961,446197
2021,3,후암동,11170510,96511,121487,71535,865892
2021,3,휘경1동,11230720,128761,153377,104144,521796
2021,3,휘경2동,11230730,82554,90069,75039,1113609
2021,3,흑석동,11590605,115832,142628,89036,1708306
2021,4,가락1동,11710631,231698,268452,194944,1393228
2021,4,가락2동,11710632,137101,152374,121828,932311
2021,4,가락본동,11710620,137990,153502,122479,1014738
2021,4,가리봉동,11530595,87527,107689,67365,410996
2021,4,가산동,11545510,123856,141928,105783,2512852
2021,4,가양1동,11500603,167907,224074,111740,4970691
2021,4,가양2동,11500604,117133,129863,104402,823874
2021,4,가양3동,11500605,121360,138542,104179,474228
2021,4,가회동,11110600,139380,194621,84138,539955
2021,4,갈현1동,11380551,95833,109078,82587,961071
2021,4,갈현2동,11380552,88713,125120,52307,985165
2021,4,강일동,11740515,151487,210433,92541,3647520
2021,4,개봉1동,11530740,72655,85184,60125,1320319
2021,4,개봉2동,11530750,97890,132425,63355,782524
2021,4,개봉3동,11530760,74159,99321,48998,828418
2021,4,개포1동,11680660,113660,155125,72194,1449952
2021,4,개포2동,11680670,147773,161681,133865,2243338
2021,4,개포4동,11680690,87362,98680,76045,1665461
2021,4,거여1동,11710531,83605,116556,50653,522308
2021,4,거여2동,11710532,147872,187269,108476,612901
2021,4,고덕1동,11740550,120678,134023,107333,1518495
2021,4,고덕2동,11740560,213203,268465,157941,2206786
2021,4,고척1동,11530720,69533,94027,45039,1151238
2021,4,고척2동,11530730,66829,78485,55174,1025572
2021,4,공덕동,11440565,118605,121244,115965,1019197
2021,4,공릉1동,11350595,85851,113190,58512,1263261
2021,4,공릉2동,11350600,97950,128850,67049,6983449
2021,4,공항동,11500620,119314,111224,127405,10861768
2021,4,광장동,11215810,119283,142438,96128,2393761
2021,4,광희동,11140590,197137,221931,172342,737204
2021,4,교남동,11110580,193709,203643,183775,346926
2021,4,구로1동,11530520,130383,166999,93767,1008892
2021,4,구로2동,11530530,102100,118667,85534,1703350
2021,4,구로3동,11530540,144974,181419,108529,1040120
2021,4,구로4동,11530550,97622,121856,73388,524507
2021,4,구로5동,11530560,99054,95273,102836,1012473
2021,4,구산동,11380560,81001,94652,67350,1389775
2021,4,구의1동,11215850,90157,110291,70023,565313
2021,4,구의2동,11215860,106792,133097,80487,1388041
2021,4,구의3동,11215870,118062,148712,87411,1027561
2021,4,군자동,11215730,101500,118502,84497,738025
2021,4,금호1가동,11200590,106149,116393,95905,444872
2021,4,금호23가동,11200615,119621,124991,114252,631196
2021,4,금호4가동,11200620,130111,155110,105112,832333
2021,4,길동,11740685,92700,117059,68341,1631616
2021,4,길음1동,11290660,145761,179604,111917,797310
2021,4,길음2동,11290685,127722,153298,102147,588002
2021,4,낙성대동,11620585,140107,169708,110505,2262818
2021,4,난곡동,11620775,99165,109899,88431,972373
2021,4,난향동,11620715,86236,94563,77910,821397
2021,4,남가좌1동,11410690,147422,147512,147332,475536
2021,4,남가좌2동,11410700,116791,118724,114858,783775
2021,4,남영동,11170530,96582,103347,89816,1177788
2021,4,남현동,11620630,139927,177078,102775,3281024
2021,4,내곡동,11650660,104648,96567,112730,12708880
2021,4,노량진1동,11590510,130320,177911,82730,1613446
2021,4,노량진2동,11590520,262797,292683,232911,600568
2021,4,녹번동,11380510,96369,112731,80007,1794215
2021,4,논현1동,11680521,135838,167075,104602,1258744
2021,4,논현2동,11680531,132114,153452,110776,1458524
2021,4,능동,11215780,118519,158572,78465,1092105
2021,4,다산동,11140625,107253,121147,93358,523971
2021,4,답십리1동,11230600,104018,125165,82870,788242
2021,4,답십리2동,11230610,73277,89500,57054,875745
2021,4,당산1동,11560550,91805,109225,74386,745305
2021,4,당산2동,11560560,130704,166592,94816,1581310
2021,4,대림1동,11560700,114756,114057,115454,498978
2021,4,대림2동,11560710,124504,145296,103712,572540
2021,4,대림3동,11560720,75194,93463,56924,921696
2021,4,대방동,11590660,96741,117802,75679,1544903
2021,4,대조동,11380570,108344,116053,100634,851692
2021,4,대치1동,11680600,189879,239634,140124,809823
2021,4,대치2동,11680610,160001,205930,114071,1837367
2021,4,대치4동,11680630,158106,202284,113928,701081
2021,4,대학동,11620735,98176,130746,65606,8405183
2021,4,대흥동,11440600,129232,148763,109701,858570
2021,4,도곡1동,11680655,140235,180007,100462,1050609
2021,4,도곡2동,11680656,166818,205346,128290,990763
2021,4,도림동,11560585,96108,115551,76664,585885
2021,4,도봉1동,11320521,61311,80166,42457,8451468
2021,4,도봉2동,11320522,97528,112279,82776,1119031
2021,4,도화동,11440585,159880,211768,107992,625018
2021,4,독산1동,11545610,90067,104532,75601,2061921
2021,4,독산2동,11545620,97896,105926,89867,617174
2021,4,독산3동,11545630,86999,104205,69792,934985
2021,4,독산4동,11545640,71225,97635,44815,591045
2021,4,돈암1동,11290580,110476,124365,96588,488898
2021,4,돈암2동,11290590,140119,178682,101556,518335
2021,4,동선동,11290575,121683,148160,95207,724957
2021,4,동화동,11140665,105141,126058,84224,327045
2021,4,둔촌1동,11740690,,,,912178
2021,4,둔촌2동,11740700,81870,103557,60183,1550455
2021,4,등촌1동,11500520,109721,134897,84545,650741
2021,4,등촌2동,11500530,107734,121273,94195,910666
2021,4,등촌3동,11500535,126827,154747,98907,1060362
2021,4,마장동,11200540,114919,146656,83182,1035276
2021,4,마천1동,11710540,89326,127847,50805,575258
2021,4,마천2동,11710550,105476,146230,64723,890688
2021,4,망우3동,11260660,64759,76653,52864,962561
2021,4,망우본동,11260655,86756,112547,60965,2948109
2021,4,망원1동,11440690,134443,158614,110273,1101005
2021,4,망원2동,11440700,106105,114779,97432,676411
2021,4,면목2동,11260520,64916,88570,41262,763122
2021,4,면목38동,11260575,87109,106329,67889,1614117
2021,4,면목4동,11260540,84868,70982,98754,843466
2021,4,면목5동,11260550,62614,77560,47669,704936
2021,4,면목7동,11260570,96317,138356,54278,1236134
2021,4,면목본동,11260565,83969,114098,53839,849019
2021,4,명동,11140550,189983,234631,145335,969729
2021,4,명일1동,11740530,105753,130965,80541,634942
2021,4,명일2동,11740540,108395,154386,62404,914329
2021,4,목1동,11470510,148520,199025,98015,1433111
2021,4,목2동,11470520,106245,117435,95056,1021355
2021,4,목3동,11470530,110616,142728,78503,531850
2021,4,목4동,11470540,90684,115547,65821,577493
2021,4,목5동,11470550,155430,218660,92200,1766361
2021,4,무악동,11110570,102842,110893,94791,369520
2021,4,묵1동,11260620,98703,122216,75191,1238436
2021,4,묵2동,11260630,81407,91861,70954,669204
2021,4,문래동,11560605,105451,115702,95200,1786708
2021,4,문정1동,11710641,140494,154605,126383,612546
2021,4,문정2동,11710642,174622,213478,135767,2242033
2021,4,미성동,11620765,92315,111773,72857,1359429
2021,4,미아동,11305535,87731,111960,63503,841204
2021,4,반포1동,11650560,158863,166018,151708,992368
2021,4,반포2동,11650570,249284,334689,163880,1396031
2021,4,반포3동,11650580,172347,230904,113791,1251708
2021,4,반포4동,11650581,180246,207383,153108,1427141
2021,4,반포본동,11650550,94552,120644,68461,972536
2021,4,발산1동,11500611,115467,157037,73897,2887669
2021,4,방배1동,11650600,121577,130536,112617,689244
2021,4,방배2동,11650610,126625,136823,116428,1904030
2021,4,방배3동,11650620,105899,133289,78510,2375134
2021,4,방배4동,11650621,110345,131923,88766,949527
2021,4,방배본동,11650590,109332,139893,78770,677510
2021,4,방이1동,11710561,125909,155745,96073,609259
2021,4,방이2동,11710562,157923,198492,117355,769841
2021,4,방학1동,11320690,78737,110367,47107,1040857
2021,4,방학2동,11320700,65985,85568,46402,1092814
2021,4,방학3동,11320710,82177,105654,58700,1951026
2021,4,방화1동,11500630,113793,146442,81145,1475606
2021,4,방화2동,11500640,84178,110103,58253,6157541
2021,4,방화3동,11500641,112241,166873,57608,2558908
2021,4,번1동,11305595,95634,93850,97419,627036
2021,4,번2동,11305603,51911,66558,37263,974298
2021,4,번3동,11305608,75643,101493,49794,1081177
2021,4,보광동,11170700,102938,131177,74699,715096
2021,4,보라매동,11620525,109912,127363,92460,750225
2021,4,보문동,11290610,76099,100444,51754,553006
2021,4,부암동,11110550,87651,89480,85822,2274739
2021,4,북가좌1동,11410710,91176,84977,97375,577979
2021,4,북가좌2동,11410720,84019,98912,69125,824866
2021,4,북아현동,11410555,135503,167738,103268,458945
2021,4,불광1동,11380520,85418,114829,56008,3124927
2021,4,불광2동,11380530,108135,120484,95787,1396089
2021,4,사근동,11200550,144382,167963,120802,1169216
2021,4,사당1동,11590620,103704,121691,85717,635172
2021,4,사당2동,11590630,122896,161806,83986,2763201
2021,4,사당3동,11590640,104716,127000,82432,907684
2021,4,사당4동,11590650,96604,129926,63283,436148
2021,4,사당5동,11590651,72389,80992,63786,682199
2021,4,사직동,11110530,149318,187502,111134,1158536
2021,4,삼각산동,11305575,116295,131311,101278,621911
2021,4,삼선동,11290555,91623,118157,65089,926227
2021,4,삼성1동,11680580,198226,155673,240779,1944629
2021,4,삼성2동,11680590,149162,172928,125396,1242271
2021,4,삼성동,11620745,78387,88446,68328,2604386
2021,4,삼양동,11305534,93764,116447,71081,924092
2021,4,삼전동,11710610,144453,166687,122218,953338
2021,4,삼청동,11110540,168295,188341,148249,1479255
2021,4,상계10동,11350720,120012,156022,84002,809214
2021,4,상계1동,11350630,85561,112364,58758,5402614
2021,4,상계2동,11350640,110698,148059,73337,623125
2021,4,상계34동,11350665,81735,88273,75197,5211708
2021,4,상계5동,11350670,82512,111955,53070,906891
2021,4,상계67동,11350695,138953,175194,102711,1450295
2021,4,상계8동,11350700,133839,203557,64122,666348
2021,4,상계9동,11350710,121133,170183,72082,719445
2021,4,상도1동,11590530,117563,125756,109370,1488648
2021,4,상도2동,11590540,105497,134296,76697,772865
2021,4,상도3동,11590550,110668,147754,73583,637199
2021,4,상도4동,11590560,80039,111087,48992,939562
2021,4,상봉1동,11260580,74749,91116,58382,854219
2021,4,상봉2동,11260590,83676,107389,59963,677445
2021,4,상암동,11440740,151700,186714,116685,8402415
2021,4,상일동,11740520,147605,205048,90162,1813623
2021,4,서강동,11440655,146519,157972,135066,1478577
2021,4,서교동,11440660,160590,195734,125445,1678981
2021,4,서림동,11620665,86618,99085,74151,941252
2021,4,서빙고동,11170690,94385,105097,83673,2821948
2021,4,서원동,11620645,154010,213963,94057,647532
2021,4,서초1동,11650510,129165,143919,114411,1382685
2021,4,서초2동,11650520,163084,187744,138425,1230924
2021,4,서초3동,11650530,126030,154070,97991,2998572
2021,4,서초4동,11650531,164839,215186,114491,879773
2021,4,석관동,11290810,77794,100549,55039,1705061
2021,4,석촌동,11710600,154749,184225,125274,946914
2021,4,성내1동,11740640,87026,113210,60842,663675
2021,4,성내2동,11740650,92579,119816,65341,625147
2021,4,성내3동,11740660,94158,112696,75619,647356
2021,4,성북동,11290525,115532,139152,91912,2879912
2021,4,성산1동,11440720,90946,112854,69037,859254
2021,4,성산2동,11440730,134936,138160,131712,1978724
2021,4,성수1가1동,11200650,106881,102047,111715,1885875
2021,4,성수1가2동,11200660,146559,163112,130006,930086
2021,4,성수2가1동,11200670,105659,115782,95537,1184964
2021,4,성수2가3동,11200690,143991,155929,132052,1054501
2021,4,성현동,11620565,91134,90395,91873,678223
2021,4,세곡동,11680700,150457,176918,123995,6367772
2021,4,소공동,11140520,160757,187218,134297,943795
2021,4,송정동,11200720,109502,106706,112298,681916
2021,4,송중동,11305545,119988,143486,96489,1075796
2021,4,송천동,11305555,82445,95794,69096,929913
2021,4,송파1동,11710580,147420,175199,119641,686925
2021,4,송파2동,11710590,108750,140430,77070,631023
2021,4,수궁동,11530790,85448,98586,72310,2661352
2021,4,수색동,11380650,104591,98821,110361,1290258
2021,4,수서동,11680750,144952,185207,104697,1629403
2021,4,수유1동,11305615,79330,99562,59098,1649963
2021,4,수유2동,11305625,74322,99443,49201,581617
2021,4,수유3동,11305635,94979,124929,65028,745645
2021,4,숭인1동,11110700,88107,110206,66009,239396
2021,4,숭인2동,11110710,128735,155856,101613,351906
2021,4,시흥1동,11545670,98634,132337,64930,1524148
2021,4,시흥2동,11545680,70213,73946,66480,1308882
2021,4,시흥3동,11545690,141248,115445,167051,1261391
2021,4,시흥4동,11545700,92534,104096,80972,821709
2021,4,시흥5동,11545710,83734,109214,58254,1386972
2021,4,신길1동,11560630,85567,95201,75933,722925
2021,4,신길3동,11560650,83642,99565,67719,520083
2021,4,신길4동,11560660,106911,120243,93579,292127
2021,4,신길5동,11560670,96619,111046,82193,494653
2021,4,신길6동,11560680,88958,115707,62209,653511
2021,4,신길7동,11560690,101609,114562,88656,642487
2021,4,신내1동,11260680,89443,105097,73790,2606949
2021,4,신내2동,11260690,116092,155981,76204,911281
2021,4,신당5동,11140650,115409,134875,95944,319706
2021,4,신당동,11140615,367548,364350,370746,534942
2021,4,신대방1동,11590670,91309,113095,69524,675281
2021,4,신대방2동,11590680,120833,158683,82982,977033
2021,4,신도림동,11530510,101531,123505,79558,1392788
2021,4,신림동,11620695,125132,162996,87267,541240
2021,4,신사1동,11380631,95956,109323,82589,808314
2021,4,신사2동,11380632,71545,78845,64245,1046222
2021,4,신사동,11620685,87601,111799,63402,641031
2021,4,신사동,11680510,147950,190664,105236,2059234
2021,4,신수동,11440630,147794,145335,150254,797879
2021,4,신원동,11620655,95586,137433,53739,544977
2021,4,신월1동,11470560,71304,96234,46373,622400
2021,4,신월2동,11470570,74302,88983,59620,606811
2021,4,신월3동,11470580,87144,73549,100739,918039
2021,4,신월4동,11470590,76271,106559,45984,469873
2021,4,신월5동,11470600,71488,80414,62563,638302
2021,4,신월6동,11470610,105611,136846,74377,444286
2021,4,신월7동,11470611,62616,79680,45553,1230628
2021,4,신정1동,11470620,98810,138742,58877,747568
2021,4,신정2동,11470630,97653,118935,76371,525899
2021,4,신정3동,11470640,96612,134561,58664,2756536
2021,4,신정4동,11470650,101165,125084,77246,997144
2021,4,신정6동,11470670,150555,207939,93171,940885
2021,4,신정7동,11470680,94407,125761,63054,1234130
2021,4,신촌동,11410585,141706,187378,96035,2720364
2021,4,쌍문1동,11320660,84549,78575,90522,1175774
2021,4,쌍문2동,11320670,95770,111145,80395,541193
2021,4,쌍문3동,11320680,79987,110209,49765,504805
2021,4,쌍문4동,11320681,92452,127086,57818,554868
2021,4,아현동,11440555,149028,198123,99933,744328
2021,4,안암동,11290600,111470,152835,70105,1379571
2021,4,암사1동,11740570,95766,122648,68885,735480
2021,4,암사2동,11740580,92578,125261,59896,2174329
2021,4,암사3동,11740590,150166,126317,174015,1799368
2021,4,압구정동,11680545,161333,215436,107231,2345057
2021,4,약수동,11140635,124721,172877,76566,486369
2021,4,양재1동,11650651,109198,135508,82888,5765358
2021,4,양재2동,11650652,88648,111162,66133,7562268
2021,4,양평1동,11560610,95477,104816,86139,974912
2021,4,양평2동,11560620,103399,116140,90659,2874596
2021,4,여의동,11560540,155404,199481,111328,8437543
2021,4,역삼1동,11680640,152179,158537,145822,2362133
2021,4,역삼2동,11680650,161918,186824,137012,1135029
2021,4,역촌동,11380625,85573,105378,65768,1157542
2021,4,연남동,11440710,132017,140359,123675,647438
2021,4,연희동,11410615,104359,114923,93794,2929172
2021,4,염리동,11440610,140395,172543,108247,491468
2021,4,염창동,11500510,111604,134188,89020,1732856
2021,4,영등포동,11560535,121046,140562,101530,1372094
2021,4,영등포본동,11560515,98744,105558,91931,846370
2021,4,오금동,11710570,124084,132764,115404,1648868
2021,4,오류1동,11530770,86597,110859,62336,727414
2021,4,오류2동,11530780,99237,136889,61586,3061018
2021,4,오륜동,11710566,209981,232030,187931,3085088
2021,4,옥수동,11200645,138916,146485,131346,1922027
2021,4,왕십리2동,11200520,116712,147648,85776,372425
2021,4,왕십리도선동,11200535,129915,151340,108489,710285
2021,4,용강동,11440590,143192,197523,88860,790602
2021,4,용답동,11200790,105286,135255,75317,2377148
2021,4,용문동,11170590,117139,136859,97418,277531
2021,4,용산2가동,11170520,100230,124291,76169,1966853
2021,4,용신동,11230536,92078,107480,76675,1618399
2021,4,우이동,11305645,71562,101179,41945,10587752
2021,4,우장산동,11500615,123651,144147,103155,1261588
2021,4,원효로1동,11170560,97792,119136,76447,589017
2021,4,원효로2동,11170570,108271,119617,96925,708975
2021,4,월계1동,11350560,100406,134786,66026,1107461
2021,4,월계2동,11350570,79778,84883,74672,2004785
2021,4,월계3동,11350580,140760,189800,91721,1168283
2021,4,월곡1동,11290715,97771,114955,80588,801757
2021,4,월곡2동,11290725,98148,126974,69322,1364901
2021,4,위례동,11710647,169926,208186,131666,2537372
2021,4,은천동,11620605,93844,122581,65108,776212
2021,4,을지로동,11140605,149297,200376,98217,611524
2021,4,응봉동,11200580,117662,117780,117543,553662
2021,4,응암1동,11380580,103917,131081,76753,1109863
2021,4,응암2동,11380590,129164,141951,116377,755247
2021,4,응암3동,11380600,84639,111695,57582,752773
2021,4,이문1동,11230740,94614,126120,63109,1039602
2021,4,이문2동,11230750,83870,99109,68631,723890
2021,4,이촌1동,11170630,213197,258022,168371,2872767
2021,4,이촌2동,11170640,92717,117533,67901,1205543
2021,4,이태원1동,11170650,160359,187165,133553,582899
2021,4,이태원2동,11170660,136086,168001,104171,874243
2021,4,이화동,11110640,119556,161691,77421,782395
2021,4,인수동,11305660,61262,73681,48843,2998011
2021,4,인헌동,11620625,116811,159419,74203,1089078
2021,4,일원1동,11680730,91122,131623,50622,953471
2021,4,일원2동,11680740,179631,266858,92403,1300290
2021,4,일원본동,11680720,144858,207117,82599,2354625
2021,4,자양1동,11215820,113730,143802,83658,568868
2021,4,자양2동,11215830,96739,106698,86780,1657523
2021,4,자양3동,11215840,96580,121276,71884,1196419
2021,4,자양4동,11215847,118710,143565,93854,1180023
2021,4,잠실2동,11710670,321476,431175,211777,2686850
2021,4,잠실3동,11710680,238366,277706,199025,1542643
2021,4,잠실4동,11710690,301083,431607,170559,780204
2021,4,잠실6동,11710710,173668,210407,136929,1508001
2021,4,잠실7동,11710720,246098,246098,,723486
2021,4,잠실본동,11710650,147740,173339,122141,1028997
2021,4,잠원동,11650540,131662,148077,115246,1756867
2021,4,장안1동,11230650,83332,102807,63857,1342167
2021,4,장안2동,11230660,86710,111231,62190,996640
2021,4,장위1동,11290760,56147,70148,42147,708546
2021,4,장위2동,11290770,87553,98395,76712,679894
2021,4,장위3동,11290780,128374,146407,110342,652601
2021,4,장지동,11710646,127332,126414,128250,1278355
2021,4,장충동,11140580,107435,104916,109954,1017925
2021,4,전농1동,11230560,99509,114114,84904,1126695
2021,4,전농2동,11230570,112044,137083,87004,977568
2021,4,정릉1동,11290620,82799,84747,80850,412365
2021,4,정릉2동,11290630,87188,105673,68703,1094889
2021,4,정릉3동,11290640,85920,88952,82889,3327126
2021,4,정릉4동,11290650,98343,138857,57828,3570914
2021,4,제기동,11230545,107201,138666,75736,1181705
2021,4,조원동,11620725,80209,100994,59424,666607
2021,4,종로1234가동,11110615,188458,247960,128956,2417171
2021,4,종로56가동,11110630,246370,249318,243423,603167
2021,4,종암동,11290705,89944,99204,80684,1404527
2021,4,중계1동,11350621,121533,154401,88666,623451
2021,4,중계23동,11350625,109826,146458,73195,919083
2021,4,중계4동,11350624,97520,137038,58001,1519449
2021,4,중계본동,11350619,106107,136133,76080,2183234
2021,4,중곡1동,11215740,95921,126053,65789,614505
2021,4,중곡2동,11215750,84132,110701,57562,545542
2021,4,중곡3동,11215760,92601,135445,49757,601866
2021,4,중곡4동,11215770,90392,120233,60550,2313468
2021,4,중림동,11140680,130343,143480,117207,484384
2021,4,중앙동,11620615,94727,125764,63691,384728
2021,4,중화1동,11260600,100018,82442,117595,641493
2021,4,중화2동,11260610,82773,105060,60485,1016955
2021,4,증산동,11380640,83004,89925,76082,807409
2021,4,진관동,11380690,113801,137954,89647,11565110
2021,4,창1동,11320511,110176,117154,103199,1122171
2021,4,창2동,11320512,80814,86516,75112,654442
2021,4,창3동,11320513,64608,81434,47782,655485
2021,4,창4동,11320514,124520,187622,61418,1140172
2021,4,창5동,11320515,104216,150021,58412,701480
2021,4,창신1동,11110670,175752,222657,128846,305337
2021,4,창신2동,11110680,100399,128725,72073,257323
2021,4,창신3동,11110690,87217,105273,69162,216835
2021,4,천연동,11410520,112856,164814,60899,982817
2021,4,천호1동,11740600,75679,97710,53648,668998
2021,4,천호2동,11740610,104892,127695,82090,1850853
2021,4,천호3동,11740620,111500,137357,85643,561872
2021,4,청구동,11140645,100649,114936,86362,342571
2021,4,청담동,11680565,150988,182802,119175,2329217
2021,4,청량리동,11230705,100495,118148,82843,1204398
2021,4,청룡동,11620595,115341,141135,89547,1195604
2021,4,청림동,11620545,111771,109257,114285,297155
2021,4,청운효자동,11110515,132428,182188,82669,2568432
2021,4,청파동,11170555,115026,134837,95216,886225
2021,4,충현동,11410565,112019,130932,93105,1116001
2021,4,평창동,11110560,88594,111215,65974,8947328
2021,4,풍납1동,11710510,90487,96876,84099,1075294
2021,4,풍납2동,11710520,133747,142221,125272,2564554
2021,4,필동,11140570,134682,178177,91187,1464686
2021,4,하계1동,11350611,92358,104292,80425,1527061
2021,4,하계2동,11350612,134790,175243,94337,500023
2021,4,한강로동,11170625,130660,148245,113075,2869816
2021,4,한남동,11170685,134914,156497,113331,3031897
2021,4,합정동,11440680,127165,152737,101592,1712389
2021,4,항동,11530800,,,,1446941
2021,4,행당1동,11200560,124594,135809,113378,573566
2021,4,행당2동,11200570,147222,180450,113994,457669
2021,4,행운동,11620575,107619,131349,83888,718235
2021,4,혜화동,11110650,119635,156655,82615,1132421
2021,4,홍은1동,11410660,100018,84416,115619,1615140
2021,4,홍은2동,11410685,90341,105488,75195,2075085
2021,4,홍제1동,11410620,110468,127347,93589,1235632
2021,4,홍제2동,11410655,129038,155752,102324,699978
2021,4,홍제3동,11410640,91354,111270,71438,1192508
2021,4,화곡1동,11500540,101044,120195,81892,1197746
2021,4,화곡2동,11500550,78105,90183,66027,454621
2021,4,화곡3동,11500560,122493,151615,93372,521858
2021,4,화곡4동,11500570,90581,124948,56214,852049
2021,4,화곡6동,11500591,125437,150032,100843,1037911
2021,4,화곡8동,11500593,105375,141335,69415,593322
2021,4,화곡본동,11500590,96603,102692,90514,972735
2021,4,화양동,11215710,142206,178876,105536,1166008
2021,4,황학동,11140670,121631,145844,97417,328640
2021,4,회기동,11230710,108157,150140,66173,766917
2021,4,회현동,11140540,326394,382339,270449,897827
2021,4,효창동,11170580,110244,125719,94769,446197
2021,4,후암동,11170510,107375,143118,71631,865892
2021,4,휘경1동,11230720,121590,171613,71568,521796
2021,4,휘경2동,11230730,73569,85077,62060,1113609
2021,4,흑석동,11590605,120583,152927,88239,1708306
2022,1,가락1동,11710631,212836,228844,196828,1393228
2022,1,가락2동,11710632,128762,149852,107671,932311
2022,1,가락본동,11710620,131976,152338,111615,1014738
2022,1,가리봉동,11530595,91283,108932,73633,410996
2022,1,가산동,11545510,121086,142745,99427,2512852
2022,1,가양1동,11500603,166089,224824,107354,4970691
2022,1,가양2동,11500604,133662,150270,117054,823874
2022,1,가양3동,11500605,114215,111192,117238,474228
2022,1,가회동,11110600,142922,202364,83480,539955
2022,1,갈현1동,11380551,101241,123175,79307,961071
2022,1,갈현2동,11380552,93489,130179,56799,985165
2022,1,강일동,11740515,161408,223739,99078,3647520
2022,1,개봉1동,11530740,81349,93350,69348,1320319
2022,1,개봉2동,11530750,97633,133339,61926,782524
2022,1,개봉3동,11530760,82354,98868,65840,828418
2022,1,개포1동,11680660,125744,180244,71243,1449952
2022,1,개포2동,11680670,157533,162366,152700,2243338
2022,1,개포4동,11680690,82785,96804,68765,1665461
2022,1,거여1동,11710531,92766,129785,55747,522308
2022,1,거여2동,11710532,163458,202223,124693,612901
2022,1,고덕1동,11740550,114909,128532,101286,1518495
2022,1,고덕2동,11740560,214497,257197,171798,2206786
2022,1,고척1동,11530720,71585,96953,46218,1151238
2022,1,고척2동,11530730,62290,80271,44310,1025572
2022,1,공덕동,11440565,121128,120380,121875,1019197
2022,1,공릉1동,11350595,87888,115350,60426,1263261
2022,1,공릉2동,11350600,97559,127216,67902,6983449
2022,1,공항동,11500620,128086,110860,145311,10861768
2022,1,광장동,11215810,111634,128904,94365,2393761
2022,1,광희동,11140590,200530,228967,172092,737204
2022,1,교남동,11110580,206719,218421,195017,346926
2022,1,구로1동,11530520,141899,175981,107817,1008892
2022,1,구로2동,11530530,105030,124674,85385,1703350
2022,1,구로3동,11530540,154857,187676,122037,1040120
2022,1,구로4동,11530550,101047,136765,65329,524507
2022,1,구로5동,11530560,104862,100827,108896,1012473
2022,1,구산동,11380560,90805,111600,70011,1389775
2022,1,구의1동,11215850,95214,113652,76775,565313
2022,1,구의2동,11215860,113545,136481,90609,1388041
2022,1,구의3동,11215870,115981,147037,84924,1027561
2022,1,군자동,11215730,96629,114202,79056,738025
2022,1,금호1가동,11200590,104552,116885,92218,444872
2022,1,금호23가동,11200615,137181,144876,129485,631196
2022,1,금호4가동,11200620,119358,143001,95715,832333
2022,1,길동,11740685,87701,113109,62292,1631616
2022,1,길음1동,11290660,159478,190006,128949,797310
2022,1,길음2동,11290685,130294,176555,84033,588002
2022,1,낙성대동,11620585,152235,187553,116917,2262818
2022,1,난곡동,11620775,102051,101022,103079,972373
2022,1,난향동,11620715,84242,87836,80648,821397
2022,1,남가좌1동,11410690,154567,146739,162395,475536
2022,1,남가좌2동,11410700,113388,116361,110416,783775
2022,1,남영동,11170530,120741,119400,122082,1177788
2022,1,남현동,11620630,142933,185731,100134,3281024
2022,1,내곡동,11650660,105963,98710,113217,12708880
2022,1,노량진1동,11590510,127525,173544,81506,1613446
2022,1,노량진2동,11590520,277035,306013,248057,600568
2022,1,녹번동,11380510,101474,118286,84663,1794215
2022,1,논현1동,11680521,139606,170447,108765,1258744
2022,1,논현2동,11680531,132028,155602,108454,1458524
2022,1,능동,11215780,125998,171085,80911,1092105
2022,1,다산동,11140625,124983,139348,110617,523971
2022,1,답십리1동,11230600,106440,126823,86057,788242
2022,1,답십리2동,11230610,74019,93309,54729,875745
2022,1,당산1동,11560550,93249,115405,71093,745305
2022,1,당산2동,11560560,132118,166141,98095,1581310
2022,1,대림1동,11560700,116885,114279,119491,498978
2022,1,대림2동,11560710,120728,156880,84575,572540
2022,1,대림3동,11560720,74241,94483,54000,921696
2022,1,대방동,11590660,100565,123338,77791,1544903
2022,1,대조동,11380570,116886,123437,110336,851692
2022,1,대치1동,11680600,190164,240004,140325,809823
2022,1,대치2동,11680610,150247,191262,109231,1837367
2022,1,대치4동,11680630,153079,194854,111303,701081
2022,1,대학동,11620735,102135,132964,71306,8405183
2022,1,대흥동,11440600,135022,154904,115139,858570
2022,1,도곡1동,11680655,139995,185707,94282,1050609
2022,1,도곡2동,11680656,170414,214200,126628,990763
2022,1,도림동,11560585,96708,108763,84653,585885
2022,1,도봉1동,11320521,66000,87072,44928,8451468
2022,1,도봉2동,11320522,85263,115038,55488,1119031
2022,1,도화동,11440585,158585,221889,95281,625018
2022,1,독산1동,11545610,90634,106303,74965,2061921
2022,1,독산2동,11545620,86055,90369,81742,617174
2022,1,독산3동,11545630,85760,100429,71092,934985
2022,1,독산4동,11545640,73807,101320,46294,591045
2022,1,돈암1동,11290580,116207,137420,94994,488898
2022,1,돈암2동,11290590,148385,176429,120340,518335
2022,1,동선동,11290575,136744,163726,109762,724957
2022,1,동화동,11140665,121965,128587,115344,327045
2022,1,둔촌1동,11740690,,,,912178
2022,1,둔촌2동,11740700,83418,105202,61634,1550455
2022,1,등촌1동,11500520,117087,145123,89051,650741
2022,1,등촌2동,11500530,109193,122986,95401,910666
2022,1,등촌3동,11500535,136190,180089,92291,1060362
2022,1,마장동,11200540,112213,143574,80852,1035276
2022,1,마천1동,11710540,87353,123452,51253,575258
2022,1,마천2동,11710550,110089,146791,73387,890688
2022,1,망우3동,11260660,64858,76929,52787,962561
2022,1,망우본동,11260655,85352,114873,55830,2948109
2022,1,망원1동,11440690,135592,161158,110027,1101005
2022,1,망원2동,11440700,97684,117187,78182,676411
2022,1,면목2동,11260520,64616,87802,41430,763122
2022,1,면목38동,11260575,95930,105316,86545,1614117
2022,1,면목4동,11260540,94193,70113,118272,843466
2022,1,면목5동,11260550,61549,77816,45282,704936
2022,1,면목7동,11260570,94046,128245,59848,1236134
2022,1,면목본동,11260565,88501,113857,63146,849019
2022,1,명동,11140550,197310,239232,155389,969729
2022,1,명일1동,11740530,108783,134386,83179,634942
2022,1,명일2동,11740540,119188,174500,63876,914329
2022,1,목1동,11470510,153427,211497,95357,1433111
2022,1,목2동,11470520,117154,131211,103097,1021355
2022,1,목3동,11470530,114040,140404,87677,531850
2022,1,목4동,11470540,96767,123939,69594,577493
2022,1,목5동,11470550,156006,219985,92026,1766361
2022,1,무악동,11110570,105457,114202,96713,369520
2022,1,묵1동,11260620,101018,124962,77075,1238436
2022,1,묵2동,11260630,84898,91561,78234,669204
2022,1,문래동,11560605,107620,121875,93365,1786708
2022,1,문정1동,11710641,139773,149188,130359,612546
2022,1,문정2동,11710642,174936,223926,125947,2242033
2022,1,미성동,11620765,94046,115603,72490,1359429
2022,1,미아동,11305535,88818,115548,62087,841204
2022,1,반포1동,11650560,151210,168090,134329,992368
2022,1,반포2동,11650570,257064,344214,169914,1396031
2022,1,반포3동,11650580,168678,236515,100841,1251708
2022,1,반포4동,11650581,176641,188782,164500,1427141
2022,1,반포본동,11650550,90216,121316,59116,972536
2022,1,발산1동,11500611,117874,160980,74767,2887669
2022,1,방배1동,11650600,119593,129309,109877,689244
2022,1,방배2동,11650610,116633,127178,106088,1904030
2022,1,방배3동,11650620,107390,135081,79699,2375134
2022,1,방배4동,11650621,110614,134841,86388,949527
2022,1,방배본동,11650590,112550,139706,85395,677510
2022,1,방이1동,11710561,120537,154731,86343,609259
2022,1,방이2동,11710562,158535,203675,113396,769841
2022,1,방학1동,11320690,82014,112491,51537,1040857
2022,1,방학2동,11320700,64715,86954,42477,1092814
2022,1,방학3동,11320710,82209,105249,59169,1951026
2022,1,방화1동,11500630,112358,142987,81729,1475606
2022,1,방화2동,11500640,82522,107714,57330,6157541
2022,1,방화3동,11500641,116043,175280,56806,2558908
2022,1,번1동,11305595,96809,88571,105046,627036
2022,1,번2동,11305603,63436,87429,39444,974298
2022,1,번3동,11305608,67957,90486,45428,1081177
2022,1,보광동,11170700,108143,130205,86082,715096
2022,1,보라매동,11620525,121877,134633,109121,750225
2022,1,보문동,11290610,85935,103803,68067,553006
2022,1,부암동,11110550,88340,94506,82173,2274739
2022,1,북가좌1동,11410710,121076,86486,155667,577979
2022,1,북가좌2동,11410720,86080,99147,73013,824866
2022,1,북아현동,11410555,133385,162093,104677,458945
2022,1,불광1동,11380520,88992,118464,59520,3124927
2022,1,불광2동,11380530,109939,119869,100009,1396089
2022,1,사근동,11200550,146898,178030,115766,1169216
2022,1,사당1동,11590620,105711,125386,86036,635172
2022,1,사당2동,11590630,126298,167147,85449,2763201
2022,1,사당3동,11590640,100679,119894,81465,907684
2022,1,사당4동,11590650,96700,127425,65975,436148
2022,1,사당5동,11590651,75944,81432,70455,682199
2022,1,사직동,11110530,145664,185390,105938,1158536
2022,1,삼각산동,11305575,115533,128688,102378,621911
2022,1,삼선동,11290555,90396,114332,66459,926227
2022,1,삼성1동,11680580,202706,179666,225747,1944629
2022,1,삼성2동,11680590,157246,176345,138147,1242271
2022,1,삼성동,11620745,82013,88529,75497,2604386
2022,1,삼양동,11305534,93683,116616,70750,924092
2022,1,삼전동,11710610,144424,156474,132373,953338
2022,1,삼청동,11110540,175042,185890,164194,1479255
2022,1,상계10동,11350720,114404,147629,81180,809214
2022,1,상계1동,11350630,85034,112116,57951,5402614
2022,1,상계2동,11350640,113160,151091,75229,623125
2022,1,상계34동,11350665,93579,93401,93757,5211708
2022,1,상계5동,11350670,84376,113577,55176,906891
2022,1,상계67동,11350695,148044,182460,113629,1450295
2022,1,상계8동,11350700,139410,214383,64437,666348
2022,1,상계9동,11350710,119874,167743,72006,719445
2022,1,상도1동,11590530,113049,127619,98480,1488648
2022,1,상도2동,11590540,109437,133151,85722,772865
2022,1,상도3동,11590550,104490,146481,62499,637199
2022,1,상도4동,11590560,83129,104288,61970,939562
2022,1,상봉1동,11260580,77482,98502,56463,854219
2022,1,상봉2동,11260590,85258,107194,63322,677445
2022,1,상암동,11440740,150592,185451,115733,8402415
2022,1,상일동,11740520,161710,221356,102063,1813623
2022,1,서강동,11440655,151808,167757,135859,1478577
2022,1,서교동,11440660,161603,194287,128919,1678981
2022,1,서림동,11620665,82354,92721,71987,941252
2022,1,서빙고동,11170690,95602,99137,92068,2821948
2022,1,서원동,11620645,167535,229453,105617,647532
2022,1,서초1동,11650510,123822,134048,113596,1382685
2022,1,서초2동,11650520,158168,180598,135737,1230924
2022,1,서초3동,11650530,128465,163331,93598,2998572
2022,1,서초4동,11650531,161047,199296,122798,879773
2022,1,석관동,11290810,80590,104598,56582,1705061
2022,1,석촌동,11710600,158476,186296,130655,946914
2022,1,성내1동,11740640,86124,113683,58566,663675
2022,1,성내2동,11740650,89013,122407,55619,625147
2022,1,성내3동,11740660,93484,110094,76875,647356
2022,1,성북동,11290525,112301,137860,86743,2879912
2022,1,성산1동,11440720,93226,115032,71419,859254
2022,1,성산2동,11440730,135584,134691,136477,1978724
2022,1,성수1가1동,11200650,111825,106515,117136,1885875
2022,1,성수1가2동,11200660,141019,150954,131083,930086
2022,1,성수2가1동,11200670,101069,114623,87514,1184964
2022,1,성수2가3동,11200690,143714,154888,132541,1054501
2022,1,성현동,11620565,95297,95014,95581,678223
2022,1,세곡동,11680700,147791,171417,124165,6367772
2022,1,소공동,11140520,179033,209985,148081,943795
2022,1,송정동,11200720,106267,108329,104204,681916
2022,1,송중동,11305545,115968,133702,98234,1075796
2022,1,송천동,11305555,84409,94343,74475,929913
2022,1,송파1동,11710580,147363,174294,120433,686925
2022,1,송파2동,11710590,110419,151770,69069,631023
2022,1,수궁동,11530790,84690,111983,57398,2661352
2022,1,수색동,11380650,112998,102892,123104,1290258
2022,1,수서동,11680750,148852,177445,120259,1629403
2022,1,수유1동,11305615,80771,101309,60232,1649963
2022,1,수유2동,11305625,83648,105849,61447,581617
2022,1,수유3동,11305635,101058,131323,70792,745645
2022,1,숭인1동,11110700,96699,123120,70277,239396
2022,1,숭인2동,11110710,130864,159250,102478,351906
2022,1,시흥1동,11545670,93472,130200,56745,1524148
2022,1,시흥2동,11545680,75226,70745,79706,1308882
2022,1,시흥3동,11545690,108488,102647,114329,1261391
2022,1,시흥4동,11545700,70837,92793,48880,821709
2022,1,시흥5동,11545710,84367,106955,61779,1386972
2022,1,신길1동,11560630,86742,101846,71638,722925
2022,1,신길3동,11560650,90303,104921,75685,520083
2022,1,신길4동,11560660,88959,93132,84787,292127
2022,1,신길5동,11560670,100708,103095,98320,494653
2022,1,신길6동,11560680,95829,118817,72841,653511
2022,1,신길7동,11560690,99477,109010,89943,642487
2022,1,신내1동,11260680,85632,100043,71220,2606949
2022,1,신내2동,11260690,122563,163473,81654,911281
2022,1,신당5동,11140650,127217,151840,102594,319706
2022,1,신당동,11140615,372835,377462,368207,534942
2022,1,신대방1동,11590670,86108,109439,62776,675281
2022,1,신대방2동,11590680,125172,164872,85471,977033
2022,1,신도림동,11530510,107381,129201,85561,1392788
2022,1,신림동,11620695,135205,172462,97948,541240
2022,1,신사1동,11380631,91863,101180,82547,808314
2022,1,신사2동,11380632,74225,79461,68988,1046222
2022,1,신사동,11620685,85109,115778,54440,641031
2022,1,신사동,11680510,155460,203637,107283,2059234
2022,1,신수동,11440630,145553,152046,139060,797879
2022,1,신원동,11620655,89242,125955,52528,544977
2022,1,신월1동,11470560,71749,85211,58286,622400
2022,1,신월2동,11470570,74776,87783,61769,606811
2022,1,신월3동,11470580,91049,69399,112699,918039
2022,1,신월4동,11470590,72238,99659,44817,469873
2022,1,신월5동,11470600,86428,83769,89087,638302
2022,1,신월6동,11470610,111185,132614,89755,444286
2022,1,신월7동,11470611,60330,79813,40848,1230628
2022,1,신정1동,11470620,89752,127344,52161,747568
2022,1,신정2동,11470630,92010,123771,60248,525899
2022,1,신정3동,11470640,101570,145392,57748,2756536
2022,1,신정4동,11470650,105058,122092,88024,997144
2022,1,신정6동,11470670,145722,197585,93860,940885
2022,1,신정7동,11470680,99486,114198,84775,1234130
2022,1,신촌동,11410585,140148,181126,99170,2720364
2022,1,쌍문1동,11320660,80168,80767,79568,1175774
2022,1,쌍문2동,11320670,98730,118850,78611,541193
2022,1,쌍문3동,11320680,82162,105761,58564,504805
2022,1,쌍문4동,11320681,93076,127752,58400,554868
2022,1,아현동,11440555,150739,201924,99554,744328
2022,1,안암동,11290600,114567,151693,77441,1379571
2022,1,암사1동,11740570,96064,120118,72010,735480
2022,1,암사2동,11740580,104371,146182,62559,2174329
2022,1,암사3동,11740590,136327,106793,165861,1799368
2022,1,압구정동,11680545,158563,213119,104007,2345057
2022,1,약수동,11140635,136272,180632,91911,486369
2022,1,양재1동,11650651,109175,137714,80637,5765358
2022,1,양재2동,11650652,91573,112012,71135,7562268
2022,1,양평1동,11560610,100435,106710,94160,974912
2022,1,양평2동,11560620,99547,110604,88490,2874596
2022,1,여의동,11560540,155270,197216,113323,8437543
2022,1,역삼1동,11680640,153742,161989,145495,2362133
2022,1,역삼2동,11680650,159040,183802,134279,1135029
2022,1,역촌동,11380625,90794,107693,73894,1157542
2022,1,연남동,11440710,141807,148578,135037,647438
2022,1,연희동,11410615,103226,115698,90754,2929172
2022,1,염리동,11440610,138016,179131,96900,491468
2022,1,염창동,11500510,107885,134168,81603,1732856
2022,1,영등포동,11560535,124036,150798,97273,1372094
2022,1,영등포본동,11560515,99259,107536,90982,846370
2022,1,오금동,11710570,126474,141102,111846,1648868
2022,1,오류1동,11530770,91408,109482,73334,727414
2022,1,오류2동,11530780,96307,128574,64041,3061018
2022,1,오륜동,11710566,228624,252045,205202,3085088
2022,1,옥수동,11200645,135569,132545,138593,1922027
2022,1,왕십리2동,11200520,112733,147085,78381,372425
2022,1,왕십리도선동,11200535,131595,160513,102676,710285
2022,1,용강동,11440590,137815,179105,96525,790602
2022,1,용답동,11200790,117095,147208,86981,2377148
2022,1,용문동,11170590,118237,143893,92581,277531
2022,1,용산2가동,11170520,100452,125990,74914,1966853
2022,1,용신동,11230536,92668,107079,78257,1618399
2022,1,우이동,11305645,70267,97047,43487,10587752
2022,1,우장산동,11500615,122920,138085,107755,1261588
2022,1,원효로1동,11170560,105927,124827,87028,589017
2022,1,원효로2동,11170570,99817,104042,95593,708975
2022,1,월계1동,11350560,103219,140368,66069,1107461
2022,1,월계2동,11350570,76370,77172,75569,2004785
2022,1,월계3동,11350580,141819,208850,74789,1168283
2022,1,월곡1동,11290715,104262,124482,84042,801757
2022,1,월곡2동,11290725,98843,129528,68157,1364901
2022,1,위례동,11710647,173933,222230,125637,2537372
2022,1,은천동,11620605,92988,120931,65045,776212
2022,1,을지로동,11140605,154362,211481,97243,611524
2022,1,응봉동,11200580,109042,105982,112101,553662
2022,1,응암1동,11380580,107351,137727,76975,1109863
2022,1,응암2동,11380590,136926,154897,118954,755247
2022,1,응암3동,11380600,86796,113824,59767,752773
2022,1,이문1동,11230740,93561,121820,65303,1039602
2022,1,이문2동,11230750,72622,91139,54105,723890
2022,1,이촌1동,11170630,222481,276824,168137,2872767
2022,1,이촌2동,11170640,116845,116845,,1205543
2022,1,이태원1동,11170650,163576,187681,139470,582899
2022,1,이태원2동,11170660,143911,171719,116102,874243
2022,1,이화동,11110640,129072,173541,84604,782395
2022,1,인수동,11305660,58998,65559,52438,2998011
2022,1,인헌동,11620625,117287,160560,74015,1089078
2022,1,일원1동,11680730,99879,149151,50607,953471
2022,1,일원2동,11680740,183093,273176,93010,1300290
2022,1,일원본동,11680720,147191,205709,88672,2354625
2022,1,자양1동,11215820,110621,147512,73731,568868
2022,1,자양2동,11215830,101911,109520,94303,1657523
2022,1,자양3동,11215840,104394,123819,84969,1196419
2022,1,자양4동,11215847,121484,146960,96008,1180023
2022,1,잠실2동,11710670,314467,414660,214275,2686850
2022,1,잠실3동,11710680,232742,268049,197435,1542643
2022,1,잠실4동,11710690,295681,421926,169436,780204
2022,1,잠실6동,11710710,177729,201527,153931,1508001
2022,1,잠실7동,11710720,234877,234877,,723486
2022,1,잠실본동,11710650,137223,181131,93315,1028997
2022,1,잠원동,11650540,134949,146958,122940,1756867
2022,1,장안1동,11230650,81861,101411,62312,1342167
2022,1,장안2동,11230660,87857,114627,61087,996640
2022,1,장위1동,11290760,60909,76714,45105,708546
2022,1,장위2동,11290770,86116,92833,79399,679894
2022,1,장위3동,11290780,149127,170364,127890,652601
2022,1,장지동,11710646,114723,118354,111092,1278355
2022,1,장충동,11140580,114721,128740,100703,1017925
2022,1,전농1동,11230560,103697,117132,90263,1126695
2022,1,전농2동,11230570,111610,131684,91536,977568
2022,1,정릉1동,11290620,83929,86736,81122,412365
2022,1,정릉2동,11290630,87021,96942,77099,1094889
2022,1,정릉3동,11290640,81621,72298,90943,3327126
2022,1,정릉4동,11290650,100053,145843,54262,3570914
2022,1,제기동,11230545,104097,139900,68295,1181705
2022,1,조원동,11620725,85240,106001,64478,666607
2022,1,종로1234가동,11110615,193808,253334,134283,2417171
2022,1,종로56가동,11110630,261380,258320,264440,603167
2022,1,종암동,11290705,98582,102614,94549,1404527
2022,1,중계1동,11350621,128155,159770,96540,623451
2022,1,중계23동,11350625,121898,161738,82058,919083
2022,1,중계4동,11350624,99598,139997,59199,1519449
2022,1,중계본동,11350619,103329,136511,70146,2183234
2022,1,중곡1동,11215740,100519,133320,67718,614505
2022,1,중곡2동,11215750,91914,121131,62697,545542
2022,1,중곡3동,11215760,83936,123865,44006,601866
2022,1,중곡4동,11215770,98644,130285,67004,2313468
2022,1,중림동,11140680,144207,149100,139315,484384
2022,1,중앙동,11620615,90251,118580,61922,384728
2022,1,중화1동,11260600,99899,78642,121156,641493
2022,1,중화2동,11260610,84915,104572,65259,1016955
2022,1,증산동,11380640,85705,81875,89535,807409
2022,1,진관동,11380690,118019,142515,93524,11565110
2022,1,창1동,11320511,115730,128929,102530,1122171
2022,1,창2동,11320512,90160,87917,92404,654442
2022,1,창3동,11320513,67899,83160,52638,655485
2022,1,창4동,11320514,135777,199203,72350,1140172
2022,1,창5동,11320515,109589,160072,59106,701480
2022,1,창신1동,11110670,174189,217466,130913,305337
2022,1,창신2동,11110680,95290,126835,63746,257323
2022,1,창신3동,11110690,84071,97560,70581,216835
2022,1,천연동,11410520,105996,151234,60758,982817
2022,1,천호1동,11740600,81670,98530,64810,668998
2022,1,천호2동,11740610,106435,129227,83644,1850853
2022,1,천호3동,11740620,109099,128748,89449,561872
2022,1,청구동,11140645,135753,163984,107522,342571
2022,1,청담동,11680565,152158,187854,116463,2329217
2022,1,청량리동,11230705,103385,126859,79910,1204398
2022,1,청룡동,11620595,119617,147749,91484,1195604
2022,1,청림동,11620545,118645,126705,110584,297155
2022,1,청운효자동,11110515,129755,181103,78407,2568432
2022,1,청파동,11170555,111102,130973,91231,886225
2022,1,충현동,11410565,116239,135008,97470,1116001
2022,1,평창동,11110560,92288,115285,69292,8947328
2022,1,풍납1동,11710510,113131,127215,99047,1075294
2022,1,풍납2동,11710520,119451,133705,105198,2564554
2022,1,필동,11140570,141332,182888,99777,1464686
2022,1,하계1동,11350611,99187,102436,95937,1527061
2022,1,하계2동,11350612,140897,185044,96749,500023
2022,1,한강로동,11170625,141339,163001,119677,2869816
2022,1,한남동,11170685,133206,155337,111075,3031897
2022,1,합정동,11440680,131301,157044,105558,1712389
2022,1,항동,11530800,,,,1446941
2022,1,행당1동,11200560,119981,135400,104561,573566
2022,1,행당2동,11200570,149490,182949,116031,457669
2022,1,행운동,11620575,104313,132907,75719,718235
2022,1,혜화동,11110650,127588,165956,89220,1132421
2022,1,홍은1동,11410660,100168,92723,107612,1615140
2022,1,홍은2동,11410685,97379,107874,86883,2075085
2022,1,홍제1동,11410620,117055,135008,99102,1235632
2022,1,홍제2동,11410655,122350,144229,100472,699978
2022,1,홍제3동,11410640,95467,110191,80742,1192508
2022,1,화곡1동,11500540,101126,117464,84787,1197746
2022,1,화곡2동,11500550,74874,83321,66427,454621
2022,1,화곡3동,11500560,118166,151577,84755,521858
2022,1,화곡4동,11500570,87322,119235,55409,852049
2022,1,화곡6동,11500591,120430,141598,99261,1037911
2022,1,화곡8동,11500593,104719,138777,70661,593322
2022,1,화곡본동,11500590,97376,102381,92371,972735
2022,1,화양동,11215710,154412,191960,116864,1166008
2022,1,황학동,11140670,128055,150076,106035,328640
2022,1,회기동,11230710,106773,149331,64215,766917
2022,1,회현동,11140540,316406,363294,269518,897827
2022,1,효창동,11170580,102735,118462,87009,446197
2022,1,후암동,11170510,104824,130815,78834,865892
2022,1,휘경1동,11230720,125539,183683,67395,521796
2022,1,휘경2동,11230730,72089,83336,60842,1113609
2022,1,흑석동,11590605,117378,141963,92792,1708306
2022,2,가락1동,11710631,156185,148351,164018,1393228
2022,2,가락2동,11710632,184975,193575,176375,932311
2022,2,가락본동,11710620,148616,179552,117680,1014738
2022,2,가리봉동,11530595,118873,108715,129030,410996
2022,2,가산동,11545510,107505,134211,80799,2512852
2022,2,가양1동,11500603,171312,225670,116955,4970691
2022,2,가양2동,11500604,139028,183135,94920,823874
2022,2,가양3동,11500605,102949,,102949,474228
2022,2,가회동,11110600,133865,189990,77740,539955
2022,2,갈현1동,11380551,113885,150602,77167,961071
2022,2,갈현2동,11380552,110737,113939,107535,985165
2022,2,강일동,11740515,154170,225598,82743,3647520
2022,2,개봉1동,11530740,84761,107296,62226,1320319
2022,2,개봉2동,11530750,113123,125830,100416,782524
2022,2,개봉3동,11530760,92190,98221,86158,828418
2022,2,개포1동,11680660,,,,1449952
2022,2,개포2동,11680670,191545,182667,200422,2243338
2022,2,개포4동,11680690,86304,104084,68524,1665461
2022,2,거여1동,11710531,112107,148091,76123,522308
2022,2,거여2동,11710532,201260,215959,186561,612901
2022,2,고덕1동,11740550,108252,155779,60725,1518495
2022,2,고덕2동,11740560,194324,213521,175126,2206786
2022,2,고척1동,11530720,85068,111397,58739,1151238
2022,2,고척2동,11530730,60889,83064,38713,1025572
2022,2,공덕동,11440565,128703,139096,118311,1019197
2022,2,공릉1동,11350595,89522,112640,66404,1263261
2022,2,공릉2동,11350600,106918,126850,86987,6983449
2022,2,공항동,11500620,128890,98977,158802,10861768
2022,2,광장동,11215810,126380,149880,102880,2393761
2022,2,광희동,11140590,210655,247041,174268,737204
2022,2,교남동,11110580,203425,244185,162665,346926
2022,2,구로1동,11530520,119622,154719,84525,1008892
2022,2,구로2동,11530530,115848,146889,84806,1703350
2022,2,구로3동,11530540,178610,199316,157904,1040120
2022,2,구로4동,11530550,111960,152106,71814,524507
2022,2,구로5동,11530560,113081,122956,103205,1012473
2022,2,구산동,11380560,104536,125707,83366,1389775
2022,2,구의1동,11215850,101022,126612,75433,565313
2022,2,구의2동,11215860,102145,121444,82845,1388041
2022,2,구의3동,11215870,118826,134738,102915,1027561
2022,2,군자동,11215730,110838,115133,106543,738025
2022,2,금호1가동,11200590,121085,115913,126256,444872
2022,2,금호23가동,11200615,152781,185343,120219,631196
2022,2,금호4가동,11200620,80373,105020,55725,832333
2022,2,길동,11740685,95622,118929,72315,1631616
2022,2,길음1동,11290660,199311,234705,163916,797310
2022,2,길음2동,11290685,92266,96153,88379,588002
2022,2,낙성대동,11620585,143512,167884,119140,2262818
2022,2,난곡동,11620775,112802,128783,96821,972373
2022,2,난향동,11620715,38723,,38723,821397
2022,2,남가좌1동,11410690,148558,148643,148473,475536
2022,2,남가좌2동,11410700,81091,99421,62762,783775
2022,2,남영동,11170530,193635,161532,225738,1177788
2022,2,남현동,11620630,139153,200838,77467,3281024
2022,2,내곡동,11650660,136648,136648,,12708880
2022,2,노량진1동,11590510,128683,147849,109516,1613446
2022,2,노량진2동,11590520,311838,362093,261583,600568
2022,2,녹번동,11380510,98095,118513,77677,1794215
2022,2,논현1동,11680521,159767,178975,140559,1258744
2022,2,논현2동,11680531,145514,172567,118462,1458524
2022,2,능동,11215780,134779,164330,105229,1092105
2022,2,다산동,11140625,182588,204853,160322,523971
2022,2,답십리1동,11230600,109733,125726,93740,788242
2022,2,답십리2동,11230610,78728,86780,70675,875745
2022,2,당산1동,11560550,90731,127868,53593,745305
2022,2,당산2동,11560560,140273,160723,119824,1581310
2022,2,대림1동,11560700,117164,102086,132242,498978
2022,2,대림2동,11560710,147618,200531,94705,572540
2022,2,대림3동,11560720,80585,97187,63984,921696
2022,2,대방동,11590660,111741,144865,78616,1544903
2022,2,대조동,11380570,112524,123220,101829,851692
2022,2,대치1동,11680600,207314,259609,155019,809823
2022,2,대치2동,11680610,146490,173370,119610,1837367
2022,2,대치4동,11680630,172237,229327,115147,701081
2022,2,대학동,11620735,90824,122235,59414,8405183
2022,2,대흥동,11440600,154429,173827,135031,858570
2022,2,도곡1동,11680655,169669,190019,149320,1050609
2022,2,도곡2동,11680656,160503,171415,149591,990763
2022,2,도림동,11560585,84893,98450,71336,585885
2022,2,도봉1동,11320521,98132,108866,87398,8451468
2022,2,도봉2동,11320522,87237,116185,58288,1119031
2022,2,도화동,11440585,146430,211494,81366,625018
2022,2,독산1동,11545610,89245,104696,73795,2061921
2022,2,독산2동,11545620,65909,89792,42026,617174
2022,2,독산3동,11545630,78067,97655,58480,934985
2022,2,독산4동,11545640,73022,91445,54599,591045
2022,2,돈암1동,11290580,214069,153648,274491,488898
2022,2,돈암2동,11290590,,,,518335
2022,2,동선동,11290575,127516,151767,103265,724957
2022,2,동화동,11140665,169338,142329,196348,327045
2022,2,둔촌1동,11740690,,,,912178
2022,2,둔촌2동,11740700,81769,113461,50077,1550455
2022,2,등촌1동,11500520,119297,149542,89053,650741
2022,2,등촌2동,11500530,128159,123828,132490,910666
2022,2,등촌3동,11500535,130584,175665,85503,1060362
2022,2,마장동,11200540,123090,169017,77164,1035276
2022,2,마천1동,11710540,90598,149422,31774,575258
2022,2,마천2동,11710550,107729,119518,95940,890688
2022,2,망우3동,11260660,73096,84867,61324,962561
2022,2,망우본동,11260655,87276,110881,63671,2948109
2022,2,망원1동,11440690,136665,148355,124974,1101005
2022,2,망원2동,11440700,110764,135507,86021,676411
2022,2,면목2동,11260520,67860,90534,45186,763122
2022,2,면목38동,11260575,108308,114037,102579,1614117
2022,2,면목4동,11260540,71319,92485,50153,843466
2022,2,면목5동,11260550,84878,99159,70596,704936
2022,2,면목7동,11260570,103389,122826,83951,1236134
2022,2,면목본동,11260565,96630,112891,80369,849019
2022,2,명동,11140550,219685,238028,201342,969729
2022,2,명일1동,11740530,93197,129071,57323,634942
2022,2,명일2동,11740540,113787,167250,60324,914329
2022,2,목1동,11470510,133144,179690,86598,1433111
2022,2,목2동,11470520,107766,138435,77097,1021355
2022,2,목3동,11470530,110789,121097,100481,531850
2022,2,목4동,11470540,102858,123033,82683,577493
2022,2,목5동,11470550,188400,275461,101339,1766361
2022,2,무악동,11110570,249448,249448,,369520
2022,2,묵1동,11260620,100167,126550,73784,1238436
2022,2,묵2동,11260630,59016,81094,36938,669204
2022,2,문래동,11560605,115418,133357,97478,1786708
2022,2,문정1동,11710641,133115,161326,104905,612546
2022,2,문정2동,11710642,175525,218821,132229,2242033
2022,2,미성동,11620765,90481,98075,82886,1359429
2022,2,미아동,11305535,97590,117530,77650,841204
2022,2,반포1동,11650560,127552,150485,104618,992368
2022,2,반포2동,11650570,265063,346711,183415,1396031
2022,2,반포3동,11650580,163073,249035,77111,1251708
2022,2,반포4동,11650581,180514,193003,168024,1427141
2022,2,반포본동,11650550,100722,119239,82205,972536
2022,2,발산1동,11500611,121378,165732,77024,2887669
2022,2,방배1동,11650600,141044,158811,123277,689244
2022,2,방배2동,11650610,120969,131648,110289,1904030
2022,2,방배3동,11650620,107193,93147,121240,2375134
2022,2,방배4동,11650621,116684,150660,82708,949527
2022,2,방배본동,11650590,109489,143365,75614,677510
2022,2,방이1동,11710561,130918,133130,128706,609259
2022,2,방이2동,11710562,179249,238842,119657,769841
2022,2,방학1동,11320690,79528,104580,54475,1040857
2022,2,방학2동,11320700,69667,95218,44117,1092814
2022,2,방학3동,11320710,88791,111712,65870,1951026
2022,2,방화1동,11500630,96053,127589,64518,1475606
2022,2,방화2동,11500640,78663,88327,68998,6157541
2022,2,방화3동,11500641,133672,221209,46135,2558908
2022,2,번1동,11305595,100854,104548,97161,627036
2022,2,번2동,11305603,106151,106151,,974298
2022,2,번3동,11305608,78301,108705,47897,1081177
2022,2,보광동,11170700,157145,130762,183529,715096
2022,2,보라매동,11620525,128252,133107,123397,750225
2022,2,보문동,11290610,93423,89500,97346,553006
2022,2,부암동,11110550,74155,93432,54879,2274739
2022,2,북가좌1동,11410710,188126,91191,285061,577979
2022,2,북가좌2동,11410720,78986,86076,71897,824866
2022,2,북아현동,11410555,112307,143050,81563,458945
2022,2,불광1동,11380520,86557,119557,53557,3124927
2022,2,불광2동,11380530,106037,104055,108018,1396089
2022,2,사근동,11200550,144014,178792,109235,1169216
2022,2,사당1동,11590620,155343,161417,149269,635172
2022,2,사당2동,11590630,129512,172888,86137,2763201
2022,2,사당3동,11590640,124486,186923,62050,907684
2022,2,사당4동,11590650,144076,144076,,436148
2022,2,사당5동,11590651,92158,110609,73708,682199
2022,2,사직동,11110530,162108,217048,107167,1158536
2022,2,삼각산동,11305575,118574,136534,100614,621911
2022,2,삼선동,11290555,100657,117521,83793,926227
2022,2,삼성1동,11680580,229029,208150,249909,1944629
2022,2,삼성2동,11680590,172541,178432,166651,1242271
2022,2,삼성동,11620745,86687,111914,61460,2604386
2022,2,삼양동,11305534,102968,120556,85381,924092
2022,2,삼전동,11710610,131637,140300,122974,953338
2022,2,삼청동,11110540,161693,180283,143103,1479255
2022,2,상계10동,11350720,141792,141792,,809214
2022,2,상계1동,11350630,96476,138751,54201,5402614
2022,2,상계2동,11350640,100766,135660,65871,623125
2022,2,상계34동,11350665,118445,100126,136764,5211708
2022,2,상계5동,11350670,71250,92082,50417,906891
2022,2,상계67동,11350695,169862,202319,137405,1450295
2022,2,상계8동,11350700,67005,,67005,666348
2022,2,상계9동,11350710,103942,133385,74500,719445
2022,2,상도1동,11590530,122721,132034,113407,1488648
2022,2,상도2동,11590540,119220,128226,110214,772865
2022,2,상도3동,11590550,93133,113632,72635,637199
2022,2,상도4동,11590560,86176,107707,64645,939562
2022,2,상봉1동,11260580,86825,106448,67203,854219
2022,2,상봉2동,11260590,86606,107476,65736,677445
2022,2,상암동,11440740,168863,206354,131371,8402415
2022,2,상일동,11740520,148708,200900,96517,1813623
2022,2,서강동,11440655,173619,199102,148136,1478577
2022,2,서교동,11440660,155220,177627,132812,1678981
2022,2,서림동,11620665,80376,87393,73359,941252
2022,2,서빙고동,11170690,127315,127315,,2821948
2022,2,서원동,11620645,169527,226595,112460,647532
2022,2,서초1동,11650510,127816,135125,120507,1382685
2022,2,서초2동,11650520,177251,214070,140432,1230924
2022,2,서초3동,11650530,134876,166016,103736,2998572
2022,2,서초4동,11650531,168005,202912,133097,879773
2022,2,석관동,11290810,97495,137873,57118,1705061
2022,2,석촌동,11710600,185771,207803,163740,946914
2022,2,성내1동,11740640,83287,115834,50740,663675
2022,2,성내2동,11740650,114687,118342,111032,625147
2022,2,성내3동,11740660,94845,113885,75804,647356
2022,2,성북동,11290525,105381,133602,77159,2879912
2022,2,성산1동,11440720,101530,115632,87428,859254
2022,2,성산2동,11440730,140311,142073,138549,1978724
2022,2,성수1가1동,11200650,101051,97797,104305,1885875
2022,2,성수1가2동,11200660,151597,140979,162215,930086
2022,2,성수2가1동,11200670,103112,115566,90658,1184964
2022,2,성수2가3동,11200690,156801,173298,140305,1054501
2022,2,성현동,11620565,103802,103472,104132,678223
2022,2,세곡동,11680700,144580,157169,131991,6367772
2022,2,소공동,11140520,205770,264612,146929,943795
2022,2,송정동,11200720,105281,131774,78787,681916
2022,2,송중동,11305545,102114,132481,71746,1075796
2022,2,송천동,11305555,94410,109015,79804,929913
2022,2,송파1동,11710580,172612,203098,142126,686925
2022,2,송파2동,11710590,132918,157621,108216,631023
2022,2,수궁동,11530790,89412,114965,63859,2661352
2022,2,수색동,11380650,111475,97751,125199,1290258
2022,2,수서동,11680750,206036,225950,186121,1629403
2022,2,수유1동,11305615,71406,112576,30236,1649963
2022,2,수유2동,11305625,96113,126329,65896,581617
2022,2,수유3동,11305635,102631,119135,86127,745645
2022,2,숭인1동,11110700,93260,117991,68528,239396
2022,2,숭인2동,11110710,136750,169093,104407,351906
2022,2,시흥1동,11545670,83070,119198,46942,1524148
2022,2,시흥2동,11545680,89154,101366,76943,1308882
2022,2,시흥3동,11545690,73296,107914,38677,1261391
2022,2,시흥4동,11545700,99480,99480,,821709
2022,2,시흥5동,11545710,119757,118114,121400,1386972
2022,2,신길1동,11560630,97261,104849,89674,722925
2022,2,신길3동,11560650,92443,108606,76281,520083
2022,2,신길4동,11560660,93345,78632,108057,292127
2022,2,신길5동,11560670,108913,108913,,494653
2022,2,신길6동,11560680,92327,107917,76737,653511
2022,2,신길7동,11560690,108502,107004,110000,642487
2022,2,신내1동,11260680,109849,138560,81138,2606949
2022,2,신내2동,11260690,135636,200122,71149,911281
2022,2,신당5동,11140650,150670,187317,114023,319706
2022,2,신당동,11140615,389083,393845,384321,534942
2022,2,신대방1동,11590670,97676,122903,72448,675281
2022,2,신대방2동,11590680,139831,155619,124043,977033
2022,2,신도림동,11530510,124753,162231,87275,1392788
2022,2,신림동,11620695,151055,204602,97507,541240
2022,2,신사1동,11380631,85253,100307,70200,808314
2022,2,신사2동,11380632,63436,78375,48497,1046222
2022,2,신사동,11620685,87960,119795,56126,641031
2022,2,신사동,11680510,177976,241995,113956,2059234
2022,2,신수동,11440630,142908,147765,138051,797879
2022,2,신원동,11620655,80229,120557,39901,544977
2022,2,신월1동,11470560,77293,80181,74404,622400
2022,2,신월2동,11470570,76971,87360,66582,606811
2022,2,신월3동,11470580,51682,58889,44475,918039
2022,2,신월4동,11470590,66337,84263,48411,469873
2022,2,신월5동,11470600,92908,85519,100297,638302
2022,2,신월6동,11470610,126305,141739,110871,444286
2022,2,신월7동,11470611,55896,77815,33978,1230628
2022,2,신정1동,11470620,85799,115921,55677,747568
2022,2,신정2동,11470630,87786,112751,62822,525899
2022,2,신정3동,11470640,123936,188206,59665,2756536
2022,2,신정4동,11470650,107515,114870,100160,997144
2022,2,신정6동,11470670,130244,189591,70897,940885
2022,2,신정7동,11470680,106379,105471,107287,1234130
2022,2,신촌동,11410585,124398,143957,104838,2720364
2022,2,쌍문1동,11320660,68229,73755,62704,1175774
2022,2,쌍문2동,11320670,95574,115840,75308,541193
2022,2,쌍문3동,11320680,83488,87349,79627,504805
2022,2,쌍문4동,11320681,92602,118890,66314,554868
2022,2,아현동,11440555,152550,213923,91177,744328
2022,2,안암동,11290600,126182,179590,72775,1379571
2022,2,암사1동,11740570,102428,115175,89681,735480
2022,2,암사2동,11740580,114385,161972,66799,2174329
2022,2,암사3동,11740590,158368,127753,188984,1799368
2022,2,압구정동,11680545,164654,205144,124164,2345057
2022,2,약수동,11140635,158497,202839,114154,486369
2022,2,양재1동,11650651,106248,144132,68365,5765358
2022,2,양재2동,11650652,90386,100229,80543,7562268
2022,2,양평1동,11560610,91972,106391,77552,974912
2022,2,양평2동,11560620,111889,122417,101361,2874596
2022,2,여의동,11560540,145004,189147,100860,8437543
2022,2,역삼1동,11680640,163691,169994,157389,2362133
2022,2,역삼2동,11680650,171670,211142,132198,1135029
2022,2,역촌동,11380625,91064,114006,68122,1157542
2022,2,연남동,11440710,159504,166919,152088,647438
2022,2,연희동,11410615,96148,103581,88715,2929172
2022,2,염리동,11440610,158127,175774,140481,491468
2022,2,염창동,11500510,109564,134910,84218,1732856
2022,2,영등포동,11560535,120727,146160,95294,1372094
2022,2,영등포본동,11560515,104170,112800,95540,846370
2022,2,오금동,11710570,128448,153734,103161,1648868
2022,2,오류1동,11530770,106458,139076,73841,727414
2022,2,오류2동,11530780,94613,118376,70849,3061018
2022,2,오륜동,11710566,271684,271684,,3085088
2022,2,옥수동,11200645,153794,168638,138951,1922027
2022,2,왕십리2동,11200520,131024,174785,87264,372425
2022,2,왕십리도선동,11200535,130851,174996,86706,710285
2022,2,용강동,11440590,166892,214126,119658,790602
2022,2,용답동,11200790,128405,162584,94227,2377148
2022,2,용문동,11170590,112523,151847,73199,277531
2022,2,용산2가동,11170520,95160,105013,85306,1966853
2022,2,용신동,11230536,90275,101233,79318,1618399
2022,2,우이동,11305645,62514,85197,39831,10587752
2022,2,우장산동,11500615,128684,129653,127715,1261588
2022,2,원효로1동,11170560,110292,128035,92549,589017
2022,2,원효로2동,11170570,113690,99577,127803,708975
2022,2,월계1동,11350560,83281,124702,41860,1107461
2022,2,월계2동,11350570,89003,127821,50185,2004785
2022,2,월계3동,11350580,184009,,184009,1168283
2022,2,월곡1동,11290715,82241,84887,79596,801757
2022,2,월곡2동,11290725,98819,111896,85742,1364901
2022,2,위례동,11710647,214923,261129,168717,2537372
2022,2,은천동,11620605,83179,108961,57398,776212
2022,2,을지로동,11140605,175964,238229,113699,611524
2022,2,응봉동,11200580,109681,109681,,553662
2022,2,응암1동,11380580,109528,127226,91830,1109863
2022,2,응암2동,11380590,140653,135770,145536,755247
2022,2,응암3동,11380600,83350,101502,65197,752773
2022,2,이문1동,11230740,92315,116437,68193,1039602
2022,2,이문2동,11230750,89992,120347,59637,723890
2022,2,이촌1동,11170630,217392,315971,118813,2872767
2022,2,이촌2동,11170640,80615,80615,,1205543
2022,2,이태원1동,11170650,165601,193422,137779,582899
2022,2,이태원2동,11170660,195088,221164,169011,874243
2022,2,이화동,11110640,178553,201957,155149,782395
2022,2,인수동,11305660,65242,61532,68953,2998011
2022,2,인헌동,11620625,117476,152854,82098,1089078
2022,2,일원1동,11680730,113167,165038,61297,953471
2022,2,일원2동,11680740,95836,,95836,1300290
2022,2,일원본동,11680720,234766,234766,,2354625
2022,2,자양1동,11215820,105663,138559,72767,568868
2022,2,자양2동,11215830,112462,105930,118995,1657523
2022,2,자양3동,11215840,102945,117062,88827,1196419
2022,2,자양4동,11215847,141243,161519,120968,1180023
2022,2,잠실2동,11710670,251051,320240,181862,2686850
2022,2,잠실3동,11710680,208915,260264,157566,1542643
2022,2,잠실4동,11710690,151571,,151571,780204
2022,2,잠실6동,11710710,180916,249987,111845,1508001
2022,2,잠실7동,11710720,229044,229044,,723486
2022,2,잠실본동,11710650,152024,184569,119479,1028997
2022,2,잠원동,11650540,133205,128734,137677,1756867
2022,2,장안1동,11230650,82337,101635,63039,1342167
2022,2,장안2동,11230660,88484,109467,67501,996640
2022,2,장위1동,11290760,63814,82768,44860,708546
2022,2,장위2동,11290770,67688,67470,67906,679894
2022,2,장위3동,11290780,122056,142855,101257,652601
2022,2,장지동,11710646,135224,148130,122318,1278355
2022,2,장충동,11140580,141175,168493,113857,1017925
2022,2,전농1동,11230560,94905,128463,61347,1126695
2022,2,전농2동,11230570,100342,123349,77336,977568
2022,2,정릉1동,11290620,100005,132231,67778,412365
2022,2,정릉2동,11290630,81847,81067,82627,1094889
2022,2,정릉3동,11290640,55510,55510,,3327126
2022,2,정릉4동,11290650,88570,124493,52647,3570914
2022,2,제기동,11230545,99202,129094,69311,1181705
2022,2,조원동,11620725,93956,108213,79700,666607
2022,2,종로1234가동,11110615,201789,259160,144418,2417171
2022,2,종로56가동,11110630,299121,283696,314545,603167
2022,2,종암동,11290705,114409,116998,111821,1404527
2022,2,중계1동,11350621,158847,175386,142308,623451
2022,2,중계23동,11350625,146276,190370,102182,919083
2022,2,중계4동,11350624,84809,127031,42586,1519449
2022,2,중계본동,11350619,126381,185718,67044,2183234
2022,2,중곡1동,11215740,102622,148120,57124,614505
2022,2,중곡2동,11215750,91703,113266,70140,545542
2022,2,중곡3동,11215760,76231,98474,53989,601866
2022,2,중곡4동,11215770,104780,117883,91677,2313468
2022,2,중림동,11140680,168538,195949,141127,484384
2022,2,중앙동,11620615,106266,149967,62565,384728
2022,2,중화1동,11260600,80918,84897,76939,641493
2022,2,중화2동,11260610,73786,95653,51920,1016955
2022,2,증산동,11380640,108216,97958,118474,807409
2022,2,진관동,11380690,137584,146378,128791,11565110
2022,2,창1동,11320511,102065,115719,88410,1122171
2022,2,창2동,11320512,95211,80410,110012,654442
2022,2,창3동,11320513,79163,92663,65663,655485
2022,2,창4동,11320514,157190,239532,74849,1140172
2022,2,창5동,11320515,107913,155684,60142,701480
2022,2,창신1동,11110670,187331,237234,137427,305337
2022,2,창신2동,11110680,104308,111575,97041,257323
2022,2,창신3동,11110690,74261,81483,67038,216835
2022,2,천연동,11410520,97650,129931,65369,982817
2022,2,천호1동,11740600,88698,99008,78388,668998
2022,2,천호2동,11740610,107863,118530,97195,1850853
2022,2,천호3동,11740620,112578,121632,103524,561872
2022,2,청구동,11140645,161939,221408,102470,342571
2022,2,청담동,11680565,165520,205342,125698,2329217
2022,2,청량리동,11230705,102843,124920,80767,1204398
2022,2,청룡동,11620595,119092,155823,82361,1195604
2022,2,청림동,11620545,119107,119107,,297155
2022,2,청운효자동,11110515,147878,212258,83498,2568432
2022,2,청파동,11170555,103149,128682,77615,886225
2022,2,충현동,11410565,112100,119371,104828,1116001
2022,2,평창동,11110560,110528,148983,72074,8947328
2022,2,풍납1동,11710510,163693,177366,150020,1075294
2022,2,풍납2동,11710520,132170,135014,129327,2564554
2022,2,필동,11140570,166904,212668,121140,1464686
2022,2,하계1동,11350611,97928,99886,95970,1527061
2022,2,하계2동,11350612,144581,186909,102254,500023
2022,2,한강로동,11170625,143376,158722,128030,2869816
2022,2,한남동,11170685,115832,118259,113405,3031897
2022,2,합정동,11440680,131065,157607,104523,1712389
2022,2,항동,11530800,,,,1446941
2022,2,행당1동,11200560,126856,147319,106394,573566
2022,2,행당2동,11200570,139321,191117,87526,457669
2022,2,행운동,11620575,105315,119552,91079,718235
2022,2,혜화동,11110650,147355,168585,126126,1132421
2022,2,홍은1동,11410660,88513,90998,86028,1615140
2022,2,홍은2동,11410685,102958,104533,101383,2075085
2022,2,홍제1동,11410620,113723,140314,87133,1235632
2022,2,홍제2동,11410655,96190,129891,62489,699978
2022,2,홍제3동,11410640,99032,104279,93786,1192508
2022,2,화곡1동,11500540,95408,113986,76830,1197746
2022,2,화곡2동,11500550,64799,79364,50234,454621
2022,2,화곡3동,11500560,106652,151306,61998,521858
2022,2,화곡4동,11500570,86839,124082,49595,852049
2022,2,화곡6동,11500591,130795,133155,128435,1037911
2022,2,화곡8동,11500593,96338,116517,76159,593322
2022,2,화곡본동,11500590,100660,105979,95342,972735
2022,2,화양동,11215710,163200,205529,120870,1166008
2022,2,황학동,11140670,120619,144120,97118,328640
2022,2,회기동,11230710,102687,129134,76240,766917
2022,2,회현동,11140540,300115,321253,278978,897827
2022,2,효창동,11170580,87821,113461,62181,446197
2022,2,후암동,11170510,94503,123687,65319,865892
2022,2,휘경1동,11230720,114367,174392,54343,521796
2022,2,휘경2동,11230730,80105,100457,59753,1113609
2022,2,흑석동,11590605,110760,129778,91742,1708306
2022,3,가락1동,11710631,168222,122483,213960,1393228
2022,3,가락2동,11710632,191125,204064,178186,932311
2022,3,가락본동,11710620,155378,177476,133281,1014738
2022,3,가리봉동,11530595,144893,156536,133250,410996
2022,3,가산동,11545510,107141,132819,81463,2512852
2022,3,가양1동,11500603,166543,225998,107088,4970691
2022,3,가양2동,11500604,219611,372896,66326,823874
2022,3,가양3동,11500605,95560,90831,100289,474228
2022,3,가회동,11110600,147693,202463,92922,539955
2022,3,갈현1동,11380551,95955,144272,47639,961071
2022,3,갈현2동,11380552,127820,111616,144024,985165
2022,3,강일동,11740515,144400,198375,90425,3647520
2022,3,개봉1동,11530740,103078,114975,91180,1320319
2022,3,개봉2동,11530750,126246,127120,125373,782524
2022,3,개봉3동,11530760,109290,135504,83075,828418
2022,3,개포1동,11680660,127270,213467,41072,1449952
2022,3,개포2동,11680670,187224,186953,187495,2243338
2022,3,개포4동,11680690,93700,106332,81067,1665461
2022,3,거여1동,11710531,111591,158995,64187,522308
2022,3,거여2동,11710532,135223,198644,71803,612901
2022,3,고덕1동,11740550,132055,209603,54506,1518495
2022,3,고덕2동,11740560,231542,283082,180002,2206786
2022,3,고척1동,11530720,101653,142359,60948,1151238
2022,3,고척2동,11530730,90797,112131,69464,1025572
2022,3,공덕동,11440565,128042,145739,110346,1019197
2022,3,공릉1동,11350595,93234,110138,76330,1263261
2022,3,공릉2동,11350600,112790,136246,89333,6983449
2022,3,공항동,11500620,104092,96218,111967,10861768
2022,3,광장동,11215810,143548,180317,106779,2393761
2022,3,광희동,11140590,242253,254007,230500,737204
2022,3,교남동,11110580,217880,288201,147558,346926
2022,3,구로1동,11530520,115374,144089,86659,1008892
2022,3,구로2동,11530530,125348,149579,101117,1703350
2022,3,구로3동,11530540,207405,246906,167904,1040120
2022,3,구로4동,11530550,113008,151429,74588,524507
2022,3,구로5동,11530560,127289,154149,100429,1012473
2022,3,구산동,11380560,123740,121586,125894,1389775
2022,3,구의1동,11215850,107183,129077,85288,565313
2022,3,구의2동,11215860,92023,113776,70271,1388041
2022,3,구의3동,11215870,118888,135040,102736,1027561
2022,3,군자동,11215730,115789,113547,118031,738025
2022,3,금호1가동,11200590,132862,135960,129765,444872
2022,3,금호23가동,11200615,173882,229709,118055,631196
2022,3,금호4가동,11200620,187159,187250,187068,832333
2022,3,길동,11740685,94144,114398,73891,1631616
2022,3,길음1동,11290660,165365,158123,172607,797310
2022,3,길음2동,11290685,96376,107696,85057,588002
2022,3,낙성대동,11620585,128463,168376,88550,2262818
2022,3,난곡동,11620775,103785,117621,89948,972373
2022,3,난향동,11620715,113971,193590,34353,821397
2022,3,남가좌1동,11410690,123826,152834,94819,475536
2022,3,남가좌2동,11410700,89404,110929,67879,783775
2022,3,남영동,11170530,173996,155886,192106,1177788
2022,3,남현동,11620630,164489,201078,127900,3281024
2022,3,내곡동,11650660,365400,158087,572714,12708880
2022,3,노량진1동,11590510,115523,117754,113291,1613446
2022,3,노량진2동,11590520,306173,329648,282698,600568
2022,3,녹번동,11380510,108613,127304,89922,1794215
2022,3,논현1동,11680521,177723,210014,145432,1258744
2022,3,논현2동,11680531,142987,170729,115244,1458524
2022,3,능동,11215780,124504,158619,90389,1092105
2022,3,다산동,11140625,176225,196239,156212,523971
2022,3,답십리1동,11230600,111691,136467,86916,788242
2022,3,답십리2동,11230610,78206,93696,62715,875745
2022,3,당산1동,11560550,97525,121557,73493,745305
2022,3,당산2동,11560560,126399,142548,110249,1581310
2022,3,대림1동,11560700,104550,100461,108638,498978
2022,3,대림2동,11560710,171384,207743,135025,572540
2022,3,대림3동,11560720,98556,116887,80226,921696
2022,3,대방동,11590660,106789,128779,84799,1544903
2022,3,대조동,11380570,101670,135796,67543,851692
2022,3,대치1동,11680600,208099,248375,167824,809823
2022,3,대치2동,11680610,162073,194018,130128,1837367
2022,3,대치4동,11680630,183652,244564,122740,701081
2022,3,대학동,11620735,89865,125284,54446,8405183
2022,3,대흥동,11440600,155713,188189,123236,858570
2022,3,도곡1동,11680655,188617,196748,180487,1050609
2022,3,도곡2동,11680656,150077,166376,133778,990763
2022,3,도림동,11560585,94687,107094,82280,585885
2022,3,도봉1동,11320521,98600,99662,97539,8451468
2022,3,도봉2동,11320522,85146,110325,59968,1119031
2022,3,도화동,11440585,135110,179665,90555,625018
2022,3,독산1동,11545610,88218,101269,75167,2061921
2022,3,독산2동,11545620,58540,70055,47024,617174
2022,3,독산3동,11545630,84179,108489,59868,934985
2022,3,독산4동,11545640,63717,85839,41596,591045
2022,3,돈암1동,11290580,217283,134809,299757,488898
2022,3,돈암2동,11290590,71665,110812,32518,518335
2022,3,동선동,11290575,130328,160492,100164,724957
2022,3,동화동,11140665,189873,167952,211794,327045
2022,3,둔촌1동,11740690,,,,912178
2022,3,둔촌2동,11740700,93867,109900,77833,1550455
2022,3,등촌1동,11500520,112029,138787,85271,650741
2022,3,등촌2동,11500530,97981,115925,80038,910666
2022,3,등촌3동,11500535,128599,171077,86121,1060362
2022,3,마장동,11200540,151073,188076,114069,1035276
2022,3,마천1동,11710540,61986,84291,39681,575258
2022,3,마천2동,11710550,141998,129289,154708,890688
2022,3,망우3동,11260660,65722,92100,39343,962561
2022,3,망우본동,11260655,80768,100622,60913,2948109
2022,3,망원1동,11440690,148392,172226,124558,1101005
2022,3,망원2동,11440700,130352,162656,98048,676411
2022,3,면목2동,11260520,66144,94154,38133,763122
2022,3,면목38동,11260575,105755,106944,104567,1614117
2022,3,면목4동,11260540,76072,102882,49262,843466
2022,3,면목5동,11260550,96179,122454,69903,704936
2022,3,면목7동,11260570,108069,124432,91707,1236134
2022,3,면목본동,11260565,98441,114596,82285,849019
2022,3,명동,11140550,222975,247380,198569,969729
2022,3,명일1동,11740530,98853,133380,64326,634942
2022,3,명일2동,11740540,122474,184277,60670,914329
2022,3,목1동,11470510,135093,178287,91898,1433111
2022,3,목2동,11470520,128645,162408,94883,1021355
2022,3,목3동,11470530,106860,112176,101544,531850
2022,3,목4동,11470540,87550,103071,72028,577493
2022,3,목5동,11470550,177508,251760,103256,1766361
2022,3,무악동,11110570,163768,237267,90270,369520
2022,3,묵1동,11260620,110767,135592,85943,1238436
2022,3,묵2동,11260630,70613,93346,47880,669204
2022,3,문래동,11560605,105558,119302,91813,1786708
2022,3,문정1동,11710641,150999,181952,120047,612546
2022,3,문정2동,11710642,168670,210913,126428,2242033
2022,3,미성동,11620765,95647,117241,74053,1359429
2022,3,미아동,11305535,95094,111705,78482,841204
2022,3,반포1동,11650560,129802,155629,103976,992368
2022,3,반포2동,11650570,253347,304023,202671,1396031
2022,3,반포3동,11650580,141825,209933,73717,1251708
2022,3,반포4동,11650581,192354,204970,179738,1427141
2022,3,반포본동,11650550,111704,117299,106109,972536
2022,3,발산1동,11500611,121170,153602,88737,2887669
2022,3,방배1동,11650600,134204,144003,124406,689244
2022,3,방배2동,11650610,118126,127396,108856,1904030
2022,3,방배3동,11650620,102928,92359,113498,2375134
2022,3,방배4동,11650621,102567,129978,75156,949527
2022,3,방배본동,11650590,112449,147790,77109,677510
2022,3,방이1동,11710561,153237,153222,153253,609259
2022,3,방이2동,11710562,198809,245964,151654,769841
2022,3,방학1동,11320690,88305,118941,57670,1040857
2022,3,방학2동,11320700,67209,84190,50227,1092814
2022,3,방학3동,11320710,77298,101967,52629,1951026
2022,3,방화1동,11500630,97277,129804,64750,1475606
2022,3,방화2동,11500640,70607,89263,51952,6157541
2022,3,방화3동,11500641,127612,213303,41921,2558908
2022,3,번1동,11305595,92729,117599,67859,627036
2022,3,번2동,11305603,71940,109696,34184,974298
2022,3,번3동,11305608,95754,151935,39572,1081177
2022,3,보광동,11170700,107562,122978,92147,715096
2022,3,보라매동,11620525,100617,98021,103213,750225
2022,3,보문동,11290610,101095,95308,106882,553006
2022,3,부암동,11110550,93334,118701,67967,2274739
2022,3,북가좌1동,11410710,212706,106450,318962,577979
2022,3,북가좌2동,11410720,95149,108602,81696,824866
2022,3,북아현동,11410555,99571,116223,82920,458945
2022,3,불광1동,11380520,89235,118862,59607,3124927
2022,3,불광2동,11380530,91860,117910,65810,1396089
2022,3,사근동,11200550,151523,196078,106968,1169216
2022,3,사당1동,11590620,152940,161389,144491,635172
2022,3,사당2동,11590630,132054,186327,77782,2763201
2022,3,사당3동,11590640,138732,195044,82421,907684
2022,3,사당4동,11590650,96272,133309,59235,436148
2022,3,사당5동,11590651,100537,125603,75470,682199
2022,3,사직동,11110530,166024,228857,103192,1158536
2022,3,삼각산동,11305575,147112,141990,152235,621911
2022,3,삼선동,11290555,99877,111729,88025,926227
2022,3,삼성1동,11680580,250055,248466,251645,1944629
2022,3,삼성2동,11680590,195611,208392,182829,1242271
2022,3,삼성동,11620745,64459,94478,34439,2604386
2022,3,삼양동,11305534,109027,132188,85867,924092
2022,3,삼전동,11710610,153146,173339,132953,953338
2022,3,삼청동,11110540,157572,194483,120661,1479255
2022,3,상계10동,11350720,153751,236992,70509,809214
2022,3,상계1동,11350630,95047,134333,55761,5402614
2022,3,상계2동,11350640,119407,137234,101580,623125
2022,3,상계34동,11350665,164045,113723,214367,5211708
2022,3,상계5동,11350670,86051,87387,84716,906891
2022,3,상계67동,11350695,165845,181793,149897,1450295
2022,3,상계8동,11350700,148945,234064,63826,666348
2022,3,상계9동,11350710,117654,153185,82122,719445
2022,3,상도1동,11590530,121528,133176,109879,1488648
2022,3,상도2동,11590540,108697,127003,90390,772865
2022,3,상도3동,11590550,118057,155112,81002,637199
2022,3,상도4동,11590560,87461,110007,64915,939562
2022,3,상봉1동,11260580,72924,107949,37899,854219
2022,3,상봉2동,11260590,83486,106553,60419,677445
2022,3,상암동,11440740,178069,219947,136190,8402415
2022,3,상일동,11740520,155636,198644,112628,1813623
2022,3,서강동,11440655,187627,223686,151567,1478577
2022,3,서교동,11440660,173403,207286,139520,1678981
2022,3,서림동,11620665,67807,84118,51497,941252
2022,3,서빙고동,11170690,77561,94562,60560,2821948
2022,3,서원동,11620645,143638,197865,89412,647532
2022,3,서초1동,11650510,114310,129732,98887,1382685
2022,3,서초2동,11650520,182026,223477,140575,1230924
2022,3,서초3동,11650530,139918,172806,107031,2998572
2022,3,서초4동,11650531,160970,192018,129921,879773
2022,3,석관동,11290810,82884,114590,51178,1705061
2022,3,석촌동,11710600,202675,230126,175225,946914
2022,3,성내1동,11740640,87509,114776,60242,663675
2022,3,성내2동,11740650,111764,113775,109754,625147
2022,3,성내3동,11740660,104321,134276,74366,647356
2022,3,성북동,11290525,95657,112845,78470,2879912
2022,3,성산1동,11440720,131082,140618,121546,859254
2022,3,성산2동,11440730,179759,220487,139032,1978724
2022,3,성수1가1동,11200650,134286,111172,157401,1885875
2022,3,성수1가2동,11200660,197503,188538,206468,930086
2022,3,성수2가1동,11200670,145366,146625,144107,1184964
2022,3,성수2가3동,11200690,157618,177160,138076,1054501
2022,3,성현동,11620565,78181,99391,56971,678223
2022,3,세곡동,11680700,162456,159301,165610,6367772
2022,3,소공동,11140520,200817,235279,166354,943795
2022,3,송정동,11200720,144778,156730,132826,681916
2022,3,송중동,11305545,100198,120602,79793,1075796
2022,3,송천동,11305555,81598,106034,57163,929913
2022,3,송파1동,11710580,176269,213101,139436,686925
2022,3,송파2동,11710590,153528,166094,140961,631023
2022,3,수궁동,11530790,99969,129638,70300,2661352
2022,3,수색동,11380650,111956,85720,138192,1290258
2022,3,수서동,11680750,166804,184237,149371,1629403
2022,3,수유1동,11305615,62159,91320,32998,1649963
2022,3,수유2동,11305625,85122,110180,60063,581617
2022,3,수유3동,11305635,99269,121841,76697,745645
2022,3,숭인1동,11110700,141933,207813,76054,239396
2022,3,숭인2동,11110710,127581,165726,89436,351906
2022,3,시흥1동,11545670,97412,138525,56298,1524148
2022,3,시흥2동,11545680,108916,133762,84069,1308882
2022,3,시흥3동,11545690,82220,115374,49065,1261391
2022,3,시흥4동,11545700,94587,117109,72064,821709
2022,3,시흥5동,11545710,69372,103707,35037,1386972
2022,3,신길1동,11560630,91426,117044,65808,722925
2022,3,신길3동,11560650,104823,114540,95106,520083
2022,3,신길4동,11560660,108133,79401,136865,292127
2022,3,신길5동,11560670,186074,112633,259516,494653
2022,3,신길6동,11560680,103926,122778,85073,653511
2022,3,신길7동,11560690,95191,101093,89289,642487
2022,3,신내1동,11260680,100697,109692,91702,2606949
2022,3,신내2동,11260690,122343,179815,64871,911281
2022,3,신당5동,11140650,201600,182568,220633,319706
2022,3,신당동,11140615,391082,388625,393539,534942
2022,3,신대방1동,11590670,109286,138022,80549,675281
2022,3,신대방2동,11590680,103151,131365,74936,977033
2022,3,신도림동,11530510,138962,174266,103658,1392788
2022,3,신림동,11620695,148865,200377,97353,541240
2022,3,신사1동,11380631,86456,106768,66143,808314
2022,3,신사2동,11380632,92492,91279,93704,1046222
2022,3,신사동,11620685,96367,131484,61250,641031
2022,3,신사동,11680510,175382,235938,114825,2059234
2022,3,신수동,11440630,159644,153898,165389,797879
2022,3,신원동,11620655,86262,121251,51274,544977
2022,3,신월1동,11470560,110322,86302,134342,622400
2022,3,신월2동,11470570,70840,88991,52689,606811
2022,3,신월3동,11470580,53871,62807,44935,918039
2022,3,신월4동,11470590,65760,88169,43351,469873
2022,3,신월5동,11470600,97713,79690,115736,638302
2022,3,신월6동,11470610,118260,126399,110122,444286
2022,3,신월7동,11470611,64413,88306,40520,1230628
2022,3,신정1동,11470620,89182,124460,53905,747568
2022,3,신정2동,11470630,96450,133339,59562,525899
2022,3,신정3동,11470640,116297,175050,57545,2756536
2022,3,신정4동,11470650,99334,116397,82272,997144
2022,3,신정6동,11470670,129551,190150,68953,940885
2022,3,신정7동,11470680,107732,108665,106799,1234130
2022,3,신촌동,11410585,145900,141166,150633,2720364
2022,3,쌍문1동,11320660,68513,73416,63611,1175774
2022,3,쌍문2동,11320670,89643,136362,42924,541193
2022,3,쌍문3동,11320680,103604,134133,73076,504805
2022,3,쌍문4동,11320681,86403,116741,56065,554868
2022,3,아현동,11440555,168132,222219,114044,744328
2022,3,안암동,11290600,113078,144935,81220,1379571
2022,3,암사1동,11740570,101056,125199,76913,735480
2022,3,암사2동,11740580,114775,145775,83775,2174329
2022,3,암사3동,11740590,156510,134592,178428,1799368
2022,3,압구정동,11680545,175449,201389,149509,2345057
2022,3,약수동,11140635,197356,257115,137596,486369
2022,3,양재1동,11650651,106440,137029,75852,5765358
2022,3,양재2동,11650652,100575,100718,100432,7562268
2022,3,양평1동,11560610,101671,109460,93881,974912
2022,3,양평2동,11560620,113082,135166,90999,2874596
2022,3,여의동,11560540,163001,222020,103982,8437543
2022,3,역삼1동,11680640,166360,174873,157848,2362133
2022,3,역삼2동,11680650,173746,217215,130277,1135029
2022,3,역촌동,11380625,92688,121075,64300,1157542
2022,3,연남동,11440710,184397,197819,170976,647438
2022,3,연희동,11410615,102968,114456,91480,2929172
2022,3,염리동,11440610,193343,207463,179223,491468
2022,3,염창동,11500510,96224,127700,64748,1732856
2022,3,영등포동,11560535,122676,132897,112455,1372094
2022,3,영등포본동,11560515,111728,116034,107422,846370
2022,3,오금동,11710570,127545,160237,94853,1648868
2022,3,오류1동,11530770,129259,166982,91536,727414
2022,3,오류2동,11530780,124227,156834,91620,3061018
2022,3,오륜동,11710566,357446,288673,426219,3085088
2022,3,옥수동,11200645,199879,225397,174360,1922027
2022,3,왕십리2동,11200520,134666,150569,118764,372425
2022,3,왕십리도선동,11200535,153294,185537,121050,710285
2022,3,용강동,11440590,140962,156530,125394,790602
2022,3,용답동,11200790,145596,183446,107747,2377148
2022,3,용문동,11170590,139712,159761,119663,277531
2022,3,용산2가동,11170520,99789,100801,98776,1966853
2022,3,용신동,11230536,94913,102995,86831,1618399
2022,3,우이동,11305645,68819,90495,47144,10587752
2022,3,우장산동,11500615,129044,140345,117743,1261588
2022,3,원효로1동,11170560,116500,147461,85539,589017
2022,3,원효로2동,11170570,112101,101422,122779,708975
2022,3,월계1동,11350560,79032,100368,57696,1107461
2022,3,월계2동,11350570,104185,123120,85250,2004785
2022,3,월계3동,11350580,123949,169277,78621,1168283
2022,3,월곡1동,11290715,89408,103168,75647,801757
2022,3,월곡2동,11290725,107776,134000,81552,1364901
2022,3,위례동,11710647,238054,308546,167563,2537372
2022,3,은천동,11620605,90483,120979,59988,776212
2022,3,을지로동,11140605,212645,287716,137575,611524
2022,3,응봉동,11200580,98297,105611,90983,553662
2022,3,응암1동,11380580,111646,131652,91640,1109863
2022,3,응암2동,11380590,142263,147665,136861,755247
2022,3,응암3동,11380600,95845,110795,80895,752773
2022,3,이문1동,11230740,84302,115012,53592,1039602
2022,3,이문2동,11230750,90862,122099,59625,723890
2022,3,이촌1동,11170630,222914,326180,119648,2872767
2022,3,이촌2동,11170640,73833,67019,80647,1205543
2022,3,이태원1동,11170650,164061,178459,149664,582899
2022,3,이태원2동,11170660,171653,195883,147423,874243
2022,3,이화동,11110640,216799,216193,217405,782395
2022,3,인수동,11305660,69057,70677,67437,2998011
2022,3,인헌동,11620625,133134,180892,85376,1089078
2022,3,일원1동,11680730,98325,156991,39658,953471
2022,3,일원2동,11680740,235090,376593,93587,1300290
2022,3,일원본동,11680720,183516,212884,154148,2354625
2022,3,자양1동,11215820,98935,133819,64051,568868
2022,3,자양2동,11215830,112274,98036,126512,1657523
2022,3,자양3동,11215840,118040,137644,98435,1196419
2022,3,자양4동,11215847,133161,150708,115614,1180023
2022,3,잠실2동,11710670,319452,387713,251192,2686850
2022,3,잠실3동,11710680,236447,302464,170429,1542643
2022,3,잠실4동,11710690,353204,518060,188348,780204
2022,3,잠실6동,11710710,139327,193042,85612,1508001
2022,3,잠실7동,11710720,97285,161156,33414,723486
2022,3,잠실본동,11710650,174744,212418,137071,1028997
2022,3,잠원동,11650540,128892,134715,123070,1756867
2022,3,장안1동,11230650,86986,102388,71585,1342167
2022,3,장안2동,11230660,87096,105022,69170,996640
2022,3,장위1동,11290760,81219,80163,82276,708546
2022,3,장위2동,11290770,76362,78402,74322,679894
2022,3,장위3동,11290780,115541,156841,74241,652601
2022,3,장지동,11710646,151908,157763,146054,1278355
2022,3,장충동,11140580,164927,200026,129829,1017925
2022,3,전농1동,11230560,93087,112579,73595,1126695
2022,3,전농2동,11230570,114642,126814,102470,977568
2022,3,정릉1동,11290620,102096,141230,62963,412365
2022,3,정릉2동,11290630,99900,111730,88071,1094889
2022,3,정릉3동,11290640,72242,87782,56703,3327126
2022,3,정릉4동,11290650,107295,149254,65335,3570914
2022,3,제기동,11230545,98542,132452,64632,1181705
2022,3,조원동,11620725,103070,120460,85680,666607
2022,3,종로1234가동,11110615,206819,263752,149885,2417171
2022,3,종로56가동,11110630,297056,272298,321813,603167
2022,3,종암동,11290705,103993,108382,99604,1404527
2022,3,중계1동,11350621,156255,177925,134586,623451
2022,3,중계23동,11350625,157466,191557,123375,919083
2022,3,중계4동,11350624,87529,124853,50205,1519449
2022,3,중계본동,11350619,117472,165117,69826,2183234
2022,3,중곡1동,11215740,89225,129837,48613,614505
2022,3,중곡2동,11215750,99001,114907,83095,545542
2022,3,중곡3동,11215760,79350,93223,65477,601866
2022,3,중곡4동,11215770,104446,125806,83086,2313468
2022,3,중림동,11140680,189361,218137,160584,484384
2022,3,중앙동,11620615,106211,148192,64230,384728
2022,3,중화1동,11260600,75282,88311,62253,641493
2022,3,중화2동,11260610,89868,115674,64061,1016955
2022,3,증산동,11380640,85958,78488,93428,807409
2022,3,진관동,11380690,131251,132548,129954,11565110
2022,3,창1동,11320511,119836,122435,117236,1122171
2022,3,창2동,11320512,74578,90299,58858,654442
2022,3,창3동,11320513,71214,74542,67886,655485
2022,3,창4동,11320514,132112,184139,80085,1140172
2022,3,창5동,11320515,111003,156917,65088,701480
2022,3,창신1동,11110670,185260,212277,158243,305337
2022,3,창신2동,11110680,124606,102045,147167,257323
2022,3,창신3동,11110690,93762,133431,54093,216835
2022,3,천연동,11410520,90135,108417,71853,982817
2022,3,천호1동,11740600,90321,100385,80258,668998
2022,3,천호2동,11740610,101163,111824,90502,1850853
2022,3,천호3동,11740620,99552,113941,85162,561872
2022,3,청구동,11140645,205477,214053,196902,342571
2022,3,청담동,11680565,175102,211930,138274,2329217
2022,3,청량리동,11230705,93160,127002,59318,1204398
2022,3,청룡동,11620595,126694,143678,109710,1195604
2022,3,청림동,11620545,114851,118150,111553,297155
2022,3,청운효자동,11110515,142725,195183,90268,2568432
2022,3,청파동,11170555,113473,140804,86141,886225
2022,3,충현동,11410565,119757,140366,99148,1116001
2022,3,평창동,11110560,111164,123164,99164,8947328
2022,3,풍납1동,11710510,166454,220573,112335,1075294
2022,3,풍납2동,11710520,119038,126635,111441,2564554
2022,3,필동,11140570,186579,241322,131836,1464686
2022,3,하계1동,11350611,100738,103314,98162,1527061
2022,3,하계2동,11350612,154099,218969,89228,500023
2022,3,한강로동,11170625,136670,157839,115500,2869816
2022,3,한남동,11170685,130747,126530,134964,3031897
2022,3,합정동,11440680,160572,185678,135466,1712389
2022,3,항동,11530800,,,,1446941
2022,3,행당1동,11200560,154840,151727,157953,573566
2022,3,행당2동,11200570,191267,208025,174509,457669
2022,3,행운동,11620575,108227,121069,95384,718235
2022,3,혜화동,11110650,172307,209059,135555,1132421
2022,3,홍은1동,11410660,88554,91170,85939,1615140
2022,3,홍은2동,11410685,110966,117540,104392,2075085
2022,3,홍제1동,11410620,104177,121478,86875,1235632
2022,3,홍제2동,11410655,136660,148678,124641,699978
2022,3,홍제3동,11410640,107082,115803,98360,1192508
2022,3,화곡1동,11500540,92411,106564,78257,1197746
2022,3,화곡2동,11500550,60172,82366,37978,454621
2022,3,화곡3동,11500560,99521,125371,73671,521858
2022,3,화곡4동,11500570,87663,119763,55564,852049
2022,3,화곡6동,11500591,112555,125782,99328,1037911
2022,3,화곡8동,11500593,107187,120107,94267,593322
2022,3,화곡본동,11500590,92006,102691,81320,972735
2022,3,화양동,11215710,154594,194798,114389,1166008
2022,3,황학동,11140670,160136,157397,162876,328640
2022,3,회기동,11230710,112619,127573,97665,766917
2022,3,회현동,11140540,290821,325712,255929,897827
2022,3,효창동,11170580,107854,143283,72425,446197
2022,3,후암동,11170510,111490,145327,77653,865892
2022,3,휘경1동,11230720,120096,185403,54788,521796
2022,3,휘경2동,11230730,116378,105546,127210,1113609
2022,3,흑석동,11590605,108814,138482,79145,1708306
2022,4,가락1동,11710631,154367,111380,197355,1393228
2022,4,가락2동,11710632,185015,215004,155026,932311
2022,4,가락본동,11710620,146546,159533,133559,1014738
2022,4,가리봉동,11530595,132281,141444,123118,410996
2022,4,가산동,11545510,113597,142572,84623,2512852
2022,4,가양1동,11500603,177694,241853,113534,4970691
2022,4,가양2동,11500604,64788,,64788,823874
2022,4,가양3동,11500605,160666,245238,76094,474228
2022,4,가회동,11110600,142796,197115,88478,539955
2022,4,갈현1동,11380551,94059,137228,50889,961071
2022,4,갈현2동,11380552,115101,106287,123915,985165
2022,4,강일동,11740515,128245,164957,91532,3647520
2022,4,개봉1동,11530740,100698,103722,97674,1320319
2022,4,개봉2동,11530750,164228,138581,189875,782524
2022,4,개봉3동,11530760,104400,140550,68250,828418
2022,4,개포1동,11680660,,,,1449952
2022,4,개포2동,11680670,196997,192624,201370,2243338
2022,4,개포4동,11680690,94782,101001,88564,1665461
2022,4,거여1동,11710531,170787,239124,102451,522308
2022,4,거여2동,11710532,168938,246725,91152,612901
2022,4,고덕1동,11740550,132880,203843,61917,1518495
2022,4,고덕2동,11740560,227510,277150,177871,2206786
2022,4,고척1동,11530720,127029,187142,66915,1151238
2022,4,고척2동,11530730,99312,127763,70861,1025572
2022,4,공덕동,11440565,116441,126712,106170,1019197
2022,4,공릉1동,11350595,97539,115750,79327,1263261
2022,4,공릉2동,11350600,124654,138712,110596,6983449
2022,4,공항동,11500620,98288,115437,81140,10861768
2022,4,광장동,11215810,147295,182573,112017,2393761
2022,4,광희동,11140590,256764,266033,247495,737204
2022,4,교남동,11110580,200555,285647,115463,346926
2022,4,구로1동,11530520,106191,130035,82348,1008892
2022,4,구로2동,11530530,125049,144790,105309,1703350
2022,4,구로3동,11530540,208882,254029,163736,1040120
2022,4,구로4동,11530550,109015,138245,79784,524507
2022,4,구로5동,11530560,128718,155850,101586,1012473
2022,4,구산동,11380560,129327,122878,135776,1389775
2022,4,구의1동,11215850,107831,125039,90623,565313
2022,4,구의2동,11215860,95073,116323,73822,1388041
2022,4,구의3동,11215870,117973,125373,110572,1027561
2022,4,군자동,11215730,121174,117810,124538,738025
2022,4,금호1가동,11200590,130301,135960,124642,444872
2022,4,금호23가동,11200615,179143,248919,109367,631196
2022,4,금호4가동,11200620,225265,248469,202062,832333
2022,4,길동,11740685,99150,117589,80711,1631616
2022,4,길음1동,11290660,158724,155582,161866,797310
2022,4,길음2동,11290685,99873,100962,98784,588002
2022,4,낙성대동,11620585,124139,167954,80325,2262818
2022,4,난곡동,11620775,110878,135296,86461,972373
2022,4,난향동,11620715,37588,,37588,821397
2022,4,남가좌1동,11410690,127748,176093,79403,475536
2022,4,남가좌2동,11410700,88568,108006,69130,783775
2022,4,남영동,11170530,157798,146560,169035,1177788
2022,4,남현동,11620630,164002,184775,143229,3281024
2022,4,내곡동,11650660,222583,157210,287957,12708880
2022,4,노량진1동,11590510,127740,127481,128000,1613446
2022,4,노량진2동,11590520,196047,212604,179489,600568
2022,4,녹번동,11380510,100953,121431,80474,1794215
2022,4,논현1동,11680521,175994,206387,145601,1258744
2022,4,논현2동,11680531,142248,166981,117515,1458524
2022,4,능동,11215780,116337,142715,89959,1092105
2022,4,다산동,11140625,173151,216201,130101,523971
2022,4,답십리1동,11230600,115863,142875,88852,788242
2022,4,답십리2동,11230610,80012,95736,64288,875745
2022,4,당산1동,11560550,100299,123498,77101,745305
2022,4,당산2동,11560560,127061,139398,114725,1581310
2022,4,대림1동,11560700,84597,105648,63545,498978
2022,4,대림2동,11560710,157509,179563,135455,572540
2022,4,대림3동,11560720,98628,125324,71933,921696
2022,4,대방동,11590660,96300,118280,74321,1544903
2022,4,대조동,11380570,96507,122120,70895,851692
2022,4,대치1동,11680600,238060,287165,188954,809823
2022,4,대치2동,11680610,185156,229570,140742,1837367
2022,4,대치4동,11680630,180681,240750,120612,701081
2022,4,대학동,11620735,87255,120683,53827,8405183
2022,4,대흥동,11440600,162222,182624,141821,858570
2022,4,도곡1동,11680655,196452,200433,192471,1050609
2022,4,도곡2동,11680656,144406,142895,145916,990763
2022,4,도림동,11560585,87417,104939,69894,585885
2022,4,도봉1동,11320521,91900,95172,88627,8451468
2022,4,도봉2동,11320522,78265,103207,53323,1119031
2022,4,도화동,11440585,129721,162772,96670,625018
2022,4,독산1동,11545610,86823,101106,72540,2061921
2022,4,독산2동,11545620,63699,69104,58294,617174
2022,4,독산3동,11545630,84889,113213,56565,934985
2022,4,독산4동,11545640,62725,82420,43030,591045
2022,4,돈암1동,11290580,128049,128049,,488898
2022,4,돈암2동,11290590,,,,518335
2022,4,동선동,11290575,113708,131876,95541,724957
2022,4,동화동,11140665,207380,203451,211309,327045
2022,4,둔촌1동,11740690,,,,912178
2022,4,둔촌2동,11740700,90603,106471,74736,1550455
2022,4,등촌1동,11500520,121658,158307,85010,650741
2022,4,등촌2동,11500530,107134,147822,66446,910666
2022,4,등촌3동,11500535,134498,166042,102954,1060362
2022,4,마장동,11200540,158177,188552,127802,1035276
2022,4,마천1동,11710540,56017,72434,39599,575258
2022,4,마천2동,11710550,143431,123383,163478,890688
2022,4,망우3동,11260660,66444,92978,39911,962561
2022,4,망우본동,11260655,80149,96462,63836,2948109
2022,4,망원1동,11440690,143817,170736,116899,1101005
2022,4,망원2동,11440700,132228,166562,97895,676411
2022,4,면목2동,11260520,60626,85630,35622,763122
2022,4,면목38동,11260575,102791,102841,102741,1614117
2022,4,면목4동,11260540,77119,102271,51966,843466
2022,4,면목5동,11260550,92499,117434,67564,704936
2022,4,면목7동,11260570,96054,124869,67240,1236134
2022,4,면목본동,11260565,95041,122765,67317,849019
2022,4,명동,11140550,248622,280116,217128,969729
2022,4,명일1동,11740530,101639,134280,68999,634942
2022,4,명일2동,11740540,123342,183046,63639,914329
2022,4,목1동,11470510,152909,212514,93303,1433111
2022,4,목2동,11470520,127464,161428,93501,1021355
2022,4,목3동,11470530,99774,99607,99941,531850
2022,4,목4동,11470540,100014,120914,79114,577493
2022,4,목5동,11470550,182760,256489,109030,1766361
2022,4,무악동,11110570,,,,369520
2022,4,묵1동,11260620,107659,137320,77997,1238436
2022,4,묵2동,11260630,68565,88351,48779,669204
2022,4,문래동,11560605,107623,111620,103625,1786708
2022,4,문정1동,11710641,148778,175207,122349,612546
2022,4,문정2동,11710642,169556,212365,126748,2242033
2022,4,미성동,11620765,103830,118690,88971,1359429
2022,4,미아동,11305535,98973,114499,83448,841204
2022,4,반포1동,11650560,122628,142567,102688,992368
2022,4,반포2동,11650570,271246,341287,201204,1396031
2022,4,반포3동,11650580,130494,169659,91330,1251708
2022,4,반포4동,11650581,186888,208568,165208,1427141
2022,4,반포본동,11650550,238345,,238345,972536
2022,4,발산1동,11500611,126364,155151,97577,2887669
2022,4,방배1동,11650600,123989,145513,102465,689244
2022,4,방배2동,11650610,125127,139954,110301,1904030
2022,4,방배3동,11650620,116924,105221,128626,2375134
2022,4,방배4동,11650621,103288,130799,75776,949527
2022,4,방배본동,11650590,99659,144026,55292,677510
2022,4,방이1동,11710561,158487,134518,182456,609259
2022,4,방이2동,11710562,194105,228906,159303,769841
2022,4,방학1동,11320690,96201,129297,63105,1040857
2022,4,방학2동,11320700,75837,89014,62660,1092814
2022,4,방학3동,11320710,74211,84223,64199,1951026
2022,4,방화1동,11500630,108162,152910,63414,1475606
2022,4,방화2동,11500640,84456,98012,70901,6157541
2022,4,방화3동,11500641,143687,241515,45860,2558908
2022,4,번1동,11305595,89386,113443,65329,627036
2022,4,번2동,11305603,68379,100615,36143,974298
2022,4,번3동,11305608,95233,152584,37882,1081177
2022,4,보광동,11170700,96089,120038,72140,715096
2022,4,보라매동,11620525,88601,98247,78955,750225
2022,4,보문동,11290610,99525,111324,87726,553006
2022,4,부암동,11110550,99441,122603,76278,2274739
2022,4,북가좌1동,11410710,196728,147583,245874,577979
2022,4,북가좌2동,11410720,91703,110165,73241,824866
2022,4,북아현동,11410555,99374,125650,73099,458945
2022,4,불광1동,11380520,90780,124370,57191,3124927
2022,4,불광2동,11380530,84195,97711,70679,1396089
2022,4,사근동,11200550,224797,218127,231466,1169216
2022,4,사당1동,11590620,160696,145319,176072,635172
2022,4,사당2동,11590630,156580,223972,89189,2763201
2022,4,사당3동,11590640,160372,226454,94291,907684
2022,4,사당4동,11590650,113163,163426,62900,436148
2022,4,사당5동,11590651,112026,112026,,682199
2022,4,사직동,11110530,173553,246659,100447,1158536
2022,4,삼각산동,11305575,146156,146255,146058,621911
2022,4,삼선동,11290555,106558,125054,88061,926227
2022,4,삼성1동,11680580,243736,208086,279386,1944629
2022,4,삼성2동,11680590,190623,203598,177648,1242271
2022,4,삼성동,11620745,72386,105396,39376,2604386
2022,4,삼양동,11305534,102575,127132,78018,924092
2022,4,삼전동,11710610,153705,173792,133618,953338
2022,4,삼청동,11110540,168139,200614,135664,1479255
2022,4,상계10동,11350720,63389,,63389,809214
2022,4,상계1동,11350630,99946,144872,55021,5402614
2022,4,상계2동,11350640,132985,152620,113351,623125
2022,4,상계34동,11350665,179794,110448,249140,5211708
2022,4,상계5동,11350670,87926,88941,86911,906891
2022,4,상계67동,11350695,174604,190926,158281,1450295
2022,4,상계8동,11350700,63768,,63768,666348
2022,4,상계9동,11350710,99629,117930,81328,719445
2022,4,상도1동,11590530,138036,141212,134859,1488648
2022,4,상도2동,11590540,113300,144115,82485,772865
2022,4,상도3동,11590550,131125,185271,76979,637199
2022,4,상도4동,11590560,87210,114733,59686,939562
2022,4,상봉1동,11260580,83753,116170,51335,854219
2022,4,상봉2동,11260590,87221,106659,67784,677445
2022,4,상암동,11440740,171711,196253,147168,8402415
2022,4,상일동,11740520,152353,198067,106640,1813623
2022,4,서강동,11440655,199794,234832,164756,1478577
2022,4,서교동,11440660,181289,211684,150894,1678981
2022,4,서림동,11620665,71045,97275,44814,941252
2022,4,서빙고동,11170690,86268,90824,81713,2821948
2022,4,서원동,11620645,135957,180522,91392,647532
2022,4,서초1동,11650510,136224,149977,122471,1382685
2022,4,서초2동,11650520,216989,277134,156844,1230924
2022,4,서초3동,11650530,125431,144950,105913,2998572
2022,4,서초4동,11650531,170607,208466,132748,879773
2022,4,석관동,11290810,75510,107928,43091,1705061
2022,4,석촌동,11710600,210293,236623,183963,946914
2022,4,성내1동,11740640,77929,98768,57091,663675
2022,4,성내2동,11740650,114766,113247,116286,625147
2022,4,성내3동,11740660,112321,143274,81368,647356
2022,4,성북동,11290525,99026,107393,90658,2879912
2022,4,성산1동,11440720,134727,147330,122124,859254
2022,4,성산2동,11440730,173331,198056,148605,1978724
2022,4,성수1가1동,11200650,157825,108806,206843,1885875
2022,4,성수1가2동,11200660,221072,239343,202801,930086
2022,4,성수2가1동,11200670,152585,145855,159314,1184964
2022,4,성수2가3동,11200690,173311,186863,159759,1054501
2022,4,성현동,11620565,97449,109498,85399,678223
2022,4,세곡동,11680700,156336,174197,138476,6367772
2022,4,소공동,11140520,226786,227217,226356,943795
2022,4,송정동,11200720,165047,144863,185231,681916
2022,4,송중동,11305545,102186,135682,68691,1075796
2022,4,송천동,11305555,79203,101666,56741,929913
2022,4,송파1동,11710580,203039,212287,193791,686925
2022,4,송파2동,11710590,161456,193516,129396,631023
2022,4,수궁동,11530790,89885,110702,69067,2661352
2022,4,수색동,11380650,89896,89555,90238,1290258
2022,4,수서동,11680750,163218,184237,142199,1629403
2022,4,수유1동,11305615,68514,94394,42634,1649963
2022,4,수유2동,11305625,88446,107311,69582,581617
2022,4,수유3동,11305635,96241,122733,69749,745645
2022,4,숭인1동,11110700,126031,193281,58780,239396
2022,4,숭인2동,11110710,124208,156963,91452,351906
2022,4,시흥1동,11545670,105098,140288,69908,1524148
2022,4,시흥2동,11545680,105525,123945,87104,1308882
2022,4,시흥3동,11545690,81694,115295,48093,1261391
2022,4,시흥4동,11545700,86389,86389,,821709
2022,4,시흥5동,11545710,77376,104034,50718,1386972
2022,4,신길1동,11560630,77528,101172,53884,722925
2022,4,신길3동,11560650,97915,110610,85220,520083
2022,4,신길4동,11560660,100862,77117,124607,292127
2022,4,신길5동,11560670,115505,115505,,494653
2022,4,신길6동,11560680,110171,122458,97883,653511
2022,4,신길7동,11560690,102411,116423,88399,642487
2022,4,신내1동,11260680,104376,117243,91508,2606949
2022,4,신내2동,11260690,102036,142927,61144,911281
2022,4,신당5동,11140650,216182,198469,233894,319706
2022,4,신당동,11140615,389385,364571,414199,534942
2022,4,신대방1동,11590670,105449,134234,76665,675281
2022,4,신대방2동,11590680,113134,153431,72836,977033
2022,4,신도림동,11530510,156946,199091,114801,1392788
2022,4,신림동,11620695,142653,184220,101085,541240
2022,4,신사1동,11380631,90815,102235,79395,808314
2022,4,신사2동,11380632,90736,96797,84676,1046222
2022,4,신사동,11620685,95097,127591,62603,641031
2022,4,신사동,11680510,178809,236633,120985,2059234
2022,4,신수동,11440630,134601,139437,129766,797879
2022,4,신원동,11620655,87678,119440,55916,544977
2022,4,신월1동,11470560,102701,85342,120061,622400
2022,4,신월2동,11470570,89261,125227,53295,606811
2022,4,신월3동,11470580,74558,102219,46897,918039
2022,4,신월4동,11470590,78892,91617,66168,469873
2022,4,신월5동,11470600,83687,77792,89581,638302
2022,4,신월6동,11470610,116132,119424,112839,444286
2022,4,신월7동,11470611,78537,93332,63743,1230628
2022,4,신정1동,11470620,95922,129084,62760,747568
2022,4,신정2동,11470630,93583,126406,60760,525899
2022,4,신정3동,11470640,115200,167322,63078,2756536
2022,4,신정4동,11470650,112407,129724,95090,997144
2022,4,신정6동,11470670,134661,189796,79526,940885
2022,4,신정7동,11470680,100907,110092,91721,1234130
2022,4,신촌동,11410585,156748,144443,169054,2720364
2022,4,쌍문1동,11320660,71847,77928,65767,1175774
2022,4,쌍문2동,11320670,86057,137038,35076,541193
2022,4,쌍문3동,11320680,107808,147239,68376,504805
2022,4,쌍문4동,11320681,93451,125463,61439,554868
2022,4,아현동,11440555,165957,211388,120525,744328
2022,4,안암동,11290600,123520,159075,87966,1379571
2022,4,암사1동,11740570,103992,128982,79001,735480
2022,4,암사2동,11740580,99341,132260,66422,2174329
2022,4,암사3동,11740590,175091,145890,204292,1799368
2022,4,압구정동,11680545,189699,213055,166342,2345057
2022,4,약수동,11140635,226068,259591,192546,486369
2022,4,양재1동,11650651,109643,137218,82068,5765358
2022,4,양재2동,11650652,100272,102080,98464,7562268
2022,4,양평1동,11560610,100122,113609,86636,974912
2022,4,양평2동,11560620,116867,131195,102539,2874596
2022,4,여의동,11560540,178520,242828,114213,8437543
2022,4,역삼1동,11680640,168120,182473,153766,2362133
2022,4,역삼2동,11680650,177199,218806,135591,1135029
2022,4,역촌동,11380625,87164,108726,65602,1157542
2022,4,연남동,11440710,172431,191219,153643,647438
2022,4,연희동,11410615,113064,137829,88299,2929172
2022,4,염리동,11440610,182486,202994,161978,491468
2022,4,염창동,11500510,99177,125705,72649,1732856
2022,4,영등포동,11560535,123248,130130,116366,1372094
2022,4,영등포본동,11560515,108832,128709,88955,846370
2022,4,오금동,11710570,139790,170766,108814,1648868
2022,4,오류1동,11530770,134807,170402,99211,727414
2022,4,오류2동,11530780,136914,163053,110774,3061018
2022,4,오륜동,11710566,252163,252163,,3085088
2022,4,옥수동,11200645,200791,198128,203454,1922027
2022,4,왕십리2동,11200520,148569,170351,126788,372425
2022,4,왕십리도선동,11200535,188720,198129,179311,710285
2022,4,용강동,11440590,150036,186100,113973,790602
2022,4,용답동,11200790,144148,173685,114610,2377148
2022,4,용문동,11170590,136639,174587,98691,277531
2022,4,용산2가동,11170520,103104,118008,88201,1966853
2022,4,용신동,11230536,91846,102724,80967,1618399
2022,4,우이동,11305645,69436,94902,43971,10587752
2022,4,우장산동,11500615,135366,141707,129024,1261588
2022,4,원효로1동,11170560,105836,137568,74105,589017
2022,4,원효로2동,11170570,126612,112274,140949,708975
2022,4,월계1동,11350560,84583,104380,64787,1107461
2022,4,월계2동,11350570,135292,129650,140934,2004785
2022,4,월계3동,11350580,78011,,78011,1168283
2022,4,월곡1동,11290715,104985,121134,88837,801757
2022,4,월곡2동,11290725,102241,130447,74035,1364901
2022,4,위례동,11710647,211689,269677,153700,2537372
2022,4,은천동,11620605,93072,118676,67468,776212
2022,4,을지로동,11140605,237245,314662,159828,611524
2022,4,응봉동,11200580,300141,,300141,553662
2022,4,응암1동,11380580,109093,127230,90956,1109863
2022,4,응암2동,11380590,106105,98580,113631,755247
2022,4,응암3동,11380600,91362,110744,71981,752773
2022,4,이문1동,11230740,98122,142956,53289,1039602
2022,4,이문2동,11230750,87243,112258,62228,723890
2022,4,이촌1동,11170630,232037,340529,123546,2872767
2022,4,이촌2동,11170640,69916,69916,,1205543
2022,4,이태원1동,11170650,191528,213115,169942,582899
2022,4,이태원2동,11170660,172109,194046,150172,874243
2022,4,이화동,11110640,185904,218797,153011,782395
2022,4,인수동,11305660,61785,76790,46780,2998011
2022,4,인헌동,11620625,114321,152698,75943,1089078
2022,4,일원1동,11680730,93956,107341,80571,953471
2022,4,일원2동,11680740,255639,359942,151336,1300290
2022,4,일원본동,11680720,174265,231125,117404,2354625
2022,4,자양1동,11215820,95751,133578,57924,568868
2022,4,자양2동,11215830,109256,101280,117233,1657523
2022,4,자양3동,11215840,114695,137264,92125,1196419
2022,4,자양4동,11215847,135236,143423,127050,1180023
2022,4,잠실2동,11710670,371154,479959,262349,2686850
2022,4,잠실3동,11710680,241835,277875,205796,1542643
2022,4,잠실4동,11710690,,,,780204
2022,4,잠실6동,11710710,164717,203017,126418,1508001
2022,4,잠실7동,11710720,,,,723486
2022,4,잠실본동,11710650,187448,223735,151161,1028997
2022,4,잠원동,11650540,121042,122331,119753,1756867
2022,4,장안1동,11230650,87936,104005,71867,1342167
2022,4,장안2동,11230660,89079,105931,72226,996640
2022,4,장위1동,11290760,71710,69506,73913,708546
2022,4,장위2동,11290770,77715,82463,72968,679894
2022,4,장위3동,11290780,98569,130696,66442,652601
2022,4,장지동,11710646,195629,192459,198799,1278355
2022,4,장충동,11140580,159633,186078,133189,1017925
2022,4,전농1동,11230560,91869,108523,75215,1126695
2022,4,전농2동,11230570,108718,127996,89441,977568
2022,4,정릉1동,11290620,111151,139700,82602,412365
2022,4,정릉2동,11290630,107450,124468,90431,1094889
2022,4,정릉3동,11290640,91189,91189,,3327126
2022,4,정릉4동,11290650,87493,133551,41436,3570914
2022,4,제기동,11230545,90602,120254,60950,1181705
2022,4,조원동,11620725,103614,139973,67255,666607
2022,4,종로1234가동,11110615,192001,244442,139559,2417171
2022,4,종로56가동,11110630,281017,263403,298631,603167
2022,4,종암동,11290705,96110,101636,90584,1404527
2022,4,중계1동,11350621,139104,167121,111087,623451
2022,4,중계23동,11350625,180251,196462,164041,919083
2022,4,중계4동,11350624,98350,147410,49291,1519449
2022,4,중계본동,11350619,115173,162211,68134,2183234
2022,4,중곡1동,11215740,89540,124660,54421,614505
2022,4,중곡2동,11215750,92658,104358,80959,545542
2022,4,중곡3동,11215760,85483,97761,73204,601866
2022,4,중곡4동,11215770,95855,117258,74453,2313468
2022,4,중림동,11140680,236190,237860,234520,484384
2022,4,중앙동,11620615,111746,156810,66683,384728
2022,4,중화1동,11260600,74934,91703,58164,641493
2022,4,중화2동,11260610,88913,123515,54310,1016955
2022,4,증산동,11380640,87268,84486,90050,807409
2022,4,진관동,11380690,131785,140423,123147,11565110
2022,4,창1동,11320511,107603,97460,117746,1122171
2022,4,창2동,11320512,76331,98245,54416,654442
2022,4,창3동,11320513,70389,75751,65027,655485
2022,4,창4동,11320514,142108,201165,83052,1140172
2022,4,창5동,11320515,121173,168273,74073,701480
2022,4,창신1동,11110670,180189,204278,156099,305337
2022,4,창신2동,11110680,101909,85444,118373,257323
2022,4,창신3동,11110690,,,,216835
2022,4,천연동,11410520,108659,143408,73911,982817
2022,4,천호1동,11740600,88169,104311,72028,668998
2022,4,천호2동,11740610,105765,109987,101543,1850853
2022,4,천호3동,11740620,100316,112332,88300,561872
2022,4,청구동,11140645,162594,148111,177076,342571
2022,4,청담동,11680565,177230,205333,149126,2329217
2022,4,청량리동,11230705,94276,124390,64161,1204398
2022,4,청룡동,11620595,129401,144379,114424,1195604
2022,4,청림동,11620545,122845,113176,132515,297155
2022,4,청운효자동,11110515,155797,224849,86744,2568432
2022,4,청파동,11170555,109518,143390,75647,886225
2022,4,충현동,11410565,127318,153832,100803,1116001
2022,4,평창동,11110560,121969,132186,111752,8947328
2022,4,풍납1동,11710510,154587,250608,58565,1075294
2022,4,풍납2동,11710520,92966,121647,64284,2564554
2022,4,필동,11140570,189434,246019,132848,1464686
2022,4,하계1동,11350611,88234,103440,73028,1527061
2022,4,하계2동,11350612,158592,234426,82759,500023
2022,4,한강로동,11170625,126387,138484,114290,2869816
2022,4,한남동,11170685,133757,138265,129248,3031897
2022,4,합정동,11440680,170941,194733,147149,1712389
2022,4,항동,11530800,,,,1446941
2022,4,행당1동,11200560,189018,189047,188989,573566
2022,4,행당2동,11200570,200487,187565,213408,457669
2022,4,행운동,11620575,107434,114943,99925,718235
2022,4,혜화동,11110650,179990,217056,142923,1132421
2022,4,홍은1동,11410660,103107,99401,106812,1615140
2022,4,홍은2동,11410685,89072,113357,64787,2075085
2022,4,홍제1동,11410620,94331,104400,84262,1235632
2022,4,홍제2동,11410655,148777,170007,127546,699978
2022,4,홍제3동,11410640,93344,128018,58669,1192508
2022,4,화곡1동,11500540,85956,91470,80442,1197746
2022,4,화곡2동,11500550,98103,141446,54761,454621
2022,4,화곡3동,11500560,110145,127058,93233,521858
2022,4,화곡4동,11500570,96888,134712,59065,852049
2022,4,화곡6동,11500591,130230,143548,116912,1037911
2022,4,화곡8동,11500593,111357,118284,104430,593322
2022,4,화곡본동,11500590,102773,118068,87478,972735
2022,4,화양동,11215710,148440,187644,109236,1166008
2022,4,황학동,11140670,202525,170345,234705,328640
2022,4,회기동,11230710,124122,146428,101817,766917
2022,4,회현동,11140540,312795,363503,262087,897827
2022,4,효창동,11170580,103055,145356,60754,446197
2022,4,후암동,11170510,103329,132707,73952,865892
2022,4,휘경1동,11230720,95945,142949,48941,521796
2022,4,휘경2동,11230730,107301,95211,119391,1113609
2022,4,흑석동,11590605,119230,146105,92355,1708306
2023,1,가락1동,11710631,165395,121592,209198,1393228
2023,1,가락2동,11710632,164305,200440,128170,932311
2023,1,가락본동,11710620,150114,174944,125284,1014738
2023,1,가리봉동,11530595,146408,146102,146715,410996
2023,1,가산동,11545510,121402,151903,90902,2512852
2023,1,가양1동,11500603,187046,253424,120667,4970691
2023,1,가양2동,11500604,,,,823874
2023,1,가양3동,11500605,69446,,69446,474228
2023,1,가회동,11110600,147750,182265,113234,539955
2023,1,갈현1동,11380551,88708,123215,54201,961071
2023,1,갈현2동,11380552,104230,104803,103656,985165
2023,1,강일동,11740515,132287,165634,98940,3647520
2023,1,개봉1동,11530740,98507,93931,103083,1320319
2023,1,개봉2동,11530750,169669,172260,167079,782524
2023,1,개봉3동,11530760,91362,134795,47928,828418
2023,1,개포1동,11680660,,,,1449952
2023,1,개포2동,11680670,158892,168969,148816,2243338
2023,1,개포4동,11680690,93682,95471,91894,1665461
2023,1,거여1동,11710531,162653,230860,94447,522308
2023,1,거여2동,11710532,203060,311359,94761,612901
2023,1,고덕1동,11740550,159508,235856,83159,1518495
2023,1,고덕2동,11740560,209538,270410,148667,2206786
2023,1,고척1동,11530720,119678,170519,68837,1151238
2023,1,고척2동,11530730,95423,118730,72117,1025572
2023,1,공덕동,11440565,137962,144168,131756,1019197
2023,1,공릉1동,11350595,92123,110768,73478,1263261
2023,1,공릉2동,11350600,116871,146238,87504,6983449
2023,1,공항동,11500620,104020,126973,81067,10861768
2023,1,광장동,11215810,143796,170673,116919,2393761
2023,1,광희동,11140590,274698,289119,260277,737204
2023,1,교남동,11110580,101769,,101769,346926
2023,1,구로1동,11530520,113772,157605,69940,1008892
2023,1,구로2동,11530530,123620,125658,121581,1703350
2023,1,구로3동,11530540,190076,234226,145926,1040120
2023,1,구로4동,11530550,122336,141671,103001,524507
2023,1,구로5동,11530560,135322,169355,101289,1012473
2023,1,구산동,11380560,115114,99579,130648,1389775
2023,1,구의1동,11215850,107712,125173,90250,565313
2023,1,구의2동,11215860,90625,106505,74745,1388041
2023,1,구의3동,11215870,119269,136432,102106,1027561
2023,1,군자동,11215730,136336,113604,159068,738025
2023,1,금호1가동,11200590,161099,219969,102230,444872
2023,1,금호23가동,11200615,169363,258134,80591,631196
2023,1,금호4가동,11200620,247148,259017,235279,832333
2023,1,길동,11740685,103967,123728,84206,1631616
2023,1,길음1동,11290660,158453,151967,164940,797310
2023,1,길음2동,11290685,137994,152183,123806,588002
2023,1,낙성대동,11620585,131579,196761,66397,2262818
2023,1,난곡동,11620775,158648,134712,182584,972373
2023,1,난향동,11620715,40762,,40762,821397
2023,1,남가좌1동,11410690,123986,183901,64071,475536
2023,1,남가좌2동,11410700,121769,124850,118688,783775
2023,1,남영동,11170530,149415,154205,144626,1177788
2023,1,남현동,11620630,158551,144836,172266,3281024
2023,1,내곡동,11650660,187009,118959,255060,12708880
2023,1,노량진1동,11590510,144987,158830,131145,1613446
2023,1,노량진2동,11590520,190061,205201,174922,600568
2023,1,녹번동,11380510,96638,115558,77719,1794215
2023,1,논현1동,11680521,174228,219004,129453,1258744
2023,1,논현2동,11680531,161685,186179,137191,1458524
2023,1,능동,11215780,106892,130902,82883,1092105
2023,1,다산동,11140625,159257,188676,129838,523971
2023,1,답십리1동,11230600,106418,134982,77854,788242
2023,1,답십리2동,11230610,84262,108791,59733,875745
2023,1,당산1동,11560550,93734,108239,79229,745305
2023,1,당산2동,11560560,114584,126572,102596,1581310
2023,1,대림1동,11560700,83760,96637,70882,498978
2023,1,대림2동,11560710,142839,157694,127984,572540
2023,1,대림3동,11560720,119377,154542,84212,921696
2023,1,대방동,11590660,98816,114964,82669,1544903
2023,1,대조동,11380570,107032,136871,77192,851692
2023,1,대치1동,11680600,255221,291267,219176,809823
2023,1,대치2동,11680610,200171,258565,141778,1837367
2023,1,대치4동,11680630,168903,212791,125014,701081
2023,1,대학동,11620735,90746,123363,58128,8405183
2023,1,대흥동,11440600,167553,196887,138220,858570
2023,1,도곡1동,11680655,174770,172589,176951,1050609
2023,1,도곡2동,11680656,146234,162043,130425,990763
2023,1,도림동,11560585,91783,108525,75042,585885
2023,1,도봉1동,11320521,64975,85541,44410,8451468
2023,1,도봉2동,11320522,99061,128560,69561,1119031
2023,1,도화동,11440585,129164,151441,106887,625018
2023,1,독산1동,11545610,88209,92565,83853,2061921
2023,1,독산2동,11545620,66880,72255,61504,617174
2023,1,독산3동,11545630,88449,103025,73873,934985
2023,1,독산4동,11545640,65107,78547,51667,591045
2023,1,돈암1동,11290580,134798,134798,,488898
2023,1,돈암2동,11290590,141219,,141219,518335
2023,1,동선동,11290575,107565,142748,72382,724957
2023,1,동화동,11140665,202762,224049,181475,327045
2023,1,둔촌1동,11740690,,,,912178
2023,1,둔촌2동,11740700,108795,113948,103641,1550455
2023,1,등촌1동,11500520,124975,175962,73987,650741
2023,1,등촌2동,11500530,129526,174396,84655,910666
2023,1,등촌3동,11500535,133912,146764,121059,1060362
2023,1,마장동,11200540,170732,202929,138535,1035276
2023,1,마천1동,11710540,64731,72610,56852,575258
2023,1,마천2동,11710550,162157,134766,189549,890688
2023,1,망우3동,11260660,63841,94490,33191,962561
2023,1,망우본동,11260655,84653,99898,69409,2948109
2023,1,망원1동,11440690,148075,172755,123396,1101005
2023,1,망원2동,11440700,137910,166882,108939,676411
2023,1,면목2동,11260520,57885,78034,37736,763122
2023,1,면목38동,11260575,78031,101331,54731,1614117
2023,1,면목4동,11260540,69811,93269,46352,843466
2023,1,면목5동,11260550,105363,136738,73988,704936
2023,1,면목7동,11260570,103594,112341,94847,1236134
2023,1,면목본동,11260565,86921,116177,57665,849019
2023,1,명동,11140550,272611,339342,205881,969729
2023,1,명일1동,11740530,108264,137111,79418,634942
2023,1,명일2동,11740540,125379,191437,59320,914329
2023,1,목1동,11470510,142569,185154,99984,1433111
2023,1,목2동,11470520,114852,131679,98025,1021355
2023,1,목3동,11470530,91147,103221,79074,531850
2023,1,목4동,11470540,97843,120320,75366,577493
2023,1,목5동,11470550,166900,232819,100980,1766361
2023,1,무악동,11110570,,,,369520
2023,1,묵1동,11260620,107929,125217,90640,1238436
2023,1,묵2동,11260630,90760,93037,88484,669204
2023,1,문래동,11560605,108261,102941,113580,1786708
2023,1,문정1동,11710641,163437,179492,147382,612546
2023,1,문정2동,11710642,165305,211218,119392,2242033
2023,1,미성동,11620765,101140,125658,76622,1359429
2023,1,미아동,11305535,81822,102191,61454,841204
2023,1,반포1동,11650560,149065,176457,121673,992368
2023,1,반포2동,11650570,,,,1396031
2023,1,반포3동,11650580,139919,,139919,1251708
2023,1,반포4동,11650581,195065,229622,160509,1427141
2023,1,반포본동,11650550,167809,126976,208643,972536
2023,1,발산1동,11500611,127329,156767,97891,2887669
2023,1,방배1동,11650600,109902,127938,91865,689244
2023,1,방배2동,11650610,138670,145789,131551,1904030
2023,1,방배3동,11650620,111952,98341,125562,2375134
2023,1,방배4동,11650621,97638,120115,75161,949527
2023,1,방배본동,11650590,102606,145349,59863,677510
2023,1,방이1동,11710561,172516,119819,225212,609259
2023,1,방이2동,11710562,188894,218854,158934,769841
2023,1,방학1동,11320690,123379,157609,89149,1040857
2023,1,방학2동,11320700,84746,95742,73750,1092814
2023,1,방학3동,11320710,87355,90580,84130,1951026
2023,1,방화1동,11500630,117915,153552,82279,1475606
2023,1,방화2동,11500640,97374,108863,85885,6157541
2023,1,방화3동,11500641,176799,304852,48747,2558908
2023,1,번1동,11305595,85303,105852,64755,627036
2023,1,번2동,11305603,50009,61079,38939,974298
2023,1,번3동,11305608,91766,140925,42608,1081177
2023,1,보광동,11170700,102420,118355,86484,715096
2023,1,보라매동,11620525,96445,94202,98687,750225
2023,1,보문동,11290610,90225,116386,64064,553006
2023,1,부암동,11110550,107082,107082,,2274739
2023,1,북가좌1동,11410710,148338,154971,141706,577979
2023,1,북가좌2동,11410720,87215,113951,60480,824866
2023,1,북아현동,11410555,92080,115189,68972,458945
2023,1,불광1동,11380520,85945,109290,62599,3124927
2023,1,불광2동,11380530,82396,98403,66389,1396089
2023,1,사근동,11200550,320184,290173,350194,1169216
2023,1,사당1동,11590620,153889,132460,175318,635172
2023,1,사당2동,11590630,157381,221469,93293,2763201
2023,1,사당3동,11590640,138025,166402,109648,907684
2023,1,사당4동,11590650,121959,175519,68398,436148
2023,1,사당5동,11590651,94627,95550,93704,682199
2023,1,사직동,11110530,150227,209365,91088,1158536
2023,1,삼각산동,11305575,130121,115322,144921,621911
2023,1,삼선동,11290555,97454,126134,68775,926227
2023,1,삼성1동,11680580,221293,146181,296405,1944629
2023,1,삼성2동,11680590,173437,185418,161457,1242271
2023,1,삼성동,11620745,75953,111315,40591,2604386
2023,1,삼양동,11305534,100053,120250,79855,924092
2023,1,삼전동,11710610,158580,164503,152657,953338
2023,1,삼청동,11110540,190228,226225,154231,1479255
2023,1,상계10동,11350720,252988,252988,,809214
2023,1,상계1동,11350630,87625,119087,56162,5402614
2023,1,상계2동,11350640,150893,175881,125904,623125
2023,1,상계34동,11350665,179648,98494,260801,5211708
2023,1,상계5동,11350670,89554,86002,93106,906891
2023,1,상계67동,11350695,164330,181522,147139,1450295
2023,1,상계8동,11350700,158060,249198,66921,666348
2023,1,상계9동,11350710,91444,109341,73547,719445
2023,1,상도1동,11590530,151021,141755,160287,1488648
2023,1,상도2동,11590540,115038,154059,76018,772865
2023,1,상도3동,11590550,134669,184204,85133,637199
2023,1,상도4동,11590560,85417,109616,61219,939562
2023,1,상봉1동,11260580,92004,125997,58011,854219
2023,1,상봉2동,11260590,92433,119993,64873,677445
2023,1,상암동,11440740,134175,154413,113938,8402415
2023,1,상일동,11740520,130204,193998,66410,1813623
2023,1,서강동,11440655,190352,214717,165986,1478577
2023,1,서교동,11440660,190553,220182,160924,1678981
2023,1,서림동,11620665,80712,96296,65127,941252
2023,1,서빙고동,11170690,78141,90221,66062,2821948
2023,1,서원동,11620645,129679,188093,71265,647532
2023,1,서초1동,11650510,141289,163993,118585,1382685
2023,1,서초2동,11650520,224294,286103,162484,1230924
2023,1,서초3동,11650530,133297,158908,107686,2998572
2023,1,서초4동,11650531,161138,207905,114371,879773
2023,1,석관동,11290810,65172,89221,41123,1705061
2023,1,석촌동,11710600,179454,194899,164010,946914
2023,1,성내1동,11740640,85521,100369,70673,663675
2023,1,성내2동,11740650,103619,109963,97274,625147
2023,1,성내3동,11740660,118454,142528,94379,647356
2023,1,성북동,11290525,111305,138270,84339,2879912
2023,1,성산1동,11440720,141763,156772,126755,859254
2023,1,성산2동,11440730,183415,196503,170327,1978724
2023,1,성수1가1동,11200650,197818,176925,218711,1885875
2023,1,성수1가2동,11200660,258187,292442,223931,930086
2023,1,성수2가1동,11200670,196739,187300,206178,1184964
2023,1,성수2가3동,11200690,203812,220443,187181,1054501
2023,1,성현동,11620565,166289,104402,228176,678223
2023,1,세곡동,11680700,168776,191378,146175,6367772
2023,1,소공동,11140520,249449,245179,253720,943795
2023,1,송정동,11200720,190125,190125,,681916
2023,1,송중동,11305545,101906,133971,69842,1075796
2023,1,송천동,11305555,73874,93376,54372,929913
2023,1,송파1동,11710580,191240,193093,189386,686925
2023,1,송파2동,11710590,162481,176754,148209,631023
2023,1,수궁동,11530790,80810,97625,63996,2661352
2023,1,수색동,11380650,93688,105587,81789,1290258
2023,1,수서동,11680750,104973,,104973,1629403
2023,1,수유1동,11305615,73294,96016,50571,1649963
2023,1,수유2동,11305625,54191,74801,33581,581617
2023,1,수유3동,11305635,91227,117010,65445,745645
2023,1,숭인1동,11110700,133449,198071,68827,239396
2023,1,숭인2동,11110710,127058,140199,113917,351906
2023,1,시흥1동,11545670,109021,141221,76820,1524148
2023,1,시흥2동,11545680,66203,,66203,1308882
2023,1,시흥3동,11545690,81203,115397,47008,1261391
2023,1,시흥4동,11545700,102829,102829,,821709
2023,1,시흥5동,11545710,93882,107801,79963,1386972
2023,1,신길1동,11560630,79815,116157,43472,722925
2023,1,신길3동,11560650,97715,104633,90797,520083
2023,1,신길4동,11560660,104184,57895,150473,292127
2023,1,신길5동,11560670,93822,93822,,494653
2023,1,신길6동,11560680,106903,130469,83336,653511
2023,1,신길7동,11560690,103467,130668,76266,642487
2023,1,신내1동,11260680,88356,109830,66882,2606949
2023,1,신내2동,11260690,95319,144238,46401,911281
2023,1,신당5동,11140650,216762,198470,235055,319706
2023,1,신당동,11140615,402111,379403,424819,534942
2023,1,신대방1동,11590670,96215,131724,60707,675281
2023,1,신대방2동,11590680,115206,166231,64181,977033
2023,1,신도림동,11530510,159821,204681,114961,1392788
2023,1,신림동,11620695,134624,163114,106133,541240
2023,1,신사1동,11380631,94485,107835,81134,808314
2023,1,신사2동,11380632,96657,108214,85099,1046222
2023,1,신사동,11620685,99085,129128,69043,641031
2023,1,신사동,11680510,177010,204484,149535,2059234
2023,1,신수동,11440630,163170,161147,165192,797879
2023,1,신원동,11620655,88964,119888,58041,544977
2023,1,신월1동,11470560,107380,86258,128502,622400
2023,1,신월2동,11470570,99271,142197,56346,606811
2023,1,신월3동,11470580,88467,112143,64791,918039
2023,1,신월4동,11470590,97777,123614,71941,469873
2023,1,신월5동,11470600,74969,76650,73287,638302
2023,1,신월6동,11470610,132659,132659,,444286
2023,1,신월7동,11470611,77411,89235,65586,1230628
2023,1,신정1동,11470620,107387,146566,68207,747568
2023,1,신정2동,11470630,84983,121563,48402,525899
2023,1,신정3동,11470640,119701,174331,65072,2756536
2023,1,신정4동,11470650,123772,125154,122390,997144
2023,1,신정6동,11470670,84144,,84144,940885
2023,1,신정7동,11470680,131718,214281,49154,1234130
2023,1,신촌동,11410585,165289,157560,173018,2720364
2023,1,쌍문1동,11320660,88401,97986,78817,1175774
2023,1,쌍문2동,11320670,93141,145192,41090,541193
2023,1,쌍문3동,11320680,133035,193213,72858,504805
2023,1,쌍문4동,11320681,99578,114392,84765,554868
2023,1,아현동,11440555,163786,201565,126008,744328
2023,1,안암동,11290600,120892,157211,84573,1379571
2023,1,암사1동,11740570,104905,130297,79514,735480
2023,1,암사2동,11740580,102660,126679,78641,2174329
2023,1,암사3동,11740590,179898,134056,225740,1799368
2023,1,압구정동,11680545,185519,218287,152752,2345057
2023,1,약수동,11140635,259622,289901,229343,486369
2023,1,양재1동,11650651,113881,138807,88954,5765358
2023,1,양재2동,11650652,113608,119263,107953,7562268
2023,1,양평1동,11560610,129588,177936,81241,974912
2023,1,양평2동,11560620,117896,132293,103499,2874596
2023,1,여의동,11560540,182586,243490,121682,8437543
2023,1,역삼1동,11680640,167232,179321,155143,2362133
2023,1,역삼2동,11680650,173621,197435,149808,1135029
2023,1,역촌동,11380625,86234,103539,68929,1157542
2023,1,연남동,11440710,172207,189189,155226,647438
2023,1,연희동,11410615,119783,137420,102147,2929172
2023,1,염리동,11440610,195899,195899,,491468
2023,1,염창동,11500510,103508,127651,79365,1732856
2023,1,영등포동,11560535,119575,123098,116052,1372094
2023,1,영등포본동,11560515,109684,139094,80274,846370
2023,1,오금동,11710570,140229,169639,110820,1648868
2023,1,오류1동,11530770,132769,163653,101885,727414
2023,1,오류2동,11530780,141586,177334,105838,3061018
2023,1,오륜동,11710566,277291,277291,,3085088
2023,1,옥수동,11200645,195159,193401,196916,1922027
2023,1,왕십리2동,11200520,181907,220673,143141,372425
2023,1,왕십리도선동,11200535,203824,197800,209848,710285
2023,1,용강동,11440590,163977,206086,121868,790602
2023,1,용답동,11200790,129943,162423,97463,2377148
2023,1,용문동,11170590,130456,157005,103907,277531
2023,1,용산2가동,11170520,105556,114104,97007,1966853
2023,1,용신동,11230536,94130,102931,85329,1618399
2023,1,우이동,11305645,68963,95905,42021,10587752
2023,1,우장산동,11500615,124290,136574,112006,1261588
2023,1,원효로1동,11170560,109022,132813,85231,589017
2023,1,원효로2동,11170570,101529,94360,108698,708975
2023,1,월계1동,11350560,141701,139603,143800,1107461
2023,1,월계2동,11350570,128668,124773,132563,2004785
2023,1,월계3동,11350580,63948,,63948,1168283
2023,1,월곡1동,11290715,94461,116480,72442,801757
2023,1,월곡2동,11290725,95284,128624,61944,1364901
2023,1,위례동,11710647,197451,258411,136491,2537372
2023,1,은천동,11620605,101587,133838,69336,776212
2023,1,을지로동,11140605,247792,333720,161864,611524
2023,1,응봉동,11200580,286227,,286227,553662
2023,1,응암1동,11380580,99759,121208,78311,1109863
2023,1,응암2동,11380590,99976,106715,93237,755247
2023,1,응암3동,11380600,94319,113357,75281,752773
2023,1,이문1동,11230740,127418,159285,95552,1039602
2023,1,이문2동,11230750,73509,101182,45836,723890
2023,1,이촌1동,11170630,237754,334546,140963,2872767
2023,1,이촌2동,11170640,54623,54623,,1205543
2023,1,이태원1동,11170650,185408,216836,153980,582899
2023,1,이태원2동,11170660,153605,184292,122917,874243
2023,1,이화동,11110640,138022,167447,108598,782395
2023,1,인수동,11305660,63303,83950,42656,2998011
2023,1,인헌동,11620625,116237,154531,77943,1089078
2023,1,일원1동,11680730,98480,100933,96027,953471
2023,1,일원2동,11680740,191506,,191506,1300290
2023,1,일원본동,11680720,183414,,183414,2354625
2023,1,자양1동,11215820,95228,129038,61418,568868
2023,1,자양2동,11215830,110408,99836,120980,1657523
2023,1,자양3동,11215840,110730,146511,74949,1196419
2023,1,자양4동,11215847,114745,130860,98630,1180023
2023,1,잠실2동,11710670,403375,489544,317206,2686850
2023,1,잠실3동,11710680,253240,256842,249637,1542643
2023,1,잠실4동,11710690,191431,,191431,780204
2023,1,잠실6동,11710710,174066,207118,141013,1508001
2023,1,잠실7동,11710720,,,,723486
2023,1,잠실본동,11710650,185256,234085,136428,1028997
2023,1,잠원동,11650540,117211,119994,114429,1756867
2023,1,장안1동,11230650,91352,106930,75773,1342167
2023,1,장안2동,11230660,93934,119381,68487,996640
2023,1,장위1동,11290760,77833,67312,88354,708546
2023,1,장위2동,11290770,88883,110466,67299,679894
2023,1,장위3동,11290780,87034,118475,55592,652601
2023,1,장지동,11710646,203356,195574,211137,1278355
2023,1,장충동,11140580,162044,172182,151907,1017925
2023,1,전농1동,11230560,103847,116774,90919,1126695
2023,1,전농2동,11230570,93965,127864,60067,977568
2023,1,정릉1동,11290620,100930,132860,69000,412365
2023,1,정릉2동,11290630,99432,120089,78774,1094889
2023,1,정릉3동,11290640,66624,95300,37947,3327126
2023,1,정릉4동,11290650,102011,147239,56783,3570914
2023,1,제기동,11230545,88121,120318,55925,1181705
2023,1,조원동,11620725,105473,147362,63584,666607
2023,1,종로1234가동,11110615,187156,245914,128398,2417171
2023,1,종로56가동,11110630,286159,280661,291657,603167
2023,1,종암동,11290705,95261,102096,88426,1404527
2023,1,중계1동,11350621,129021,173803,84238,623451
2023,1,중계23동,11350625,158015,153567,162462,919083
2023,1,중계4동,11350624,100865,150424,51306,1519449
2023,1,중계본동,11350619,103273,132119,74428,2183234
2023,1,중곡1동,11215740,84961,113740,56182,614505
2023,1,중곡2동,11215750,97718,107089,88348,545542
2023,1,중곡3동,11215760,96870,98719,95021,601866
2023,1,중곡4동,11215770,85666,113315,58017,2313468
2023,1,중림동,11140680,307678,348453,266902,484384
2023,1,중앙동,11620615,113777,164566,62987,384728
2023,1,중화1동,11260600,63389,80602,46176,641493
2023,1,중화2동,11260610,89744,116573,62915,1016955
2023,1,증산동,11380640,80435,66403,94467,807409
2023,1,진관동,11380690,131709,140834,122584,11565110
2023,1,창1동,11320511,110861,93776,127946,1122171
2023,1,창2동,11320512,100846,97784,103908,654442
2023,1,창3동,11320513,74367,87621,61113,655485
2023,1,창4동,11320514,146251,224296,68206,1140172
2023,1,창5동,11320515,132138,168232,96044,701480
2023,1,창신1동,11110670,192102,195088,189117,305337
2023,1,창신2동,11110680,130739,158077,103402,257323
2023,1,창신3동,11110690,,,,216835
2023,1,천연동,11410520,126679,186416,66942,982817
2023,1,천호1동,11740600,107993,114331,101655,668998
2023,1,천호2동,11740610,93639,100954,86325,1850853
2023,1,천호3동,11740620,100219,117124,83314,561872
2023,1,청구동,11140645,169627,146151,193104,342571
2023,1,청담동,11680565,171914,184430,159398,2329217
2023,1,청량리동,11230705,90637,121204,60070,1204398
2023,1,청룡동,11620595,130593,141481,119705,1195604
2023,1,청림동,11620545,137783,,137783,297155
2023,1,청운효자동,11110515,151256,225252,77260,2568432
2023,1,청파동,11170555,108114,145368,70860,886225
2023,1,충현동,11410565,128797,144404,113189,1116001
2023,1,평창동,11110560,116535,,116535,8947328
2023,1,풍납1동,11710510,90702,114916,66489,1075294
2023,1,풍납2동,11710520,96054,126251,65856,2564554
2023,1,필동,11140570,188615,217191,160040,1464686
2023,1,하계1동,11350611,88553,120284,56822,1527061
2023,1,하계2동,11350612,171263,241719,100806,500023
2023,1,한강로동,11170625,121102,133044,109161,2869816
2023,1,한남동,11170685,146607,163414,129799,3031897
2023,1,합정동,11440680,179518,207122,151915,1712389
2023,1,항동,11530800,177474,228470,126479,1446941
2023,1,행당1동,11200560,224350,195329,253371,573566
2023,1,행당2동,11200570,211680,171728,251632,457669
2023,1,행운동,11620575,122273,121392,123155,718235
2023,1,혜화동,11110650,166815,197809,135821,1132421
2023,1,홍은1동,11410660,105857,103390,108323,1615140
2023,1,홍은2동,11410685,90205,122937,57472,2075085
2023,1,홍제1동,11410620,87658,101052,74265,1235632
2023,1,홍제2동,11410655,121510,114536,128484,699978
2023,1,홍제3동,11410640,100751,129398,72104,1192508
2023,1,화곡1동,11500540,95861,93766,97956,1197746
2023,1,화곡2동,11500550,107530,160411,54649,454621
2023,1,화곡3동,11500560,140940,114734,167147,521858
2023,1,화곡4동,11500570,95474,129130,61817,852049
2023,1,화곡6동,11500591,144691,172549,116834,1037911
2023,1,화곡8동,11500593,131627,146081,117173,593322
2023,1,화곡본동,11500590,110049,124773,95324,972735
2023,1,화양동,11215710,140256,171204,109309,1166008
2023,1,황학동,11140670,197748,213971,181525,328640
2023,1,회기동,11230710,119096,144702,93489,766917
2023,1,회현동,11140540,317236,374465,260007,897827
2023,1,효창동,11170580,117586,177630,57542,446197
2023,1,후암동,11170510,116868,159727,74009,865892
2023,1,휘경1동,11230720,78714,113460,43967,521796
2023,1,휘경2동,11230730,110476,76179,144773,1113609
2023,1,흑석동,11590605,113468,144505,82430,1708306
2023,2,가락1동,11710631,123187,82274,164101,1393228
2023,2,가락2동,11710632,129203,172418,85988,932311
2023,2,가락본동,11710620,138147,157068,119227,1014738
2023,2,가리봉동,11530595,117465,122723,112208,410996
2023,2,가산동,11545510,126809,156971,96646,2512852
2023,2,가양1동,11500603,192803,255945,129660,4970691
2023,2,가양2동,11500604,,,,823874
2023,2,가양3동,11500605,79032,,79032,474228
2023,2,가회동,11110600,161368,219095,103642,539955
2023,2,갈현1동,11380551,90532,128086,52978,961071
2023,2,갈현2동,11380552,80844,100912,60776,985165
2023,2,강일동,11740515,143533,177619,109447,3647520
2023,2,개봉1동,11530740,103457,95244,111671,1320319
2023,2,개봉2동,11530750,184934,174351,195517,782524
2023,2,개봉3동,11530760,150259,132061,168457,828418
2023,2,개포1동,11680660,,,,1449952
2023,2,개포2동,11680670,159730,176496,142964,2243338
2023,2,개포4동,11680690,87995,90350,85640,1665461
2023,2,거여1동,11710531,155189,220415,89963,522308
2023,2,거여2동,11710532,207207,347569,66846,612901
2023,2,고덕1동,11740550,146285,214480,78089,1518495
2023,2,고덕2동,11740560,159563,153722,165405,2206786
2023,2,고척1동,11530720,112686,147709,77663,1151238
2023,2,고척2동,11530730,95201,95343,95059,1025572
2023,2,공덕동,11440565,101760,103533,99988,1019197
2023,2,공릉1동,11350595,91822,111263,72380,1263261
2023,2,공릉2동,11350600,110745,129641,91848,6983449
2023,2,공항동,11500620,107263,134420,80106,10861768
2023,2,광장동,11215810,133834,168735,98933,2393761
2023,2,광희동,11140590,260770,277501,244039,737204
2023,2,교남동,11110580,,,,346926
2023,2,구로1동,11530520,69558,,69558,1008892
2023,2,구로2동,11530530,120736,125433,116040,1703350
2023,2,구로3동,11530540,160496,172546,148446,1040120
2023,2,구로4동,11530550,133306,140471,126140,524507
2023,2,구로5동,11530560,121476,147342,95609,1012473
2023,2,구산동,11380560,96320,100544,92097,1389775
2023,2,구의1동,11215850,103271,123256,83286,565313
2023,2,구의2동,11215860,103953,122635,85270,1388041
2023,2,구의3동,11215870,112852,124042,101662,1027561
2023,2,군자동,11215730,131216,124371,138062,738025
2023,2,금호1가동,11200590,165635,,165635,444872
2023,2,금호23가동,11200615,183309,213920,152697,631196
2023,2,금호4가동,11200620,238589,285547,191631,832333
2023,2,길동,11740685,107505,123346,91665,1631616
2023,2,길음1동,11290660,146490,149284,143697,797310
2023,2,길음2동,11290685,161273,201764,120782,588002
2023,2,낙성대동,11620585,130447,196415,64478,2262818
2023,2,난곡동,11620775,166388,130448,202328,972373
2023,2,난향동,11620715,39688,,39688,821397
2023,2,남가좌1동,11410690,170407,182615,158198,475536
2023,2,남가좌2동,11410700,133125,119689,146562,783775
2023,2,남영동,11170530,144805,151047,138564,1177788
2023,2,남현동,11620630,135901,172268,99535,3281024
2023,2,내곡동,11650660,80231,52458,108004,12708880
2023,2,노량진1동,11590510,148975,172043,125907,1613446
2023,2,노량진2동,11590520,188508,203533,173484,600568
2023,2,녹번동,11380510,99881,103313,96449,1794215
2023,2,논현1동,11680521,159312,206568,112056,1258744
2023,2,논현2동,11680531,145078,168654,121501,1458524
2023,2,능동,11215780,111551,125668,97435,1092105
2023,2,다산동,11140625,175007,235252,114762,523971
2023,2,답십리1동,11230600,112111,136503,87719,788242
2023,2,답십리2동,11230610,81819,108519,55119,875745
2023,2,당산1동,11560550,114736,136424,93048,745305
2023,2,당산2동,11560560,133628,148631,118626,1581310
2023,2,대림1동,11560700,92398,105867,78930,498978
2023,2,대림2동,11560710,153101,159838,146364,572540
2023,2,대림3동,11560720,115255,143671,86840,921696
2023,2,대방동,11590660,88632,103421,73842,1544903
2023,2,대조동,11380570,106089,122475,89702,851692
2023,2,대치1동,11680600,241294,305359,177229,809823
2023,2,대치2동,11680610,173292,198809,147774,1837367
2023,2,대치4동,11680630,162896,207705,118087,701081
2023,2,대학동,11620735,94866,123396,66336,8405183
2023,2,대흥동,11440600,128478,163294,93662,858570
2023,2,도곡1동,11680655,162285,176079,148492,1050609
2023,2,도곡2동,11680656,167638,174258,161017,990763
2023,2,도림동,11560585,99397,128132,70663,585885
2023,2,도봉1동,11320521,95156,115258,75054,8451468
2023,2,도봉2동,11320522,105635,122548,88723,1119031
2023,2,도화동,11440585,123912,168769,79055,625018
2023,2,독산1동,11545610,100481,109722,91239,2061921
2023,2,독산2동,11545620,76625,83172,70078,617174
2023,2,독산3동,11545630,86653,100062,73245,934985
2023,2,독산4동,11545640,88195,119133,57258,591045
2023,2,돈암1동,11290580,,,,488898
2023,2,돈암2동,11290590,113866,,113866,518335
2023,2,동선동,11290575,123332,148466,98197,724957
2023,2,동화동,11140665,174583,208720,140446,327045
2023,2,둔촌1동,11740690,,,,912178
2023,2,둔촌2동,11740700,82903,107628,58177,1550455
2023,2,등촌1동,11500520,108914,150221,67608,650741
2023,2,등촌2동,11500530,141378,175919,106837,910666
2023,2,등촌3동,11500535,133232,155553,110912,1060362
2023,2,마장동,11200540,165478,167208,163748,1035276
2023,2,마천1동,11710540,65053,78847,51260,575258
2023,2,마천2동,11710550,135208,135208,,890688
2023,2,망우3동,11260660,59785,90898,28671,962561
2023,2,망우본동,11260655,81912,98381,65444,2948109
2023,2,망원1동,11440690,129381,164421,94341,1101005
2023,2,망원2동,11440700,117876,144989,90763,676411
2023,2,면목2동,11260520,63976,86284,41667,763122
2023,2,면목38동,11260575,79004,100242,57765,1614117
2023,2,면목4동,11260540,70847,82811,58883,843466
2023,2,면목5동,11260550,60428,84445,36411,704936
2023,2,면목7동,11260570,85500,108324,62676,1236134
2023,2,면목본동,11260565,84440,118336,50543,849019
2023,2,명동,11140550,281425,355871,206979,969729
2023,2,명일1동,11740530,120287,155023,85552,634942
2023,2,명일2동,11740540,138835,207504,70166,914329
2023,2,목1동,11470510,152556,196996,108115,1433111
2023,2,목2동,11470520,110094,97958,122229,1021355
2023,2,목3동,11470530,121643,114182,129104,531850
2023,2,목4동,11470540,121800,132228,111373,577493
2023,2,목5동,11470550,158790,201035,116546,1766361
2023,2,무악동,11110570,,,,369520
2023,2,묵1동,11260620,94605,102289,86921,1238436
2023,2,묵2동,11260630,91362,88889,93834,669204
2023,2,문래동,11560605,105385,103986,106784,1786708
2023,2,문정1동,11710641,120561,151594,89529,612546
2023,2,문정2동,11710642,167400,221302,113498,2242033
2023,2,미성동,11620765,87811,94240,81382,1359429
2023,2,미아동,11305535,102930,122070,83790,841204
2023,2,반포1동,11650560,162634,196016,129251,992368
2023,2,반포2동,11650570,,,,1396031
2023,2,반포3동,11650580,159850,,159850,1251708
2023,2,반포4동,11650581,145796,166106,125487,1427141
2023,2,반포본동,11650550,114601,114601,,972536
2023,2,발산1동,11500611,136288,157748,114828,2887669
2023,2,방배1동,11650600,111252,128021,94484,689244
2023,2,방배2동,11650610,127837,141748,113926,1904030
2023,2,방배3동,11650620,111079,129162,92997,2375134
2023,2,방배4동,11650621,100428,131550,69306,949527
2023,2,방배본동,11650590,108791,143527,74055,677510
2023,2,방이1동,11710561,123117,94004,152229,609259
2023,2,방이2동,11710562,164920,191965,137874,769841
2023,2,방학1동,11320690,147197,166835,127559,1040857
2023,2,방학2동,11320700,86530,109445,63614,1092814
2023,2,방학3동,11320710,101421,115860,86982,1951026
2023,2,방화1동,11500630,116468,152945,79991,1475606
2023,2,방화2동,11500640,113660,102502,124818,6157541
2023,2,방화3동,11500641,147255,227101,67409,2558908
2023,2,번1동,11305595,73495,82323,64666,627036
2023,2,번2동,11305603,55644,68883,42404,974298
2023,2,번3동,11305608,84733,107620,61845,1081177
2023,2,보광동,11170700,94721,105448,83994,715096
2023,2,보라매동,11620525,103589,98061,109116,750225
2023,2,보문동,11290610,91134,123769,58498,553006
2023,2,부암동,11110550,109504,109504,,2274739
2023,2,북가좌1동,11410710,173138,138773,207504,577979
2023,2,북가좌2동,11410720,83799,111412,56186,824866
2023,2,북아현동,11410555,87312,124652,49971,458945
2023,2,불광1동,11380520,84400,108122,60677,3124927
2023,2,불광2동,11380530,82155,89502,74807,1396089
2023,2,사근동,11200550,358070,336174,379966,1169216
2023,2,사당1동,11590620,141222,134327,148117,635172
2023,2,사당2동,11590630,159002,225561,92442,2763201
2023,2,사당3동,11590640,146530,152559,140500,907684
2023,2,사당4동,11590650,125554,182536,68572,436148
2023,2,사당5동,11590651,97253,97955,96552,682199
2023,2,사직동,11110530,141193,188607,93778,1158536
2023,2,삼각산동,11305575,115333,90482,140184,621911
2023,2,삼선동,11290555,93260,131978,54542,926227
2023,2,삼성1동,11680580,219767,124763,314772,1944629
2023,2,삼성2동,11680590,178562,165487,191637,1242271
2023,2,삼성동,11620745,78386,110685,46086,2604386
2023,2,삼양동,11305534,90913,99580,82246,924092
2023,2,삼전동,11710610,149205,169529,128880,953338
2023,2,삼청동,11110540,169873,169873,,1479255
2023,2,상계10동,11350720,74110,,74110,809214
2023,2,상계1동,11350630,87217,113071,61363,5402614
2023,2,상계2동,11350640,155245,181849,128642,623125
2023,2,상계34동,11350665,168847,99959,237734,5211708
2023,2,상계5동,11350670,73359,95967,50752,906891
2023,2,상계67동,11350695,146166,190576,101755,1450295
2023,2,상계8동,11350700,178601,270668,86534,666348
2023,2,상계9동,11350710,90024,114861,65187,719445
2023,2,상도1동,11590530,150924,140005,161843,1488648
2023,2,상도2동,11590540,126858,165497,88218,772865
2023,2,상도3동,11590550,127542,178377,76706,637199
2023,2,상도4동,11590560,90985,118152,63817,939562
2023,2,상봉1동,11260580,86493,104799,68187,854219
2023,2,상봉2동,11260590,104621,142082,67160,677445
2023,2,상암동,11440740,125406,162964,87847,8402415
2023,2,상일동,11740520,135921,165837,106004,1813623
2023,2,서강동,11440655,161160,176631,145689,1478577
2023,2,서교동,11440660,170213,198869,141557,1678981
2023,2,서림동,11620665,82142,99781,64504,941252
2023,2,서빙고동,11170690,78573,72545,84601,2821948
2023,2,서원동,11620645,160673,219483,101862,647532
2023,2,서초1동,11650510,149620,166243,132997,1382685
2023,2,서초2동,11650520,233320,307884,158757,1230924
2023,2,서초3동,11650530,127258,156111,98405,2998572
2023,2,서초4동,11650531,188483,250704,126263,879773
2023,2,석관동,11290810,72203,99621,44785,1705061
2023,2,석촌동,11710600,143817,170231,117403,946914
2023,2,성내1동,11740640,82576,96367,68786,663675
2023,2,성내2동,11740650,106286,116279,96293,625147
2023,2,성내3동,11740660,121385,166768,76003,647356
2023,2,성북동,11290525,96928,127660,66197,2879912
2023,2,성산1동,11440720,108003,114496,101511,859254
2023,2,성산2동,11440730,121662,110678,132646,1978724
2023,2,성수1가1동,11200650,224435,231957,216913,1885875
2023,2,성수1가2동,11200660,285984,325673,246295,930086
2023,2,성수2가1동,11200670,224887,219428,230346,1184964
2023,2,성수2가3동,11200690,233531,248828,218234,1054501
2023,2,성현동,11620565,142632,109439,175825,678223
2023,2,세곡동,11680700,141630,162746,120514,6367772
2023,2,소공동,11140520,253327,244457,262197,943795
2023,2,송정동,11200720,279367,180994,377739,681916
2023,2,송중동,11305545,108511,136793,80230,1075796
2023,2,송천동,11305555,70876,92534,49218,929913
2023,2,송파1동,11710580,159775,165396,154155,686925
2023,2,송파2동,11710590,125974,162868,89080,631023
2023,2,수궁동,11530790,101930,106365,97496,2661352
2023,2,수색동,11380650,85662,105287,66036,1290258
2023,2,수서동,11680750,93337,,93337,1629403
2023,2,수유1동,11305615,84823,93472,76174,1649963
2023,2,수유2동,11305625,56911,80904,32918,581617
2023,2,수유3동,11305635,92962,119656,66268,745645
2023,2,숭인1동,11110700,124675,165835,83515,239396
2023,2,숭인2동,11110710,133623,161002,106245,351906
2023,2,시흥1동,11545670,116481,151387,81575,1524148
2023,2,시흥2동,11545680,54286,,54286,1308882
2023,2,시흥3동,11545690,82590,118545,46635,1261391
2023,2,시흥4동,11545700,116815,116815,,821709
2023,2,시흥5동,11545710,84168,91030,77305,1386972
2023,2,신길1동,11560630,103344,140336,66352,722925
2023,2,신길3동,11560650,89362,89362,,520083
2023,2,신길4동,11560660,103716,77009,130423,292127
2023,2,신길5동,11560670,117308,117308,,494653
2023,2,신길6동,11560680,98660,119365,77956,653511
2023,2,신길7동,11560690,126064,133458,118671,642487
2023,2,신내1동,11260680,92683,118992,66375,2606949
2023,2,신내2동,11260690,85338,130046,40631,911281
2023,2,신당5동,11140650,224402,257270,191533,319706
2023,2,신당동,11140615,394262,345447,443077,534942
2023,2,신대방1동,11590670,97113,131399,62827,675281
2023,2,신대방2동,11590680,112377,158070,66684,977033
2023,2,신도림동,11530510,150157,186711,113603,1392788
2023,2,신림동,11620695,132746,159671,105820,541240
2023,2,신사1동,11380631,90158,95564,84752,808314
2023,2,신사2동,11380632,82284,119514,45053,1046222
2023,2,신사동,11620685,100569,129803,71335,641031
2023,2,신사동,11680510,182060,214497,149623,2059234
2023,2,신수동,11440630,144017,152286,135749,797879
2023,2,신원동,11620655,93280,125142,61418,544977
2023,2,신월1동,11470560,96336,101085,91587,622400
2023,2,신월2동,11470570,131800,161502,102099,606811
2023,2,신월3동,11470580,148040,122678,173402,918039
2023,2,신월4동,11470590,127371,144369,110374,469873
2023,2,신월5동,11470600,74011,104758,43263,638302
2023,2,신월6동,11470610,110743,125115,96371,444286
2023,2,신월7동,11470611,109204,105708,112700,1230628
2023,2,신정1동,11470620,114735,149267,80203,747568
2023,2,신정2동,11470630,89142,119682,58603,525899
2023,2,신정3동,11470640,107392,154454,60329,2756536
2023,2,신정4동,11470650,128719,125913,131525,997144
2023,2,신정6동,11470670,133212,180920,85505,940885
2023,2,신정7동,11470680,114171,186624,41718,1234130
2023,2,신촌동,11410585,166628,198757,134499,2720364
2023,2,쌍문1동,11320660,118850,117534,120165,1175774
2023,2,쌍문2동,11320670,121027,157938,84115,541193
2023,2,쌍문3동,11320680,126606,140229,112983,504805
2023,2,쌍문4동,11320681,115568,117379,113758,554868
2023,2,아현동,11440555,142847,170285,115408,744328
2023,2,안암동,11290600,110865,143134,78596,1379571
2023,2,암사1동,11740570,106393,129480,83306,735480
2023,2,암사2동,11740580,102027,130170,73883,2174329
2023,2,암사3동,11740590,219765,182239,257291,1799368
2023,2,압구정동,11680545,198719,248747,148691,2345057
2023,2,약수동,11140635,272632,254421,290842,486369
2023,2,양재1동,11650651,109632,130121,89143,5765358
2023,2,양재2동,11650652,111346,137542,85150,7562268
2023,2,양평1동,11560610,132505,179975,85036,974912
2023,2,양평2동,11560620,114875,114686,115065,2874596
2023,2,여의동,11560540,182365,242636,122094,8437543
2023,2,역삼1동,11680640,174346,177129,171563,2362133
2023,2,역삼2동,11680650,171316,176840,165793,1135029
2023,2,역촌동,11380625,87740,93979,81501,1157542
2023,2,연남동,11440710,131015,157695,104336,647438
2023,2,연희동,11410615,123333,125524,121142,2929172
2023,2,염리동,11440610,178628,178628,,491468
2023,2,염창동,11500510,107314,131277,83351,1732856
2023,2,영등포동,11560535,118253,126169,110337,1372094
2023,2,영등포본동,11560515,106143,128671,83614,846370
2023,2,오금동,11710570,124327,151100,97554,1648868
2023,2,오류1동,11530770,121660,93081,150238,727414
2023,2,오류2동,11530780,132143,154502,109784,3061018
2023,2,오륜동,11710566,317278,317278,,3085088
2023,2,옥수동,11200645,324194,433922,214466,1922027
2023,2,왕십리2동,11200520,209598,200353,218844,372425
2023,2,왕십리도선동,11200535,239674,247577,231771,710285
2023,2,용강동,11440590,165542,202438,128647,790602
2023,2,용답동,11200790,126114,169497,82730,2377148
2023,2,용문동,11170590,127380,152993,101766,277531
2023,2,용산2가동,11170520,101343,119771,82914,1966853
2023,2,용신동,11230536,94032,109733,78332,1618399
2023,2,우이동,11305645,64322,90181,38464,10587752
2023,2,우장산동,11500615,119358,138511,100205,1261588
2023,2,원효로1동,11170560,107412,111653,103171,589017
2023,2,원효로2동,11170570,94043,90764,97322,708975
2023,2,월계1동,11350560,132328,153597,111059,1107461
2023,2,월계2동,11350570,127870,125487,130253,2004785
2023,2,월계3동,11350580,87537,111334,63739,1168283
2023,2,월곡1동,11290715,97314,124724,69905,801757
2023,2,월곡2동,11290725,80412,105528,55296,1364901
2023,2,위례동,11710647,144513,192786,96240,2537372
2023,2,은천동,11620605,99297,137858,60736,776212
2023,2,을지로동,11140605,247564,329426,165702,611524
2023,2,응봉동,11200580,296341,,296341,553662
2023,2,응암1동,11380580,97912,123748,72076,1109863
2023,2,응암2동,11380590,97302,103093,91512,755247
2023,2,응암3동,11380600,83526,114537,52516,752773
2023,2,이문1동,11230740,127072,162180,91963,1039602
2023,2,이문2동,11230750,94483,137725,51241,723890
2023,2,이촌1동,11170630,252552,359302,145801,2872767
2023,2,이촌2동,11170640,73301,59597,87004,1205543
2023,2,이태원1동,11170650,182180,213394,150966,582899
2023,2,이태원2동,11170660,150380,192326,108434,874243
2023,2,이화동,11110640,127050,181404,72696,782395
2023,2,인수동,11305660,60437,78648,42226,2998011
2023,2,인헌동,11620625,114126,160215,68036,1089078
2023,2,일원1동,11680730,128100,130493,125707,953471
2023,2,일원2동,11680740,217933,,217933,1300290
2023,2,일원본동,11680720,,,,2354625
2023,2,자양1동,11215820,92354,121967,62742,568868
2023,2,자양2동,11215830,85784,91432,80135,1657523
2023,2,자양3동,11215840,100646,110579,90712,1196419
2023,2,자양4동,11215847,114796,140345,89247,1180023
2023,2,잠실2동,11710670,411464,509170,313759,2686850
2023,2,잠실3동,11710680,151488,105223,197754,1542643
2023,2,잠실4동,11710690,,,,780204
2023,2,잠실6동,11710710,189325,225867,152783,1508001
2023,2,잠실7동,11710720,,,,723486
2023,2,잠실본동,11710650,163085,216123,110046,1028997
2023,2,잠원동,11650540,123495,132627,114363,1756867
2023,2,장안1동,11230650,87242,104852,69633,1342167
2023,2,장안2동,11230660,89364,119039,59688,996640
2023,2,장위1동,11290760,71754,57382,86125,708546
2023,2,장위2동,11290770,107702,129361,86044,679894
2023,2,장위3동,11290780,89791,129168,50414,652601
2023,2,장지동,11710646,149079,157257,140901,1278355
2023,2,장충동,11140580,182043,211625,152460,1017925
2023,2,전농1동,11230560,97846,124003,71688,1126695
2023,2,전농2동,11230570,92142,127606,56679,977568
2023,2,정릉1동,11290620,91286,107236,75337,412365
2023,2,정릉2동,11290630,110284,111081,109487,1094889
2023,2,정릉3동,11290640,80292,80292,,3327126
2023,2,정릉4동,11290650,83062,116846,49279,3570914
2023,2,제기동,11230545,87247,117586,56907,1181705
2023,2,조원동,11620725,104450,157243,51658,666607
2023,2,종로1234가동,11110615,189722,256505,122939,2417171
2023,2,종로56가동,11110630,293452,297898,289006,603167
2023,2,종암동,11290705,76584,104793,48376,1404527
2023,2,중계1동,11350621,139854,191151,88556,623451
2023,2,중계23동,11350625,144672,143391,145953,919083
2023,2,중계4동,11350624,104557,141146,67969,1519449
2023,2,중계본동,11350619,84726,103769,65683,2183234
2023,2,중곡1동,11215740,92980,108788,77172,614505
2023,2,중곡2동,11215750,78863,101834,55892,545542
2023,2,중곡3동,11215760,76944,96366,57521,601866
2023,2,중곡4동,11215770,103981,143352,64610,2313468
2023,2,중림동,11140680,297493,354776,240210,484384
2023,2,중앙동,11620615,116414,166662,66166,384728
2023,2,중화1동,11260600,67096,76505,57687,641493
2023,2,중화2동,11260610,86702,117226,56179,1016955
2023,2,증산동,11380640,63472,69177,57768,807409
2023,2,진관동,11380690,119319,144184,94453,11565110
2023,2,창1동,11320511,96659,112290,81028,1122171
2023,2,창2동,11320512,155292,156461,154124,654442
2023,2,창3동,11320513,91253,123449,59058,655485
2023,2,창4동,11320514,184477,268395,100560,1140172
2023,2,창5동,11320515,177538,228878,126199,701480
2023,2,창신1동,11110670,201891,219762,184020,305337
2023,2,창신2동,11110680,112629,163443,61815,257323
2023,2,창신3동,11110690,,,,216835
2023,2,천연동,11410520,126574,189736,63412,982817
2023,2,천호1동,11740600,118404,115894,120914,668998
2023,2,천호2동,11740610,94185,109864,78505,1850853
2023,2,천호3동,11740620,122243,136484,108003,561872
2023,2,청구동,11140645,160147,139527,180766,342571
2023,2,청담동,11680565,175392,167342,183443,2329217
2023,2,청량리동,11230705,85188,109695,60681,1204398
2023,2,청룡동,11620595,111692,129055,94329,1195604
2023,2,청림동,11620545,155868,155868,,297155
2023,2,청운효자동,11110515,133334,206441,60228,2568432
2023,2,청파동,11170555,105793,137214,74373,886225
2023,2,충현동,11410565,125841,132841,118840,1116001
2023,2,평창동,11110560,126802,147356,106248,8947328
2023,2,풍납1동,11710510,117901,117901,,1075294
2023,2,풍납2동,11710520,79001,94435,63568,2564554
2023,2,필동,11140570,167234,165328,169141,1464686
2023,2,하계1동,11350611,91344,119141,63547,1527061
2023,2,하계2동,11350612,105405,,105405,500023
2023,2,한강로동,11170625,130702,153052,108351,2869816
2023,2,한남동,11170685,139871,159078,120663,3031897
2023,2,합정동,11440680,148370,174775,121964,1712389
2023,2,항동,11530800,168173,212545,123802,1446941
2023,2,행당1동,11200560,226068,219364,232771,573566
2023,2,행당2동,11200570,192822,221867,163776,457669
2023,2,행운동,11620575,141268,122309,160226,718235
2023,2,혜화동,11110650,153644,204479,102810,1132421
2023,2,홍은1동,11410660,107774,107793,107755,1615140
2023,2,홍은2동,11410685,94805,113000,76609,2075085
2023,2,홍제1동,11410620,72650,90816,54485,1235632
2023,2,홍제2동,11410655,89278,114536,64020,699978
2023,2,홍제3동,11410640,98540,139594,57486,1192508
2023,2,화곡1동,11500540,96659,98596,94722,1197746
2023,2,화곡2동,11500550,149536,173573,125499,454621
2023,2,화곡3동,11500560,118521,109741,127301,521858
2023,2,화곡4동,11500570,96037,136471,55603,852049
2023,2,화곡6동,11500591,145878,152126,139631,1037911
2023,2,화곡8동,11500593,99191,128620,69761,593322
2023,2,화곡본동,11500590,117646,131677,103614,972735
2023,2,화양동,11215710,128875,157048,100703,1166008
2023,2,황학동,11140670,206978,219031,194925,328640
2023,2,회기동,11230710,106797,143524,70071,766917
2023,2,회현동,11140540,333760,402204,265317,897827
2023,2,효창동,11170580,135790,177888,93691,446197
2023,2,후암동,11170510,87841,128452,47231,865892
2023,2,휘경1동,11230720,81286,114584,47987,521796
2023,2,휘경2동,11230730,72965,82740,63189,1113609
2023,2,흑석동,11590605,117443,147722,87164,1708306
2023,3,가락1동,11710631,128373,92931,163815,1393228
2023,3,가락2동,11710632,106984,140921,73046,932311
2023,3,가락본동,11710620,139346,170644,108048,1014738
2023,3,가리봉동,11530595,120224,142261,98187,410996
2023,3,가산동,11545510,131085,165944,96227,2512852
2023,3,가양1동,11500603,171279,224104,118455,4970691
2023,3,가양2동,11500604,98146,,98146,823874
2023,3,가양3동,11500605,124658,,124658,474228
2023,3,가회동,11110600,156995,203272,110717,539955
2023,3,갈현1동,11380551,84599,115148,54050,961071
2023,3,갈현2동,11380552,85467,107842,63092,985165
2023,3,강일동,11740515,154243,213132,95354,3647520
2023,3,개봉1동,11530740,109899,116178,103619,1320319
2023,3,개봉2동,11530750,158155,142062,174248,782524
2023,3,개봉3동,11530760,93613,93613,,828418
2023,3,개포1동,11680660,,,,1449952
2023,3,개포2동,11680670,187591,157316,217866,2243338
2023,3,개포4동,11680690,93972,118846,69099,1665461
2023,3,거여1동,11710531,102527,160600,44454,522308
2023,3,거여2동,11710532,193081,296450,89712,612901
2023,3,고덕1동,11740550,139166,186527,91805,1518495
2023,3,고덕2동,11740560,157741,165536,149946,2206786
2023,3,고척1동,11530720,111102,137579,84625,1151238
2023,3,고척2동,11530730,95344,95264,95425,1025572
2023,3,공덕동,11440565,124235,133552,114919,1019197
2023,3,공릉1동,11350595,87943,114579,61306,1263261
2023,3,공릉2동,11350600,117300,132475,102125,6983449
2023,3,공항동,11500620,111639,138186,85092,10861768
2023,3,광장동,11215810,117841,162266,73417,2393761
2023,3,광희동,11140590,229385,238794,219976,737204
2023,3,교남동,11110580,,,,346926
2023,3,구로1동,11530520,138878,198232,79524,1008892
2023,3,구로2동,11530530,123630,137774,109486,1703350
2023,3,구로3동,11530540,164706,185139,144273,1040120
2023,3,구로4동,11530550,137171,136642,137701,524507
2023,3,구로5동,11530560,122119,141177,103061,1012473
2023,3,구산동,11380560,80048,101171,58926,1389775
2023,3,구의1동,11215850,105023,128461,81585,565313
2023,3,구의2동,11215860,100941,132595,69286,1388041
2023,3,구의3동,11215870,103183,119593,86773,1027561
2023,3,군자동,11215730,124806,127231,122382,738025
2023,3,금호1가동,11200590,184490,184275,184704,444872
2023,3,금호23가동,11200615,179505,171679,187331,631196
2023,3,금호4가동,11200620,221042,247301,194783,832333
2023,3,길동,11740685,108537,131131,85943,1631616
2023,3,길음1동,11290660,147683,153324,142041,797310
2023,3,길음2동,11290685,160011,209664,110359,588002
2023,3,낙성대동,11620585,133919,196058,71779,2262818
2023,3,난곡동,11620775,82248,101036,63459,972373
2023,3,난향동,11620715,87537,87537,,821397
2023,3,남가좌1동,11410690,123169,149476,96861,475536
2023,3,남가좌2동,11410700,162771,151020,174521,783775
2023,3,남영동,11170530,126215,136675,115756,1177788
2023,3,남현동,11620630,149477,159173,139782,3281024
2023,3,내곡동,11650660,104667,,104667,12708880
2023,3,노량진1동,11590510,140237,176587,103888,1613446
2023,3,노량진2동,11590520,227754,309185,146323,600568
2023,3,녹번동,11380510,95699,100830,90568,1794215
2023,3,논현1동,11680521,164182,217008,111355,1258744
2023,3,논현2동,11680531,141155,160138,122173,1458524
2023,3,능동,11215780,118504,129943,107064,1092105
2023,3,다산동,11140625,196129,207753,184505,523971
2023,3,답십리1동,11230600,104763,135938,73588,788242
2023,3,답십리2동,11230610,83130,111781,54479,875745
2023,3,당산1동,11560550,110212,127571,92853,745305
2023,3,당산2동,11560560,126362,153457,99267,1581310
2023,3,대림1동,11560700,93232,111481,74983,498978
2023,3,대림2동,11560710,111297,152273,70321,572540
2023,3,대림3동,11560720,100487,122459,78515,921696
2023,3,대방동,11590660,110024,112138,107910,1544903
2023,3,대조동,11380570,110354,129586,91122,851692
2023,3,대치1동,11680600,247573,305810,189335,809823
2023,3,대치2동,11680610,150218,162389,138046,1837367
2023,3,대치4동,11680630,160216,195400,125031,701081
2023,3,대학동,11620735,88379,122623,54135,8405183
2023,3,대흥동,11440600,127776,184127,71426,858570
2023,3,도곡1동,11680655,144111,177849,110374,1050609
2023,3,도곡2동,11680656,200584,200019,201149,990763
2023,3,도림동,11560585,99882,119790,79974,585885
2023,3,도봉1동,11320521,98449,121605,75292,8451468
2023,3,도봉2동,11320522,108173,130810,85536,1119031
2023,3,도화동,11440585,117759,162558,72960,625018
2023,3,독산1동,11545610,101692,110677,92706,2061921
2023,3,독산2동,11545620,84796,84796,,617174
2023,3,독산3동,11545630,86801,104347,69254,934985
2023,3,독산4동,11545640,90035,123716,56354,591045
2023,3,돈암1동,11290580,,,,488898
2023,3,돈암2동,11290590,83309,,83309,518335
2023,3,동선동,11290575,146005,146293,145717,724957
2023,3,동화동,11140665,167994,144011,191978,327045
2023,3,둔촌1동,11740690,,,,912178
2023,3,둔촌2동,11740700,86112,110138,62085,1550455
2023,3,등촌1동,11500520,114290,128183,100397,650741
2023,3,등촌2동,11500530,119867,127756,111979,910666
2023,3,등촌3동,11500535,112812,147229,78396,1060362
2023,3,마장동,11200540,155919,175136,136703,1035276
2023,3,마천1동,11710540,71761,76527,66994,575258
2023,3,마천2동,11710550,190219,181615,198823,890688
2023,3,망우3동,11260660,52710,66696,38724,962561
2023,3,망우본동,11260655,87039,103347,70730,2948109
2023,3,망원1동,11440690,133894,159672,108115,1101005
2023,3,망원2동,11440700,100690,125839,75540,676411
2023,3,면목2동,11260520,63813,88762,38863,763122
2023,3,면목38동,11260575,75990,106840,45140,1614117
2023,3,면목4동,11260540,66950,71686,62213,843466
2023,3,면목5동,11260550,62999,78060,47938,704936
2023,3,면목7동,11260570,86481,108558,64403,1236134
2023,3,면목본동,11260565,92326,119903,64749,849019
2023,3,명동,11140550,282864,365478,200250,969729
2023,3,명일1동,11740530,119132,149998,88266,634942
2023,3,명일2동,11740540,146852,226648,67056,914329
2023,3,목1동,11470510,144385,178978,109793,1433111
2023,3,목2동,11470520,103638,103157,104120,1021355
2023,3,목3동,11470530,141454,128732,154177,531850
2023,3,목4동,11470540,102735,105983,99487,577493
2023,3,목5동,11470550,173137,229422,116852,1766361
2023,3,무악동,11110570,,,,369520
2023,3,묵1동,11260620,85587,99776,71398,1238436
2023,3,묵2동,11260630,107369,91561,123177,669204
2023,3,문래동,11560605,101707,113275,90138,1786708
2023,3,문정1동,11710641,91597,122956,60238,612546
2023,3,문정2동,11710642,156887,207530,106244,2242033
2023,3,미성동,11620765,99419,97620,101218,1359429
2023,3,미아동,11305535,95413,109688,81139,841204
2023,3,반포1동,11650560,169177,216237,122118,992368
2023,3,반포2동,11650570,190214,,190214,1396031
2023,3,반포3동,11650580,116398,,116398,1251708
2023,3,반포4동,11650581,154321,192795,115847,1427141
2023,3,반포본동,11650550,,,,972536
2023,3,발산1동,11500611,128911,156698,101124,2887669
2023,3,방배1동,11650600,123126,149621,96631,689244
2023,3,방배2동,11650610,120764,128529,112998,1904030
2023,3,방배3동,11650620,126620,158632,94608,2375134
2023,3,방배4동,11650621,107798,142520,73077,949527
2023,3,방배본동,11650590,104418,128092,80743,677510
2023,3,방이1동,11710561,93046,96695,89396,609259
2023,3,방이2동,11710562,140538,159047,122030,769841
2023,3,방학1동,11320690,156864,175053,138674,1040857
2023,3,방학2동,11320700,94895,112885,76904,1092814
2023,3,방학3동,11320710,128133,156831,99436,1951026
2023,3,방화1동,11500630,110107,128045,92169,1475606
2023,3,방화2동,11500640,100156,79333,120979,6157541
2023,3,방화3동,11500641,113963,155689,72237,2558908
2023,3,번1동,11305595,78281,89012,67550,627036
2023,3,번2동,11305603,59158,72377,45938,974298
2023,3,번3동,11305608,80003,94648,65357,1081177
2023,3,보광동,11170700,95911,119076,72745,715096
2023,3,보라매동,11620525,113120,117976,108264,750225
2023,3,보문동,11290610,76677,103291,50062,553006
2023,3,부암동,11110550,113768,113768,,2274739
2023,3,북가좌1동,11410710,103862,94392,113332,577979
2023,3,북가좌2동,11410720,96176,109098,83254,824866
2023,3,북아현동,11410555,89177,117491,60863,458945
2023,3,불광1동,11380520,87325,113248,61402,3124927
2023,3,불광2동,11380530,90054,91659,88450,1396089
2023,3,사근동,11200550,284256,251492,317021,1169216
2023,3,사당1동,11590620,122940,156315,89565,635172
2023,3,사당2동,11590630,141076,172880,109272,2763201
2023,3,사당3동,11590640,101749,98090,105409,907684
2023,3,사당4동,11590650,198604,256651,140558,436148
2023,3,사당5동,11590651,104878,127465,82291,682199
2023,3,사직동,11110530,151294,196249,106339,1158536
2023,3,삼각산동,11305575,110878,107577,114179,621911
2023,3,삼선동,11290555,99189,142988,55391,926227
2023,3,삼성1동,11680580,218043,99286,336801,1944629
2023,3,삼성2동,11680590,174492,158317,190667,1242271
2023,3,삼성동,11620745,69850,69850,,2604386
2023,3,삼양동,11305534,88505,99415,77594,924092
2023,3,삼전동,11710610,136532,150173,122891,953338
2023,3,삼청동,11110540,165382,165382,,1479255
2023,3,상계10동,11350720,135503,201889,69117,809214
2023,3,상계1동,11350630,87147,115685,58608,5402614
2023,3,상계2동,11350640,138715,159404,118026,623125
2023,3,상계34동,11350665,145374,95417,195332,5211708
2023,3,상계5동,11350670,89170,118185,60154,906891
2023,3,상계67동,11350695,144911,184246,105577,1450295
2023,3,상계8동,11350700,162639,231781,93497,666348
2023,3,상계9동,11350710,134226,147981,120472,719445
2023,3,상도1동,11590530,141594,155889,127299,1488648
2023,3,상도2동,11590540,140845,183063,98628,772865
2023,3,상도3동,11590550,114673,142701,86644,637199
2023,3,상도4동,11590560,91671,114733,68610,939562
2023,3,상봉1동,11260580,91210,105488,76931,854219
2023,3,상봉2동,11260590,111753,146834,76672,677445
2023,3,상암동,11440740,134162,178254,90069,8402415
2023,3,상일동,11740520,127832,158488,97176,1813623
2023,3,서강동,11440655,143198,158502,127895,1478577
2023,3,서교동,11440660,157376,173971,140780,1678981
2023,3,서림동,11620665,86640,93174,80106,941252
2023,3,서빙고동,11170690,75113,85540,64685,2821948
2023,3,서원동,11620645,168713,225503,111922,647532
2023,3,서초1동,11650510,134666,145167,124165,1382685
2023,3,서초2동,11650520,204757,261325,148189,1230924
2023,3,서초3동,11650530,138664,158718,118610,2998572
2023,3,서초4동,11650531,239608,328045,151171,879773
2023,3,석관동,11290810,77631,114426,40836,1705061
2023,3,석촌동,11710600,128357,160317,96397,946914
2023,3,성내1동,11740640,86523,102320,70725,663675
2023,3,성내2동,11740650,122930,125690,120171,625147
2023,3,성내3동,11740660,124771,159116,90425,647356
2023,3,성북동,11290525,87256,123206,51307,2879912
2023,3,성산1동,11440720,111399,107347,115451,859254
2023,3,성산2동,11440730,114956,103761,126150,1978724
2023,3,성수1가1동,11200650,211916,250319,173513,1885875
2023,3,성수1가2동,11200660,243256,270695,215817,930086
2023,3,성수2가1동,11200670,187660,188548,186773,1184964
2023,3,성수2가3동,11200690,210446,245450,175442,1054501
2023,3,성현동,11620565,169290,131303,207276,678223
2023,3,세곡동,11680700,119723,155669,83776,6367772
2023,3,소공동,11140520,239534,271072,207997,943795
2023,3,송정동,11200720,182075,180832,183318,681916
2023,3,송중동,11305545,101081,124794,77368,1075796
2023,3,송천동,11305555,60584,77831,43336,929913
2023,3,송파1동,11710580,130360,139303,121416,686925
2023,3,송파2동,11710590,101789,153607,49971,631023
2023,3,수궁동,11530790,122660,107199,138121,2661352
2023,3,수색동,11380650,62705,62705,,1290258
2023,3,수서동,11680750,126264,146166,106362,1629403
2023,3,수유1동,11305615,78815,86473,71156,1649963
2023,3,수유2동,11305625,57620,82349,32891,581617
2023,3,수유3동,11305635,96497,128355,64640,745645
2023,3,숭인1동,11110700,108864,132531,85197,239396
2023,3,숭인2동,11110710,143780,180860,106699,351906
2023,3,시흥1동,11545670,114291,153705,74876,1524148
2023,3,시흥2동,11545680,60905,,60905,1308882
2023,3,시흥3동,11545690,84304,116815,51794,1261391
2023,3,시흥4동,11545700,104745,104745,,821709
2023,3,시흥5동,11545710,84808,104613,65003,1386972
2023,3,신길1동,11560630,101544,126002,77086,722925
2023,3,신길3동,11560650,82129,92305,71954,520083
2023,3,신길4동,11560660,113469,107221,119718,292127
2023,3,신길5동,11560670,90712,111743,69680,494653
2023,3,신길6동,11560680,94786,119549,70024,653511
2023,3,신길7동,11560690,149664,117171,182157,642487
2023,3,신내1동,11260680,95937,116608,75265,2606949
2023,3,신내2동,11260690,123747,125244,122251,911281
2023,3,신당5동,11140650,197866,241473,154258,319706
2023,3,신당동,11140615,389911,332611,447210,534942
2023,3,신대방1동,11590670,97552,123635,71468,675281
2023,3,신대방2동,11590680,134697,189096,80299,977033
2023,3,신도림동,11530510,166735,187906,145564,1392788
2023,3,신림동,11620695,132126,165126,99127,541240
2023,3,신사1동,11380631,98345,110645,86045,808314
2023,3,신사2동,11380632,83238,117571,48904,1046222
2023,3,신사동,11620685,101946,120651,83240,641031
2023,3,신사동,11680510,159029,177870,140188,2059234
2023,3,신수동,11440630,148207,127500,168914,797879
2023,3,신원동,11620655,92584,146213,38954,544977
2023,3,신월1동,11470560,79360,100294,58426,622400
2023,3,신월2동,11470570,99441,92067,106816,606811
2023,3,신월3동,11470580,147729,98502,196956,918039
2023,3,신월4동,11470590,124359,150468,98249,469873
2023,3,신월5동,11470600,76519,104835,48203,638302
2023,3,신월6동,11470610,116106,149855,82357,444286
2023,3,신월7동,11470611,105669,102962,108376,1230628
2023,3,신정1동,11470620,101267,141425,61109,747568
2023,3,신정2동,11470630,86019,117274,54763,525899
2023,3,신정3동,11470640,107363,158950,55776,2756536
2023,3,신정4동,11470650,128646,130438,126854,997144
2023,3,신정6동,11470670,126232,165442,87022,940885
2023,3,신정7동,11470680,128048,198381,57714,1234130
2023,3,신촌동,11410585,163692,204172,123211,2720364
2023,3,쌍문1동,11320660,126293,109701,142884,1175774
2023,3,쌍문2동,11320670,115486,135278,95695,541193
2023,3,쌍문3동,11320680,161050,168854,153246,504805
2023,3,쌍문4동,11320681,116351,103524,129179,554868
2023,3,아현동,11440555,129815,133678,125951,744328
2023,3,안암동,11290600,96709,124280,69139,1379571
2023,3,암사1동,11740570,106468,135220,77716,735480
2023,3,암사2동,11740580,102818,113411,92225,2174329
2023,3,암사3동,11740590,196318,161429,231208,1799368
2023,3,압구정동,11680545,191427,246566,136288,2345057
2023,3,약수동,11140635,313128,297961,328296,486369
2023,3,양재1동,11650651,115360,133323,97396,5765358
2023,3,양재2동,11650652,101732,124547,78918,7562268
2023,3,양평1동,11560610,148445,166926,129964,974912
2023,3,양평2동,11560620,110608,110451,110764,2874596
2023,3,여의동,11560540,165664,221717,109610,8437543
2023,3,역삼1동,11680640,176079,194122,158036,2362133
2023,3,역삼2동,11680650,184237,164704,203769,1135029
2023,3,역촌동,11380625,83182,96617,69747,1157542
2023,3,연남동,11440710,133551,148581,118520,647438
2023,3,연희동,11410615,128051,118796,137306,2929172
2023,3,염리동,11440610,172571,172571,,491468
2023,3,염창동,11500510,109225,140910,77540,1732856
2023,3,영등포동,11560535,125304,140177,110431,1372094
2023,3,영등포본동,11560515,101181,132178,70184,846370
2023,3,오금동,11710570,109514,127439,91588,1648868
2023,3,오류1동,11530770,130832,155435,106229,727414
2023,3,오류2동,11530780,148501,169034,127968,3061018
2023,3,오륜동,11710566,,,,3085088
2023,3,옥수동,11200645,236472,288330,184614,1922027
2023,3,왕십리2동,11200520,167918,156446,179391,372425
2023,3,왕십리도선동,11200535,198735,198089,199382,710285
2023,3,용강동,11440590,132545,171903,93187,790602
2023,3,용답동,11200790,119463,146528,92397,2377148
2023,3,용문동,11170590,105270,117519,93022,277531
2023,3,용산2가동,11170520,100221,116110,84331,1966853
2023,3,용신동,11230536,94538,114647,74429,1618399
2023,3,우이동,11305645,75720,100151,51289,10587752
2023,3,우장산동,11500615,86822,113669,59976,1261588
2023,3,원효로1동,11170560,111402,117256,105547,589017
2023,3,원효로2동,11170570,76110,92383,59837,708975
2023,3,월계1동,11350560,120812,173891,67734,1107461
2023,3,월계2동,11350570,87400,125242,49558,2004785
2023,3,월계3동,11350580,99933,141769,58096,1168283
2023,3,월곡1동,11290715,92721,124428,61014,801757
2023,3,월곡2동,11290725,81091,103208,58975,1364901
2023,3,위례동,11710647,140853,199199,82507,2537372
2023,3,은천동,11620605,98226,148861,47591,776212
2023,3,을지로동,11140605,221983,299221,144745,611524
2023,3,응봉동,11200580,263989,,263989,553662
2023,3,응암1동,11380580,96875,128763,64987,1109863
2023,3,응암2동,11380590,92602,103192,82012,755247
2023,3,응암3동,11380600,83100,108623,57577,752773
2023,3,이문1동,11230740,87928,130270,45586,1039602
2023,3,이문2동,11230750,158033,158033,,723890
2023,3,이촌1동,11170630,249455,328583,170327,2872767
2023,3,이촌2동,11170640,102847,87768,117927,1205543
2023,3,이태원1동,11170650,180686,212792,148580,582899
2023,3,이태원2동,11170660,149803,191267,108338,874243
2023,3,이화동,11110640,148132,203378,92887,782395
2023,3,인수동,11305660,55195,65424,44966,2998011
2023,3,인헌동,11620625,109003,147142,70864,1089078
2023,3,일원1동,11680730,99370,114004,84735,953471
2023,3,일원2동,11680740,251526,,251526,1300290
2023,3,일원본동,11680720,,,,2354625
2023,3,자양1동,11215820,88869,117549,60190,568868
2023,3,자양2동,11215830,78574,92927,64221,1657523
2023,3,자양3동,11215840,101601,122753,80449,1196419
2023,3,자양4동,11215847,103881,139426,68335,1180023
2023,3,잠실2동,11710670,385528,479212,291843,2686850
2023,3,잠실3동,11710680,209287,200401,218173,1542643
2023,3,잠실4동,11710690,,,,780204
2023,3,잠실6동,11710710,189614,188342,190887,1508001
2023,3,잠실7동,11710720,,,,723486
2023,3,잠실본동,11710650,143295,191971,94618,1028997
2023,3,잠원동,11650540,123801,141466,106136,1756867
2023,3,장안1동,11230650,87661,110376,64946,1342167
2023,3,장안2동,11230660,87975,113782,62168,996640
2023,3,장위1동,11290760,107031,115108,98955,708546
2023,3,장위2동,11290770,157115,198158,116073,679894
2023,3,장위3동,11290780,80359,117338,43380,652601
2023,3,장지동,11710646,130917,134997,126838,1278355
2023,3,장충동,11140580,147805,176659,118951,1017925
2023,3,전농1동,11230560,97080,128558,65603,1126695
2023,3,전농2동,11230570,78442,120502,36382,977568
2023,3,정릉1동,11290620,94125,98179,90071,412365
2023,3,정릉2동,11290630,134257,98710,169804,1094889
2023,3,정릉3동,11290640,88495,88495,,3327126
2023,3,정릉4동,11290650,91026,122691,59361,3570914
2023,3,제기동,11230545,95590,132429,58752,1181705
2023,3,조원동,11620725,87513,114780,60245,666607
2023,3,종로1234가동,11110615,200890,281186,120594,2417171
2023,3,종로56가동,11110630,293318,289720,296916,603167
2023,3,종암동,11290705,77065,103903,50227,1404527
2023,3,중계1동,11350621,136891,195894,77888,623451
2023,3,중계23동,11350625,141906,183863,99949,919083
2023,3,중계4동,11350624,109711,139852,79570,1519449
2023,3,중계본동,11350619,90801,116771,64831,2183234
2023,3,중곡1동,11215740,83763,96320,71207,614505
2023,3,중곡2동,11215750,79032,87866,70197,545542
2023,3,중곡3동,11215760,72151,94937,49364,601866
2023,3,중곡4동,11215770,106103,143580,68626,2313468
2023,3,중림동,11140680,289977,394460,185493,484384
2023,3,중앙동,11620615,107660,155109,60211,384728
2023,3,중화1동,11260600,70491,82527,58456,641493
2023,3,중화2동,11260610,81474,103344,59604,1016955
2023,3,증산동,11380640,62513,69212,55814,807409
2023,3,진관동,11380690,119643,144930,94356,11565110
2023,3,창1동,11320511,121346,157332,85360,1122171
2023,3,창2동,11320512,150696,161872,139520,654442
2023,3,창3동,11320513,91198,112826,69570,655485
2023,3,창4동,11320514,208737,293066,124407,1140172
2023,3,창5동,11320515,167858,218705,117011,701480
2023,3,창신1동,11110670,199763,241473,158052,305337
2023,3,창신2동,11110680,112995,166912,59078,257323
2023,3,창신3동,11110690,,,,216835
2023,3,천연동,11410520,120585,197650,43520,982817
2023,3,천호1동,11740600,107181,108546,105816,668998
2023,3,천호2동,11740610,109585,137214,81955,1850853
2023,3,천호3동,11740620,125467,141857,109077,561872
2023,3,청구동,11140645,165340,185162,145517,342571
2023,3,청담동,11680565,177110,168898,185322,2329217
2023,3,청량리동,11230705,78226,108808,47644,1204398
2023,3,청룡동,11620595,123437,138866,108008,1195604
2023,3,청림동,11620545,148914,148914,,297155
2023,3,청운효자동,11110515,129902,183894,75911,2568432
2023,3,청파동,11170555,102804,127191,78417,886225
2023,3,충현동,11410565,131184,146324,116044,1116001
2023,3,평창동,11110560,137094,144412,129776,8947328
2023,3,풍납1동,11710510,132708,132708,,1075294
2023,3,풍납2동,11710520,97247,133245,61248,2564554
2023,3,필동,11140570,162204,138892,185516,1464686
2023,3,하계1동,11350611,92962,97307,88617,1527061
2023,3,하계2동,11350612,148558,179540,117575,500023
2023,3,한강로동,11170625,138024,161711,114336,2869816
2023,3,한남동,11170685,133489,152708,114271,3031897
2023,3,합정동,11440680,122173,149137,95209,1712389
2023,3,항동,11530800,168934,224866,113002,1446941
2023,3,행당1동,11200560,211703,178877,244529,573566
2023,3,행당2동,11200570,181537,231167,131907,457669
2023,3,행운동,11620575,144325,145475,143175,718235
2023,3,혜화동,11110650,121059,149740,92378,1132421
2023,3,홍은1동,11410660,110327,81448,139206,1615140
2023,3,홍은2동,11410685,98015,102842,93189,2075085
2023,3,홍제1동,11410620,125128,184105,66151,1235632
2023,3,홍제2동,11410655,84567,84567,,699978
2023,3,홍제3동,11410640,95411,126904,63917,1192508
2023,3,화곡1동,11500540,126157,133484,118831,1197746
2023,3,화곡2동,11500550,140686,125098,156273,454621
2023,3,화곡3동,11500560,113536,120091,106981,521858
2023,3,화곡4동,11500570,79573,109491,49655,852049
2023,3,화곡6동,11500591,117116,161329,72903,1037911
2023,3,화곡8동,11500593,96266,128205,64326,593322
2023,3,화곡본동,11500590,100160,107590,92731,972735
2023,3,화양동,11215710,142067,159032,125103,1166008
2023,3,황학동,11140670,162925,196996,128854,328640
2023,3,회기동,11230710,98713,134320,63106,766917
2023,3,회현동,11140540,323384,382475,264293,897827
2023,3,효창동,11170580,150305,158882,141729,446197
2023,3,후암동,11170510,96788,125785,67791,865892
2023,3,휘경1동,11230720,91506,133989,49023,521796
2023,3,휘경2동,11230730,75202,85264,65139,1113609
2023,3,흑석동,11590605,136481,179753,93209,1708306
2023,4,가락1동,11710631,128960,91865,166055,1393228
2023,4,가락2동,11710632,94031,121008,67053,932311
2023,4,가락본동,11710620,131218,167325,95112,1014738
2023,4,가리봉동,11530595,117840,135133,100547,410996
2023,4,가산동,11545510,127728,163674,91781,2512852
2023,4,가양1동,11500603,169823,221027,118619,4970691
2023,4,가양2동,11500604,102461,,102461,823874
2023,4,가양3동,11500605,102617,,102617,474228
2023,4,가회동,11110600,183172,243372,122973,539955
2023,4,갈현1동,11380551,85684,114822,56546,961071
2023,4,갈현2동,11380552,91011,115074,66949,985165
2023,4,강일동,11740515,162333,222807,101858,3647520
2023,4,개봉1동,11530740,115030,129637,100423,1320319
2023,4,개봉2동,11530750,141988,134114,149861,782524
2023,4,개봉3동,11530760,125491,94362,156619,828418
2023,4,개포1동,11680660,,,,1449952
2023,4,개포2동,11680670,166407,128944,203871,2243338
2023,4,개포4동,11680690,100549,123464,77635,1665461
2023,4,거여1동,11710531,82678,115156,50200,522308
2023,4,거여2동,11710532,153342,218828,87856,612901
2023,4,고덕1동,11740550,137026,182514,91538,1518495
2023,4,고덕2동,11740560,162546,170263,154829,2206786
2023,4,고척1동,11530720,100041,123536,76547,1151238
2023,4,고척2동,11530730,95762,97814,93710,1025572
2023,4,공덕동,11440565,137826,138769,136883,1019197
2023,4,공릉1동,11350595,86025,110967,61083,1263261
2023,4,공릉2동,11350600,111107,132493,89720,6983449
2023,4,공항동,11500620,117717,127117,108317,10861768
2023,4,광장동,11215810,125202,170939,79465,2393761
2023,4,광희동,11140590,245939,268359,223519,737204
2023,4,교남동,11110580,,,,346926
2023,4,구로1동,11530520,143470,203309,83631,1008892
2023,4,구로2동,11530530,122743,136738,108748,1703350
2023,4,구로3동,11530540,172837,206170,139504,1040120
2023,4,구로4동,11530550,129206,133104,125308,524507
2023,4,구로5동,11530560,123791,138920,108663,1012473
2023,4,구산동,11380560,73172,97006,49338,1389775
2023,4,구의1동,11215850,110857,135485,86229,565313
2023,4,구의2동,11215860,104005,138423,69587,1388041
2023,4,구의3동,11215870,110191,118063,102318,1027561
2023,4,군자동,11215730,119022,123106,114938,738025
2023,4,금호1가동,11200590,179939,175537,184341,444872
2023,4,금호23가동,11200615,164627,162760,166494,631196
2023,4,금호4가동,11200620,185407,196790,174024,832333
2023,4,길동,11740685,110344,135284,85404,1631616
2023,4,길음1동,11290660,156037,161481,150592,797310
2023,4,길음2동,11290685,160049,185462,134635,588002
2023,4,낙성대동,11620585,134226,196192,72260,2262818
2023,4,난곡동,11620775,86175,108459,63890,972373
2023,4,난향동,11620715,87537,87537,,821397
2023,4,남가좌1동,11410690,116376,147355,85396,475536
2023,4,남가좌2동,11410700,174485,167802,181169,783775
2023,4,남영동,11170530,149672,150524,148820,1177788
2023,4,남현동,11620630,170852,153702,188001,3281024
2023,4,내곡동,11650660,92281,76926,107635,12708880
2023,4,노량진1동,11590510,147597,199544,95650,1613446
2023,4,노량진2동,11590520,225511,310776,140247,600568
2023,4,녹번동,11380510,98185,102371,93999,1794215
2023,4,논현1동,11680521,160054,199044,121064,1258744
2023,4,논현2동,11680531,142870,161453,124287,1458524
2023,4,능동,11215780,108761,119607,97916,1092105
2023,4,다산동,11140625,183667,194097,173238,523971
2023,4,답십리1동,11230600,102817,133683,71951,788242
2023,4,답십리2동,11230610,78832,107920,49745,875745
2023,4,당산1동,11560550,106960,122403,91517,745305
2023,4,당산2동,11560560,128241,155716,100766,1581310
2023,4,대림1동,11560700,91370,103277,79463,498978
2023,4,대림2동,11560710,110636,150763,70510,572540
2023,4,대림3동,11560720,94041,112557,75524,921696
2023,4,대방동,11590660,107853,118153,97554,1544903
2023,4,대조동,11380570,119303,129673,108933,851692
2023,4,대치1동,11680600,200146,278465,121826,809823
2023,4,대치2동,11680610,187487,218055,156920,1837367
2023,4,대치4동,11680630,160349,184079,136619,701081
2023,4,대학동,11620735,97858,139950,55766,8405183
2023,4,대흥동,11440600,122379,169696,75061,858570
2023,4,도곡1동,11680655,131320,143436,119203,1050609
2023,4,도곡2동,11680656,219231,241539,196922,990763
2023,4,도림동,11560585,105393,111303,99483,585885
2023,4,도봉1동,11320521,98683,120679,76687,8451468
2023,4,도봉2동,11320522,114877,129650,100104,1119031
2023,4,도화동,11440585,119908,166739,73077,625018
2023,4,독산1동,11545610,100591,107193,93988,2061921
2023,4,독산2동,11545620,61582,86423,36742,617174
2023,4,독산3동,11545630,83115,93784,72446,934985
2023,4,독산4동,11545640,92298,131221,53375,591045
2023,4,돈암1동,11290580,,,,488898
2023,4,돈암2동,11290590,124780,,124780,518335
2023,4,동선동,11290575,149539,150819,148259,724957
2023,4,동화동,11140665,188672,167413,209931,327045
2023,4,둔촌1동,11740690,,,,912178
2023,4,둔촌2동,11740700,94393,110154,78633,1550455
2023,4,등촌1동,11500520,118178,140633,95724,650741
2023,4,등촌2동,11500530,135400,153695,117105,910666
2023,4,등촌3동,11500535,113756,145595,81917,1060362
2023,4,마장동,11200540,146886,168247,125524,1035276
2023,4,마천1동,11710540,80056,81689,78423,575258
2023,4,마천2동,11710550,160176,161171,159181,890688
2023,4,망우3동,11260660,57879,70528,45230,962561
2023,4,망우본동,11260655,90041,109946,70135,2948109
2023,4,망원1동,11440690,140222,171658,108786,1101005
2023,4,망원2동,11440700,105261,135475,75048,676411
2023,4,면목2동,11260520,67436,94046,40826,763122
2023,4,면목38동,11260575,75467,108895,42038,1614117
2023,4,면목4동,11260540,68039,72418,63661,843466
2023,4,면목5동,11260550,55710,67789,43631,704936
2023,4,면목7동,11260570,83819,103607,64031,1236134
2023,4,면목본동,11260565,94721,120111,69330,849019
2023,4,명동,11140550,271483,351642,191324,969729
2023,4,명일1동,11740530,117093,144294,89893,634942
2023,4,명일2동,11740540,152506,221074,83938,914329
2023,4,목1동,11470510,141157,188167,94148,1433111
2023,4,목2동,11470520,109529,105654,113404,1021355
2023,4,목3동,11470530,127048,131541,122555,531850
2023,4,목4동,11470540,98053,105367,90740,577493
2023,4,목5동,11470550,163044,222427,103661,1766361
2023,4,무악동,11110570,,,,369520
2023,4,묵1동,11260620,103690,106068,101313,1238436
2023,4,묵2동,11260630,118570,95007,142132,669204
2023,4,문래동,11560605,105479,111648,99309,1786708
2023,4,문정1동,11710641,87394,115939,58848,612546
2023,4,문정2동,11710642,150114,197637,102591,2242033
2023,4,미성동,11620765,93284,96888,89680,1359429
2023,4,미아동,11305535,96151,113919,78383,841204
2023,4,반포1동,11650560,160150,199032,121268,992368
2023,4,반포2동,11650570,218412,,218412,1396031
2023,4,반포3동,11650580,115831,,115831,1251708
2023,4,반포4동,11650581,176130,233275,118985,1427141
2023,4,반포본동,11650550,,,,972536
2023,4,발산1동,11500611,137108,168628,105587,2887669
2023,4,방배1동,11650600,124416,156569,92264,689244
2023,4,방배2동,11650610,114469,120206,108731,1904030
2023,4,방배3동,11650620,122085,156893,87276,2375134
2023,4,방배4동,11650621,105925,131794,80055,949527
2023,4,방배본동,11650590,103419,126417,80420,677510
2023,4,방이1동,11710561,100192,109180,91204,609259
2023,4,방이2동,11710562,136490,159794,113185,769841
2023,4,방학1동,11320690,152460,171187,133732,1040857
2023,4,방학2동,11320700,97003,111238,82768,1092814
2023,4,방학3동,11320710,116123,136036,96210,1951026
2023,4,방화1동,11500630,115491,125791,105191,1475606
2023,4,방화2동,11500640,106932,92955,120910,6157541
2023,4,방화3동,11500641,110857,154480,67233,2558908
2023,4,번1동,11305595,79141,91748,66533,627036
2023,4,번2동,11305603,59606,71536,47675,974298
2023,4,번3동,11305608,75368,91275,59461,1081177
2023,4,보광동,11170700,93230,114297,72162,715096
2023,4,보라매동,11620525,110543,117940,103146,750225
2023,4,보문동,11290610,78018,104757,51279,553006
2023,4,부암동,11110550,120284,120284,,2274739
2023,4,북가좌1동,11410710,118529,132743,104314,577979
2023,4,북가좌2동,11410720,108723,103945,113501,824866
2023,4,북아현동,11410555,123209,115500,130919,458945
2023,4,불광1동,11380520,87202,111332,63071,3124927
2023,4,불광2동,11380530,85615,88550,82681,1396089
2023,4,사근동,11200550,265502,240843,290161,1169216
2023,4,사당1동,11590620,115946,150052,81841,635172
2023,4,사당2동,11590630,152931,191340,114522,2763201
2023,4,사당3동,11590640,99881,107920,91842,907684
2023,4,사당4동,11590650,194211,247865,140558,436148
2023,4,사당5동,11590651,97351,121506,73195,682199
2023,4,사직동,11110530,153263,197574,108951,1158536
2023,4,삼각산동,11305575,104156,106720,101592,621911
2023,4,삼선동,11290555,109637,139788,79487,926227
2023,4,삼성1동,11680580,214118,115349,312887,1944629
2023,4,삼성2동,11680590,177973,160802,195145,1242271
2023,4,삼성동,11620745,73429,73429,,2604386
2023,4,삼양동,11305534,82684,91372,73997,924092
2023,4,삼전동,11710610,128273,152116,104430,953338
2023,4,삼청동,11110540,171215,171215,,1479255
2023,4,상계10동,11350720,140782,212947,68616,809214
2023,4,상계1동,11350630,89175,120891,57459,5402614
2023,4,상계2동,11350640,136183,156360,116006,623125
2023,4,상계34동,11350665,148606,88320,208892,5211708
2023,4,상계5동,11350670,87874,115862,59886,906891
2023,4,상계67동,11350695,140176,185633,94720,1450295
2023,4,상계8동,11350700,149963,208671,91255,666348
2023,4,상계9동,11350710,127408,149214,105602,719445
2023,4,상도1동,11590530,127471,155337,99605,1488648
2023,4,상도2동,11590540,144532,187371,101692,772865
2023,4,상도3동,11590550,120133,145993,94273,637199
2023,4,상도4동,11590560,94833,119106,70559,939562
2023,4,상봉1동,11260580,87565,106207,68923,854219
2023,4,상봉2동,11260590,110855,148592,73118,677445
2023,4,상암동,11440740,132843,174134,91552,8402415
2023,4,상일동,11740520,131293,145850,116736,1813623
2023,4,서강동,11440655,138320,163022,113617,1478577
2023,4,서교동,11440660,160213,179698,140727,1678981
2023,4,서림동,11620665,82223,85771,78675,941252
2023,4,서빙고동,11170690,77118,85777,68459,2821948
2023,4,서원동,11620645,176319,233062,119576,647532
2023,4,서초1동,11650510,133117,134751,131483,1382685
2023,4,서초2동,11650520,181696,215355,148038,1230924
2023,4,서초3동,11650530,134159,152268,116049,2998572
2023,4,서초4동,11650531,211664,258416,164912,879773
2023,4,석관동,11290810,82597,112939,52255,1705061
2023,4,석촌동,11710600,125860,157154,94566,946914
2023,4,성내1동,11740640,96475,113167,79782,663675
2023,4,성내2동,11740650,124023,131276,116771,625147
2023,4,성내3동,11740660,119071,146159,91982,647356
2023,4,성북동,11290525,96054,125667,66441,2879912
2023,4,성산1동,11440720,108521,103080,113962,859254
2023,4,성산2동,11440730,127076,140371,113781,1978724
2023,4,성수1가1동,11200650,184395,229515,139274,1885875
2023,4,성수1가2동,11200660,233783,248789,218777,930086
2023,4,성수2가1동,11200670,163426,168200,158652,1184964
2023,4,성수2가3동,11200690,200762,230625,170900,1054501
2023,4,성현동,11620565,157933,119425,196440,678223
2023,4,세곡동,11680700,121509,158681,84337,6367772
2023,4,소공동,11140520,242633,274513,210753,943795
2023,4,송정동,11200720,169745,161057,178433,681916
2023,4,송중동,11305545,100896,119983,81809,1075796
2023,4,송천동,11305555,58300,78132,38468,929913
2023,4,송파1동,11710580,108891,127798,89983,686925
2023,4,송파2동,11710590,100560,134362,66759,631023
2023,4,수궁동,11530790,134504,107910,161098,2661352
2023,4,수색동,11380650,62705,62705,,1290258
2023,4,수서동,11680750,173129,166313,179944,1629403
2023,4,수유1동,11305615,86359,87366,85351,1649963
2023,4,수유2동,11305625,61208,87432,34984,581617
2023,4,수유3동,11305635,94531,125695,63367,745645
2023,4,숭인1동,11110700,106034,131166,80902,239396
2023,4,숭인2동,11110710,143416,180462,106370,351906
2023,4,시흥1동,11545670,103754,143045,64463,1524148
2023,4,시흥2동,11545680,60905,,60905,1308882
2023,4,시흥3동,11545690,82274,114536,50011,1261391
2023,4,시흥4동,11545700,113004,113004,,821709
2023,4,시흥5동,11545710,87353,111058,63648,1386972
2023,4,신길1동,11560630,95918,123858,67978,722925
2023,4,신길3동,11560650,76032,89215,62849,520083
2023,4,신길4동,11560660,114399,100100,128697,292127
2023,4,신길5동,11560670,86914,112448,61380,494653
2023,4,신길6동,11560680,95804,120370,71238,653511
2023,4,신길7동,11560690,137084,122553,151614,642487
2023,4,신내1동,11260680,93309,114133,72486,2606949
2023,4,신내2동,11260690,115284,114842,115726,911281
2023,4,신당5동,11140650,199274,243789,154759,319706
2023,4,신당동,11140615,385919,339903,431934,534942
2023,4,신대방1동,11590670,91810,114869,68751,675281
2023,4,신대방2동,11590680,135440,181678,89201,977033
2023,4,신도림동,11530510,170291,172867,167714,1392788
2023,4,신림동,11620695,137316,177813,96819,541240
2023,4,신사1동,11380631,91756,120897,62616,808314
2023,4,신사2동,11380632,78527,113999,43055,1046222
2023,4,신사동,11620685,101865,117701,86029,641031
2023,4,신사동,11680510,153685,170259,137110,2059234
2023,4,신수동,11440630,151650,120252,183049,797879
2023,4,신원동,11620655,85904,138924,32883,544977
2023,4,신월1동,11470560,91394,114592,68196,622400
2023,4,신월2동,11470570,100624,85134,116115,606811
2023,4,신월3동,11470580,122282,84552,160013,918039
2023,4,신월4동,11470590,124096,142646,105545,469873
2023,4,신월5동,11470600,89506,101003,78008,638302
2023,4,신월6동,11470610,121378,154366,88390,444286
2023,4,신월7동,11470611,92847,96721,88972,1230628
2023,4,신정1동,11470620,99746,138717,60775,747568
2023,4,신정2동,11470630,102747,110947,94546,525899
2023,4,신정3동,11470640,104109,149189,59028,2756536
2023,4,신정4동,11470650,129824,138414,121234,997144
2023,4,신정6동,11470670,123716,161629,85803,940885
2023,4,신정7동,11470680,122604,168714,76494,1234130
2023,4,신촌동,11410585,173821,212643,134998,2720364
2023,4,쌍문1동,11320660,130858,107885,153831,1175774
2023,4,쌍문2동,11320670,118979,133719,104239,541193
2023,4,쌍문3동,11320680,161858,159262,164454,504805
2023,4,쌍문4동,11320681,114455,106242,122668,554868
2023,4,아현동,11440555,125448,129945,120950,744328
2023,4,안암동,11290600,89294,124517,54071,1379571
2023,4,암사1동,11740570,102812,131520,74104,735480
2023,4,암사2동,11740580,102430,114207,90653,2174329
2023,4,암사3동,11740590,194069,161717,226420,1799368
2023,4,압구정동,11680545,189908,243504,136311,2345057
2023,4,약수동,11140635,294817,315340,274295,486369
2023,4,양재1동,11650651,129559,141146,117971,5765358
2023,4,양재2동,11650652,111509,136335,86684,7562268
2023,4,양평1동,11560610,142156,157214,127098,974912
2023,4,양평2동,11560620,110955,113019,108891,2874596
2023,4,여의동,11560540,164154,220293,108015,8437543
2023,4,역삼1동,11680640,177055,186974,167135,2362133
2023,4,역삼2동,11680650,172774,178337,167211,1135029
2023,4,역촌동,11380625,79588,92323,66853,1157542
2023,4,연남동,11440710,134870,147452,122289,647438
2023,4,연희동,11410615,130967,119517,142418,2929172
2023,4,염리동,11440610,177947,177947,,491468
2023,4,염창동,11500510,108877,138139,79615,1732856
2023,4,영등포동,11560535,122386,141832,102941,1372094
2023,4,영등포본동,11560515,108181,119218,97143,846370
2023,4,오금동,11710570,92909,120838,64979,1648868
2023,4,오류1동,11530770,134859,164295,105424,727414
2023,4,오류2동,11530780,146606,162869,130343,3061018
2023,4,오륜동,11710566,,,,3085088
2023,4,옥수동,11200645,222394,275739,169048,1922027
2023,4,왕십리2동,11200520,153810,143504,164116,372425
2023,4,왕십리도선동,11200535,198602,199696,197508,710285
2023,4,용강동,11440590,144468,172513,116423,790602
2023,4,용답동,11200790,117074,148145,86004,2377148
2023,4,용문동,11170590,107012,123036,90989,277531
2023,4,용산2가동,11170520,96066,109334,82798,1966853
2023,4,용신동,11230536,96612,123535,69689,1618399
2023,4,우이동,11305645,73934,96648,51221,10587752
2023,4,우장산동,11500615,90207,111653,68761,1261588
2023,4,원효로1동,11170560,110181,120893,99469,589017
2023,4,원효로2동,11170570,81824,90052,73596,708975
2023,4,월계1동,11350560,127480,177608,77352,1107461
2023,4,월계2동,11350570,83147,119060,47235,2004785
2023,4,월계3동,11350580,104754,141769,67740,1168283
2023,4,월곡1동,11290715,83937,117165,50709,801757
2023,4,월곡2동,11290725,80149,102365,57934,1364901
2023,4,위례동,11710647,137234,192142,82325,2537372
2023,4,은천동,11620605,101388,153825,48951,776212
2023,4,을지로동,11140605,207043,278323,135763,611524
2023,4,응봉동,11200580,149194,111613,186775,553662
2023,4,응암1동,11380580,97343,130640,64046,1109863
2023,4,응암2동,11380590,92551,106557,78546,755247
2023,4,응암3동,11380600,82734,105140,60328,752773
2023,4,이문1동,11230740,99150,142868,55433,1039602
2023,4,이문2동,11230750,104243,147373,61113,723890
2023,4,이촌1동,11170630,247551,315909,179193,2872767
2023,4,이촌2동,11170640,102262,86410,118115,1205543
2023,4,이태원1동,11170650,177016,216180,137851,582899
2023,4,이태원2동,11170660,143626,187808,99444,874243
2023,4,이화동,11110640,147832,199466,96199,782395
2023,4,인수동,11305660,61071,66983,55160,2998011
2023,4,인헌동,11620625,108747,152283,65211,1089078
2023,4,일원1동,11680730,94398,112162,76634,953471
2023,4,일원2동,11680740,175003,,175003,1300290
2023,4,일원본동,11680720,,,,2354625
2023,4,자양1동,11215820,87756,117582,57930,568868
2023,4,자양2동,11215830,78927,92830,65025,1657523
2023,4,자양3동,11215840,103163,132974,73353,1196419
2023,4,자양4동,11215847,103641,141375,65908,1180023
2023,4,잠실2동,11710670,352604,438700,266508,2686850
2023,4,잠실3동,11710680,192299,189978,194620,1542643
2023,4,잠실4동,11710690,,,,780204
2023,4,잠실6동,11710710,180656,191668,169643,1508001
2023,4,잠실7동,11710720,,,,723486
2023,4,잠실본동,11710650,127996,169182,86811,1028997
2023,4,잠원동,11650540,112993,131902,94085,1756867
2023,4,장안1동,11230650,87754,113970,61538,1342167
2023,4,장안2동,11230660,85880,114767,56994,996640
2023,4,장위1동,11290760,99020,101633,96408,708546
2023,4,장위2동,11290770,154704,187414,121993,679894
2023,4,장위3동,11290780,94931,123206,66655,652601
2023,4,장지동,11710646,107081,153581,60580,1278355
2023,4,장충동,11140580,198080,182386,213773,1017925
2023,4,전농1동,11230560,92187,120735,63639,1126695
2023,4,전농2동,11230570,79777,114250,45303,977568
2023,4,정릉1동,11290620,94586,99101,90071,412365
2023,4,정릉2동,11290630,133302,96801,169804,1094889
2023,4,정릉3동,11290640,82480,82480,,3327126
2023,4,정릉4동,11290650,86993,117434,56552,3570914
2023,4,제기동,11230545,96448,131380,61515,1181705
2023,4,조원동,11620725,88628,114655,62602,666607
2023,4,종로1234가동,11110615,202131,278121,126141,2417171
2023,4,종로56가동,11110630,297493,295874,299112,603167
2023,4,종암동,11290705,87423,119587,55260,1404527
2023,4,중계1동,11350621,137501,195133,79869,623451
2023,4,중계23동,11350625,142141,184560,99723,919083
2023,4,중계4동,11350624,112542,148826,76259,1519449
2023,4,중계본동,11350619,89605,116771,62439,2183234
2023,4,중곡1동,11215740,96823,97162,96485,614505
2023,4,중곡2동,11215750,77020,88131,65909,545542
2023,4,중곡3동,11215760,76924,95536,58313,601866
2023,4,중곡4동,11215770,108630,143222,74039,2313468
2023,4,중림동,11140680,267097,363833,170362,484384
2023,4,중앙동,11620615,99599,138563,60636,384728
2023,4,중화1동,11260600,67544,78189,56899,641493
2023,4,중화2동,11260610,90395,118966,61823,1016955
2023,4,증산동,11380640,77624,89543,65705,807409
2023,4,진관동,11380690,121616,144494,98738,11565110
2023,4,창1동,11320511,125557,163265,87848,1122171
2023,4,창2동,11320512,148008,158062,137954,654442
2023,4,창3동,11320513,88558,110483,66633,655485
2023,4,창4동,11320514,189144,263091,115197,1140172
2023,4,창5동,11320515,172051,205500,138603,701480
2023,4,창신1동,11110670,201752,250732,152773,305337
2023,4,창신2동,11110680,120410,173746,67073,257323
2023,4,창신3동,11110690,,,,216835
2023,4,천연동,11410520,125252,206984,43520,982817
2023,4,천호1동,11740600,110633,110054,111213,668998
2023,4,천호2동,11740610,111186,138249,84122,1850853
2023,4,천호3동,11740620,129825,149435,110215,561872
2023,4,청구동,11140645,168833,171752,165914,342571
2023,4,청담동,11680565,178123,168898,187348,2329217
2023,4,청량리동,11230705,78615,105521,51708,1204398
2023,4,청룡동,11620595,127187,144810,109564,1195604
2023,4,청림동,11620545,139653,139653,,297155
2023,4,청운효자동,11110515,124821,176449,73193,2568432
2023,4,청파동,11170555,126321,130201,122442,886225
2023,4,충현동,11410565,138780,137751,139808,1116001
2023,4,평창동,11110560,121357,134264,108450,8947328
2023,4,풍납1동,11710510,134567,134567,,1075294
2023,4,풍납2동,11710520,87395,125123,49667,2564554
2023,4,필동,11140570,167874,156715,179032,1464686
2023,4,하계1동,11350611,89475,105010,73940,1527061
2023,4,하계2동,11350612,142567,179540,105594,500023
2023,4,한강로동,11170625,139632,161761,117502,2869816
2023,4,한남동,11170685,141613,162586,120640,3031897
2023,4,합정동,11440680,127740,164523,90958,1712389
2023,4,항동,11530800,163123,216036,110209,1446941
2023,4,행당1동,11200560,175756,139920,211592,573566
2023,4,행당2동,11200570,174233,222371,126095,457669
2023,4,행운동,11620575,151982,154538,149427,718235
2023,4,혜화동,11110650,119510,149060,89960,1132421
2023,4,홍은1동,11410660,138796,86417,191176,1615140
2023,4,홍은2동,11410685,131799,111542,152055,2075085
2023,4,홍제1동,11410620,117299,174936,59662,1235632
2023,4,홍제2동,11410655,109225,78561,139889,699978
2023,4,홍제3동,11410640,100744,127268,74220,1192508
2023,4,화곡1동,11500540,119316,122950,115682,1197746
2023,4,화곡2동,11500550,137081,121392,152770,454621
2023,4,화곡3동,11500560,109057,114915,103199,521858
2023,4,화곡4동,11500570,82401,111912,52890,852049
2023,4,화곡6동,11500591,114622,144832,84412,1037911
2023,4,화곡8동,11500593,95434,125708,65161,593322
2023,4,화곡본동,11500590,116155,137349,94961,972735
2023,4,화양동,11215710,142876,162972,122781,1166008
2023,4,황학동,11140670,181122,200867,161378,328640
2023,4,회기동,11230710,92106,116760,67453,766917
2023,4,회현동,11140540,329831,391372,268290,897827
2023,4,효창동,11170580,160869,153829,167909,446197
2023,4,후암동,11170510,94709,124580,64839,865892
2023,4,휘경1동,11230720,90281,125008,55554,521796
2023,4,휘경2동,11230730,75411,83258,67563,1113609
2023,4,흑석동,11590605,132793,173064,92521,1708306
2024,1,가락1동,11710631,128601,80259,176943,1393228
2024,1,가락2동,11710632,89964,119306,60622,932311
2024,1,가락본동,11710620,116764,146661,86867,1014738
2024,1,가리봉동,11530595,107489,112538,102440,410996
2024,1,가산동,11545510,133308,171974,94643,2512852
2024,1,가양1동,11500603,170973,225077,116869,4970691
2024,1,가양2동,11500604,100964,,100964,823874
2024,1,가양3동,11500605,108802,,108802,474228
2024,1,가회동,11110600,160997,213749,108245,539955
2024,1,갈현1동,11380551,94261,118320,70203,961071
2024,1,갈현2동,11380552,106504,125219,87790,985165
2024,1,강일동,11740515,154001,213914,94089,3647520
2024,1,개봉1동,11530740,123046,128685,117407,1320319
2024,1,개봉2동,11530750,122932,98651,147214,782524
2024,1,개봉3동,11530760,140437,95247,185626,828418
2024,1,개포1동,11680660,,,,1449952
2024,1,개포2동,11680670,193753,138916,248590,2243338
2024,1,개포4동,11680690,94733,114664,74803,1665461
2024,1,거여1동,11710531,128624,177365,79884,522308
2024,1,거여2동,11710532,147407,204365,90450,612901
2024,1,고덕1동,11740550,102845,127567,78122,1518495
2024,1,고덕2동,11740560,178773,183695,173850,2206786
2024,1,고척1동,11530720,113095,119590,106600,1151238
2024,1,고척2동,11530730,100550,102981,98118,1025572
2024,1,공덕동,11440565,133397,148904,117891,1019197
2024,1,공릉1동,11350595,92519,111803,73236,1263261
2024,1,공릉2동,11350600,103136,128536,77736,6983449
2024,1,공항동,11500620,116006,131687,100326,10861768
2024,1,광장동,11215810,119580,157460,81699,2393761
2024,1,광희동,11140590,234504,244378,224629,737204
2024,1,교남동,11110580,163590,163590,,346926
2024,1,구로1동,11530520,153324,193181,113467,1008892
2024,1,구로2동,11530530,118408,140693,96123,1703350
2024,1,구로3동,11530540,188241,238362,138120,1040120
2024,1,구로4동,11530550,131594,136177,127010,524507
2024,1,구로5동,11530560,120425,125776,115074,1012473
2024,1,구산동,11380560,78629,101599,55659,1389775
2024,1,구의1동,11215850,108794,134102,83486,565313
2024,1,구의2동,11215860,112567,143677,81457,1388041
2024,1,구의3동,11215870,111453,121350,101555,1027561
2024,1,군자동,11215730,115579,122826,108333,738025
2024,1,금호1가동,11200590,151253,129505,173001,444872
2024,1,금호23가동,11200615,141475,128341,154609,631196
2024,1,금호4가동,11200620,162331,161556,163107,832333
2024,1,길동,11740685,106442,131765,81119,1631616
2024,1,길음1동,11290660,146742,169384,124099,797310
2024,1,길음2동,11290685,144551,165697,123405,588002
2024,1,낙성대동,11620585,131097,173038,89156,2262818
2024,1,난곡동,11620775,94325,109836,78813,972373
2024,1,난향동,11620715,78932,78932,,821397
2024,1,남가좌1동,11410690,130742,164788,96696,475536
2024,1,남가좌2동,11410700,158743,179045,138442,783775
2024,1,남영동,11170530,153249,151136,155363,1177788
2024,1,남현동,11620630,147630,149531,145729,3281024
2024,1,내곡동,11650660,108618,112652,104584,12708880
2024,1,노량진1동,11590510,139616,188307,90926,1613446
2024,1,노량진2동,11590520,219778,300440,139116,600568
2024,1,녹번동,11380510,101857,99735,103978,1794215
2024,1,논현1동,11680521,167231,191970,142493,1258744
2024,1,논현2동,11680531,140670,144072,137269,1458524
2024,1,능동,11215780,107588,120762,94414,1092105
2024,1,다산동,11140625,179445,166576,192313,523971
2024,1,답십리1동,11230600,113805,141034,86577,788242
2024,1,답십리2동,11230610,76060,103071,49050,875745
2024,1,당산1동,11560550,114736,127243,102229,745305
2024,1,당산2동,11560560,129765,154343,105187,1581310
2024,1,대림1동,11560700,94491,97579,91402,498978
2024,1,대림2동,11560710,92724,123015,62432,572540
2024,1,대림3동,11560720,87239,110747,63731,921696
2024,1,대방동,11590660,107913,131059,84766,1544903
2024,1,대조동,11380570,113883,113545,114221,851692
2024,1,대치1동,11680600,121826,,121826,809823
2024,1,대치2동,11680610,179832,206194,153469,1837367
2024,1,대치4동,11680630,159427,182501,136352,701081
2024,1,대학동,11620735,97248,135233,59264,8405183
2024,1,대흥동,11440600,129828,181952,77703,858570
2024,1,도곡1동,11680655,176177,149681,202674,1050609
2024,1,도곡2동,11680656,193577,216333,170821,990763
2024,1,도림동,11560585,97001,109124,84878,585885
2024,1,도봉1동,11320521,97764,114612,80916,8451468
2024,1,도봉2동,11320522,101985,105007,98963,1119031
2024,1,도화동,11440585,139356,198403,80309,625018
2024,1,독산1동,11545610,103661,119317,88005,2061921
2024,1,독산2동,11545620,62532,87442,37622,617174
2024,1,독산3동,11545630,75410,98758,52062,934985
2024,1,독산4동,11545640,91533,141078,41987,591045
2024,1,돈암1동,11290580,,,,488898
2024,1,돈암2동,11290590,115058,,115058,518335
2024,1,동선동,11290575,148701,149039,148363,724957
2024,1,동화동,11140665,236871,205315,268427,327045
2024,1,둔촌1동,11740690,,,,912178
2024,1,둔촌2동,11740700,89473,101420,77526,1550455
2024,1,등촌1동,11500520,126198,143431,108966,650741
2024,1,등촌2동,11500530,114718,134604,94833,910666
2024,1,등촌3동,11500535,119286,155036,83536,1060362
2024,1,마장동,11200540,139269,159594,118943,1035276
2024,1,마천1동,11710540,67950,82932,52969,575258
2024,1,마천2동,11710550,155970,156983,154956,890688
2024,1,망우3동,11260660,60468,69153,51782,962561
2024,1,망우본동,11260655,87688,110766,64610,2948109
2024,1,망원1동,11440690,143783,177236,110330,1101005
2024,1,망원2동,11440700,101898,136413,67384,676411
2024,1,면목2동,11260520,70889,96736,45043,763122
2024,1,면목38동,11260575,78837,104270,53405,1614117
2024,1,면목4동,11260540,63001,70766,55236,843466
2024,1,면목5동,11260550,69131,89668,48594,704936
2024,1,면목7동,11260570,73810,103393,44227,1236134
2024,1,면목본동,11260565,96282,123128,69436,849019
2024,1,명동,11140550,277531,366195,188867,969729
2024,1,명일1동,11740530,132814,162156,103472,634942
2024,1,명일2동,11740540,144082,203897,84266,914329
2024,1,목1동,11470510,130721,176665,84777,1433111
2024,1,목2동,11470520,109471,112534,106408,1021355
2024,1,목3동,11470530,135755,129943,141567,531850
2024,1,목4동,11470540,104981,110898,99065,577493
2024,1,목5동,11470550,164114,227319,100908,1766361
2024,1,무악동,11110570,,,,369520
2024,1,묵1동,11260620,105998,111498,100498,1238436
2024,1,묵2동,11260630,121718,92461,150974,669204
2024,1,문래동,11560605,112715,118175,107255,1786708
2024,1,문정1동,11710641,88658,103433,73883,612546
2024,1,문정2동,11710642,146549,189901,103196,2242033
2024,1,미성동,11620765,82720,90126,75315,1359429
2024,1,미아동,11305535,110056,121402,98711,841204
2024,1,반포1동,11650560,146445,172244,120647,992368
2024,1,반포2동,11650570,207059,,207059,1396031
2024,1,반포3동,11650580,198816,259326,138306,1251708
2024,1,반포4동,11650581,172821,231412,114230,1427141
2024,1,반포본동,11650550,,,,972536
2024,1,발산1동,11500611,138627,169556,107699,2887669
2024,1,방배1동,11650600,128973,158512,99434,689244
2024,1,방배2동,11650610,106401,116645,96157,1904030
2024,1,방배3동,11650620,111349,150718,71980,2375134
2024,1,방배4동,11650621,119823,139138,100507,949527
2024,1,방배본동,11650590,102571,128514,76628,677510
2024,1,방이1동,11710561,98743,129420,68067,609259
2024,1,방이2동,11710562,131190,147230,115151,769841
2024,1,방학1동,11320690,133943,145722,122164,1040857
2024,1,방학2동,11320700,92647,103958,81336,1092814
2024,1,방학3동,11320710,122643,162040,83247,1951026
2024,1,방화1동,11500630,108309,116287,100332,1475606
2024,1,방화2동,11500640,105262,102874,107649,6157541
2024,1,방화3동,11500641,129998,161810,98186,2558908
2024,1,번1동,11305595,84399,101032,67766,627036
2024,1,번2동,11305603,61566,83541,39592,974298
2024,1,번3동,11305608,113662,157072,70251,1081177
2024,1,보광동,11170700,85536,110384,60688,715096
2024,1,보라매동,11620525,106648,136467,76829,750225
2024,1,보문동,11290610,78863,105987,51739,553006
2024,1,부암동,11110550,126320,126320,,2274739
2024,1,북가좌1동,11410710,146203,138273,154134,577979
2024,1,북가좌2동,11410720,130446,106818,154074,824866
2024,1,북아현동,11410555,131404,132701,130108,458945
2024,1,불광1동,11380520,98868,129474,68262,3124927
2024,1,불광2동,11380530,94324,96301,92347,1396089
2024,1,사근동,11200550,193654,209579,177729,1169216
2024,1,사당1동,11590620,121479,149264,93694,635172
2024,1,사당2동,11590630,167002,207435,126569,2763201
2024,1,사당3동,11590640,101341,113244,89439,907684
2024,1,사당4동,11590650,197387,232700,162074,436148
2024,1,사당5동,11590651,94343,110503,78182,682199
2024,1,사직동,11110530,179307,219383,139232,1158536
2024,1,삼각산동,11305575,116171,134715,97627,621911
2024,1,삼선동,11290555,111590,141436,81743,926227
2024,1,삼성1동,11680580,216705,140688,292721,1944629
2024,1,삼성2동,11680590,201912,206625,197199,1242271
2024,1,삼성동,11620745,87167,60140,114194,2604386
2024,1,삼양동,11305534,84109,90813,77406,924092
2024,1,삼전동,11710610,111306,143879,78733,953338
2024,1,삼청동,11110540,162297,162297,,1479255
2024,1,상계10동,11350720,157073,254998,59148,809214
2024,1,상계1동,11350630,89588,122302,56874,5402614
2024,1,상계2동,11350640,133765,144581,122949,623125
2024,1,상계34동,11350665,127474,103892,151056,5211708
2024,1,상계5동,11350670,86374,114199,58549,906891
2024,1,상계67동,11350695,129245,173351,85139,1450295
2024,1,상계8동,11350700,136730,188415,85044,666348
2024,1,상계9동,11350710,138343,172826,103860,719445
2024,1,상도1동,11590530,122248,158085,86412,1488648
2024,1,상도2동,11590540,141704,182797,100611,772865
2024,1,상도3동,11590550,125548,162264,88832,637199
2024,1,상도4동,11590560,98025,111038,85011,939562
2024,1,상봉1동,11260580,87527,89679,85374,854219
2024,1,상봉2동,11260590,109128,135249,83008,677445
2024,1,상암동,11440740,158719,185113,132324,8402415
2024,1,상일동,11740520,146507,139061,153952,1813623
2024,1,서강동,11440655,150697,162940,138454,1478577
2024,1,서교동,11440660,158493,180636,136350,1678981
2024,1,서림동,11620665,74943,93303,56583,941252
2024,1,서빙고동,11170690,78318,80201,76434,2821948
2024,1,서원동,11620645,195703,222942,168465,647532
2024,1,서초1동,11650510,131856,145820,117891,1382685
2024,1,서초2동,11650520,205936,246414,165459,1230924
2024,1,서초3동,11650530,133520,148970,118071,2998572
2024,1,서초4동,11650531,193128,229941,156314,879773
2024,1,석관동,11290810,84992,114587,55396,1705061
2024,1,석촌동,11710600,117211,146061,88361,946914
2024,1,성내1동,11740640,96357,117154,75561,663675
2024,1,성내2동,11740650,132712,135368,130055,625147
2024,1,성내3동,11740660,129067,155243,102890,647356
2024,1,성북동,11290525,98197,108697,87697,2879912
2024,1,성산1동,11440720,106292,94094,118490,859254
2024,1,성산2동,11440730,104248,142795,65700,1978724
2024,1,성수1가1동,11200650,168044,198085,138004,1885875
2024,1,성수1가2동,11200660,210704,218917,202491,930086
2024,1,성수2가1동,11200670,141089,146525,135654,1184964
2024,1,성수2가3동,11200690,178275,195702,160848,1054501
2024,1,성현동,11620565,101142,132278,70007,678223
2024,1,세곡동,11680700,132965,175012,90919,6367772
2024,1,소공동,11140520,196375,201207,191543,943795
2024,1,송정동,11200720,142280,127614,156945,681916
2024,1,송중동,11305545,107930,124226,91634,1075796
2024,1,송천동,11305555,57267,74419,40116,929913
2024,1,송파1동,11710580,100794,134424,67164,686925
2024,1,송파2동,11710590,102377,134689,70066,631023
2024,1,수궁동,11530790,140220,126950,153490,2661352
2024,1,수색동,11380650,97712,,97712,1290258
2024,1,수서동,11680750,185138,188477,181800,1629403
2024,1,수유1동,11305615,89603,95637,83568,1649963
2024,1,수유2동,11305625,62116,87014,37218,581617
2024,1,수유3동,11305635,99449,131480,67417,745645
2024,1,숭인1동,11110700,108531,141196,75865,239396
2024,1,숭인2동,11110710,143763,208571,78955,351906
2024,1,시흥1동,11545670,111632,155831,67433,1524148
2024,1,시흥2동,11545680,,,,1308882
2024,1,시흥3동,11545690,86910,113025,60796,1261391
2024,1,시흥4동,11545700,95255,99593,90916,821709
2024,1,시흥5동,11545710,82292,97636,66948,1386972
2024,1,신길1동,11560630,94043,116278,71808,722925
2024,1,신길3동,11560650,82316,89853,74779,520083
2024,1,신길4동,11560660,106636,105385,107887,292127
2024,1,신길5동,11560670,94693,118496,70890,494653
2024,1,신길6동,11560680,87941,108006,67875,653511
2024,1,신길7동,11560690,137017,117375,156660,642487
2024,1,신내1동,11260680,89292,110909,67676,2606949
2024,1,신내2동,11260690,120281,124335,116226,911281
2024,1,신당5동,11140650,211165,236383,185948,319706
2024,1,신당동,11140615,382723,339010,426436,534942
2024,1,신대방1동,11590670,95936,114396,77476,675281
2024,1,신대방2동,11590680,142710,189776,95644,977033
2024,1,신도림동,11530510,168110,171083,165136,1392788
2024,1,신림동,11620695,142576,205360,79791,541240
2024,1,신사1동,11380631,111723,141408,82038,808314
2024,1,신사2동,11380632,96464,106548,86381,1046222
2024,1,신사동,11620685,103356,130577,76135,641031
2024,1,신사동,11680510,148582,168610,128553,2059234
2024,1,신수동,11440630,146039,114569,177509,797879
2024,1,신원동,11620655,91446,138888,44005,544977
2024,1,신월1동,11470560,91553,117774,65333,622400
2024,1,신월2동,11470570,98608,83966,113249,606811
2024,1,신월3동,11470580,109293,71297,147289,918039
2024,1,신월4동,11470590,113260,118885,107636,469873
2024,1,신월5동,11470600,87303,102645,71961,638302
2024,1,신월6동,11470610,107950,123434,92467,444286
2024,1,신월7동,11470611,95533,104745,86321,1230628
2024,1,신정1동,11470620,103820,144108,63532,747568
2024,1,신정2동,11470630,102477,111078,93875,525899
2024,1,신정3동,11470640,108440,133744,83137,2756536
2024,1,신정4동,11470650,122335,132205,112464,997144
2024,1,신정6동,11470670,125208,165749,84668,940885
2024,1,신정7동,11470680,97579,105986,89171,1234130
2024,1,신촌동,11410585,178865,233692,124037,2720364
2024,1,쌍문1동,11320660,117918,98177,137659,1175774
2024,1,쌍문2동,11320670,121917,126280,117554,541193
2024,1,쌍문3동,11320680,126548,132051,121045,504805
2024,1,쌍문4동,11320681,100815,96780,104850,554868
2024,1,아현동,11440555,147696,159478,135914,744328
2024,1,안암동,11290600,90074,124117,56032,1379571
2024,1,암사1동,11740570,109909,141281,78537,735480
2024,1,암사2동,11740580,167459,230672,104245,2174329
2024,1,암사3동,11740590,206062,214964,197161,1799368
2024,1,압구정동,11680545,223042,315725,130360,2345057
2024,1,약수동,11140635,257803,276165,239440,486369
2024,1,양재1동,11650651,118288,132084,104491,5765358
2024,1,양재2동,11650652,121105,124809,117401,7562268
2024,1,양평1동,11560610,142441,116810,168072,974912
2024,1,양평2동,11560620,118311,111413,125209,2874596
2024,1,여의동,11560540,172875,235521,110229,8437543
2024,1,역삼1동,11680640,186220,193530,178911,2362133
2024,1,역삼2동,11680650,196996,217215,176776,1135029
2024,1,역촌동,11380625,88044,95875,80214,1157542
2024,1,연남동,11440710,134568,143273,125864,647438
2024,1,연희동,11410615,131220,125954,136485,2929172
2024,1,염리동,11440610,172305,172305,,491468
2024,1,염창동,11500510,106727,142907,70548,1732856
2024,1,영등포동,11560535,120404,139943,100865,1372094
2024,1,영등포본동,11560515,106813,98596,115030,846370
2024,1,오금동,11710570,77787,102366,53209,1648868
2024,1,오류1동,11530770,152288,181860,122715,727414
2024,1,오류2동,11530780,145229,157605,132853,3061018
2024,1,오륜동,11710566,335204,335204,,3085088
2024,1,옥수동,11200645,195697,236139,155254,1922027
2024,1,왕십리2동,11200520,142977,137951,148004,372425
2024,1,왕십리도선동,11200535,184699,183679,185718,710285
2024,1,용강동,11440590,157242,179571,134914,790602
2024,1,용답동,11200790,115146,150617,79676,2377148
2024,1,용문동,11170590,116645,131335,101956,277531
2024,1,용산2가동,11170520,96513,115063,77963,1966853
2024,1,용신동,11230536,93138,119433,66842,1618399
2024,1,우이동,11305645,72044,93735,50354,10587752
2024,1,우장산동,11500615,98633,101441,95825,1261588
2024,1,원효로1동,11170560,100064,122041,78088,589017
2024,1,원효로2동,11170570,82952,93473,72431,708975
2024,1,월계1동,11350560,132680,151369,113990,1107461
2024,1,월계2동,11350570,92817,135415,50220,2004785
2024,1,월계3동,11350580,123323,176532,70113,1168283
2024,1,월곡1동,11290715,91611,126996,56225,801757
2024,1,월곡2동,11290725,84914,115762,54065,1364901
2024,1,위례동,11710647,137891,191622,84160,2537372
2024,1,은천동,11620605,99953,146750,53156,776212
2024,1,을지로동,11140605,205300,279190,131409,611524
2024,1,응봉동,11200580,131319,115638,147000,553662
2024,1,응암1동,11380580,98112,127689,68536,1109863
2024,1,응암2동,11380590,105773,88835,122710,755247
2024,1,응암3동,11380600,77598,108710,46487,752773
2024,1,이문1동,11230740,94832,135371,54293,1039602
2024,1,이문2동,11230750,96239,131952,60526,723890
2024,1,이촌1동,11170630,241082,310242,171921,2872767
2024,1,이촌2동,11170640,119059,106449,131668,1205543
2024,1,이태원1동,11170650,171020,203205,138836,582899
2024,1,이태원2동,11170660,132092,169327,94857,874243
2024,1,이화동,11110640,157791,206261,109321,782395
2024,1,인수동,11305660,61323,69803,52842,2998011
2024,1,인헌동,11620625,103839,137467,70210,1089078
2024,1,일원1동,11680730,95941,114366,77516,953471
2024,1,일원2동,11680740,175467,,175467,1300290
2024,1,일원본동,11680720,,,,2354625
2024,1,자양1동,11215820,89180,118125,60235,568868
2024,1,자양2동,11215830,84091,101816,66365,1657523
2024,1,자양3동,11215840,104026,129689,78363,1196419
2024,1,자양4동,11215847,107872,142044,73699,1180023
2024,1,잠실2동,11710670,329205,420195,238215,2686850
2024,1,잠실3동,11710680,197928,188272,207584,1542643
2024,1,잠실4동,11710690,,,,780204
2024,1,잠실6동,11710710,176392,177708,175076,1508001
2024,1,잠실7동,11710720,,,,723486
2024,1,잠실본동,11710650,136916,175667,98164,1028997
2024,1,잠원동,11650540,108073,128592,87553,1756867
2024,1,장안1동,11230650,91261,109573,72948,1342167
2024,1,장안2동,11230660,80217,103744,56690,996640
2024,1,장위1동,11290760,97990,107113,88867,708546
2024,1,장위2동,11290770,143119,163785,122454,679894
2024,1,장위3동,11290780,117606,145294,89918,652601
2024,1,장지동,11710646,107897,161458,54337,1278355
2024,1,장충동,11140580,210412,172018,248806,1017925
2024,1,전농1동,11230560,81164,105848,56479,1126695
2024,1,전농2동,11230570,83606,104033,63179,977568
2024,1,정릉1동,11290620,101014,99423,102606,412365
2024,1,정릉2동,11290630,171016,111211,230821,1094889
2024,1,정릉3동,11290640,105891,105891,,3327126
2024,1,정릉4동,11290650,69090,97488,40692,3570914
2024,1,제기동,11230545,100442,139109,61775,1181705
2024,1,조원동,11620725,86190,114146,58235,666607
2024,1,종로1234가동,11110615,202376,275990,128763,2417171
2024,1,종로56가동,11110630,296837,283103,310570,603167
2024,1,종암동,11290705,87773,116833,58714,1404527
2024,1,중계1동,11350621,124876,172546,77205,623451
2024,1,중계23동,11350625,148630,211959,85301,919083
2024,1,중계4동,11350624,111504,148058,74949,1519449
2024,1,중계본동,11350619,95597,124056,67138,2183234
2024,1,중곡1동,11215740,90693,98961,82425,614505
2024,1,중곡2동,11215750,76697,91700,61695,545542
2024,1,중곡3동,11215760,77673,97729,57616,601866
2024,1,중곡4동,11215770,116987,153889,80086,2313468
2024,1,중림동,11140680,247128,321015,173242,484384
2024,1,중앙동,11620615,95302,130973,59630,384728
2024,1,중화1동,11260600,68281,81453,55109,641493
2024,1,중화2동,11260610,87310,117223,57397,1016955
2024,1,증산동,11380640,76503,95379,57628,807409
2024,1,진관동,11380690,124942,139020,110864,11565110
2024,1,창1동,11320511,119618,152685,86552,1122171
2024,1,창2동,11320512,117765,153576,81953,654442
2024,1,창3동,11320513,83290,100758,65821,655485
2024,1,창4동,11320514,177348,233794,120902,1140172
2024,1,창5동,11320515,176579,196192,156966,701480
2024,1,창신1동,11110670,197138,279995,114282,305337
2024,1,창신2동,11110680,82212,102406,62018,257323
2024,1,창신3동,11110690,,,,216835
2024,1,천연동,11410520,115431,168294,62568,982817
2024,1,천호1동,11740600,100237,108525,91949,668998
2024,1,천호2동,11740610,111454,138807,84101,1850853
2024,1,천호3동,11740620,125394,131325,119463,561872
2024,1,청구동,11140645,170589,198023,143155,342571
2024,1,청담동,11680565,174568,170221,178914,2329217
2024,1,청량리동,11230705,74279,92460,56098,1204398
2024,1,청룡동,11620595,133251,145593,120909,1195604
2024,1,청림동,11620545,97095,142175,52014,297155
2024,1,청운효자동,11110515,154532,192600,116464,2568432
2024,1,청파동,11170555,120438,126336,114540,886225
2024,1,충현동,11410565,158144,158836,157453,1116001
2024,1,평창동,11110560,119281,120897,117665,8947328
2024,1,풍납1동,11710510,81339,119006,43671,1075294
2024,1,풍납2동,11710520,89815,126758,52872,2564554
2024,1,필동,11140570,176244,182886,169603,1464686
2024,1,하계1동,11350611,96223,112058,80389,1527061
2024,1,하계2동,11350612,81322,,81322,500023
2024,1,한강로동,11170625,139634,166337,112931,2869816
2024,1,한남동,11170685,141393,169292,113494,3031897
2024,1,합정동,11440680,125727,169923,81532,1712389
2024,1,항동,11530800,170132,218281,121983,1446941
2024,1,행당1동,11200560,147206,134499,159913,573566
2024,1,행당2동,11200570,181856,244717,118996,457669
2024,1,행운동,11620575,144683,148767,140599,718235
2024,1,혜화동,11110650,127014,160981,93047,1132421
2024,1,홍은1동,11410660,154574,81809,227339,1615140
2024,1,홍은2동,11410685,141853,107727,175979,2075085
2024,1,홍제1동,11410620,131127,165018,97236,1235632
2024,1,홍제2동,11410655,100387,65068,135707,699978
2024,1,홍제3동,11410640,96014,138360,53668,1192508
2024,1,화곡1동,11500540,114767,135433,94102,1197746
2024,1,화곡2동,11500550,142278,123727,160830,454621
2024,1,화곡3동,11500560,104007,132026,75988,521858
2024,1,화곡4동,11500570,90763,121589,59936,852049
2024,1,화곡6동,11500591,123996,164111,83881,1037911
2024,1,화곡8동,11500593,118460,126941,109978,593322
2024,1,화곡본동,11500590,115980,131268,100691,972735
2024,1,화양동,11215710,139521,163338,115703,1166008
2024,1,황학동,11140670,208787,184276,233299,328640
2024,1,회기동,11230710,91327,124183,58471,766917
2024,1,회현동,11140540,338013,406081,269944,897827
2024,1,효창동,11170580,185776,141721,229831,446197
2024,1,후암동,11170510,95596,106700,84492,865892
2024,1,휘경1동,11230720,100406,138778,62033,521796
2024,1,휘경2동,11230730,87794,101186,74401,1113609
2024,1,흑석동,11590605,135318,162486,108149,1708306
2024,2,가락1동,11710631,143516,107915,179117,1393228
2024,2,가락2동,11710632,85138,119365,50911,932311
2024,2,가락본동,11710620,115140,133034,97247,1014738
2024,2,가리봉동,11530595,127507,124848,130166,410996
2024,2,가산동,11545510,138065,169205,106925,2512852
2024,2,가양1동,11500603,174502,234594,114410,4970691
2024,2,가양2동,11500604,95958,,95958,823874
2024,2,가양3동,11500605,126492,,126492,474228
2024,2,가회동,11110600,171799,233527,110071,539955
2024,2,갈현1동,11380551,93943,117068,70819,961071
2024,2,갈현2동,11380552,110580,133770,87391,985165
2024,2,강일동,11740515,144443,201817,87068,3647520
2024,2,개봉1동,11530740,120777,137023,104532,1320319
2024,2,개봉2동,11530750,128014,114019,142010,782524
2024,2,개봉3동,11530760,89793,98960,80626,828418
2024,2,개포1동,11680660,,,,1449952
2024,2,개포2동,11680670,207416,119525,295308,2243338
2024,2,개포4동,11680690,107445,106712,108179,1665461
2024,2,거여1동,11710531,131580,188449,74711,522308
2024,2,거여2동,11710532,142293,189274,95313,612901
2024,2,고덕1동,11740550,121124,133568,108680,1518495
2024,2,고덕2동,11740560,167929,186486,149372,2206786
2024,2,고척1동,11530720,101922,112649,91195,1151238
2024,2,고척2동,11530730,90238,99077,81398,1025572
2024,2,공덕동,11440565,144970,161404,128535,1019197
2024,2,공릉1동,11350595,91246,111637,70855,1263261
2024,2,공릉2동,11350600,110499,146480,74517,6983449
2024,2,공항동,11500620,112262,124053,100471,10861768
2024,2,광장동,11215810,128506,169746,87265,2393761
2024,2,광희동,11140590,241041,243697,238384,737204
2024,2,교남동,11110580,184128,215432,152824,346926
2024,2,구로1동,11530520,142798,156147,129448,1008892
2024,2,구로2동,11530530,112400,128389,96411,1703350
2024,2,구로3동,11530540,178435,229851,127019,1040120
2024,2,구로4동,11530550,124059,126447,121671,524507
2024,2,구로5동,11530560,129466,151576,107357,1012473
2024,2,구산동,11380560,80501,101468,59534,1389775
2024,2,구의1동,11215850,102738,128292,77185,565313
2024,2,구의2동,11215860,107444,132907,81981,1388041
2024,2,구의3동,11215870,120447,143766,97129,1027561
2024,2,군자동,11215730,109925,126967,92883,738025
2024,2,금호1가동,11200590,121496,124262,118729,444872
2024,2,금호23가동,11200615,122676,133331,112021,631196
2024,2,금호4가동,11200620,130106,145033,115180,832333
2024,2,길동,11740685,110481,140377,80584,1631616
2024,2,길음1동,11290660,169583,211884,127283,797310
2024,2,길음2동,11290685,102642,95367,109917,588002
2024,2,낙성대동,11620585,140621,179451,101791,2262818
2024,2,난곡동,11620775,97655,105052,90259,972373
2024,2,난향동,11620715,48416,50548,46285,821397
2024,2,남가좌1동,11410690,116899,165422,68376,475536
2024,2,남가좌2동,11410700,159053,177115,140991,783775
2024,2,남영동,11170530,132007,135226,128788,1177788
2024,2,남현동,11620630,120699,101342,140057,3281024
2024,2,내곡동,11650660,148124,136082,160167,12708880
2024,2,노량진1동,11590510,134310,169045,99575,1613446
2024,2,노량진2동,11590520,217288,295771,138806,600568
2024,2,녹번동,11380510,94833,100425,89240,1794215
2024,2,논현1동,11680521,183480,205202,161758,1258744
2024,2,논현2동,11680531,166481,172159,160802,1458524
2024,2,능동,11215780,113634,137147,90122,1092105
2024,2,다산동,11140625,160608,132972,188244,523971
2024,2,답십리1동,11230600,114600,154089,75110,788242
2024,2,답십리2동,11230610,75245,98135,52354,875745
2024,2,당산1동,11560550,105630,121290,89970,745305
2024,2,당산2동,11560560,129073,150108,108038,1581310
2024,2,대림1동,11560700,92154,92958,91350,498978
2024,2,대림2동,11560710,85346,113456,57236,572540
2024,2,대림3동,11560720,77128,99184,55072,921696
2024,2,대방동,11590660,118537,137373,99702,1544903
2024,2,대조동,11380570,109920,122133,97707,851692
2024,2,대치1동,11680600,180757,,180757,809823
2024,2,대치2동,11680610,204678,246576,162781,1837367
2024,2,대치4동,11680630,178699,214321,143077,701081
2024,2,대학동,11620735,100485,148228,52743,8405183
2024,2,대흥동,11440600,129549,176609,82489,858570
2024,2,도곡1동,11680655,198249,154251,242246,1050609
2024,2,도곡2동,11680656,166247,192043,140451,990763
2024,2,도림동,11560585,88523,105159,71887,585885
2024,2,도봉1동,11320521,87184,100341,74027,8451468
2024,2,도봉2동,11320522,85877,101367,70388,1119031
2024,2,도화동,11440585,146769,205025,88513,625018
2024,2,독산1동,11545610,110055,137865,82246,2061921
2024,2,독산2동,11545620,69290,102132,36447,617174
2024,2,독산3동,11545630,76565,95585,57546,934985
2024,2,독산4동,11545640,91242,137298,45187,591045
2024,2,돈암1동,11290580,43810,,43810,488898
2024,2,돈암2동,11290590,140423,,140423,518335
2024,2,동선동,11290575,142904,149652,136156,724957
2024,2,동화동,11140665,242238,196110,288365,327045
2024,2,둔촌1동,11740690,,,,912178
2024,2,둔촌2동,11740700,96593,122431,70754,1550455
2024,2,등촌1동,11500520,135963,157493,114432,650741
2024,2,등촌2동,11500530,110776,143831,77720,910666
2024,2,등촌3동,11500535,120427,154571,86282,1060362
2024,2,마장동,11200540,113491,145989,80994,1035276
2024,2,마천1동,11710540,76775,90118,63431,575258
2024,2,마천2동,11710550,134876,145311,124441,890688
2024,2,망우3동,11260660,68148,74122,62174,962561
2024,2,망우본동,11260655,91061,114811,67311,2948109
2024,2,망원1동,11440690,144848,182919,106777,1101005
2024,2,망원2동,11440700,118904,169377,68432,676411
2024,2,면목2동,11260520,70202,91807,48596,763122
2024,2,면목38동,11260575,78177,100326,56028,1614117
2024,2,면목4동,11260540,64833,74777,54888,843466
2024,2,면목5동,11260550,70260,87177,53342,704936
2024,2,면목7동,11260570,82323,110649,53998,1236134
2024,2,면목본동,11260565,94272,122825,65718,849019
2024,2,명동,11140550,272907,348130,197684,969729
2024,2,명일1동,11740530,125631,150706,100557,634942
2024,2,명일2동,11740540,132136,167823,96449,914329
2024,2,목1동,11470510,134545,187190,81899,1433111
2024,2,목2동,11470520,108785,120757,96812,1021355
2024,2,목3동,11470530,123524,127761,119287,531850
2024,2,목4동,11470540,96195,114756,77634,577493
2024,2,목5동,11470550,160888,232079,89696,1766361
2024,2,무악동,11110570,,,,369520
2024,2,묵1동,11260620,102973,109203,96743,1238436
2024,2,묵2동,11260630,116679,87441,145917,669204
2024,2,문래동,11560605,115814,113842,117785,1786708
2024,2,문정1동,11710641,93194,100411,85977,612546
2024,2,문정2동,11710642,151471,195984,106958,2242033
2024,2,미성동,11620765,101321,96557,106084,1359429
2024,2,미아동,11305535,91645,105278,78011,841204
2024,2,반포1동,11650560,136942,163839,110045,992368
2024,2,반포2동,11650570,247391,,247391,1396031
2024,2,반포3동,11650580,212956,250532,175380,1251708
2024,2,반포4동,11650581,180530,223511,137549,1427141
2024,2,반포본동,11650550,,,,972536
2024,2,발산1동,11500611,141248,179739,102756,2887669
2024,2,방배1동,11650600,141119,167888,114350,689244
2024,2,방배2동,11650610,111548,125464,97633,1904030
2024,2,방배3동,11650620,106056,143593,68518,2375134
2024,2,방배4동,11650621,117037,136401,97673,949527
2024,2,방배본동,11650590,112683,146753,78612,677510
2024,2,방이1동,11710561,119454,142384,96524,609259
2024,2,방이2동,11710562,133549,153351,113746,769841
2024,2,방학1동,11320690,114827,134391,95263,1040857
2024,2,방학2동,11320700,86076,96180,75972,1092814
2024,2,방학3동,11320710,126627,160247,93007,1951026
2024,2,방화1동,11500630,122926,137858,107994,1475606
2024,2,방화2동,11500640,93920,97899,89942,6157541
2024,2,방화3동,11500641,130222,169680,90764,2558908
2024,2,번1동,11305595,93936,112674,75197,627036
2024,2,번2동,11305603,64221,92016,36425,974298
2024,2,번3동,11305608,96970,149724,44217,1081177
2024,2,보광동,11170700,89994,123378,56609,715096
2024,2,보라매동,11620525,99453,131434,67471,750225
2024,2,보문동,11290610,88708,109509,67907,553006
2024,2,부암동,11110550,98167,115405,80929,2274739
2024,2,북가좌1동,11410710,133907,163206,104608,577979
2024,2,북가좌2동,11410720,122643,96020,149265,824866
2024,2,북아현동,11410555,113392,109049,117736,458945
2024,2,불광1동,11380520,109700,142201,77198,3124927
2024,2,불광2동,11380530,101363,104315,98410,1396089
2024,2,사근동,11200550,142698,173134,112263,1169216
2024,2,사당1동,11590620,133594,150635,116553,635172
2024,2,사당2동,11590630,156901,191353,122448,2763201
2024,2,사당3동,11590640,101568,121465,81672,907684
2024,2,사당4동,11590650,209297,190217,228377,436148
2024,2,사당5동,11590651,126932,118853,135011,682199
2024,2,사직동,11110530,184123,235516,132729,1158536
2024,2,삼각산동,11305575,132877,155093,110662,621911
2024,2,삼선동,11290555,113521,141186,85855,926227
2024,2,삼성1동,11680580,212407,156496,268319,1944629
2024,2,삼성2동,11680590,198288,248137,148439,1242271
2024,2,삼성동,11620745,85423,67769,103078,2604386
2024,2,삼양동,11305534,81832,87457,76207,924092
2024,2,삼전동,11710610,109574,138049,81098,953338
2024,2,삼청동,11110540,153171,153171,,1479255
2024,2,상계10동,11350720,144222,224666,63778,809214
2024,2,상계1동,11350630,95010,124245,65775,5402614
2024,2,상계2동,11350640,142886,157251,128520,623125
2024,2,상계34동,11350665,118803,108701,128906,5211708
2024,2,상계5동,11350670,88744,112933,64555,906891
2024,2,상계67동,11350695,141868,203995,79741,1450295
2024,2,상계8동,11350700,119416,150463,88369,666348
2024,2,상계9동,11350710,157867,206033,109700,719445
2024,2,상도1동,11590530,117952,150618,85286,1488648
2024,2,상도2동,11590540,130848,175891,85806,772865
2024,2,상도3동,11590550,127433,173090,81775,637199
2024,2,상도4동,11590560,109007,107463,110551,939562
2024,2,상봉1동,11260580,98437,109233,87641,854219
2024,2,상봉2동,11260590,103789,126071,81508,677445
2024,2,상암동,11440740,156751,175851,137651,8402415
2024,2,상일동,11740520,164386,139345,189428,1813623
2024,2,서강동,11440655,144470,165851,123090,1478577
2024,2,서교동,11440660,158666,182271,135060,1678981
2024,2,서림동,11620665,128939,92523,165354,941252
2024,2,서빙고동,11170690,74759,73772,75746,2821948
2024,2,서원동,11620645,170957,197994,143920,647532
2024,2,서초1동,11650510,132927,155594,110259,1382685
2024,2,서초2동,11650520,195318,224859,165778,1230924
2024,2,서초3동,11650530,136010,150628,121392,2998572
2024,2,서초4동,11650531,195493,245148,145837,879773
2024,2,석관동,11290810,89137,105733,72542,1705061
2024,2,석촌동,11710600,126992,160267,93718,946914
2024,2,성내1동,11740640,101195,120784,81606,663675
2024,2,성내2동,11740650,124759,138906,110612,625147
2024,2,성내3동,11740660,118674,131230,106118,647356
2024,2,성북동,11290525,107945,128561,87329,2879912
2024,2,성산1동,11440720,112803,97998,127609,859254
2024,2,성산2동,11440730,104027,141739,66315,1978724
2024,2,성수1가1동,11200650,116148,126870,105427,1885875
2024,2,성수1가2동,11200660,163250,173067,153434,930086
2024,2,성수2가1동,11200670,99607,104526,94687,1184964
2024,2,성수2가3동,11200690,157620,174334,140907,1054501
2024,2,성현동,11620565,100447,127621,73272,678223
2024,2,세곡동,11680700,155307,205322,105292,6367772
2024,2,소공동,11140520,228689,259429,197948,943795
2024,2,송정동,11200720,95595,113022,78168,681916
2024,2,송중동,11305545,113569,121859,105280,1075796
2024,2,송천동,11305555,60785,83342,38228,929913
2024,2,송파1동,11710580,104603,142900,66307,686925
2024,2,송파2동,11710590,110654,124657,96651,631023
2024,2,수궁동,11530790,133891,124701,143080,2661352
2024,2,수색동,11380650,99899,102623,97174,1290258
2024,2,수서동,11680750,213139,,213139,1629403
2024,2,수유1동,11305615,90945,120527,61363,1649963
2024,2,수유2동,11305625,60328,80153,40504,581617
2024,2,수유3동,11305635,102036,126299,77773,745645
2024,2,숭인1동,11110700,121027,183505,58548,239396
2024,2,숭인2동,11110710,158589,205581,111597,351906
2024,2,시흥1동,11545670,106432,155444,57420,1524148
2024,2,시흥2동,11545680,40177,,40177,1308882
2024,2,시흥3동,11545690,90882,102927,78838,1261391
2024,2,시흥4동,11545700,85352,79787,90916,821709
2024,2,시흥5동,11545710,87763,102211,73315,1386972
2024,2,신길1동,11560630,73909,92908,54911,722925
2024,2,신길3동,11560650,88566,95647,81484,520083
2024,2,신길4동,11560660,111958,99245,124671,292127
2024,2,신길5동,11560670,87504,108828,66179,494653
2024,2,신길6동,11560680,126610,132160,121060,653511
2024,2,신길7동,11560690,125733,118733,132733,642487
2024,2,신내1동,11260680,93199,117958,68439,2606949
2024,2,신내2동,11260690,113196,125045,101347,911281
2024,2,신당5동,11140650,186409,209535,163283,319706
2024,2,신당동,11140615,388756,358287,419225,534942
2024,2,신대방1동,11590670,94773,114329,75217,675281
2024,2,신대방2동,11590680,151317,215302,87332,977033
2024,2,신도림동,11530510,156431,161574,151288,1392788
2024,2,신림동,11620695,149958,205777,94139,541240
2024,2,신사1동,11380631,108851,141060,76642,808314
2024,2,신사2동,11380632,91375,94915,87836,1046222
2024,2,신사동,11620685,104105,130506,77704,641031
2024,2,신사동,11680510,157018,180804,133231,2059234
2024,2,신수동,11440630,133235,106965,159505,797879
2024,2,신원동,11620655,127957,139148,116766,544977
2024,2,신월1동,11470560,104983,118155,91812,622400
2024,2,신월2동,11470570,74753,81801,67704,606811
2024,2,신월3동,11470580,51250,67950,34549,918039
2024,2,신월4동,11470590,94996,102998,86995,469873
2024,2,신월5동,11470600,77253,83788,70719,638302
2024,2,신월6동,11470610,103902,116549,91255,444286
2024,2,신월7동,11470611,62397,83601,41194,1230628
2024,2,신정1동,11470620,92673,122247,63100,747568
2024,2,신정2동,11470630,99056,106873,91238,525899
2024,2,신정3동,11470640,120136,157397,82874,2756536
2024,2,신정4동,11470650,119026,134888,103164,997144
2024,2,신정6동,11470670,129746,170394,89097,940885
2024,2,신정7동,11470680,111886,125891,97881,1234130
2024,2,신촌동,11410585,163720,196979,130461,2720364
2024,2,쌍문1동,11320660,84700,90913,78488,1175774
2024,2,쌍문2동,11320670,97166,109481,84851,541193
2024,2,쌍문3동,11320680,105605,128310,82900,504805
2024,2,쌍문4동,11320681,88473,85475,91471,554868
2024,2,아현동,11440555,151362,186562,116162,744328
2024,2,안암동,11290600,94040,128338,59743,1379571
2024,2,암사1동,11740570,97133,133310,60956,735480
2024,2,암사2동,11740580,155884,216442,95326,2174329
2024,2,암사3동,11740590,168296,180288,156305,1799368
2024,2,압구정동,11680545,188933,255426,122440,2345057
2024,2,약수동,11140635,234565,258863,210266,486369
2024,2,양재1동,11650651,125664,145726,105601,5765358
2024,2,양재2동,11650652,124151,113162,135141,7562268
2024,2,양평1동,11560610,133832,109317,158346,974912
2024,2,양평2동,11560620,121764,119523,124005,2874596
2024,2,여의동,11560540,167718,224605,110832,8437543
2024,2,역삼1동,11680640,187929,198838,177019,2362133
2024,2,역삼2동,11680650,196439,223828,169050,1135029
2024,2,역촌동,11380625,88540,99302,77778,1157542
2024,2,연남동,11440710,136184,145950,126418,647438
2024,2,연희동,11410615,121217,131373,111061,2929172
2024,2,염리동,11440610,129254,166861,91648,491468
2024,2,염창동,11500510,115769,159916,71622,1732856
2024,2,영등포동,11560535,120205,146381,94029,1372094
2024,2,영등포본동,11560515,99232,97770,100695,846370
2024,2,오금동,11710570,78773,97763,59782,1648868
2024,2,오류1동,11530770,144476,185321,103632,727414
2024,2,오류2동,11530780,153903,178187,129619,3061018
2024,2,오륜동,11710566,335333,335333,,3085088
2024,2,옥수동,11200645,128260,129446,127075,1922027
2024,2,왕십리2동,11200520,108598,130820,86376,372425
2024,2,왕십리도선동,11200535,154104,146471,161737,710285
2024,2,용강동,11440590,170977,217202,124751,790602
2024,2,용답동,11200790,121787,170628,72945,2377148
2024,2,용문동,11170590,92719,129704,55734,277531
2024,2,용산2가동,11170520,91089,100775,81404,1966853
2024,2,용신동,11230536,91869,114112,69626,1618399
2024,2,우이동,11305645,93477,89414,97541,10587752
2024,2,우장산동,11500615,106549,107100,105997,1261588
2024,2,원효로1동,11170560,96206,118206,74206,589017
2024,2,원효로2동,11170570,80685,91280,70090,708975
2024,2,월계1동,11350560,131244,140798,121690,1107461
2024,2,월계2동,11350570,87938,130272,45604,2004785
2024,2,월계3동,11350580,122351,169844,74858,1168283
2024,2,월곡1동,11290715,93034,122829,63240,801757
2024,2,월곡2동,11290725,85039,111694,58385,1364901
2024,2,위례동,11710647,139634,189987,89281,2537372
2024,2,은천동,11620605,96925,137104,56746,776212
2024,2,을지로동,11140605,199792,273859,125725,611524
2024,2,응봉동,11200580,105835,83923,127748,553662
2024,2,응암1동,11380580,97519,127320,67718,1109863
2024,2,응암2동,11380590,113814,105190,122438,755247
2024,2,응암3동,11380600,81118,107447,54788,752773
2024,2,이문1동,11230740,100289,148440,52138,1039602
2024,2,이문2동,11230750,91898,121698,62097,723890
2024,2,이촌1동,11170630,226403,289792,163014,2872767
2024,2,이촌2동,11170640,129468,100696,158241,1205543
2024,2,이태원1동,11170650,173630,207415,139844,582899
2024,2,이태원2동,11170660,121364,138389,104338,874243
2024,2,이화동,11110640,141860,178429,105291,782395
2024,2,인수동,11305660,63323,72844,53801,2998011
2024,2,인헌동,11620625,107979,131038,84920,1089078
2024,2,일원1동,11680730,53745,,53745,953471
2024,2,일원2동,11680740,149906,,149906,1300290
2024,2,일원본동,11680720,,,,2354625
2024,2,자양1동,11215820,86270,116094,56446,568868
2024,2,자양2동,11215830,85155,106683,63627,1657523
2024,2,자양3동,11215840,108747,132025,85468,1196419
2024,2,자양4동,11215847,104784,137849,71719,1180023
2024,2,잠실2동,11710670,313840,412407,215273,2686850
2024,2,잠실3동,11710680,250910,289553,212266,1542643
2024,2,잠실4동,11710690,200608,,200608,780204
2024,2,잠실6동,11710710,184372,207500,161244,1508001
2024,2,잠실7동,11710720,,,,723486
2024,2,잠실본동,11710650,134534,171377,97691,1028997
2024,2,잠원동,11650540,116485,132872,100099,1756867
2024,2,장안1동,11230650,94024,114200,73847,1342167
2024,2,장안2동,11230660,80567,104151,56983,996640
2024,2,장위1동,11290760,78824,97881,59766,708546
2024,2,장위2동,11290770,148722,143913,153530,679894
2024,2,장위3동,11290780,113263,143239,83288,652601
2024,2,장지동,11710646,113977,167497,60456,1278355
2024,2,장충동,11140580,201270,181947,220594,1017925
2024,2,전농1동,11230560,82460,102139,62782,1126695
2024,2,전농2동,11230570,69071,73140,65003,977568
2024,2,정릉1동,11290620,106728,105868,107587,412365
2024,2,정릉2동,11290630,184827,114283,255370,1094889
2024,2,정릉3동,11290640,99807,117549,82065,3327126
2024,2,정릉4동,11290650,78793,103979,53607,3570914
2024,2,제기동,11230545,102340,129820,74860,1181705
2024,2,조원동,11620725,95540,106928,84151,666607
2024,2,종로1234가동,11110615,200140,269591,130688,2417171
2024,2,종로56가동,11110630,277462,273313,281611,603167
2024,2,종암동,11290705,89915,117490,62340,1404527
2024,2,중계1동,11350621,141379,175858,106901,623451
2024,2,중계23동,11350625,146056,205001,87112,919083
2024,2,중계4동,11350624,111126,151320,70933,1519449
2024,2,중계본동,11350619,118114,156661,79567,2183234
2024,2,중곡1동,11215740,84782,100645,68918,614505
2024,2,중곡2동,11215750,77589,92350,62828,545542
2024,2,중곡3동,11215760,77092,103976,50209,601866
2024,2,중곡4동,11215770,103939,138028,69851,2313468
2024,2,중림동,11140680,218357,293075,143638,484384
2024,2,중앙동,11620615,98735,134789,62680,384728
2024,2,중화1동,11260600,60824,79440,42209,641493
2024,2,중화2동,11260610,84407,113369,55445,1016955
2024,2,증산동,11380640,85559,91264,79853,807409
2024,2,진관동,11380690,121905,135824,107986,11565110
2024,2,창1동,11320511,106544,139297,73792,1122171
2024,2,창2동,11320512,100986,125867,76105,654442
2024,2,창3동,11320513,68033,83276,52791,655485
2024,2,창4동,11320514,168965,237628,100302,1140172
2024,2,창5동,11320515,146561,161422,131700,701480
2024,2,창신1동,11110670,195161,262631,127691,305337
2024,2,창신2동,11110680,91104,105489,76719,257323
2024,2,창신3동,11110690,214241,214241,,216835
2024,2,천연동,11410520,111808,151558,72059,982817
2024,2,천호1동,11740600,92148,101171,83124,668998
2024,2,천호2동,11740610,117274,138671,95877,1850853
2024,2,천호3동,11740620,120087,136581,103593,561872
2024,2,청구동,11140645,215947,221091,210803,342571
2024,2,청담동,11680565,213499,261560,165438,2329217
2024,2,청량리동,11230705,77790,97509,58070,1204398
2024,2,청룡동,11620595,139198,165883,112512,1195604
2024,2,청림동,11620545,90105,122080,58131,297155
2024,2,청운효자동,11110515,152054,188588,115520,2568432
2024,2,청파동,11170555,129329,132718,125940,886225
2024,2,충현동,11410565,150277,153495,147059,1116001
2024,2,평창동,11110560,101501,83479,119522,8947328
2024,2,풍납1동,11710510,93763,119311,68215,1075294
2024,2,풍납2동,11710520,82763,113858,51667,2564554
2024,2,필동,11140570,156282,167104,145459,1464686
2024,2,하계1동,11350611,100168,119495,80841,1527061
2024,2,하계2동,11350612,76227,,76227,500023
2024,2,한강로동,11170625,136541,159589,113494,2869816
2024,2,한남동,11170685,147008,184392,109625,3031897
2024,2,합정동,11440680,135133,180167,90099,1712389
2024,2,항동,11530800,171705,223020,120390,1446941
2024,2,행당1동,11200560,149223,149185,149262,573566
2024,2,행당2동,11200570,135405,148251,122558,457669
2024,2,행운동,11620575,136075,139685,132465,718235
2024,2,혜화동,11110650,125576,159892,91260,1132421
2024,2,홍은1동,11410660,127727,80486,174967,1615140
2024,2,홍은2동,11410685,136161,110199,162124,2075085
2024,2,홍제1동,11410620,140097,177015,103180,1235632
2024,2,홍제2동,11410655,102353,74868,129838,699978
2024,2,홍제3동,11410640,78180,99322,57037,1192508
2024,2,화곡1동,11500540,123619,140243,106995,1197746
2024,2,화곡2동,11500550,110347,94258,126435,454621
2024,2,화곡3동,11500560,110750,131020,90480,521858
2024,2,화곡4동,11500570,93620,122177,65064,852049
2024,2,화곡6동,11500591,116542,149551,83532,1037911
2024,2,화곡8동,11500593,142343,136722,147964,593322
2024,2,화곡본동,11500590,113442,129444,97439,972735
2024,2,화양동,11215710,150777,160351,141203,1166008
2024,2,황학동,11140670,197396,178275,216517,328640
2024,2,회기동,11230710,102498,119745,85251,766917
2024,2,회현동,11140540,337514,415033,259994,897827
2024,2,효창동,11170580,156450,132745,180155,446197
2024,2,후암동,11170510,98460,104174,92745,865892
2024,2,휘경1동,11230720,102635,131827,73442,521796
2024,2,휘경2동,11230730,87842,96603,79080,1113609
2024,2,흑석동,11590605,140974,156266,125682,1708306
2024,3,가락1동,11710631,147864,129240,166488,1393228
2024,3,가락2동,11710632,82886,118038,47734,932311
2024,3,가락본동,11710620,117336,127036,107637,1014738
2024,3,가리봉동,11530595,146273,158456,134090,410996
2024,3,가산동,11545510,134328,152916,115741,2512852
2024,3,가양1동,11500603,178256,244388,112124,4970691
2024,3,가양2동,11500604,70487,,70487,823874
2024,3,가양3동,11500605,118624,,118624,474228
2024,3,가회동,11110600,168867,223593,114141,539955
2024,3,갈현1동,11380551,95822,123725,67919,961071
2024,3,갈현2동,11380552,100082,125299,74865,985165
2024,3,강일동,11740515,138408,185695,91121,3647520
2024,3,개봉1동,11530740,140079,141456,138702,1320319
2024,3,개봉2동,11530750,125328,134181,116474,782524
2024,3,개봉3동,11530760,109319,137091,81547,828418
2024,3,개포1동,11680660,,,,1449952
2024,3,개포2동,11680670,205179,171881,238478,2243338
2024,3,개포4동,11680690,114566,94542,134590,1665461
2024,3,거여1동,11710531,112898,166574,59222,522308
2024,3,거여2동,11710532,99103,156746,41460,612901
2024,3,고덕1동,11740550,112807,132082,93532,1518495
2024,3,고덕2동,11740560,165504,190176,140832,2206786
2024,3,고척1동,11530720,124334,155878,92791,1151238
2024,3,고척2동,11530730,105327,94625,116030,1025572
2024,3,공덕동,11440565,148601,157824,139377,1019197
2024,3,공릉1동,11350595,93536,108572,78499,1263261
2024,3,공릉2동,11350600,104477,150331,58623,6983449
2024,3,공항동,11500620,98717,104486,92948,10861768
2024,3,광장동,11215810,130182,173110,87254,2393761
2024,3,광희동,11140590,244509,247745,241273,737204
2024,3,교남동,11110580,189352,218656,160048,346926
2024,3,구로1동,11530520,190251,227864,152638,1008892
2024,3,구로2동,11530530,121684,142182,101187,1703350
2024,3,구로3동,11530540,171432,215347,127516,1040120
2024,3,구로4동,11530550,133808,145346,122270,524507
2024,3,구로5동,11530560,134174,167970,100377,1012473
2024,3,구산동,11380560,104026,125149,82902,1389775
2024,3,구의1동,11215850,96222,118244,74200,565313
2024,3,구의2동,11215860,106302,123678,88926,1388041
2024,3,구의3동,11215870,128409,155674,101144,1027561
2024,3,군자동,11215730,100904,120495,81314,738025
2024,3,금호1가동,11200590,95382,110405,80359,444872
2024,3,금호23가동,11200615,108182,133252,83111,631196
2024,3,금호4가동,11200620,146499,172345,120654,832333
2024,3,길동,11740685,106774,139363,74186,1631616
2024,3,길음1동,11290660,163065,200730,125399,797310
2024,3,길음2동,11290685,112072,115458,108686,588002
2024,3,낙성대동,11620585,145655,190056,101254,2262818
2024,3,난곡동,11620775,108105,110723,105487,972373
2024,3,난향동,11620715,57111,65289,48932,821397
2024,3,남가좌1동,11410690,110054,167877,52231,475536
2024,3,남가좌2동,11410700,124574,133449,115699,783775
2024,3,남영동,11170530,123032,136935,109129,1177788
2024,3,남현동,11620630,117385,107239,127532,3281024
2024,3,내곡동,11650660,143966,157595,130337,12708880
2024,3,노량진1동,11590510,133934,167334,100534,1613446
2024,3,노량진2동,11590520,179409,219172,139647,600568
2024,3,녹번동,11380510,95820,108483,83157,1794215
2024,3,논현1동,11680521,174862,191549,158175,1258744
2024,3,논현2동,11680531,181140,196201,166079,1458524
2024,3,능동,11215780,122957,153656,92258,1092105
2024,3,다산동,11140625,159756,154472,165040,523971
2024,3,답십리1동,11230600,116804,144374,89233,788242
2024,3,답십리2동,11230610,80386,95001,65770,875745
2024,3,당산1동,11560550,120042,135984,104101,745305
2024,3,당산2동,11560560,134197,156488,111905,1581310
2024,3,대림1동,11560700,124911,105017,144806,498978
2024,3,대림2동,11560710,105680,138092,73268,572540
2024,3,대림3동,11560720,78834,103769,53899,921696
2024,3,대방동,11590660,117381,141816,92946,1544903
2024,3,대조동,11380570,110249,119256,101242,851692
2024,3,대치1동,11680600,201615,222147,181084,809823
2024,3,대치2동,11680610,215699,272696,158701,1837367
2024,3,대치4동,11680630,192477,235607,149347,701081
2024,3,대학동,11620735,108222,155961,60484,8405183
2024,3,대흥동,11440600,128268,164923,91613,858570
2024,3,도곡1동,11680655,202242,202242,,1050609
2024,3,도곡2동,11680656,139582,157669,121495,990763
2024,3,도림동,11560585,111196,146667,75724,585885
2024,3,도봉1동,11320521,90900,102666,79133,8451468
2024,3,도봉2동,11320522,88645,105624,71666,1119031
2024,3,도화동,11440585,139961,196443,83478,625018
2024,3,독산1동,11545610,119653,163886,75420,2061921
2024,3,독산2동,11545620,115271,116876,113667,617174
2024,3,독산3동,11545630,76884,93979,59788,934985
2024,3,독산4동,11545640,112668,168997,56340,591045
2024,3,돈암1동,11290580,46270,,46270,488898
2024,3,돈암2동,11290590,107583,111282,103885,518335
2024,3,동선동,11290575,132087,161971,102204,724957
2024,3,동화동,11140665,238588,204862,272315,327045
2024,3,둔촌1동,11740690,,,,912178
2024,3,둔촌2동,11740700,102695,136985,68406,1550455
2024,3,등촌1동,11500520,139953,149941,129966,650741
2024,3,등촌2동,11500530,104544,146617,62471,910666
2024,3,등촌3동,11500535,131762,172011,91513,1060362
2024,3,마장동,11200540,109986,142525,77446,1035276
2024,3,마천1동,11710540,73974,93409,54539,575258
2024,3,마천2동,11710550,99782,110166,89398,890688
2024,3,망우3동,11260660,68344,77161,59527,962561
2024,3,망우본동,11260655,89791,112654,66928,2948109
2024,3,망원1동,11440690,137712,168112,107312,1101005
2024,3,망원2동,11440700,114603,165497,63710,676411
2024,3,면목2동,11260520,70590,86640,54540,763122
2024,3,면목38동,11260575,83388,99829,66947,1614117
2024,3,면목4동,11260540,58775,66651,50900,843466
2024,3,면목5동,11260550,70930,92019,49841,704936
2024,3,면목7동,11260570,78557,104116,52997,1236134
2024,3,면목본동,11260565,82819,117959,47679,849019
2024,3,명동,11140550,240596,276176,205015,969729
2024,3,명일1동,11740530,130926,167091,94760,634942
2024,3,명일2동,11740540,144703,189288,100118,914329
2024,3,목1동,11470510,139471,199392,79549,1433111
2024,3,목2동,11470520,131953,137226,126680,1021355
2024,3,목3동,11470530,104614,122399,86829,531850
2024,3,목4동,11470540,102658,132195,73122,577493
2024,3,목5동,11470550,151783,216206,87359,1766361
2024,3,무악동,11110570,139803,139803,,369520
2024,3,묵1동,11260620,100186,114864,85508,1238436
2024,3,묵2동,11260630,101850,85283,118417,669204
2024,3,문래동,11560605,117983,107231,128734,1786708
2024,3,문정1동,11710641,91911,106155,77668,612546
2024,3,문정2동,11710642,153969,192828,115109,2242033
2024,3,미성동,11620765,97923,97661,98185,1359429
2024,3,미아동,11305535,91805,115125,68484,841204
2024,3,반포1동,11650560,136983,164090,109876,992368
2024,3,반포2동,11650570,317357,361341,273373,1396031
2024,3,반포3동,11650580,214290,243450,185130,1251708
2024,3,반포4동,11650581,173721,220476,126965,1427141
2024,3,반포본동,11650550,75343,67011,83675,972536
2024,3,발산1동,11500611,141808,172289,111326,2887669
2024,3,방배1동,11650600,141433,168831,114034,689244
2024,3,방배2동,11650610,130969,150067,111871,1904030
2024,3,방배3동,11650620,82448,110254,54643,2375134
2024,3,방배4동,11650621,122200,141908,102493,949527
2024,3,방배본동,11650590,118123,148733,87513,677510
2024,3,방이1동,11710561,132646,134307,130985,609259
2024,3,방이2동,11710562,145377,186379,104375,769841
2024,3,방학1동,11320690,99183,119710,78656,1040857
2024,3,방학2동,11320700,80131,97314,62948,1092814
2024,3,방학3동,11320710,95263,118592,71934,1951026
2024,3,방화1동,11500630,138380,158354,118406,1475606
2024,3,방화2동,11500640,83788,86859,80718,6157541
2024,3,방화3동,11500641,126679,157409,95950,2558908
2024,3,번1동,11305595,86454,103957,68951,627036
2024,3,번2동,11305603,71061,99725,42396,974298
2024,3,번3동,11305608,77254,106474,48034,1081177
2024,3,보광동,11170700,81807,110413,53201,715096
2024,3,보라매동,11620525,106046,129891,82201,750225
2024,3,보문동,11290610,96389,119686,73093,553006
2024,3,부암동,11110550,98504,101387,95622,2274739
2024,3,북가좌1동,11410710,190010,188188,191832,577979
2024,3,북가좌2동,11410720,107185,98826,115543,824866
2024,3,북아현동,11410555,116879,129064,104695,458945
2024,3,불광1동,11380520,118045,140559,95530,3124927
2024,3,불광2동,11380530,110740,119382,102099,1396089
2024,3,사근동,11200550,136773,174935,98610,1169216
2024,3,사당1동,11590620,132252,147225,117279,635172
2024,3,사당2동,11590630,155438,193424,117451,2763201
2024,3,사당3동,11590640,111139,136463,85815,907684
2024,3,사당4동,11590650,135329,135329,,436148
2024,3,사당5동,11590651,119953,104386,135519,682199
2024,3,사직동,11110530,167839,219567,116110,1158536
2024,3,삼각산동,11305575,154875,155006,154745,621911
2024,3,삼선동,11290555,121047,150785,91308,926227
2024,3,삼성1동,11680580,215780,181247,250313,1944629
2024,3,삼성2동,11680590,207072,235760,178384,1242271
2024,3,삼성동,11620745,74296,76017,72575,2604386
2024,3,삼양동,11305534,93059,88030,98087,924092
2024,3,삼전동,11710610,116291,156474,76107,953338
2024,3,삼청동,11110540,172621,172621,,1479255
2024,3,상계10동,11350720,139719,210994,68444,809214
2024,3,상계1동,11350630,100453,121658,79249,5402614
2024,3,상계2동,11350640,148752,179038,118466,623125
2024,3,상계34동,11350665,125555,108266,142844,5211708
2024,3,상계5동,11350670,83830,100856,66803,906891
2024,3,상계67동,11350695,139095,206316,71873,1450295
2024,3,상계8동,11350700,121960,153355,90566,666348
2024,3,상계9동,11350710,134229,207726,60732,719445
2024,3,상도1동,11590530,111479,143103,79856,1488648
2024,3,상도2동,11590540,132377,173999,90754,772865
2024,3,상도3동,11590550,134942,171800,98085,637199
2024,3,상도4동,11590560,100219,109684,90753,939562
2024,3,상봉1동,11260580,105231,113131,97330,854219
2024,3,상봉2동,11260590,99447,124112,74782,677445
2024,3,상암동,11440740,176250,200631,151869,8402415
2024,3,상일동,11740520,159188,146778,171597,1813623
2024,3,서강동,11440655,140305,165011,115599,1478577
2024,3,서교동,11440660,161695,186478,136912,1678981
2024,3,서림동,11620665,156647,96534,216760,941252
2024,3,서빙고동,11170690,79843,55361,104325,2821948
2024,3,서원동,11620645,149937,165758,134117,647532
2024,3,서초1동,11650510,140713,150739,130687,1382685
2024,3,서초2동,11650520,179622,210975,148268,1230924
2024,3,서초3동,11650530,139349,152243,126455,2998572
2024,3,서초4동,11650531,175858,215046,136671,879773
2024,3,석관동,11290810,84135,90705,77564,1705061
2024,3,석촌동,11710600,125014,160642,89385,946914
2024,3,성내1동,11740640,103955,126910,81000,663675
2024,3,성내2동,11740650,115398,141403,89392,625147
2024,3,성내3동,11740660,109435,124472,94398,647356
2024,3,성북동,11290525,103315,125921,80708,2879912
2024,3,성산1동,11440720,121929,115355,128504,859254
2024,3,성산2동,11440730,105692,133410,77974,1978724
2024,3,성수1가1동,11200650,115174,118336,112012,1885875
2024,3,성수1가2동,11200660,156603,162191,151015,930086
2024,3,성수2가1동,11200670,91239,102300,80177,1184964
2024,3,성수2가3동,11200690,157910,166651,149168,1054501
2024,3,성현동,11620565,116585,129544,103626,678223
2024,3,세곡동,11680700,173935,238740,109130,6367772
2024,3,소공동,11140520,236785,275172,198399,943795
2024,3,송정동,11200720,101119,111919,90319,681916
2024,3,송중동,11305545,127106,120075,134138,1075796
2024,3,송천동,11305555,65824,91162,40485,929913
2024,3,송파1동,11710580,106107,142827,69388,686925
2024,3,송파2동,11710590,103760,110686,96833,631023
2024,3,수궁동,11530790,129669,118025,141312,2661352
2024,3,수색동,11380650,107192,108941,105444,1290258
2024,3,수서동,11680750,193704,,193704,1629403
2024,3,수유1동,11305615,94432,130792,58072,1649963
2024,3,수유2동,11305625,62506,83788,41225,581617
2024,3,수유3동,11305635,107648,123149,92147,745645
2024,3,숭인1동,11110700,96054,137967,54141,239396
2024,3,숭인2동,11110710,166477,192147,140807,351906
2024,3,시흥1동,11545670,106081,146792,65371,1524148
2024,3,시흥2동,11545680,43117,,43117,1308882
2024,3,시흥3동,11545690,107972,110813,105130,1261391
2024,3,시흥4동,11545700,87636,80752,94520,821709
2024,3,시흥5동,11545710,79190,92388,65991,1386972
2024,3,신길1동,11560630,72669,92301,53038,722925
2024,3,신길3동,11560650,109095,117732,100457,520083
2024,3,신길4동,11560660,112566,82510,142623,292127
2024,3,신길5동,11560670,115863,188132,43595,494653
2024,3,신길6동,11560680,199279,248060,150498,653511
2024,3,신길7동,11560690,108866,128298,89434,642487
2024,3,신내1동,11260680,87547,120857,54237,2606949
2024,3,신내2동,11260690,108645,134311,82979,911281
2024,3,신당5동,11140650,171720,191964,151477,319706
2024,3,신당동,11140615,385011,356474,413548,534942
2024,3,신대방1동,11590670,95126,118390,71863,675281
2024,3,신대방2동,11590680,145261,184832,105691,977033
2024,3,신도림동,11530510,134295,144970,123620,1392788
2024,3,신림동,11620695,147454,196834,98074,541240
2024,3,신사1동,11380631,103488,136936,70040,808314
2024,3,신사2동,11380632,91311,88952,93670,1046222
2024,3,신사동,11620685,105405,129249,81562,641031
2024,3,신사동,11680510,175201,192516,157887,2059234
2024,3,신수동,11440630,129651,110970,148331,797879
2024,3,신원동,11620655,162663,157259,168067,544977
2024,3,신월1동,11470560,101178,122468,79888,622400
2024,3,신월2동,11470570,69422,78482,60363,606811
2024,3,신월3동,11470580,80468,66532,94405,918039
2024,3,신월4동,11470590,95071,101666,88476,469873
2024,3,신월5동,11470600,67604,85111,50097,638302
2024,3,신월6동,11470610,115240,117137,113344,444286
2024,3,신월7동,11470611,69719,105183,34256,1230628
2024,3,신정1동,11470620,100267,120732,79802,747568
2024,3,신정2동,11470630,92829,96931,88727,525899
2024,3,신정3동,11470640,116639,148046,85232,2756536
2024,3,신정4동,11470650,125043,144257,105829,997144
2024,3,신정6동,11470670,142740,190644,94837,940885
2024,3,신정7동,11470680,110285,126711,93859,1234130
2024,3,신촌동,11410585,169498,202587,136409,2720364
2024,3,쌍문1동,11320660,84203,70468,97938,1175774
2024,3,쌍문2동,11320670,99267,112085,86449,541193
2024,3,쌍문3동,11320680,89948,109995,69900,504805
2024,3,쌍문4동,11320681,85668,104325,67012,554868
2024,3,아현동,11440555,166482,226338,106626,744328
2024,3,안암동,11290600,99820,136529,63111,1379571
2024,3,암사1동,11740570,90793,124041,57545,735480
2024,3,암사2동,11740580,149759,219455,80063,2174329
2024,3,암사3동,11740590,165607,204837,126377,1799368
2024,3,압구정동,11680545,175351,239623,111080,2345057
2024,3,약수동,11140635,175064,205672,144457,486369
2024,3,양재1동,11650651,128571,157374,99767,5765358
2024,3,양재2동,11650652,124828,120725,128931,7562268
2024,3,양평1동,11560610,156758,107602,205913,974912
2024,3,양평2동,11560620,138396,125979,150812,2874596
2024,3,여의동,11560540,166424,224482,108366,8437543
2024,3,역삼1동,11680640,207376,208652,206101,2362133
2024,3,역삼2동,11680650,224887,275952,173822,1135029
2024,3,역촌동,11380625,87164,102443,71885,1157542
2024,3,연남동,11440710,135277,145909,124645,647438
2024,3,연희동,11410615,120163,124787,115538,2929172
2024,3,염리동,11440610,123594,150124,97063,491468
2024,3,염창동,11500510,113922,155522,72322,1732856
2024,3,영등포동,11560535,127221,135946,118496,1372094
2024,3,영등포본동,11560515,90841,91307,90375,846370
2024,3,오금동,11710570,87947,90331,85564,1648868
2024,3,오류1동,11530770,131282,156904,105660,727414
2024,3,오류2동,11530780,147322,192309,102335,3061018
2024,3,오륜동,11710566,334461,334461,,3085088
2024,3,옥수동,11200645,133368,146156,120581,1922027
2024,3,왕십리2동,11200520,106072,141612,70532,372425
2024,3,왕십리도선동,11200535,153993,160621,147365,710285
2024,3,용강동,11440590,165130,208410,121850,790602
2024,3,용답동,11200790,119069,186429,51709,2377148
2024,3,용문동,11170590,107443,146525,68361,277531
2024,3,용산2가동,11170520,87486,99172,75800,1966853
2024,3,용신동,11230536,86889,105762,68015,1618399
2024,3,우이동,11305645,117234,89169,145299,10587752
2024,3,우장산동,11500615,107345,116573,98116,1261588
2024,3,원효로1동,11170560,93025,111925,74126,589017
2024,3,원효로2동,11170570,77673,85333,70012,708975
2024,3,월계1동,11350560,137072,138876,135268,1107461
2024,3,월계2동,11350570,98561,147890,49232,2004785
2024,3,월계3동,11350580,116821,168083,65560,1168283
2024,3,월곡1동,11290715,119848,120592,119105,801757
2024,3,월곡2동,11290725,86175,120245,52106,1364901
2024,3,위례동,11710647,148382,204121,92644,2537372
2024,3,은천동,11620605,100876,139781,61971,776212
2024,3,을지로동,11140605,196910,266970,126851,611524
2024,3,응봉동,11200580,67478,86768,48189,553662
2024,3,응암1동,11380580,99349,118851,79846,1109863
2024,3,응암2동,11380590,108257,110908,105606,755247
2024,3,응암3동,11380600,84346,116962,51730,752773
2024,3,이문1동,11230740,107422,163045,51800,1039602
2024,3,이문2동,11230750,76990,105680,48301,723890
2024,3,이촌1동,11170630,201138,270462,131815,2872767
2024,3,이촌2동,11170640,99258,76934,121581,1205543
2024,3,이태원1동,11170650,150197,165145,135248,582899
2024,3,이태원2동,11170660,131394,149657,113130,874243
2024,3,이화동,11110640,121294,150927,91662,782395
2024,3,인수동,11305660,67721,77470,57971,2998011
2024,3,인헌동,11620625,108551,135003,82099,1089078
2024,3,일원1동,11680730,64003,,64003,953471
2024,3,일원2동,11680740,101788,,101788,1300290
2024,3,일원본동,11680720,,,,2354625
2024,3,자양1동,11215820,83664,111637,55691,568868
2024,3,자양2동,11215830,85943,109528,62357,1657523
2024,3,자양3동,11215840,108714,141081,76346,1196419
2024,3,자양4동,11215847,111426,142993,79860,1180023
2024,3,잠실2동,11710670,317892,436274,199511,2686850
2024,3,잠실3동,11710680,235140,301542,168738,1542643
2024,3,잠실4동,11710690,293017,407703,178332,780204
2024,3,잠실6동,11710710,171097,240098,102097,1508001
2024,3,잠실7동,11710720,88130,124475,51785,723486
2024,3,잠실본동,11710650,139660,181299,98021,1028997
2024,3,잠원동,11650540,129946,136218,123674,1756867
2024,3,장안1동,11230650,100237,109489,90984,1342167
2024,3,장안2동,11230660,80870,106374,55366,996640
2024,3,장위1동,11290760,76848,75863,77833,708546
2024,3,장위2동,11290770,140928,108627,173229,679894
2024,3,장위3동,11290780,156439,213145,99733,652601
2024,3,장지동,11710646,110306,160403,60209,1278355
2024,3,장충동,11140580,182809,193857,171760,1017925
2024,3,전농1동,11230560,80646,91516,69776,1126695
2024,3,전농2동,11230570,73308,82293,64323,977568
2024,3,정릉1동,11290620,91520,90475,92565,412365
2024,3,정릉2동,11290630,153612,97733,209491,1094889
2024,3,정릉3동,11290640,107105,107105,,3327126
2024,3,정릉4동,11290650,87086,126154,48017,3570914
2024,3,제기동,11230545,100425,119903,80947,1181705
2024,3,조원동,11620725,100082,109931,90232,666607
2024,3,종로1234가동,11110615,195561,260361,130761,2417171
2024,3,종로56가동,11110630,258263,257553,258974,603167
2024,3,종암동,11290705,91865,121703,62028,1404527
2024,3,중계1동,11350621,145716,182285,109146,623451
2024,3,중계23동,11350625,136940,182491,91389,919083
2024,3,중계4동,11350624,99437,136800,62074,1519449
2024,3,중계본동,11350619,110634,133039,88229,2183234
2024,3,중곡1동,11215740,86302,105686,66918,614505
2024,3,중곡2동,11215750,75676,98410,52943,545542
2024,3,중곡3동,11215760,75512,106409,44616,601866
2024,3,중곡4동,11215770,107692,137206,78179,2313468
2024,3,중림동,11140680,206597,259142,154052,484384
2024,3,중앙동,11620615,107549,145400,69699,384728
2024,3,중화1동,11260600,59259,77547,40970,641493
2024,3,중화2동,11260610,87725,116248,59201,1016955
2024,3,증산동,11380640,89267,94835,83700,807409
2024,3,진관동,11380690,124000,131006,116993,11565110
2024,3,창1동,11320511,101795,129472,74117,1122171
2024,3,창2동,11320512,100139,112629,87649,654442
2024,3,창3동,11320513,73578,89278,57878,655485
2024,3,창4동,11320514,155306,218548,92065,1140172
2024,3,창5동,11320515,125635,142017,109253,701480
2024,3,창신1동,11110670,221391,288535,154246,305337
2024,3,창신2동,11110680,96635,105343,87928,257323
2024,3,창신3동,11110690,275360,275360,,216835
2024,3,천연동,11410520,94064,118338,69790,982817
2024,3,천호1동,11740600,91223,100756,81689,668998
2024,3,천호2동,11740610,114197,134590,93804,1850853
2024,3,천호3동,11740620,122993,131420,114566,561872
2024,3,청구동,11140645,240595,205763,275426,342571
2024,3,청담동,11680565,244252,324154,164350,2329217
2024,3,청량리동,11230705,77386,103110,51663,1204398
2024,3,청룡동,11620595,145972,155736,136209,1195604
2024,3,청림동,11620545,88824,118628,59019,297155
2024,3,청운효자동,11110515,156899,201922,111876,2568432
2024,3,청파동,11170555,125133,134867,115400,886225
2024,3,충현동,11410565,141343,137901,144785,1116001
2024,3,평창동,11110560,83654,82149,85159,8947328
2024,3,풍납1동,11710510,130096,130096,,1075294
2024,3,풍납2동,11710520,66945,88492,45398,2564554
2024,3,필동,11140570,157604,183801,131406,1464686
2024,3,하계1동,11350611,92869,109366,76371,1527061
2024,3,하계2동,11350612,59464,,59464,500023
2024,3,한강로동,11170625,132670,161791,103549,2869816
2024,3,한남동,11170685,160515,205242,115788,3031897
2024,3,합정동,11440680,133188,173258,93119,1712389
2024,3,항동,11530800,189295,271031,107560,1446941
2024,3,행당1동,11200560,172644,172940,172349,573566
2024,3,행당2동,11200570,133271,150654,115889,457669
2024,3,행운동,11620575,133807,132112,135502,718235
2024,3,혜화동,11110650,126162,160932,91392,1132421
2024,3,홍은1동,11410660,92777,78741,106813,1615140
2024,3,홍은2동,11410685,132054,118323,145785,2075085
2024,3,홍제1동,11410620,102704,125250,80159,1235632
2024,3,홍제2동,11410655,87178,75604,98751,699978
2024,3,홍제3동,11410640,71501,92458,50544,1192508
2024,3,화곡1동,11500540,109952,134593,85311,1197746
2024,3,화곡2동,11500550,76298,90322,62275,454621
2024,3,화곡3동,11500560,115920,131739,100102,521858
2024,3,화곡4동,11500570,124955,125661,124249,852049
2024,3,화곡6동,11500591,101776,134317,69235,1037911
2024,3,화곡8동,11500593,144446,136259,152633,593322
2024,3,화곡본동,11500590,139415,134207,144623,972735
2024,3,화양동,11215710,149835,164646,135024,1166008
2024,3,황학동,11140670,190795,167744,213845,328640
2024,3,회기동,11230710,108905,126293,91518,766917
2024,3,회현동,11140540,351157,458125,244189,897827
2024,3,효창동,11170580,144438,141280,147595,446197
2024,3,후암동,11170510,98176,107881,88472,865892
2024,3,휘경1동,11230720,110091,116694,103488,521796
2024,3,휘경2동,11230730,88781,98878,78685,1113609
2024,3,흑석동,11590605,143281,138968,147593,1708306
2024,4,가락1동,11710631,147809,122122,173496,1393228
2024,4,가락2동,11710632,96943,141025,52861,932311
2024,4,가락본동,11710620,116342,123975,108708,1014738
2024,4,가리봉동,11530595,174531,176286,172776,410996
2024,4,가산동,11545510,136104,150319,121888,2512852
2024,4,가양1동,11500603,179626,246762,112490,4970691
2024,4,가양2동,11500604,60731,,60731,823874
2024,4,가양3동,11500605,129337,,129337,474228
2024,4,가회동,11110600,156854,204311,109398,539955
2024,4,갈현1동,11380551,100897,131201,70592,961071
2024,4,갈현2동,11380552,98435,124256,72615,985165
2024,4,강일동,11740515,140179,189082,91276,3647520
2024,4,개봉1동,11530740,137144,144194,130095,1320319
2024,4,개봉2동,11530750,138278,144617,131939,782524
2024,4,개봉3동,11530760,119227,156475,81978,828418
2024,4,개포1동,11680660,,,,1449952
2024,4,개포2동,11680670,245653,246592,244714,2243338
2024,4,개포4동,11680690,119470,108924,130015,1665461
2024,4,거여1동,11710531,111991,170079,53902,522308
2024,4,거여2동,11710532,97500,153750,41250,612901
2024,4,고덕1동,11740550,111931,135288,88574,1518495
2024,4,고덕2동,11740560,161216,185840,136592,2206786
2024,4,고척1동,11530720,139723,175298,104148,1151238
2024,4,고척2동,11530730,115881,95250,136511,1025572
2024,4,공덕동,11440565,138664,152033,125294,1019197
2024,4,공릉1동,11350595,97422,112788,82056,1263261
2024,4,공릉2동,11350600,103777,148279,59276,6983449
2024,4,공항동,11500620,89867,104320,75415,10861768
2024,4,광장동,11215810,129507,172568,86447,2393761
2024,4,광희동,11140590,239025,238409,239641,737204
2024,4,교남동,11110580,199675,210928,188422,346926
2024,4,구로1동,11530520,224843,234849,214836,1008892
2024,4,구로2동,11530530,122390,146466,98314,1703350
2024,4,구로3동,11530540,191932,246084,137779,1040120
2024,4,구로4동,11530550,155764,175140,136388,524507
2024,4,구로5동,11530560,143286,185766,100806,1012473
2024,4,구산동,11380560,103817,130015,77619,1389775
2024,4,구의1동,11215850,93362,116133,70592,565313
2024,4,구의2동,11215860,107882,124039,91725,1388041
2024,4,구의3동,11215870,128232,169405,87059,1027561
2024,4,군자동,11215730,100124,118100,82147,738025
2024,4,금호1가동,11200590,105721,126590,84851,444872
2024,4,금호23가동,11200615,109836,134529,85143,631196
2024,4,금호4가동,11200620,151448,176276,126621,832333
2024,4,길동,11740685,114030,146998,81063,1631616
2024,4,길음1동,11290660,151524,203091,99956,797310
2024,4,길음2동,11290685,104945,115982,93908,588002
2024,4,낙성대동,11620585,144701,189629,99773,2262818
2024,4,난곡동,11620775,109346,107395,111298,972373
2024,4,난향동,11620715,57111,65289,48932,821397
2024,4,남가좌1동,11410690,171347,171347,,475536
2024,4,남가좌2동,11410700,116166,122164,110167,783775
2024,4,남영동,11170530,116684,127060,106308,1177788
2024,4,남현동,11620630,102090,99675,104506,3281024
2024,4,내곡동,11650660,148375,169170,127579,12708880
2024,4,노량진1동,11590510,129956,154390,105523,1613446
2024,4,노량진2동,11590520,208780,256006,161553,600568
2024,4,녹번동,11380510,95849,107596,84102,1794215
2024,4,논현1동,11680521,198149,242951,153348,1258744
2024,4,논현2동,11680531,186698,213465,159932,1458524
2024,4,능동,11215780,129779,166772,92786,1092105
2024,4,다산동,11140625,168525,150996,186054,523971
2024,4,답십리1동,11230600,116965,144638,89292,788242
2024,4,답십리2동,11230610,90691,108658,72724,875745
2024,4,당산1동,11560550,119684,139375,99994,745305
2024,4,당산2동,11560560,132509,155608,109409,1581310
2024,4,대림1동,11560700,121210,102802,139618,498978
2024,4,대림2동,11560710,107244,141669,72819,572540
2024,4,대림3동,11560720,80283,102162,58405,921696
2024,4,대방동,11590660,116079,141536,90623,1544903
2024,4,대조동,11380570,110674,122944,98404,851692
2024,4,대치1동,11680600,197821,,197821,809823
2024,4,대치2동,11680610,197375,229849,164900,1837367
2024,4,대치4동,11680630,186366,245211,127521,701081
2024,4,대학동,11620735,104111,148494,59727,8405183
2024,4,대흥동,11440600,131267,170061,92473,858570
2024,4,도곡1동,11680655,264773,231177,298368,1050609
2024,4,도곡2동,11680656,135967,156242,115693,990763
2024,4,도림동,11560585,110164,156403,63924,585885
2024,4,도봉1동,11320521,87198,96629,77767,8451468
2024,4,도봉2동,11320522,83029,105468,60589,1119031
2024,4,도화동,11440585,140688,194779,86596,625018
2024,4,독산1동,11545610,124706,172145,77267,2061921
2024,4,독산2동,11545620,136994,114653,159334,617174
2024,4,독산3동,11545630,86043,99781,72306,934985
2024,4,독산4동,11545640,119019,178971,59067,591045
2024,4,돈암1동,11290580,46270,,46270,488898
2024,4,돈암2동,11290590,87819,111652,63986,518335
2024,4,동선동,11290575,126550,157937,95164,724957
2024,4,동화동,11140665,241592,210428,272757,327045
2024,4,둔촌1동,11740690,,,,912178
2024,4,둔촌2동,11740700,100855,140110,61599,1550455
2024,4,등촌1동,11500520,139157,136205,142110,650741
2024,4,등촌2동,11500530,111950,125553,98346,910666
2024,4,등촌3동,11500535,133433,174209,92658,1060362
2024,4,마장동,11200540,117581,155473,79689,1035276
2024,4,마천1동,11710540,73675,99345,48005,575258
2024,4,마천2동,11710550,98023,110384,85662,890688
2024,4,망우3동,11260660,66106,76068,56143,962561
2024,4,망우본동,11260655,86887,110879,62895,2948109
2024,4,망원1동,11440690,138265,174153,102376,1101005
2024,4,망원2동,11440700,105495,151034,59955,676411
2024,4,면목2동,11260520,67155,80023,54287,763122
2024,4,면목38동,11260575,88788,105820,71756,1614117
2024,4,면목4동,11260540,58527,69099,47956,843466
2024,4,면목5동,11260550,73636,89343,57929,704936
2024,4,면목7동,11260570,80335,107188,53482,1236134
2024,4,면목본동,11260565,79692,111854,47530,849019
2024,4,명동,11140550,220254,240589,199919,969729
2024,4,명일1동,11740530,133391,176562,90220,634942
2024,4,명일2동,11740540,130096,170980,89212,914329
2024,4,목1동,11470510,137432,187471,87394,1433111
2024,4,목2동,11470520,127676,141303,114050,1021355
2024,4,목3동,11470530,114721,125772,103671,531850
2024,4,목4동,11470540,102712,130527,74897,577493
2024,4,목5동,11470550,151749,213990,89509,1766361
2024,4,무악동,11110570,144691,144691,,369520
2024,4,묵1동,11260620,99705,131813,67597,1238436
2024,4,묵2동,11260630,89426,86898,91953,669204
2024,4,문래동,11560605,111928,110459,113396,1786708
2024,4,문정1동,11710641,91339,105158,77521,612546
2024,4,문정2동,11710642,156959,191207,122712,2242033
2024,4,미성동,11620765,93144,96244,90044,1359429
2024,4,미아동,11305535,95103,113709,76497,841204
2024,4,반포1동,11650560,141481,160202,122760,992368
2024,4,반포2동,11650570,317831,361341,274321,1396031
2024,4,반포3동,11650580,199268,202231,196306,1251708
2024,4,반포4동,11650581,159835,194735,124935,1427141
2024,4,반포본동,11650550,67011,67011,,972536
2024,4,발산1동,11500611,138185,167962,108408,2887669
2024,4,방배1동,11650600,139449,167216,111683,689244
2024,4,방배2동,11650610,137812,154252,121371,1904030
2024,4,방배3동,11650620,83233,112398,54068,2375134
2024,4,방배4동,11650621,125724,143208,108240,949527
2024,4,방배본동,11650590,116908,148667,85149,677510
2024,4,방이1동,11710561,133333,130787,135879,609259
2024,4,방이2동,11710562,155887,195547,116227,769841
2024,4,방학1동,11320690,101309,120016,82602,1040857
2024,4,방학2동,11320700,75865,94961,56768,1092814
2024,4,방학3동,11320710,127123,183181,71065,1951026
2024,4,방화1동,11500630,145636,167536,123737,1475606
2024,4,방화2동,11500640,74332,81855,66810,6157541
2024,4,방화3동,11500641,111442,125471,97413,2558908
2024,4,번1동,11305595,91829,105710,77949,627036
2024,4,번2동,11305603,78747,115099,42396,974298
2024,4,번3동,11305608,80090,110189,49990,1081177
2024,4,보광동,11170700,82311,117176,47445,715096
2024,4,보라매동,11620525,105304,126299,84309,750225
2024,4,보문동,11290610,97666,115729,79602,553006
2024,4,부암동,11110550,123079,145132,101026,2274739
2024,4,북가좌1동,11410710,186170,158208,214132,577979
2024,4,북가좌2동,11410720,96783,103059,90506,824866
2024,4,북아현동,11410555,105095,124833,85357,458945
2024,4,불광1동,11380520,119602,142709,96494,3124927
2024,4,불광2동,11380530,114403,121905,106901,1396089
2024,4,사근동,11200550,126023,164992,87055,1169216
2024,4,사당1동,11590620,137636,148025,127247,635172
2024,4,사당2동,11590630,147686,184864,110509,2763201
2024,4,사당3동,11590640,108562,132018,85107,907684
2024,4,사당4동,11590650,96348,129548,63147,436148
2024,4,사당5동,11590651,128702,109211,148193,682199
2024,4,사직동,11110530,183418,232820,134017,1158536
2024,4,삼각산동,11305575,168251,164226,172276,621911
2024,4,삼선동,11290555,113887,153681,74092,926227
2024,4,삼성1동,11680580,259058,210700,307416,1944629
2024,4,삼성2동,11680590,201274,228209,174340,1242271
2024,4,삼성동,11620745,84661,96747,72575,2604386
2024,4,삼양동,11305534,94605,91254,97957,924092
2024,4,삼전동,11710610,125108,161963,88254,953338
2024,4,삼청동,11110540,187508,187508,,1479255
2024,4,상계10동,11350720,131559,192406,70712,809214
2024,4,상계1동,11350630,99634,121022,78246,5402614
2024,4,상계2동,11350640,256896,396956,116836,623125
2024,4,상계34동,11350665,116174,112843,119505,5211708
2024,4,상계5동,11350670,83641,98678,68604,906891
2024,4,상계67동,11350695,140280,205011,75549,1450295
2024,4,상계8동,11350700,120175,152061,88289,666348
2024,4,상계9동,11350710,145140,225569,64712,719445
2024,4,상도1동,11590530,109973,138878,81068,1488648
2024,4,상도2동,11590540,139598,177780,101416,772865
2024,4,상도3동,11590550,130147,171981,88314,637199
2024,4,상도4동,11590560,98473,105390,91556,939562
2024,4,상봉1동,11260580,104969,111708,98230,854219
2024,4,상봉2동,11260590,97816,122075,73558,677445
2024,4,상암동,11440740,175805,201450,150160,8402415
2024,4,상일동,11740520,164134,175134,153134,1813623
2024,4,서강동,11440655,142219,167894,116543,1478577
2024,4,서교동,11440660,160023,183919,136127,1678981
2024,4,서림동,11620665,149220,96110,202330,941252
2024,4,서빙고동,11170690,79754,54003,105504,2821948
2024,4,서원동,11620645,153749,177504,129994,647532
2024,4,서초1동,11650510,140759,151057,130461,1382685
2024,4,서초2동,11650520,186890,225819,147961,1230924
2024,4,서초3동,11650530,139523,159052,119994,2998572
2024,4,서초4동,11650531,181688,237406,125970,879773
2024,4,석관동,11290810,80590,86530,74650,1705061
2024,4,석촌동,11710600,125754,161852,89656,946914
2024,4,성내1동,11740640,98742,121186,76298,663675
2024,4,성내2동,11740650,112928,139056,86800,625147
2024,4,성내3동,11740660,110335,127454,93217,647356
2024,4,성북동,11290525,100397,125671,75122,2879912
2024,4,성산1동,11440720,124241,120808,127674,859254
2024,4,성산2동,11440730,97151,119491,74811,1978724
2024,4,성수1가1동,11200650,113384,116727,110042,1885875
2024,4,성수1가2동,11200660,152168,155601,148734,930086
2024,4,성수2가1동,11200670,91114,101784,80444,1184964
2024,4,성수2가3동,11200690,157926,168600,147252,1054501
2024,4,성현동,11620565,122443,143677,101208,678223
2024,4,세곡동,11680700,193591,236656,150526,6367772
2024,4,소공동,11140520,230202,243462,216942,943795
2024,4,송정동,11200720,109474,115226,103722,681916
2024,4,송중동,11305545,129975,118373,141577,1075796
2024,4,송천동,11305555,70312,98045,42579,929913
2024,4,송파1동,11710580,114187,148454,79921,686925
2024,4,송파2동,11710590,104937,117576,92298,631023
2024,4,수궁동,11530790,120464,117743,123185,2661352
2024,4,수색동,11380650,102877,101868,103886,1290258
2024,4,수서동,11680750,153604,,153604,1629403
2024,4,수유1동,11305615,94072,128515,59629,1649963
2024,4,수유2동,11305625,58677,78281,39073,581617
2024,4,수유3동,11305635,111953,123579,100327,745645
2024,4,숭인1동,11110700,90217,127200,53235,239396
2024,4,숭인2동,11110710,164660,187109,142212,351906
2024,4,시흥1동,11545670,101331,145104,57558,1524148
2024,4,시흥2동,11545680,43117,,43117,1308882
2024,4,시흥3동,11545690,107061,104915,109207,1261391
2024,4,시흥4동,11545700,91590,80013,103168,821709
2024,4,시흥5동,11545710,103671,126769,80573,1386972
2024,4,신길1동,11560630,74979,95833,54126,722925
2024,4,신길3동,11560650,109560,114723,104397,520083
2024,4,신길4동,11560660,116383,90806,141960,292127
2024,4,신길5동,11560670,135778,225181,46374,494653
2024,4,신길6동,11560680,184062,238486,129637,653511
2024,4,신길7동,11560690,113196,124009,102384,642487
2024,4,신내1동,11260680,84523,114219,54827,2606949
2024,4,신내2동,11260690,123644,163698,83589,911281
2024,4,신당5동,11140650,161731,175746,147716,319706
2024,4,신당동,11140615,391037,357826,424248,534942
2024,4,신대방1동,11590670,97306,123946,70667,675281
2024,4,신대방2동,11590680,149471,190478,108464,977033
2024,4,신도림동,11530510,124069,150071,98066,1392788
2024,4,신림동,11620695,138909,181010,96807,541240
2024,4,신사1동,11380631,103674,132459,74888,808314
2024,4,신사2동,11380632,99923,98232,101614,1046222
2024,4,신사동,11620685,99606,121361,77851,641031
2024,4,신사동,11680510,194399,225196,163601,2059234
2024,4,신수동,11440630,127819,107988,147650,797879
2024,4,신원동,11620655,160949,154469,167429,544977
2024,4,신월1동,11470560,93756,115182,72330,622400
2024,4,신월2동,11470570,81759,100819,62700,606811
2024,4,신월3동,11470580,83773,75031,92516,918039
2024,4,신월4동,11470590,88529,102917,74141,469873
2024,4,신월5동,11470600,69302,85128,53477,638302
2024,4,신월6동,11470610,107870,110669,105071,444286
2024,4,신월7동,11470611,80508,126933,34083,1230628
2024,4,신정1동,11470620,101479,121975,80984,747568
2024,4,신정2동,11470630,79370,99362,59378,525899
2024,4,신정3동,11470640,122765,153402,92128,2756536
2024,4,신정4동,11470650,119716,128322,111111,997144
2024,4,신정6동,11470670,154402,210612,98193,940885
2024,4,신정7동,11470680,107827,128772,86882,1234130
2024,4,신촌동,11410585,167190,195698,138682,2720364
2024,4,쌍문1동,11320660,88691,68573,108808,1175774
2024,4,쌍문2동,11320670,95577,107396,83758,541193
2024,4,쌍문3동,11320680,87703,109401,66005,504805
2024,4,쌍문4동,11320681,93738,102682,84794,554868
2024,4,아현동,11440555,169110,230433,107788,744328
2024,4,안암동,11290600,101340,136271,66409,1379571
2024,4,암사1동,11740570,98687,127824,69550,735480
2024,4,암사2동,11740580,152234,226088,78379,2174329
2024,4,암사3동,11740590,155894,193129,118658,1799368
2024,4,압구정동,11680545,184213,263566,104861,2345057
2024,4,약수동,11140635,186824,219147,154501,486369
2024,4,양재1동,11650651,119614,153891,85337,5765358
2024,4,양재2동,11650652,117514,109931,125097,7562268
2024,4,양평1동,11560610,148317,111570,185064,974912
2024,4,양평2동,11560620,133888,125671,142105,2874596
2024,4,여의동,11560540,169178,228854,109501,8437543
2024,4,역삼1동,11680640,198929,205870,191989,2362133
2024,4,역삼2동,11680650,230806,274001,187612,1135029
2024,4,역촌동,11380625,89151,106875,71428,1157542
2024,4,연남동,11440710,142213,160652,123774,647438
2024,4,연희동,11410615,113705,124213,103198,2929172
2024,4,염리동,11440610,135881,170372,101391,491468
2024,4,염창동,11500510,112955,152329,73582,1732856
2024,4,영등포동,11560535,126650,132392,120909,1372094
2024,4,영등포본동,11560515,85257,89617,80897,846370
2024,4,오금동,11710570,88561,92653,84468,1648868
2024,4,오류1동,11530770,127152,145828,108477,727414
2024,4,오류2동,11530780,160436,205705,115166,3061018
2024,4,오륜동,11710566,157185,,157185,3085088
2024,4,옥수동,11200645,132307,146337,118277,1922027
2024,4,왕십리2동,11200520,113270,161413,65128,372425
2024,4,왕십리도선동,11200535,144794,157054,132533,710285
2024,4,용강동,11440590,167378,213939,120816,790602
2024,4,용답동,11200790,122047,191576,52519,2377148
2024,4,용문동,11170590,107127,145375,68878,277531
2024,4,용산2가동,11170520,83867,96656,71078,1966853
2024,4,용신동,11230536,85325,102489,68160,1618399
2024,4,우이동,11305645,122311,86351,158271,10587752
2024,4,우장산동,11500615,116487,121673,111301,1261588
2024,4,원효로1동,11170560,94645,112166,77124,589017
2024,4,원효로2동,11170570,77212,88820,65604,708975
2024,4,월계1동,11350560,135545,137307,133783,1107461
2024,4,월계2동,11350570,94910,141691,48129,2004785
2024,4,월계3동,11350580,111141,164387,57895,1168283
2024,4,월곡1동,11290715,98448,117445,79450,801757
2024,4,월곡2동,11290725,88792,125783,51801,1364901
2024,4,위례동,11710647,154659,213934,95385,2537372
2024,4,은천동,11620605,101527,141949,61104,776212
2024,4,을지로동,11140605,205096,281344,128849,611524
2024,4,응봉동,11200580,64796,77253,52339,553662
2024,4,응암1동,11380580,100169,122574,77763,1109863
2024,4,응암2동,11380590,116297,127882,104712,755247
2024,4,응암3동,11380600,83137,116662,49612,752773
2024,4,이문1동,11230740,97268,149253,45282,1039602
2024,4,이문2동,11230750,67617,99639,35595,723890
2024,4,이촌1동,11170630,222563,293109,152017,2872767
2024,4,이촌2동,11170640,112262,80248,144275,1205543
2024,4,이태원1동,11170650,148878,153496,144259,582899
2024,4,이태원2동,11170660,130761,146334,115188,874243
2024,4,이화동,11110640,118655,151725,85585,782395
2024,4,인수동,11305660,63188,76243,50133,2998011
2024,4,인헌동,11620625,112021,137179,86864,1089078
2024,4,일원1동,11680730,63599,61399,65799,953471
2024,4,일원2동,11680740,87900,,87900,1300290
2024,4,일원본동,11680720,,,,2354625
2024,4,자양1동,11215820,90778,116664,64891,568868
2024,4,자양2동,11215830,88566,108639,68494,1657523
2024,4,자양3동,11215840,127590,162427,92753,1196419
2024,4,자양4동,11215847,114150,136172,92128,1180023
2024,4,잠실2동,11710670,326200,435848,216552,2686850
2024,4,잠실3동,11710680,243579,320851,166307,1542643
2024,4,잠실4동,11710690,281388,378370,184407,780204
2024,4,잠실6동,11710710,175266,231603,118928,1508001
2024,4,잠실7동,11710720,86528,124475,48582,723486
2024,4,잠실본동,11710650,142553,184347,100759,1028997
2024,4,잠원동,11650540,141754,148056,135451,1756867
2024,4,장안1동,11230650,104919,110407,99431,1342167
2024,4,장안2동,11230660,82552,109079,56026,996640
2024,4,장위1동,11290760,79901,83763,76040,708546
2024,4,장위2동,11290770,136630,113880,159380,679894
2024,4,장위3동,11290780,158695,245063,72326,652601
2024,4,장지동,11710646,99916,131871,67961,1278355
2024,4,장충동,11140580,181986,193857,170115,1017925
2024,4,전농1동,11230560,90105,103778,76432,1126695
2024,4,전농2동,11230570,75339,91405,59273,977568
2024,4,정릉1동,11290620,90423,92889,87957,412365
2024,4,정릉2동,11290630,145868,105515,186221,1094889
2024,4,정릉3동,11290640,113404,113404,,3327126
2024,4,정릉4동,11290650,104882,127459,82305,3570914
2024,4,제기동,11230545,101667,128002,75333,1181705
2024,4,조원동,11620725,104460,115382,93538,666607
2024,4,종로1234가동,11110615,195252,259056,131449,2417171
2024,4,종로56가동,11110630,247939,245320,250557,603167
2024,4,종암동,11290705,79632,100495,58769,1404527
2024,4,중계1동,11350621,149778,185146,114411,623451
2024,4,중계23동,11350625,133196,168271,98121,919083
2024,4,중계4동,11350624,101887,140670,63104,1519449
2024,4,중계본동,11350619,108048,121896,94200,2183234
2024,4,중곡1동,11215740,82285,112299,52271,614505
2024,4,중곡2동,11215750,90912,121721,60102,545542
2024,4,중곡3동,11215760,73510,110906,36114,601866
2024,4,중곡4동,11215770,105975,134862,77089,2313468
2024,4,중림동,11140680,186686,243121,130251,484384
2024,4,중앙동,11620615,109099,150292,67906,384728
2024,4,중화1동,11260600,62162,82310,42015,641493
2024,4,중화2동,11260610,82016,107641,56392,1016955
2024,4,증산동,11380640,80778,82111,79445,807409
2024,4,진관동,11380690,121001,128273,113728,11565110
2024,4,창1동,11320511,97670,123558,71782,1122171
2024,4,창2동,11320512,92735,105595,79874,654442
2024,4,창3동,11320513,75344,90233,60455,655485
2024,4,창4동,11320514,182755,265659,99851,1140172
2024,4,창5동,11320515,124553,158256,90851,701480
2024,4,창신1동,11110670,214549,268665,160434,305337
2024,4,창신2동,11110680,105859,111214,100504,257323
2024,4,창신3동,11110690,258053,258053,,216835
2024,4,천연동,11410520,88544,107298,69790,982817
2024,4,천호1동,11740600,88963,96175,81751,668998
2024,4,천호2동,11740610,119966,131566,108366,1850853
2024,4,천호3동,11740620,124115,125893,122337,561872
2024,4,청구동,11140645,231422,216344,246499,342571
2024,4,청담동,11680565,240003,310855,169151,2329217
2024,4,청량리동,11230705,77770,103521,52020,1204398
2024,4,청룡동,11620595,145116,155919,134313,1195604
2024,4,청림동,11620545,89292,118658,59926,297155
2024,4,청운효자동,11110515,158296,209717,106875,2568432
2024,4,청파동,11170555,112045,136179,87911,886225
2024,4,충현동,11410565,127345,139830,114861,1116001
2024,4,평창동,11110560,85049,85661,84438,8947328
2024,4,풍납1동,11710510,132466,132466,,1075294
2024,4,풍납2동,11710520,72827,95254,50400,2564554
2024,4,필동,11140570,157894,181992,133797,1464686
2024,4,하계1동,11350611,96071,111445,80698,1527061
2024,4,하계2동,11350612,99659,130556,68762,500023
2024,4,한강로동,11170625,129566,159731,99402,2869816
2024,4,한남동,11170685,156160,196037,116282,3031897
2024,4,합정동,11440680,134538,170138,98939,1712389
2024,4,항동,11530800,209215,281292,137138,1446941
2024,4,행당1동,11200560,170098,174808,165389,573566
2024,4,행당2동,11200570,128315,138697,117933,457669
2024,4,행운동,11620575,134282,131649,136915,718235
2024,4,혜화동,11110650,127378,164899,89856,1132421
2024,4,홍은1동,11410660,83823,77599,90047,1615140
2024,4,홍은2동,11410685,104939,110109,99769,2075085
2024,4,홍제1동,11410620,105147,125132,85161,1235632
2024,4,홍제2동,11410655,78103,89485,66721,699978
2024,4,홍제3동,11410640,71915,89788,54042,1192508
2024,4,화곡1동,11500540,116131,143211,89051,1197746
2024,4,화곡2동,11500550,75985,94822,57148,454621
2024,4,화곡3동,11500560,117915,127933,107898,521858
2024,4,화곡4동,11500570,139478,130411,148546,852049
2024,4,화곡6동,11500591,101171,143373,58970,1037911
2024,4,화곡8동,11500593,154771,160706,148837,593322
2024,4,화곡본동,11500590,129780,120857,138704,972735
2024,4,화양동,11215710,150208,165679,134737,1166008
2024,4,황학동,11140670,181210,178304,184115,328640
2024,4,회기동,11230710,112574,138108,87039,766917
2024,4,회현동,11140540,343544,442714,244373,897827
2024,4,효창동,11170580,158732,136828,180637,446197
2024,4,후암동,11170510,103221,107802,98640,865892
2024,4,휘경1동,11230720,116386,124545,108228,521796
2024,4,휘경2동,11230730,88021,105486,70557,1113609
2024,4,흑석동,11590605,143397,143193,143600,1708306
2025,1,가락1동,11710631,142856,107415,178297,1393228
2025,1,가락2동,11710632,100139,145247,55031,932311
2025,1,가락본동,11710620,110615,116687,104543,1014738
2025,1,가리봉동,11530595,188547,189639,187455,410996
2025,1,가산동,11545510,132043,152972,111114,2512852
2025,1,가양1동,11500603,179800,248232,111368,4970691
2025,1,가양2동,11500604,93940,123161,64719,823874
2025,1,가양3동,11500605,122778,,122778,474228
2025,1,가회동,11110600,167750,221554,113946,539955
2025,1,갈현1동,11380551,91971,118664,65278,961071
2025,1,갈현2동,11380552,88712,120267,57157,985165
2025,1,강일동,11740515,172081,218264,125898,3647520
2025,1,개봉1동,11530740,142976,164953,121000,1320319
2025,1,개봉2동,11530750,142774,152476,133072,782524
2025,1,개봉3동,11530760,127692,171037,84346,828418
2025,1,개포1동,11680660,,,,1449952
2025,1,개포2동,11680670,257227,323699,190754,2243338
2025,1,개포4동,11680690,123617,118526,128708,1665461
2025,1,거여1동,11710531,89004,117519,60488,522308
2025,1,거여2동,11710532,104677,159276,50079,612901
2025,1,고덕1동,11740550,169454,241743,97165,1518495
2025,1,고덕2동,11740560,167238,187198,147278,2206786
2025,1,고척1동,11530720,140012,195261,84762,1151238
2025,1,고척2동,11530730,119380,99755,139005,1025572
2025,1,공덕동,11440565,158716,180609,136823,1019197
2025,1,공릉1동,11350595,92283,112802,71765,1263261
2025,1,공릉2동,11350600,105145,151505,58784,6983449
2025,1,공항동,11500620,87209,96861,77557,10861768
2025,1,광장동,11215810,141374,185781,96968,2393761
2025,1,광희동,11140590,240575,245714,235436,737204
2025,1,교남동,11110580,209438,221892,196984,346926
2025,1,구로1동,11530520,242707,242707,,1008892
2025,1,구로2동,11530530,127247,142385,112109,1703350
2025,1,구로3동,11530540,197785,244498,151071,1040120
2025,1,구로4동,11530550,165135,196450,133820,524507
2025,1,구로5동,11530560,152548,205963,99134,1012473
2025,1,구산동,11380560,87830,112275,63385,1389775
2025,1,구의1동,11215850,104446,124521,84371,565313
2025,1,구의2동,11215860,115940,121765,110115,1388041
2025,1,구의3동,11215870,124345,159637,89052,1027561
2025,1,군자동,11215730,108508,118313,98703,738025
2025,1,금호1가동,11200590,105489,138823,72155,444872
2025,1,금호23가동,11200615,117788,150048,85528,631196
2025,1,금호4가동,11200620,140364,164380,116349,832333
2025,1,길동,11740685,129988,163768,96207,1631616
2025,1,길음1동,11290660,162069,184801,139337,797310
2025,1,길음2동,11290685,122098,121594,122602,588002
2025,1,낙성대동,11620585,153628,199094,108162,2262818
2025,1,난곡동,11620775,107647,117644,97651,972373
2025,1,난향동,11620715,65481,81226,49735,821397
2025,1,남가좌1동,11410690,173943,173943,,475536
2025,1,남가좌2동,11410700,117428,135084,99772,783775
2025,1,남영동,11170530,115793,127254,104331,1177788
2025,1,남현동,11620630,115600,120083,111117,3281024
2025,1,내곡동,11650660,148045,162281,133810,12708880
2025,1,노량진1동,11590510,132188,160062,104314,1613446
2025,1,노량진2동,11590520,226531,295767,157296,600568
2025,1,녹번동,11380510,88070,103082,73058,1794215
2025,1,논현1동,11680521,196314,235056,157572,1258744
2025,1,논현2동,11680531,180071,215972,144169,1458524
2025,1,능동,11215780,134909,175157,94661,1092105
2025,1,다산동,11140625,164701,156925,172476,523971
2025,1,답십리1동,11230600,111664,152546,70781,788242
2025,1,답십리2동,11230610,92603,111669,73538,875745
2025,1,당산1동,11560550,117855,141296,94415,745305
2025,1,당산2동,11560560,133015,163456,102575,1581310
2025,1,대림1동,11560700,135781,116548,155014,498978
2025,1,대림2동,11560710,108107,139263,76952,572540
2025,1,대림3동,11560720,87811,117614,58008,921696
2025,1,대방동,11590660,111083,132793,89372,1544903
2025,1,대조동,11380570,127005,136639,117370,851692
2025,1,대치1동,11680600,266099,348946,183252,809823
2025,1,대치2동,11680610,226073,286513,165633,1837367
2025,1,대치4동,11680630,193470,242294,144647,701081
2025,1,대학동,11620735,110767,164983,56551,8405183
2025,1,대흥동,11440600,143453,182309,104597,858570
2025,1,도곡1동,11680655,176666,212396,140937,1050609
2025,1,도곡2동,11680656,133267,151438,115096,990763
2025,1,도림동,11560585,85449,102470,68427,585885
2025,1,도봉1동,11320521,83667,95215,72118,8451468
2025,1,도봉2동,11320522,88873,104436,73310,1119031
2025,1,도화동,11440585,139985,181974,97995,625018
2025,1,독산1동,11545610,125374,172712,78035,2061921
2025,1,독산2동,11545620,183806,155035,212577,617174
2025,1,독산3동,11545630,88180,95955,80405,934985
2025,1,독산4동,11545640,112603,165910,59296,591045
2025,1,돈암1동,11290580,46280,,46280,488898
2025,1,돈암2동,11290590,81419,89199,73639,518335
2025,1,동선동,11290575,124900,153104,96696,724957
2025,1,동화동,11140665,189648,174980,204316,327045
2025,1,둔촌1동,11740690,,,,912178
2025,1,둔촌2동,11740700,103984,151361,56607,1550455
2025,1,등촌1동,11500520,136535,128718,144351,650741
2025,1,등촌2동,11500530,123605,151447,95763,910666
2025,1,등촌3동,11500535,131753,163531,99975,1060362
2025,1,마장동,11200540,119399,155931,82867,1035276
2025,1,마천1동,11710540,85734,121546,49921,575258
2025,1,마천2동,11710550,88458,95960,80956,890688
2025,1,망우3동,11260660,67591,76617,58565,962561
2025,1,망우본동,11260655,90149,112313,67985,2948109
2025,1,망원1동,11440690,151435,175877,126994,1101005
2025,1,망원2동,11440700,119134,164829,73439,676411
2025,1,면목2동,11260520,67619,77262,57977,763122
2025,1,면목38동,11260575,90439,107749,73129,1614117
2025,1,면목4동,11260540,61958,72324,51592,843466
2025,1,면목5동,11260550,65642,74110,57175,704936
2025,1,면목7동,11260570,74111,96567,51656,1236134
2025,1,면목본동,11260565,73289,105757,40820,849019
2025,1,명동,11140550,225067,255135,195000,969729
2025,1,명일1동,11740530,137355,176560,98151,634942
2025,1,명일2동,11740540,131734,176290,87178,914329
2025,1,목1동,11470510,146279,196308,96250,1433111
2025,1,목2동,11470520,114388,120851,107925,1021355
2025,1,목3동,11470530,107106,135180,79031,531850
2025,1,목4동,11470540,101062,126902,75221,577493
2025,1,목5동,11470550,156034,220956,91113,1766361
2025,1,무악동,11110570,,,,369520
2025,1,묵1동,11260620,102266,141209,63323,1238436
2025,1,묵2동,11260630,77634,82592,72677,669204
2025,1,문래동,11560605,110497,119682,101312,1786708
2025,1,문정1동,11710641,86195,110087,62302,612546
2025,1,문정2동,11710642,160396,196509,124284,2242033
2025,1,미성동,11620765,111866,117449,106283,1359429
2025,1,미아동,11305535,87076,113329,60824,841204
2025,1,반포1동,11650560,146269,173964,118575,992368
2025,1,반포2동,11650570,310781,341106,280455,1396031
2025,1,반포3동,11650580,213435,227580,199290,1251708
2025,1,반포4동,11650581,159258,184971,133545,1427141
2025,1,반포본동,11650550,64628,64628,,972536
2025,1,발산1동,11500611,140975,176968,104983,2887669
2025,1,방배1동,11650600,143960,176803,111117,689244
2025,1,방배2동,11650610,144445,163274,125617,1904030
2025,1,방배3동,11650620,83617,115940,51294,2375134
2025,1,방배4동,11650621,117781,140555,95007,949527
2025,1,방배본동,11650590,118493,146907,90079,677510
2025,1,방이1동,11710561,131146,120465,141827,609259
2025,1,방이2동,11710562,152667,195704,109631,769841
2025,1,방학1동,11320690,95568,116654,74481,1040857
2025,1,방학2동,11320700,72513,97180,47846,1092814
2025,1,방학3동,11320710,103398,140050,66746,1951026
2025,1,방화1동,11500630,153706,174153,133259,1475606
2025,1,방화2동,11500640,80865,80000,81730,6157541
2025,1,방화3동,11500641,101221,127884,74558,2558908
2025,1,번1동,11305595,96184,99465,92904,627036
2025,1,번2동,11305603,77981,96635,59328,974298
2025,1,번3동,11305608,71510,100833,42187,1081177
2025,1,보광동,11170700,87671,116721,58621,715096
2025,1,보라매동,11620525,111526,117710,105341,750225
2025,1,보문동,11290610,99157,119466,78847,553006
2025,1,부암동,11110550,122759,151851,93667,2274739
2025,1,북가좌1동,11410710,180221,162360,198082,577979
2025,1,북가좌2동,11410720,86614,100975,72252,824866
2025,1,북아현동,11410555,113775,149164,78386,458945
2025,1,불광1동,11380520,111615,130039,93192,3124927
2025,1,불광2동,11380530,107369,119256,95481,1396089
2025,1,사근동,11200550,115407,156529,74285,1169216
2025,1,사당1동,11590620,131151,143440,118862,635172
2025,1,사당2동,11590630,133757,175531,91984,2763201
2025,1,사당3동,11590640,113518,138464,88572,907684
2025,1,사당4동,11590650,127041,128543,125539,436148
2025,1,사당5동,11590651,120514,107320,133708,682199
2025,1,사직동,11110530,184144,237923,130366,1158536
2025,1,삼각산동,11305575,145009,145159,144858,621911
2025,1,삼선동,11290555,106970,136444,77496,926227
2025,1,삼성1동,11680580,257805,198260,317351,1944629
2025,1,삼성2동,11680590,187413,212340,162487,1242271
2025,1,삼성동,11620745,71118,109007,33230,2604386
2025,1,삼양동,11305534,88916,86342,91489,924092
2025,1,삼전동,11710610,134342,172181,96502,953338
2025,1,삼청동,11110540,141937,183831,100044,1479255
2025,1,상계10동,11350720,133961,199926,67996,809214
2025,1,상계1동,11350630,101109,123752,78466,5402614
2025,1,상계2동,11350640,237043,361563,112524,623125
2025,1,상계34동,11350665,118130,108892,127368,5211708
2025,1,상계5동,11350670,97006,126249,67763,906891
2025,1,상계67동,11350695,140381,200641,80121,1450295
2025,1,상계8동,11350700,115018,141359,88677,666348
2025,1,상계9동,11350710,141825,214856,68794,719445
2025,1,상도1동,11590530,117891,143510,92272,1488648
2025,1,상도2동,11590540,136662,175092,98233,772865
2025,1,상도3동,11590550,129536,177483,81589,637199
2025,1,상도4동,11590560,102714,123970,81458,939562
2025,1,상봉1동,11260580,94901,125606,64197,854219
2025,1,상봉2동,11260590,102045,130124,73965,677445
2025,1,상암동,11440740,172441,206033,138849,8402415
2025,1,상일동,11740520,153447,163367,143526,1813623
2025,1,서강동,11440655,152518,192582,112454,1478577
2025,1,서교동,11440660,177688,205465,149910,1678981
2025,1,서림동,11620665,162312,108944,215681,941252
2025,1,서빙고동,11170690,82941,64618,101264,2821948
2025,1,서원동,11620645,173567,237551,109583,647532
2025,1,서초1동,11650510,141813,151392,132233,1382685
2025,1,서초2동,11650520,183947,217923,149972,1230924
2025,1,서초3동,11650530,145843,171333,120352,2998572
2025,1,서초4동,11650531,178840,229953,127726,879773
2025,1,석관동,11290810,81980,86896,77065,1705061
2025,1,석촌동,11710600,133202,169401,97003,946914
2025,1,성내1동,11740640,106984,124186,89781,663675
2025,1,성내2동,11740650,125080,147047,103112,625147
2025,1,성내3동,11740660,102762,116678,88846,647356
2025,1,성북동,11290525,105144,132775,77513,2879912
2025,1,성산1동,11440720,136724,117323,156125,859254
2025,1,성산2동,11440730,142932,150661,135204,1978724
2025,1,성수1가1동,11200650,111901,120351,103451,1885875
2025,1,성수1가2동,11200660,156769,156883,156655,930086
2025,1,성수2가1동,11200670,99417,108766,90067,1184964
2025,1,성수2가3동,11200690,154118,169619,138617,1054501
2025,1,성현동,11620565,89926,114507,65346,678223
2025,1,세곡동,11680700,173901,220365,127436,6367772
2025,1,소공동,11140520,241063,272963,209163,943795
2025,1,송정동,11200720,97608,109058,86157,681916
2025,1,송중동,11305545,133453,125400,141505,1075796
2025,1,송천동,11305555,83283,123196,43369,929913
2025,1,송파1동,11710580,117670,150016,85324,686925
2025,1,송파2동,11710590,105283,120173,90393,631023
2025,1,수궁동,11530790,104804,108774,100833,2661352
2025,1,수색동,11380650,114766,138841,90691,1290258
2025,1,수서동,11680750,161392,,161392,1629403
2025,1,수유1동,11305615,88320,120203,56436,1649963
2025,1,수유2동,11305625,66086,96477,35694,581617
2025,1,수유3동,11305635,114569,131014,98124,745645
2025,1,숭인1동,11110700,91283,125837,56729,239396
2025,1,숭인2동,11110710,163932,182494,145369,351906
2025,1,시흥1동,11545670,89776,122824,56728,1524148
2025,1,시흥2동,11545680,41565,,41565,1308882
2025,1,시흥3동,11545690,102574,101164,103984,1261391
2025,1,시흥4동,11545700,81045,117180,44910,821709
2025,1,시흥5동,11545710,122179,122179,,1386972
2025,1,신길1동,11560630,84898,117471,52324,722925
2025,1,신길3동,11560650,120440,134672,106207,520083
2025,1,신길4동,11560660,126298,109697,142898,292127
2025,1,신길5동,11560670,144511,240976,48047,494653
2025,1,신길6동,11560680,186097,251467,120727,653511
2025,1,신길7동,11560690,124382,117647,131116,642487
2025,1,신내1동,11260680,85279,113272,57286,2606949
2025,1,신내2동,11260690,115968,154645,77290,911281
2025,1,신당5동,11140650,145303,162124,128481,319706
2025,1,신당동,11140615,392945,355713,430178,534942
2025,1,신대방1동,11590670,95119,121691,68547,675281
2025,1,신대방2동,11590680,134341,165581,103100,977033
2025,1,신도림동,11530510,144052,163216,124888,1392788
2025,1,신림동,11620695,135879,176344,95415,541240
2025,1,신사1동,11380631,76313,117101,35526,808314
2025,1,신사2동,11380632,102518,137179,67858,1046222
2025,1,신사동,11620685,107782,134222,81342,641031
2025,1,신사동,11680510,178955,216922,140988,2059234
2025,1,신수동,11440630,132062,123691,140433,797879
2025,1,신원동,11620655,153353,154207,152499,544977
2025,1,신월1동,11470560,89680,108100,71261,622400
2025,1,신월2동,11470570,83055,101292,64819,606811
2025,1,신월3동,11470580,63362,77869,48856,918039
2025,1,신월4동,11470590,81454,98109,64800,469873
2025,1,신월5동,11470600,75043,84988,65097,638302
2025,1,신월6동,11470610,113845,118761,108929,444286
2025,1,신월7동,11470611,79563,124608,34519,1230628
2025,1,신정1동,11470620,103502,122513,84491,747568
2025,1,신정2동,11470630,135817,215594,56040,525899
2025,1,신정3동,11470640,112843,154513,71172,2756536
2025,1,신정4동,11470650,128850,139438,118262,997144
2025,1,신정6동,11470670,155998,210670,101326,940885
2025,1,신정7동,11470680,124002,138497,109506,1234130
2025,1,신촌동,11410585,162622,178781,146462,2720364
2025,1,쌍문1동,11320660,74860,68012,81708,1175774
2025,1,쌍문2동,11320670,92035,112588,71482,541193
2025,1,쌍문3동,11320680,83040,119813,46268,504805
2025,1,쌍문4동,11320681,91831,108302,75360,554868
2025,1,아현동,11440555,175520,234143,116897,744328
2025,1,안암동,11290600,110130,149359,70901,1379571
2025,1,암사1동,11740570,113142,137865,88420,735480
2025,1,암사2동,11740580,135992,163501,108483,2174329
2025,1,암사3동,11740590,145440,170938,119942,1799368
2025,1,압구정동,11680545,172887,233280,112494,2345057
2025,1,약수동,11140635,199184,213074,185295,486369
2025,1,양재1동,11650651,129873,169796,89949,5765358
2025,1,양재2동,11650652,115647,124578,106717,7562268
2025,1,양평1동,11560610,134683,109125,160241,974912
2025,1,양평2동,11560620,134348,139189,129506,2874596
2025,1,여의동,11560540,168909,220012,117805,8437543
2025,1,역삼1동,11680640,202428,223533,181324,2362133
2025,1,역삼2동,11680650,208826,245125,172527,1135029
2025,1,역촌동,11380625,85252,111429,59076,1157542
2025,1,연남동,11440710,154397,182248,126546,647438
2025,1,연희동,11410615,115229,120894,109564,2929172
2025,1,염리동,11440610,142788,182256,103320,491468
2025,1,염창동,11500510,114275,149969,78582,1732856
2025,1,영등포동,11560535,132540,141220,123859,1372094
2025,1,영등포본동,11560515,83550,99126,67974,846370
2025,1,오금동,11710570,96640,96062,97218,1648868
2025,1,오류1동,11530770,130634,155909,105358,727414
2025,1,오류2동,11530780,174370,225107,123634,3061018
2025,1,오륜동,11710566,157274,,157274,3085088
2025,1,옥수동,11200645,134471,145423,123519,1922027
2025,1,왕십리2동,11200520,105443,146079,64807,372425
2025,1,왕십리도선동,11200535,140310,162798,117822,710285
2025,1,용강동,11440590,159877,208954,110800,790602
2025,1,용답동,11200790,121060,175827,66293,2377148
2025,1,용문동,11170590,105241,146642,63839,277531
2025,1,용산2가동,11170520,84975,100587,69363,1966853
2025,1,용신동,11230536,83012,99980,66044,1618399
2025,1,우이동,11305645,132164,87819,176510,10587752
2025,1,우장산동,11500615,109027,123937,94118,1261588
2025,1,원효로1동,11170560,95297,111829,78765,589017
2025,1,원효로2동,11170570,78995,92607,65384,708975
2025,1,월계1동,11350560,106483,143420,69545,1107461
2025,1,월계2동,11350570,88138,125537,50739,2004785
2025,1,월계3동,11350580,112808,154581,71036,1168283
2025,1,월곡1동,11290715,93604,102472,84736,801757
2025,1,월곡2동,11290725,83791,113489,54094,1364901
2025,1,위례동,11710647,149796,207964,91628,2537372
2025,1,은천동,11620605,112735,141563,83907,776212
2025,1,을지로동,11140605,193776,258252,129299,611524
2025,1,응봉동,11200580,76210,84441,67980,553662
2025,1,응암1동,11380580,111831,144479,79182,1109863
2025,1,응암2동,11380590,100080,126650,73509,755247
2025,1,응암3동,11380600,76608,105758,47458,752773
2025,1,이문1동,11230740,98383,150127,46640,1039602
2025,1,이문2동,11230750,68765,98910,38621,723890
2025,1,이촌1동,11170630,223992,287754,160231,2872767
2025,1,이촌2동,11170640,76305,76305,,1205543
2025,1,이태원1동,11170650,161275,174064,148486,582899
2025,1,이태원2동,11170660,143620,173013,114227,874243
2025,1,이화동,11110640,115284,160882,69686,782395
2025,1,인수동,11305660,69789,74217,65360,2998011
2025,1,인헌동,11620625,109070,146194,71946,1089078
2025,1,일원1동,11680730,81564,85112,78015,953471
2025,1,일원2동,11680740,181043,,181043,1300290
2025,1,일원본동,11680720,,,,2354625
2025,1,자양1동,11215820,101190,121673,80706,568868
2025,1,자양2동,11215830,82249,102635,61862,1657523
2025,1,자양3동,11215840,148123,198064,98182,1196419
2025,1,자양4동,11215847,110990,128599,93382,1180023
2025,1,잠실2동,11710670,351657,491460,211854,2686850
2025,1,잠실3동,11710680,260535,369288,151781,1542643
2025,1,잠실4동,11710690,287953,401960,173946,780204
2025,1,잠실6동,11710710,167433,225433,109434,1508001
2025,1,잠실7동,11710720,88111,128749,47473,723486
2025,1,잠실본동,11710650,130074,163265,96883,1028997
2025,1,잠원동,11650540,143708,152287,135129,1756867
2025,1,장안1동,11230650,104393,114407,94380,1342167
2025,1,장안2동,11230660,81194,106804,55584,996640
2025,1,장위1동,11290760,93075,98961,87189,708546
2025,1,장위2동,11290770,154975,140558,169392,679894
2025,1,장위3동,11290780,152684,259107,46261,652601
2025,1,장지동,11710646,92753,108982,76525,1278355
2025,1,장충동,11140580,165272,204047,126496,1017925
2025,1,전농1동,11230560,98001,119071,76932,1126695
2025,1,전농2동,11230570,73069,97032,49106,977568
2025,1,정릉1동,11290620,125664,173663,77666,412365
2025,1,정릉2동,11290630,94119,108344,79895,1094889
2025,1,정릉3동,11290640,119410,119410,,3327126
2025,1,정릉4동,11290650,109437,130388,88486,3570914
2025,1,제기동,11230545,101720,123356,80084,1181705
2025,1,조원동,11620725,106245,123225,89265,666607
2025,1,종로1234가동,11110615,198282,264939,131624,2417171
2025,1,종로56가동,11110630,234267,233066,235468,603167
2025,1,종암동,11290705,101860,135417,68303,1404527
2025,1,중계1동,11350621,153748,190772,116724,623451
2025,1,중계23동,11350625,132393,160956,103830,919083
2025,1,중계4동,11350624,121979,158615,85343,1519449
2025,1,중계본동,11350619,105178,115304,95053,2183234
2025,1,중곡1동,11215740,90454,117190,63717,614505
2025,1,중곡2동,11215750,92742,125100,60384,545542
2025,1,중곡3동,11215760,75058,101824,48291,601866
2025,1,중곡4동,11215770,104770,127689,81852,2313468
2025,1,중림동,11140680,167550,204275,130825,484384
2025,1,중앙동,11620615,125660,148242,103077,384728
2025,1,중화1동,11260600,58399,76692,40106,641493
2025,1,중화2동,11260610,82461,113086,51836,1016955
2025,1,증산동,11380640,77673,78984,76362,807409
2025,1,진관동,11380690,109215,113404,105026,11565110
2025,1,창1동,11320511,96034,121032,71037,1122171
2025,1,창2동,11320512,89221,109166,69275,654442
2025,1,창3동,11320513,79115,89933,68297,655485
2025,1,창4동,11320514,186573,280512,92635,1140172
2025,1,창5동,11320515,128057,167177,88937,701480
2025,1,창신1동,11110670,235923,299027,172819,305337
2025,1,창신2동,11110680,109144,120144,98145,257323
2025,1,창신3동,11110690,163407,256216,70599,216835
2025,1,천연동,11410520,84572,103813,65330,982817
2025,1,천호1동,11740600,101260,97679,104841,668998
2025,1,천호2동,11740610,133497,142142,124852,1850853
2025,1,천호3동,11740620,138947,136922,140973,561872
2025,1,청구동,11140645,221771,179711,263831,342571
2025,1,청담동,11680565,213127,266258,159996,2329217
2025,1,청량리동,11230705,88076,102264,73888,1204398
2025,1,청룡동,11620595,148726,162279,135173,1195604
2025,1,청림동,11620545,93762,114050,73474,297155
2025,1,청운효자동,11110515,133792,193484,74099,2568432
2025,1,청파동,11170555,107952,128163,87741,886225
2025,1,충현동,11410565,113494,141020,85968,1116001
2025,1,평창동,11110560,80260,83163,77358,8947328
2025,1,풍납1동,11710510,139964,139964,,1075294
2025,1,풍납2동,11710520,68206,90251,46162,2564554
2025,1,필동,11140570,151184,171382,130987,1464686
2025,1,하계1동,11350611,94387,115756,73018,1527061
2025,1,하계2동,11350612,100979,134637,67321,500023
2025,1,한강로동,11170625,136282,159684,112880,2869816
2025,1,한남동,11170685,157927,193823,122031,3031897
2025,1,합정동,11440680,146167,171740,120595,1712389
2025,1,항동,11530800,215817,275037,156597,1446941
2025,1,행당1동,11200560,162376,174990,149763,573566
2025,1,행당2동,11200570,126500,153875,99125,457669
2025,1,행운동,11620575,131247,135107,127388,718235
2025,1,혜화동,11110650,136613,171287,101940,1132421
2025,1,홍은1동,11410660,73242,78488,67996,1615140
2025,1,홍은2동,11410685,108335,102346,114325,2075085
2025,1,홍제1동,11410620,95354,118665,72042,1235632
2025,1,홍제2동,11410655,95743,102661,88824,699978
2025,1,홍제3동,11410640,79810,103418,56201,1192508
2025,1,화곡1동,11500540,109890,137291,82489,1197746
2025,1,화곡2동,11500550,79946,91578,68313,454621
2025,1,화곡3동,11500560,107039,121774,92303,521858
2025,1,화곡4동,11500570,136291,132484,140098,852049
2025,1,화곡6동,11500591,100166,127814,72518,1037911
2025,1,화곡8동,11500593,142828,161019,124637,593322
2025,1,화곡본동,11500590,109988,129499,90476,972735
2025,1,화양동,11215710,157957,178150,137763,1166008
2025,1,황학동,11140670,158283,154895,161671,328640
2025,1,회기동,11230710,115151,140036,90265,766917
2025,1,회현동,11140540,343013,433087,252939,897827
2025,1,효창동,11170580,153338,146636,160040,446197
2025,1,후암동,11170510,107254,123015,91493,865892
2025,1,휘경1동,11230720,96366,86229,106503,521796
2025,1,휘경2동,11230730,87204,106373,68035,1113609
2025,1,흑석동,11590605,143051,146705,139397,1708306
2025,2,가락1동,11710631,145308,104966,185650,1393228
2025,2,가락2동,11710632,101431,134616,68246,932311
2025,2,가락본동,11710620,110660,123480,97841,1014738
2025,2,가리봉동,11530595,178224,175690,180757,410996
2025,2,가산동,11545510,119112,153313,84911,2512852
2025,2,가양1동,11500603,175676,240920,110432,4970691
2025,2,가양2동,11500604,122710,160543,84877,823874
2025,2,가양3동,11500605,108701,,108701,474228
2025,2,가회동,11110600,169345,213986,124703,539955
2025,2,갈현1동,11380551,94992,121680,68305,961071
2025,2,갈현2동,11380552,91557,110511,72603,985165
2025,2,강일동,11740515,200044,241006,159082,3647520
2025,2,개봉1동,11530740,150532,165416,135648,1320319
2025,2,개봉2동,11530750,126029,144570,107489,782524
2025,2,개봉3동,11530760,143613,154092,133134,828418
2025,2,개포1동,11680660,,,,1449952
2025,2,개포2동,11680670,211812,268857,154768,2243338
2025,2,개포4동,11680690,106600,132043,81157,1665461
2025,2,거여1동,11710531,82188,102882,61495,522308
2025,2,거여2동,11710532,122793,164720,80867,612901
2025,2,고덕1동,11740550,151323,215387,87259,1518495
2025,2,고덕2동,11740560,193122,205772,180473,2206786
2025,2,고척1동,11530720,155345,196031,114659,1151238
2025,2,고척2동,11530730,134589,134094,135083,1025572
2025,2,공덕동,11440565,162568,207795,117341,1019197
2025,2,공릉1동,11350595,100335,126241,74429,1263261
2025,2,공릉2동,11350600,93604,129571,57637,6983449
2025,2,공항동,11500620,107741,111194,104289,10861768
2025,2,광장동,11215810,139461,190150,88773,2393761
2025,2,광희동,11140590,238457,274445,202469,737204
2025,2,교남동,11110580,188029,151734,224323,346926
2025,2,구로1동,11530520,186291,195548,177035,1008892
2025,2,구로2동,11530530,130395,150152,110638,1703350
2025,2,구로3동,11530540,229342,279196,179488,1040120
2025,2,구로4동,11530550,159479,211559,107399,524507
2025,2,구로5동,11530560,170220,220540,119900,1012473
2025,2,구산동,11380560,79655,92463,66846,1389775
2025,2,구의1동,11215850,115833,133873,97794,565313
2025,2,구의2동,11215860,118525,120499,116551,1388041
2025,2,구의3동,11215870,122755,152924,92585,1027561
2025,2,군자동,11215730,113708,112110,115306,738025
2025,2,금호1가동,11200590,102830,132224,73437,444872
2025,2,금호23가동,11200615,126704,164562,88845,631196
2025,2,금호4가동,11200620,135824,162452,109197,832333
2025,2,길동,11740685,152031,193415,110647,1631616
2025,2,길음1동,11290660,152158,158740,145575,797310
2025,2,길음2동,11290685,148328,155721,140935,588002
2025,2,낙성대동,11620585,152808,202409,103208,2262818
2025,2,난곡동,11620775,105242,139773,70710,972373
2025,2,난향동,11620715,78806,91796,65816,821397
2025,2,남가좌1동,11410690,151328,214468,88189,475536
2025,2,남가좌2동,11410700,125487,162007,88967,783775
2025,2,남영동,11170530,131602,149358,113846,1177788
2025,2,남현동,11620630,117658,137839,97477,3281024
2025,2,내곡동,11650660,135203,153670,116736,12708880
2025,2,노량진1동,11590510,128245,177900,78591,1613446
2025,2,노량진2동,11590520,219613,303743,135483,600568
2025,2,녹번동,11380510,96476,119664,73287,1794215
2025,2,논현1동,11680521,181492,216814,146170,1258744
2025,2,논현2동,11680531,160100,197752,122448,1458524
2025,2,능동,11215780,122912,154188,91635,1092105
2025,2,다산동,11140625,152283,169617,134949,523971
2025,2,답십리1동,11230600,111564,136075,87053,788242
2025,2,답십리2동,11230610,96098,120238,71958,875745
2025,2,당산1동,11560550,109695,123774,95616,745305
2025,2,당산2동,11560560,147794,196168,99421,1581310
2025,2,대림1동,11560700,153346,137114,169577,498978
2025,2,대림2동,11560710,147085,169106,125064,572540
2025,2,대림3동,11560720,106618,122238,90998,921696
2025,2,대방동,11590660,105918,134302,77534,1544903
2025,2,대조동,11380570,133363,132010,134716,851692
2025,2,대치1동,11680600,239418,362349,116488,809823
2025,2,대치2동,11680610,214390,249849,178931,1837367
2025,2,대치4동,11680630,170763,201355,140171,701081
2025,2,대학동,11620735,116564,149727,83401,8405183
2025,2,대흥동,11440600,159983,183690,136276,858570
2025,2,도곡1동,11680655,180738,213904,147573,1050609
2025,2,도곡2동,11680656,146873,188924,104822,990763
2025,2,도림동,11560585,105700,106627,104773,585885
2025,2,도봉1동,11320521,60696,84373,37019,8451468
2025,2,도봉2동,11320522,101906,120086,83726,1119031
2025,2,도화동,11440585,148171,185994,110349,625018
2025,2,독산1동,11545610,103631,124384,82879,2061921
2025,2,독산2동,11545620,145201,123819,166582,617174
2025,2,독산3동,11545630,83308,94117,72500,934985
2025,2,독산4동,11545640,73263,107248,39278,591045
2025,2,돈암1동,11290580,131306,131306,,488898
2025,2,돈암2동,11290590,108564,138674,78455,518335
2025,2,동선동,11290575,120132,152631,87633,724957
2025,2,동화동,11140665,149003,173469,124537,327045
2025,2,둔촌1동,11740690,,,,912178
2025,2,둔촌2동,11740700,119723,143899,95548,1550455
2025,2,등촌1동,11500520,134785,134410,135161,650741
2025,2,등촌2동,11500530,147554,190109,104999,910666
2025,2,등촌3동,11500535,141336,185014,97658,1060362
2025,2,마장동,11200540,125953,158871,93035,1035276
2025,2,마천1동,11710540,86135,126884,45386,575258
2025,2,마천2동,11710550,102462,121973,82951,890688
2025,2,망우3동,11260660,62264,79900,44628,962561
2025,2,망우본동,11260655,83118,100402,65835,2948109
2025,2,망원1동,11440690,172781,194332,151230,1101005
2025,2,망원2동,11440700,120187,143293,97081,676411
2025,2,면목2동,11260520,73362,90809,55916,763122
2025,2,면목38동,11260575,91433,114727,68138,1614117
2025,2,면목4동,11260540,67041,79064,55018,843466
2025,2,면목5동,11260550,85423,101846,69000,704936
2025,2,면목7동,11260570,78231,111799,44663,1236134
2025,2,면목본동,11260565,80620,116597,44644,849019
2025,2,명동,11140550,207052,240369,173735,969729
2025,2,명일1동,11740530,163610,192096,135124,634942
2025,2,명일2동,11740540,178503,237661,119345,914329
2025,2,목1동,11470510,141928,193616,90239,1433111
2025,2,목2동,11470520,135217,129014,141419,1021355
2025,2,목3동,11470530,125727,138412,113042,531850
2025,2,목4동,11470540,113897,137722,90072,577493
2025,2,목5동,11470550,162572,232612,92532,1766361
2025,2,무악동,11110570,,,,369520
2025,2,묵1동,11260620,96471,127107,65835,1238436
2025,2,묵2동,11260630,90895,90177,91613,669204
2025,2,문래동,11560605,115622,140354,90890,1786708
2025,2,문정1동,11710641,83323,105234,61412,612546
2025,2,문정2동,11710642,156271,192648,119894,2242033
2025,2,미성동,11620765,91083,115362,66803,1359429
2025,2,미아동,11305535,94670,115926,73414,841204
2025,2,반포1동,11650560,145277,163571,126982,992368
2025,2,반포2동,11650570,300908,346464,255352,1396031
2025,2,반포3동,11650580,232999,264460,201537,1251708
2025,2,반포4동,11650581,160957,201044,120871,1427141
2025,2,반포본동,11650550,98503,98503,,972536
2025,2,발산1동,11500611,135617,171509,99724,2887669
2025,2,방배1동,11650600,137538,173849,101228,689244
2025,2,방배2동,11650610,131128,143358,118897,1904030
2025,2,방배3동,11650620,75711,97887,53536,2375134
2025,2,방배4동,11650621,123686,141783,105588,949527
2025,2,방배본동,11650590,106764,133103,80424,677510
2025,2,방이1동,11710561,117383,139201,95564,609259
2025,2,방이2동,11710562,155831,190764,120898,769841
2025,2,방학1동,11320690,99933,128788,71079,1040857
2025,2,방학2동,11320700,70441,94784,46097,1092814
2025,2,방학3동,11320710,100299,140816,59783,1951026
2025,2,방화1동,11500630,146283,161279,131286,1475606
2025,2,방화2동,11500640,110136,88194,132079,6157541
2025,2,방화3동,11500641,96770,116498,77042,2558908
2025,2,번1동,11305595,97315,98516,96113,627036
2025,2,번2동,11305603,75897,79495,72300,974298
2025,2,번3동,11305608,71785,86368,57203,1081177
2025,2,보광동,11170700,79801,102645,56957,715096
2025,2,보라매동,11620525,113115,113085,113145,750225
2025,2,보문동,11290610,86299,106979,65618,553006
2025,2,부암동,11110550,115310,154434,76186,2274739
2025,2,북가좌1동,11410710,169194,130226,208162,577979
2025,2,북가좌2동,11410720,93006,119314,66698,824866
2025,2,북아현동,11410555,144316,216181,72452,458945
2025,2,불광1동,11380520,111416,142010,80823,3124927
2025,2,불광2동,11380530,100724,146073,55375,1396089
2025,2,사근동,11200550,113466,163881,63050,1169216
2025,2,사당1동,11590620,109549,138087,81012,635172
2025,2,사당2동,11590630,144089,195943,92234,2763201
2025,2,사당3동,11590640,119253,142077,96429,907684
2025,2,사당4동,11590650,159535,159535,,436148
2025,2,사당5동,11590651,88030,88932,87129,682199
2025,2,사직동,11110530,190504,239208,141800,1158536
2025,2,삼각산동,11305575,112159,136051,88268,621911
2025,2,삼선동,11290555,108826,140933,76720,926227
2025,2,삼성1동,11680580,229994,189010,270978,1944629
2025,2,삼성2동,11680590,161480,159869,163091,1242271
2025,2,삼성동,11620745,107568,108464,106672,2604386
2025,2,삼양동,11305534,84454,84047,84860,924092
2025,2,삼전동,11710610,143109,167386,118831,953338
2025,2,삼청동,11110540,140451,185681,95221,1479255
2025,2,상계10동,11350720,139121,206394,71848,809214
2025,2,상계1동,11350630,94954,124581,65327,5402614
2025,2,상계2동,11350640,211344,336086,86602,623125
2025,2,상계34동,11350665,107150,98428,115872,5211708
2025,2,상계5동,11350670,93457,134911,52003,906891
2025,2,상계67동,11350695,134600,174266,94934,1450295
2025,2,상계8동,11350700,110486,150897,70075,666348
2025,2,상계9동,11350710,131485,184550,78420,719445
2025,2,상도1동,11590530,114237,139607,88868,1488648
2025,2,상도2동,11590540,144451,178903,109999,772865
2025,2,상도3동,11590550,146959,168324,125594,637199
2025,2,상도4동,11590560,91187,120960,61413,939562
2025,2,상봉1동,11260580,97477,126998,67956,854219
2025,2,상봉2동,11260590,117799,135080,100519,677445
2025,2,상암동,11440740,194015,238017,150012,8402415
2025,2,상일동,11740520,154709,195383,114035,1813623
2025,2,서강동,11440655,201985,236378,167593,1478577
2025,2,서교동,11440660,192206,218556,165857,1678981
2025,2,서림동,11620665,108707,106334,111080,941252
2025,2,서빙고동,11170690,77040,85198,68882,2821948
2025,2,서원동,11620645,175983,249994,101972,647532
2025,2,서초1동,11650510,141703,155434,127972,1382685
2025,2,서초2동,11650520,188475,227840,149110,1230924
2025,2,서초3동,11650530,160562,183688,137436,2998572
2025,2,서초4동,11650531,166582,203365,129799,879773
2025,2,석관동,11290810,78704,91868,65540,1705061
2025,2,석촌동,11710600,126873,161992,91755,946914
2025,2,성내1동,11740640,124459,154967,93950,663675
2025,2,성내2동,11740650,151056,188385,113727,625147
2025,2,성내3동,11740660,125501,138210,112792,647356
2025,2,성북동,11290525,110179,130868,89491,2879912
2025,2,성산1동,11440720,156721,175207,138236,859254
2025,2,성산2동,11440730,180684,210935,150434,1978724
2025,2,성수1가1동,11200650,118733,143423,94043,1885875
2025,2,성수1가2동,11200660,168918,171828,166008,930086
2025,2,성수2가1동,11200670,103720,119089,88351,1184964
2025,2,성수2가3동,11200690,146143,155708,136578,1054501
2025,2,성현동,11620565,80708,111858,49559,678223
2025,2,세곡동,11680700,207877,260533,155221,6367772
2025,2,소공동,11140520,205489,224418,186560,943795
2025,2,송정동,11200720,88806,104202,73411,681916
2025,2,송중동,11305545,130918,135959,125877,1075796
2025,2,송천동,11305555,83061,119544,46577,929913
2025,2,송파1동,11710580,120707,148923,92491,686925
2025,2,송파2동,11710590,99227,133431,65023,631023
2025,2,수궁동,11530790,103426,111481,95371,2661352
2025,2,수색동,11380650,113325,138656,87995,1290258
2025,2,수서동,11680750,213106,279708,146504,1629403
2025,2,수유1동,11305615,70401,82864,57938,1649963
2025,2,수유2동,11305625,66375,98806,33945,581617
2025,2,수유3동,11305635,97120,123290,70950,745645
2025,2,숭인1동,11110700,102181,117254,87108,239396
2025,2,숭인2동,11110710,151070,174700,127440,351906
2025,2,시흥1동,11545670,100940,148595,53285,1524148
2025,2,시흥2동,11545680,89000,103859,74142,1308882
2025,2,시흥3동,11545690,68176,91798,44554,1261391
2025,2,시흥4동,11545700,88709,131796,45621,821709
2025,2,시흥5동,11545710,86443,127788,45098,1386972
2025,2,신길1동,11560630,87907,118176,57637,722925
2025,2,신길3동,11560650,134075,133992,134158,520083
2025,2,신길4동,11560660,120353,120353,,292127
2025,2,신길5동,11560670,151005,254914,47095,494653
2025,2,신길6동,11560680,158833,244542,73124,653511
2025,2,신길7동,11560690,127655,116184,139126,642487
2025,2,신내1동,11260680,82339,109947,54732,2606949
2025,2,신내2동,11260690,116370,151318,81422,911281
2025,2,신당5동,11140650,128824,129167,128481,319706
2025,2,신당동,11140615,388166,329066,447266,534942
2025,2,신대방1동,11590670,91484,115615,67354,675281
2025,2,신대방2동,11590680,150275,189882,110667,977033
2025,2,신도림동,11530510,177485,192469,162501,1392788
2025,2,신림동,11620695,137319,165510,109129,541240
2025,2,신사1동,11380631,95894,122256,69531,808314
2025,2,신사2동,11380632,93073,131838,54308,1046222
2025,2,신사동,11620685,95172,131592,58751,641031
2025,2,신사동,11680510,171890,214949,128830,2059234
2025,2,신수동,11440630,147808,127176,168440,797879
2025,2,신원동,11620655,92200,120731,63669,544977
2025,2,신월1동,11470560,93910,132763,55058,622400
2025,2,신월2동,11470570,112736,112968,112505,606811
2025,2,신월3동,11470580,70186,83918,56454,918039
2025,2,신월4동,11470590,86360,111029,61691,469873
2025,2,신월5동,11470600,85215,84991,85439,638302
2025,2,신월6동,11470610,122674,131469,113880,444286
2025,2,신월7동,11470611,111840,107384,116296,1230628
2025,2,신정1동,11470620,109368,148247,70488,747568
2025,2,신정2동,11470630,134605,197524,71686,525899
2025,2,신정3동,11470640,102589,116114,89064,2756536
2025,2,신정4동,11470650,137486,137753,137219,997144
2025,2,신정6동,11470670,162206,230267,94145,940885
2025,2,신정7동,11470680,129772,164267,95278,1234130
2025,2,신촌동,11410585,171456,204489,138423,2720364
2025,2,쌍문1동,11320660,80564,78399,82729,1175774
2025,2,쌍문2동,11320670,98433,131834,65032,541193
2025,2,쌍문3동,11320680,92302,115589,69016,504805
2025,2,쌍문4동,11320681,95799,121161,70437,554868
2025,2,아현동,11440555,190084,222597,157570,744328
2025,2,안암동,11290600,110637,144479,76796,1379571
2025,2,암사1동,11740570,157399,185798,129000,735480
2025,2,암사2동,11740580,174806,208718,140893,2174329
2025,2,암사3동,11740590,157017,176247,137786,1799368
2025,2,압구정동,11680545,221105,306016,136194,2345057
2025,2,약수동,11140635,209845,235555,184136,486369
2025,2,양재1동,11650651,127014,165936,88092,5765358
2025,2,양재2동,11650652,112147,131293,93002,7562268
2025,2,양평1동,11560610,125336,130250,120422,974912
2025,2,양평2동,11560620,133306,148203,118408,2874596
2025,2,여의동,11560540,189669,247052,132287,8437543
2025,2,역삼1동,11680640,178860,193369,164352,2362133
2025,2,역삼2동,11680650,200678,245635,155721,1135029
2025,2,역촌동,11380625,83724,106778,60670,1157542
2025,2,연남동,11440710,185194,202626,167762,647438
2025,2,연희동,11410615,121133,126817,115449,2929172
2025,2,염리동,11440610,133342,158455,108229,491468
2025,2,염창동,11500510,111127,137099,85156,1732856
2025,2,영등포동,11560535,133290,155793,110787,1372094
2025,2,영등포본동,11560515,104279,93480,115078,846370
2025,2,오금동,11710570,97300,102869,91730,1648868
2025,2,오류1동,11530770,137391,159234,115547,727414
2025,2,오류2동,11530780,163347,190385,136308,3061018
2025,2,오륜동,11710566,191006,220732,161280,3085088
2025,2,옥수동,11200645,130095,149061,111130,1922027
2025,2,왕십리2동,11200520,121415,152079,90750,372425
2025,2,왕십리도선동,11200535,139833,153321,126344,710285
2025,2,용강동,11440590,169048,203830,134266,790602
2025,2,용답동,11200790,113036,142945,83127,2377148
2025,2,용문동,11170590,99326,139816,58837,277531
2025,2,용산2가동,11170520,105858,132857,78860,1966853
2025,2,용신동,11230536,91047,110413,71681,1618399
2025,2,우이동,11305645,95595,103152,88037,10587752
2025,2,우장산동,11500615,113562,124670,102455,1261588
2025,2,원효로1동,11170560,103901,113562,94239,589017
2025,2,원효로2동,11170570,89030,100087,77972,708975
2025,2,월계1동,11350560,98077,144052,52101,1107461
2025,2,월계2동,11350570,93337,126127,60546,2004785
2025,2,월계3동,11350580,107995,147110,68881,1168283
2025,2,월곡1동,11290715,82725,99659,65792,801757
2025,2,월곡2동,11290725,85452,110025,60879,1364901
2025,2,위례동,11710647,149417,196674,102161,2537372
2025,2,은천동,11620605,114774,136844,92703,776212
2025,2,을지로동,11140605,178104,239684,116523,611524
2025,2,응봉동,11200580,87923,90972,84874,553662
2025,2,응암1동,11380580,114371,156133,72608,1109863
2025,2,응암2동,11380590,96490,119467,73513,755247
2025,2,응암3동,11380600,98558,113836,83281,752773
2025,2,이문1동,11230740,101972,146950,56994,1039602
2025,2,이문2동,11230750,82621,122282,42961,723890
2025,2,이촌1동,11170630,222729,293468,151989,2872767
2025,2,이촌2동,11170640,86727,79805,93649,1205543
2025,2,이태원1동,11170650,174824,199949,149699,582899
2025,2,이태원2동,11170660,149547,185480,113613,874243
2025,2,이화동,11110640,117587,161453,73721,782395
2025,2,인수동,11305660,85760,80877,90643,2998011
2025,2,인헌동,11620625,120280,169869,70691,1089078
2025,2,일원1동,11680730,107672,103039,112305,953471
2025,2,일원2동,11680740,164013,,164013,1300290
2025,2,일원본동,11680720,,,,2354625
2025,2,자양1동,11215820,112640,142785,82496,568868
2025,2,자양2동,11215830,89618,109903,69333,1657523
2025,2,자양3동,11215840,144750,207877,81622,1196419
2025,2,자양4동,11215847,116982,136182,97782,1180023
2025,2,잠실2동,11710670,347434,479792,215077,2686850
2025,2,잠실3동,11710680,257680,353515,161845,1542643
2025,2,잠실4동,11710690,402260,608856,195664,780204
2025,2,잠실6동,11710710,172063,218693,125432,1508001
2025,2,잠실7동,11710720,123784,190636,56932,723486
2025,2,잠실본동,11710650,131605,164940,98270,1028997
2025,2,잠원동,11650540,145519,170605,120433,1756867
2025,2,장안1동,11230650,104007,118959,89055,1342167
2025,2,장안2동,11230660,83021,108553,57490,996640
2025,2,장위1동,11290760,95893,117137,74648,708546
2025,2,장위2동,11290770,115201,143582,86821,679894
2025,2,장위3동,11290780,144503,212235,76771,652601
2025,2,장지동,11710646,100416,122185,78647,1278355
2025,2,장충동,11140580,140448,160744,120151,1017925
2025,2,전농1동,11230560,114726,131440,98013,1126695
2025,2,전농2동,11230570,74091,100510,47673,977568
2025,2,정릉1동,11290620,121675,168502,74849,412365
2025,2,정릉2동,11290630,87196,101878,72513,1094889
2025,2,정릉3동,11290640,93281,147649,38914,3327126
2025,2,정릉4동,11290650,97423,111487,83359,3570914
2025,2,제기동,11230545,107099,144797,69400,1181705
2025,2,조원동,11620725,95656,130898,60414,666607
2025,2,종로1234가동,11110615,208133,272164,144102,2417171
2025,2,종로56가동,11110630,267960,258064,277856,603167
2025,2,종암동,11290705,95281,125993,64569,1404527
2025,2,중계1동,11350621,139637,179147,100126,623451
2025,2,중계23동,11350625,144875,188367,101384,919083
2025,2,중계4동,11350624,137702,196141,79263,1519449
2025,2,중계본동,11350619,97312,117392,77232,2183234
2025,2,중곡1동,11215740,97357,130792,63922,614505
2025,2,중곡2동,11215750,97352,127908,66796,545542
2025,2,중곡3동,11215760,76027,96467,55588,601866
2025,2,중곡4동,11215770,109239,135219,83259,2313468
2025,2,중림동,11140680,183202,195279,171124,484384
2025,2,중앙동,11620615,117129,135313,98944,384728
2025,2,중화1동,11260600,60144,77606,42682,641493
2025,2,중화2동,11260610,87633,122553,52713,1016955
2025,2,증산동,11380640,85690,104792,66589,807409
2025,2,진관동,11380690,113377,125895,100860,11565110
2025,2,창1동,11320511,96681,123689,69672,1122171
2025,2,창2동,11320512,76579,93058,60100,654442
2025,2,창3동,11320513,72501,89827,55175,655485
2025,2,창4동,11320514,154927,225215,84639,1140172
2025,2,창5동,11320515,109963,149107,70819,701480
2025,2,창신1동,11110670,211461,259965,162957,305337
2025,2,창신2동,11110680,102997,124776,81218,257323
2025,2,창신3동,11110690,83228,108267,58189,216835
2025,2,천연동,11410520,124315,153284,95345,982817
2025,2,천호1동,11740600,148879,135407,162351,668998
2025,2,천호2동,11740610,150626,169723,131529,1850853
2025,2,천호3동,11740620,152548,141854,163242,561872
2025,2,청구동,11140645,123787,142425,105150,342571
2025,2,청담동,11680565,165407,183375,147439,2329217
2025,2,청량리동,11230705,86252,97151,75353,1204398
2025,2,청룡동,11620595,143114,158363,127865,1195604
2025,2,청림동,11620545,85453,87991,82915,297155
2025,2,청운효자동,11110515,126013,174717,77310,2568432
2025,2,청파동,11170555,103379,132071,74688,886225
2025,2,충현동,11410565,121301,159270,83332,1116001
2025,2,평창동,11110560,95351,92203,98498,8947328
2025,2,풍납1동,11710510,98622,149677,47567,1075294
2025,2,풍납2동,11710520,87960,102104,73816,2564554
2025,2,필동,11140570,152713,168302,137124,1464686
2025,2,하계1동,11350611,101523,128388,74659,1527061
2025,2,하계2동,11350612,123756,175689,71823,500023
2025,2,한강로동,11170625,140278,162520,118036,2869816
2025,2,한남동,11170685,158319,203525,113114,3031897
2025,2,합정동,11440680,180001,172987,187015,1712389
2025,2,항동,11530800,214789,235309,194269,1446941
2025,2,행당1동,11200560,147801,142582,153020,573566
2025,2,행당2동,11200570,140682,167165,114199,457669
2025,2,행운동,11620575,136877,157875,115878,718235
2025,2,혜화동,11110650,131300,162353,100248,1132421
2025,2,홍은1동,11410660,103192,117821,88564,1615140
2025,2,홍은2동,11410685,99520,95430,103611,2075085
2025,2,홍제1동,11410620,122359,153520,91197,1235632
2025,2,홍제2동,11410655,137918,131381,144454,699978
2025,2,홍제3동,11410640,117350,127488,107211,1192508
2025,2,화곡1동,11500540,108968,141492,76443,1197746
2025,2,화곡2동,11500550,94719,113743,75694,454621
2025,2,화곡3동,11500560,107683,136007,79359,521858
2025,2,화곡4동,11500570,131134,149291,112978,852049
2025,2,화곡6동,11500591,112405,137026,87784,1037911
2025,2,화곡8동,11500593,134022,177288,90755,593322
2025,2,화곡본동,11500590,117555,145840,89270,972735
2025,2,화양동,11215710,149367,187174,111560,1166008
2025,2,황학동,11140670,150528,163841,137214,328640
2025,2,회기동,11230710,105815,148974,62655,766917
2025,2,회현동,11140540,368330,440075,296585,897827
2025,2,효창동,11170580,160374,141501,179247,446197
2025,2,후암동,11170510,101503,129926,73079,865892
2025,2,휘경1동,11230720,103676,101341,106012,521796
2025,2,휘경2동,11230730,90193,105310,75076,1113609
2025,2,흑석동,11590605,143305,156132,130479,1708306
2025,3,가락1동,11710631,142894,83862,201927,1393228
2025,3,가락2동,11710632,106284,138785,73782,932311
2025,3,가락본동,11710620,111421,139276,83566,1014738
2025,3,가리봉동,11530595,176892,169889,183895,410996
2025,3,가산동,11545510,115547,151372,79721,2512852
2025,3,가양1동,11500603,185509,253940,117078,4970691
2025,3,가양2동,11500604,125459,157875,93043,823874
2025,3,가양3동,11500605,133326,,133326,474228
2025,3,가회동,11110600,169212,214669,123755,539955
2025,3,갈현1동,11380551,105124,129469,80779,961071
2025,3,갈현2동,11380552,95624,118497,72750,985165
2025,3,강일동,11740515,202786,254259,151313,3647520
2025,3,개봉1동,11530740,134721,151926,117515,1320319
2025,3,개봉2동,11530750,135051,146297,123804,782524
2025,3,개봉3동,11530760,134565,136257,132874,828418
2025,3,개포1동,11680660,,,,1449952
2025,3,개포2동,11680670,219402,269097,169708,2243338
2025,3,개포4동,11680690,114599,144632,84565,1665461
2025,3,거여1동,11710531,85304,105171,65437,522308
2025,3,거여2동,11710532,117213,154189,80236,612901
2025,3,고덕1동,11740550,141397,188748,94045,1518495
2025,3,고덕2동,11740560,163080,174602,151557,2206786
2025,3,고척1동,11530720,160265,197826,122704,1151238
2025,3,고척2동,11530730,117099,144057,90140,1025572
2025,3,공덕동,11440565,166204,217134,115275,1019197
2025,3,공릉1동,11350595,94152,122395,65909,1263261
2025,3,공릉2동,11350600,104451,136053,72849,6983449
2025,3,공항동,11500620,111991,111931,112050,10861768
2025,3,광장동,11215810,130467,169412,91521,2393761
2025,3,광희동,11140590,238997,273631,204364,737204
2025,3,교남동,11110580,213830,203336,224323,346926
2025,3,구로1동,11530520,196555,214481,178630,1008892
2025,3,구로2동,11530530,125206,142192,108219,1703350
2025,3,구로3동,11530540,233709,285887,181530,1040120
2025,3,구로4동,11530550,165425,213842,117008,524507
2025,3,구로5동,11530560,168135,219547,116722,1012473
2025,3,구산동,11380560,76036,95667,56405,1389775
2025,3,구의1동,11215850,122448,131598,113298,565313
2025,3,구의2동,11215860,123328,130522,116134,1388041
2025,3,구의3동,11215870,121473,150802,92143,1027561
2025,3,군자동,11215730,122493,131612,113374,738025
2025,3,금호1가동,11200590,110992,116143,105841,444872
2025,3,금호23가동,11200615,123212,159680,86745,631196
2025,3,금호4가동,11200620,119140,139466,98815,832333
2025,3,길동,11740685,151394,183785,119003,1631616
2025,3,길음1동,11290660,158052,166877,149227,797310
2025,3,길음2동,11290685,119393,113316,125471,588002
2025,3,낙성대동,11620585,159805,210706,108905,2262818
2025,3,난곡동,11620775,100797,135854,65740,972373
2025,3,난향동,11620715,103153,118324,87981,821397
2025,3,남가좌1동,11410690,159421,222667,96175,475536
2025,3,남가좌2동,11410700,145153,177563,112744,783775
2025,3,남영동,11170530,125092,148959,101226,1177788
2025,3,남현동,11620630,115895,141075,90714,3281024
2025,3,내곡동,11650660,146617,169581,123653,12708880
2025,3,노량진1동,11590510,127956,169760,86151,1613446
2025,3,노량진2동,11590520,258457,327123,189791,600568
2025,3,녹번동,11380510,98407,116444,80370,1794215
2025,3,논현1동,11680521,181035,221271,140799,1258744
2025,3,논현2동,11680531,160191,198572,121810,1458524
2025,3,능동,11215780,119948,150590,89305,1092105
2025,3,다산동,11140625,139910,162468,117352,523971
2025,3,답십리1동,11230600,113621,148258,78983,788242
2025,3,답십리2동,11230610,97343,123465,71221,875745
2025,3,당산1동,11560550,124250,138500,109999,745305
2025,3,당산2동,11560560,168558,222736,114380,1581310
2025,3,대림1동,11560700,134060,127254,140866,498978
2025,3,대림2동,11560710,167222,162102,172342,572540
2025,3,대림3동,11560720,118177,131844,104511,921696
2025,3,대방동,11590660,112113,141768,82457,1544903
2025,3,대조동,11380570,131514,132312,130716,851692
2025,3,대치1동,11680600,246843,367208,126478,809823
2025,3,대치2동,11680610,214911,233100,196722,1837367
2025,3,대치4동,11680630,172364,208929,135800,701081
2025,3,대학동,11620735,119134,147373,90895,8405183
2025,3,대흥동,11440600,162061,184357,139764,858570
2025,3,도곡1동,11680655,181619,195478,167760,1050609
2025,3,도곡2동,11680656,158661,213551,103770,990763
2025,3,도림동,11560585,113118,97546,128690,585885
2025,3,도봉1동,11320521,63066,83628,42504,8451468
2025,3,도봉2동,11320522,96301,116052,76550,1119031
2025,3,도화동,11440585,165670,191824,139515,625018
2025,3,독산1동,11545610,102815,120143,85487,2061921
2025,3,독산2동,11545620,133419,123374,143464,617174
2025,3,독산3동,11545630,96721,95996,97446,934985
2025,3,독산4동,11545640,74774,111320,38227,591045
2025,3,돈암1동,11290580,131306,131306,,488898
2025,3,돈암2동,11290590,119902,155026,84778,518335
2025,3,동선동,11290575,112767,142973,82560,724957
2025,3,동화동,11140665,138242,175076,101409,327045
2025,3,둔촌1동,11740690,485555,502864,468246,912178
2025,3,둔촌2동,11740700,119011,145339,92683,1550455
2025,3,등촌1동,11500520,120490,130967,110014,650741
2025,3,등촌2동,11500530,149842,200553,99131,910666
2025,3,등촌3동,11500535,147937,191885,103988,1060362
2025,3,마장동,11200540,118309,146712,89907,1035276
2025,3,마천1동,11710540,94194,135041,53347,575258
2025,3,마천2동,11710550,89450,114125,64776,890688
2025,3,망우3동,11260660,66344,80568,52120,962561
2025,3,망우본동,11260655,81352,103800,58904,2948109
2025,3,망원1동,11440690,188268,215774,160762,1101005
2025,3,망원2동,11440700,127887,152019,103755,676411
2025,3,면목2동,11260520,75273,95605,54942,763122
2025,3,면목38동,11260575,86227,113122,59332,1614117
2025,3,면목4동,11260540,66665,83259,50071,843466
2025,3,면목5동,11260550,82473,95853,69093,704936
2025,3,면목7동,11260570,83732,117177,50287,1236134
2025,3,면목본동,11260565,81920,115724,48117,849019
2025,3,명동,11140550,224961,275210,174712,969729
2025,3,명일1동,11740530,168948,189417,148478,634942
2025,3,명일2동,11740540,154859,198132,111585,914329
2025,3,목1동,11470510,151733,207004,96462,1433111
2025,3,목2동,11470520,133788,128105,139470,1021355
2025,3,목3동,11470530,125501,138005,112997,531850
2025,3,목4동,11470540,114086,129273,98900,577493
2025,3,목5동,11470550,171720,239611,103828,1766361
2025,3,무악동,11110570,174125,174125,,369520
2025,3,묵1동,11260620,102340,124199,80482,1238436
2025,3,묵2동,11260630,104558,98289,110827,669204
2025,3,문래동,11560605,129041,159929,98153,1786708
2025,3,문정1동,11710641,87964,112012,63917,612546
2025,3,문정2동,11710642,154973,195208,114737,2242033
2025,3,미성동,11620765,106431,139233,73629,1359429
2025,3,미아동,11305535,92361,111737,72984,841204
2025,3,반포1동,11650560,153406,172000,134811,992368
2025,3,반포2동,11650570,320880,400583,241178,1396031
2025,3,반포3동,11650580,223944,259315,188573,1251708
2025,3,반포4동,11650581,155621,205977,105265,1427141
2025,3,반포본동,11650550,144965,144965,,972536
2025,3,발산1동,11500611,132017,170197,93837,2887669
2025,3,방배1동,11650600,159598,216910,102286,689244
2025,3,방배2동,11650610,125976,137942,114010,1904030
2025,3,방배3동,11650620,91829,109825,73832,2375134
2025,3,방배4동,11650621,126364,140892,111836,949527
2025,3,방배본동,11650590,107038,132492,81584,677510
2025,3,방이1동,11710561,117594,146917,88272,609259
2025,3,방이2동,11710562,156509,197202,115817,769841
2025,3,방학1동,11320690,107337,140535,74140,1040857
2025,3,방학2동,11320700,68621,91871,45370,1092814
2025,3,방학3동,11320710,126960,181367,72554,1951026
2025,3,방화1동,11500630,145191,171064,119318,1475606
2025,3,방화2동,11500640,116730,95681,137778,6157541
2025,3,방화3동,11500641,93472,122831,64114,2558908
2025,3,번1동,11305595,96921,102063,91780,627036
2025,3,번2동,11305603,73460,83967,62954,974298
2025,3,번3동,11305608,65638,81143,50134,1081177
2025,3,보광동,11170700,82452,105090,59814,715096
2025,3,보라매동,11620525,108772,112157,105386,750225
2025,3,보문동,11290610,86363,107084,65641,553006
2025,3,부암동,11110550,111956,156072,67841,2274739
2025,3,북가좌1동,11410710,148407,117141,179673,577979
2025,3,북가좌2동,11410720,126780,145494,108067,824866
2025,3,북아현동,11410555,138593,210330,66856,458945
2025,3,불광1동,11380520,109714,145898,73529,3124927
2025,3,불광2동,11380530,98361,132141,64582,1396089
2025,3,사근동,11200550,116020,164498,67542,1169216
2025,3,사당1동,11590620,123334,150019,96648,635172
2025,3,사당2동,11590630,147852,200072,95631,2763201
2025,3,사당3동,11590640,113367,134895,91840,907684
2025,3,사당4동,11590650,145165,159686,130645,436148
2025,3,사당5동,11590651,93881,82620,105142,682199
2025,3,사직동,11110530,204275,266517,142032,1158536
2025,3,삼각산동,11305575,120689,144795,96583,621911
2025,3,삼선동,11290555,100697,131819,69575,926227
2025,3,삼성1동,11680580,246069,188426,303712,1944629
2025,3,삼성2동,11680590,153563,155753,151373,1242271
2025,3,삼성동,11620745,111606,103978,119234,2604386
2025,3,삼양동,11305534,78380,93070,63690,924092
2025,3,삼전동,11710610,141061,164656,117465,953338
2025,3,삼청동,11110540,136543,178565,94522,1479255
2025,3,상계10동,11350720,148897,228870,68924,809214
2025,3,상계1동,11350630,88361,117548,59174,5402614
2025,3,상계2동,11350640,214664,333387,95941,623125
2025,3,상계34동,11350665,96186,103938,88435,5211708
2025,3,상계5동,11350670,88159,126327,49991,906891
2025,3,상계67동,11350695,138403,183917,92890,1450295
2025,3,상계8동,11350700,115459,156910,74009,666348
2025,3,상계9동,11350710,135380,193648,77111,719445
2025,3,상도1동,11590530,114688,137852,91524,1488648
2025,3,상도2동,11590540,158687,176343,141031,772865
2025,3,상도3동,11590550,130095,157844,102347,637199
2025,3,상도4동,11590560,102237,137445,67029,939562
2025,3,상봉1동,11260580,102570,145822,59318,854219
2025,3,상봉2동,11260590,115657,135636,95679,677445
2025,3,상암동,11440740,201049,246377,155721,8402415
2025,3,상일동,11740520,154307,189710,118904,1813623
2025,3,서강동,11440655,208456,239505,177406,1478577
2025,3,서교동,11440660,200767,231197,170338,1678981
2025,3,서림동,11620665,113253,105740,120765,941252
2025,3,서빙고동,11170690,76981,86248,67715,2821948
2025,3,서원동,11620645,173323,246505,100141,647532
2025,3,서초1동,11650510,147376,167500,127252,1382685
2025,3,서초2동,11650520,213028,246962,179094,1230924
2025,3,서초3동,11650530,167236,195682,138791,2998572
2025,3,서초4동,11650531,161648,206473,116822,879773
2025,3,석관동,11290810,84023,97259,70788,1705061
2025,3,석촌동,11710600,132526,168731,96320,946914
2025,3,성내1동,11740640,121397,148108,94687,663675
2025,3,성내2동,11740650,152303,174932,129675,625147
2025,3,성내3동,11740660,120986,138983,102989,647356
2025,3,성북동,11290525,115878,137641,94114,2879912
2025,3,성산1동,11440720,174166,204965,143366,859254
2025,3,성산2동,11440730,195102,226125,164078,1978724
2025,3,성수1가1동,11200650,108420,127858,88981,1885875
2025,3,성수1가2동,11200660,166096,173950,158242,930086
2025,3,성수2가1동,11200670,108354,121567,95141,1184964
2025,3,성수2가3동,11200690,149777,161172,138383,1054501
2025,3,성현동,11620565,78548,98803,58294,678223
2025,3,세곡동,11680700,197267,239413,155121,6367772
2025,3,소공동,11140520,190594,182907,198280,943795
2025,3,송정동,11200720,90596,106626,74565,681916
2025,3,송중동,11305545,119791,135731,103852,1075796
2025,3,송천동,11305555,89595,125511,53679,929913
2025,3,송파1동,11710580,123848,157753,89944,686925
2025,3,송파2동,11710590,101954,139875,64033,631023
2025,3,수궁동,11530790,108828,129805,87851,2661352
2025,3,수색동,11380650,104130,153621,54638,1290258
2025,3,수서동,11680750,193257,242295,144220,1629403
2025,3,수유1동,11305615,76436,95584,57287,1649963
2025,3,수유2동,11305625,64612,95553,33671,581617
2025,3,수유3동,11305635,95738,119743,71732,745645
2025,3,숭인1동,11110700,110062,131201,88923,239396
2025,3,숭인2동,11110710,153828,182743,124913,351906
2025,3,시흥1동,11545670,101529,149035,54023,1524148
2025,3,시흥2동,11545680,94418,104787,84049,1308882
2025,3,시흥3동,11545690,65147,91723,38570,1261391
2025,3,시흥4동,11545700,104672,156843,52501,821709
2025,3,시흥5동,11545710,83106,122253,43958,1386972
2025,3,신길1동,11560630,94555,127601,61509,722925
2025,3,신길3동,11560650,144068,137177,150959,520083
2025,3,신길4동,11560660,103287,129441,77132,292127
2025,3,신길5동,11560670,,,,494653
2025,3,신길6동,11560680,113689,143089,84289,653511
2025,3,신길7동,11560690,140287,152329,128246,642487
2025,3,신내1동,11260680,85128,111379,58877,2606949
2025,3,신내2동,11260690,101896,146354,57438,911281
2025,3,신당5동,11140650,136336,131473,141198,319706
2025,3,신당동,11140615,386743,335738,437748,534942
2025,3,신대방1동,11590670,87700,120964,54436,675281
2025,3,신대방2동,11590680,148137,201921,94352,977033
2025,3,신도림동,11530510,182927,198210,167644,1392788
2025,3,신림동,11620695,132370,158119,106620,541240
2025,3,신사1동,11380631,98276,120015,76538,808314
2025,3,신사2동,11380632,87135,120533,53737,1046222
2025,3,신사동,11620685,112489,136656,88322,641031
2025,3,신사동,11680510,176205,226251,126159,2059234
2025,3,신수동,11440630,160842,142615,179069,797879
2025,3,신원동,11620655,85051,109376,60726,544977
2025,3,신월1동,11470560,94893,131777,58010,622400
2025,3,신월2동,11470570,111696,114093,109299,606811
2025,3,신월3동,11470580,89766,96581,82950,918039
2025,3,신월4동,11470590,104087,128142,80032,469873
2025,3,신월5동,11470600,96325,110969,81681,638302
2025,3,신월6동,11470610,133488,138379,128597,444286
2025,3,신월7동,11470611,99497,79177,119816,1230628
2025,3,신정1동,11470620,115276,148308,82245,747568
2025,3,신정2동,11470630,137973,203761,72186,525899
2025,3,신정3동,11470640,117033,127366,106701,2756536
2025,3,신정4동,11470650,127886,129919,125852,997144
2025,3,신정6동,11470670,161631,234038,89224,940885
2025,3,신정7동,11470680,130254,166822,93687,1234130
2025,3,신촌동,11410585,166237,202152,130322,2720364
2025,3,쌍문1동,11320660,80935,82947,78923,1175774
2025,3,쌍문2동,11320670,91862,120417,63307,541193
2025,3,쌍문3동,11320680,98573,128463,68682,504805
2025,3,쌍문4동,11320681,100940,121114,80765,554868
2025,3,아현동,11440555,209623,227103,192143,744328
2025,3,안암동,11290600,111466,142770,80163,1379571
2025,3,암사1동,11740570,152797,176995,128599,735480
2025,3,암사2동,11740580,178627,186971,170282,2174329
2025,3,암사3동,11740590,212058,241380,182735,1799368
2025,3,압구정동,11680545,222450,312120,132780,2345057
2025,3,약수동,11140635,210761,231906,189617,486369
2025,3,양재1동,11650651,130462,171798,89125,5765358
2025,3,양재2동,11650652,117642,138583,96700,7562268
2025,3,양평1동,11560610,155302,143511,167092,974912
2025,3,양평2동,11560620,156014,171093,140935,2874596
2025,3,여의동,11560540,196818,248641,144996,8437543
2025,3,역삼1동,11680640,176040,189373,162706,2362133
2025,3,역삼2동,11680650,187681,231982,143380,1135029
2025,3,역촌동,11380625,86358,112805,59910,1157542
2025,3,연남동,11440710,204379,225611,183146,647438
2025,3,연희동,11410615,122949,132794,113104,2929172
2025,3,염리동,11440610,146246,159496,132996,491468
2025,3,염창동,11500510,134147,145128,123166,1732856
2025,3,영등포동,11560535,147794,180026,115562,1372094
2025,3,영등포본동,11560515,131152,108847,153456,846370
2025,3,오금동,11710570,87077,105463,68690,1648868
2025,3,오류1동,11530770,139331,148668,129994,727414
2025,3,오류2동,11530780,162154,187374,136934,3061018
2025,3,오륜동,11710566,209809,256491,163127,3085088
2025,3,옥수동,11200645,136723,151117,122328,1922027
2025,3,왕십리2동,11200520,120547,146390,94703,372425
2025,3,왕십리도선동,11200535,144843,151409,138277,710285
2025,3,용강동,11440590,186371,239406,133336,790602
2025,3,용답동,11200790,125558,148558,102559,2377148
2025,3,용문동,11170590,107732,141752,73712,277531
2025,3,용산2가동,11170520,105907,132054,79761,1966853
2025,3,용신동,11230536,94022,114339,73705,1618399
2025,3,우이동,11305645,95282,103849,86715,10587752
2025,3,우장산동,11500615,135042,137970,132114,1261588
2025,3,원효로1동,11170560,105465,118236,92693,589017
2025,3,원효로2동,11170570,90689,102564,78813,708975
2025,3,월계1동,11350560,97884,133836,61931,1107461
2025,3,월계2동,11350570,81914,109245,54583,2004785
2025,3,월계3동,11350580,135444,154792,116097,1168283
2025,3,월곡1동,11290715,77791,99361,56220,801757
2025,3,월곡2동,11290725,81526,101397,61655,1364901
2025,3,위례동,11710647,156189,210001,102377,2537372
2025,3,은천동,11620605,107827,132354,83300,776212
2025,3,을지로동,11140605,177770,236290,119251,611524
2025,3,응봉동,11200580,83647,84362,82932,553662
2025,3,응암1동,11380580,112433,159746,65120,1109863
2025,3,응암2동,11380590,88733,112323,65143,755247
2025,3,응암3동,11380600,91878,101073,82682,752773
2025,3,이문1동,11230740,125056,147901,102210,1039602
2025,3,이문2동,11230750,94996,122692,67300,723890
2025,3,이촌1동,11170630,220111,283450,156771,2872767
2025,3,이촌2동,11170640,94868,78006,111730,1205543
2025,3,이태원1동,11170650,171463,205718,137209,582899
2025,3,이태원2동,11170660,134530,171546,97513,874243
2025,3,이화동,11110640,117433,158011,76855,782395
2025,3,인수동,11305660,84048,80507,87589,2998011
2025,3,인헌동,11620625,122849,174885,70813,1089078
2025,3,일원1동,11680730,103422,105709,101135,953471
2025,3,일원2동,11680740,166460,,166460,1300290
2025,3,일원본동,11680720,98629,,98629,2354625
2025,3,자양1동,11215820,109925,139738,80112,568868
2025,3,자양2동,11215830,93088,109984,76193,1657523
2025,3,자양3동,11215840,147616,217210,78022,1196419
2025,3,자양4동,11215847,123659,133537,113780,1180023
2025,3,잠실2동,11710670,326427,436296,216558,2686850
2025,3,잠실3동,11710680,250947,334531,167363,1542643
2025,3,잠실4동,11710690,404752,612697,196806,780204
2025,3,잠실6동,11710710,174231,225845,122616,1508001
2025,3,잠실7동,11710720,112310,176392,48228,723486
2025,3,잠실본동,11710650,136153,173059,99246,1028997
2025,3,잠원동,11650540,135394,164601,106187,1756867
2025,3,장안1동,11230650,103829,134733,72925,1342167
2025,3,장안2동,11230660,85857,116691,55023,996640
2025,3,장위1동,11290760,87717,112888,62545,708546
2025,3,장위2동,11290770,101479,144415,58543,679894
2025,3,장위3동,11290780,121110,178750,63470,652601
2025,3,장지동,11710646,107653,130802,84504,1278355
2025,3,장충동,11140580,140405,155536,125274,1017925
2025,3,전농1동,11230560,115557,136455,94658,1126695
2025,3,전농2동,11230570,79546,110787,48304,977568
2025,3,정릉1동,11290620,127189,179480,74899,412365
2025,3,정릉2동,11290630,83950,102419,65480,1094889
2025,3,정릉3동,11290640,89063,136891,41235,3327126
2025,3,정릉4동,11290650,100935,114165,87705,3570914
2025,3,제기동,11230545,110129,156128,64131,1181705
2025,3,조원동,11620725,97980,136070,59890,666607
2025,3,종로1234가동,11110615,207284,273879,140688,2417171
2025,3,종로56가동,11110630,280104,268698,291510,603167
2025,3,종암동,11290705,98746,127217,70274,1404527
2025,3,중계1동,11350621,145476,188732,102220,623451
2025,3,중계23동,11350625,126885,171117,82652,919083
2025,3,중계4동,11350624,135759,191700,79818,1519449
2025,3,중계본동,11350619,106274,136181,76368,2183234
2025,3,중곡1동,11215740,101113,133212,69014,614505
2025,3,중곡2동,11215750,99895,131960,67830,545542
2025,3,중곡3동,11215760,77846,95558,60134,601866
2025,3,중곡4동,11215770,100089,127710,72468,2313468
2025,3,중림동,11140680,188692,182547,194837,484384
2025,3,중앙동,11620615,120488,138965,102011,384728
2025,3,중화1동,11260600,65448,88276,42620,641493
2025,3,중화2동,11260610,100074,128222,71927,1016955
2025,3,증산동,11380640,87821,115237,60405,807409
2025,3,진관동,11380690,122815,137083,108546,11565110
2025,3,창1동,11320511,91209,118780,63638,1122171
2025,3,창2동,11320512,69040,93480,44599,654442
2025,3,창3동,11320513,72623,89593,55654,655485
2025,3,창4동,11320514,147558,222928,72188,1140172
2025,3,창5동,11320515,116109,152645,79574,701480
2025,3,창신1동,11110670,196065,227438,164692,305337
2025,3,창신2동,11110680,108751,139150,78353,257323
2025,3,창신3동,11110690,91054,115646,66463,216835
2025,3,천연동,11410520,147106,189210,105002,982817
2025,3,천호1동,11740600,147812,134169,161454,668998
2025,3,천호2동,11740610,144369,165573,123166,1850853
2025,3,천호3동,11740620,157702,159103,156302,561872
2025,3,청구동,11140645,126153,138890,113416,342571
2025,3,청담동,11680565,161539,178893,144185,2329217
2025,3,청량리동,11230705,89163,93564,84762,1204398
2025,3,청룡동,11620595,137614,164833,110395,1195604
2025,3,청림동,11620545,87457,94098,80815,297155
2025,3,청운효자동,11110515,123337,166061,80613,2568432
2025,3,청파동,11170555,110884,138880,82887,886225
2025,3,충현동,11410565,158336,196153,120520,1116001
2025,3,평창동,11110560,98546,89655,107438,8947328
2025,3,풍납1동,11710510,95398,144210,46587,1075294
2025,3,풍납2동,11710520,96521,100360,92683,2564554
2025,3,필동,11140570,164549,177572,151526,1464686
2025,3,하계1동,11350611,100680,128729,72630,1527061
2025,3,하계2동,11350612,116768,161307,72229,500023
2025,3,한강로동,11170625,146498,170252,122743,2869816
2025,3,한남동,11170685,161928,208282,115574,3031897
2025,3,합정동,11440680,189642,185483,193801,1712389
2025,3,항동,11530800,225313,237490,213136,1446941
2025,3,행당1동,11200560,143407,154750,132064,573566
2025,3,행당2동,11200570,154160,186747,121574,457669
2025,3,행운동,11620575,133141,164034,102248,718235
2025,3,혜화동,11110650,129408,159029,99788,1132421
2025,3,홍은1동,11410660,131377,160196,102558,1615140
2025,3,홍은2동,11410685,140532,118907,162158,2075085
2025,3,홍제1동,11410620,157025,202202,111848,1235632
2025,3,홍제2동,11410655,159482,167219,151745,699978
2025,3,홍제3동,11410640,144773,120566,168980,1192508
2025,3,화곡1동,11500540,116642,142426,90858,1197746
2025,3,화곡2동,11500550,105882,117408,94357,454621
2025,3,화곡3동,11500560,116308,130000,102616,521858
2025,3,화곡4동,11500570,114274,151747,76801,852049
2025,3,화곡6동,11500591,113630,139475,87786,1037911
2025,3,화곡8동,11500593,141949,196300,87597,593322
2025,3,화곡본동,11500590,111046,139782,82309,972735
2025,3,화양동,11215710,141766,176186,107347,1166008
2025,3,황학동,11140670,149376,158626,140126,328640
2025,3,회기동,11230710,107979,154180,61779,766917
2025,3,회현동,11140540,367006,429203,304808,897827
2025,3,효창동,11170580,158655,135948,181362,446197
2025,3,후암동,11170510,101916,128882,74950,865892
2025,3,휘경1동,11230720,88321,107764,68878,521796
2025,3,휘경2동,11230730,106411,114330,98492,1113609
2025,3,흑석동,11590605,151502,168422,134583,1708306
2025,4,가락1동,11710631,,,,1393228
2025,4,가락2동,11710632,,,,932311
2025,4,가락본동,11710620,,,,1014738
2025,4,가리봉동,11530595,,,,410996
2025,4,가산동,11545510,,,,2512852
2025,4,가양1동,11500603,,,,4970691
2025,4,가양2동,11500604,,,,823874
2025,4,가양3동,11500605,,,,474228
2025,4,가회동,11110600,,,,539955
2025,4,갈현1동,11380551,,,,961071
2025,4,갈현2동,11380552,,,,985165
2025,4,강일동,11740515,,,,3647520
2025,4,개봉1동,11530740,,,,1320319
2025,4,개봉2동,11530750,,,,782524
2025,4,개봉3동,11530760,,,,828418
2025,4,개포1동,11680660,,,,1449952
2025,4,개포2동,11680670,,,,2243338
2025,4,개포4동,11680690,,,,1665461
2025,4,거여1동,11710531,,,,522308
2025,4,거여2동,11710532,,,,612901
2025,4,고덕1동,11740550,,,,1518495
2025,4,고덕2동,11740560,,,,2206786
2025,4,고척1동,11530720,,,,1151238
2025,4,고척2동,11530730,,,,1025572
2025,4,공덕동,11440565,,,,1019197
2025,4,공릉1동,11350595,,,,1263261
2025,4,공릉2동,11350600,,,,6983449
2025,4,공항동,11500620,,,,10861768
2025,4,광장동,11215810,,,,2393761
2025,4,광희동,11140590,,,,737204
2025,4,교남동,11110580,,,,346926
2025,4,구로1동,11530520,,,,1008892
2025,4,구로2동,11530530,,,,1703350
2025,4,구로3동,11530540,,,,1040120
2025,4,구로4동,11530550,,,,524507
2025,4,구로5동,11530560,,,,1012473
2025,4,구산동,11380560,,,,1389775
2025,4,구의1동,11215850,,,,565313
2025,4,구의2동,11215860,,,,1388041
2025,4,구의3동,11215870,,,,1027561
2025,4,군자동,11215730,,,,738025
2025,4,금호1가동,11200590,,,,444872
2025,4,금호23가동,11200615,,,,631196
2025,4,금호4가동,11200620,,,,832333
2025,4,길동,11740685,,,,1631616
2025,4,길음1동,11290660,,,,797310
2025,4,길음2동,11290685,,,,588002
2025,4,낙성대동,11620585,,,,2262818
2025,4,난곡동,11620775,,,,972373
2025,4,난향동,11620715,,,,821397
2025,4,남가좌1동,11410690,,,,475536
2025,4,남가좌2동,11410700,,,,783775
2025,4,남영동,11170530,,,,1177788
2025,4,남현동,11620630,,,,3281024
2025,4,내곡동,11650660,,,,12708880
2025,4,노량진1동,11590510,,,,1613446
2025,4,노량진2동,11590520,,,,600568
2025,4,녹번동,11380510,,,,1794215
2025,4,논현1동,11680521,,,,1258744
2025,4,논현2동,11680531,,,,1458524
2025,4,능동,11215780,,,,1092105
2025,4,다산동,11140625,,,,523971
2025,4,답십리1동,11230600,,,,788242
2025,4,답십리2동,11230610,,,,875745
2025,4,당산1동,11560550,,,,745305
2025,4,당산2동,11560560,,,,1581310
2025,4,대림1동,11560700,,,,498978
2025,4,대림2동,11560710,,,,572540
2025,4,대림3동,11560720,,,,921696
2025,4,대방동,11590660,,,,1544903
2025,4,대조동,11380570,,,,851692
2025,4,대치1동,11680600,,,,809823
2025,4,대치2동,11680610,,,,1837367
2025,4,대치4동,11680630,,,,701081
2025,4,대학동,11620735,,,,8405183
2025,4,대흥동,11440600,,,,858570
2025,4,도곡1동,11680655,,,,1050609
2025,4,도곡2동,11680656,,,,990763
2025,4,도림동,11560585,,,,585885
2025,4,도봉1동,11320521,,,,8451468
2025,4,도봉2동,11320522,,,,1119031
2025,4,도화동,11440585,,,,625018
2025,4,독산1동,11545610,,,,2061921
2025,4,독산2동,11545620,,,,617174
2025,4,독산3동,11545630,,,,934985
2025,4,독산4동,11545640,,,,591045
2025,4,돈암1동,11290580,,,,488898
2025,4,돈암2동,11290590,,,,518335
2025,4,동선동,11290575,,,,724957
2025,4,동화동,11140665,,,,327045
2025,4,둔촌1동,11740690,,,,912178
2025,4,둔촌2동,11740700,,,,1550455
2025,4,등촌1동,11500520,,,,650741
2025,4,등촌2동,11500530,,,,910666
2025,4,등촌3동,11500535,,,,1060362
2025,4,마장동,11200540,,,,1035276
2025,4,마천1동,11710540,,,,575258
2025,4,마천2동,11710550,,,,890688
2025,4,망우3동,11260660,,,,962561
2025,4,망우본동,11260655,,,,2948109
2025,4,망원1동,11440690,,,,1101005
2025,4,망원2동,11440700,,,,676411
2025,4,면목2동,11260520,,,,763122
2025,4,면목38동,11260575,,,,1614117
2025,4,면목4동,11260540,,,,843466
2025,4,면목5동,11260550,,,,704936
2025,4,면목7동,11260570,,,,1236134
2025,4,면목본동,11260565,,,,849019
2025,4,명동,11140550,,,,969729
2025,4,명일1동,11740530,,,,634942
2025,4,명일2동,11740540,,,,914329
2025,4,목1동,11470510,,,,1433111
2025,4,목2동,11470520,,,,1021355
2025,4,목3동,11470530,,,,531850
2025,4,목4동,11470540,,,,577493
2025,4,목5동,11470550,,,,1766361
2025,4,무악동,11110570,,,,369520
2025,4,묵1동,11260620,,,,1238436
2025,4,묵2동,11260630,,,,669204
2025,4,문래동,11560605,,,,1786708
2025,4,문정1동,11710641,,,,612546
2025,4,문정2동,11710642,,,,2242033
2025,4,미성동,11620765,,,,1359429
2025,4,미아동,11305535,,,,841204
2025,4,반포1동,11650560,,,,992368
2025,4,반포2동,11650570,,,,1396031
2025,4,반포3동,11650580,,,,1251708
2025,4,반포4동,11650581,,,,1427141
2025,4,반포본동,11650550,,,,972536
2025,4,발산1동,11500611,,,,2887669
2025,4,방배1동,11650600,,,,689244
2025,4,방배2동,11650610,,,,1904030
2025,4,방배3동,11650620,,,,2375134
2025,4,방배4동,11650621,,,,949527
2025,4,방배본동,11650590,,,,677510
2025,4,방이1동,11710561,,,,609259
2025,4,방이2동,11710562,,,,769841
2025,4,방학1동,11320690,,,,1040857
2025,4,방학2동,11320700,,,,1092814
2025,4,방학3동,11320710,,,,1951026
2025,4,방화1동,11500630,,,,1475606
2025,4,방화2동,11500640,,,,6157541
2025,4,방화3동,11500641,,,,2558908
2025,4,번1동,11305595,,,,627036
2025,4,번2동,11305603,,,,974298
2025,4,번3동,11305608,,,,1081177
2025,4,보광동,11170700,,,,715096
2025,4,보라매동,11620525,,,,750225
2025,4,보문동,11290610,,,,553006
2025,4,부암동,11110550,,,,2274739
2025,4,북가좌1동,11410710,,,,577979
2025,4,북가좌2동,11410720,,,,824866
2025,4,북아현동,11410555,,,,458945
2025,4,불광1동,11380520,,,,3124927
2025,4,불광2동,11380530,,,,1396089
2025,4,사근동,11200550,,,,1169216
2025,4,사당1동,11590620,,,,635172
2025,4,사당2동,11590630,,,,2763201
2025,4,사당3동,11590640,,,,907684
2025,4,사당4동,11590650,,,,436148
2025,4,사당5동,11590651,,,,682199
2025,4,사직동,11110530,,,,1158536
2025,4,삼각산동,11305575,,,,621911
2025,4,삼선동,11290555,,,,926227
2025,4,삼성1동,11680580,,,,1944629
2025,4,삼성2동,11680590,,,,1242271
2025,4,삼성동,11620745,,,,2604386
2025,4,삼양동,11305534,,,,924092
2025,4,삼전동,11710610,,,,953338
2025,4,삼청동,11110540,,,,1479255
2025,4,상계10동,11350720,,,,809214
2025,4,상계1동,11350630,,,,5402614
2025,4,상계2동,11350640,,,,623125
2025,4,상계34동,11350665,,,,5211708
2025,4,상계5동,11350670,,,,906891
2025,4,상계67동,11350695,,,,1450295
2025,4,상계8동,11350700,,,,666348
2025,4,상계9동,11350710,,,,719445
2025,4,상도1동,11590530,,,,1488648
2025,4,상도2동,11590540,,,,772865
2025,4,상도3동,11590550,,,,637199
2025,4,상도4동,11590560,,,,939562
2025,4,상봉1동,11260580,,,,854219
2025,4,상봉2동,11260590,,,,677445
2025,4,상암동,11440740,,,,8402415
2025,4,상일동,11740520,,,,1813623
2025,4,서강동,11440655,,,,1478577
2025,4,서교동,11440660,,,,1678981
2025,4,서림동,11620665,,,,941252
2025,4,서빙고동,11170690,,,,2821948
2025,4,서원동,11620645,,,,647532
2025,4,서초1동,11650510,,,,1382685
2025,4,서초2동,11650520,,,,1230924
2025,4,서초3동,11650530,,,,2998572
2025,4,서초4동,11650531,,,,879773
2025,4,석관동,11290810,,,,1705061
2025,4,석촌동,11710600,,,,946914
2025,4,성내1동,11740640,,,,663675
2025,4,성내2동,11740650,,,,625147
2025,4,성내3동,11740660,,,,647356
2025,4,성북동,11290525,,,,2879912
2025,4,성산1동,11440720,,,,859254
2025,4,성산2동,11440730,,,,1978724
2025,4,성수1가1동,11200650,,,,1885875
2025,4,성수1가2동,11200660,,,,930086
2025,4,성수2가1동,11200670,,,,1184964
2025,4,성수2가3동,11200690,,,,1054501
2025,4,성현동,11620565,,,,678223
2025,4,세곡동,11680700,,,,6367772
2025,4,소공동,11140520,,,,943795
2025,4,송정동,11200720,,,,681916
2025,4,송중동,11305545,,,,1075796
2025,4,송천동,11305555,,,,929913
2025,4,송파1동,11710580,,,,686925
2025,4,송파2동,11710590,,,,631023
2025,4,수궁동,11530790,,,,2661352
2025,4,수색동,11380650,,,,1290258
2025,4,수서동,11680750,,,,1629403
2025,4,수유1동,11305615,,,,1649963
2025,4,수유2동,11305625,,,,581617
2025,4,수유3동,11305635,,,,745645
2025,4,숭인1동,11110700,,,,239396
2025,4,숭인2동,11110710,,,,351906
2025,4,시흥1동,11545670,,,,1524148
2025,4,시흥2동,11545680,,,,1308882
2025,4,시흥3동,11545690,,,,1261391
2025,4,시흥4동,11545700,,,,821709
2025,4,시흥5동,11545710,,,,1386972
2025,4,신길1동,11560630,,,,722925
2025,4,신길3동,11560650,,,,520083
2025,4,신길4동,11560660,,,,292127
2025,4,신길5동,11560670,,,,494653
2025,4,신길6동,11560680,,,,653511
2025,4,신길7동,11560690,,,,642487
2025,4,신내1동,11260680,,,,2606949
2025,4,신내2동,11260690,,,,911281
2025,4,신당5동,11140650,,,,319706
2025,4,신당동,11140615,,,,534942
2025,4,신대방1동,11590670,,,,675281
2025,4,신대방2동,11590680,,,,977033
2025,4,신도림동,11530510,,,,1392788
2025,4,신림동,11620695,,,,541240
2025,4,신사1동,11380631,,,,808314
2025,4,신사2동,11380632,,,,1046222
2025,4,신사동,11620685,,,,641031
2025,4,신사동,11680510,,,,2059234
2025,4,신수동,11440630,,,,797879
2025,4,신원동,11620655,,,,544977
2025,4,신월1동,11470560,,,,622400
2025,4,신월2동,11470570,,,,606811
2025,4,신월3동,11470580,,,,918039
2025,4,신월4동,11470590,,,,469873
2025,4,신월5동,11470600,,,,638302
2025,4,신월6동,11470610,,,,444286
2025,4,신월7동,11470611,,,,1230628
2025,4,신정1동,11470620,,,,747568
2025,4,신정2동,11470630,,,,525899
2025,4,신정3동,11470640,,,,2756536
2025,4,신정4동,11470650,,,,997144
2025,4,신정6동,11470670,,,,940885
2025,4,신정7동,11470680,,,,1234130
2025,4,신촌동,11410585,,,,2720364
2025,4,쌍문1동,11320660,,,,1175774
2025,4,쌍문2동,11320670,,,,541193
2025,4,쌍문3동,11320680,,,,504805
2025,4,쌍문4동,11320681,,,,554868
2025,4,아현동,11440555,,,,744328
2025,4,안암동,11290600,,,,1379571
2025,4,암사1동,11740570,,,,735480
2025,4,암사2동,11740580,,,,2174329
2025,4,암사3동,11740590,,,,1799368
2025,4,압구정동,11680545,,,,2345057
2025,4,약수동,11140635,,,,486369
2025,4,양재1동,11650651,,,,5765358
2025,4,양재2동,11650652,,,,7562268
2025,4,양평1동,11560610,,,,974912
2025,4,양평2동,11560620,,,,2874596
2025,4,여의동,11560540,,,,8437543
2025,4,역삼1동,11680640,,,,2362133
2025,4,역삼2동,11680650,,,,1135029
2025,4,역촌동,11380625,,,,1157542
2025,4,연남동,11440710,,,,647438
2025,4,연희동,11410615,,,,2929172
2025,4,염리동,11440610,,,,491468
2025,4,염창동,11500510,,,,1732856
2025,4,영등포동,11560535,,,,1372094
2025,4,영등포본동,11560515,,,,846370
2025,4,오금동,11710570,,,,1648868
2025,4,오류1동,11530770,,,,727414
2025,4,오류2동,11530780,,,,3061018
2025,4,오륜동,11710566,,,,3085088
2025,4,옥수동,11200645,,,,1922027
2025,4,왕십리2동,11200520,,,,372425
2025,4,왕십리도선동,11200535,,,,710285
2025,4,용강동,11440590,,,,790602
2025,4,용답동,11200790,,,,2377148
2025,4,용문동,11170590,,,,277531
2025,4,용산2가동,11170520,,,,1966853
2025,4,용신동,11230536,,,,1618399
2025,4,우이동,11305645,,,,10587752
2025,4,우장산동,11500615,,,,1261588
2025,4,원효로1동,11170560,,,,589017
2025,4,원효로2동,11170570,,,,708975
2025,4,월계1동,11350560,,,,1107461
2025,4,월계2동,11350570,,,,2004785
2025,4,월계3동,11350580,,,,1168283
2025,4,월곡1동,11290715,,,,801757
2025,4,월곡2동,11290725,,,,1364901
2025,4,위례동,11710647,,,,2537372
2025,4,은천동,11620605,,,,776212
2025,4,을지로동,11140605,,,,611524
2025,4,응봉동,11200580,,,,553662
2025,4,응암1동,11380580,,,,1109863
2025,4,응암2동,11380590,,,,755247
2025,4,응암3동,11380600,,,,752773
2025,4,이문1동,11230740,,,,1039602
2025,4,이문2동,11230750,,,,723890
2025,4,이촌1동,11170630,,,,2872767
2025,4,이촌2동,11170640,,,,1205543
2025,4,이태원1동,11170650,,,,582899
2025,4,이태원2동,11170660,,,,874243
2025,4,이화동,11110640,,,,782395
2025,4,인수동,11305660,,,,2998011
2025,4,인헌동,11620625,,,,1089078
2025,4,일원1동,11680730,,,,953471
2025,4,일원2동,11680740,,,,1300290
2025,4,일원본동,11680720,,,,2354625
2025,4,자양1동,11215820,,,,568868
2025,4,자양2동,11215830,,,,1657523
2025,4,자양3동,11215840,,,,1196419
2025,4,자양4동,11215847,,,,1180023
2025,4,잠실2동,11710670,,,,2686850
2025,4,잠실3동,11710680,,,,1542643
2025,4,잠실4동,11710690,,,,780204
2025,4,잠실6동,11710710,,,,1508001
2025,4,잠실7동,11710720,,,,723486
2025,4,잠실본동,11710650,,,,1028997
2025,4,잠원동,11650540,,,,1756867
2025,4,장안1동,11230650,,,,1342167
2025,4,장안2동,11230660,,,,996640
2025,4,장위1동,11290760,,,,708546
2025,4,장위2동,11290770,,,,679894
2025,4,장위3동,11290780,,,,652601
2025,4,장지동,11710646,,,,1278355
2025,4,장충동,11140580,,,,1017925
2025,4,전농1동,11230560,,,,1126695
2025,4,전농2동,11230570,,,,977568
2025,4,정릉1동,11290620,,,,412365
2025,4,정릉2동,11290630,,,,1094889
2025,4,정릉3동,11290640,,,,3327126
2025,4,정릉4동,11290650,,,,3570914
2025,4,제기동,11230545,,,,1181705
2025,4,조원동,11620725,,,,666607
2025,4,종로1234가동,11110615,,,,2417171
2025,4,종로56가동,11110630,,,,603167
2025,4,종암동,11290705,,,,1404527
2025,4,중계1동,11350621,,,,623451
2025,4,중계23동,11350625,,,,919083
2025,4,중계4동,11350624,,,,1519449
2025,4,중계본동,11350619,,,,2183234
2025,4,중곡1동,11215740,,,,614505
2025,4,중곡2동,11215750,,,,545542
2025,4,중곡3동,11215760,,,,601866
2025,4,중곡4동,11215770,,,,2313468
2025,4,중림동,11140680,,,,484384
2025,4,중앙동,11620615,,,,384728
2025,4,중화1동,11260600,,,,641493
2025,4,중화2동,11260610,,,,1016955
2025,4,증산동,11380640,,,,807409
2025,4,진관동,11380690,,,,11565110
2025,4,창1동,11320511,,,,1122171
2025,4,창2동,11320512,,,,654442
2025,4,창3동,11320513,,,,655485
2025,4,창4동,11320514,,,,1140172
2025,4,창5동,11320515,,,,701480
2025,4,창신1동,11110670,,,,305337
2025,4,창신2동,11110680,,,,257323
2025,4,창신3동,11110690,,,,216835
2025,4,천연동,11410520,,,,982817
2025,4,천호1동,11740600,,,,668998
2025,4,천호2동,11740610,,,,1850853
2025,4,천호3동,11740620,,,,561872
2025,4,청구동,11140645,,,,342571
2025,4,청담동,11680565,,,,2329217
2025,4,청량리동,11230705,,,,1204398
2025,4,청룡동,11620595,,,,1195604
2025,4,청림동,11620545,,,,297155
2025,4,청운효자동,11110515,,,,2568432
2025,4,청파동,11170555,,,,886225
2025,4,충현동,11410565,,,,1116001
2025,4,평창동,11110560,,,,8947328
2025,4,풍납1동,11710510,,,,1075294
2025,4,풍납2동,11710520,,,,2564554
2025,4,필동,11140570,,,,1464686
2025,4,하계1동,11350611,,,,1527061
2025,4,하계2동,11350612,,,,500023
2025,4,한강로동,11170625,,,,2869816
2025,4,한남동,11170685,,,,3031897
2025,4,합정동,11440680,,,,1712389
2025,4,항동,11530800,,,,1446941
2025,4,행당1동,11200560,,,,573566
2025,4,행당2동,11200570,,,,457669
2025,4,행운동,11620575,,,,718235
2025,4,혜화동,11110650,,,,1132421
2025,4,홍은1동,11410660,,,,1615140
2025,4,홍은2동,11410685,,,,2075085
2025,4,홍제1동,11410620,,,,1235632
2025,4,홍제2동,11410655,,,,699978
2025,4,홍제3동,11410640,,,,1192508
2025,4,화곡1동,11500540,,,,1197746
2025,4,화곡2동,11500550,,,,454621
2025,4,화곡3동,11500560,,,,521858
2025,4,화곡4동,11500570,,,,852049
2025,4,화곡6동,11500591,,,,1037911
2025,4,화곡8동,11500593,,,,593322
2025,4,화곡본동,11500590,,,,972735
2025,4,화양동,11215710,,,,1166008
2025,4,황학동,11140670,,,,328640
2025,4,회기동,11230710,,,,766917
2025,4,회현동,11140540,,,,897827
2025,4,효창동,11170580,,,,446197
2025,4,후암동,11170510,,,,865892
2025,4,휘경1동,11230720,,,,521796
2025,4,휘경2동,11230730,,,,1113609
2025,4,흑석동,11590605,,,,1708306
