연도,분기,행정동_코드,행정동_코드_명,점포_수,유사_업종_점포_수,개업_점포_수,폐업_점포_수,프랜차이즈_점포_수
2020,1,11110515,청운효자동,781,805,31,27,24
2020,1,11110530,사직동,2466,2654,79,73,188
2020,1,11110540,삼청동,634,680,21,17,46
2020,1,11110550,부암동,422,454,16,11,32
2020,1,11110560,평창동,616,653,15,17,37
2020,1,11110570,무악동,162,184,6,3,22
2020,1,11110580,교남동,303,363,21,15,60
2020,1,11110600,가회동,532,583,14,18,51
2020,1,11110615,종로1·2·3·4가동,9960,10540,248,235,580
2020,1,11110630,종로5·6가동,1882,1974,63,47,92
2020,1,11110640,이화동,654,787,25,27,133
2020,1,11110650,혜화동,1267,1468,59,51,201
2020,1,11110670,창신1동,1760,1807,57,44,47
2020,1,11110680,창신2동,375,399,23,13,24
2020,1,11110690,창신3동,158,177,6,4,19
2020,1,11110700,숭인1동,251,279,8,11,28
2020,1,11110710,숭인2동,846,918,29,22,72
2020,1,11140520,소공동,2747,2996,75,55,249
2020,1,11140540,회현동,5224,5455,134,164,231
2020,1,11140550,명동,4153,4697,120,102,544
2020,1,11140570,필동,1077,1214,31,40,137
2020,1,11140580,장충동,491,523,20,14,32
2020,1,11140590,광희동,5572,5848,164,169,276
2020,1,11140605,을지로동,2683,2795,75,67,112
2020,1,11140615,신당동,11712,11829,498,393,117
2020,1,11140625,다산동,775,851,25,23,76
2020,1,11140635,약수동,623,689,20,17,66
2020,1,11140645,청구동,490,525,17,8,35
2020,1,11140650,신당5동,680,728,30,25,48
2020,1,11140665,동화동,502,542,20,10,40
2020,1,11140670,황학동,1295,1366,43,31,71
2020,1,11140680,중림동,635,704,21,26,69
2020,1,11170510,후암동,738,782,35,29,44
2020,1,11170520,용산2가동,522,562,21,16,40
2020,1,11170530,남영동,1124,1278,38,41,154
2020,1,11170555,청파동,1055,1192,44,38,137
2020,1,11170560,원효로1동,1576,1659,41,43,83
2020,1,11170570,원효로2동,884,922,25,31,38
2020,1,11170580,효창동,304,329,16,9,25
2020,1,11170590,용문동,490,528,17,18,38
2020,1,11170625,한강로동,4536,4819,134,129,283
2020,1,11170630,이촌1동,759,834,26,15,75
2020,1,11170640,이촌2동,257,273,9,10,16
2020,1,11170650,이태원1동,1520,1600,44,76,80
2020,1,11170660,이태원2동,756,796,32,46,40
2020,1,11170685,한남동,2043,2171,109,69,128
2020,1,11170690,서빙고동,345,369,15,7,24
2020,1,11170700,보광동,708,749,32,28,41
2020,1,11200520,왕십리2동,460,520,16,15,60
2020,1,11200535,왕십리도선동,1630,1791,71,49,161
2020,1,11200540,마장동,2273,2330,47,48,57
2020,1,11200550,사근동,701,893,43,25,192
2020,1,11200560,행당1동,1052,1201,39,46,149
2020,1,11200570,행당2동,471,530,17,11,59
2020,1,11200580,응봉동,277,296,8,4,19
2020,1,11200590,금호1가동,408,450,16,17,42
2020,1,11200615,금호2·3가동,775,842,29,24,67
2020,1,11200620,금호4가동,497,552,16,10,55
2020,1,11200645,옥수동,749,825,39,24,76
2020,1,11200650,성수1가1동,911,977,50,26,66
2020,1,11200660,성수1가2동,1517,1629,79,31,112
2020,1,11200670,성수2가1동,1334,1433,69,46,99
2020,1,11200690,성수2가3동,2537,2726,127,60,189
2020,1,11200720,송정동,416,430,16,5,14
2020,1,11200790,용답동,1202,1274,39,37,72
2020,1,11215710,화양동,1913,2261,111,80,348
2020,1,11215730,군자동,1113,1233,35,33,120
2020,1,11215740,중곡1동,1041,1106,48,34,65
2020,1,11215750,중곡2동,1052,1130,44,39,78
2020,1,11215760,중곡3동,806,869,40,29,63
2020,1,11215770,중곡4동,977,1044,44,34,67
2020,1,11215780,능동,564,630,25,22,66
2020,1,11215810,광장동,998,1097,36,30,99
2020,1,11215820,자양1동,1187,1312,51,39,125
2020,1,11215830,자양2동,949,1038,31,25,89
2020,1,11215840,자양3동,1143,1281,56,33,138
2020,1,11215847,자양4동,1401,1522,59,44,121
2020,1,11215850,구의1동,1342,1462,58,47,120
2020,1,11215860,구의2동,857,937,34,32,80
2020,1,11215870,구의3동,2294,2508,79,71,214
2020,1,11230536,용신동,2470,2648,99,83,178
2020,1,11230545,제기동,3070,3139,78,84,69
2020,1,11230560,전농1동,1773,1948,74,56,175
2020,1,11230570,전농2동,542,618,26,22,76
2020,1,11230600,답십리1동,1045,1132,48,31,87
2020,1,11230610,답십리2동,1553,1634,46,43,81
2020,1,11230650,장안1동,2504,2691,112,84,187
2020,1,11230660,장안2동,1925,2160,88,75,235
2020,1,11230705,청량리동,1048,1105,44,42,57
2020,1,11230710,회기동,828,977,42,56,149
2020,1,11230720,휘경1동,629,711,18,30,82
2020,1,11230730,휘경2동,503,559,28,17,56
2020,1,11230740,이문1동,853,959,32,60,106
2020,1,11230750,이문2동,444,482,22,16,38
2020,1,11260520,면목2동,1037,1094,46,32,57
2020,1,11260540,면목4동,539,577,22,21,38
2020,1,11260550,면목5동,382,407,18,11,25
2020,1,11260565,면목본동,1479,1588,62,53,109
2020,1,11260570,면목7동,926,981,41,36,55
2020,1,11260575,면목3·8동,1258,1369,57,49,111
2020,1,11260580,상봉1동,765,855,47,25,90
2020,1,11260590,상봉2동,1363,1506,69,59,143
2020,1,11260600,중화1동,578,620,22,25,42
2020,1,11260610,중화2동,1186,1277,46,54,91
2020,1,11260620,묵1동,993,1101,32,28,108
2020,1,11260630,묵2동,857,915,20,21,58
2020,1,11260655,망우본동,1629,1775,62,73,146
2020,1,11260660,망우3동,511,547,21,18,36
2020,1,11260680,신내1동,1074,1203,49,29,129
2020,1,11260690,신내2동,620,710,25,27,90
2020,1,11290525,성북동,901,965,25,23,64
2020,1,11290555,삼선동,1325,1425,44,48,100
2020,1,11290575,동선동,1597,1850,76,76,253
2020,1,11290580,돈암1동,351,375,10,8,24
2020,1,11290590,돈암2동,404,439,23,11,35
2020,1,11290600,안암동,905,1082,40,33,177
2020,1,11290610,보문동,666,726,20,18,60
2020,1,11290620,정릉1동,516,568,32,19,52
2020,1,11290630,정릉2동,580,642,28,31,62
2020,1,11290640,정릉3동,427,482,21,20,55
2020,1,11290650,정릉4동,643,714,29,18,71
2020,1,11290660,길음1동,759,862,35,36,103
2020,1,11290685,길음2동,914,1008,67,25,94
2020,1,11290705,종암동,1230,1363,61,48,133
2020,1,11290715,월곡1동,791,869,35,28,78
2020,1,11290725,월곡2동,951,1075,33,20,124
2020,1,11290760,장위1동,590,626,25,11,36
2020,1,11290770,장위2동,684,716,30,42,32
2020,1,11290780,장위3동,413,447,16,9,34
2020,1,11290810,석관동,1275,1394,52,36,119
2020,1,11305534,삼양동,618,678,13,15,60
2020,1,11305535,미아동,1120,1220,49,43,100
2020,1,11305545,송중동,1561,1751,110,76,190
2020,1,11305555,송천동,1273,1390,62,47,117
2020,1,11305575,삼각산동,633,709,27,28,76
2020,1,11305595,번1동,1234,1345,53,42,111
2020,1,11305603,번2동,305,324,10,10,19
2020,1,11305608,번3동,337,392,14,17,55
2020,1,11305615,수유1동,993,1043,32,33,50
2020,1,11305625,수유2동,776,830,30,19,54
2020,1,11305635,수유3동,1854,2058,90,73,204
2020,1,11305645,우이동,725,786,20,21,61
2020,1,11305660,인수동,930,996,36,30,66
2020,1,11320511,창1동,696,775,43,34,79
2020,1,11320512,창2동,829,893,27,25,64
2020,1,11320513,창3동,572,604,19,22,32
2020,1,11320514,창4동,867,954,41,30,87
2020,1,11320515,창5동,985,1116,41,42,131
2020,1,11320521,도봉1동,1024,1115,37,34,91
2020,1,11320522,도봉2동,856,902,28,31,46
2020,1,11320660,쌍문1동,506,554,24,22,48
2020,1,11320670,쌍문2동,827,912,27,23,85
2020,1,11320680,쌍문3동,663,726,27,22,63
2020,1,11320681,쌍문4동,396,438,17,12,42
2020,1,11320690,방학1동,1604,1782,79,60,178
2020,1,11320700,방학2동,715,755,22,25,40
2020,1,11320710,방학3동,466,507,16,16,41
2020,1,11350560,월계1동,922,1067,37,33,145
2020,1,11350570,월계2동,457,500,24,16,43
2020,1,11350580,월계3동,586,648,18,23,62
2020,1,11350595,공릉1동,1891,2076,89,66,185
2020,1,11350600,공릉2동,1159,1358,57,53,199
2020,1,11350611,하계1동,762,857,34,14,95
2020,1,11350612,하계2동,260,281,10,12,21
2020,1,11350619,중계본동,1060,1157,40,36,97
2020,1,11350621,중계1동,820,960,28,24,140
2020,1,11350624,중계4동,740,824,33,31,84
2020,1,11350625,중계2·3동,1079,1201,46,46,122
2020,1,11350630,상계1동,1352,1494,57,42,142
2020,1,11350640,상계2동,2378,2641,112,77,263
2020,1,11350665,상계3·4동,778,820,29,28,42
2020,1,11350670,상계5동,1114,1185,53,42,71
2020,1,11350695,상계6·7동,1320,1489,56,43,169
2020,1,11350700,상계8동,372,407,18,5,35
2020,1,11350710,상계9동,395,437,19,17,42
2020,1,11350720,상계10동,287,309,4,5,22
2020,1,11380510,녹번동,1141,1237,47,34,96
2020,1,11380520,불광1동,1210,1341,82,49,131
2020,1,11380530,불광2동,1005,1061,38,28,56
2020,1,11380551,갈현1동,1160,1283,48,51,123
2020,1,11380552,갈현2동,1294,1432,63,56,138
2020,1,11380560,구산동,775,842,46,30,67
2020,1,11380570,대조동,2004,2180,102,81,176
2020,1,11380580,응암1동,1218,1361,50,31,143
2020,1,11380590,응암2동,525,560,32,22,35
2020,1,11380600,응암3동,1366,1480,61,40,114
2020,1,11380625,역촌동,1776,1948,80,66,172
2020,1,11380631,신사1동,877,950,44,28,73
2020,1,11380632,신사2동,508,545,14,14,37
2020,1,11380640,증산동,596,643,15,13,47
2020,1,11380650,수색동,377,400,11,15,23
2020,1,11380690,진관동,1630,1908,76,44,278
2020,1,11410520,천연동,574,626,24,25,52
2020,1,11410555,북아현동,619,677,25,20,58
2020,1,11410565,충현동,1075,1178,46,39,103
2020,1,11410585,신촌동,3247,3769,149,118,522
2020,1,11410615,연희동,1744,1874,59,71,130
2020,1,11410620,홍제1동,694,776,29,22,82
2020,1,11410640,홍제3동,755,824,29,24,69
2020,1,11410655,홍제2동,384,427,11,11,43
2020,1,11410660,홍은1동,616,667,23,26,51
2020,1,11410685,홍은2동,773,871,30,27,98
2020,1,11410690,남가좌1동,548,592,30,23,44
2020,1,11410700,남가좌2동,1016,1133,45,36,117
2020,1,11410710,북가좌1동,389,443,16,16,54
2020,1,11410720,북가좌2동,1011,1120,32,29,109
2020,1,11440555,아현동,1143,1251,49,38,108
2020,1,11440565,공덕동,1717,1857,67,54,140
2020,1,11440585,도화동,1316,1456,54,39,140
2020,1,11440590,용강동,1520,1660,68,50,140
2020,1,11440600,대흥동,1179,1314,68,41,135
2020,1,11440610,염리동,587,649,41,25,62
2020,1,11440630,신수동,906,969,41,22,63
2020,1,11440655,서강동,1468,1602,79,91,134
2020,1,11440660,서교동,7126,7863,344,307,737
2020,1,11440680,합정동,1696,1838,85,63,142
2020,1,11440690,망원1동,1321,1409,55,38,88
2020,1,11440700,망원2동,1027,1105,32,26,78
2020,1,11440710,연남동,1768,1840,86,67,72
2020,1,11440720,성산1동,1002,1087,48,43,85
2020,1,11440730,성산2동,1290,1425,44,26,135
2020,1,11440740,상암동,1552,1834,105,76,282
2020,1,11470510,목1동,2410,2741,115,86,331
2020,1,11470520,목2동,930,1004,41,24,74
2020,1,11470530,목3동,981,1076,32,31,95
2020,1,11470540,목4동,1040,1145,39,39,105
2020,1,11470550,목5동,1406,1580,68,52,174
2020,1,11470560,신월1동,1031,1086,44,50,55
2020,1,11470570,신월2동,598,644,34,28,46
2020,1,11470580,신월3동,520,565,19,15,45
2020,1,11470590,신월4동,644,702,27,27,58
2020,1,11470600,신월5동,588,653,25,27,65
2020,1,11470610,신월6동,355,379,17,8,24
2020,1,11470611,신월7동,664,724,25,27,60
2020,1,11470620,신정1동,947,1037,31,41,90
2020,1,11470630,신정2동,830,918,45,37,88
2020,1,11470640,신정3동,967,1081,36,24,114
2020,1,11470650,신정4동,2123,2299,93,80,176
2020,1,11470670,신정6동,597,661,26,27,64
2020,1,11470680,신정7동,693,803,35,26,110
2020,1,11500510,염창동,1226,1404,60,41,178
2020,1,11500520,등촌1동,1142,1295,53,39,153
2020,1,11500530,등촌2동,484,533,18,11,49
2020,1,11500535,등촌3동,1665,1882,98,78,217
2020,1,11500540,화곡1동,2084,2295,94,72,211
2020,1,11500550,화곡2동,558,588,24,18,30
2020,1,11500560,화곡3동,868,990,39,28,122
2020,1,11500570,화곡4동,1005,1105,54,49,100
2020,1,11500590,화곡본동,1053,1149,59,42,96
2020,1,11500591,화곡6동,1179,1321,65,53,142
2020,1,11500593,화곡8동,944,1023,43,39,79
2020,1,11500603,가양1동,3575,4087,244,149,512
2020,1,11500604,가양2동,378,432,12,15,54
2020,1,11500605,가양3동,329,370,14,8,41
2020,1,11500611,발산1동,2661,2876,194,65,215
2020,1,11500615,우장산동,1221,1341,46,56,120
2020,1,11500620,공항동,1237,1373,55,45,136
2020,1,11500630,방화1동,1680,1885,88,57,205
2020,1,11500640,방화2동,1435,1580,64,56,145
2020,1,11500641,방화3동,476,529,21,16,53
2020,1,11530510,신도림동,1548,1744,68,56,196
2020,1,11530520,구로1동,492,552,18,14,60
2020,1,11530530,구로2동,4868,4993,102,83,125
2020,1,11530540,구로3동,3255,3661,153,108,406
2020,1,11530550,구로4동,1493,1583,63,48,90
2020,1,11530560,구로5동,2467,2661,82,87,194
2020,1,11530595,가리봉동,766,793,29,27,27
2020,1,11530720,고척1동,1138,1288,41,38,150
2020,1,11530730,고척2동,953,1018,16,20,65
2020,1,11530740,개봉1동,1162,1259,53,43,97
2020,1,11530750,개봉2동,730,820,27,18,90
2020,1,11530760,개봉3동,653,716,36,20,63
2020,1,11530770,오류1동,827,898,43,26,71
2020,1,11530780,오류2동,948,1061,44,44,113
2020,1,11530790,수궁동,654,711,29,21,57
2020,1,11530800,항동,157,181,41,4,24
2020,1,11545510,가산동,6720,7276,335,168,556
2020,1,11545610,독산1동,2175,2388,85,71,213
2020,1,11545620,독산2동,677,736,28,27,59
2020,1,11545630,독산3동,1246,1328,37,31,82
2020,1,11545640,독산4동,607,666,25,19,59
2020,1,11545670,시흥1동,1974,2187,82,79,213
2020,1,11545680,시흥2동,349,384,21,9,35
2020,1,11545690,시흥3동,970,1001,20,20,31
2020,1,11545700,시흥4동,437,473,10,18,36
2020,1,11545710,시흥5동,722,790,22,30,68
2020,1,11560515,영등포본동,1330,1451,60,37,121
2020,1,11560535,영등포동,3681,4061,156,119,380
2020,1,11560540,여의동,4578,5132,169,119,554
2020,1,11560550,당산1동,2145,2284,98,57,139
2020,1,11560560,당산2동,1552,1749,52,48,197
2020,1,11560585,도림동,657,698,25,19,41
2020,1,11560605,문래동,2346,2562,103,58,216
2020,1,11560610,양평1동,1083,1179,43,34,96
2020,1,11560620,양평2동,1326,1452,66,46,126
2020,1,11560630,신길1동,793,856,21,22,63
2020,1,11560650,신길3동,670,715,26,18,45
2020,1,11560660,신길4동,282,314,4,10,32
2020,1,11560670,신길5동,295,323,12,11,28
2020,1,11560680,신길6동,888,961,26,23,73
2020,1,11560690,신길7동,465,519,22,11,54
2020,1,11560700,대림1동,725,789,21,24,64
2020,1,11560710,대림2동,1117,1167,39,38,50
2020,1,11560720,대림3동,1419,1497,49,43,78
2020,1,11590510,노량진1동,1452,1670,68,54,218
2020,1,11590520,노량진2동,1534,1592,29,35,58
2020,1,11590530,상도1동,1283,1506,57,47,223
2020,1,11590540,상도2동,1028,1154,48,37,126
2020,1,11590550,상도3동,691,744,31,23,53
2020,1,11590560,상도4동,681,755,28,21,74
2020,1,11590605,흑석동,1154,1322,65,44,168
2020,1,11590620,사당1동,1304,1435,66,40,131
2020,1,11590630,사당2동,1338,1503,48,46,165
2020,1,11590640,사당3동,656,718,20,17,62
2020,1,11590650,사당4동,493,544,27,18,51
2020,1,11590651,사당5동,315,350,14,4,35
2020,1,11590660,대방동,1254,1408,60,52,154
2020,1,11590670,신대방1동,767,827,35,26,60
2020,1,11590680,신대방2동,848,971,44,31,123
2020,1,11620525,보라매동,1162,1262,77,42,100
2020,1,11620545,청림동,332,362,24,17,30
2020,1,11620565,성현동,539,592,28,28,53
2020,1,11620575,행운동,1139,1267,51,49,128
2020,1,11620585,낙성대동,1060,1217,62,45,157
2020,1,11620595,청룡동,1501,1675,78,55,174
2020,1,11620605,은천동,1072,1185,44,41,113
2020,1,11620615,중앙동,774,870,39,29,96
2020,1,11620625,인헌동,840,928,46,31,88
2020,1,11620630,남현동,696,792,41,34,96
2020,1,11620645,서원동,1044,1254,56,47,210
2020,1,11620655,신원동,655,698,31,26,43
2020,1,11620665,서림동,649,714,29,29,65
2020,1,11620685,신사동,1014,1097,51,38,83
2020,1,11620695,신림동,1522,1687,66,76,165
2020,1,11620715,난향동,255,276,8,6,21
2020,1,11620725,조원동,1135,1229,44,40,94
2020,1,11620735,대학동,1085,1223,45,57,138
2020,1,11620745,삼성동,628,651,27,26,23
2020,1,11620765,미성동,1002,1099,42,29,97
2020,1,11620775,난곡동,562,628,22,25,66
2020,1,11650510,서초1동,2738,2936,85,76,198
2020,1,11650520,서초2동,3263,3488,123,98,225
2020,1,11650530,서초3동,6112,6464,250,159,352
2020,1,11650531,서초4동,2882,3127,127,82,245
2020,1,11650540,잠원동,1816,1951,71,57,135
2020,1,11650550,반포본동,563,599,15,20,36
2020,1,11650560,반포1동,1521,1654,59,42,133
2020,1,11650570,반포2동,338,361,9,7,23
2020,1,11650580,반포3동,1067,1142,39,29,75
2020,1,11650581,반포4동,3008,3288,110,84,280
2020,1,11650590,방배본동,1269,1365,41,36,96
2020,1,11650600,방배1동,1171,1310,50,46,139
2020,1,11650610,방배2동,1251,1374,59,32,123
2020,1,11650620,방배3동,676,729,18,10,53
2020,1,11650621,방배4동,1696,1796,44,47,100
2020,1,11650651,양재1동,2433,2654,96,69,221
2020,1,11650652,양재2동,3313,3515,117,86,202
2020,1,11650660,내곡동,856,892,24,9,36
2020,1,11680510,신사동,3616,3902,126,130,286
2020,1,11680521,논현1동,3849,4146,170,142,297
2020,1,11680531,논현2동,3914,4233,179,151,319
2020,1,11680545,압구정동,3787,4015,145,129,228
2020,1,11680565,청담동,3989,4187,135,147,198
2020,1,11680580,삼성1동,3143,3426,131,77,283
2020,1,11680590,삼성2동,2574,2791,107,81,217
2020,1,11680600,대치1동,1028,1151,41,46,123
2020,1,11680610,대치2동,2816,3043,77,78,227
2020,1,11680630,대치4동,3361,3735,173,120,374
2020,1,11680640,역삼1동,10202,11161,427,371,959
2020,1,11680650,역삼2동,2772,2964,126,82,192
2020,1,11680655,도곡1동,1194,1294,43,28,100
2020,1,11680656,도곡2동,1377,1472,45,33,95
2020,1,11680660,개포1동,175,180,2,3,5
2020,1,11680670,개포2동,699,758,24,23,59
2020,1,11680690,개포4동,1303,1382,46,38,79
2020,1,11680700,세곡동,1053,1193,52,32,140
2020,1,11680720,일원본동,414,451,14,7,37
2020,1,11680730,일원1동,651,735,21,22,84
2020,1,11680740,일원2동,406,443,22,5,37
2020,1,11680750,수서동,747,853,27,23,106
2020,1,11710510,풍납1동,488,529,18,17,41
2020,1,11710520,풍납2동,820,895,27,25,75
2020,1,11710531,거여1동,561,610,19,19,49
2020,1,11710532,거여2동,573,637,20,17,64
2020,1,11710540,마천1동,620,664,28,22,44
2020,1,11710550,마천2동,874,941,40,24,67
2020,1,11710561,방이1동,1035,1143,43,42,108
2020,1,11710562,방이2동,2213,2419,107,63,206
2020,1,11710566,오륜동,430,476,10,11,46
2020,1,11710570,오금동,1622,1740,62,49,118
2020,1,11710580,송파1동,1610,1758,71,56,148
2020,1,11710590,송파2동,773,858,29,23,85
2020,1,11710600,석촌동,2172,2380,119,77,208
2020,1,11710610,삼전동,1481,1631,73,82,150
2020,1,11710620,가락본동,2356,2577,87,72,221
2020,1,11710631,가락1동,3480,3537,81,22,57
2020,1,11710632,가락2동,1402,1532,50,45,130
2020,1,11710641,문정1동,1077,1146,58,34,69
2020,1,11710642,문정2동,5093,5562,239,128,469
2020,1,11710646,장지동,944,1022,39,33,78
2020,1,11710647,위례동,615,756,52,22,141
2020,1,11710650,잠실본동,2518,2868,138,97,350
2020,1,11710670,잠실2동,799,897,58,26,98
2020,1,11710680,잠실3동,1604,1761,63,50,157
2020,1,11710690,잠실4동,356,398,8,10,42
2020,1,11710710,잠실6동,1641,1859,71,40,218
2020,1,11710720,잠실7동,187,200,5,2,13
2020,1,11740515,강일동,581,670,43,26,89
2020,1,11740520,상일동,644,697,56,15,53
2020,1,11740530,명일1동,1283,1429,59,48,146
2020,1,11740540,명일2동,903,1033,36,33,130
2020,1,11740550,고덕1동,517,577,32,22,60
2020,1,11740560,고덕2동,602,649,70,11,47
2020,1,11740570,암사1동,1258,1359,64,56,101
2020,1,11740580,암사2동,589,658,28,23,69
2020,1,11740590,암사3동,454,499,20,13,45
2020,1,11740600,천호1동,948,1062,37,40,114
2020,1,11740610,천호2동,2924,3184,119,122,260
2020,1,11740620,천호3동,1391,1517,58,50,126
2020,1,11740640,성내1동,1137,1258,42,34,121
2020,1,11740650,성내2동,1318,1435,40,49,117
2020,1,11740660,성내3동,1784,1930,77,62,146
2020,1,11740685,길동,2577,2826,107,90,249
2020,1,11740690,둔촌1동,29,32,0,3,3
2020,1,11740700,둔촌2동,1035,1124,39,25,89
2020,2,11110515,청운효자동,790,814,25,16,24
2020,2,11110530,사직동,2484,2670,79,63,186
2020,2,11110540,삼청동,627,674,15,21,47
2020,2,11110550,부암동,426,458,8,4,32
2020,2,11110560,평창동,631,666,22,9,35
2020,2,11110570,무악동,169,191,11,4,22
2020,2,11110580,교남동,311,371,18,10,60
2020,2,11110600,가회동,534,586,18,15,52
2020,2,11110615,종로1·2·3·4가동,9935,10516,193,217,581
2020,2,11110630,종로5·6가동,1883,1976,37,35,93
2020,2,11110640,이화동,652,786,17,18,134
2020,2,11110650,혜화동,1273,1474,39,33,201
2020,2,11110670,창신1동,1767,1816,38,29,49
2020,2,11110680,창신2동,378,400,11,10,22
2020,2,11110690,창신3동,160,178,3,2,18
2020,2,11110700,숭인1동,252,281,8,6,29
2020,2,11110710,숭인2동,852,922,31,27,70
2020,2,11140520,소공동,2759,3008,69,57,249
2020,2,11140540,회현동,5217,5451,95,99,234
2020,2,11140550,명동,4145,4683,98,112,538
2020,2,11140570,필동,1091,1224,30,20,133
2020,2,11140580,장충동,493,525,13,11,32
2020,2,11140590,광희동,5568,5844,104,108,276
2020,2,11140605,을지로동,2714,2828,75,42,114
2020,2,11140615,신당동,11806,11927,339,241,121
2020,2,11140625,다산동,784,861,22,12,77
2020,2,11140635,약수동,632,698,19,10,66
2020,2,11140645,청구동,491,527,13,11,36
2020,2,11140650,신당5동,690,737,22,13,47
2020,2,11140665,동화동,516,555,24,11,39
2020,2,11140670,황학동,1317,1390,37,13,73
2020,2,11140680,중림동,639,709,17,12,70
2020,2,11170510,후암동,752,798,27,11,46
2020,2,11170520,용산2가동,528,570,24,16,42
2020,2,11170530,남영동,1128,1287,44,35,159
2020,2,11170555,청파동,1063,1204,37,25,141
2020,2,11170560,원효로1동,1599,1681,41,19,82
2020,2,11170570,원효로2동,883,919,15,18,36
2020,2,11170580,효창동,314,339,16,6,25
2020,2,11170590,용문동,494,532,15,11,38
2020,2,11170625,한강로동,4566,4854,119,84,288
2020,2,11170630,이촌1동,776,852,27,9,76
2020,2,11170640,이촌2동,261,281,11,3,20
2020,2,11170650,이태원1동,1521,1605,56,51,84
2020,2,11170660,이태원2동,758,799,34,31,41
2020,2,11170685,한남동,2077,2203,83,51,126
2020,2,11170690,서빙고동,352,376,8,1,24
2020,2,11170700,보광동,712,752,21,18,40
2020,2,11200520,왕십리2동,461,519,15,16,58
2020,2,11200535,왕십리도선동,1659,1827,82,46,168
2020,2,11200540,마장동,2294,2352,39,17,58
2020,2,11200550,사근동,705,895,23,21,190
2020,2,11200560,행당1동,1052,1192,34,43,140
2020,2,11200570,행당2동,467,525,9,14,58
2020,2,11200580,응봉동,274,295,9,10,21
2020,2,11200590,금호1가동,412,452,17,15,40
2020,2,11200615,금호2·3가동,784,851,30,21,67
2020,2,11200620,금호4가동,497,553,24,23,56
2020,2,11200645,옥수동,759,836,23,12,77
2020,2,11200650,성수1가1동,942,1007,43,13,65
2020,2,11200660,성수1가2동,1557,1671,74,32,114
2020,2,11200670,성수2가1동,1356,1460,53,26,104
2020,2,11200690,성수2가3동,2603,2795,111,42,192
2020,2,11200720,송정동,427,442,17,5,15
2020,2,11200790,용답동,1209,1281,31,24,72
2020,2,11215710,화양동,1930,2290,106,77,360
2020,2,11215730,군자동,1135,1257,46,22,122
2020,2,11215740,중곡1동,1064,1133,59,32,69
2020,2,11215750,중곡2동,1063,1144,37,23,81
2020,2,11215760,중곡3동,825,891,46,24,66
2020,2,11215770,중곡4동,993,1059,37,22,66
2020,2,11215780,능동,570,638,21,13,68
2020,2,11215810,광장동,1014,1114,37,20,100
2020,2,11215820,자양1동,1205,1326,55,41,121
2020,2,11215830,자양2동,966,1053,41,26,87
2020,2,11215840,자양3동,1165,1308,44,17,143
2020,2,11215847,자양4동,1426,1547,51,26,121
2020,2,11215850,구의1동,1359,1485,57,34,126
2020,2,11215860,구의2동,870,955,35,17,85
2020,2,11215870,구의3동,2322,2533,76,51,211
2020,2,11230536,용신동,2490,2671,71,48,181
2020,2,11230545,제기동,3097,3165,86,60,68
2020,2,11230560,전농1동,1796,1977,73,44,181
2020,2,11230570,전농2동,541,617,16,17,76
2020,2,11230600,답십리1동,1064,1153,43,22,89
2020,2,11230610,답십리2동,1561,1642,33,25,81
2020,2,11230650,장안1동,2522,2710,81,62,188
2020,2,11230660,장안2동,1918,2156,55,59,238
2020,2,11230705,청량리동,1062,1120,33,18,58
2020,2,11230710,회기동,834,983,34,28,149
2020,2,11230720,휘경1동,631,711,21,21,80
2020,2,11230730,휘경2동,511,568,21,12,57
2020,2,11230740,이문1동,861,969,28,18,108
2020,2,11230750,이문2동,449,487,24,19,38
2020,2,11260520,면목2동,1049,1107,31,18,58
2020,2,11260540,면목4동,550,589,30,18,39
2020,2,11260550,면목5동,390,415,13,5,25
2020,2,11260565,면목본동,1502,1611,57,34,109
2020,2,11260570,면목7동,941,995,35,21,54
2020,2,11260575,면목3·8동,1289,1402,73,40,113
2020,2,11260580,상봉1동,783,875,39,19,92
2020,2,11260590,상봉2동,1397,1546,66,26,149
2020,2,11260600,중화1동,584,626,19,13,42
2020,2,11260610,중화2동,1199,1296,52,33,97
2020,2,11260620,묵1동,1011,1118,43,26,107
2020,2,11260630,묵2동,868,925,35,25,57
2020,2,11260655,망우본동,1638,1791,71,55,153
2020,2,11260660,망우3동,513,550,19,16,37
2020,2,11260680,신내1동,1091,1222,48,29,131
2020,2,11260690,신내2동,628,715,20,15,87
2020,2,11290525,성북동,909,974,25,16,65
2020,2,11290555,삼선동,1331,1431,40,34,100
2020,2,11290575,동선동,1610,1866,66,50,256
2020,2,11290580,돈암1동,357,380,11,6,23
2020,2,11290590,돈암2동,418,453,16,2,35
2020,2,11290600,안암동,910,1094,30,18,184
2020,2,11290610,보문동,671,732,21,15,61
2020,2,11290620,정릉1동,525,577,22,13,52
2020,2,11290630,정릉2동,587,649,24,17,62
2020,2,11290640,정릉3동,434,489,13,6,55
2020,2,11290650,정릉4동,647,720,25,19,73
2020,2,11290660,길음1동,767,873,33,22,106
2020,2,11290685,길음2동,932,1027,44,25,95
2020,2,11290705,종암동,1233,1363,27,27,130
2020,2,11290715,월곡1동,799,879,29,19,80
2020,2,11290725,월곡2동,956,1080,35,30,124
2020,2,11290760,장위1동,585,621,10,15,36
2020,2,11290770,장위2동,691,722,26,20,31
2020,2,11290780,장위3동,419,457,19,9,38
2020,2,11290810,석관동,1289,1410,38,22,121
2020,2,11305534,삼양동,618,680,20,18,62
2020,2,11305535,미아동,1137,1238,49,31,101
2020,2,11305545,송중동,1595,1787,72,36,192
2020,2,11305555,송천동,1277,1394,56,52,117
2020,2,11305575,삼각산동,648,723,32,18,75
2020,2,11305595,번1동,1250,1361,54,38,111
2020,2,11305603,번2동,312,331,12,5,19
2020,2,11305608,번3동,342,395,10,7,53
2020,2,11305615,수유1동,1014,1066,51,28,52
2020,2,11305625,수유2동,778,832,28,26,54
2020,2,11305635,수유3동,1909,2106,110,62,197
2020,2,11305645,우이동,744,805,36,17,61
2020,2,11305660,인수동,954,1021,47,22,67
2020,2,11320511,창1동,702,782,24,17,80
2020,2,11320512,창2동,837,903,23,13,66
2020,2,11320513,창3동,582,614,19,9,32
2020,2,11320514,창4동,883,972,36,18,89
2020,2,11320515,창5동,996,1128,31,19,132
2020,2,11320521,도봉1동,1036,1125,32,22,89
2020,2,11320522,도봉2동,865,909,28,21,44
2020,2,11320660,쌍문1동,507,556,11,9,49
2020,2,11320670,쌍문2동,827,915,29,26,88
2020,2,11320680,쌍문3동,674,736,22,12,62
2020,2,11320681,쌍문4동,395,437,12,13,42
2020,2,11320690,방학1동,1621,1798,69,53,177
2020,2,11320700,방학2동,734,773,33,15,39
2020,2,11320710,방학3동,480,520,21,8,40
2020,2,11350560,월계1동,928,1072,30,25,144
2020,2,11350570,월계2동,467,509,23,14,42
2020,2,11350580,월계3동,629,704,67,11,75
2020,2,11350595,공릉1동,1913,2102,69,43,189
2020,2,11350600,공릉2동,1181,1376,56,38,195
2020,2,11350611,하계1동,782,877,35,15,95
2020,2,11350612,하계2동,263,283,6,4,20
2020,2,11350619,중계본동,1065,1160,30,27,95
2020,2,11350621,중계1동,835,979,31,12,144
2020,2,11350624,중계4동,749,836,29,17,87
2020,2,11350625,중계2·3동,1085,1208,30,23,123
2020,2,11350630,상계1동,1368,1509,45,30,141
2020,2,11350640,상계2동,2409,2684,117,74,275
2020,2,11350665,상계3·4동,792,837,31,14,45
2020,2,11350670,상계5동,1135,1207,45,23,72
2020,2,11350695,상계6·7동,1346,1516,52,25,170
2020,2,11350700,상계8동,374,410,12,9,36
2020,2,11350710,상계9동,404,446,18,9,42
2020,2,11350720,상계10동,295,317,11,3,22
2020,2,11380510,녹번동,1174,1275,63,25,101
2020,2,11380520,불광1동,1201,1333,36,44,132
2020,2,11380530,불광2동,1007,1062,31,30,55
2020,2,11380551,갈현1동,1168,1300,57,40,132
2020,2,11380552,갈현2동,1303,1443,54,43,140
2020,2,11380560,구산동,777,850,32,24,73
2020,2,11380570,대조동,2036,2220,98,58,184
2020,2,11380580,응암1동,1234,1383,56,34,149
2020,2,11380590,응암2동,543,584,31,7,41
2020,2,11380600,응암3동,1387,1501,56,35,114
2020,2,11380625,역촌동,1797,1970,60,38,173
2020,2,11380631,신사1동,893,965,39,24,72
2020,2,11380632,신사2동,523,559,22,8,36
2020,2,11380640,증산동,607,654,19,8,47
2020,2,11380650,수색동,379,402,13,11,23
2020,2,11380690,진관동,1671,1955,84,37,284
2020,2,11410520,천연동,581,635,21,12,54
2020,2,11410555,북아현동,628,688,20,9,60
2020,2,11410565,충현동,1081,1192,38,24,111
2020,2,11410585,신촌동,3286,3812,147,104,526
2020,2,11410615,연희동,1776,1908,67,33,132
2020,2,11410620,홍제1동,698,783,26,19,85
2020,2,11410640,홍제3동,763,831,23,16,68
2020,2,11410655,홍제2동,387,430,12,9,43
2020,2,11410660,홍은1동,627,678,29,18,51
2020,2,11410685,홍은2동,773,868,12,15,95
2020,2,11410690,남가좌1동,548,591,13,14,43
2020,2,11410700,남가좌2동,1032,1155,45,23,123
2020,2,11410710,북가좌1동,400,454,19,8,54
2020,2,11410720,북가좌2동,1020,1130,40,30,110
2020,2,11440555,아현동,1165,1280,54,25,115
2020,2,11440565,공덕동,1750,1890,67,34,140
2020,2,11440585,도화동,1344,1486,47,17,142
2020,2,11440590,용강동,1535,1673,48,35,138
2020,2,11440600,대흥동,1189,1327,53,40,138
2020,2,11440610,염리동,598,665,29,13,67
2020,2,11440630,신수동,920,982,35,22,62
2020,2,11440655,서강동,1491,1627,71,46,136
2020,2,11440660,서교동,7133,7876,269,256,743
2020,2,11440680,합정동,1731,1875,79,42,144
2020,2,11440690,망원1동,1352,1443,66,32,91
2020,2,11440700,망원2동,1036,1116,31,20,80
2020,2,11440710,연남동,1806,1885,108,63,79
2020,2,11440720,성산1동,1024,1107,47,27,83
2020,2,11440730,성산2동,1321,1457,51,19,136
2020,2,11440740,상암동,1569,1852,77,59,283
2020,2,11470510,목1동,2432,2768,85,58,336
2020,2,11470520,목2동,949,1023,45,26,74
2020,2,11470530,목3동,991,1087,39,28,96
2020,2,11470540,목4동,1052,1157,43,31,105
2020,2,11470550,목5동,1410,1587,40,33,177
2020,2,11470560,신월1동,1060,1118,65,33,58
2020,2,11470570,신월2동,602,649,20,15,47
2020,2,11470580,신월3동,532,578,21,8,46
2020,2,11470590,신월4동,650,708,24,18,58
2020,2,11470600,신월5동,597,661,17,9,64
2020,2,11470610,신월6동,399,430,59,8,31
2020,2,11470611,신월7동,672,733,31,22,61
2020,2,11470620,신정1동,954,1042,34,29,88
2020,2,11470630,신정2동,837,928,31,21,91
2020,2,11470640,신정3동,983,1098,35,18,115
2020,2,11470650,신정4동,2149,2330,89,58,181
2020,2,11470670,신정6동,602,670,20,11,68
2020,2,11470680,신정7동,701,812,22,13,111
2020,2,11500510,염창동,1246,1424,39,19,178
2020,2,11500520,등촌1동,1161,1314,49,30,153
2020,2,11500530,등촌2동,503,552,28,9,49
2020,2,11500535,등촌3동,1668,1889,65,58,221
2020,2,11500540,화곡1동,2140,2356,113,52,216
2020,2,11500550,화곡2동,566,595,28,21,29
2020,2,11500560,화곡3동,878,1002,35,23,124
2020,2,11500570,화곡4동,1017,1114,36,27,97
2020,2,11500590,화곡본동,1080,1176,56,29,96
2020,2,11500591,화곡6동,1193,1335,53,39,142
2020,2,11500593,화곡8동,955,1035,33,21,80
2020,2,11500603,가양1동,3679,4193,225,119,514
2020,2,11500604,가양2동,378,433,11,10,55
2020,2,11500605,가양3동,338,381,13,2,43
2020,2,11500611,발산1동,2784,3016,183,43,232
2020,2,11500615,우장산동,1242,1364,61,38,122
2020,2,11500620,공항동,1265,1404,67,36,139
2020,2,11500630,방화1동,1710,1924,79,40,214
2020,2,11500640,방화2동,1458,1606,60,34,148
2020,2,11500641,방화3동,487,539,21,11,52
2020,2,11530510,신도림동,1562,1763,44,25,201
2020,2,11530520,구로1동,499,557,15,10,58
2020,2,11530530,구로2동,4902,5028,93,58,126
2020,2,11530540,구로3동,3303,3716,123,68,413
2020,2,11530550,구로4동,1509,1601,50,32,92
2020,2,11530560,구로5동,2505,2704,86,43,199
2020,2,11530595,가리봉동,775,802,24,15,27
2020,2,11530720,고척1동,1154,1302,35,21,148
2020,2,11530730,고척2동,960,1027,25,16,67
2020,2,11530740,개봉1동,1182,1289,48,18,107
2020,2,11530750,개봉2동,743,835,26,11,92
2020,2,11530760,개봉3동,662,724,30,22,62
2020,2,11530770,오류1동,832,904,26,20,72
2020,2,11530780,오류2동,962,1080,40,21,118
2020,2,11530790,수궁동,670,728,31,14,58
2020,2,11530800,항동,176,203,24,2,27
2020,2,11545510,가산동,6841,7410,257,123,569
2020,2,11545610,독산1동,2217,2440,100,48,223
2020,2,11545620,독산2동,682,738,22,20,56
2020,2,11545630,독산3동,1247,1330,38,36,83
2020,2,11545640,독산4동,616,676,27,17,60
2020,2,11545670,시흥1동,2000,2216,84,55,216
2020,2,11545680,시흥2동,359,394,17,7,35
2020,2,11545690,시흥3동,979,1010,18,9,31
2020,2,11545700,시흥4동,445,481,14,6,36
2020,2,11545710,시흥5동,731,801,20,9,70
2020,2,11560515,영등포본동,1355,1480,55,26,125
2020,2,11560535,영등포동,3723,4104,129,86,381
2020,2,11560540,여의동,4627,5191,177,118,564
2020,2,11560550,당산1동,2187,2332,99,51,145
2020,2,11560560,당산2동,1574,1768,51,32,194
2020,2,11560585,도림동,662,702,20,16,40
2020,2,11560605,문래동,2382,2610,96,48,228
2020,2,11560610,양평1동,1114,1214,55,20,100
2020,2,11560620,양평2동,1351,1481,54,25,130
2020,2,11560630,신길1동,795,857,22,21,62
2020,2,11560650,신길3동,675,722,31,24,47
2020,2,11560660,신길4동,288,320,8,2,32
2020,2,11560670,신길5동,301,330,14,7,29
2020,2,11560680,신길6동,901,976,40,25,75
2020,2,11560690,신길7동,470,524,15,10,54
2020,2,11560700,대림1동,730,794,26,21,64
2020,2,11560710,대림2동,1134,1181,49,35,47
2020,2,11560720,대림3동,1456,1533,62,26,77
2020,2,11590510,노량진1동,1449,1661,51,60,212
2020,2,11590520,노량진2동,1595,1652,140,80,57
2020,2,11590530,상도1동,1294,1519,48,35,225
2020,2,11590540,상도2동,1040,1167,39,26,127
2020,2,11590550,상도3동,701,753,23,14,52
2020,2,11590560,상도4동,686,765,27,17,79
2020,2,11590605,흑석동,1175,1342,46,26,167
2020,2,11590620,사당1동,1327,1458,56,33,131
2020,2,11590630,사당2동,1344,1511,42,34,167
2020,2,11590640,사당3동,659,723,25,20,64
2020,2,11590650,사당4동,497,548,18,14,51
2020,2,11590651,사당5동,318,355,12,7,37
2020,2,11590660,대방동,1277,1431,42,19,154
2020,2,11590670,신대방1동,771,832,28,23,61
2020,2,11590680,신대방2동,864,988,33,16,124
2020,2,11620525,보라매동,1177,1278,37,21,101
2020,2,11620545,청림동,347,380,22,4,33
2020,2,11620565,성현동,555,607,26,11,52
2020,2,11620575,행운동,1148,1275,36,28,127
2020,2,11620585,낙성대동,1075,1236,52,33,161
2020,2,11620595,청룡동,1547,1729,96,42,182
2020,2,11620605,은천동,1087,1203,49,31,116
2020,2,11620615,중앙동,793,891,40,19,98
2020,2,11620625,인헌동,839,932,31,27,93
2020,2,11620630,남현동,704,800,27,19,96
2020,2,11620645,서원동,1059,1264,55,45,205
2020,2,11620655,신원동,677,719,42,21,42
2020,2,11620665,서림동,669,731,33,16,62
2020,2,11620685,신사동,1029,1116,52,33,87
2020,2,11620695,신림동,1529,1696,84,75,167
2020,2,11620715,난향동,264,284,14,6,20
2020,2,11620725,조원동,1153,1249,49,29,96
2020,2,11620735,대학동,1110,1250,52,25,140
2020,2,11620745,삼성동,632,655,15,11,23
2020,2,11620765,미성동,1009,1106,34,27,97
2020,2,11620775,난곡동,566,628,18,18,62
2020,2,11650510,서초1동,2763,2964,65,37,201
2020,2,11650520,서초2동,3309,3535,110,63,226
2020,2,11650530,서초3동,6241,6597,234,101,356
2020,2,11650531,서초4동,2903,3149,84,62,246
2020,2,11650540,잠원동,1834,1967,60,44,133
2020,2,11650550,반포본동,565,602,15,12,37
2020,2,11650560,반포1동,1530,1665,56,45,135
2020,2,11650570,반포2동,338,360,5,6,22
2020,2,11650580,반포3동,1088,1164,40,18,76
2020,2,11650581,반포4동,3042,3326,74,36,284
2020,2,11650590,방배본동,1290,1387,44,22,97
2020,2,11650600,방배1동,1177,1318,34,26,141
2020,2,11650610,방배2동,1255,1376,42,40,121
2020,2,11650620,방배3동,681,735,16,10,54
2020,2,11650621,방배4동,1718,1825,54,25,107
2020,2,11650651,양재1동,2468,2692,77,39,224
2020,2,11650652,양재2동,3322,3523,83,75,201
2020,2,11650660,내곡동,866,904,21,9,38
2020,2,11680510,신사동,3662,3948,130,84,286
2020,2,11680521,논현1동,3890,4186,156,116,296
2020,2,11680531,논현2동,3979,4308,178,103,329
2020,2,11680545,압구정동,3823,4052,134,97,229
2020,2,11680565,청담동,4027,4223,124,88,196
2020,2,11680580,삼성1동,3214,3498,137,65,284
2020,2,11680590,삼성2동,2596,2815,81,57,219
2020,2,11680600,대치1동,1035,1160,27,18,125
2020,2,11680610,대치2동,2846,3081,91,53,235
2020,2,11680630,대치4동,3396,3772,131,94,376
2020,2,11680640,역삼1동,10344,11309,428,280,965
2020,2,11680650,역삼2동,2821,3016,110,58,195
2020,2,11680655,도곡1동,1198,1300,33,27,102
2020,2,11680656,도곡2동,1395,1492,45,25,97
2020,2,11680660,개포1동,181,186,7,1,5
2020,2,11680670,개포2동,711,771,26,13,60
2020,2,11680690,개포4동,1316,1396,28,14,80
2020,2,11680700,세곡동,1080,1224,51,20,144
2020,2,11680720,일원본동,415,453,8,6,38
2020,2,11680730,일원1동,653,736,12,11,83
2020,2,11680740,일원2동,411,447,12,8,36
2020,2,11680750,수서동,755,864,19,8,109
2020,2,11710510,풍납1동,490,529,14,14,39
2020,2,11710520,풍납2동,832,907,27,15,75
2020,2,11710531,거여1동,574,621,21,10,47
2020,2,11710532,거여2동,582,644,21,14,62
2020,2,11710540,마천1동,634,678,25,11,44
2020,2,11710550,마천2동,889,956,34,19,67
2020,2,11710561,방이1동,1037,1149,38,32,112
2020,2,11710562,방이2동,2279,2487,121,53,208
2020,2,11710566,오륜동,430,475,9,10,45
2020,2,11710570,오금동,1629,1751,39,28,122
2020,2,11710580,송파1동,1638,1790,75,43,152
2020,2,11710590,송파2동,788,873,29,14,85
2020,2,11710600,석촌동,2212,2434,126,72,222
2020,2,11710610,삼전동,1499,1652,64,43,153
2020,2,11710620,가락본동,2365,2590,80,67,225
2020,2,11710631,가락1동,3504,3565,47,19,61
2020,2,11710632,가락2동,1416,1547,39,24,131
2020,2,11710641,문정1동,1080,1152,37,31,72
2020,2,11710642,문정2동,5195,5671,203,94,476
2020,2,11710646,장지동,937,1016,27,33,79
2020,2,11710647,위례동,633,774,42,24,141
2020,2,11710650,잠실본동,2547,2898,112,82,351
2020,2,11710670,잠실2동,807,903,30,24,96
2020,2,11710680,잠실3동,1613,1767,37,31,154
2020,2,11710690,잠실4동,361,404,14,8,43
2020,2,11710710,잠실6동,1664,1880,52,31,216
2020,2,11710720,잠실7동,192,205,6,1,13
2020,2,11740515,강일동,589,677,22,15,88
2020,2,11740520,상일동,690,759,73,11,69
2020,2,11740530,명일1동,1286,1439,45,35,153
2020,2,11740540,명일2동,910,1043,31,21,133
2020,2,11740550,고덕1동,528,591,23,9,63
2020,2,11740560,고덕2동,624,676,49,22,52
2020,2,11740570,암사1동,1276,1383,53,29,107
2020,2,11740580,암사2동,607,673,33,18,66
2020,2,11740590,암사3동,467,513,24,10,46
2020,2,11740600,천호1동,960,1070,42,34,110
2020,2,11740610,천호2동,2947,3208,104,80,261
2020,2,11740620,천호3동,1392,1519,61,59,127
2020,2,11740640,성내1동,1145,1266,49,41,121
2020,2,11740650,성내2동,1329,1445,49,39,116
2020,2,11740660,성내3동,1801,1950,69,49,149
2020,2,11740685,길동,2612,2860,108,74,248
2020,2,11740690,둔촌1동,29,32,0,0,3
2020,2,11740700,둔촌2동,1051,1138,44,30,87
2020,3,11110515,청운효자동,793,816,26,24,23
2020,3,11110530,사직동,2512,2698,74,57,186
2020,3,11110540,삼청동,632,680,10,15,48
2020,3,11110550,부암동,435,468,13,7,33
2020,3,11110560,평창동,637,671,14,7,34
2020,3,11110570,무악동,171,194,7,4,23
2020,3,11110580,교남동,308,368,9,16,60
2020,3,11110600,가회동,545,596,19,12,51
2020,3,11110615,종로1·2·3·4가동,9971,10540,231,246,569
2020,3,11110630,종로5·6가동,1893,1985,55,49,92
2020,3,11110640,이화동,654,787,24,25,133
2020,3,11110650,혜화동,1265,1466,31,41,201
2020,3,11110670,창신1동,1803,1855,59,39,52
2020,3,11110680,창신2동,384,406,21,13,22
2020,3,11110690,창신3동,161,181,4,3,20
2020,3,11110700,숭인1동,262,292,15,7,30
2020,3,11110710,숭인2동,860,930,27,22,70
2020,3,11140520,소공동,2762,3007,49,76,245
2020,3,11140540,회현동,5203,5437,97,135,234
2020,3,11140550,명동,4122,4651,78,134,529
2020,3,11140570,필동,1074,1206,32,48,132
2020,3,11140580,장충동,495,529,10,11,34
2020,3,11140590,광희동,5510,5776,88,185,266
2020,3,11140605,을지로동,2735,2849,75,65,114
2020,3,11140615,신당동,11865,11987,306,351,122
2020,3,11140625,다산동,792,869,28,19,77
2020,3,11140635,약수동,635,700,12,9,65
2020,3,11140645,청구동,504,542,14,8,38
2020,3,11140650,신당5동,687,736,28,27,49
2020,3,11140665,동화동,519,560,20,10,41
2020,3,11140670,황학동,1329,1405,33,20,76
2020,3,11140680,중림동,642,711,16,17,69
2020,3,11170510,후암동,764,811,27,21,47
2020,3,11170520,용산2가동,543,585,34,20,42
2020,3,11170530,남영동,1128,1287,36,42,159
2020,3,11170555,청파동,1067,1209,37,30,142
2020,3,11170560,원효로1동,1611,1692,34,40,81
2020,3,11170570,원효로2동,900,938,23,10,38
2020,3,11170580,효창동,327,355,19,4,28
2020,3,11170590,용문동,501,538,13,8,37
2020,3,11170625,한강로동,4657,4970,170,102,313
2020,3,11170630,이촌1동,788,861,20,18,73
2020,3,11170640,이촌2동,270,290,8,3,20
2020,3,11170650,이태원1동,1517,1602,46,48,85
2020,3,11170660,이태원2동,750,788,18,33,38
2020,3,11170685,한남동,2118,2245,78,46,127
2020,3,11170690,서빙고동,350,376,11,7,26
2020,3,11170700,보광동,717,755,22,22,38
2020,3,11200520,왕십리2동,468,525,15,15,57
2020,3,11200535,왕십리도선동,1689,1863,85,68,174
2020,3,11200540,마장동,2306,2364,38,35,58
2020,3,11200550,사근동,710,902,31,32,192
2020,3,11200560,행당1동,1054,1197,26,30,143
2020,3,11200570,행당2동,469,530,14,15,61
2020,3,11200580,응봉동,277,298,12,10,21
2020,3,11200590,금호1가동,408,451,12,13,43
2020,3,11200615,금호2·3가동,792,861,27,19,69
2020,3,11200620,금호4가동,510,566,26,9,56
2020,3,11200645,옥수동,783,859,27,18,76
2020,3,11200650,성수1가1동,956,1023,36,22,67
2020,3,11200660,성수1가2동,1602,1716,77,41,114
2020,3,11200670,성수2가1동,1375,1480,48,40,105
2020,3,11200690,성수2가3동,2668,2868,112,66,200
2020,3,11200720,송정동,431,446,10,10,15
2020,3,11200790,용답동,1211,1284,43,43,73
2020,3,11215710,화양동,1945,2313,81,72,368
2020,3,11215730,군자동,1155,1279,44,31,124
2020,3,11215740,중곡1동,1079,1149,33,26,70
2020,3,11215750,중곡2동,1080,1166,45,30,86
2020,3,11215760,중곡3동,838,902,32,26,64
2020,3,11215770,중곡4동,1007,1074,35,31,67
2020,3,11215780,능동,579,646,23,20,67
2020,3,11215810,광장동,1023,1127,41,33,104
2020,3,11215820,자양1동,1205,1325,34,42,120
2020,3,11215830,자양2동,975,1063,25,21,88
2020,3,11215840,자양3동,1203,1345,47,24,142
2020,3,11215847,자양4동,1424,1547,35,45,123
2020,3,11215850,구의1동,1365,1496,51,38,131
2020,3,11215860,구의2동,888,973,26,21,85
2020,3,11215870,구의3동,2341,2558,72,68,217
2020,3,11230536,용신동,2523,2711,90,56,188
2020,3,11230545,제기동,3121,3190,70,56,69
2020,3,11230560,전농1동,1830,2015,68,47,185
2020,3,11230570,전농2동,550,628,15,13,78
2020,3,11230600,답십리1동,1082,1171,35,23,89
2020,3,11230610,답십리2동,1587,1669,45,28,82
2020,3,11230650,장안1동,2545,2736,75,71,191
2020,3,11230660,장안2동,1965,2205,100,59,240
2020,3,11230705,청량리동,1080,1138,29,22,58
2020,3,11230710,회기동,842,986,24,27,144
2020,3,11230720,휘경1동,635,716,19,23,81
2020,3,11230730,휘경2동,520,579,27,20,59
2020,3,11230740,이문1동,855,963,20,29,108
2020,3,11230750,이문2동,457,497,25,12,40
2020,3,11260520,면목2동,1066,1129,37,29,63
2020,3,11260540,면목4동,566,605,21,17,39
2020,3,11260550,면목5동,411,443,27,7,32
2020,3,11260565,면목본동,1530,1647,60,42,117
2020,3,11260570,면목7동,953,1008,35,25,55
2020,3,11260575,면목3·8동,1309,1427,51,37,118
2020,3,11260580,상봉1동,794,885,17,16,91
2020,3,11260590,상봉2동,1428,1578,67,50,150
2020,3,11260600,중화1동,592,635,19,12,43
2020,3,11260610,중화2동,1213,1311,55,37,98
2020,3,11260620,묵1동,1021,1132,53,37,111
2020,3,11260630,묵2동,877,936,31,26,59
2020,3,11260655,망우본동,1645,1802,55,52,157
2020,3,11260660,망우3동,522,561,13,13,39
2020,3,11260680,신내1동,1102,1238,40,26,136
2020,3,11260690,신내2동,641,732,27,12,91
2020,3,11290525,성북동,923,989,23,14,66
2020,3,11290555,삼선동,1357,1457,43,31,100
2020,3,11290575,동선동,1626,1874,72,69,248
2020,3,11290580,돈암1동,355,379,8,7,24
2020,3,11290590,돈암2동,412,449,9,15,37
2020,3,11290600,안암동,912,1094,31,39,182
2020,3,11290610,보문동,677,737,29,28,60
2020,3,11290620,정릉1동,531,585,14,16,54
2020,3,11290630,정릉2동,598,663,24,12,65
2020,3,11290640,정릉3동,438,497,23,19,59
2020,3,11290650,정릉4동,653,725,17,14,72
2020,3,11290660,길음1동,790,897,38,26,107
2020,3,11290685,길음2동,979,1087,49,19,108
2020,3,11290705,종암동,1243,1376,36,31,133
2020,3,11290715,월곡1동,808,888,22,17,80
2020,3,11290725,월곡2동,969,1098,41,27,129
2020,3,11290760,장위1동,598,636,21,11,38
2020,3,11290770,장위2동,697,729,26,20,32
2020,3,11290780,장위3동,428,465,19,8,37
2020,3,11290810,석관동,1296,1421,37,29,125
2020,3,11305534,삼양동,628,688,25,19,60
2020,3,11305535,미아동,1151,1253,56,50,102
2020,3,11305545,송중동,1618,1810,51,48,192
2020,3,11305555,송천동,1291,1416,51,32,125
2020,3,11305575,삼각산동,658,735,29,19,77
2020,3,11305595,번1동,1255,1367,40,37,112
2020,3,11305603,번2동,316,336,9,7,20
2020,3,11305608,번3동,348,401,18,9,53
2020,3,11305615,수유1동,1020,1074,37,31,54
2020,3,11305625,수유2동,800,856,35,18,56
2020,3,11305635,수유3동,1900,2095,85,112,195
2020,3,11305645,우이동,754,817,35,24,63
2020,3,11305660,인수동,959,1032,35,27,73
2020,3,11320511,창1동,708,783,22,22,75
2020,3,11320512,창2동,839,904,25,25,65
2020,3,11320513,창3동,586,618,21,19,32
2020,3,11320514,창4동,884,977,29,24,93
2020,3,11320515,창5동,996,1128,24,32,132
2020,3,11320521,도봉1동,1049,1142,28,17,93
2020,3,11320522,도봉2동,863,909,25,24,46
2020,3,11320660,쌍문1동,519,567,16,7,48
2020,3,11320670,쌍문2동,833,924,43,33,91
2020,3,11320680,쌍문3동,682,744,26,19,62
2020,3,11320681,쌍문4동,392,437,6,11,45
2020,3,11320690,방학1동,1645,1828,64,51,183
2020,3,11320700,방학2동,738,780,28,26,42
2020,3,11320710,방학3동,495,537,22,10,42
2020,3,11350560,월계1동,930,1075,36,30,145
2020,3,11350570,월계2동,472,514,12,10,42
2020,3,11350580,월계3동,636,712,19,12,76
2020,3,11350595,공릉1동,1937,2128,74,54,191
2020,3,11350600,공릉2동,1193,1387,48,46,194
2020,3,11350611,하계1동,788,885,29,29,97
2020,3,11350612,하계2동,271,292,13,3,21
2020,3,11350619,중계본동,1071,1167,22,26,96
2020,3,11350621,중계1동,851,991,35,26,140
2020,3,11350624,중계4동,759,848,27,22,89
2020,3,11350625,중계2·3동,1107,1230,34,29,123
2020,3,11350630,상계1동,1383,1528,38,31,145
2020,3,11350640,상계2동,2437,2714,82,74,277
2020,3,11350665,상계3·4동,817,863,36,21,46
2020,3,11350670,상계5동,1155,1231,48,26,76
2020,3,11350695,상계6·7동,1361,1536,49,40,175
2020,3,11350700,상계8동,381,419,13,8,38
2020,3,11350710,상계9동,409,451,12,9,42
2020,3,11350720,상계10동,294,318,10,10,24
2020,3,11380510,녹번동,1211,1313,58,30,102
2020,3,11380520,불광1동,1225,1362,54,30,137
2020,3,11380530,불광2동,1018,1072,30,28,54
2020,3,11380551,갈현1동,1185,1319,57,43,134
2020,3,11380552,갈현2동,1311,1458,46,44,147
2020,3,11380560,구산동,795,870,37,25,75
2020,3,11380570,대조동,2047,2239,77,76,192
2020,3,11380580,응암1동,1253,1413,47,21,160
2020,3,11380590,응암2동,563,606,32,15,43
2020,3,11380600,응암3동,1402,1519,44,42,117
2020,3,11380625,역촌동,1814,1990,56,56,176
2020,3,11380631,신사1동,918,997,38,16,79
2020,3,11380632,신사2동,527,562,20,18,35
2020,3,11380640,증산동,610,656,11,13,46
2020,3,11380650,수색동,385,407,15,10,22
2020,3,11380690,진관동,1698,1986,62,38,288
2020,3,11410520,천연동,586,637,19,16,51
2020,3,11410555,북아현동,630,693,14,14,63
2020,3,11410565,충현동,1102,1211,43,28,109
2020,3,11410585,신촌동,3320,3849,138,148,529
2020,3,11410615,연희동,1800,1935,61,46,135
2020,3,11410620,홍제1동,697,786,19,19,89
2020,3,11410640,홍제3동,768,837,37,25,69
2020,3,11410655,홍제2동,397,443,20,8,46
2020,3,11410660,홍은1동,634,686,25,20,52
2020,3,11410685,홍은2동,782,879,25,22,97
2020,3,11410690,남가좌1동,548,594,21,18,46
2020,3,11410700,남가좌2동,1044,1175,43,24,131
2020,3,11410710,북가좌1동,404,459,19,16,55
2020,3,11410720,북가좌2동,1016,1130,35,39,114
2020,3,11440555,아현동,1186,1300,51,32,114
2020,3,11440565,공덕동,1761,1900,54,51,139
2020,3,11440585,도화동,1358,1505,35,20,147
2020,3,11440590,용강동,1564,1705,47,31,141
2020,3,11440600,대흥동,1191,1334,56,57,143
2020,3,11440610,염리동,600,668,27,21,68
2020,3,11440630,신수동,931,995,32,23,64
2020,3,11440655,서강동,1509,1643,57,52,134
2020,3,11440660,서교동,7156,7896,270,291,740
2020,3,11440680,합정동,1758,1897,70,62,139
2020,3,11440690,망원1동,1394,1485,69,50,91
2020,3,11440700,망원2동,1053,1138,46,30,85
2020,3,11440710,연남동,1832,1914,108,86,82
2020,3,11440720,성산1동,1034,1115,36,28,81
2020,3,11440730,성산2동,1324,1465,35,30,141
2020,3,11440740,상암동,1574,1867,64,58,293
2020,3,11470510,목1동,2454,2804,91,78,350
2020,3,11470520,목2동,962,1039,40,26,77
2020,3,11470530,목3동,1001,1098,33,27,97
2020,3,11470540,목4동,1059,1168,30,23,109
2020,3,11470550,목5동,1418,1598,36,30,180
2020,3,11470560,신월1동,1072,1135,43,30,63
2020,3,11470570,신월2동,603,650,15,14,47
2020,3,11470580,신월3동,539,587,22,15,48
2020,3,11470590,신월4동,648,710,21,21,62
2020,3,11470600,신월5동,584,650,13,29,66
2020,3,11470610,신월6동,416,452,30,7,36
2020,3,11470611,신월7동,683,742,27,17,59
2020,3,11470620,신정1동,962,1050,35,31,88
2020,3,11470630,신정2동,846,942,26,20,96
2020,3,11470640,신정3동,989,1104,33,29,115
2020,3,11470650,신정4동,2177,2359,85,67,182
2020,3,11470670,신정6동,610,678,21,17,68
2020,3,11470680,신정7동,705,817,26,27,112
2020,3,11500510,염창동,1255,1437,29,26,182
2020,3,11500520,등촌1동,1173,1327,46,40,154
2020,3,11500530,등촌2동,506,555,17,15,49
2020,3,11500535,등촌3동,1685,1912,64,55,227
2020,3,11500540,화곡1동,2177,2391,93,73,214
2020,3,11500550,화곡2동,574,606,16,13,32
2020,3,11500560,화곡3동,885,1008,42,41,123
2020,3,11500570,화곡4동,1030,1124,28,26,94
2020,3,11500590,화곡본동,1087,1189,35,35,102
2020,3,11500591,화곡6동,1197,1340,48,56,143
2020,3,11500593,화곡8동,966,1048,36,27,82
2020,3,11500603,가양1동,3827,4355,253,139,528
2020,3,11500604,가양2동,385,439,13,12,54
2020,3,11500605,가양3동,342,386,7,3,44
2020,3,11500611,발산1동,2895,3132,169,54,237
2020,3,11500615,우장산동,1255,1378,58,54,123
2020,3,11500620,공항동,1256,1395,37,50,139
2020,3,11500630,방화1동,1741,1953,66,56,212
2020,3,11500640,방화2동,1490,1636,51,41,146
2020,3,11500641,방화3동,490,542,14,15,52
2020,3,11530510,신도림동,1590,1797,58,43,207
2020,3,11530520,구로1동,501,560,13,14,59
2020,3,11530530,구로2동,4923,5053,89,87,130
2020,3,11530540,구로3동,3373,3791,120,83,418
2020,3,11530550,구로4동,1535,1627,54,35,92
2020,3,11530560,구로5동,2617,2844,205,84,227
2020,3,11530595,가리봉동,785,813,28,25,28
2020,3,11530720,고척1동,1161,1311,31,25,150
2020,3,11530730,고척2동,970,1041,30,24,71
2020,3,11530740,개봉1동,1197,1307,39,27,110
2020,3,11530750,개봉2동,750,842,20,20,92
2020,3,11530760,개봉3동,661,725,10,16,64
2020,3,11530770,오류1동,854,926,30,18,72
2020,3,11530780,오류2동,964,1081,24,26,117
2020,3,11530790,수궁동,677,734,24,19,57
2020,3,11530800,항동,191,224,21,4,33
2020,3,11545510,가산동,6982,7553,240,128,571
2020,3,11545610,독산1동,2245,2475,85,57,230
2020,3,11545620,독산2동,696,757,28,15,61
2020,3,11545630,독산3동,1265,1350,46,34,85
2020,3,11545640,독산4동,623,682,23,18,59
2020,3,11545670,시흥1동,2008,2227,68,67,219
2020,3,11545680,시흥2동,365,400,27,16,35
2020,3,11545690,시흥3동,997,1030,23,9,33
2020,3,11545700,시흥4동,455,491,22,15,36
2020,3,11545710,시흥5동,736,807,23,20,71
2020,3,11560515,영등포본동,1370,1503,66,44,133
2020,3,11560535,영등포동,3766,4156,111,93,390
2020,3,11560540,여의동,4673,5254,157,134,581
2020,3,11560550,당산1동,2234,2387,91,56,153
2020,3,11560560,당산2동,1591,1795,58,45,204
2020,3,11560585,도림동,667,709,23,13,42
2020,3,11560605,문래동,2432,2659,102,62,227
2020,3,11560610,양평1동,1139,1241,55,23,102
2020,3,11560620,양평2동,1369,1505,43,24,136
2020,3,11560630,신길1동,813,876,21,11,63
2020,3,11560650,신길3동,684,732,16,12,48
2020,3,11560660,신길4동,293,326,12,8,33
2020,3,11560670,신길5동,299,330,14,14,31
2020,3,11560680,신길6동,908,986,30,22,78
2020,3,11560690,신길7동,482,538,19,10,56
2020,3,11560700,대림1동,733,799,22,20,66
2020,3,11560710,대림2동,1168,1218,81,61,50
2020,3,11560720,대림3동,1484,1562,55,38,78
2020,3,11590510,노량진1동,1454,1665,48,54,211
2020,3,11590520,노량진2동,1590,1647,24,26,57
2020,3,11590530,상도1동,1304,1531,45,48,227
2020,3,11590540,상도2동,1063,1186,39,29,123
2020,3,11590550,상도3동,712,771,30,26,59
2020,3,11590560,상도4동,709,791,28,15,82
2020,3,11590605,흑석동,1184,1352,42,30,168
2020,3,11590620,사당1동,1345,1475,44,42,130
2020,3,11590630,사당2동,1357,1521,42,42,164
2020,3,11590640,사당3동,667,734,24,16,67
2020,3,11590650,사당4동,501,550,15,16,49
2020,3,11590651,사당5동,325,363,15,10,38
2020,3,11590660,대방동,1299,1452,45,30,153
2020,3,11590670,신대방1동,781,843,27,20,62
2020,3,11590680,신대방2동,870,998,32,29,128
2020,3,11620525,보라매동,1202,1305,43,31,103
2020,3,11620545,청림동,369,405,32,15,36
2020,3,11620565,성현동,561,615,18,19,54
2020,3,11620575,행운동,1154,1287,45,47,133
2020,3,11620585,낙성대동,1087,1251,54,47,164
2020,3,11620595,청룡동,1590,1782,89,54,192
2020,3,11620605,은천동,1108,1229,48,28,121
2020,3,11620615,중앙동,791,892,26,29,101
2020,3,11620625,인헌동,859,947,34,21,88
2020,3,11620630,남현동,710,809,20,19,99
2020,3,11620645,서원동,1068,1270,56,59,202
2020,3,11620655,신원동,683,724,15,17,41
2020,3,11620665,서림동,674,741,31,22,67
2020,3,11620685,신사동,1063,1150,51,30,87
2020,3,11620695,신림동,1559,1728,67,54,169
2020,3,11620715,난향동,272,293,12,6,21
2020,3,11620725,조원동,1177,1274,44,29,97
2020,3,11620735,대학동,1115,1256,54,55,141
2020,3,11620745,삼성동,643,666,21,12,23
2020,3,11620765,미성동,1042,1142,44,25,100
2020,3,11620775,난곡동,580,643,19,13,63
2020,3,11650510,서초1동,2788,2990,64,56,202
2020,3,11650520,서초2동,3372,3601,106,93,229
2020,3,11650530,서초3동,6361,6717,194,122,356
2020,3,11650531,서초4동,2921,3177,82,72,256
2020,3,11650540,잠원동,1856,1985,53,46,129
2020,3,11650550,반포본동,566,605,13,11,39
2020,3,11650560,반포1동,1552,1683,60,52,131
2020,3,11650570,반포2동,346,368,9,4,22
2020,3,11650580,반포3동,1096,1172,26,27,76
2020,3,11650581,반포4동,3086,3377,76,45,291
2020,3,11650590,방배본동,1305,1399,38,37,94
2020,3,11650600,방배1동,1192,1333,44,36,141
2020,3,11650610,방배2동,1275,1397,57,34,122
2020,3,11650620,방배3동,688,742,12,8,54
2020,3,11650621,방배4동,1734,1842,42,45,108
2020,3,11650651,양재1동,2494,2720,76,60,226
2020,3,11650652,양재2동,3366,3568,84,75,202
2020,3,11650660,내곡동,872,914,20,14,42
2020,3,11680510,신사동,3700,3990,137,120,290
2020,3,11680521,논현1동,3965,4260,170,109,295
2020,3,11680531,논현2동,4088,4427,232,121,339
2020,3,11680545,압구정동,3867,4099,114,93,232
2020,3,11680565,청담동,4101,4293,148,113,192
2020,3,11680580,삼성1동,3295,3583,117,72,288
2020,3,11680590,삼성2동,2658,2876,112,76,218
2020,3,11680600,대치1동,1048,1173,30,21,125
2020,3,11680610,대치2동,2856,3093,83,79,237
2020,3,11680630,대치4동,3475,3850,152,97,375
2020,3,11680640,역삼1동,10489,11459,379,325,970
2020,3,11680650,역삼2동,2878,3074,103,78,196
2020,3,11680655,도곡1동,1206,1315,31,26,109
2020,3,11680656,도곡2동,1410,1507,41,32,97
2020,3,11680660,개포1동,182,187,4,2,5
2020,3,11680670,개포2동,715,779,26,24,64
2020,3,11680690,개포4동,1319,1402,31,26,83
2020,3,11680700,세곡동,1101,1248,45,31,147
2020,3,11680720,일원본동,418,457,9,9,39
2020,3,11680730,일원1동,659,741,15,15,82
2020,3,11680740,일원2동,421,457,16,7,36
2020,3,11680750,수서동,758,870,19,16,112
2020,3,11710510,풍납1동,486,525,15,19,39
2020,3,11710520,풍납2동,840,915,12,14,75
2020,3,11710531,거여1동,578,626,14,9,48
2020,3,11710532,거여2동,588,651,20,15,63
2020,3,11710540,마천1동,640,683,16,13,43
2020,3,11710550,마천2동,895,962,33,28,67
2020,3,11710561,방이1동,1039,1156,30,29,117
2020,3,11710562,방이2동,2325,2542,93,57,217
2020,3,11710566,오륜동,437,484,12,5,47
2020,3,11710570,오금동,1663,1783,68,41,120
2020,3,11710580,송파1동,1674,1829,70,55,155
2020,3,11710590,송파2동,804,888,28,17,84
2020,3,11710600,석촌동,2238,2466,92,75,228
2020,3,11710610,삼전동,1513,1672,72,50,159
2020,3,11710620,가락본동,2374,2601,83,87,227
2020,3,11710631,가락1동,3511,3577,48,37,66
2020,3,11710632,가락2동,1423,1556,47,40,133
2020,3,11710641,문정1동,1077,1155,24,29,78
2020,3,11710642,문정2동,5301,5769,216,149,468
2020,3,11710646,장지동,938,1019,21,26,81
2020,3,11710647,위례동,656,803,58,26,147
2020,3,11710650,잠실본동,2576,2938,90,86,362
2020,3,11710670,잠실2동,826,926,29,14,100
2020,3,11710680,잠실3동,1639,1791,41,29,152
2020,3,11710690,잠실4동,368,410,7,5,42
2020,3,11710710,잠실6동,1668,1890,44,41,222
2020,3,11710720,잠실7동,190,206,4,3,16
2020,3,11740515,강일동,609,702,31,14,93
2020,3,11740520,상일동,729,803,54,15,74
2020,3,11740530,명일1동,1305,1459,53,49,154
2020,3,11740540,명일2동,919,1053,28,18,134
2020,3,11740550,고덕1동,541,609,22,8,68
2020,3,11740560,고덕2동,649,717,44,17,68
2020,3,11740570,암사1동,1282,1389,44,49,107
2020,3,11740580,암사2동,621,684,31,23,63
2020,3,11740590,암사3동,473,518,13,15,45
2020,3,11740600,천호1동,965,1079,37,30,114
2020,3,11740610,천호2동,2975,3250,102,94,275
2020,3,11740620,천호3동,1392,1519,46,54,127
2020,3,11740640,성내1동,1150,1270,31,30,120
2020,3,11740650,성내2동,1331,1453,43,42,122
2020,3,11740660,성내3동,1817,1970,58,45,153
2020,3,11740685,길동,2645,2901,90,74,256
2020,3,11740690,둔촌1동,29,32,0,1,3
2020,3,11740700,둔촌2동,1069,1161,53,31,92
2020,4,11110515,청운효자동,795,818,24,22,23
2020,4,11110530,사직동,2515,2704,84,78,189
2020,4,11110540,삼청동,630,675,17,22,45
2020,4,11110550,부암동,434,466,12,14,32
2020,4,11110560,평창동,633,668,14,17,35
2020,4,11110570,무악동,172,193,4,5,21
2020,4,11110580,교남동,317,373,23,18,56
2020,4,11110600,가회동,542,591,12,17,49
2020,4,11110615,종로1·2·3·4가동,9978,10547,225,218,569
2020,4,11110630,종로5·6가동,1889,1979,31,37,90
2020,4,11110640,이화동,646,780,28,35,134
2020,4,11110650,혜화동,1273,1470,47,43,197
2020,4,11110670,창신1동,1809,1861,47,41,52
2020,4,11110680,창신2동,380,402,12,16,22
2020,4,11110690,창신3동,161,180,3,4,19
2020,4,11110700,숭인1동,264,296,10,6,32
2020,4,11110710,숭인2동,855,924,21,27,69
2020,4,11140520,소공동,2763,3006,68,69,243
2020,4,11140540,회현동,5141,5381,83,139,240
2020,4,11140550,명동,4086,4590,83,144,504
2020,4,11140570,필동,1061,1188,26,44,127
2020,4,11140580,장충동,490,524,16,21,34
2020,4,11140590,광희동,5449,5705,116,187,256
2020,4,11140605,을지로동,2737,2857,59,51,120
2020,4,11140615,신당동,11828,11955,262,294,127
2020,4,11140625,다산동,793,871,15,13,78
2020,4,11140635,약수동,622,686,8,22,64
2020,4,11140645,청구동,500,539,11,14,39
2020,4,11140650,신당5동,699,752,31,15,53
2020,4,11140665,동화동,524,564,20,16,40
2020,4,11140670,황학동,1327,1403,29,31,76
2020,4,11140680,중림동,637,708,19,22,71
2020,4,11170510,후암동,767,815,18,14,48
2020,4,11170520,용산2가동,543,586,22,21,43
2020,4,11170530,남영동,1137,1291,42,38,154
2020,4,11170555,청파동,1068,1212,33,30,144
2020,4,11170560,원효로1동,1627,1711,54,35,84
2020,4,11170570,원효로2동,901,942,15,11,41
2020,4,11170580,효창동,334,362,16,9,28
2020,4,11170590,용문동,513,554,23,7,41
2020,4,11170625,한강로동,4702,5007,135,98,305
2020,4,11170630,이촌1동,799,873,37,25,74
2020,4,11170640,이촌2동,275,297,14,7,22
2020,4,11170650,이태원1동,1510,1593,40,49,83
2020,4,11170660,이태원2동,756,796,37,29,40
2020,4,11170685,한남동,2145,2273,81,53,128
2020,4,11170690,서빙고동,355,383,10,3,28
2020,4,11170700,보광동,729,767,28,16,38
2020,4,11200520,왕십리2동,476,535,18,8,59
2020,4,11200535,왕십리도선동,1697,1881,59,41,184
2020,4,11200540,마장동,2324,2383,38,19,59
2020,4,11200550,사근동,711,904,32,30,193
2020,4,11200560,행당1동,1060,1206,40,31,146
2020,4,11200570,행당2동,482,551,31,10,69
2020,4,11200580,응봉동,279,298,9,9,19
2020,4,11200590,금호1가동,421,466,26,11,45
2020,4,11200615,금호2·3가동,803,878,39,22,75
2020,4,11200620,금호4가동,515,573,20,13,58
2020,4,11200645,옥수동,803,885,45,19,82
2020,4,11200650,성수1가1동,961,1031,28,20,70
2020,4,11200660,성수1가2동,1653,1767,82,31,114
2020,4,11200670,성수2가1동,1392,1497,56,39,105
2020,4,11200690,성수2가3동,2730,2939,135,64,209
2020,4,11200720,송정동,441,458,20,8,17
2020,4,11200790,용답동,1217,1290,35,29,73
2020,4,11215710,화양동,1959,2331,115,97,372
2020,4,11215730,군자동,1171,1297,61,43,126
2020,4,11215740,중곡1동,1099,1171,54,32,72
2020,4,11215750,중곡2동,1093,1184,41,23,91
2020,4,11215760,중곡3동,851,917,44,29,66
2020,4,11215770,중곡4동,1028,1099,39,14,71
2020,4,11215780,능동,591,656,25,15,65
2020,4,11215810,광장동,1043,1148,43,22,105
2020,4,11215820,자양1동,1225,1346,50,29,121
2020,4,11215830,자양2동,991,1077,39,25,86
2020,4,11215840,자양3동,1226,1368,59,36,142
2020,4,11215847,자양4동,1440,1565,50,32,125
2020,4,11215850,구의1동,1376,1509,48,35,133
2020,4,11215860,구의2동,903,992,55,36,89
2020,4,11215870,구의3동,2350,2572,80,66,222
2020,4,11230536,용신동,2536,2727,76,60,191
2020,4,11230545,제기동,3118,3189,65,66,71
2020,4,11230560,전농1동,1831,2019,65,61,188
2020,4,11230570,전농2동,561,644,31,15,83
2020,4,11230600,답십리1동,1092,1183,45,33,91
2020,4,11230610,답십리2동,1592,1677,36,28,85
2020,4,11230650,장안1동,2573,2774,91,53,201
2020,4,11230660,장안2동,1991,2230,95,70,239
2020,4,11230705,청량리동,1083,1142,33,29,59
2020,4,11230710,회기동,853,996,34,24,143
2020,4,11230720,휘경1동,643,723,28,21,80
2020,4,11230730,휘경2동,522,582,20,17,60
2020,4,11230740,이문1동,859,969,28,22,110
2020,4,11230750,이문2동,464,505,20,12,41
2020,4,11260520,면목2동,1076,1141,42,30,65
2020,4,11260540,면목4동,569,608,22,19,39
2020,4,11260550,면목5동,420,455,26,14,35
2020,4,11260565,면목본동,1548,1663,67,51,115
2020,4,11260570,면목7동,960,1020,40,28,60
2020,4,11260575,면목3·8동,1319,1440,56,43,121
2020,4,11260580,상봉1동,816,908,53,30,92
2020,4,11260590,상봉2동,1449,1602,77,53,153
2020,4,11260600,중화1동,600,645,25,15,45
2020,4,11260610,중화2동,1209,1306,39,44,97
2020,4,11260620,묵1동,1026,1141,42,33,115
2020,4,11260630,묵2동,878,941,36,31,63
2020,4,11260655,망우본동,1663,1820,80,62,157
2020,4,11260660,망우3동,532,571,25,15,39
2020,4,11260680,신내1동,1124,1270,62,30,146
2020,4,11260690,신내2동,646,737,22,17,91
2020,4,11290525,성북동,934,998,33,24,64
2020,4,11290555,삼선동,1379,1478,62,41,99
2020,4,11290575,동선동,1628,1879,55,50,251
2020,4,11290580,돈암1동,359,385,13,7,26
2020,4,11290590,돈암2동,419,460,19,8,41
2020,4,11290600,안암동,920,1102,30,22,182
2020,4,11290610,보문동,671,734,20,23,63
2020,4,11290620,정릉1동,532,587,25,23,55
2020,4,11290630,정릉2동,610,677,28,14,67
2020,4,11290640,정릉3동,430,489,15,23,59
2020,4,11290650,정릉4동,657,727,28,26,70
2020,4,11290660,길음1동,805,912,31,16,107
2020,4,11290685,길음2동,990,1101,40,26,111
2020,4,11290705,종암동,1252,1389,46,33,137
2020,4,11290715,월곡1동,817,901,35,22,84
2020,4,11290725,월곡2동,997,1132,52,18,135
2020,4,11290760,장위1동,600,641,22,17,41
2020,4,11290770,장위2동,711,743,29,15,32
2020,4,11290780,장위3동,432,472,19,12,40
2020,4,11290810,석관동,1303,1428,30,23,125
2020,4,11305534,삼양동,637,700,27,15,63
2020,4,11305535,미아동,1167,1272,52,33,105
2020,4,11305545,송중동,1628,1823,70,57,195
2020,4,11305555,송천동,1312,1435,58,39,123
2020,4,11305575,삼각산동,662,737,27,25,75
2020,4,11305595,번1동,1261,1381,63,49,120
2020,4,11305603,번2동,323,343,15,8,20
2020,4,11305608,번3동,353,405,17,13,52
2020,4,11305615,수유1동,1033,1088,48,34,55
2020,4,11305625,수유2동,800,856,33,33,56
2020,4,11305635,수유3동,1898,2096,74,73,198
2020,4,11305645,우이동,760,822,30,25,62
2020,4,11305660,인수동,956,1031,36,37,75
2020,4,11320511,창1동,721,798,31,16,77
2020,4,11320512,창2동,839,907,26,23,68
2020,4,11320513,창3동,596,630,34,22,34
2020,4,11320514,창4동,887,985,31,23,98
2020,4,11320515,창5동,1004,1140,38,26,136
2020,4,11320521,도봉1동,1046,1139,40,43,93
2020,4,11320522,도봉2동,854,899,17,27,45
2020,4,11320660,쌍문1동,522,571,18,14,49
2020,4,11320670,쌍문2동,842,933,31,22,91
2020,4,11320680,쌍문3동,689,755,31,20,66
2020,4,11320681,쌍문4동,389,442,22,17,53
2020,4,11320690,방학1동,1669,1853,78,53,184
2020,4,11320700,방학2동,759,799,43,24,40
2020,4,11320710,방학3동,497,538,14,13,41
2020,4,11350560,월계1동,933,1079,29,25,146
2020,4,11350570,월계2동,478,522,18,10,44
2020,4,11350580,월계3동,637,714,16,14,77
2020,4,11350595,공릉1동,1963,2164,82,46,201
2020,4,11350600,공릉2동,1204,1399,46,34,195
2020,4,11350611,하계1동,786,877,16,24,91
2020,4,11350612,하계2동,274,299,15,8,25
2020,4,11350619,중계본동,1091,1192,50,25,101
2020,4,11350621,중계1동,859,1001,24,14,142
2020,4,11350624,중계4동,772,859,43,32,87
2020,4,11350625,중계2·3동,1123,1246,44,28,123
2020,4,11350630,상계1동,1404,1549,68,47,145
2020,4,11350640,상계2동,2459,2754,124,84,295
2020,4,11350665,상계3·4동,821,866,27,24,45
2020,4,11350670,상계5동,1170,1255,60,36,85
2020,4,11350695,상계6·7동,1365,1543,55,48,178
2020,4,11350700,상계8동,386,424,13,8,38
2020,4,11350710,상계9동,425,469,28,10,44
2020,4,11350720,상계10동,306,332,21,7,26
2020,4,11380510,녹번동,1233,1342,70,41,109
2020,4,11380520,불광1동,1243,1377,57,42,134
2020,4,11380530,불광2동,1028,1087,37,22,59
2020,4,11380551,갈현1동,1194,1331,62,50,137
2020,4,11380552,갈현2동,1324,1472,58,44,148
2020,4,11380560,구산동,807,882,31,19,75
2020,4,11380570,대조동,2054,2243,76,72,189
2020,4,11380580,응암1동,1283,1448,66,31,165
2020,4,11380590,응암2동,577,624,38,20,47
2020,4,11380600,응암3동,1423,1536,57,40,113
2020,4,11380625,역촌동,1820,2002,77,65,182
2020,4,11380631,신사1동,927,1008,42,31,81
2020,4,11380632,신사2동,529,564,20,18,35
2020,4,11380640,증산동,612,661,18,13,49
2020,4,11380650,수색동,388,412,14,9,24
2020,4,11380690,진관동,1701,1999,60,47,298
2020,4,11410520,천연동,583,634,21,24,51
2020,4,11410555,북아현동,631,695,18,16,64
2020,4,11410565,충현동,1109,1220,35,26,111
2020,4,11410585,신촌동,3316,3839,129,139,523
2020,4,11410615,연희동,1812,1948,64,51,136
2020,4,11410620,홍제1동,686,775,16,27,89
2020,4,11410640,홍제3동,774,846,31,22,72
2020,4,11410655,홍제2동,400,447,11,7,47
2020,4,11410660,홍은1동,639,694,26,18,55
2020,4,11410685,홍은2동,795,892,36,23,97
2020,4,11410690,남가좌1동,551,600,24,18,49
2020,4,11410700,남가좌2동,1058,1195,41,21,137
2020,4,11410710,북가좌1동,404,458,15,16,54
2020,4,11410720,북가좌2동,1014,1131,37,36,117
2020,4,11440555,아현동,1208,1328,66,38,120
2020,4,11440565,공덕동,1762,1901,48,47,139
2020,4,11440585,도화동,1364,1512,46,39,148
2020,4,11440590,용강동,1572,1715,52,42,143
2020,4,11440600,대흥동,1208,1351,51,34,143
2020,4,11440610,염리동,608,676,26,18,68
2020,4,11440630,신수동,935,1000,24,19,65
2020,4,11440655,서강동,1507,1646,69,66,139
2020,4,11440660,서교동,7149,7909,296,283,760
2020,4,11440680,합정동,1778,1918,65,44,140
2020,4,11440690,망원1동,1421,1515,77,47,94
2020,4,11440700,망원2동,1056,1143,36,31,87
2020,4,11440710,연남동,1862,1946,98,66,84
2020,4,11440720,성산1동,1028,1107,24,32,79
2020,4,11440730,성산2동,1340,1489,67,43,149
2020,4,11440740,상암동,1600,1902,91,56,302
2020,4,11470510,목1동,2469,2820,75,59,351
2020,4,11470520,목2동,975,1053,33,19,78
2020,4,11470530,목3동,1008,1105,50,43,97
2020,4,11470540,목4동,1079,1188,47,27,109
2020,4,11470550,목5동,1437,1620,54,32,183
2020,4,11470560,신월1동,1071,1133,33,35,62
2020,4,11470570,신월2동,608,653,18,15,45
2020,4,11470580,신월3동,535,584,16,19,49
2020,4,11470590,신월4동,647,710,19,19,63
2020,4,11470600,신월5동,585,651,29,28,66
2020,4,11470610,신월6동,431,472,34,14,41
2020,4,11470611,신월7동,694,751,32,23,57
2020,4,11470620,신정1동,975,1069,44,25,94
2020,4,11470630,신정2동,858,953,38,27,95
2020,4,11470640,신정3동,1009,1130,49,23,121
2020,4,11470650,신정4동,2185,2368,85,76,183
2020,4,11470670,신정6동,621,691,29,16,70
2020,4,11470680,신정7동,716,827,33,23,111
2020,4,11500510,염창동,1267,1449,52,40,182
2020,4,11500520,등촌1동,1181,1339,51,39,158
2020,4,11500530,등촌2동,517,565,18,8,48
2020,4,11500535,등촌3동,1709,1937,74,49,228
2020,4,11500540,화곡1동,2196,2421,110,80,225
2020,4,11500550,화곡2동,585,619,26,13,34
2020,4,11500560,화곡3동,878,1008,37,37,130
2020,4,11500570,화곡4동,1051,1150,51,25,99
2020,4,11500590,화곡본동,1104,1206,44,27,102
2020,4,11500591,화곡6동,1219,1362,56,34,143
2020,4,11500593,화곡8동,976,1061,40,27,85
2020,4,11500603,가양1동,3939,4495,277,137,556
2020,4,11500604,가양2동,388,439,12,12,51
2020,4,11500605,가양3동,341,387,9,8,46
2020,4,11500611,발산1동,2975,3228,158,62,253
2020,4,11500615,우장산동,1264,1395,58,41,131
2020,4,11500620,공항동,1246,1386,37,46,140
2020,4,11500630,방화1동,1762,1977,72,48,215
2020,4,11500640,방화2동,1493,1644,58,50,151
2020,4,11500641,방화3동,495,549,16,9,54
2020,4,11530510,신도림동,1603,1818,56,35,215
2020,4,11530520,구로1동,488,547,4,17,59
2020,4,11530530,구로2동,4928,5058,96,91,130
2020,4,11530540,구로3동,3419,3857,171,105,438
2020,4,11530550,구로4동,1562,1658,70,39,96
2020,4,11530560,구로5동,2601,2836,77,85,235
2020,4,11530595,가리봉동,799,826,33,20,27
2020,4,11530720,고척1동,1171,1321,40,30,150
2020,4,11530730,고척2동,983,1055,36,22,72
2020,4,11530740,개봉1동,1212,1335,60,32,123
2020,4,11530750,개봉2동,756,851,26,17,95
2020,4,11530760,개봉3동,667,734,23,14,67
2020,4,11530770,오류1동,858,933,35,28,75
2020,4,11530780,오류2동,973,1089,39,31,116
2020,4,11530790,수궁동,689,747,31,18,58
2020,4,11530800,항동,198,234,17,7,36
2020,4,11545510,가산동,7095,7669,281,165,574
2020,4,11545610,독산1동,2243,2485,86,76,242
2020,4,11545620,독산2동,698,758,25,24,60
2020,4,11545630,독산3동,1291,1378,66,38,87
2020,4,11545640,독산4동,629,692,27,17,63
2020,4,11545670,시흥1동,2008,2227,74,74,219
2020,4,11545680,시흥2동,374,409,17,8,35
2020,4,11545690,시흥3동,997,1031,20,19,34
2020,4,11545700,시흥4동,449,485,10,16,36
2020,4,11545710,시흥5동,746,819,24,12,73
2020,4,11560515,영등포본동,1353,1486,49,66,133
2020,4,11560535,영등포동,3786,4178,112,90,392
2020,4,11560540,여의동,4708,5295,162,121,587
2020,4,11560550,당산1동,2259,2415,96,68,156
2020,4,11560560,당산2동,1621,1825,71,41,204
2020,4,11560585,도림동,676,717,28,20,41
2020,4,11560605,문래동,2461,2693,102,68,232
2020,4,11560610,양평1동,1152,1255,50,36,103
2020,4,11560620,양평2동,1379,1510,44,39,131
2020,4,11560630,신길1동,832,902,48,22,70
2020,4,11560650,신길3동,691,743,37,26,52
2020,4,11560660,신길4동,307,343,33,16,36
2020,4,11560670,신길5동,301,335,21,16,34
2020,4,11560680,신길6동,920,999,36,23,79
2020,4,11560690,신길7동,488,545,25,18,57
2020,4,11560700,대림1동,737,806,31,24,69
2020,4,11560710,대림2동,1189,1239,65,44,50
2020,4,11560720,대림3동,1489,1572,59,49,83
2020,4,11590510,노량진1동,1455,1670,48,43,215
2020,4,11590520,노량진2동,1593,1652,36,31,59
2020,4,11590530,상도1동,1334,1566,67,32,232
2020,4,11590540,상도2동,1085,1212,60,34,127
2020,4,11590550,상도3동,718,778,24,17,60
2020,4,11590560,상도4동,720,807,41,25,87
2020,4,11590605,흑석동,1189,1358,47,41,169
2020,4,11590620,사당1동,1366,1496,62,41,130
2020,4,11590630,사당2동,1370,1538,53,36,168
2020,4,11590640,사당3동,672,740,26,20,68
2020,4,11590650,사당4동,501,554,17,13,53
2020,4,11590651,사당5동,323,361,4,6,38
2020,4,11590660,대방동,1305,1469,56,39,164
2020,4,11590670,신대방1동,782,845,31,29,63
2020,4,11590680,신대방2동,875,1004,30,24,129
2020,4,11620525,보라매동,1206,1310,50,45,104
2020,4,11620545,청림동,376,411,23,17,35
2020,4,11620565,성현동,570,621,28,22,51
2020,4,11620575,행운동,1182,1314,70,43,132
2020,4,11620585,낙성대동,1089,1262,57,46,173
2020,4,11620595,청룡동,1620,1825,108,65,205
2020,4,11620605,은천동,1118,1241,50,38,123
2020,4,11620615,중앙동,791,894,25,23,103
2020,4,11620625,인헌동,872,961,42,28,89
2020,4,11620630,남현동,725,825,38,22,100
2020,4,11620645,서원동,1064,1265,47,52,201
2020,4,11620655,신원동,700,741,36,19,41
2020,4,11620665,서림동,680,744,27,24,64
2020,4,11620685,신사동,1073,1171,59,38,98
2020,4,11620695,신림동,1575,1746,81,63,171
2020,4,11620715,난향동,286,307,21,7,21
2020,4,11620725,조원동,1200,1295,58,37,95
2020,4,11620735,대학동,1133,1274,50,32,141
2020,4,11620745,삼성동,650,671,21,16,21
2020,4,11620765,미성동,1056,1162,59,39,106
2020,4,11620775,난곡동,589,655,24,12,66
2020,4,11650510,서초1동,2821,3028,94,56,207
2020,4,11650520,서초2동,3440,3676,156,81,236
2020,4,11650530,서초3동,6451,6817,244,144,366
2020,4,11650531,서초4동,2954,3204,93,66,250
2020,4,11650540,잠원동,1859,1985,62,62,126
2020,4,11650550,반포본동,567,606,12,11,39
2020,4,11650560,반포1동,1554,1686,42,39,132
2020,4,11650570,반포2동,343,365,3,6,22
2020,4,11650580,반포3동,1105,1188,42,26,83
2020,4,11650581,반포4동,3086,3374,78,81,288
2020,4,11650590,방배본동,1300,1393,25,31,93
2020,4,11650600,방배1동,1182,1323,35,45,141
2020,4,11650610,방배2동,1297,1420,54,31,123
2020,4,11650620,방배3동,693,747,19,14,54
2020,4,11650621,방배4동,1742,1852,53,43,110
2020,4,11650651,양재1동,2511,2742,82,60,231
2020,4,11650652,양재2동,3376,3585,87,70,209
2020,4,11650660,내곡동,880,918,21,17,38
2020,4,11680510,신사동,3688,3982,107,115,294
2020,4,11680521,논현1동,4012,4313,169,116,301
2020,4,11680531,논현2동,4146,4494,171,104,348
2020,4,11680545,압구정동,3926,4153,144,90,227
2020,4,11680565,청담동,4143,4339,147,101,196
2020,4,11680580,삼성1동,3332,3629,121,75,297
2020,4,11680590,삼성2동,2694,2920,116,72,226
2020,4,11680600,대치1동,1050,1180,22,15,130
2020,4,11680610,대치2동,2880,3121,96,68,241
2020,4,11680630,대치4동,3503,3876,154,128,373
2020,4,11680640,역삼1동,10577,11543,402,318,966
2020,4,11680650,역삼2동,2927,3128,146,92,201
2020,4,11680655,도곡1동,1215,1330,45,30,115
2020,4,11680656,도곡2동,1420,1520,53,40,100
2020,4,11680660,개포1동,183,188,2,1,5
2020,4,11680670,개포2동,724,787,25,17,63
2020,4,11680690,개포4동,1321,1406,45,41,85
2020,4,11680700,세곡동,1118,1264,55,39,146
2020,4,11680720,일원본동,423,463,14,8,40
2020,4,11680730,일원1동,658,739,13,15,81
2020,4,11680740,일원2동,425,461,14,10,36
2020,4,11680750,수서동,758,877,21,14,119
2020,4,11710510,풍납1동,491,529,15,11,38
2020,4,11710520,풍납2동,843,919,21,17,76
2020,4,11710531,거여1동,574,624,14,16,50
2020,4,11710532,거여2동,608,674,41,18,66
2020,4,11710540,마천1동,647,689,20,14,42
2020,4,11710550,마천2동,907,977,35,20,70
2020,4,11710561,방이1동,1052,1167,46,35,115
2020,4,11710562,방이2동,2362,2586,112,68,224
2020,4,11710566,오륜동,432,484,12,12,52
2020,4,11710570,오금동,1660,1781,42,44,121
2020,4,11710580,송파1동,1693,1849,70,50,156
2020,4,11710590,송파2동,811,896,34,26,85
2020,4,11710600,석촌동,2284,2518,128,76,234
2020,4,11710610,삼전동,1517,1675,65,62,158
2020,4,11710620,가락본동,2383,2613,105,93,230
2020,4,11710631,가락1동,3514,3581,42,38,67
2020,4,11710632,가락2동,1433,1568,52,40,135
2020,4,11710641,문정1동,1082,1162,41,34,80
2020,4,11710642,문정2동,5371,5836,198,131,465
2020,4,11710646,장지동,951,1035,59,43,84
2020,4,11710647,위례동,673,820,64,47,147
2020,4,11710650,잠실본동,2616,2975,118,81,359
2020,4,11710670,잠실2동,836,940,37,23,104
2020,4,11710680,잠실3동,1640,1795,43,39,155
2020,4,11710690,잠실4동,381,424,18,4,43
2020,4,11710710,잠실6동,1679,1902,58,46,223
2020,4,11710720,잠실7동,195,210,7,3,15
2020,4,11740515,강일동,643,749,66,19,106
2020,4,11740520,상일동,743,821,36,18,78
2020,4,11740530,명일1동,1328,1485,62,36,157
2020,4,11740540,명일2동,939,1076,44,21,137
2020,4,11740550,고덕1동,550,623,35,21,73
2020,4,11740560,고덕2동,668,749,68,36,81
2020,4,11740570,암사1동,1295,1404,54,39,109
2020,4,11740580,암사2동,620,686,18,16,66
2020,4,11740590,암사3동,485,532,20,6,47
2020,4,11740600,천호1동,966,1084,27,22,118
2020,4,11740610,천호2동,3025,3301,132,81,276
2020,4,11740620,천호3동,1395,1524,49,44,129
2020,4,11740640,성내1동,1156,1275,39,34,119
2020,4,11740650,성내2동,1337,1459,41,35,122
2020,4,11740660,성내3동,1841,1996,61,35,155
2020,4,11740685,길동,2680,2953,144,92,273
2020,4,11740690,둔촌1동,29,32,0,0,3
2020,4,11740700,둔촌2동,1076,1170,47,38,94
2021,1,11110515,청운효자동,807,832,33,19,25
2021,1,11110530,사직동,2499,2682,61,83,183
2021,1,11110540,삼청동,620,666,10,19,46
2021,1,11110550,부암동,436,469,15,12,33
2021,1,11110560,평창동,630,665,7,10,35
2021,1,11110570,무악동,170,191,4,6,21
2021,1,11110580,교남동,319,377,10,6,58
2021,1,11110600,가회동,546,593,13,11,47
2021,1,11110615,종로1·2·3·4가동,9929,10491,154,210,562
2021,1,11110630,종로5·6가동,1897,1993,43,29,96
2021,1,11110640,이화동,630,767,16,29,137
2021,1,11110650,혜화동,1265,1464,32,38,199
2021,1,11110670,창신1동,1795,1847,38,52,52
2021,1,11110680,창신2동,374,397,10,15,23
2021,1,11110690,창신3동,155,173,2,9,18
2021,1,11110700,숭인1동,265,297,13,12,32
2021,1,11110710,숭인2동,844,912,15,27,68
2021,1,11140520,소공동,2769,3018,82,70,249
2021,1,11140540,회현동,5139,5382,107,106,243
2021,1,11140550,명동,4009,4506,60,144,497
2021,1,11140570,필동,1070,1198,30,20,128
2021,1,11140580,장충동,483,516,7,15,33
2021,1,11140590,광희동,5358,5605,77,177,247
2021,1,11140605,을지로동,2744,2865,41,33,121
2021,1,11140615,신당동,11828,11952,354,357,124
2021,1,11140625,다산동,784,862,12,21,78
2021,1,11140635,약수동,610,676,14,24,66
2021,1,11140645,청구동,494,533,9,15,39
2021,1,11140650,신당5동,700,753,23,22,53
2021,1,11140665,동화동,522,563,11,12,41
2021,1,11140670,황학동,1330,1407,28,24,77
2021,1,11140680,중림동,643,714,19,13,71
2021,1,11170510,후암동,752,799,12,28,47
2021,1,11170520,용산2가동,539,581,18,23,42
2021,1,11170530,남영동,1128,1282,31,40,154
2021,1,11170555,청파동,1064,1211,31,32,147
2021,1,11170560,원효로1동,1616,1700,27,38,84
2021,1,11170570,원효로2동,891,936,16,22,45
2021,1,11170580,효창동,330,358,6,10,28
2021,1,11170590,용문동,518,558,14,10,40
2021,1,11170625,한강로동,4707,5013,115,109,306
2021,1,11170630,이촌1동,790,864,10,19,74
2021,1,11170640,이촌2동,274,295,6,8,21
2021,1,11170650,이태원1동,1486,1570,22,45,84
2021,1,11170660,이태원2동,750,792,29,33,42
2021,1,11170685,한남동,2136,2264,60,69,128
2021,1,11170690,서빙고동,351,379,10,14,28
2021,1,11170700,보광동,721,759,11,19,38
2021,1,11200520,왕십리2동,475,535,14,14,60
2021,1,11200535,왕십리도선동,1711,1896,69,54,185
2021,1,11200540,마장동,2317,2377,34,40,60
2021,1,11200550,사근동,703,887,9,26,184
2021,1,11200560,행당1동,1067,1217,41,30,150
2021,1,11200570,행당2동,481,550,15,16,69
2021,1,11200580,응봉동,276,296,5,7,20
2021,1,11200590,금호1가동,429,473,15,8,44
2021,1,11200615,금호2·3가동,795,871,20,27,76
2021,1,11200620,금호4가동,512,570,14,17,58
2021,1,11200645,옥수동,805,891,32,26,86
2021,1,11200650,성수1가1동,966,1038,32,25,72
2021,1,11200660,성수1가2동,1676,1794,66,39,118
2021,1,11200670,성수2가1동,1395,1503,41,35,108
2021,1,11200690,성수2가3동,2742,2957,86,68,215
2021,1,11200720,송정동,431,449,7,16,18
2021,1,11200790,용답동,1215,1289,26,27,74
2021,1,11215710,화양동,1975,2358,84,57,383
2021,1,11215730,군자동,1170,1301,41,37,131
2021,1,11215740,중곡1동,1091,1165,23,29,74
2021,1,11215750,중곡2동,1104,1195,46,35,91
2021,1,11215760,중곡3동,848,915,23,25,67
2021,1,11215770,중곡4동,1022,1095,30,34,73
2021,1,11215780,능동,603,668,22,10,65
2021,1,11215810,광장동,1047,1156,36,28,109
2021,1,11215820,자양1동,1225,1343,32,35,118
2021,1,11215830,자양2동,1012,1098,43,22,86
2021,1,11215840,자양3동,1237,1378,41,31,141
2021,1,11215847,자양4동,1419,1542,22,45,123
2021,1,11215850,구의1동,1377,1516,43,36,139
2021,1,11215860,구의2동,910,1000,27,19,90
2021,1,11215870,구의3동,2339,2559,51,64,220
2021,1,11230536,용신동,2550,2738,74,63,188
2021,1,11230545,제기동,3103,3176,59,72,73
2021,1,11230560,전농1동,1845,2038,68,49,193
2021,1,11230570,전농2동,557,642,20,22,85
2021,1,11230600,답십리1동,1097,1191,39,31,94
2021,1,11230610,답십리2동,1597,1680,36,33,83
2021,1,11230650,장안1동,2584,2786,81,69,202
2021,1,11230660,장안2동,1979,2224,63,69,245
2021,1,11230705,청량리동,1081,1141,29,30,60
2021,1,11230710,회기동,851,993,29,32,142
2021,1,11230720,휘경1동,658,735,28,16,77
2021,1,11230730,휘경2동,516,576,18,24,60
2021,1,11230740,이문1동,853,966,26,29,113
2021,1,11230750,이문2동,466,506,17,16,40
2021,1,11260520,면목2동,1066,1130,22,33,64
2021,1,11260540,면목4동,565,603,18,23,38
2021,1,11260550,면목5동,426,464,25,16,38
2021,1,11260565,면목본동,1544,1661,49,51,117
2021,1,11260570,면목7동,959,1020,28,28,61
2021,1,11260575,면목3·8동,1311,1433,31,38,122
2021,1,11260580,상봉1동,831,920,39,27,89
2021,1,11260590,상봉2동,1453,1610,43,35,157
2021,1,11260600,중화1동,596,641,18,22,45
2021,1,11260610,중화2동,1213,1309,34,31,96
2021,1,11260620,묵1동,1030,1144,32,29,114
2021,1,11260630,묵2동,877,940,20,21,63
2021,1,11260655,망우본동,1657,1812,52,60,155
2021,1,11260660,망우3동,533,573,16,14,40
2021,1,11260680,신내1동,1132,1278,42,34,146
2021,1,11260690,신내2동,645,734,13,16,89
2021,1,11290525,성북동,913,977,13,34,64
2021,1,11290555,삼선동,1386,1487,40,31,101
2021,1,11290575,동선동,1616,1872,45,52,256
2021,1,11290580,돈암1동,361,387,12,10,26
2021,1,11290590,돈암2동,413,456,16,20,43
2021,1,11290600,안암동,922,1104,37,35,182
2021,1,11290610,보문동,671,736,24,22,65
2021,1,11290620,정릉1동,526,582,15,20,56
2021,1,11290630,정릉2동,614,681,17,13,67
2021,1,11290640,정릉3동,436,495,19,13,59
2021,1,11290650,정릉4동,652,724,21,24,72
2021,1,11290660,길음1동,809,916,28,24,107
2021,1,11290685,길음2동,1011,1124,40,17,113
2021,1,11290705,종암동,1255,1392,37,34,137
2021,1,11290715,월곡1동,816,902,22,21,86
2021,1,11290725,월곡2동,994,1132,33,33,138
2021,1,11290760,장위1동,605,649,25,17,44
2021,1,11290770,장위2동,707,740,18,21,33
2021,1,11290780,장위3동,426,467,15,20,41
2021,1,11290810,석관동,1285,1412,42,58,127
2021,1,11305534,삼양동,629,691,21,30,62
2021,1,11305535,미아동,1179,1283,45,34,104
2021,1,11305545,송중동,1646,1847,69,45,201
2021,1,11305555,송천동,1326,1453,59,41,127
2021,1,11305575,삼각산동,672,748,22,11,76
2021,1,11305595,번1동,1261,1378,33,36,117
2021,1,11305603,번2동,327,347,15,11,20
2021,1,11305608,번3동,354,406,9,8,52
2021,1,11305615,수유1동,1024,1081,33,40,57
2021,1,11305625,수유2동,805,861,34,29,56
2021,1,11305635,수유3동,1914,2115,74,55,201
2021,1,11305645,우이동,770,832,32,22,62
2021,1,11305660,인수동,956,1033,36,34,77
2021,1,11320511,창1동,719,794,16,20,75
2021,1,11320512,창2동,842,908,32,31,66
2021,1,11320513,창3동,588,624,16,22,36
2021,1,11320514,창4동,882,981,36,40,99
2021,1,11320515,창5동,1003,1141,27,26,138
2021,1,11320521,도봉1동,1041,1132,23,30,91
2021,1,11320522,도봉2동,868,913,32,18,45
2021,1,11320660,쌍문1동,522,575,21,17,53
2021,1,11320670,쌍문2동,858,952,38,19,94
2021,1,11320680,쌍문3동,689,758,22,19,69
2021,1,11320681,쌍문4동,391,441,12,13,50
2021,1,11320690,방학1동,1658,1841,39,51,183
2021,1,11320700,방학2동,770,812,25,12,42
2021,1,11320710,방학3동,498,541,12,9,43
2021,1,11350560,월계1동,938,1081,33,31,143
2021,1,11350570,월계2동,474,518,15,19,44
2021,1,11350580,월계3동,638,719,23,18,81
2021,1,11350595,공릉1동,1958,2165,60,59,207
2021,1,11350600,공릉2동,1211,1407,48,40,196
2021,1,11350611,하계1동,786,883,40,34,97
2021,1,11350612,하계2동,271,296,7,10,25
2021,1,11350619,중계본동,1095,1196,34,30,101
2021,1,11350621,중계1동,859,999,34,36,140
2021,1,11350624,중계4동,772,857,31,33,85
2021,1,11350625,중계2·3동,1123,1242,34,38,119
2021,1,11350630,상계1동,1398,1546,46,49,148
2021,1,11350640,상계2동,2482,2785,110,79,303
2021,1,11350665,상계3·4동,833,878,31,19,45
2021,1,11350670,상계5동,1178,1267,48,36,89
2021,1,11350695,상계6·7동,1357,1531,51,63,174
2021,1,11350700,상계8동,385,423,12,13,38
2021,1,11350710,상계9동,428,471,14,12,43
2021,1,11350720,상계10동,314,344,21,9,30
2021,1,11380510,녹번동,1227,1334,38,46,107
2021,1,11380520,불광1동,1233,1363,29,43,130
2021,1,11380530,불광2동,1020,1079,27,35,59
2021,1,11380551,갈현1동,1191,1332,35,34,141
2021,1,11380552,갈현2동,1328,1478,60,54,150
2021,1,11380560,구산동,802,880,31,33,78
2021,1,11380570,대조동,2070,2261,80,62,191
2021,1,11380580,응암1동,1289,1461,58,45,172
2021,1,11380590,응암2동,576,622,20,22,46
2021,1,11380600,응암3동,1432,1545,40,31,113
2021,1,11380625,역촌동,1811,1994,45,53,183
2021,1,11380631,신사1동,915,995,22,35,80
2021,1,11380632,신사2동,536,573,19,10,37
2021,1,11380640,증산동,620,668,23,16,48
2021,1,11380650,수색동,390,415,7,4,25
2021,1,11380690,진관동,1712,2012,64,51,300
2021,1,11410520,천연동,581,633,14,15,52
2021,1,11410555,북아현동,635,700,18,13,65
2021,1,11410565,충현동,1119,1234,29,15,115
2021,1,11410585,신촌동,3299,3811,114,142,512
2021,1,11410615,연희동,1798,1937,54,65,139
2021,1,11410620,홍제1동,694,784,28,19,90
2021,1,11410640,홍제3동,763,833,9,22,70
2021,1,11410655,홍제2동,404,449,13,11,45
2021,1,11410660,홍은1동,633,694,20,20,61
2021,1,11410685,홍은2동,790,887,27,32,97
2021,1,11410690,남가좌1동,536,585,8,23,49
2021,1,11410700,남가좌2동,1069,1211,38,22,142
2021,1,11410710,북가좌1동,397,452,11,17,55
2021,1,11410720,북가좌2동,1011,1129,32,34,118
2021,1,11440555,아현동,1207,1326,33,35,119
2021,1,11440565,공덕동,1758,1894,54,61,136
2021,1,11440585,도화동,1373,1524,38,26,151
2021,1,11440590,용강동,1566,1710,40,45,144
2021,1,11440600,대흥동,1205,1347,29,33,142
2021,1,11440610,염리동,610,680,16,12,70
2021,1,11440630,신수동,943,1008,33,25,65
2021,1,11440655,서강동,1515,1649,58,55,134
2021,1,11440660,서교동,7138,7897,264,276,759
2021,1,11440680,합정동,1774,1916,45,47,142
2021,1,11440690,망원1동,1419,1517,49,47,98
2021,1,11440700,망원2동,1057,1144,38,37,87
2021,1,11440710,연남동,1903,1988,96,54,85
2021,1,11440720,성산1동,1033,1109,30,28,76
2021,1,11440730,성산2동,1341,1486,32,35,145
2021,1,11440740,상암동,1614,1916,58,44,302
2021,1,11470510,목1동,2481,2829,93,84,348
2021,1,11470520,목2동,972,1052,25,26,80
2021,1,11470530,목3동,1009,1108,29,26,99
2021,1,11470540,목4동,1082,1191,35,32,109
2021,1,11470550,목5동,1454,1636,53,37,182
2021,1,11470560,신월1동,1070,1135,27,25,65
2021,1,11470570,신월2동,620,666,25,12,46
2021,1,11470580,신월3동,529,577,13,20,48
2021,1,11470590,신월4동,649,713,21,18,64
2021,1,11470600,신월5동,584,654,21,18,70
2021,1,11470610,신월6동,443,488,27,11,45
2021,1,11470611,신월7동,691,748,17,20,57
2021,1,11470620,신정1동,987,1083,37,23,96
2021,1,11470630,신정2동,871,968,38,23,97
2021,1,11470640,신정3동,1021,1147,47,30,126
2021,1,11470650,신정4동,2189,2365,64,67,176
2021,1,11470670,신정6동,629,699,20,12,70
2021,1,11470680,신정7동,710,824,22,25,114
2021,1,11500510,염창동,1276,1460,40,29,184
2021,1,11500520,등촌1동,1192,1353,50,36,161
2021,1,11500530,등촌2동,511,559,17,23,48
2021,1,11500535,등촌3동,1726,1951,80,66,225
2021,1,11500540,화곡1동,2188,2413,81,89,225
2021,1,11500550,화곡2동,586,622,17,14,36
2021,1,11500560,화곡3동,880,1009,33,32,129
2021,1,11500570,화곡4동,1055,1155,43,38,100
2021,1,11500590,화곡본동,1096,1201,38,43,105
2021,1,11500591,화곡6동,1212,1356,41,47,144
2021,1,11500593,화곡8동,964,1051,32,42,87
2021,1,11500603,가양1동,3978,4538,186,143,560
2021,1,11500604,가양2동,380,432,10,17,52
2021,1,11500605,가양3동,338,382,12,17,44
2021,1,11500611,발산1동,3062,3322,163,69,260
2021,1,11500615,우장산동,1258,1389,36,42,131
2021,1,11500620,공항동,1237,1374,46,58,137
2021,1,11500630,방화1동,1773,1986,66,57,213
2021,1,11500640,방화2동,1483,1632,44,56,149
2021,1,11500641,방화3동,488,543,13,19,55
2021,1,11530510,신도림동,1618,1832,53,39,214
2021,1,11530520,구로1동,495,555,17,9,60
2021,1,11530530,구로2동,4905,5028,64,94,123
2021,1,11530540,구로3동,3419,3857,107,107,438
2021,1,11530550,구로4동,1568,1662,37,33,94
2021,1,11530560,구로5동,2590,2822,54,68,232
2021,1,11530595,가리봉동,804,832,19,13,28
2021,1,11530720,고척1동,1164,1313,30,38,149
2021,1,11530730,고척2동,989,1062,25,18,73
2021,1,11530740,개봉1동,1205,1329,33,39,124
2021,1,11530750,개봉2동,749,846,22,27,97
2021,1,11530760,개봉3동,671,740,22,16,69
2021,1,11530770,오류1동,839,914,17,36,75
2021,1,11530780,오류2동,967,1088,28,29,121
2021,1,11530790,수궁동,683,742,22,27,59
2021,1,11530800,항동,213,253,25,6,40
2021,1,11545510,가산동,7171,7746,244,167,575
2021,1,11545610,독산1동,2241,2495,78,68,254
2021,1,11545620,독산2동,694,760,22,20,66
2021,1,11545630,독산3동,1292,1380,28,26,88
2021,1,11545640,독산4동,632,696,23,19,64
2021,1,11545670,시흥1동,2010,2231,50,46,221
2021,1,11545680,시흥2동,376,409,13,13,33
2021,1,11545690,시흥3동,994,1026,14,19,32
2021,1,11545700,시흥4동,448,487,17,15,39
2021,1,11545710,시흥5동,744,818,18,19,74
2021,1,11560515,영등포본동,1357,1491,43,38,134
2021,1,11560535,영등포동,3766,4165,94,107,399
2021,1,11560540,여의동,4797,5397,244,142,600
2021,1,11560550,당산1동,2234,2390,44,69,156
2021,1,11560560,당산2동,1616,1816,48,57,200
2021,1,11560585,도림동,669,711,16,22,42
2021,1,11560605,문래동,2453,2680,57,70,227
2021,1,11560610,양평1동,1150,1250,32,37,100
2021,1,11560620,양평2동,1367,1495,24,39,128
2021,1,11560630,신길1동,823,895,17,24,72
2021,1,11560650,신길3동,689,741,20,22,52
2021,1,11560660,신길4동,313,352,20,11,39
2021,1,11560670,신길5동,304,336,10,9,32
2021,1,11560680,신길6동,919,1001,32,30,82
2021,1,11560690,신길7동,484,544,16,17,60
2021,1,11560700,대림1동,733,805,34,35,72
2021,1,11560710,대림2동,1202,1253,57,43,51
2021,1,11560720,대림3동,1493,1578,42,36,85
2021,1,11590510,노량진1동,1446,1659,35,46,213
2021,1,11590520,노량진2동,1593,1651,27,28,58
2021,1,11590530,상도1동,1331,1561,36,41,230
2021,1,11590540,상도2동,1084,1215,33,30,131
2021,1,11590550,상도3동,725,784,20,14,59
2021,1,11590560,상도4동,709,795,18,30,86
2021,1,11590605,흑석동,1187,1356,38,40,169
2021,1,11590620,사당1동,1364,1490,43,49,126
2021,1,11590630,사당2동,1379,1546,49,41,167
2021,1,11590640,사당3동,671,740,18,18,69
2021,1,11590650,사당4동,504,561,16,9,57
2021,1,11590651,사당5동,317,356,5,10,39
2021,1,11590660,대방동,1303,1467,37,39,164
2021,1,11590670,신대방1동,778,839,16,22,61
2021,1,11590680,신대방2동,873,1003,22,23,130
2021,1,11620525,보라매동,1213,1321,51,40,108
2021,1,11620545,청림동,369,405,17,23,36
2021,1,11620565,성현동,580,633,30,18,53
2021,1,11620575,행운동,1175,1311,37,40,136
2021,1,11620585,낙성대동,1087,1262,32,32,175
2021,1,11620595,청룡동,1629,1833,59,51,204
2021,1,11620605,은천동,1132,1256,49,34,124
2021,1,11620615,중앙동,791,896,22,20,105
2021,1,11620625,인헌동,873,962,21,20,89
2021,1,11620630,남현동,716,816,22,31,100
2021,1,11620645,서원동,1062,1262,34,37,200
2021,1,11620655,신원동,692,736,14,19,44
2021,1,11620665,서림동,687,751,25,18,64
2021,1,11620685,신사동,1058,1159,34,46,101
2021,1,11620695,신림동,1562,1733,60,73,171
2021,1,11620715,난향동,284,306,11,12,22
2021,1,11620725,조원동,1214,1309,40,26,95
2021,1,11620735,대학동,1133,1271,34,37,138
2021,1,11620745,삼성동,648,669,12,14,21
2021,1,11620765,미성동,1052,1160,40,42,108
2021,1,11620775,난곡동,586,651,17,21,65
2021,1,11650510,서초1동,2845,3058,92,62,213
2021,1,11650520,서초2동,3476,3717,151,110,241
2021,1,11650530,서초3동,6470,6840,194,171,370
2021,1,11650531,서초4동,2956,3210,80,74,254
2021,1,11650540,잠원동,1846,1975,53,63,129
2021,1,11650550,반포본동,548,586,2,22,38
2021,1,11650560,반포1동,1538,1669,41,58,131
2021,1,11650570,반포2동,346,369,18,14,23
2021,1,11650580,반포3동,1116,1202,46,32,86
2021,1,11650581,반포4동,3100,3389,74,59,289
2021,1,11650590,방배본동,1297,1391,33,35,94
2021,1,11650600,방배1동,1184,1328,29,24,144
2021,1,11650610,방배2동,1286,1408,35,47,122
2021,1,11650620,방배3동,682,735,8,20,53
2021,1,11650621,방배4동,1741,1853,43,42,112
2021,1,11650651,양재1동,2509,2744,69,67,235
2021,1,11650652,양재2동,3362,3579,80,86,217
2021,1,11650660,내곡동,870,911,21,28,41
2021,1,11680510,신사동,3701,3998,108,92,297
2021,1,11680521,논현1동,4015,4318,125,120,303
2021,1,11680531,논현2동,4161,4507,147,134,346
2021,1,11680545,압구정동,3929,4154,101,100,225
2021,1,11680565,청담동,4145,4340,114,113,195
2021,1,11680580,삼성1동,3365,3660,106,75,295
2021,1,11680590,삼성2동,2708,2935,87,72,227
2021,1,11680600,대치1동,1045,1172,30,38,127
2021,1,11680610,대치2동,2874,3119,86,88,245
2021,1,11680630,대치4동,3544,3920,150,106,376
2021,1,11680640,역삼1동,10545,11513,301,331,968
2021,1,11680650,역삼2동,3020,3221,174,81,201
2021,1,11680655,도곡1동,1214,1325,35,40,111
2021,1,11680656,도곡2동,1419,1521,35,34,102
2021,1,11680660,개포1동,183,188,2,2,5
2021,1,11680670,개포2동,728,800,26,13,72
2021,1,11680690,개포4동,1316,1401,21,26,85
2021,1,11680700,세곡동,1109,1256,32,40,147
2021,1,11680720,일원본동,418,460,10,13,42
2021,1,11680730,일원1동,651,735,14,18,84
2021,1,11680740,일원2동,426,463,10,8,37
2021,1,11680750,수서동,760,876,15,16,116
2021,1,11710510,풍납1동,488,525,11,15,37
2021,1,11710520,풍납2동,828,907,13,25,79
2021,1,11710531,거여1동,572,623,12,13,51
2021,1,11710532,거여2동,608,677,20,17,69
2021,1,11710540,마천1동,647,690,19,18,43
2021,1,11710550,마천2동,909,979,25,23,70
2021,1,11710561,방이1동,1049,1167,23,23,118
2021,1,11710562,방이2동,2363,2587,68,67,224
2021,1,11710566,오륜동,425,477,8,15,52
2021,1,11710570,오금동,1647,1768,36,49,121
2021,1,11710580,송파1동,1712,1870,61,40,158
2021,1,11710590,송파2동,814,903,27,20,89
2021,1,11710600,석촌동,2283,2520,84,82,237
2021,1,11710610,삼전동,1524,1688,61,48,164
2021,1,11710620,가락본동,2395,2629,85,69,234
2021,1,11710631,가락1동,3502,3569,37,49,67
2021,1,11710632,가락2동,1441,1575,47,40,134
2021,1,11710641,문정1동,1082,1162,38,38,80
2021,1,11710642,문정2동,5418,5888,205,153,470
2021,1,11710646,장지동,941,1027,27,35,86
2021,1,11710647,위례동,694,843,48,25,149
2021,1,11710650,잠실본동,2639,3001,122,96,362
2021,1,11710670,잠실2동,827,929,29,40,102
2021,1,11710680,잠실3동,1652,1808,47,34,156
2021,1,11710690,잠실4동,381,424,7,7,43
2021,1,11710710,잠실6동,1680,1900,47,49,220
2021,1,11710720,잠실7동,193,208,3,5,15
2021,1,11740515,강일동,664,775,46,20,111
2021,1,11740520,상일동,757,841,45,25,84
2021,1,11740530,명일1동,1321,1482,39,42,161
2021,1,11740540,명일2동,935,1073,25,28,138
2021,1,11740550,고덕1동,540,611,12,24,71
2021,1,11740560,고덕2동,674,758,28,19,84
2021,1,11740570,암사1동,1299,1411,43,36,112
2021,1,11740580,암사2동,613,681,14,19,68
2021,1,11740590,암사3동,497,544,22,10,47
2021,1,11740600,천호1동,981,1105,43,22,124
2021,1,11740610,천호2동,3028,3313,109,97,285
2021,1,11740620,천호3동,1382,1511,39,52,129
2021,1,11740640,성내1동,1148,1273,26,28,125
2021,1,11740650,성내2동,1335,1457,38,40,122
2021,1,11740660,성내3동,1848,1999,57,54,151
2021,1,11740685,길동,2683,2962,92,83,279
2021,1,11740690,둔촌1동,27,29,0,3,2
2021,1,11740700,둔촌2동,1073,1166,28,32,93
2021,2,11110515,청운효자동,818,843,34,23,25
2021,2,11110530,사직동,2511,2700,72,54,189
2021,2,11110540,삼청동,634,681,28,13,47
2021,2,11110550,부암동,432,465,8,12,33
2021,2,11110560,평창동,636,671,15,9,35
2021,2,11110570,무악동,168,190,3,4,22
2021,2,11110580,교남동,322,385,15,7,63
2021,2,11110600,가회동,547,594,16,15,47
2021,2,11110615,종로1·2·3·4가동,9919,10467,186,210,548
2021,2,11110630,종로5·6가동,1901,1997,55,51,96
2021,2,11110640,이화동,619,756,12,23,137
2021,2,11110650,혜화동,1282,1474,57,47,192
2021,2,11110670,창신1동,1785,1837,41,51,52
2021,2,11110680,창신2동,378,398,15,14,20
2021,2,11110690,창신3동,162,180,11,4,18
2021,2,11110700,숭인1동,263,293,8,12,30
2021,2,11110710,숭인2동,839,908,24,28,69
2021,2,11140520,소공동,2767,3014,58,62,247
2021,2,11140540,회현동,5106,5348,100,134,242
2021,2,11140550,명동,3995,4486,88,108,491
2021,2,11140570,필동,1068,1194,30,34,126
2021,2,11140580,장충동,490,523,16,9,33
2021,2,11140590,광희동,5310,5555,84,134,245
2021,2,11140605,을지로동,2743,2865,49,49,122
2021,2,11140615,신당동,11842,11966,247,233,124
2021,2,11140625,다산동,785,861,25,26,76
2021,2,11140635,약수동,613,676,15,15,63
2021,2,11140645,청구동,504,541,18,10,37
2021,2,11140650,신당5동,706,762,28,19,56
2021,2,11140665,동화동,523,565,16,14,42
2021,2,11140670,황학동,1337,1416,40,31,79
2021,2,11140680,중림동,643,714,22,22,71
2021,2,11170510,후암동,759,805,20,14,46
2021,2,11170520,용산2가동,540,583,19,17,43
2021,2,11170530,남영동,1128,1284,35,33,156
2021,2,11170555,청파동,1065,1217,44,38,152
2021,2,11170560,원효로1동,1609,1694,28,34,85
2021,2,11170570,원효로2동,885,926,11,21,41
2021,2,11170580,효창동,332,360,10,8,28
2021,2,11170590,용문동,518,557,14,15,39
2021,2,11170625,한강로동,4719,5026,124,111,307
2021,2,11170630,이촌1동,796,871,22,15,75
2021,2,11170640,이촌2동,278,300,9,4,22
2021,2,11170650,이태원1동,1481,1563,40,47,82
2021,2,11170660,이태원2동,769,812,40,20,43
2021,2,11170685,한남동,2145,2273,60,51,128
2021,2,11170690,서빙고동,352,380,5,4,28
2021,2,11170700,보광동,718,758,20,21,40
2021,2,11200520,왕십리2동,473,532,20,23,59
2021,2,11200535,왕십리도선동,1707,1900,58,54,193
2021,2,11200540,마장동,2332,2394,48,31,62
2021,2,11200550,사근동,696,876,21,32,180
2021,2,11200560,행당1동,1062,1208,30,39,146
2021,2,11200570,행당2동,481,553,15,12,72
2021,2,11200580,응봉동,280,300,10,6,20
2021,2,11200590,금호1가동,433,478,18,13,45
2021,2,11200615,금호2·3가동,797,871,25,25,74
2021,2,11200620,금호4가동,510,570,21,21,60
2021,2,11200645,옥수동,805,893,38,36,88
2021,2,11200650,성수1가1동,986,1060,40,18,74
2021,2,11200660,성수1가2동,1695,1816,68,46,121
2021,2,11200670,성수2가1동,1412,1520,50,33,108
2021,2,11200690,성수2가3동,2771,2990,108,75,219
2021,2,11200720,송정동,433,452,16,13,19
2021,2,11200790,용답동,1203,1277,21,33,74
2021,2,11215710,화양동,1970,2348,82,92,378
2021,2,11215730,군자동,1180,1312,49,38,132
2021,2,11215740,중곡1동,1101,1179,44,30,78
2021,2,11215750,중곡2동,1116,1210,46,31,94
2021,2,11215760,중곡3동,853,918,28,25,65
2021,2,11215770,중곡4동,1015,1090,36,41,75
2021,2,11215780,능동,599,667,26,27,68
2021,2,11215810,광장동,1055,1166,49,39,111
2021,2,11215820,자양1동,1215,1339,43,47,124
2021,2,11215830,자양2동,1023,1111,37,24,88
2021,2,11215840,자양3동,1245,1387,35,26,142
2021,2,11215847,자양4동,1410,1532,35,45,122
2021,2,11215850,구의1동,1392,1530,59,45,138
2021,2,11215860,구의2동,924,1012,40,28,88
2021,2,11215870,구의3동,2336,2556,69,72,220
2021,2,11230536,용신동,2540,2729,70,79,189
2021,2,11230545,제기동,3110,3184,85,77,74
2021,2,11230560,전농1동,1853,2046,65,57,193
2021,2,11230570,전농2동,567,652,23,13,85
2021,2,11230600,답십리1동,1096,1190,37,38,94
2021,2,11230610,답십리2동,1588,1677,40,43,89
2021,2,11230650,장안1동,2589,2795,83,74,206
2021,2,11230660,장안2동,1999,2241,77,60,242
2021,2,11230705,청량리동,1077,1138,33,36,61
2021,2,11230710,회기동,846,990,40,43,144
2021,2,11230720,휘경1동,663,740,31,26,77
2021,2,11230730,휘경2동,524,586,18,8,62
2021,2,11230740,이문1동,851,966,30,30,115
2021,2,11230750,이문2동,466,503,18,21,37
2021,2,11260520,면목2동,1070,1135,43,38,65
2021,2,11260540,면목4동,576,617,32,18,41
2021,2,11260550,면목5동,434,471,16,9,37
2021,2,11260565,면목본동,1544,1660,39,40,116
2021,2,11260570,면목7동,962,1027,43,36,65
2021,2,11260575,면목3·8동,1309,1438,57,52,129
2021,2,11260580,상봉1동,830,918,28,30,88
2021,2,11260590,상봉2동,1472,1629,82,63,157
2021,2,11260600,중화1동,604,649,26,18,45
2021,2,11260610,중화2동,1209,1311,43,41,102
2021,2,11260620,묵1동,1038,1151,54,47,113
2021,2,11260630,묵2동,883,947,42,35,64
2021,2,11260655,망우본동,1657,1818,64,58,161
2021,2,11260660,망우3동,538,579,25,19,41
2021,2,11260680,신내1동,1143,1291,42,29,148
2021,2,11260690,신내2동,653,739,23,18,86
2021,2,11290525,성북동,916,978,22,21,62
2021,2,11290555,삼선동,1388,1489,50,48,101
2021,2,11290575,동선동,1619,1881,89,80,262
2021,2,11290580,돈암1동,366,393,13,7,27
2021,2,11290590,돈암2동,416,460,9,5,44
2021,2,11290600,안암동,929,1108,41,37,179
2021,2,11290610,보문동,669,734,17,19,65
2021,2,11290620,정릉1동,523,582,20,20,59
2021,2,11290630,정릉2동,614,683,9,7,69
2021,2,11290640,정릉3동,436,492,12,15,56
2021,2,11290650,정릉4동,657,731,32,25,74
2021,2,11290660,길음1동,825,934,31,13,109
2021,2,11290685,길음2동,1030,1139,50,35,109
2021,2,11290705,종암동,1261,1401,41,32,140
2021,2,11290715,월곡1동,819,904,30,28,85
2021,2,11290725,월곡2동,984,1116,31,47,132
2021,2,11290760,장위1동,602,647,22,24,45
2021,2,11290770,장위2동,700,734,11,17,34
2021,2,11290780,장위3동,414,457,14,24,43
2021,2,11290810,석관동,1288,1419,50,43,131
2021,2,11305534,삼양동,628,689,17,19,61
2021,2,11305535,미아동,1189,1294,54,43,105
2021,2,11305545,송중동,1648,1849,75,73,201
2021,2,11305555,송천동,1324,1456,46,43,132
2021,2,11305575,삼각산동,680,758,23,13,78
2021,2,11305595,번1동,1283,1399,69,48,116
2021,2,11305603,번2동,329,350,14,11,21
2021,2,11305608,번3동,358,408,16,14,50
2021,2,11305615,수유1동,1029,1091,48,38,62
2021,2,11305625,수유2동,812,869,38,30,57
2021,2,11305635,수유3동,1926,2126,90,79,200
2021,2,11305645,우이동,773,836,33,29,63
2021,2,11305660,인수동,954,1032,32,33,78
2021,2,11320511,창1동,728,803,24,15,75
2021,2,11320512,창2동,851,917,34,25,66
2021,2,11320513,창3동,589,624,18,18,35
2021,2,11320514,창4동,890,992,37,26,102
2021,2,11320515,창5동,1004,1147,40,34,143
2021,2,11320521,도봉1동,1037,1128,34,38,91
2021,2,11320522,도봉2동,863,911,24,26,48
2021,2,11320660,쌍문1동,523,574,18,19,51
2021,2,11320670,쌍문2동,855,951,34,35,96
2021,2,11320680,쌍문3동,689,759,17,16,70
2021,2,11320681,쌍문4동,392,442,17,16,50
2021,2,11320690,방학1동,1670,1858,74,57,188
2021,2,11320700,방학2동,774,817,32,27,43
2021,2,11320710,방학3동,505,548,18,11,43
2021,2,11350560,월계1동,933,1077,30,34,144
2021,2,11350570,월계2동,475,520,17,15,45
2021,2,11350580,월계3동,635,714,26,31,79
2021,2,11350595,공릉1동,1953,2162,77,80,209
2021,2,11350600,공릉2동,1215,1414,57,50,199
2021,2,11350611,하계1동,788,885,27,25,97
2021,2,11350612,하계2동,274,300,5,1,26
2021,2,11350619,중계본동,1088,1194,32,34,106
2021,2,11350621,중계1동,865,1008,25,16,143
2021,2,11350624,중계4동,780,862,34,29,82
2021,2,11350625,중계2·3동,1129,1253,43,32,124
2021,2,11350630,상계1동,1394,1542,46,50,148
2021,2,11350640,상계2동,2471,2775,95,105,304
2021,2,11350665,상계3·4동,835,881,28,25,46
2021,2,11350670,상계5동,1193,1283,59,43,90
2021,2,11350695,상계6·7동,1372,1550,51,32,178
2021,2,11350700,상계8동,393,430,16,9,37
2021,2,11350710,상계9동,435,480,18,9,45
2021,2,11350720,상계10동,318,347,11,8,29
2021,2,11380510,녹번동,1235,1343,51,42,108
2021,2,11380520,불광1동,1230,1364,36,35,134
2021,2,11380530,불광2동,1027,1085,31,25,58
2021,2,11380551,갈현1동,1200,1340,52,44,140
2021,2,11380552,갈현2동,1327,1479,56,55,152
2021,2,11380560,구산동,804,883,29,26,79
2021,2,11380570,대조동,2082,2277,79,63,195
2021,2,11380580,응암1동,1296,1478,59,42,182
2021,2,11380590,응암2동,586,635,37,24,49
2021,2,11380600,응암3동,1433,1551,56,50,118
2021,2,11380625,역촌동,1815,2008,72,58,193
2021,2,11380631,신사1동,912,996,39,38,84
2021,2,11380632,신사2동,535,574,18,17,39
2021,2,11380640,증산동,620,670,20,18,50
2021,2,11380650,수색동,391,418,11,8,27
2021,2,11380690,진관동,1726,2030,69,51,304
2021,2,11410520,천연동,583,638,22,17,55
2021,2,11410555,북아현동,631,695,16,21,64
2021,2,11410565,충현동,1127,1246,48,36,119
2021,2,11410585,신촌동,3303,3810,132,133,507
2021,2,11410615,연희동,1814,1956,66,47,142
2021,2,11410620,홍제1동,687,784,19,19,97
2021,2,11410640,홍제3동,760,827,18,24,67
2021,2,11410655,홍제2동,403,451,11,9,48
2021,2,11410660,홍은1동,648,710,33,17,62
2021,2,11410685,홍은2동,795,897,27,17,102
2021,2,11410690,남가좌1동,535,585,12,12,50
2021,2,11410700,남가좌2동,1065,1209,39,41,144
2021,2,11410710,북가좌1동,404,462,17,7,58
2021,2,11410720,북가좌2동,1026,1144,51,36,118
2021,2,11440555,아현동,1217,1339,40,27,122
2021,2,11440565,공덕동,1741,1884,56,66,143
2021,2,11440585,도화동,1388,1539,45,30,151
2021,2,11440590,용강동,1583,1731,50,29,148
2021,2,11440600,대흥동,1223,1365,50,32,142
2021,2,11440610,염리동,639,711,46,15,72
2021,2,11440630,신수동,952,1022,33,19,70
2021,2,11440655,서강동,1532,1665,70,54,133
2021,2,11440660,서교동,7208,7964,348,281,756
2021,2,11440680,합정동,1787,1926,71,61,139
2021,2,11440690,망원1동,1446,1549,87,55,103
2021,2,11440700,망원2동,1072,1157,43,30,85
2021,2,11440710,연남동,1963,2048,130,70,85
2021,2,11440720,성산1동,1032,1108,28,29,76
2021,2,11440730,성산2동,1343,1489,40,37,146
2021,2,11440740,상암동,1633,1936,75,55,303
2021,2,11470510,목1동,2518,2866,107,70,348
2021,2,11470520,목2동,979,1060,35,27,81
2021,2,11470530,목3동,1012,1108,34,34,96
2021,2,11470540,목4동,1082,1196,46,41,114
2021,2,11470550,목5동,1458,1643,44,37,185
2021,2,11470560,신월1동,1077,1141,49,43,64
2021,2,11470570,신월2동,618,663,16,19,45
2021,2,11470580,신월3동,533,580,17,14,47
2021,2,11470590,신월4동,646,709,16,20,63
2021,2,11470600,신월5동,585,655,21,20,70
2021,2,11470610,신월6동,446,493,21,16,47
2021,2,11470611,신월7동,687,743,23,28,56
2021,2,11470620,신정1동,995,1093,31,21,98
2021,2,11470630,신정2동,873,970,37,35,97
2021,2,11470640,신정3동,1034,1165,51,33,131
2021,2,11470650,신정4동,2206,2383,91,73,177
2021,2,11470670,신정6동,629,700,15,14,71
2021,2,11470680,신정7동,713,830,27,21,117
2021,2,11500510,염창동,1279,1466,49,43,187
2021,2,11500520,등촌1동,1200,1368,57,42,168
2021,2,11500530,등촌2동,512,563,22,18,51
2021,2,11500535,등촌3동,1737,1959,80,72,222
2021,2,11500540,화곡1동,2185,2411,84,86,226
2021,2,11500550,화곡2동,591,627,22,17,36
2021,2,11500560,화곡3동,887,1018,35,26,131
2021,2,11500570,화곡4동,1063,1159,43,39,96
2021,2,11500590,화곡본동,1099,1204,49,46,105
2021,2,11500591,화곡6동,1221,1364,67,59,143
2021,2,11500593,화곡8동,963,1048,42,45,85
2021,2,11500603,가양1동,4100,4660,252,130,560
2021,2,11500604,가양2동,383,436,14,10,53
2021,2,11500605,가양3동,339,384,12,10,45
2021,2,11500611,발산1동,3182,3452,196,66,270
2021,2,11500615,우장산동,1253,1387,43,45,134
2021,2,11500620,공항동,1266,1408,68,34,142
2021,2,11500630,방화1동,1775,1991,66,61,216
2021,2,11500640,방화2동,1487,1636,49,45,149
2021,2,11500641,방화3동,489,545,16,14,56
2021,2,11530510,신도림동,1631,1845,49,36,214
2021,2,11530520,구로1동,498,558,17,14,60
2021,2,11530530,구로2동,4909,5030,85,83,121
2021,2,11530540,구로3동,3436,3877,125,105,441
2021,2,11530550,구로4동,1574,1673,61,50,99
2021,2,11530560,구로5동,2605,2842,74,54,237
2021,2,11530595,가리봉동,806,835,29,26,29
2021,2,11530720,고척1동,1168,1312,37,38,144
2021,2,11530730,고척2동,986,1063,29,28,77
2021,2,11530740,개봉1동,1221,1343,47,33,122
2021,2,11530750,개봉2동,748,847,19,18,99
2021,2,11530760,개봉3동,671,743,28,25,72
2021,2,11530770,오류1동,845,919,30,25,74
2021,2,11530780,오류2동,973,1095,37,30,122
2021,2,11530790,수궁동,687,746,25,21,59
2021,2,11530800,항동,231,276,27,4,45
2021,2,11545510,가산동,7264,7851,261,156,587
2021,2,11545610,독산1동,2252,2511,88,72,259
2021,2,11545620,독산2동,696,765,24,19,69
2021,2,11545630,독산3동,1293,1383,59,56,90
2021,2,11545640,독산4동,631,695,24,25,64
2021,2,11545670,시흥1동,2004,2225,78,84,221
2021,2,11545680,시흥2동,381,417,20,12,36
2021,2,11545690,시흥3동,986,1018,13,21,32
2021,2,11545700,시흥4동,455,494,17,10,39
2021,2,11545710,시흥5동,739,813,21,26,74
2021,2,11560515,영등포본동,1349,1480,31,42,131
2021,2,11560535,영등포동,3763,4169,115,111,406
2021,2,11560540,여의동,4828,5440,187,144,612
2021,2,11560550,당산1동,2238,2394,72,68,156
2021,2,11560560,당산2동,1646,1844,76,48,198
2021,2,11560585,도림동,668,711,28,28,43
2021,2,11560605,문래동,2476,2705,72,47,229
2021,2,11560610,양평1동,1159,1262,53,41,103
2021,2,11560620,양평2동,1368,1500,46,41,132
2021,2,11560630,신길1동,827,899,25,21,72
2021,2,11560650,신길3동,684,735,13,19,51
2021,2,11560660,신길4동,315,355,15,12,40
2021,2,11560670,신길5동,304,337,15,14,33
2021,2,11560680,신길6동,926,1011,30,20,85
2021,2,11560690,신길7동,474,539,15,20,65
2021,2,11560700,대림1동,754,826,41,20,72
2021,2,11560710,대림2동,1213,1266,64,51,53
2021,2,11560720,대림3동,1486,1569,59,68,83
2021,2,11590510,노량진1동,1433,1641,38,56,208
2021,2,11590520,노량진2동,1578,1638,24,37,60
2021,2,11590530,상도1동,1327,1557,45,49,230
2021,2,11590540,상도2동,1086,1216,45,44,130
2021,2,11590550,상도3동,740,798,29,15,58
2021,2,11590560,상도4동,719,804,34,25,85
2021,2,11590605,흑석동,1186,1360,44,40,174
2021,2,11590620,사당1동,1375,1503,52,39,128
2021,2,11590630,사당2동,1379,1554,66,58,175
2021,2,11590640,사당3동,677,746,24,18,69
2021,2,11590650,사당4동,503,560,14,15,57
2021,2,11590651,사당5동,317,355,7,8,38
2021,2,11590660,대방동,1303,1467,39,39,164
2021,2,11590670,신대방1동,787,848,31,22,61
2021,2,11590680,신대방2동,878,1006,31,28,128
2021,2,11620525,보라매동,1216,1331,48,38,115
2021,2,11620545,청림동,372,409,16,12,37
2021,2,11620565,성현동,580,635,21,19,55
2021,2,11620575,행운동,1172,1308,37,40,136
2021,2,11620585,낙성대동,1088,1261,47,48,173
2021,2,11620595,청룡동,1633,1845,62,50,212
2021,2,11620605,은천동,1140,1274,58,40,134
2021,2,11620615,중앙동,803,908,33,21,105
2021,2,11620625,인헌동,863,954,34,42,91
2021,2,11620630,남현동,717,814,18,20,97
2021,2,11620645,서원동,1066,1267,43,38,201
2021,2,11620655,신원동,690,734,25,27,44
2021,2,11620665,서림동,677,744,28,35,67
2021,2,11620685,신사동,1071,1173,65,51,102
2021,2,11620695,신림동,1582,1752,94,75,170
2021,2,11620715,난향동,290,313,13,6,23
2021,2,11620725,조원동,1215,1311,51,49,96
2021,2,11620735,대학동,1136,1275,54,50,139
2021,2,11620745,삼성동,639,660,16,25,21
2021,2,11620765,미성동,1048,1153,34,41,105
2021,2,11620775,난곡동,586,652,24,23,66
2021,2,11650510,서초1동,2856,3066,79,71,210
2021,2,11650520,서초2동,3504,3744,120,93,240
2021,2,11650530,서초3동,6510,6881,177,136,371
2021,2,11650531,서초4동,2965,3218,80,72,253
2021,2,11650540,잠원동,1843,1972,55,58,129
2021,2,11650550,반포본동,534,570,2,18,36
2021,2,11650560,반포1동,1559,1698,62,33,139
2021,2,11650570,반포2동,341,365,8,12,24
2021,2,11650580,반포3동,1110,1195,31,38,85
2021,2,11650581,반포4동,3097,3383,60,66,286
2021,2,11650590,방배본동,1302,1395,38,34,93
2021,2,11650600,방배1동,1187,1327,33,34,140
2021,2,11650610,방배2동,1293,1418,57,47,125
2021,2,11650620,방배3동,687,740,15,10,53
2021,2,11650621,방배4동,1749,1863,50,40,114
2021,2,11650651,양재1동,2540,2774,91,61,234
2021,2,11650652,양재2동,3360,3575,63,67,215
2021,2,11650660,내곡동,871,915,24,20,44
2021,2,11680510,신사동,3738,4032,135,101,294
2021,2,11680521,논현1동,4041,4341,147,124,300
2021,2,11680531,논현2동,4245,4590,189,106,345
2021,2,11680545,압구정동,3971,4200,143,97,229
2021,2,11680565,청담동,4189,4384,140,96,195
2021,2,11680580,삼성1동,3384,3679,110,91,295
2021,2,11680590,삼성2동,2723,2944,84,75,221
2021,2,11680600,대치1동,1049,1177,20,15,128
2021,2,11680610,대치2동,2879,3123,82,78,244
2021,2,11680630,대치4동,3567,3941,140,119,374
2021,2,11680640,역삼1동,10602,11559,368,322,957
2021,2,11680650,역삼2동,3019,3219,87,89,200
2021,2,11680655,도곡1동,1233,1347,48,26,114
2021,2,11680656,도곡2동,1427,1531,32,22,104
2021,2,11680660,개포1동,179,184,1,5,5
2021,2,11680670,개포2동,732,804,24,20,72
2021,2,11680690,개포4동,1327,1415,39,25,88
2021,2,11680700,세곡동,1110,1262,34,28,152
2021,2,11680720,일원본동,417,461,9,8,44
2021,2,11680730,일원1동,661,743,17,9,82
2021,2,11680740,일원2동,425,462,7,8,37
2021,2,11680750,수서동,762,879,23,20,117
2021,2,11710510,풍납1동,488,526,13,12,38
2021,2,11710520,풍납2동,829,907,16,16,78
2021,2,11710531,거여1동,574,625,17,15,51
2021,2,11710532,거여2동,611,680,33,30,69
2021,2,11710540,마천1동,658,700,23,13,42
2021,2,11710550,마천2동,920,990,25,14,70
2021,2,11710561,방이1동,1059,1179,40,28,120
2021,2,11710562,방이2동,2374,2600,79,66,226
2021,2,11710566,오륜동,426,478,12,11,52
2021,2,11710570,오금동,1651,1776,47,39,125
2021,2,11710580,송파1동,1706,1860,71,81,154
2021,2,11710590,송파2동,809,899,17,21,90
2021,2,11710600,석촌동,2300,2536,69,53,236
2021,2,11710610,삼전동,1525,1692,54,50,167
2021,2,11710620,가락본동,2393,2626,97,100,233
2021,2,11710631,가락1동,3502,3567,36,38,65
2021,2,11710632,가락2동,1441,1578,39,36,137
2021,2,11710641,문정1동,1088,1172,47,37,84
2021,2,11710642,문정2동,5468,5940,195,143,472
2021,2,11710646,장지동,941,1028,25,24,87
2021,2,11710647,위례동,707,859,55,39,152
2021,2,11710650,잠실본동,2669,3015,108,94,346
2021,2,11710670,잠실2동,827,930,24,23,103
2021,2,11710680,잠실3동,1657,1813,42,37,156
2021,2,11710690,잠실4동,383,425,11,10,42
2021,2,11710710,잠실6동,1689,1908,55,47,219
2021,2,11710720,잠실7동,193,208,2,2,15
2021,2,11740515,강일동,677,797,54,32,120
2021,2,11740520,상일동,787,881,55,15,94
2021,2,11740530,명일1동,1327,1487,55,50,160
2021,2,11740540,명일2동,943,1091,42,24,148
2021,2,11740550,고덕1동,544,616,28,23,72
2021,2,11740560,고덕2동,690,776,42,24,86
2021,2,11740570,암사1동,1308,1421,45,35,113
2021,2,11740580,암사2동,617,689,27,19,72
2021,2,11740590,암사3동,507,555,26,15,48
2021,2,11740600,천호1동,994,1118,45,32,124
2021,2,11740610,천호2동,3031,3313,81,81,282
2021,2,11740620,천호3동,1386,1514,51,48,128
2021,2,11740640,성내1동,1147,1273,45,45,126
2021,2,11740650,성내2동,1343,1465,45,37,122
2021,2,11740660,성내3동,1837,1994,57,62,157
2021,2,11740685,길동,2709,2987,111,86,278
2021,2,11740690,둔촌1동,27,29,0,0,2
2021,2,11740700,둔촌2동,1076,1166,42,42,90
2021,3,11110515,청운효자동,829,855,33,21,26
2021,3,11110530,사직동,2517,2704,58,54,187
2021,3,11110540,삼청동,646,692,18,7,46
2021,3,11110550,부암동,439,472,17,10,33
2021,3,11110560,평창동,627,662,13,22,35
2021,3,11110570,무악동,166,189,4,5,23
2021,3,11110580,교남동,323,389,19,15,66
2021,3,11110600,가회동,554,600,16,10,46
2021,3,11110615,종로1·2·3·4가동,9897,10437,173,203,540
2021,3,11110630,종로5·6가동,1892,1987,31,41,95
2021,3,11110640,이화동,613,748,10,18,135
2021,3,11110650,혜화동,1267,1457,28,45,190
2021,3,11110670,창신1동,1761,1813,42,66,52
2021,3,11110680,창신2동,376,397,7,8,21
2021,3,11110690,창신3동,161,179,5,6,18
2021,3,11110700,숭인1동,262,293,6,6,31
2021,3,11110710,숭인2동,831,899,10,19,68
2021,3,11140520,소공동,2780,3027,77,64,247
2021,3,11140540,회현동,5107,5351,78,75,244
2021,3,11140550,명동,3984,4472,84,98,488
2021,3,11140570,필동,1063,1188,18,24,125
2021,3,11140580,장충동,484,517,9,15,33
2021,3,11140590,광희동,5299,5538,91,108,239
2021,3,11140605,을지로동,2765,2889,70,46,124
2021,3,11140615,신당동,11825,11949,318,335,124
2021,3,11140625,다산동,789,865,23,19,76
2021,3,11140635,약수동,605,669,20,27,64
2021,3,11140645,청구동,507,545,14,10,38
2021,3,11140650,신당5동,700,759,15,18,59
2021,3,11140665,동화동,523,564,12,13,41
2021,3,11140670,황학동,1326,1405,17,28,79
2021,3,11140680,중림동,645,716,13,11,71
2021,3,11170510,후암동,768,813,21,13,45
2021,3,11170520,용산2가동,548,590,24,17,42
2021,3,11170530,남영동,1135,1295,50,39,160
2021,3,11170555,청파동,1077,1226,30,21,149
2021,3,11170560,원효로1동,1598,1683,22,33,85
2021,3,11170570,원효로2동,877,918,8,16,41
2021,3,11170580,효창동,331,359,4,5,28
2021,3,11170590,용문동,520,559,12,10,39
2021,3,11170625,한강로동,4759,5074,132,84,315
2021,3,11170630,이촌1동,790,862,16,25,72
2021,3,11170640,이촌2동,276,298,6,8,22
2021,3,11170650,이태원1동,1476,1556,40,47,80
2021,3,11170660,이태원2동,771,815,22,19,44
2021,3,11170685,한남동,2136,2261,68,80,125
2021,3,11170690,서빙고동,345,373,5,12,28
2021,3,11170700,보광동,712,752,12,18,40
2021,3,11200520,왕십리2동,488,546,28,14,58
2021,3,11200535,왕십리도선동,1722,1921,64,43,199
2021,3,11200540,마장동,2332,2395,34,33,63
2021,3,11200550,사근동,690,873,24,27,183
2021,3,11200560,행당1동,1065,1212,36,32,147
2021,3,11200570,행당2동,483,555,16,14,72
2021,3,11200580,응봉동,282,302,10,8,20
2021,3,11200590,금호1가동,430,475,11,14,45
2021,3,11200615,금호2·3가동,805,880,29,20,75
2021,3,11200620,금호4가동,509,569,16,17,60
2021,3,11200645,옥수동,802,888,27,32,86
2021,3,11200650,성수1가1동,990,1064,34,30,74
2021,3,11200660,성수1가2동,1724,1845,72,43,121
2021,3,11200670,성수2가1동,1418,1527,40,33,109
2021,3,11200690,성수2가3동,2798,3019,88,59,221
2021,3,11200720,송정동,431,451,13,14,20
2021,3,11200790,용답동,1200,1274,26,29,74
2021,3,11215710,화양동,1970,2350,88,86,380
2021,3,11215730,군자동,1197,1327,53,38,130
2021,3,11215740,중곡1동,1107,1186,35,28,79
2021,3,11215750,중곡2동,1119,1214,29,25,95
2021,3,11215760,중곡3동,859,926,22,14,67
2021,3,11215770,중곡4동,1009,1083,32,39,74
2021,3,11215780,능동,593,664,24,27,71
2021,3,11215810,광장동,1050,1164,25,27,114
2021,3,11215820,자양1동,1214,1341,40,38,127
2021,3,11215830,자양2동,1010,1099,17,29,89
2021,3,11215840,자양3동,1247,1390,38,35,143
2021,3,11215847,자양4동,1428,1547,49,34,119
2021,3,11215850,구의1동,1378,1520,44,54,142
2021,3,11215860,구의2동,925,1016,33,29,91
2021,3,11215870,구의3동,2337,2558,44,42,221
2021,3,11230536,용신동,2566,2749,78,58,183
2021,3,11230545,제기동,3089,3161,55,78,72
2021,3,11230560,전농1동,1870,2068,67,45,198
2021,3,11230570,전농2동,577,668,22,6,91
2021,3,11230600,답십리1동,1102,1204,44,30,102
2021,3,11230610,답십리2동,1585,1677,32,32,92
2021,3,11230650,장안1동,2614,2821,95,69,207
2021,3,11230660,장안2동,1998,2241,49,49,243
2021,3,11230705,청량리동,1068,1132,24,30,64
2021,3,11230710,회기동,846,991,35,34,145
2021,3,11230720,휘경1동,665,741,18,17,76
2021,3,11230730,휘경2동,535,597,26,15,62
2021,3,11230740,이문1동,845,963,33,36,118
2021,3,11230750,이문2동,468,508,14,9,40
2021,3,11260520,면목2동,1067,1130,21,26,63
2021,3,11260540,면목4동,580,621,21,17,41
2021,3,11260550,면목5동,437,473,13,11,36
2021,3,11260565,면목본동,1559,1675,58,43,116
2021,3,11260570,면목7동,974,1038,31,20,64
2021,3,11260575,면목3·8동,1323,1455,58,41,132
2021,3,11260580,상봉1동,821,909,17,26,88
2021,3,11260590,상봉2동,1489,1646,62,45,157
2021,3,11260600,중화1동,604,650,18,17,46
2021,3,11260610,중화2동,1207,1314,43,40,107
2021,3,11260620,묵1동,1031,1149,29,31,118
2021,3,11260630,묵2동,882,946,26,27,64
2021,3,11260655,망우본동,1665,1830,60,48,165
2021,3,11260660,망우3동,541,582,16,13,41
2021,3,11260680,신내1동,1163,1315,50,26,152
2021,3,11260690,신내2동,648,734,13,18,86
2021,3,11290525,성북동,926,988,32,22,62
2021,3,11290555,삼선동,1397,1499,51,41,102
2021,3,11290575,동선동,1615,1868,53,66,253
2021,3,11290580,돈암1동,364,390,6,9,26
2021,3,11290590,돈암2동,417,462,13,11,45
2021,3,11290600,안암동,935,1115,39,32,180
2021,3,11290610,보문동,672,734,18,18,62
2021,3,11290620,정릉1동,527,583,15,14,56
2021,3,11290630,정릉2동,610,679,17,21,69
2021,3,11290640,정릉3동,434,486,9,15,52
2021,3,11290650,정릉4동,653,729,20,22,76
2021,3,11290660,길음1동,823,936,24,22,113
2021,3,11290685,길음2동,1045,1155,41,25,110
2021,3,11290705,종암동,1273,1413,51,39,140
2021,3,11290715,월곡1동,818,904,23,23,86
2021,3,11290725,월곡2동,982,1120,27,23,138
2021,3,11290760,장위1동,606,652,14,9,46
2021,3,11290770,장위2동,699,731,16,19,32
2021,3,11290780,장위3동,412,456,12,13,44
2021,3,11290810,석관동,1296,1427,37,29,131
2021,3,11305534,삼양동,632,695,20,14,63
2021,3,11305535,미아동,1190,1293,41,42,103
2021,3,11305545,송중동,1645,1847,65,67,202
2021,3,11305555,송천동,1319,1450,40,46,131
2021,3,11305575,삼각산동,688,767,27,18,79
2021,3,11305595,번1동,1279,1396,35,38,117
2021,3,11305603,번2동,330,352,10,8,22
2021,3,11305608,번3동,359,409,8,7,50
2021,3,11305615,수유1동,1020,1084,27,34,64
2021,3,11305625,수유2동,817,876,26,19,59
2021,3,11305635,수유3동,1917,2120,64,70,203
2021,3,11305645,우이동,777,843,24,17,66
2021,3,11305660,인수동,937,1018,18,32,81
2021,3,11320511,창1동,729,802,21,22,73
2021,3,11320512,창2동,850,911,22,28,61
2021,3,11320513,창3동,582,618,19,25,36
2021,3,11320514,창4동,887,988,30,34,101
2021,3,11320515,창5동,1005,1150,30,27,145
2021,3,11320521,도봉1동,1034,1126,20,22,92
2021,3,11320522,도봉2동,870,921,26,16,51
2021,3,11320660,쌍문1동,533,583,22,13,50
2021,3,11320670,쌍문2동,846,945,21,27,99
2021,3,11320680,쌍문3동,693,761,17,15,68
2021,3,11320681,쌍문4동,393,444,11,9,51
2021,3,11320690,방학1동,1670,1857,52,53,187
2021,3,11320700,방학2동,771,818,23,22,47
2021,3,11320710,방학3동,504,547,15,16,43
2021,3,11350560,월계1동,930,1074,19,22,144
2021,3,11350570,월계2동,473,518,12,14,45
2021,3,11350580,월계3동,636,715,17,16,79
2021,3,11350595,공릉1동,1940,2152,49,59,212
2021,3,11350600,공릉2동,1207,1411,36,39,204
2021,3,11350611,하계1동,791,891,23,17,100
2021,3,11350612,하계2동,270,299,9,10,29
2021,3,11350619,중계본동,1101,1206,25,13,105
2021,3,11350621,중계1동,873,1010,36,34,137
2021,3,11350624,중계4동,785,865,27,24,80
2021,3,11350625,중계2·3동,1129,1254,37,36,125
2021,3,11350630,상계1동,1393,1541,43,44,148
2021,3,11350640,상계2동,2459,2764,88,99,305
2021,3,11350665,상계3·4동,859,904,41,18,45
2021,3,11350670,상계5동,1199,1290,48,41,91
2021,3,11350695,상계6·7동,1376,1557,42,35,181
2021,3,11350700,상계8동,393,432,14,12,39
2021,3,11350710,상계9동,435,480,8,8,45
2021,3,11350720,상계10동,321,350,6,3,29
2021,3,11380510,녹번동,1253,1362,48,29,109
2021,3,11380520,불광1동,1226,1362,32,34,136
2021,3,11380530,불광2동,1022,1082,30,33,60
2021,3,11380551,갈현1동,1196,1334,39,45,138
2021,3,11380552,갈현2동,1342,1490,49,38,148
2021,3,11380560,구산동,797,877,21,27,80
2021,3,11380570,대조동,2090,2287,70,60,197
2021,3,11380580,응암1동,1320,1508,67,37,188
2021,3,11380590,응암2동,604,658,40,17,54
2021,3,11380600,응암3동,1430,1548,39,42,118
2021,3,11380625,역촌동,1832,2027,65,46,195
2021,3,11380631,신사1동,910,994,22,24,84
2021,3,11380632,신사2동,543,582,20,12,39
2021,3,11380640,증산동,630,676,19,13,46
2021,3,11380650,수색동,391,416,10,12,25
2021,3,11380690,진관동,1725,2038,62,54,313
2021,3,11410520,천연동,577,632,10,16,55
2021,3,11410555,북아현동,632,697,18,16,65
2021,3,11410565,충현동,1117,1233,19,32,116
2021,3,11410585,신촌동,3308,3809,105,106,501
2021,3,11410615,연희동,1812,1952,48,52,140
2021,3,11410620,홍제1동,686,787,25,22,101
2021,3,11410640,홍제3동,765,832,30,25,67
2021,3,11410655,홍제2동,407,457,16,10,50
2021,3,11410660,홍은1동,654,715,24,19,61
2021,3,11410685,홍은2동,803,905,30,22,102
2021,3,11410690,남가좌1동,537,589,13,9,52
2021,3,11410700,남가좌2동,1070,1218,33,24,148
2021,3,11410710,북가좌1동,407,465,11,8,58
2021,3,11410720,북가좌2동,1032,1144,39,39,112
2021,3,11440555,아현동,1218,1345,30,24,127
2021,3,11440565,공덕동,1751,1895,48,37,144
2021,3,11440585,도화동,1376,1529,31,41,153
2021,3,11440590,용강동,1595,1749,67,49,154
2021,3,11440600,대흥동,1209,1351,29,43,142
2021,3,11440610,염리동,650,723,28,16,73
2021,3,11440630,신수동,961,1035,40,27,74
2021,3,11440655,서강동,1540,1678,68,55,138
2021,3,11440660,서교동,7259,8009,290,245,750
2021,3,11440680,합정동,1806,1948,63,41,142
2021,3,11440690,망원1동,1486,1594,89,44,108
2021,3,11440700,망원2동,1073,1164,34,27,91
2021,3,11440710,연남동,2005,2098,99,49,93
2021,3,11440720,성산1동,1029,1105,26,29,76
2021,3,11440730,성산2동,1331,1480,28,37,149
2021,3,11440740,상암동,1618,1925,49,60,307
2021,3,11470510,목1동,2533,2875,79,70,342
2021,3,11470520,목2동,989,1069,32,23,80
2021,3,11470530,목3동,1025,1122,35,21,97
2021,3,11470540,목4동,1087,1204,39,31,117
2021,3,11470550,목5동,1474,1663,46,26,189
2021,3,11470560,신월1동,1080,1144,38,35,64
2021,3,11470570,신월2동,619,665,18,16,46
2021,3,11470580,신월3동,529,577,14,17,48
2021,3,11470590,신월4동,652,716,24,17,64
2021,3,11470600,신월5동,587,653,17,19,66
2021,3,11470610,신월6동,456,504,28,17,48
2021,3,11470611,신월7동,692,745,24,22,53
2021,3,11470620,신정1동,1001,1106,33,20,105
2021,3,11470630,신정2동,872,968,22,24,96
2021,3,11470640,신정3동,1036,1174,41,32,138
2021,3,11470650,신정4동,2216,2399,78,62,183
2021,3,11470670,신정6동,633,702,18,16,69
2021,3,11470680,신정7동,721,840,24,14,119
2021,3,11500510,염창동,1282,1473,33,26,191
2021,3,11500520,등촌1동,1204,1374,40,34,170
2021,3,11500530,등촌2동,519,568,16,11,49
2021,3,11500535,등촌3동,1768,1988,69,40,220
2021,3,11500540,화곡1동,2183,2417,85,79,234
2021,3,11500550,화곡2동,595,632,20,15,37
2021,3,11500560,화곡3동,899,1026,32,24,127
2021,3,11500570,화곡4동,1060,1158,23,24,98
2021,3,11500590,화곡본동,1105,1213,46,37,108
2021,3,11500591,화곡6동,1211,1358,56,62,147
2021,3,11500593,화곡8동,955,1045,25,28,90
2021,3,11500603,가양1동,4172,4733,212,139,561
2021,3,11500604,가양2동,378,430,7,13,52
2021,3,11500605,가양3동,341,387,13,10,46
2021,3,11500611,발산1동,3271,3551,171,72,280
2021,3,11500615,우장산동,1255,1391,42,38,136
2021,3,11500620,공항동,1286,1433,58,33,147
2021,3,11500630,방화1동,1784,2002,59,48,218
2021,3,11500640,방화2동,1493,1645,42,33,152
2021,3,11500641,방화3동,502,558,23,10,56
2021,3,11530510,신도림동,1650,1863,51,33,213
2021,3,11530520,구로1동,500,558,15,15,58
2021,3,11530530,구로2동,4907,5026,71,75,119
2021,3,11530540,구로3동,3447,3891,114,100,444
2021,3,11530550,구로4동,1558,1656,43,60,98
2021,3,11530560,구로5동,2610,2847,79,74,237
2021,3,11530595,가리봉동,815,842,31,24,27
2021,3,11530720,고척1동,1177,1321,36,27,144
2021,3,11530730,고척2동,996,1074,31,20,78
2021,3,11530740,개봉1동,1218,1337,39,45,119
2021,3,11530750,개봉2동,743,843,21,25,100
2021,3,11530760,개봉3동,671,739,11,15,68
2021,3,11530770,오류1동,838,909,23,33,71
2021,3,11530780,오류2동,982,1108,35,22,126
2021,3,11530790,수궁동,687,752,20,14,65
2021,3,11530800,항동,245,299,32,9,54
2021,3,11545510,가산동,7322,7925,222,148,603
2021,3,11545610,독산1동,2279,2549,90,52,270
2021,3,11545620,독산2동,698,769,18,14,71
2021,3,11545630,독산3동,1292,1380,33,36,88
2021,3,11545640,독산4동,635,698,17,14,63
2021,3,11545670,시흥1동,2029,2252,75,48,223
2021,3,11545680,시흥2동,386,421,11,7,35
2021,3,11545690,시흥3동,995,1030,21,9,35
2021,3,11545700,시흥4동,449,488,9,15,39
2021,3,11545710,시흥5동,730,806,15,22,76
2021,3,11560515,영등포본동,1345,1474,33,39,129
2021,3,11560535,영등포동,3779,4182,101,88,403
2021,3,11560540,여의동,4853,5468,159,131,615
2021,3,11560550,당산1동,2264,2423,72,43,159
2021,3,11560560,당산2동,1669,1867,76,53,198
2021,3,11560585,도림동,663,707,13,17,44
2021,3,11560605,문래동,2502,2723,78,60,221
2021,3,11560610,양평1동,1172,1276,42,28,104
2021,3,11560620,양평2동,1382,1511,48,37,129
2021,3,11560630,신길1동,828,900,26,25,72
2021,3,11560650,신길3동,680,734,24,25,54
2021,3,11560660,신길4동,316,358,13,10,42
2021,3,11560670,신길5동,302,336,9,10,34
2021,3,11560680,신길6동,934,1021,37,27,87
2021,3,11560690,신길7동,487,555,23,7,68
2021,3,11560700,대림1동,754,825,20,21,71
2021,3,11560710,대림2동,1222,1275,42,33,53
2021,3,11560720,대림3동,1471,1554,33,48,83
2021,3,11590510,노량진1동,1428,1634,43,50,206
2021,3,11590520,노량진2동,1569,1627,14,25,58
2021,3,11590530,상도1동,1321,1549,26,34,228
2021,3,11590540,상도2동,1081,1208,24,32,127
2021,3,11590550,상도3동,737,795,16,19,58
2021,3,11590560,상도4동,716,802,19,21,86
2021,3,11590605,흑석동,1181,1357,28,31,176
2021,3,11590620,사당1동,1374,1503,38,38,129
2021,3,11590630,사당2동,1370,1544,42,52,174
2021,3,11590640,사당3동,682,751,19,14,69
2021,3,11590650,사당4동,506,562,11,9,56
2021,3,11590651,사당5동,321,359,8,4,38
2021,3,11590660,대방동,1306,1466,24,25,160
2021,3,11590670,신대방1동,786,847,19,20,61
2021,3,11590680,신대방2동,882,1006,22,22,124
2021,3,11620525,보라매동,1215,1331,36,36,116
2021,3,11620545,청림동,374,408,14,15,34
2021,3,11620565,성현동,585,640,21,16,55
2021,3,11620575,행운동,1178,1311,35,32,133
2021,3,11620585,낙성대동,1095,1263,39,37,168
2021,3,11620595,청룡동,1630,1841,46,50,211
2021,3,11620605,은천동,1145,1286,46,34,141
2021,3,11620615,중앙동,799,905,28,31,106
2021,3,11620625,인헌동,862,953,18,19,91
2021,3,11620630,남현동,707,804,14,24,97
2021,3,11620645,서원동,1070,1277,48,38,207
2021,3,11620655,신원동,689,734,20,20,45
2021,3,11620665,서림동,665,734,22,32,69
2021,3,11620685,신사동,1070,1173,33,33,103
2021,3,11620695,신림동,1592,1764,66,54,172
2021,3,11620715,난향동,288,312,12,13,24
2021,3,11620725,조원동,1202,1300,38,49,98
2021,3,11620735,대학동,1128,1268,36,43,140
2021,3,11620745,삼성동,633,654,12,18,21
2021,3,11620765,미성동,1046,1152,26,27,106
2021,3,11620775,난곡동,591,657,17,12,66
2021,3,11650510,서초1동,2873,3083,82,65,210
2021,3,11650520,서초2동,3577,3820,160,84,243
2021,3,11650530,서초3동,6564,6936,192,137,372
2021,3,11650531,서초4동,2982,3234,93,77,252
2021,3,11650540,잠원동,1828,1958,35,49,130
2021,3,11650550,반포본동,520,555,1,16,35
2021,3,11650560,반포1동,1563,1698,58,58,135
2021,3,11650570,반포2동,340,367,8,6,27
2021,3,11650580,반포3동,1107,1192,20,23,85
2021,3,11650581,반포4동,3114,3406,81,58,292
2021,3,11650590,방배본동,1297,1389,26,32,92
2021,3,11650600,방배1동,1189,1330,38,35,141
2021,3,11650610,방배2동,1307,1429,39,28,122
2021,3,11650620,방배3동,686,739,10,11,53
2021,3,11650621,방배4동,1750,1866,49,46,116
2021,3,11650651,양재1동,2547,2786,67,55,239
2021,3,11650652,양재2동,3368,3584,63,54,216
2021,3,11650660,내곡동,867,909,18,24,42
2021,3,11680510,신사동,3765,4059,123,96,294
2021,3,11680521,논현1동,4054,4348,118,111,294
2021,3,11680531,논현2동,4258,4602,140,128,344
2021,3,11680545,압구정동,4007,4233,145,112,226
2021,3,11680565,청담동,4218,4414,122,92,196
2021,3,11680580,삼성1동,3399,3693,96,82,294
2021,3,11680590,삼성2동,2750,2972,87,59,222
2021,3,11680600,대치1동,1055,1179,26,24,124
2021,3,11680610,대치2동,2887,3130,80,73,243
2021,3,11680630,대치4동,3625,4000,137,78,375
2021,3,11680640,역삼1동,10666,11616,356,299,950
2021,3,11680650,역삼2동,3032,3232,88,75,200
2021,3,11680655,도곡1동,1233,1348,25,24,115
2021,3,11680656,도곡2동,1445,1553,48,26,108
2021,3,11680660,개포1동,175,180,1,5,5
2021,3,11680670,개포2동,744,820,37,21,76
2021,3,11680690,개포4동,1340,1429,36,22,89
2021,3,11680700,세곡동,1112,1269,41,34,157
2021,3,11680720,일원본동,422,463,15,13,41
2021,3,11680730,일원1동,660,745,18,16,85
2021,3,11680740,일원2동,433,470,9,1,37
2021,3,11680750,수서동,762,879,17,17,117
2021,3,11710510,풍납1동,484,522,7,11,38
2021,3,11710520,풍납2동,823,902,11,16,79
2021,3,11710531,거여1동,573,626,11,10,53
2021,3,11710532,거여2동,615,687,28,21,72
2021,3,11710540,마천1동,648,688,11,23,40
2021,3,11710550,마천2동,919,986,18,22,67
2021,3,11710561,방이1동,1065,1187,32,24,122
2021,3,11710562,방이2동,2390,2616,87,71,226
2021,3,11710566,오륜동,427,480,6,4,53
2021,3,11710570,오금동,1640,1769,35,42,129
2021,3,11710580,송파1동,1725,1881,60,39,156
2021,3,11710590,송파2동,817,907,28,20,90
2021,3,11710600,석촌동,2314,2551,68,53,237
2021,3,11710610,삼전동,1539,1707,64,49,168
2021,3,11710620,가락본동,2397,2635,82,73,238
2021,3,11710631,가락1동,3504,3571,42,38,67
2021,3,11710632,가락2동,1437,1576,34,36,139
2021,3,11710641,문정1동,1093,1181,37,28,88
2021,3,11710642,문정2동,5508,5978,175,137,470
2021,3,11710646,장지동,941,1028,23,23,87
2021,3,11710647,위례동,714,865,37,31,151
2021,3,11710650,잠실본동,2654,3005,75,85,351
2021,3,11710670,잠실2동,829,934,22,18,105
2021,3,11710680,잠실3동,1655,1813,49,49,158
2021,3,11710690,잠실4동,384,428,13,10,44
2021,3,11710710,잠실6동,1694,1911,65,62,217
2021,3,11710720,잠실7동,192,207,0,1,15
2021,3,11740515,강일동,701,829,48,16,128
2021,3,11740520,상일동,810,910,48,19,100
2021,3,11740530,명일1동,1345,1510,54,31,165
2021,3,11740540,명일2동,958,1108,43,26,150
2021,3,11740550,고덕1동,549,622,25,19,73
2021,3,11740560,고덕2동,696,785,32,23,89
2021,3,11740570,암사1동,1314,1424,40,37,110
2021,3,11740580,암사2동,619,688,21,22,69
2021,3,11740590,암사3동,520,569,25,11,49
2021,3,11740600,천호1동,982,1103,22,37,121
2021,3,11740610,천호2동,3046,3330,91,74,284
2021,3,11740620,천호3동,1396,1526,50,38,130
2021,3,11740640,성내1동,1163,1288,40,25,125
2021,3,11740650,성내2동,1345,1464,31,32,119
2021,3,11740660,성내3동,1843,2002,56,48,159
2021,3,11740685,길동,2714,2990,69,66,276
2021,3,11740690,둔촌1동,27,29,1,1,2
2021,3,11740700,둔촌2동,1072,1160,27,33,88
2021,4,11110515,청운효자동,836,860,27,22,24
2021,4,11110530,사직동,2560,2750,87,41,190
2021,4,11110540,삼청동,652,698,17,11,46
2021,4,11110550,부암동,444,476,14,10,32
2021,4,11110560,평창동,626,662,20,20,36
2021,4,11110570,무악동,169,190,5,4,21
2021,4,11110580,교남동,330,394,12,7,64
2021,4,11110600,가회동,572,618,36,18,46
2021,4,11110615,종로1·2·3·4가동,9913,10449,205,193,536
2021,4,11110630,종로5·6가동,1886,1984,34,37,98
2021,4,11110640,이화동,619,755,25,18,136
2021,4,11110650,혜화동,1275,1468,52,41,193
2021,4,11110670,창신1동,1757,1813,33,33,56
2021,4,11110680,창신2동,379,404,18,11,25
2021,4,11110690,창신3동,161,179,2,2,18
2021,4,11110700,숭인1동,265,296,7,4,31
2021,4,11110710,숭인2동,839,906,32,25,67
2021,4,11140520,소공동,2794,3035,74,66,241
2021,4,11140540,회현동,5097,5339,69,81,242
2021,4,11140550,명동,3977,4465,102,109,488
2021,4,11140570,필동,1077,1204,39,23,127
2021,4,11140580,장충동,493,525,19,11,32
2021,4,11140590,광희동,5283,5521,96,113,238
2021,4,11140605,을지로동,2762,2885,55,59,123
2021,4,11140615,신당동,11831,11958,238,229,127
2021,4,11140625,다산동,794,873,31,23,79
2021,4,11140635,약수동,612,679,23,13,67
2021,4,11140645,청구동,512,551,18,12,39
2021,4,11140650,신당5동,721,783,40,16,62
2021,4,11140665,동화동,525,566,12,10,41
2021,4,11140670,황학동,1328,1411,35,29,83
2021,4,11140680,중림동,651,719,16,13,68
2021,4,11170510,후암동,776,823,24,14,47
2021,4,11170520,용산2가동,553,600,22,12,47
2021,4,11170530,남영동,1171,1335,56,16,164
2021,4,11170555,청파동,1089,1234,39,31,145
2021,4,11170560,원효로1동,1611,1698,41,26,87
2021,4,11170570,원효로2동,885,925,18,11,40
2021,4,11170580,효창동,333,361,8,6,28
2021,4,11170590,용문동,528,571,28,16,43
2021,4,11170625,한강로동,4826,5145,153,82,319
2021,4,11170630,이촌1동,788,859,15,18,71
2021,4,11170640,이촌2동,278,300,13,11,22
2021,4,11170650,이태원1동,1490,1572,66,50,82
2021,4,11170660,이태원2동,781,827,31,19,46
2021,4,11170685,한남동,2157,2278,82,65,121
2021,4,11170690,서빙고동,349,379,11,5,30
2021,4,11170700,보광동,724,767,29,14,43
2021,4,11200520,왕십리2동,495,556,27,17,61
2021,4,11200535,왕십리도선동,1750,1955,79,45,205
2021,4,11200540,마장동,2349,2413,64,46,64
2021,4,11200550,사근동,699,887,32,18,188
2021,4,11200560,행당1동,1070,1220,35,27,150
2021,4,11200570,행당2동,486,559,17,13,73
2021,4,11200580,응봉동,280,300,6,8,20
2021,4,11200590,금호1가동,433,479,20,16,46
2021,4,11200615,금호2·3가동,814,894,34,20,80
2021,4,11200620,금호4가동,504,565,17,21,61
2021,4,11200645,옥수동,811,897,29,20,86
2021,4,11200650,성수1가1동,1016,1091,41,14,75
2021,4,11200660,성수1가2동,1769,1889,84,40,120
2021,4,11200670,성수2가1동,1453,1565,71,33,112
2021,4,11200690,성수2가3동,2846,3075,129,73,229
2021,4,11200720,송정동,434,454,13,10,20
2021,4,11200790,용답동,1211,1285,34,23,74
2021,4,11215710,화양동,2019,2399,137,88,380
2021,4,11215730,군자동,1237,1374,84,37,137
2021,4,11215740,중곡1동,1140,1218,62,30,78
2021,4,11215750,중곡2동,1131,1227,41,28,96
2021,4,11215760,중곡3동,860,931,35,30,71
2021,4,11215770,중곡4동,1006,1078,31,36,72
2021,4,11215780,능동,602,674,30,20,72
2021,4,11215810,광장동,1054,1169,28,23,115
2021,4,11215820,자양1동,1226,1363,56,34,137
2021,4,11215830,자양2동,1022,1108,48,39,86
2021,4,11215840,자양3동,1260,1398,44,36,138
2021,4,11215847,자양4동,1442,1560,62,49,118
2021,4,11215850,구의1동,1410,1558,90,52,148
2021,4,11215860,구의2동,961,1055,61,22,94
2021,4,11215870,구의3동,2352,2576,72,54,224
2021,4,11230536,용신동,2603,2788,91,52,185
2021,4,11230545,제기동,3115,3190,85,56,75
2021,4,11230560,전농1동,1892,2098,75,45,206
2021,4,11230570,전농2동,574,666,17,19,92
2021,4,11230600,답십리1동,1106,1217,40,27,111
2021,4,11230610,답십리2동,1607,1698,51,30,91
2021,4,11230650,장안1동,2641,2852,95,64,211
2021,4,11230660,장안2동,2014,2261,95,75,247
2021,4,11230705,청량리동,1082,1144,36,24,62
2021,4,11230710,회기동,860,1006,42,27,146
2021,4,11230720,휘경1동,679,758,30,13,79
2021,4,11230730,휘경2동,543,607,26,16,64
2021,4,11230740,이문1동,851,970,27,20,119
2021,4,11230750,이문2동,481,522,27,13,41
2021,4,11260520,면목2동,1083,1147,41,24,64
2021,4,11260540,면목4동,582,626,26,21,44
2021,4,11260550,면목5동,447,483,29,19,36
2021,4,11260565,면목본동,1594,1711,81,45,117
2021,4,11260570,면목7동,982,1046,39,31,64
2021,4,11260575,면목3·8동,1347,1480,63,38,133
2021,4,11260580,상봉1동,829,920,32,21,91
2021,4,11260590,상봉2동,1530,1685,89,50,155
2021,4,11260600,중화1동,631,677,42,15,46
2021,4,11260610,중화2동,1233,1340,56,30,107
2021,4,11260620,묵1동,1042,1163,47,33,121
2021,4,11260630,묵2동,913,978,62,30,65
2021,4,11260655,망우본동,1694,1865,83,48,171
2021,4,11260660,망우3동,548,594,20,8,46
2021,4,11260680,신내1동,1192,1350,72,37,158
2021,4,11260690,신내2동,647,734,16,16,87
2021,4,11290525,성북동,933,996,24,16,63
2021,4,11290555,삼선동,1420,1527,60,32,107
2021,4,11290575,동선동,1633,1891,88,65,258
2021,4,11290580,돈암1동,372,398,16,8,26
2021,4,11290590,돈암2동,425,470,17,9,45
2021,4,11290600,안암동,955,1132,46,29,177
2021,4,11290610,보문동,701,763,44,15,62
2021,4,11290620,정릉1동,538,594,22,11,56
2021,4,11290630,정릉2동,616,691,30,18,75
2021,4,11290640,정릉3동,443,496,16,6,53
2021,4,11290650,정릉4동,665,740,25,14,75
2021,4,11290660,길음1동,835,952,41,25,117
2021,4,11290685,길음2동,1071,1181,53,27,110
2021,4,11290705,종암동,1284,1430,49,32,146
2021,4,11290715,월곡1동,841,930,53,27,89
2021,4,11290725,월곡2동,988,1127,44,37,139
2021,4,11290760,장위1동,632,679,36,9,47
2021,4,11290770,장위2동,718,750,30,11,32
2021,4,11290780,장위3동,418,463,19,12,45
2021,4,11290810,석관동,1306,1442,53,38,136
2021,4,11305534,삼양동,646,707,31,19,61
2021,4,11305535,미아동,1206,1310,58,41,104
2021,4,11305545,송중동,1665,1872,71,46,207
2021,4,11305555,송천동,1324,1461,55,44,137
2021,4,11305575,삼각산동,696,778,32,21,82
2021,4,11305595,번1동,1288,1408,52,40,120
2021,4,11305603,번2동,330,351,10,11,21
2021,4,11305608,번3동,358,409,7,7,51
2021,4,11305615,수유1동,1048,1118,63,29,70
2021,4,11305625,수유2동,825,885,32,23,60
2021,4,11305635,수유3동,1953,2161,112,71,208
2021,4,11305645,우이동,792,862,40,21,70
2021,4,11305660,인수동,966,1048,52,22,82
2021,4,11320511,창1동,730,804,30,28,74
2021,4,11320512,창2동,846,911,23,23,65
2021,4,11320513,창3동,584,627,21,12,43
2021,4,11320514,창4동,895,995,27,20,100
2021,4,11320515,창5동,1029,1177,55,28,148
2021,4,11320521,도봉1동,1037,1134,34,26,97
2021,4,11320522,도봉2동,868,918,19,22,50
2021,4,11320660,쌍문1동,548,597,30,16,49
2021,4,11320670,쌍문2동,862,963,39,21,101
2021,4,11320680,쌍문3동,705,777,34,18,72
2021,4,11320681,쌍문4동,405,461,30,13,56
2021,4,11320690,방학1동,1705,1893,78,42,188
2021,4,11320700,방학2동,780,829,27,16,49
2021,4,11320710,방학3동,514,562,25,10,48
2021,4,11350560,월계1동,935,1079,31,26,144
2021,4,11350570,월계2동,473,524,19,13,51
2021,4,11350580,월계3동,638,721,21,15,83
2021,4,11350595,공릉1동,1977,2197,100,55,220
2021,4,11350600,공릉2동,1224,1434,68,45,210
2021,4,11350611,하계1동,791,890,21,22,99
2021,4,11350612,하계2동,276,305,12,6,29
2021,4,11350619,중계본동,1126,1231,56,31,105
2021,4,11350621,중계1동,886,1023,40,27,137
2021,4,11350624,중계4동,795,878,32,19,83
2021,4,11350625,중계2·3동,1146,1271,51,34,125
2021,4,11350630,상계1동,1401,1552,49,38,151
2021,4,11350640,상계2동,2477,2785,86,65,308
2021,4,11350665,상계3·4동,881,931,56,29,50
2021,4,11350670,상계5동,1216,1305,49,34,89
2021,4,11350695,상계6·7동,1407,1596,77,38,189
2021,4,11350700,상계8동,400,440,13,5,40
2021,4,11350710,상계9동,437,482,17,15,45
2021,4,11350720,상계10동,322,351,13,12,29
2021,4,11380510,녹번동,1271,1387,62,37,116
2021,4,11380520,불광1동,1246,1386,55,31,140
2021,4,11380530,불광2동,1033,1093,33,22,60
2021,4,11380551,갈현1동,1210,1348,57,43,138
2021,4,11380552,갈현2동,1367,1525,74,39,158
2021,4,11380560,구산동,815,893,43,27,78
2021,4,11380570,대조동,2155,2351,123,59,196
2021,4,11380580,응암1동,1351,1542,71,37,191
2021,4,11380590,응암2동,626,680,38,16,54
2021,4,11380600,응암3동,1443,1564,68,52,121
2021,4,11380625,역촌동,1873,2087,123,63,214
2021,4,11380631,신사1동,927,1015,50,29,88
2021,4,11380632,신사2동,551,592,20,10,41
2021,4,11380640,증산동,629,676,15,15,47
2021,4,11380650,수색동,402,426,16,6,24
2021,4,11380690,진관동,1772,2094,99,43,322
2021,4,11410520,천연동,579,637,19,14,58
2021,4,11410555,북아현동,639,704,19,12,65
2021,4,11410565,충현동,1126,1246,39,26,120
2021,4,11410585,신촌동,3353,3852,173,130,499
2021,4,11410615,연희동,1837,1976,69,45,139
2021,4,11410620,홍제1동,698,800,32,19,102
2021,4,11410640,홍제3동,789,856,43,19,67
2021,4,11410655,홍제2동,414,468,24,13,54
2021,4,11410660,홍은1동,673,735,38,18,62
2021,4,11410685,홍은2동,806,913,33,25,107
2021,4,11410690,남가좌1동,536,594,21,16,58
2021,4,11410700,남가좌2동,1086,1239,53,32,153
2021,4,11410710,북가좌1동,409,467,14,12,58
2021,4,11410720,북가좌2동,1042,1164,42,22,122
2021,4,11440555,아현동,1240,1367,43,21,127
2021,4,11440565,공덕동,1760,1908,52,39,148
2021,4,11440585,도화동,1387,1548,60,41,161
2021,4,11440590,용강동,1617,1784,82,47,167
2021,4,11440600,대흥동,1237,1382,68,37,145
2021,4,11440610,염리동,658,735,41,29,77
2021,4,11440630,신수동,971,1049,48,34,78
2021,4,11440655,서강동,1584,1723,80,35,139
2021,4,11440660,서교동,7415,8173,394,230,758
2021,4,11440680,합정동,1838,1978,79,49,140
2021,4,11440690,망원1동,1540,1649,106,51,109
2021,4,11440700,망원2동,1098,1192,47,19,94
2021,4,11440710,연남동,2055,2148,126,76,93
2021,4,11440720,성산1동,1041,1118,32,19,77
2021,4,11440730,성산2동,1357,1506,64,38,149
2021,4,11440740,상암동,1646,1967,92,50,321
2021,4,11470510,목1동,2578,2930,114,59,352
2021,4,11470520,목2동,1001,1081,41,29,80
2021,4,11470530,목3동,1052,1150,48,20,98
2021,4,11470540,목4동,1125,1245,68,27,120
2021,4,11470550,목5동,1510,1703,75,35,193
2021,4,11470560,신월1동,1092,1157,46,33,65
2021,4,11470570,신월2동,621,670,17,12,49
2021,4,11470580,신월3동,529,580,21,18,51
2021,4,11470590,신월4동,655,721,28,23,66
2021,4,11470600,신월5동,587,657,28,24,70
2021,4,11470610,신월6동,477,528,38,14,51
2021,4,11470611,신월7동,700,752,20,13,52
2021,4,11470620,신정1동,1017,1126,48,28,109
2021,4,11470630,신정2동,888,988,46,26,100
2021,4,11470640,신정3동,1049,1196,60,38,147
2021,4,11470650,신정4동,2288,2487,138,50,199
2021,4,11470670,신정6동,637,706,24,20,69
2021,4,11470680,신정7동,740,863,43,20,123
2021,4,11500510,염창동,1296,1489,50,34,193
2021,4,11500520,등촌1동,1224,1393,61,42,169
2021,4,11500530,등촌2동,529,585,28,11,56
2021,4,11500535,등촌3동,1814,2026,95,57,212
2021,4,11500540,화곡1동,2206,2450,106,73,244
2021,4,11500550,화곡2동,599,641,24,15,42
2021,4,11500560,화곡3동,913,1040,50,36,127
2021,4,11500570,화곡4동,1092,1189,70,39,97
2021,4,11500590,화곡본동,1116,1220,46,39,104
2021,4,11500591,화곡6동,1249,1403,85,40,154
2021,4,11500593,화곡8동,960,1052,39,32,92
2021,4,11500603,가양1동,4323,4901,316,148,578
2021,4,11500604,가양2동,398,451,26,5,53
2021,4,11500605,가양3동,348,392,11,6,44
2021,4,11500611,발산1동,3368,3654,197,94,286
2021,4,11500615,우장산동,1287,1427,75,39,140
2021,4,11500620,공항동,1329,1474,76,35,145
2021,4,11500630,방화1동,1810,2029,85,58,219
2021,4,11500640,방화2동,1522,1674,63,34,152
2021,4,11500641,방화3동,508,568,27,17,60
2021,4,11530510,신도림동,1687,1908,83,38,221
2021,4,11530520,구로1동,503,560,10,8,57
2021,4,11530530,구로2동,4948,5067,104,63,119
2021,4,11530540,구로3동,3541,4010,187,68,469
2021,4,11530550,구로4동,1593,1690,73,39,97
2021,4,11530560,구로5동,2670,2914,130,63,244
2021,4,11530595,가리봉동,819,845,26,23,26
2021,4,11530720,고척1동,1194,1339,52,34,145
2021,4,11530730,고척2동,1010,1090,43,27,80
2021,4,11530740,개봉1동,1221,1345,43,35,124
2021,4,11530750,개봉2동,753,853,28,18,100
2021,4,11530760,개봉3동,673,740,24,23,67
2021,4,11530770,오류1동,849,923,36,22,74
2021,4,11530780,오류2동,1000,1133,54,29,133
2021,4,11530790,수궁동,693,761,27,18,68
2021,4,11530800,항동,276,337,49,11,61
2021,4,11545510,가산동,7511,8124,353,154,613
2021,4,11545610,독산1동,2320,2603,114,60,283
2021,4,11545620,독산2동,700,777,26,18,77
2021,4,11545630,독산3동,1317,1407,67,40,90
2021,4,11545640,독산4동,639,707,34,25,68
2021,4,11545670,시흥1동,2040,2276,80,56,236
2021,4,11545680,시흥2동,394,427,14,8,33
2021,4,11545690,시흥3동,1006,1044,26,12,38
2021,4,11545700,시흥4동,459,499,22,11,40
2021,4,11545710,시흥5동,739,817,29,18,78
2021,4,11560515,영등포본동,1345,1475,46,45,130
2021,4,11560535,영등포동,3793,4201,115,96,408
2021,4,11560540,여의동,4931,5542,161,87,611
2021,4,11560550,당산1동,2326,2494,118,47,168
2021,4,11560560,당산2동,1697,1896,69,40,199
2021,4,11560585,도림동,679,726,34,15,47
2021,4,11560605,문래동,2541,2760,100,63,219
2021,4,11560610,양평1동,1182,1292,41,25,110
2021,4,11560620,양평2동,1397,1527,47,31,130
2021,4,11560630,신길1동,820,888,15,27,68
2021,4,11560650,신길3동,692,743,28,19,51
2021,4,11560660,신길4동,323,370,20,8,47
2021,4,11560670,신길5동,313,351,23,8,38
2021,4,11560680,신길6동,958,1045,37,13,87
2021,4,11560690,신길7동,500,566,25,14,66
2021,4,11560700,대림1동,758,832,33,26,74
2021,4,11560710,대림2동,1261,1313,83,45,52
2021,4,11560720,대림3동,1468,1551,48,51,83
2021,4,11590510,노량진1동,1433,1633,53,54,200
2021,4,11590520,노량진2동,1568,1624,34,37,56
2021,4,11590530,상도1동,1335,1568,60,41,233
2021,4,11590540,상도2동,1094,1225,46,29,131
2021,4,11590550,상도3동,734,792,23,26,58
2021,4,11590560,상도4동,718,800,30,32,82
2021,4,11590605,흑석동,1207,1383,55,29,176
2021,4,11590620,사당1동,1410,1535,79,47,125
2021,4,11590630,사당2동,1375,1548,49,45,173
2021,4,11590640,사당3동,689,757,25,19,68
2021,4,11590650,사당4동,506,564,19,17,58
2021,4,11590651,사당5동,324,360,15,14,36
2021,4,11590660,대방동,1332,1496,62,32,164
2021,4,11590670,신대방1동,796,857,21,11,61
2021,4,11590680,신대방2동,914,1040,63,29,126
2021,4,11620525,보라매동,1245,1364,64,31,119
2021,4,11620545,청림동,383,419,30,19,36
2021,4,11620565,성현동,603,656,37,21,53
2021,4,11620575,행운동,1217,1351,76,36,134
2021,4,11620585,낙성대동,1104,1274,56,45,170
2021,4,11620595,청룡동,1658,1878,89,52,220
2021,4,11620605,은천동,1176,1314,62,34,138
2021,4,11620615,중앙동,820,924,38,19,104
2021,4,11620625,인헌동,888,979,49,23,91
2021,4,11620630,남현동,711,808,25,21,97
2021,4,11620645,서원동,1093,1313,73,37,220
2021,4,11620655,신원동,687,738,32,28,51
2021,4,11620665,서림동,669,740,30,24,71
2021,4,11620685,신사동,1096,1201,72,44,105
2021,4,11620695,신림동,1637,1816,96,44,179
2021,4,11620715,난향동,294,318,14,8,24
2021,4,11620725,조원동,1222,1322,61,39,100
2021,4,11620735,대학동,1134,1282,62,48,148
2021,4,11620745,삼성동,624,645,10,19,21
2021,4,11620765,미성동,1044,1154,35,33,110
2021,4,11620775,난곡동,590,661,26,22,71
2021,4,11650510,서초1동,2904,3121,90,52,217
2021,4,11650520,서초2동,3683,3936,193,77,253
2021,4,11650530,서초3동,6658,7029,221,128,371
2021,4,11650531,서초4동,2994,3245,81,70,251
2021,4,11650540,잠원동,1862,1990,82,50,128
2021,4,11650550,반포본동,482,514,3,44,32
2021,4,11650560,반포1동,1587,1721,72,49,134
2021,4,11650570,반포2동,336,361,6,12,25
2021,4,11650580,반포3동,1116,1198,32,26,82
2021,4,11650581,반포4동,3134,3427,92,71,293
2021,4,11650590,방배본동,1311,1404,46,31,93
2021,4,11650600,방배1동,1211,1355,53,28,144
2021,4,11650610,방배2동,1329,1452,52,29,123
2021,4,11650620,방배3동,684,738,27,28,54
2021,4,11650621,방배4동,1769,1887,54,33,118
2021,4,11650651,양재1동,2573,2813,90,63,240
2021,4,11650652,양재2동,3413,3639,120,65,226
2021,4,11650660,내곡동,875,918,28,19,43
2021,4,11680510,신사동,3854,4144,174,89,290
2021,4,11680521,논현1동,4100,4401,159,106,301
2021,4,11680531,논현2동,4383,4729,218,91,346
2021,4,11680545,압구정동,4082,4310,167,90,228
2021,4,11680565,청담동,4288,4487,156,83,199
2021,4,11680580,삼성1동,3467,3766,131,58,299
2021,4,11680590,삼성2동,2828,3048,147,71,220
2021,4,11680600,대치1동,1063,1182,26,23,119
2021,4,11680610,대치2동,2959,3207,123,46,248
2021,4,11680630,대치4동,3664,4048,145,97,384
2021,4,11680640,역삼1동,10788,11753,441,304,965
2021,4,11680650,역삼2동,3085,3287,142,87,202
2021,4,11680655,도곡1동,1277,1392,72,28,115
2021,4,11680656,도곡2동,1477,1583,53,23,106
2021,4,11680660,개포1동,177,182,4,2,5
2021,4,11680670,개포2동,778,860,60,20,82
2021,4,11680690,개포4동,1349,1440,37,26,91
2021,4,11680700,세곡동,1146,1309,71,31,163
2021,4,11680720,일원본동,424,467,11,7,43
2021,4,11680730,일원1동,672,756,29,18,84
2021,4,11680740,일원2동,437,476,16,10,39
2021,4,11680750,수서동,771,890,22,11,119
2021,4,11710510,풍납1동,487,524,22,20,37
2021,4,11710520,풍납2동,830,910,19,11,80
2021,4,11710531,거여1동,584,639,25,12,55
2021,4,11710532,거여2동,617,686,23,24,69
2021,4,11710540,마천1동,650,690,20,18,40
2021,4,11710550,마천2동,931,1003,37,20,72
2021,4,11710561,방이1동,1096,1217,53,23,121
2021,4,11710562,방이2동,2424,2659,126,83,235
2021,4,11710566,오륜동,430,483,10,7,53
2021,4,11710570,오금동,1670,1802,58,25,132
2021,4,11710580,송파1동,1764,1927,94,48,163
2021,4,11710590,송파2동,815,905,29,31,90
2021,4,11710600,석촌동,2348,2593,113,71,245
2021,4,11710610,삼전동,1568,1738,82,51,170
2021,4,11710620,가락본동,2424,2675,108,68,251
2021,4,11710631,가락1동,3514,3582,38,27,68
2021,4,11710632,가락2동,1473,1615,67,28,142
2021,4,11710641,문정1동,1107,1201,45,25,94
2021,4,11710642,문정2동,5625,6104,254,128,479
2021,4,11710646,장지동,952,1039,34,23,87
2021,4,11710647,위례동,756,911,83,37,155
2021,4,11710650,잠실본동,2702,3057,143,91,355
2021,4,11710670,잠실2동,843,947,29,16,104
2021,4,11710680,잠실3동,1658,1810,57,60,152
2021,4,11710690,잠실4동,388,432,7,3,44
2021,4,11710710,잠실6동,1711,1927,55,39,216
2021,4,11710720,잠실7동,199,214,8,1,15
2021,4,11740515,강일동,721,856,50,23,135
2021,4,11740520,상일동,838,937,49,22,99
2021,4,11740530,명일1동,1371,1533,66,43,162
2021,4,11740540,명일2동,985,1143,57,22,158
2021,4,11740550,고덕1동,548,623,16,15,75
2021,4,11740560,고덕2동,722,819,60,26,97
2021,4,11740570,암사1동,1320,1436,52,40,116
2021,4,11740580,암사2동,637,711,39,16,74
2021,4,11740590,암사3동,529,579,21,11,50
2021,4,11740600,천호1동,980,1103,41,41,123
2021,4,11740610,천호2동,3066,3357,122,95,291
2021,4,11740620,천호3동,1420,1549,64,41,129
2021,4,11740640,성내1동,1191,1319,50,19,128
2021,4,11740650,성내2동,1371,1492,63,35,121
2021,4,11740660,성내3동,1885,2043,95,54,158
2021,4,11740685,길동,2751,3035,130,85,284
2021,4,11740690,둔촌1동,25,27,0,2,2
2021,4,11740700,둔촌2동,1081,1167,46,39,86
2022,1,11110515,청운효자동,845,869,26,17,24
2022,1,11110530,사직동,2544,2734,44,60,190
2022,1,11110540,삼청동,657,701,16,13,44
2022,1,11110550,부암동,452,484,17,9,32
2022,1,11110560,평창동,627,662,14,14,35
2022,1,11110570,무악동,171,192,3,1,21
2022,1,11110580,교남동,330,396,12,10,66
2022,1,11110600,가회동,580,626,21,13,46
2022,1,11110615,종로1·2·3·4가동,9902,10431,158,176,529
2022,1,11110630,종로5·6가동,1893,1990,37,31,97
2022,1,11110640,이화동,624,759,20,16,135
2022,1,11110650,혜화동,1277,1467,39,40,190
2022,1,11110670,창신1동,1748,1803,29,39,55
2022,1,11110680,창신2동,381,405,14,13,24
2022,1,11110690,창신3동,161,178,2,3,17
2022,1,11110700,숭인1동,266,297,5,4,31
2022,1,11110710,숭인2동,833,900,23,29,67
2022,1,11140520,소공동,2803,3044,63,54,241
2022,1,11140540,회현동,5118,5358,97,78,240
2022,1,11140550,명동,3962,4442,59,82,480
2022,1,11140570,필동,1073,1200,26,30,127
2022,1,11140580,장충동,494,525,15,15,31
2022,1,11140590,광희동,5285,5522,101,100,237
2022,1,11140605,을지로동,2756,2881,51,55,125
2022,1,11140615,신당동,11970,12100,361,219,130
2022,1,11140625,다산동,802,879,22,16,77
2022,1,11140635,약수동,613,678,15,16,65
2022,1,11140645,청구동,507,546,11,16,39
2022,1,11140650,신당5동,724,785,20,18,61
2022,1,11140665,동화동,528,568,15,13,40
2022,1,11140670,황학동,1339,1420,36,27,81
2022,1,11140680,중림동,648,715,13,17,67
2022,1,11170510,후암동,776,822,18,19,46
2022,1,11170520,용산2가동,559,608,21,13,49
2022,1,11170530,남영동,1168,1334,35,36,166
2022,1,11170555,청파동,1088,1233,37,38,145
2022,1,11170560,원효로1동,1611,1701,38,35,90
2022,1,11170570,원효로2동,883,923,14,16,40
2022,1,11170580,효창동,327,354,4,11,27
2022,1,11170590,용문동,524,567,9,13,43
2022,1,11170625,한강로동,4858,5177,104,72,319
2022,1,11170630,이촌1동,782,852,14,21,70
2022,1,11170640,이촌2동,277,300,6,6,23
2022,1,11170650,이태원1동,1514,1593,50,29,79
2022,1,11170660,이태원2동,791,835,29,21,44
2022,1,11170685,한남동,2166,2286,54,46,120
2022,1,11170690,서빙고동,356,386,10,3,30
2022,1,11170700,보광동,721,765,16,18,44
2022,1,11200520,왕십리2동,500,559,22,19,59
2022,1,11200535,왕십리도선동,1765,1974,64,45,209
2022,1,11200540,마장동,2354,2415,37,35,61
2022,1,11200550,사근동,693,874,11,24,181
2022,1,11200560,행당1동,1075,1220,41,41,145
2022,1,11200570,행당2동,483,555,12,16,72
2022,1,11200580,응봉동,284,304,6,2,20
2022,1,11200590,금호1가동,431,476,13,16,45
2022,1,11200615,금호2·3가동,810,885,21,30,75
2022,1,11200620,금호4가동,512,573,17,9,61
2022,1,11200645,옥수동,821,908,27,16,87
2022,1,11200650,성수1가1동,1029,1103,36,24,74
2022,1,11200660,성수1가2동,1793,1913,55,31,120
2022,1,11200670,성수2가1동,1459,1572,36,29,113
2022,1,11200690,성수2가3동,2894,3124,105,56,230
2022,1,11200720,송정동,434,455,13,12,21
2022,1,11200790,용답동,1207,1279,30,36,72
2022,1,11215710,화양동,2044,2436,86,49,392
2022,1,11215730,군자동,1255,1392,52,34,137
2022,1,11215740,중곡1동,1135,1214,31,35,79
2022,1,11215750,중곡2동,1137,1233,36,30,96
2022,1,11215760,중곡3동,858,934,23,20,76
2022,1,11215770,중곡4동,1004,1076,21,23,72
2022,1,11215780,능동,605,678,20,16,73
2022,1,11215810,광장동,1054,1173,27,23,119
2022,1,11215820,자양1동,1212,1350,27,40,138
2022,1,11215830,자양2동,1020,1106,30,32,86
2022,1,11215840,자양3동,1276,1410,34,22,134
2022,1,11215847,자양4동,1436,1555,33,38,119
2022,1,11215850,구의1동,1402,1550,30,38,148
2022,1,11215860,구의2동,969,1064,30,21,95
2022,1,11215870,구의3동,2352,2576,40,40,224
2022,1,11230536,용신동,2602,2794,70,64,192
2022,1,11230545,제기동,3121,3197,66,59,76
2022,1,11230560,전농1동,1915,2122,71,47,207
2022,1,11230570,전농2동,589,680,21,7,91
2022,1,11230600,답십리1동,1109,1225,38,30,116
2022,1,11230610,답십리2동,1624,1719,41,20,95
2022,1,11230650,장안1동,2650,2865,65,52,215
2022,1,11230660,장안2동,2015,2259,50,52,244
2022,1,11230705,청량리동,1093,1157,32,19,64
2022,1,11230710,회기동,877,1021,35,20,144
2022,1,11230720,휘경1동,677,756,14,16,79
2022,1,11230730,휘경2동,551,614,19,12,63
2022,1,11230740,이문1동,851,972,21,19,121
2022,1,11230750,이문2동,476,515,12,19,39
2022,1,11260520,면목2동,1094,1158,35,24,64
2022,1,11260540,면목4동,584,629,21,18,45
2022,1,11260550,면목5동,448,483,14,14,35
2022,1,11260565,면목본동,1607,1725,47,33,118
2022,1,11260570,면목7동,988,1052,36,30,64
2022,1,11260575,면목3·8동,1342,1475,31,36,133
2022,1,11260580,상봉1동,828,921,27,26,93
2022,1,11260590,상봉2동,1535,1692,44,37,157
2022,1,11260600,중화1동,633,681,19,15,48
2022,1,11260610,중화2동,1237,1344,24,20,107
2022,1,11260620,묵1동,1039,1161,29,31,122
2022,1,11260630,묵2동,915,977,23,24,62
2022,1,11260655,망우본동,1704,1877,59,47,173
2022,1,11260660,망우3동,551,597,15,12,46
2022,1,11260680,신내1동,1199,1360,51,41,161
2022,1,11260690,신내2동,654,745,22,11,91
2022,1,11290525,성북동,937,1000,28,24,63
2022,1,11290555,삼선동,1415,1523,41,45,108
2022,1,11290575,동선동,1648,1907,57,41,259
2022,1,11290580,돈암1동,371,395,15,18,24
2022,1,11290590,돈암2동,432,478,21,13,46
2022,1,11290600,안암동,954,1137,33,28,183
2022,1,11290610,보문동,721,783,37,17,62
2022,1,11290620,정릉1동,546,600,23,17,54
2022,1,11290630,정릉2동,624,701,25,15,77
2022,1,11290640,정릉3동,452,504,20,12,52
2022,1,11290650,정릉4동,674,748,27,19,74
2022,1,11290660,길음1동,850,968,39,23,118
2022,1,11290685,길음2동,1101,1217,68,32,116
2022,1,11290705,종암동,1283,1426,39,43,143
2022,1,11290715,월곡1동,845,934,28,24,89
2022,1,11290725,월곡2동,1002,1141,32,18,139
2022,1,11290760,장위1동,648,696,32,15,48
2022,1,11290770,장위2동,716,748,15,17,32
2022,1,11290780,장위3동,416,461,17,19,45
2022,1,11290810,석관동,1332,1470,56,28,138
2022,1,11305534,삼양동,640,702,17,22,62
2022,1,11305535,미아동,1216,1319,40,31,103
2022,1,11305545,송중동,1673,1876,62,58,203
2022,1,11305555,송천동,1316,1453,31,39,137
2022,1,11305575,삼각산동,705,784,26,20,79
2022,1,11305595,번1동,1289,1411,35,32,122
2022,1,11305603,번2동,331,353,13,11,22
2022,1,11305608,번3동,360,412,9,6,52
2022,1,11305615,수유1동,1046,1116,29,31,70
2022,1,11305625,수유2동,826,886,23,22,60
2022,1,11305635,수유3동,1957,2169,52,44,212
2022,1,11305645,우이동,792,862,23,23,70
2022,1,11305660,인수동,977,1056,28,20,79
2022,1,11320511,창1동,726,801,16,19,75
2022,1,11320512,창2동,844,915,27,23,71
2022,1,11320513,창3동,590,634,16,9,44
2022,1,11320514,창4동,896,997,36,34,101
2022,1,11320515,창5동,1027,1176,36,37,149
2022,1,11320521,도봉1동,1045,1142,25,17,97
2022,1,11320522,도봉2동,873,922,23,19,49
2022,1,11320660,쌍문1동,544,593,15,19,49
2022,1,11320670,쌍문2동,870,971,23,15,101
2022,1,11320680,쌍문3동,707,778,12,11,71
2022,1,11320681,쌍문4동,407,461,11,11,54
2022,1,11320690,방학1동,1706,1899,48,42,193
2022,1,11320700,방학2동,780,828,24,25,48
2022,1,11320710,방학3동,512,560,9,11,48
2022,1,11350560,월계1동,937,1081,21,19,144
2022,1,11350570,월계2동,479,530,22,16,51
2022,1,11350580,월계3동,637,719,13,15,82
2022,1,11350595,공릉1동,1986,2205,51,43,219
2022,1,11350600,공릉2동,1234,1450,46,30,216
2022,1,11350611,하계1동,792,888,30,32,96
2022,1,11350612,하계2동,276,305,7,7,29
2022,1,11350619,중계본동,1148,1254,54,31,106
2022,1,11350621,중계1동,891,1030,27,20,139
2022,1,11350624,중계4동,806,891,28,15,85
2022,1,11350625,중계2·3동,1145,1271,28,28,126
2022,1,11350630,상계1동,1401,1556,37,33,155
2022,1,11350640,상계2동,2478,2788,64,61,310
2022,1,11350665,상계3·4동,896,945,32,18,49
2022,1,11350670,상계5동,1213,1301,31,35,88
2022,1,11350695,상계6·7동,1419,1609,54,41,190
2022,1,11350700,상계8동,401,444,20,16,43
2022,1,11350710,상계9동,436,480,6,8,44
2022,1,11350720,상계10동,323,353,10,8,30
2022,1,11380510,녹번동,1289,1405,43,25,116
2022,1,11380520,불광1동,1246,1385,34,35,139
2022,1,11380530,불광2동,1043,1101,27,19,58
2022,1,11380551,갈현1동,1209,1342,33,39,133
2022,1,11380552,갈현2동,1375,1531,51,45,156
2022,1,11380560,구산동,828,907,28,14,79
2022,1,11380570,대조동,2173,2369,72,54,196
2022,1,11380580,응암1동,1365,1554,48,36,189
2022,1,11380590,응암2동,641,694,36,22,53
2022,1,11380600,응암3동,1457,1582,61,43,125
2022,1,11380625,역촌동,1869,2087,58,58,218
2022,1,11380631,신사1동,931,1022,34,27,91
2022,1,11380632,신사2동,556,598,19,13,42
2022,1,11380640,증산동,646,694,27,9,48
2022,1,11380650,수색동,403,429,16,13,26
2022,1,11380690,진관동,1789,2110,70,54,321
2022,1,11410520,천연동,584,642,19,14,58
2022,1,11410555,북아현동,633,698,8,14,65
2022,1,11410565,충현동,1128,1248,24,22,120
2022,1,11410585,신촌동,3352,3847,92,97,495
2022,1,11410615,연희동,1849,1992,52,36,143
2022,1,11410620,홍제1동,704,807,22,15,103
2022,1,11410640,홍제3동,804,875,29,10,71
2022,1,11410655,홍제2동,413,467,7,8,54
2022,1,11410660,홍은1동,678,744,27,18,66
2022,1,11410685,홍은2동,808,914,17,16,106
2022,1,11410690,남가좌1동,535,593,9,10,58
2022,1,11410700,남가좌2동,1091,1243,32,28,152
2022,1,11410710,북가좌1동,420,477,18,8,57
2022,1,11410720,북가좌2동,1054,1174,32,22,120
2022,1,11440555,아현동,1231,1357,24,34,126
2022,1,11440565,공덕동,1758,1910,47,45,152
2022,1,11440585,도화동,1378,1535,23,36,157
2022,1,11440590,용강동,1625,1791,51,44,166
2022,1,11440600,대흥동,1227,1376,31,37,149
2022,1,11440610,염리동,660,734,18,19,74
2022,1,11440630,신수동,971,1049,25,25,78
2022,1,11440655,서강동,1601,1743,60,40,142
2022,1,11440660,서교동,7498,8264,286,195,766
2022,1,11440680,합정동,1846,1987,55,46,141
2022,1,11440690,망원1동,1591,1701,88,36,110
2022,1,11440700,망원2동,1110,1205,26,13,95
2022,1,11440710,연남동,2082,2175,83,56,93
2022,1,11440720,성산1동,1030,1107,25,36,77
2022,1,11440730,성산2동,1356,1510,43,39,154
2022,1,11440740,상암동,1655,1977,55,45,322
2022,1,11470510,목1동,2603,2956,76,50,353
2022,1,11470520,목2동,994,1074,24,31,80
2022,1,11470530,목3동,1040,1140,21,31,100
2022,1,11470540,목4동,1127,1248,42,39,121
2022,1,11470550,목5동,1523,1716,60,47,193
2022,1,11470560,신월1동,1089,1155,23,25,66
2022,1,11470570,신월2동,625,672,18,16,47
2022,1,11470580,신월3동,528,576,11,15,48
2022,1,11470590,신월4동,665,734,27,14,69
2022,1,11470600,신월5동,582,656,10,11,74
2022,1,11470610,신월6동,482,535,20,13,53
2022,1,11470611,신월7동,701,754,20,18,53
2022,1,11470620,신정1동,1018,1125,25,26,107
2022,1,11470630,신정2동,902,1003,31,16,101
2022,1,11470640,신정3동,1055,1203,34,27,148
2022,1,11470650,신정4동,2304,2506,92,73,202
2022,1,11470670,신정6동,644,717,30,19,73
2022,1,11470680,신정7동,746,870,20,13,124
2022,1,11500510,염창동,1290,1485,37,41,195
2022,1,11500520,등촌1동,1243,1412,51,32,169
2022,1,11500530,등촌2동,521,577,15,23,56
2022,1,11500535,등촌3동,1826,2045,69,50,219
2022,1,11500540,화곡1동,2213,2459,70,61,246
2022,1,11500550,화곡2동,605,648,21,14,43
2022,1,11500560,화곡3동,923,1051,40,29,128
2022,1,11500570,화곡4동,1092,1187,39,41,95
2022,1,11500590,화곡본동,1121,1224,32,28,103
2022,1,11500591,화곡6동,1249,1402,37,38,153
2022,1,11500593,화곡8동,962,1061,32,23,99
2022,1,11500603,가양1동,4392,4972,211,140,580
2022,1,11500604,가양2동,396,450,13,14,54
2022,1,11500605,가양3동,346,390,5,7,44
2022,1,11500611,발산1동,3421,3716,142,80,295
2022,1,11500615,우장산동,1285,1426,36,37,141
2022,1,11500620,공항동,1350,1497,49,26,147
2022,1,11500630,방화1동,1816,2037,67,59,221
2022,1,11500640,방화2동,1524,1673,37,38,149
2022,1,11500641,방화3동,507,562,9,15,55
2022,1,11530510,신도림동,1711,1935,61,34,224
2022,1,11530520,구로1동,495,552,14,22,57
2022,1,11530530,구로2동,4944,5064,87,90,120
2022,1,11530540,구로3동,3534,4000,108,118,466
2022,1,11530550,구로4동,1598,1695,44,39,97
2022,1,11530560,구로5동,2652,2901,78,91,249
2022,1,11530595,가리봉동,818,844,14,15,26
2022,1,11530720,고척1동,1200,1344,36,31,144
2022,1,11530730,고척2동,1021,1101,34,23,80
2022,1,11530740,개봉1동,1230,1361,43,27,131
2022,1,11530750,개봉2동,748,851,22,24,103
2022,1,11530760,개봉3동,675,743,26,23,68
2022,1,11530770,오류1동,849,924,30,29,75
2022,1,11530780,오류2동,997,1124,30,39,127
2022,1,11530790,수궁동,681,749,16,28,68
2022,1,11530800,항동,298,362,31,6,64
2022,1,11545510,가산동,7582,8202,213,135,620
2022,1,11545610,독산1동,2333,2622,71,52,289
2022,1,11545620,독산2동,702,779,19,17,77
2022,1,11545630,독산3동,1332,1423,45,29,91
2022,1,11545640,독산4동,636,709,23,21,73
2022,1,11545670,시흥1동,2055,2287,63,52,232
2022,1,11545680,시흥2동,389,423,11,15,34
2022,1,11545690,시흥3동,994,1030,6,20,36
2022,1,11545700,시흥4동,461,502,12,9,41
2022,1,11545710,시흥5동,736,817,23,23,81
2022,1,11560515,영등포본동,1335,1463,29,41,128
2022,1,11560535,영등포동,3822,4228,108,81,406
2022,1,11560540,여의동,4960,5575,156,123,615
2022,1,11560550,당산1동,2350,2526,86,54,176
2022,1,11560560,당산2동,1700,1902,50,44,202
2022,1,11560585,도림동,683,729,19,16,46
2022,1,11560605,문래동,2537,2758,53,55,221
2022,1,11560610,양평1동,1189,1299,29,22,110
2022,1,11560620,양평2동,1402,1530,38,35,128
2022,1,11560630,신길1동,820,887,13,14,67
2022,1,11560650,신길3동,701,750,19,12,49
2022,1,11560660,신길4동,333,382,17,5,49
2022,1,11560670,신길5동,311,347,5,9,36
2022,1,11560680,신길6동,955,1046,30,29,91
2022,1,11560690,신길7동,505,576,21,11,71
2022,1,11560700,대림1동,758,833,20,19,75
2022,1,11560710,대림2동,1259,1311,47,49,52
2022,1,11560720,대림3동,1474,1557,43,37,83
2022,1,11590510,노량진1동,1421,1623,38,48,202
2022,1,11590520,노량진2동,1560,1615,13,22,55
2022,1,11590530,상도1동,1333,1567,34,35,234
2022,1,11590540,상도2동,1099,1229,32,28,130
2022,1,11590550,상도3동,732,791,17,18,59
2022,1,11590560,상도4동,719,799,21,22,80
2022,1,11590605,흑석동,1211,1387,29,25,176
2022,1,11590620,사당1동,1421,1551,45,29,130
2022,1,11590630,사당2동,1375,1540,29,37,165
2022,1,11590640,사당3동,687,758,19,18,71
2022,1,11590650,사당4동,509,566,14,12,57
2022,1,11590651,사당5동,329,366,12,6,37
2022,1,11590660,대방동,1337,1499,36,33,162
2022,1,11590670,신대방1동,796,859,23,21,63
2022,1,11590680,신대방2동,916,1048,27,19,132
2022,1,11620525,보라매동,1229,1350,29,43,121
2022,1,11620545,청림동,378,415,11,15,37
2022,1,11620565,성현동,600,654,19,21,54
2022,1,11620575,행운동,1216,1348,35,38,132
2022,1,11620585,낙성대동,1108,1276,26,24,168
2022,1,11620595,청룡동,1664,1883,48,43,219
2022,1,11620605,은천동,1182,1321,42,35,139
2022,1,11620615,중앙동,815,920,22,26,105
2022,1,11620625,인헌동,891,979,21,21,88
2022,1,11620630,남현동,713,808,20,20,95
2022,1,11620645,서원동,1092,1309,32,36,217
2022,1,11620655,신원동,690,742,24,20,52
2022,1,11620665,서림동,665,735,18,23,70
2022,1,11620685,신사동,1094,1201,31,31,107
2022,1,11620695,신림동,1634,1812,52,56,178
2022,1,11620715,난향동,293,317,9,10,24
2022,1,11620725,조원동,1218,1319,31,34,101
2022,1,11620735,대학동,1116,1269,21,34,153
2022,1,11620745,삼성동,619,641,16,20,22
2022,1,11620765,미성동,1042,1151,23,26,109
2022,1,11620775,난곡동,587,657,8,12,70
2022,1,11650510,서초1동,2926,3145,81,57,219
2022,1,11650520,서초2동,3699,3946,114,104,247
2022,1,11650530,서초3동,6671,7040,185,174,369
2022,1,11650531,서초4동,3014,3263,89,71,249
2022,1,11650540,잠원동,1866,1992,45,43,126
2022,1,11650550,반포본동,468,497,5,22,29
2022,1,11650560,반포1동,1609,1741,62,42,132
2022,1,11650570,반포2동,340,365,8,4,25
2022,1,11650580,반포3동,1128,1210,36,24,82
2022,1,11650581,반포4동,3165,3453,79,53,288
2022,1,11650590,방배본동,1314,1404,36,36,90
2022,1,11650600,방배1동,1225,1366,36,25,141
2022,1,11650610,방배2동,1342,1467,45,30,125
2022,1,11650620,방배3동,682,737,14,15,55
2022,1,11650621,방배4동,1789,1907,49,29,118
2022,1,11650651,양재1동,2601,2845,79,47,244
2022,1,11650652,양재2동,3425,3646,75,68,221
2022,1,11650660,내곡동,880,926,30,22,46
2022,1,11680510,신사동,3884,4172,123,95,288
2022,1,11680521,논현1동,4099,4402,105,104,303
2022,1,11680531,논현2동,4403,4746,132,115,343
2022,1,11680545,압구정동,4137,4363,149,96,226
2022,1,11680565,청담동,4318,4516,104,75,198
2022,1,11680580,삼성1동,3489,3792,102,76,303
2022,1,11680590,삼성2동,2841,3060,80,68,219
2022,1,11680600,대치1동,1068,1181,26,27,113
2022,1,11680610,대치2동,2972,3218,74,63,246
2022,1,11680630,대치4동,3671,4055,122,115,384
2022,1,11680640,역삼1동,10825,11770,337,320,945
2022,1,11680650,역삼2동,3098,3301,93,79,203
2022,1,11680655,도곡1동,1275,1388,31,35,113
2022,1,11680656,도곡2동,1473,1578,27,32,105
2022,1,11680660,개포1동,174,179,2,5,5
2022,1,11680670,개포2동,794,877,32,15,83
2022,1,11680690,개포4동,1361,1454,38,24,93
2022,1,11680700,세곡동,1154,1316,42,35,162
2022,1,11680720,일원본동,421,464,6,9,43
2022,1,11680730,일원1동,676,760,15,11,84
2022,1,11680740,일원2동,443,482,9,3,39
2022,1,11680750,수서동,775,894,19,15,119
2022,1,11710510,풍납1동,487,523,14,15,36
2022,1,11710520,풍납2동,835,913,20,17,78
2022,1,11710531,거여1동,580,634,11,16,54
2022,1,11710532,거여2동,629,702,28,12,73
2022,1,11710540,마천1동,641,681,10,19,40
2022,1,11710550,마천2동,934,1005,27,25,71
2022,1,11710561,방이1동,1109,1228,36,25,119
2022,1,11710562,방이2동,2420,2655,64,68,235
2022,1,11710566,오륜동,434,488,13,8,54
2022,1,11710570,오금동,1671,1803,44,43,132
2022,1,11710580,송파1동,1773,1937,59,49,164
2022,1,11710590,송파2동,823,915,33,23,92
2022,1,11710600,석촌동,2367,2609,75,59,242
2022,1,11710610,삼전동,1584,1753,60,45,169
2022,1,11710620,가락본동,2409,2658,56,73,249
2022,1,11710631,가락1동,3518,3585,38,35,67
2022,1,11710632,가락2동,1475,1616,43,42,141
2022,1,11710641,문정1동,1116,1211,37,27,95
2022,1,11710642,문정2동,5652,6141,163,126,489
2022,1,11710646,장지동,948,1038,18,19,90
2022,1,11710647,위례동,763,925,51,37,162
2022,1,11710650,잠실본동,2710,3070,99,86,360
2022,1,11710670,잠실2동,836,940,26,33,104
2022,1,11710680,잠실3동,1666,1818,37,29,152
2022,1,11710690,잠실4동,382,426,11,17,44
2022,1,11710710,잠실6동,1716,1931,43,39,215
2022,1,11710720,잠실7동,192,206,1,9,14
2022,1,11740515,강일동,744,882,40,14,138
2022,1,11740520,상일동,840,943,33,27,103
2022,1,11740530,명일1동,1402,1565,68,36,163
2022,1,11740540,명일2동,988,1144,28,27,156
2022,1,11740550,고덕1동,543,618,17,22,75
2022,1,11740560,고덕2동,735,839,38,18,104
2022,1,11740570,암사1동,1316,1428,33,41,112
2022,1,11740580,암사2동,634,711,18,18,77
2022,1,11740590,암사3동,536,585,20,14,49
2022,1,11740600,천호1동,988,1109,36,30,121
2022,1,11740610,천호2동,3085,3379,92,70,294
2022,1,11740620,천호3동,1431,1559,41,31,128
2022,1,11740640,성내1동,1199,1326,32,25,127
2022,1,11740650,성내2동,1362,1483,30,39,121
2022,1,11740660,성내3동,1875,2032,37,48,157
2022,1,11740685,길동,2757,3046,78,67,289
2022,1,11740690,둔촌1동,25,27,0,0,2
2022,1,11740700,둔촌2동,1083,1165,27,29,82
2022,2,11110515,청운효자동,860,884,27,12,24
2022,2,11110530,사직동,2567,2756,70,48,189
2022,2,11110540,삼청동,666,711,21,11,45
2022,2,11110550,부암동,454,488,13,9,34
2022,2,11110560,평창동,627,663,8,7,36
2022,2,11110570,무악동,171,192,5,5,21
2022,2,11110580,교남동,325,392,5,9,67
2022,2,11110600,가회동,584,630,14,10,46
2022,2,11110615,종로1·2·3·4가동,9962,10498,195,128,536
2022,2,11110630,종로5·6가동,1901,1995,33,28,94
2022,2,11110640,이화동,634,769,19,9,135
2022,2,11110650,혜화동,1299,1491,47,23,192
2022,2,11110670,창신1동,1751,1807,28,24,56
2022,2,11110680,창신2동,385,409,9,5,24
2022,2,11110690,창신3동,165,182,5,1,17
2022,2,11110700,숭인1동,267,298,6,5,31
2022,2,11110710,숭인2동,835,902,19,17,67
2022,2,11140520,소공동,2819,3065,53,32,246
2022,2,11140540,회현동,5140,5385,69,42,245
2022,2,11140550,명동,3984,4464,89,67,480
2022,2,11140570,필동,1078,1206,25,19,128
2022,2,11140580,장충동,497,529,13,9,32
2022,2,11140590,광희동,5308,5547,73,48,239
2022,2,11140605,을지로동,2769,2891,50,40,122
2022,2,11140615,신당동,12006,12133,175,142,127
2022,2,11140625,다산동,817,894,23,8,77
2022,2,11140635,약수동,622,690,23,11,68
2022,2,11140645,청구동,511,546,8,8,35
2022,2,11140650,신당5동,723,783,18,20,60
2022,2,11140665,동화동,528,568,7,7,40
2022,2,11140670,황학동,1348,1427,34,27,79
2022,2,11140680,중림동,654,725,18,8,71
2022,2,11170510,후암동,784,832,26,16,48
2022,2,11170520,용산2가동,565,613,20,15,48
2022,2,11170530,남영동,1185,1354,42,22,169
2022,2,11170555,청파동,1097,1246,34,21,149
2022,2,11170560,원효로1동,1619,1707,41,35,88
2022,2,11170570,원효로2동,894,933,29,19,39
2022,2,11170580,효창동,324,350,5,9,26
2022,2,11170590,용문동,529,571,12,8,42
2022,2,11170625,한강로동,4910,5234,122,65,324
2022,2,11170630,이촌1동,786,857,17,12,71
2022,2,11170640,이촌2동,278,300,6,6,22
2022,2,11170650,이태원1동,1534,1618,60,35,84
2022,2,11170660,이태원2동,811,853,33,15,42
2022,2,11170685,한남동,2209,2332,86,40,123
2022,2,11170690,서빙고동,358,388,8,6,30
2022,2,11170700,보광동,718,762,12,15,44
2022,2,11200520,왕십리2동,516,576,23,6,60
2022,2,11200535,왕십리도선동,1787,1992,63,45,205
2022,2,11200540,마장동,2367,2427,36,24,60
2022,2,11200550,사근동,695,880,27,21,185
2022,2,11200560,행당1동,1080,1230,43,33,150
2022,2,11200570,행당2동,488,559,10,6,71
2022,2,11200580,응봉동,284,304,4,4,20
2022,2,11200590,금호1가동,427,472,5,9,45
2022,2,11200615,금호2·3가동,817,895,29,19,78
2022,2,11200620,금호4가동,515,580,18,11,65
2022,2,11200645,옥수동,821,912,18,14,91
2022,2,11200650,성수1가1동,1044,1116,33,20,72
2022,2,11200660,성수1가2동,1835,1960,77,30,125
2022,2,11200670,성수2가1동,1480,1590,49,31,110
2022,2,11200690,성수2가3동,2918,3151,88,61,233
2022,2,11200720,송정동,432,452,6,9,20
2022,2,11200790,용답동,1212,1284,29,24,72
2022,2,11215710,화양동,2063,2452,76,60,389
2022,2,11215730,군자동,1278,1422,61,31,144
2022,2,11215740,중곡1동,1164,1242,46,18,78
2022,2,11215750,중곡2동,1150,1239,31,25,89
2022,2,11215760,중곡3동,870,948,34,20,78
2022,2,11215770,중곡4동,1017,1090,35,21,73
2022,2,11215780,능동,601,677,14,15,76
2022,2,11215810,광장동,1075,1195,35,13,120
2022,2,11215820,자양1동,1228,1364,40,26,136
2022,2,11215830,자양2동,1020,1105,34,35,85
2022,2,11215840,자양3동,1280,1415,30,25,135
2022,2,11215847,자양4동,1466,1585,56,26,119
2022,2,11215850,구의1동,1417,1566,49,33,149
2022,2,11215860,구의2동,973,1069,31,26,96
2022,2,11215870,구의3동,2367,2597,50,29,230
2022,2,11230536,용신동,2620,2814,56,36,194
2022,2,11230545,제기동,3135,3215,63,45,80
2022,2,11230560,전농1동,1929,2135,45,32,206
2022,2,11230570,전농2동,594,688,22,14,94
2022,2,11230600,답십리1동,1124,1246,34,13,122
2022,2,11230610,답십리2동,1634,1734,41,26,100
2022,2,11230650,장안1동,2659,2878,62,49,219
2022,2,11230660,장안2동,2034,2276,61,44,242
2022,2,11230705,청량리동,1113,1178,40,19,65
2022,2,11230710,회기동,894,1042,47,26,148
2022,2,11230720,휘경1동,684,763,23,16,79
2022,2,11230730,휘경2동,561,626,25,13,65
2022,2,11230740,이문1동,858,978,28,22,120
2022,2,11230750,이문2동,473,513,13,15,40
2022,2,11260520,면목2동,1098,1162,27,23,64
2022,2,11260540,면목4동,589,639,22,12,50
2022,2,11260550,면목5동,453,489,14,8,36
2022,2,11260565,면목본동,1617,1739,51,37,122
2022,2,11260570,면목7동,992,1059,31,24,67
2022,2,11260575,면목3·8동,1365,1498,52,29,133
2022,2,11260580,상봉1동,834,925,22,18,91
2022,2,11260590,상봉2동,1564,1723,62,31,159
2022,2,11260600,중화1동,643,692,23,12,49
2022,2,11260610,중화2동,1249,1355,32,21,106
2022,2,11260620,묵1동,1041,1168,29,22,127
2022,2,11260630,묵2동,922,984,24,17,62
2022,2,11260655,망우본동,1747,1924,81,34,177
2022,2,11260660,망우3동,551,598,16,15,47
2022,2,11260680,신내1동,1203,1368,40,32,165
2022,2,11260690,신내2동,656,748,11,8,92
2022,2,11290525,성북동,952,1014,29,15,62
2022,2,11290555,삼선동,1437,1546,39,16,109
2022,2,11290575,동선동,1658,1918,63,52,260
2022,2,11290580,돈암1동,377,401,12,6,24
2022,2,11290590,돈암2동,450,497,23,4,47
2022,2,11290600,안암동,979,1164,40,13,185
2022,2,11290610,보문동,733,795,26,14,62
2022,2,11290620,정릉1동,547,602,17,15,55
2022,2,11290630,정릉2동,652,729,43,15,77
2022,2,11290640,정릉3동,463,514,15,5,51
2022,2,11290650,정릉4동,683,756,31,23,73
2022,2,11290660,길음1동,880,998,42,12,118
2022,2,11290685,길음2동,1125,1248,49,18,123
2022,2,11290705,종암동,1303,1448,42,20,145
2022,2,11290715,월곡1동,877,967,42,9,90
2022,2,11290725,월곡2동,1013,1150,26,17,137
2022,2,11290760,장위1동,668,716,31,11,48
2022,2,11290770,장위2동,720,751,14,11,31
2022,2,11290780,장위3동,428,477,21,5,49
2022,2,11290810,석관동,1354,1488,41,23,134
2022,2,11305534,삼양동,650,712,17,7,62
2022,2,11305535,미아동,1220,1328,35,26,108
2022,2,11305545,송중동,1692,1898,69,47,206
2022,2,11305555,송천동,1325,1463,40,30,138
2022,2,11305575,삼각산동,702,779,17,22,77
2022,2,11305595,번1동,1286,1411,39,39,125
2022,2,11305603,번2동,334,356,9,6,22
2022,2,11305608,번3동,365,417,13,8,52
2022,2,11305615,수유1동,1055,1128,30,18,73
2022,2,11305625,수유2동,839,900,33,19,61
2022,2,11305635,수유3동,1989,2209,93,53,220
2022,2,11305645,우이동,798,867,25,20,69
2022,2,11305660,인수동,982,1063,27,20,81
2022,2,11320511,창1동,736,811,24,14,75
2022,2,11320512,창2동,853,922,22,15,69
2022,2,11320513,창3동,594,640,20,14,46
2022,2,11320514,창4동,899,1002,29,24,103
2022,2,11320515,창5동,1035,1190,34,20,155
2022,2,11320521,도봉1동,1063,1163,40,19,100
2022,2,11320522,도봉2동,884,934,27,15,50
2022,2,11320660,쌍문1동,546,596,13,10,50
2022,2,11320670,쌍문2동,875,979,25,17,104
2022,2,11320680,쌍문3동,708,779,16,15,71
2022,2,11320681,쌍문4동,410,465,17,13,55
2022,2,11320690,방학1동,1717,1915,68,52,198
2022,2,11320700,방학2동,783,831,20,17,48
2022,2,11320710,방학3동,517,565,15,10,48
2022,2,11350560,월계1동,945,1090,27,18,145
2022,2,11350570,월계2동,486,538,14,6,52
2022,2,11350580,월계3동,638,719,14,14,81
2022,2,11350595,공릉1동,2014,2240,79,44,226
2022,2,11350600,공릉2동,1250,1467,35,18,217
2022,2,11350611,하계1동,792,889,17,16,97
2022,2,11350612,하계2동,277,305,5,5,28
2022,2,11350619,중계본동,1153,1259,30,25,106
2022,2,11350621,중계1동,904,1040,30,20,136
2022,2,11350624,중계4동,821,912,35,14,91
2022,2,11350625,중계2·3동,1146,1270,18,19,124
2022,2,11350630,상계1동,1393,1551,37,42,158
2022,2,11350640,상계2동,2497,2810,60,38,313
2022,2,11350665,상계3·4동,903,954,27,18,51
2022,2,11350670,상계5동,1219,1310,36,27,91
2022,2,11350695,상계6·7동,1449,1636,51,24,187
2022,2,11350700,상계8동,408,451,13,6,43
2022,2,11350710,상계9동,444,489,15,6,45
2022,2,11350720,상계10동,329,361,12,4,32
2022,2,11380510,녹번동,1306,1423,38,20,117
2022,2,11380520,불광1동,1259,1401,41,25,142
2022,2,11380530,불광2동,1052,1111,28,18,59
2022,2,11380551,갈현1동,1229,1366,55,31,137
2022,2,11380552,갈현2동,1375,1531,37,37,156
2022,2,11380560,구산동,841,921,35,21,80
2022,2,11380570,대조동,2201,2398,71,42,197
2022,2,11380580,응암1동,1386,1576,48,26,190
2022,2,11380590,응암2동,653,707,28,15,54
2022,2,11380600,응암3동,1468,1591,41,32,123
2022,2,11380625,역촌동,1890,2108,68,47,218
2022,2,11380631,신사1동,936,1027,33,28,91
2022,2,11380632,신사2동,551,593,12,17,42
2022,2,11380640,증산동,660,711,28,11,51
2022,2,11380650,수색동,419,447,22,4,28
2022,2,11380690,진관동,1821,2135,73,48,314
2022,2,11410520,천연동,594,653,24,13,59
2022,2,11410555,북아현동,636,700,19,17,64
2022,2,11410565,충현동,1142,1261,29,16,119
2022,2,11410585,신촌동,3387,3884,125,88,497
2022,2,11410615,연희동,1869,2011,47,28,142
2022,2,11410620,홍제1동,701,804,17,20,103
2022,2,11410640,홍제3동,816,891,31,15,75
2022,2,11410655,홍제2동,420,476,15,6,56
2022,2,11410660,홍은1동,682,749,21,16,67
2022,2,11410685,홍은2동,811,920,28,22,109
2022,2,11410690,남가좌1동,535,595,9,7,60
2022,2,11410700,남가좌2동,1103,1257,37,23,154
2022,2,11410710,북가좌1동,424,481,9,5,57
2022,2,11410720,북가좌2동,1069,1189,43,28,120
2022,2,11440555,아현동,1244,1371,34,20,127
2022,2,11440565,공덕동,1777,1933,57,34,156
2022,2,11440585,도화동,1378,1538,39,36,160
2022,2,11440590,용강동,1632,1799,47,39,167
2022,2,11440600,대흥동,1235,1386,37,27,151
2022,2,11440610,염리동,662,739,22,17,77
2022,2,11440630,신수동,967,1044,23,28,77
2022,2,11440655,서강동,1614,1753,62,52,139
2022,2,11440660,서교동,7656,8427,344,181,771
2022,2,11440680,합정동,1856,1997,58,48,141
2022,2,11440690,망원1동,1647,1757,91,35,110
2022,2,11440700,망원2동,1137,1233,45,17,96
2022,2,11440710,연남동,2134,2226,116,65,92
2022,2,11440720,성산1동,1048,1128,34,13,80
2022,2,11440730,성산2동,1374,1526,41,25,152
2022,2,11440740,상암동,1676,2003,71,45,327
2022,2,11470510,목1동,2628,2977,70,49,349
2022,2,11470520,목2동,999,1079,24,19,80
2022,2,11470530,목3동,1046,1146,33,27,100
2022,2,11470540,목4동,1146,1264,45,29,118
2022,2,11470550,목5동,1519,1704,38,50,185
2022,2,11470560,신월1동,1102,1170,42,27,68
2022,2,11470570,신월2동,626,672,13,13,46
2022,2,11470580,신월3동,528,579,15,12,51
2022,2,11470590,신월4동,671,741,27,20,70
2022,2,11470600,신월5동,589,661,20,15,72
2022,2,11470610,신월6동,492,546,26,15,54
2022,2,11470611,신월7동,708,761,18,11,53
2022,2,11470620,신정1동,1018,1125,19,19,107
2022,2,11470630,신정2동,913,1014,31,20,101
2022,2,11470640,신정3동,1061,1219,43,27,158
2022,2,11470650,신정4동,2340,2544,97,59,204
2022,2,11470670,신정6동,643,712,10,15,69
2022,2,11470680,신정7동,756,877,28,21,121
2022,2,11500510,염창동,1306,1501,47,31,195
2022,2,11500520,등촌1동,1266,1437,52,27,171
2022,2,11500530,등촌2동,533,591,23,9,58
2022,2,11500535,등촌3동,1853,2080,73,38,227
2022,2,11500540,화곡1동,2233,2481,76,54,248
2022,2,11500550,화곡2동,602,648,18,18,46
2022,2,11500560,화곡3동,937,1070,46,27,133
2022,2,11500570,화곡4동,1103,1199,31,19,96
2022,2,11500590,화곡본동,1134,1246,51,29,112
2022,2,11500591,화곡6동,1260,1420,52,34,160
2022,2,11500593,화곡8동,971,1075,28,14,104
2022,2,11500603,가양1동,4476,5060,207,119,584
2022,2,11500604,가양2동,398,451,4,3,53
2022,2,11500605,가양3동,348,390,11,11,42
2022,2,11500611,발산1동,3487,3788,151,79,301
2022,2,11500615,우장산동,1292,1433,39,32,141
2022,2,11500620,공항동,1361,1511,42,28,150
2022,2,11500630,방화1동,1863,2084,82,35,221
2022,2,11500640,방화2동,1541,1687,42,28,146
2022,2,11500641,방화3동,509,566,16,12,57
2022,2,11530510,신도림동,1722,1945,38,28,223
2022,2,11530520,구로1동,503,560,12,4,57
2022,2,11530530,구로2동,4984,5109,103,58,125
2022,2,11530540,구로3동,3544,4014,102,88,470
2022,2,11530550,구로4동,1611,1710,53,38,99
2022,2,11530560,구로5동,2668,2919,64,46,251
2022,2,11530595,가리봉동,821,846,18,16,25
2022,2,11530720,고척1동,1204,1349,30,25,145
2022,2,11530730,고척2동,1028,1110,26,17,82
2022,2,11530740,개봉1동,1224,1357,30,34,133
2022,2,11530750,개봉2동,748,853,18,16,105
2022,2,11530760,개봉3동,679,750,24,17,71
2022,2,11530770,오류1동,851,929,26,21,78
2022,2,11530780,오류2동,1012,1139,34,19,127
2022,2,11530790,수궁동,675,744,12,17,69
2022,2,11530800,항동,314,382,25,5,68
2022,2,11545510,가산동,7648,8277,217,142,629
2022,2,11545610,독산1동,2347,2636,63,49,289
2022,2,11545620,독산2동,705,786,19,12,81
2022,2,11545630,독산3동,1342,1434,45,34,92
2022,2,11545640,독산4동,634,706,15,18,72
2022,2,11545670,시흥1동,2082,2316,67,38,234
2022,2,11545680,시흥2동,377,410,6,19,33
2022,2,11545690,시흥3동,996,1032,10,8,36
2022,2,11545700,시흥4동,462,502,9,9,40
2022,2,11545710,시흥5동,738,818,13,12,80
2022,2,11560515,영등포본동,1345,1477,38,24,132
2022,2,11560535,영등포동,3855,4268,104,64,413
2022,2,11560540,여의동,5027,5646,151,80,619
2022,2,11560550,당산1동,2354,2531,61,56,177
2022,2,11560560,당산2동,1727,1932,50,20,205
2022,2,11560585,도림동,699,745,26,10,46
2022,2,11560605,문래동,2574,2795,77,40,221
2022,2,11560610,양평1동,1194,1302,30,27,108
2022,2,11560620,양평2동,1417,1550,44,24,133
2022,2,11560630,신길1동,833,900,22,9,67
2022,2,11560650,신길3동,712,762,28,16,50
2022,2,11560660,신길4동,335,386,10,6,51
2022,2,11560670,신길5동,312,348,4,3,36
2022,2,11560680,신길6동,969,1059,32,19,90
2022,2,11560690,신길7동,523,591,29,14,68
2022,2,11560700,대림1동,768,843,18,8,75
2022,2,11560710,대림2동,1281,1334,65,42,53
2022,2,11560720,대림3동,1483,1566,45,36,83
2022,2,11590510,노량진1동,1415,1625,41,39,210
2022,2,11590520,노량진2동,1560,1615,18,18,55
2022,2,11590530,상도1동,1348,1580,43,30,232
2022,2,11590540,상도2동,1109,1238,28,19,129
2022,2,11590550,상도3동,731,790,20,21,59
2022,2,11590560,상도4동,727,806,18,11,79
2022,2,11590605,흑석동,1231,1414,49,22,183
2022,2,11590620,사당1동,1444,1575,47,23,131
2022,2,11590630,사당2동,1404,1570,69,39,166
2022,2,11590640,사당3동,697,767,23,14,70
2022,2,11590650,사당4동,512,567,11,10,55
2022,2,11590651,사당5동,333,372,10,4,39
2022,2,11590660,대방동,1337,1502,28,25,165
2022,2,11590670,신대방1동,803,870,28,17,67
2022,2,11590680,신대방2동,933,1072,41,17,139
2022,2,11620525,보라매동,1237,1359,35,26,122
2022,2,11620545,청림동,375,415,13,13,40
2022,2,11620565,성현동,603,657,17,14,54
2022,2,11620575,행운동,1222,1357,49,40,135
2022,2,11620585,낙성대동,1126,1299,56,33,173
2022,2,11620595,청룡동,1692,1913,68,38,221
2022,2,11620605,은천동,1203,1338,49,32,135
2022,2,11620615,중앙동,819,926,25,19,107
2022,2,11620625,인헌동,892,981,21,19,89
2022,2,11620630,남현동,716,817,21,12,101
2022,2,11620645,서원동,1105,1322,33,20,217
2022,2,11620655,신원동,696,750,25,17,54
2022,2,11620665,서림동,677,749,26,12,72
2022,2,11620685,신사동,1109,1214,48,35,105
2022,2,11620695,신림동,1627,1803,32,41,176
2022,2,11620715,난향동,297,321,10,6,24
2022,2,11620725,조원동,1220,1322,39,36,102
2022,2,11620735,대학동,1109,1256,21,34,147
2022,2,11620745,삼성동,620,643,11,9,23
2022,2,11620765,미성동,1043,1152,23,22,109
2022,2,11620775,난곡동,586,658,19,18,72
2022,2,11650510,서초1동,2947,3171,70,44,224
2022,2,11650520,서초2동,3761,4010,130,66,249
2022,2,11650530,서초3동,6719,7091,161,110,372
2022,2,11650531,서초4동,3032,3279,71,55,247
2022,2,11650540,잠원동,1877,2006,55,41,129
2022,2,11650550,반포본동,460,485,7,19,25
2022,2,11650560,반포1동,1614,1745,40,36,131
2022,2,11650570,반포2동,337,361,3,7,24
2022,2,11650580,반포3동,1151,1232,38,16,81
2022,2,11650581,반포4동,3185,3477,59,35,292
2022,2,11650590,방배본동,1323,1412,29,21,89
2022,2,11650600,방배1동,1233,1371,29,24,138
2022,2,11650610,방배2동,1344,1472,44,39,128
2022,2,11650620,방배3동,686,744,17,10,58
2022,2,11650621,방배4동,1807,1926,52,33,119
2022,2,11650651,양재1동,2633,2877,75,43,244
2022,2,11650652,양재2동,3460,3680,73,39,220
2022,2,11650660,내곡동,882,928,21,19,46
2022,2,11680510,신사동,3910,4197,111,86,287
2022,2,11680521,논현1동,4165,4475,145,72,310
2022,2,11680531,논현2동,4456,4803,150,93,347
2022,2,11680545,압구정동,4198,4430,141,74,232
2022,2,11680565,청담동,4369,4571,124,69,202
2022,2,11680580,삼성1동,3561,3867,110,35,306
2022,2,11680590,삼성2동,2868,3089,89,60,221
2022,2,11680600,대치1동,1079,1190,27,18,111
2022,2,11680610,대치2동,2998,3241,73,50,243
2022,2,11680630,대치4동,3731,4113,152,94,382
2022,2,11680640,역삼1동,10941,11900,383,253,959
2022,2,11680650,역삼2동,3117,3324,93,70,207
2022,2,11680655,도곡1동,1280,1393,26,21,113
2022,2,11680656,도곡2동,1484,1589,29,18,105
2022,2,11680660,개포1동,176,181,2,0,5
2022,2,11680670,개포2동,816,901,37,13,85
2022,2,11680690,개포4동,1377,1469,30,15,92
2022,2,11680700,세곡동,1177,1347,51,20,170
2022,2,11680720,일원본동,425,468,9,5,43
2022,2,11680730,일원1동,677,763,16,13,86
2022,2,11680740,일원2동,437,478,5,9,41
2022,2,11680750,수서동,776,898,25,21,122
2022,2,11710510,풍납1동,486,522,8,9,36
2022,2,11710520,풍납2동,830,911,12,14,81
2022,2,11710531,거여1동,579,633,13,14,54
2022,2,11710532,거여2동,634,707,19,14,73
2022,2,11710540,마천1동,645,687,18,12,42
2022,2,11710550,마천2동,934,1006,21,20,72
2022,2,11710561,방이1동,1134,1255,51,24,121
2022,2,11710562,방이2동,2446,2682,95,68,236
2022,2,11710566,오륜동,440,497,14,5,57
2022,2,11710570,오금동,1694,1827,56,32,133
2022,2,11710580,송파1동,1800,1966,69,40,166
2022,2,11710590,송파2동,830,926,29,18,96
2022,2,11710600,석촌동,2392,2636,77,50,244
2022,2,11710610,삼전동,1571,1741,37,49,170
2022,2,11710620,가락본동,2422,2671,71,58,249
2022,2,11710631,가락1동,3534,3601,45,29,67
2022,2,11710632,가락2동,1491,1639,55,32,148
2022,2,11710641,문정1동,1132,1227,42,26,95
2022,2,11710642,문정2동,5717,6217,170,94,500
2022,2,11710646,장지동,959,1051,36,23,92
2022,2,11710647,위례동,793,961,56,20,168
2022,2,11710650,잠실본동,2737,3096,90,64,359
2022,2,11710670,잠실2동,855,961,35,14,106
2022,2,11710680,잠실3동,1674,1831,39,26,157
2022,2,11710690,잠실4동,379,426,7,7,47
2022,2,11710710,잠실6동,1726,1946,43,28,220
2022,2,11710720,잠실7동,198,211,8,3,13
2022,2,11740515,강일동,753,892,25,15,139
2022,2,11740520,상일동,850,957,31,17,107
2022,2,11740530,명일1동,1450,1616,91,40,166
2022,2,11740540,명일2동,989,1141,28,31,152
2022,2,11740550,고덕1동,548,624,15,9,76
2022,2,11740560,고덕2동,743,847,35,27,104
2022,2,11740570,암사1동,1316,1431,36,33,115
2022,2,11740580,암사2동,635,712,18,17,77
2022,2,11740590,암사3동,543,595,22,12,52
2022,2,11740600,천호1동,996,1116,37,30,120
2022,2,11740610,천호2동,3105,3407,79,51,302
2022,2,11740620,천호3동,1448,1575,44,28,127
2022,2,11740640,성내1동,1219,1342,50,34,123
2022,2,11740650,성내2동,1377,1496,44,31,119
2022,2,11740660,성내3동,1908,2064,72,40,156
2022,2,11740685,길동,2787,3079,84,51,292
2022,2,11740690,둔촌1동,25,27,0,0,2
2022,2,11740700,둔촌2동,1090,1177,34,22,87
2022,3,11110515,청운효자동,861,886,24,22,25
2022,3,11110530,사직동,2556,2750,61,67,194
2022,3,11110540,삼청동,663,709,19,21,46
2022,3,11110550,부암동,451,484,8,12,33
2022,3,11110560,평창동,631,666,16,13,35
2022,3,11110570,무악동,174,195,7,4,21
2022,3,11110580,교남동,322,387,8,13,65
2022,3,11110600,가회동,588,634,17,13,46
2022,3,11110615,종로1·2·3·4가동,9955,10492,215,221,537
2022,3,11110630,종로5·6가동,1894,1988,41,48,94
2022,3,11110640,이화동,635,770,15,14,135
2022,3,11110650,혜화동,1296,1488,47,50,192
2022,3,11110670,창신1동,1748,1804,31,34,56
2022,3,11110680,창신2동,381,406,11,14,25
2022,3,11110690,창신3동,168,185,3,0,17
2022,3,11110700,숭인1동,269,299,7,6,30
2022,3,11110710,숭인2동,833,899,21,24,66
2022,3,11140520,소공동,2832,3083,82,64,251
2022,3,11140540,회현동,5107,5348,93,130,241
2022,3,11140550,명동,3970,4447,94,111,477
2022,3,11140570,필동,1077,1199,27,34,122
2022,3,11140580,장충동,494,526,8,11,32
2022,3,11140590,광희동,5265,5496,83,134,231
2022,3,11140605,을지로동,2759,2882,55,64,123
2022,3,11140615,신당동,11956,12084,313,362,128
2022,3,11140625,다산동,817,895,19,18,78
2022,3,11140635,약수동,625,694,18,14,69
2022,3,11140645,청구동,510,546,13,13,36
2022,3,11140650,신당5동,724,786,26,23,62
2022,3,11140665,동화동,526,565,10,13,39
2022,3,11140670,황학동,1341,1419,35,43,78
2022,3,11140680,중림동,648,714,11,22,66
2022,3,11170510,후암동,783,828,16,20,45
2022,3,11170520,용산2가동,562,608,19,24,46
2022,3,11170530,남영동,1170,1343,23,34,173
2022,3,11170555,청파동,1098,1249,34,31,151
2022,3,11170560,원효로1동,1612,1700,25,32,88
2022,3,11170570,원효로2동,881,919,17,31,38
2022,3,11170580,효창동,327,352,12,10,25
2022,3,11170590,용문동,525,566,14,19,41
2022,3,11170625,한강로동,4891,5217,91,108,326
2022,3,11170630,이촌1동,788,860,21,18,72
2022,3,11170640,이촌2동,279,300,8,8,21
2022,3,11170650,이태원1동,1549,1631,60,47,82
2022,3,11170660,이태원2동,807,849,26,30,42
2022,3,11170685,한남동,2226,2344,63,51,118
2022,3,11170690,서빙고동,353,382,4,10,29
2022,3,11170700,보광동,717,761,14,15,44
2022,3,11200520,왕십리2동,517,577,21,20,60
2022,3,11200535,왕십리도선동,1780,1987,46,51,207
2022,3,11200540,마장동,2361,2420,43,50,59
2022,3,11200550,사근동,694,878,22,24,184
2022,3,11200560,행당1동,1062,1211,19,38,149
2022,3,11200570,행당2동,484,557,15,17,73
2022,3,11200580,응봉동,282,303,6,7,21
2022,3,11200590,금호1가동,427,473,13,12,46
2022,3,11200615,금호2·3가동,820,898,30,27,78
2022,3,11200620,금호4가동,517,579,14,15,62
2022,3,11200645,옥수동,809,899,9,22,90
2022,3,11200650,성수1가1동,1038,1110,16,22,72
2022,3,11200660,성수1가2동,1854,1978,70,52,124
2022,3,11200670,성수2가1동,1466,1577,30,43,111
2022,3,11200690,성수2가3동,2926,3159,89,81,233
2022,3,11200720,송정동,431,450,14,16,19
2022,3,11200790,용답동,1211,1279,26,31,68
2022,3,11215710,화양동,2059,2448,90,94,389
2022,3,11215730,군자동,1298,1448,57,31,150
2022,3,11215740,중곡1동,1168,1245,51,48,77
2022,3,11215750,중곡2동,1141,1229,32,42,88
2022,3,11215760,중곡3동,865,946,36,38,81
2022,3,11215770,중곡4동,1006,1077,23,36,71
2022,3,11215780,능동,601,677,18,18,76
2022,3,11215810,광장동,1086,1211,45,29,125
2022,3,11215820,자양1동,1217,1358,29,35,141
2022,3,11215830,자양2동,1001,1085,22,42,84
2022,3,11215840,자양3동,1273,1405,25,35,132
2022,3,11215847,자양4동,1456,1573,51,63,117
2022,3,11215850,구의1동,1405,1557,31,40,152
2022,3,11215860,구의2동,967,1063,27,33,96
2022,3,11215870,구의3동,2361,2588,51,60,227
2022,3,11230536,용신동,2625,2819,69,64,194
2022,3,11230545,제기동,3110,3190,52,77,80
2022,3,11230560,전농1동,1917,2120,48,63,203
2022,3,11230570,전농2동,600,693,23,18,93
2022,3,11230600,답십리1동,1130,1253,39,32,123
2022,3,11230610,답십리2동,1636,1734,34,34,98
2022,3,11230650,장안1동,2639,2860,69,87,221
2022,3,11230660,장안2동,2009,2248,59,87,239
2022,3,11230705,청량리동,1087,1152,25,51,65
2022,3,11230710,회기동,896,1045,36,33,149
2022,3,11230720,휘경1동,682,760,19,22,78
2022,3,11230730,휘경2동,552,621,21,26,69
2022,3,11230740,이문1동,858,979,31,30,121
2022,3,11230750,이문2동,478,518,22,17,40
2022,3,11260520,면목2동,1092,1157,30,35,65
2022,3,11260540,면목4동,578,627,17,29,49
2022,3,11260550,면목5동,450,485,16,20,35
2022,3,11260565,면목본동,1608,1727,56,68,119
2022,3,11260570,면목7동,990,1054,37,42,64
2022,3,11260575,면목3·8동,1364,1496,47,49,132
2022,3,11260580,상봉1동,828,917,28,36,89
2022,3,11260590,상봉2동,1560,1720,73,76,160
2022,3,11260600,중화1동,636,684,14,22,48
2022,3,11260610,중화2동,1245,1351,35,39,106
2022,3,11260620,묵1동,1034,1157,22,33,123
2022,3,11260630,묵2동,925,986,34,32,61
2022,3,11260655,망우본동,1746,1923,69,70,177
2022,3,11260660,망우3동,547,594,14,18,47
2022,3,11260680,신내1동,1206,1369,35,34,163
2022,3,11260690,신내2동,647,743,18,23,96
2022,3,11290525,성북동,963,1026,44,32,63
2022,3,11290555,삼선동,1436,1546,51,51,110
2022,3,11290575,동선동,1683,1942,68,44,259
2022,3,11290580,돈암1동,379,401,17,17,22
2022,3,11290590,돈암2동,464,510,31,18,46
2022,3,11290600,안암동,980,1166,44,42,186
2022,3,11290610,보문동,734,794,21,22,60
2022,3,11290620,정릉1동,563,619,39,22,56
2022,3,11290630,정릉2동,667,746,36,19,79
2022,3,11290640,정릉3동,470,516,18,16,46
2022,3,11290650,정릉4동,697,767,33,22,70
2022,3,11290660,길음1동,903,1024,50,24,121
2022,3,11290685,길음2동,1131,1257,48,39,126
2022,3,11290705,종암동,1304,1451,38,35,147
2022,3,11290715,월곡1동,884,977,36,26,93
2022,3,11290725,월곡2동,1007,1140,33,43,133
2022,3,11290760,장위1동,678,730,38,24,52
2022,3,11290770,장위2동,722,755,16,12,33
2022,3,11290780,장위3동,429,478,17,16,49
2022,3,11290810,석관동,1369,1503,45,30,134
2022,3,11305534,삼양동,649,706,14,20,57
2022,3,11305535,미아동,1214,1322,43,49,108
2022,3,11305545,송중동,1682,1883,64,79,201
2022,3,11305555,송천동,1313,1451,38,50,138
2022,3,11305575,삼각산동,704,783,27,23,79
2022,3,11305595,번1동,1277,1402,35,44,125
2022,3,11305603,번2동,327,347,1,10,20
2022,3,11305608,번3동,363,414,7,10,51
2022,3,11305615,수유1동,1041,1114,25,39,73
2022,3,11305625,수유2동,836,898,29,31,62
2022,3,11305635,수유3동,1983,2210,87,86,227
2022,3,11305645,우이동,797,863,31,35,66
2022,3,11305660,인수동,970,1048,28,43,78
2022,3,11320511,창1동,736,810,23,24,74
2022,3,11320512,창2동,851,917,18,23,66
2022,3,11320513,창3동,594,639,16,17,45
2022,3,11320514,창4동,890,991,20,31,101
2022,3,11320515,창5동,1029,1185,40,45,156
2022,3,11320521,도봉1동,1050,1149,29,43,99
2022,3,11320522,도봉2동,872,921,17,30,49
2022,3,11320660,쌍문1동,548,597,15,14,49
2022,3,11320670,쌍문2동,872,972,30,37,100
2022,3,11320680,쌍문3동,699,770,22,31,71
2022,3,11320681,쌍문4동,410,463,10,12,53
2022,3,11320690,방학1동,1721,1919,68,64,198
2022,3,11320700,방학2동,776,824,23,30,48
2022,3,11320710,방학3동,516,564,11,12,48
2022,3,11350560,월계1동,936,1082,23,31,146
2022,3,11350570,월계2동,487,540,19,17,53
2022,3,11350580,월계3동,634,714,12,17,80
2022,3,11350595,공릉1동,1994,2220,62,82,226
2022,3,11350600,공릉2동,1254,1470,48,45,216
2022,3,11350611,하계1동,791,889,25,25,98
2022,3,11350612,하계2동,278,304,12,13,26
2022,3,11350619,중계본동,1147,1256,27,30,109
2022,3,11350621,중계1동,907,1046,32,26,139
2022,3,11350624,중계4동,823,911,29,30,88
2022,3,11350625,중계2·3동,1139,1264,34,40,125
2022,3,11350630,상계1동,1379,1538,49,62,159
2022,3,11350640,상계2동,2502,2811,97,96,309
2022,3,11350665,상계3·4동,905,954,28,28,49
2022,3,11350670,상계5동,1226,1317,42,35,91
2022,3,11350695,상계6·7동,1454,1640,51,47,186
2022,3,11350700,상계8동,399,443,6,14,44
2022,3,11350710,상계9동,442,488,18,19,46
2022,3,11350720,상계10동,328,364,17,14,36
2022,3,11380510,녹번동,1313,1433,50,40,120
2022,3,11380520,불광1동,1259,1398,46,49,139
2022,3,11380530,불광2동,1053,1112,26,25,59
2022,3,11380551,갈현1동,1212,1347,31,50,135
2022,3,11380552,갈현2동,1369,1525,48,54,156
2022,3,11380560,구산동,839,920,34,35,81
2022,3,11380570,대조동,2198,2390,58,66,192
2022,3,11380580,응암1동,1381,1569,52,59,188
2022,3,11380590,응암2동,656,713,24,18,57
2022,3,11380600,응암3동,1458,1581,31,41,123
2022,3,11380625,역촌동,1885,2099,54,63,214
2022,3,11380631,신사1동,940,1029,37,35,89
2022,3,11380632,신사2동,551,592,21,22,41
2022,3,11380640,증산동,669,718,23,16,49
2022,3,11380650,수색동,415,443,8,12,28
2022,3,11380690,진관동,1845,2155,72,52,310
2022,3,11410520,천연동,594,651,20,22,57
2022,3,11410555,북아현동,635,699,15,16,64
2022,3,11410565,충현동,1138,1255,32,38,117
2022,3,11410585,신촌동,3389,3877,137,144,488
2022,3,11410615,연희동,1860,1998,48,61,138
2022,3,11410620,홍제1동,700,804,23,23,104
2022,3,11410640,홍제3동,806,880,23,34,74
2022,3,11410655,홍제2동,423,478,17,15,55
2022,3,11410660,홍은1동,677,738,16,27,61
2022,3,11410685,홍은2동,807,913,31,38,106
2022,3,11410690,남가좌1동,539,609,27,13,70
2022,3,11410700,남가좌2동,1118,1273,48,32,155
2022,3,11410710,북가좌1동,424,484,20,17,60
2022,3,11410720,북가좌2동,1056,1179,32,42,123
2022,3,11440555,아현동,1226,1353,28,46,127
2022,3,11440565,공덕동,1770,1927,51,57,157
2022,3,11440585,도화동,1370,1532,37,43,162
2022,3,11440590,용강동,1622,1784,45,60,162
2022,3,11440600,대흥동,1229,1378,47,55,149
2022,3,11440610,염리동,662,737,23,25,75
2022,3,11440630,신수동,973,1053,33,24,80
2022,3,11440655,서강동,1627,1764,63,52,137
2022,3,11440660,서교동,7693,8446,311,292,753
2022,3,11440680,합정동,1886,2027,82,52,141
2022,3,11440690,망원1동,1676,1787,93,63,111
2022,3,11440700,망원2동,1132,1225,37,45,93
2022,3,11440710,연남동,2160,2252,104,78,92
2022,3,11440720,성산1동,1049,1124,26,30,75
2022,3,11440730,성산2동,1368,1517,43,52,149
2022,3,11440740,상암동,1675,2001,59,61,326
2022,3,11470510,목1동,2628,2975,102,104,347
2022,3,11470520,목2동,997,1081,33,31,84
2022,3,11470530,목3동,1036,1136,26,36,100
2022,3,11470540,목4동,1153,1272,35,27,119
2022,3,11470550,목5동,1514,1700,36,40,186
2022,3,11470560,신월1동,1083,1151,33,52,68
2022,3,11470570,신월2동,626,673,16,15,47
2022,3,11470580,신월3동,522,572,19,26,50
2022,3,11470590,신월4동,670,738,10,13,68
2022,3,11470600,신월5동,580,651,21,31,71
2022,3,11470610,신월6동,499,551,25,20,52
2022,3,11470611,신월7동,699,751,20,30,52
2022,3,11470620,신정1동,1013,1121,33,37,108
2022,3,11470630,신정2동,921,1018,31,27,97
2022,3,11470640,신정3동,1060,1216,42,45,156
2022,3,11470650,신정4동,2344,2543,70,71,199
2022,3,11470670,신정6동,638,706,12,18,68
2022,3,11470680,신정7동,773,891,34,20,118
2022,3,11500510,염창동,1294,1490,41,52,196
2022,3,11500520,등촌1동,1283,1453,80,64,170
2022,3,11500530,등촌2동,533,593,22,20,60
2022,3,11500535,등촌3동,1847,2065,64,79,218
2022,3,11500540,화곡1동,2221,2472,87,96,251
2022,3,11500550,화곡2동,600,645,14,17,45
2022,3,11500560,화곡3동,928,1061,25,34,133
2022,3,11500570,화곡4동,1107,1200,35,34,93
2022,3,11500590,화곡본동,1123,1234,36,48,111
2022,3,11500591,화곡6동,1259,1421,57,56,162
2022,3,11500593,화곡8동,951,1058,32,49,107
2022,3,11500603,가양1동,4516,5086,237,211,570
2022,3,11500604,가양2동,401,454,14,11,53
2022,3,11500605,가양3동,346,383,10,17,37
2022,3,11500611,발산1동,3497,3806,134,116,309
2022,3,11500615,우장산동,1291,1431,42,44,140
2022,3,11500620,공항동,1351,1498,34,47,147
2022,3,11500630,방화1동,1897,2115,97,66,218
2022,3,11500640,방화2동,1531,1674,41,54,143
2022,3,11500641,방화3동,507,564,7,9,57
2022,3,11530510,신도림동,1729,1951,51,45,222
2022,3,11530520,구로1동,507,562,13,11,55
2022,3,11530530,구로2동,4956,5080,67,96,124
2022,3,11530540,구로3동,3545,4002,91,103,457
2022,3,11530550,구로4동,1609,1706,51,55,97
2022,3,11530560,구로5동,2665,2915,85,89,250
2022,3,11530595,가리봉동,808,834,25,37,26
2022,3,11530720,고척1동,1197,1337,38,50,140
2022,3,11530730,고척2동,1021,1102,31,39,81
2022,3,11530740,개봉1동,1223,1352,33,38,129
2022,3,11530750,개봉2동,736,843,24,34,107
2022,3,11530760,개봉3동,675,741,20,29,66
2022,3,11530770,오류1동,852,931,27,25,79
2022,3,11530780,오류2동,1013,1138,33,34,125
2022,3,11530790,수궁동,665,733,19,30,68
2022,3,11530800,항동,324,393,22,11,69
2022,3,11545510,가산동,7670,8314,215,178,644
2022,3,11545610,독산1동,2363,2659,82,59,296
2022,3,11545620,독산2동,704,787,26,25,83
2022,3,11545630,독산3동,1331,1424,35,45,93
2022,3,11545640,독산4동,634,705,20,21,71
2022,3,11545670,시흥1동,2055,2288,62,90,233
2022,3,11545680,시흥2동,378,411,12,11,33
2022,3,11545690,시흥3동,994,1029,14,17,35
2022,3,11545700,시흥4동,456,496,12,18,40
2022,3,11545710,시흥5동,738,817,19,20,79
2022,3,11560515,영등포본동,1321,1451,19,45,130
2022,3,11560535,영등포동,3814,4223,108,153,409
2022,3,11560540,여의동,5048,5659,158,145,611
2022,3,11560550,당산1동,2359,2535,70,66,176
2022,3,11560560,당산2동,1736,1941,52,43,205
2022,3,11560585,도림동,705,751,20,14,46
2022,3,11560605,문래동,2594,2818,78,55,224
2022,3,11560610,양평1동,1196,1302,35,35,106
2022,3,11560620,양평2동,1402,1535,40,55,133
2022,3,11560630,신길1동,832,899,22,23,67
2022,3,11560650,신길3동,710,761,15,16,51
2022,3,11560660,신길4동,329,381,7,12,52
2022,3,11560670,신길5동,315,350,9,7,35
2022,3,11560680,신길6동,984,1074,37,22,90
2022,3,11560690,신길7동,521,588,22,25,67
2022,3,11560700,대림1동,757,833,23,33,76
2022,3,11560710,대림2동,1274,1328,51,57,54
2022,3,11560720,대림3동,1485,1567,52,51,82
2022,3,11590510,노량진1동,1401,1603,35,57,202
2022,3,11590520,노량진2동,1551,1607,16,24,56
2022,3,11590530,상도1동,1353,1583,38,35,230
2022,3,11590540,상도2동,1100,1228,27,37,128
2022,3,11590550,상도3동,725,783,10,17,58
2022,3,11590560,상도4동,731,811,27,22,80
2022,3,11590605,흑석동,1220,1397,37,54,177
2022,3,11590620,사당1동,1437,1570,47,52,133
2022,3,11590630,사당2동,1412,1579,59,50,167
2022,3,11590640,사당3동,693,763,18,22,70
2022,3,11590650,사당4동,513,568,13,12,55
2022,3,11590651,사당5동,328,366,8,14,38
2022,3,11590660,대방동,1337,1499,41,44,162
2022,3,11590670,신대방1동,803,867,28,31,64
2022,3,11590680,신대방2동,939,1076,45,41,137
2022,3,11620525,보라매동,1230,1344,36,51,114
2022,3,11620545,청림동,374,414,10,11,40
2022,3,11620565,성현동,612,666,20,11,54
2022,3,11620575,행운동,1218,1352,41,46,134
2022,3,11620585,낙성대동,1116,1291,52,60,175
2022,3,11620595,청룡동,1678,1895,47,65,217
2022,3,11620605,은천동,1177,1307,35,66,130
2022,3,11620615,중앙동,813,917,22,31,104
2022,3,11620625,인헌동,880,969,35,47,89
2022,3,11620630,남현동,716,815,23,25,99
2022,3,11620645,서원동,1102,1316,36,42,214
2022,3,11620655,신원동,703,760,29,19,57
2022,3,11620665,서림동,670,739,22,32,69
2022,3,11620685,신사동,1088,1197,36,53,109
2022,3,11620695,신림동,1597,1775,49,77,178
2022,3,11620715,난향동,300,324,11,8,24
2022,3,11620725,조원동,1209,1313,38,47,104
2022,3,11620735,대학동,1103,1250,49,55,147
2022,3,11620745,삼성동,607,630,11,24,23
2022,3,11620765,미성동,1024,1134,22,40,110
2022,3,11620775,난곡동,585,655,19,22,70
2022,3,11650510,서초1동,2959,3179,74,66,220
2022,3,11650520,서초2동,3814,4067,135,78,253
2022,3,11650530,서초3동,6758,7130,189,150,372
2022,3,11650531,서초4동,3028,3264,78,93,236
2022,3,11650540,잠원동,1862,1992,38,52,130
2022,3,11650550,반포본동,446,465,2,22,19
2022,3,11650560,반포1동,1622,1749,56,52,127
2022,3,11650570,반포2동,339,363,6,4,24
2022,3,11650580,반포3동,1160,1239,32,25,79
2022,3,11650581,반포4동,3187,3484,66,59,297
2022,3,11650590,방배본동,1325,1416,33,29,91
2022,3,11650600,방배1동,1243,1381,35,25,138
2022,3,11650610,방배2동,1358,1483,48,37,125
2022,3,11650620,방배3동,686,743,16,17,57
2022,3,11650621,방배4동,1808,1930,41,37,122
2022,3,11650651,양재1동,2607,2859,60,78,252
2022,3,11650652,양재2동,3463,3676,72,76,213
2022,3,11650660,내곡동,874,921,19,26,47
2022,3,11680510,신사동,3925,4214,114,97,289
2022,3,11680521,논현1동,4184,4490,146,131,306
2022,3,11680531,논현2동,4428,4786,148,165,358
2022,3,11680545,압구정동,4201,4442,136,124,241
2022,3,11680565,청담동,4375,4573,93,91,198
2022,3,11680580,삼성1동,3583,3886,113,94,303
2022,3,11680590,삼성2동,2887,3104,90,75,217
2022,3,11680600,대치1동,1073,1183,18,25,110
2022,3,11680610,대치2동,2984,3228,68,81,244
2022,3,11680630,대치4동,3737,4109,117,121,372
2022,3,11680640,역삼1동,11013,11963,368,305,950
2022,3,11680650,역삼2동,3118,3323,95,96,205
2022,3,11680655,도곡1동,1280,1393,33,33,113
2022,3,11680656,도곡2동,1493,1597,46,38,104
2022,3,11680660,개포1동,174,179,1,3,5
2022,3,11680670,개포2동,818,906,28,23,88
2022,3,11680690,개포4동,1400,1492,50,27,92
2022,3,11680700,세곡동,1180,1345,35,37,165
2022,3,11680720,일원본동,431,476,19,11,45
2022,3,11680730,일원1동,685,770,18,11,85
2022,3,11680740,일원2동,432,472,8,14,40
2022,3,11680750,수서동,777,898,16,16,121
2022,3,11710510,풍납1동,482,519,9,12,37
2022,3,11710520,풍납2동,823,899,19,31,76
2022,3,11710531,거여1동,576,630,12,15,54
2022,3,11710532,거여2동,639,715,21,13,76
2022,3,11710540,마천1동,644,687,16,16,43
2022,3,11710550,마천2동,932,1004,26,28,72
2022,3,11710561,방이1동,1145,1262,49,42,117
2022,3,11710562,방이2동,2437,2673,87,96,236
2022,3,11710566,오륜동,440,494,9,12,54
2022,3,11710570,오금동,1683,1813,37,51,130
2022,3,11710580,송파1동,1806,1975,69,60,169
2022,3,11710590,송파2동,820,914,22,34,94
2022,3,11710600,석촌동,2398,2640,88,84,242
2022,3,11710610,삼전동,1545,1715,34,60,170
2022,3,11710620,가락본동,2411,2652,87,106,241
2022,3,11710631,가락1동,3524,3589,31,43,65
2022,3,11710632,가락2동,1488,1637,58,60,149
2022,3,11710641,문정1동,1127,1222,30,35,95
2022,3,11710642,문정2동,5717,6224,176,169,507
2022,3,11710646,장지동,941,1031,17,37,90
2022,3,11710647,위례동,821,989,64,36,168
2022,3,11710650,잠실본동,2734,3091,99,104,357
2022,3,11710670,잠실2동,857,964,28,25,107
2022,3,11710680,잠실3동,1665,1822,45,54,157
2022,3,11710690,잠실4동,375,422,11,15,47
2022,3,11710710,잠실6동,1740,1965,70,51,225
2022,3,11710720,잠실7동,197,210,5,6,13
2022,3,11740515,강일동,761,902,37,27,141
2022,3,11740520,상일동,838,941,30,46,103
2022,3,11740530,명일1동,1504,1671,105,50,167
2022,3,11740540,명일2동,988,1140,33,34,152
2022,3,11740550,고덕1동,547,624,15,15,77
2022,3,11740560,고덕2동,744,847,34,34,103
2022,3,11740570,암사1동,1307,1420,40,51,113
2022,3,11740580,암사2동,639,716,20,16,77
2022,3,11740590,암사3동,548,599,21,17,51
2022,3,11740600,천호1동,994,1114,34,36,120
2022,3,11740610,천호2동,3065,3363,92,136,298
2022,3,11740620,천호3동,1432,1562,42,55,130
2022,3,11740640,성내1동,1220,1343,39,38,123
2022,3,11740650,성내2동,1370,1489,45,52,119
2022,3,11740660,성내3동,1910,2066,69,67,156
2022,3,11740685,길동,2783,3075,90,94,292
2022,3,11740690,둔촌1동,24,26,0,1,2
2022,3,11740700,둔촌2동,1089,1173,31,35,84
2022,4,11110515,청운효자동,890,917,49,18,27
2022,4,11110530,사직동,2595,2792,89,47,197
2022,4,11110540,삼청동,688,735,35,9,47
2022,4,11110550,부암동,463,496,22,10,33
2022,4,11110560,평창동,634,670,14,10,36
2022,4,11110570,무악동,178,200,6,1,22
2022,4,11110580,교남동,314,382,10,15,68
2022,4,11110600,가회동,606,651,31,14,45
2022,4,11110615,종로1·2·3·4가동,10041,10588,287,191,547
2022,4,11110630,종로5·6가동,1910,2004,51,35,94
2022,4,11110640,이화동,639,775,30,25,136
2022,4,11110650,혜화동,1317,1512,60,36,195
2022,4,11110670,창신1동,1750,1804,43,43,54
2022,4,11110680,창신2동,380,405,11,12,25
2022,4,11110690,창신3동,171,188,4,1,17
2022,4,11110700,숭인1동,267,298,5,6,31
2022,4,11110710,숭인2동,845,914,36,21,69
2022,4,11140520,소공동,2875,3130,106,59,255
2022,4,11140540,회현동,5107,5347,73,74,240
2022,4,11140550,명동,4020,4512,156,91,492
2022,4,11140570,필동,1087,1215,33,17,128
2022,4,11140580,장충동,498,530,7,3,32
2022,4,11140590,광희동,5260,5499,102,99,239
2022,4,11140605,을지로동,2787,2910,90,62,123
2022,4,11140615,신당동,11978,12109,245,220,131
2022,4,11140625,다산동,822,902,22,15,80
2022,4,11140635,약수동,642,709,33,18,67
2022,4,11140645,청구동,510,544,10,12,34
2022,4,11140650,신당5동,722,785,23,24,63
2022,4,11140665,동화동,534,574,23,14,40
2022,4,11140670,황학동,1338,1416,33,36,78
2022,4,11140680,중림동,648,714,16,16,66
2022,4,11170510,후암동,803,849,35,14,46
2022,4,11170520,용산2가동,567,615,21,14,48
2022,4,11170530,남영동,1182,1355,40,28,173
2022,4,11170555,청파동,1146,1298,90,41,152
2022,4,11170560,원효로1동,1624,1710,48,38,86
2022,4,11170570,원효로2동,891,933,21,7,42
2022,4,11170580,효창동,326,353,13,12,27
2022,4,11170590,용문동,531,571,11,6,40
2022,4,11170625,한강로동,4959,5293,161,85,334
2022,4,11170630,이촌1동,793,865,26,21,72
2022,4,11170640,이촌2동,286,308,11,3,22
2022,4,11170650,이태원1동,1576,1667,78,42,91
2022,4,11170660,이태원2동,827,875,43,17,48
2022,4,11170685,한남동,2262,2385,88,47,123
2022,4,11170690,서빙고동,358,387,15,10,29
2022,4,11170700,보광동,725,771,27,17,46
2022,4,11200520,왕십리2동,526,586,23,14,60
2022,4,11200535,왕십리도선동,1821,2034,101,54,213
2022,4,11200540,마장동,2375,2435,56,41,60
2022,4,11200550,사근동,697,881,31,28,184
2022,4,11200560,행당1동,1083,1235,54,30,152
2022,4,11200570,행당2동,488,562,19,14,74
2022,4,11200580,응봉동,292,312,13,4,20
2022,4,11200590,금호1가동,423,468,19,24,45
2022,4,11200615,금호2·3가동,830,911,28,15,81
2022,4,11200620,금호4가동,530,595,32,16,65
2022,4,11200645,옥수동,809,899,24,24,90
2022,4,11200650,성수1가1동,1069,1138,52,24,69
2022,4,11200660,성수1가2동,1911,2037,103,44,126
2022,4,11200670,성수2가1동,1511,1622,65,20,111
2022,4,11200690,성수2가3동,2986,3217,133,75,231
2022,4,11200720,송정동,441,460,19,9,19
2022,4,11200790,용답동,1207,1274,25,30,67
2022,4,11215710,화양동,2087,2485,121,84,398
2022,4,11215730,군자동,1347,1496,93,45,149
2022,4,11215740,중곡1동,1189,1271,55,29,82
2022,4,11215750,중곡2동,1170,1260,59,28,90
2022,4,11215760,중곡3동,885,975,52,23,90
2022,4,11215770,중곡4동,1014,1088,52,41,74
2022,4,11215780,능동,618,696,34,15,78
2022,4,11215810,광장동,1102,1228,41,24,126
2022,4,11215820,자양1동,1230,1369,52,41,139
2022,4,11215830,자양2동,1002,1089,30,26,87
2022,4,11215840,자양3동,1274,1405,31,31,131
2022,4,11215847,자양4동,1481,1595,65,43,114
2022,4,11215850,구의1동,1429,1585,85,57,156
2022,4,11215860,구의2동,971,1075,40,28,104
2022,4,11215870,구의3동,2384,2609,77,56,225
2022,4,11230536,용신동,2644,2851,97,65,207
2022,4,11230545,제기동,3132,3213,83,60,81
2022,4,11230560,전농1동,1931,2135,71,56,204
2022,4,11230570,전농2동,605,697,21,17,92
2022,4,11230600,답십리1동,1156,1279,49,23,123
2022,4,11230610,답십리2동,1655,1755,52,31,100
2022,4,11230650,장안1동,2678,2906,133,87,228
2022,4,11230660,장안2동,2010,2254,80,74,244
2022,4,11230705,청량리동,1105,1173,45,24,68
2022,4,11230710,회기동,914,1066,60,39,152
2022,4,11230720,휘경1동,700,783,37,14,83
2022,4,11230730,휘경2동,555,626,24,19,71
2022,4,11230740,이문1동,882,1005,39,13,123
2022,4,11230750,이문2동,481,519,12,11,38
2022,4,11260520,면목2동,1102,1167,35,25,65
2022,4,11260540,면목4동,587,638,34,23,51
2022,4,11260550,면목5동,472,511,35,9,39
2022,4,11260565,면목본동,1628,1749,84,62,121
2022,4,11260570,면목7동,1008,1076,53,31,68
2022,4,11260575,면목3·8동,1382,1515,70,51,133
2022,4,11260580,상봉1동,870,963,60,14,93
2022,4,11260590,상봉2동,1600,1770,99,49,170
2022,4,11260600,중화1동,639,689,24,19,50
2022,4,11260610,중화2동,1267,1375,61,37,108
2022,4,11260620,묵1동,1062,1188,60,29,126
2022,4,11260630,묵2동,920,978,31,39,58
2022,4,11260655,망우본동,1777,1968,90,45,191
2022,4,11260660,망우3동,546,592,23,25,46
2022,4,11260680,신내1동,1230,1399,67,37,169
2022,4,11260690,신내2동,650,743,16,16,93
2022,4,11290525,성북동,985,1049,42,19,64
2022,4,11290555,삼선동,1453,1563,59,42,110
2022,4,11290575,동선동,1723,1988,98,52,265
2022,4,11290580,돈암1동,385,408,16,9,23
2022,4,11290590,돈암2동,472,517,12,5,45
2022,4,11290600,안암동,983,1177,43,32,194
2022,4,11290610,보문동,752,812,38,20,60
2022,4,11290620,정릉1동,577,632,24,11,55
2022,4,11290630,정릉2동,676,754,29,21,78
2022,4,11290640,정릉3동,479,525,24,15,46
2022,4,11290650,정릉4동,697,769,22,20,72
2022,4,11290660,길음1동,930,1050,49,23,120
2022,4,11290685,길음2동,1135,1272,58,43,137
2022,4,11290705,종암동,1315,1466,48,33,151
2022,4,11290715,월곡1동,895,991,37,23,96
2022,4,11290725,월곡2동,1024,1157,45,28,133
2022,4,11290760,장위1동,689,755,47,22,66
2022,4,11290770,장위2동,732,767,29,17,35
2022,4,11290780,장위3동,430,482,16,12,52
2022,4,11290810,석관동,1382,1515,45,33,133
2022,4,11305534,삼양동,656,717,35,24,61
2022,4,11305535,미아동,1234,1342,60,40,108
2022,4,11305545,송중동,1701,1898,59,44,197
2022,4,11305555,송천동,1317,1449,48,50,132
2022,4,11305575,삼각산동,705,790,28,21,85
2022,4,11305595,번1동,1292,1419,63,46,127
2022,4,11305603,번2동,334,355,9,1,21
2022,4,11305608,번3동,367,420,15,9,53
2022,4,11305615,수유1동,1042,1116,37,35,74
2022,4,11305625,수유2동,847,910,43,31,63
2022,4,11305635,수유3동,2006,2243,112,79,237
2022,4,11305645,우이동,798,864,29,28,66
2022,4,11305660,인수동,1001,1078,56,26,77
2022,4,11320511,창1동,750,830,37,17,80
2022,4,11320512,창2동,860,928,41,30,68
2022,4,11320513,창3동,601,645,22,16,44
2022,4,11320514,창4동,899,1011,43,23,112
2022,4,11320515,창5동,1060,1215,54,24,155
2022,4,11320521,도봉1동,1069,1168,41,22,99
2022,4,11320522,도봉2동,882,932,24,13,50
2022,4,11320660,쌍문1동,555,604,22,15,49
2022,4,11320670,쌍문2동,877,979,36,29,102
2022,4,11320680,쌍문3동,712,784,27,13,72
2022,4,11320681,쌍문4동,418,473,15,5,55
2022,4,11320690,방학1동,1743,1948,97,68,205
2022,4,11320700,방학2동,794,840,41,25,46
2022,4,11320710,방학3동,538,590,36,10,52
2022,4,11350560,월계1동,947,1098,44,28,151
2022,4,11350570,월계2동,488,542,18,16,54
2022,4,11350580,월계3동,637,719,20,15,82
2022,4,11350595,공릉1동,2041,2271,97,46,230
2022,4,11350600,공릉2동,1285,1503,72,39,218
2022,4,11350611,하계1동,796,895,28,22,99
2022,4,11350612,하계2동,285,312,11,3,27
2022,4,11350619,중계본동,1159,1267,49,38,108
2022,4,11350621,중계1동,903,1043,31,34,140
2022,4,11350624,중계4동,811,901,32,42,90
2022,4,11350625,중계2·3동,1136,1260,30,34,124
2022,4,11350630,상계1동,1395,1558,52,32,163
2022,4,11350640,상계2동,2526,2834,111,88,308
2022,4,11350665,상계3·4동,924,973,41,22,49
2022,4,11350670,상계5동,1252,1345,70,42,93
2022,4,11350695,상계6·7동,1504,1696,88,32,192
2022,4,11350700,상계8동,406,452,21,12,46
2022,4,11350710,상계9동,449,495,17,10,46
2022,4,11350720,상계10동,330,368,16,12,38
2022,4,11380510,녹번동,1327,1457,65,41,130
2022,4,11380520,불광1동,1280,1417,78,59,137
2022,4,11380530,불광2동,1047,1109,22,25,62
2022,4,11380551,갈현1동,1203,1342,56,61,139
2022,4,11380552,갈현2동,1387,1547,60,38,160
2022,4,11380560,구산동,843,925,38,33,82
2022,4,11380570,대조동,2229,2432,117,75,203
2022,4,11380580,응암1동,1416,1609,70,30,193
2022,4,11380590,응암2동,666,722,34,25,56
2022,4,11380600,응암3동,1469,1594,68,55,125
2022,4,11380625,역촌동,1906,2123,91,67,217
2022,4,11380631,신사1동,947,1050,50,29,103
2022,4,11380632,신사2동,557,599,31,24,42
2022,4,11380640,증산동,675,725,16,9,50
2022,4,11380650,수색동,411,440,14,17,29
2022,4,11380690,진관동,1888,2209,95,41,321
2022,4,11410520,천연동,604,664,28,15,60
2022,4,11410555,북아현동,636,706,17,10,70
2022,4,11410565,충현동,1146,1267,37,25,121
2022,4,11410585,신촌동,3433,3928,161,110,495
2022,4,11410615,연희동,1885,2025,71,44,140
2022,4,11410620,홍제1동,702,807,26,23,105
2022,4,11410640,홍제3동,816,892,39,27,76
2022,4,11410655,홍제2동,429,482,20,16,53
2022,4,11410660,홍은1동,695,759,33,12,64
2022,4,11410685,홍은2동,817,919,28,22,102
2022,4,11410690,남가좌1동,556,634,44,19,78
2022,4,11410700,남가좌2동,1138,1293,52,32,155
2022,4,11410710,북가좌1동,430,487,14,11,57
2022,4,11410720,북가좌2동,1079,1204,58,33,125
2022,4,11440555,아현동,1241,1373,56,36,132
2022,4,11440565,공덕동,1797,1962,77,42,165
2022,4,11440585,도화동,1386,1548,49,33,162
2022,4,11440590,용강동,1638,1803,70,51,165
2022,4,11440600,대흥동,1249,1400,54,32,151
2022,4,11440610,염리동,674,756,29,10,82
2022,4,11440630,신수동,995,1072,42,23,77
2022,4,11440655,서강동,1649,1791,84,57,142
2022,4,11440660,서교동,7826,8578,375,243,752
2022,4,11440680,합정동,1924,2067,85,45,143
2022,4,11440690,망원1동,1718,1834,100,53,116
2022,4,11440700,망원2동,1147,1241,51,35,94
2022,4,11440710,연남동,2208,2301,130,81,93
2022,4,11440720,성산1동,1067,1143,43,24,76
2022,4,11440730,성산2동,1391,1542,62,37,151
2022,4,11440740,상암동,1716,2053,91,39,337
2022,4,11470510,목1동,2708,3073,170,72,365
2022,4,11470520,목2동,1012,1101,49,29,89
2022,4,11470530,목3동,1056,1154,48,30,98
2022,4,11470540,목4동,1167,1292,60,40,125
2022,4,11470550,목5동,1543,1733,66,33,190
2022,4,11470560,신월1동,1090,1162,45,34,72
2022,4,11470570,신월2동,634,685,27,15,51
2022,4,11470580,신월3동,525,577,18,13,52
2022,4,11470590,신월4동,674,746,35,27,72
2022,4,11470600,신월5동,585,654,30,27,69
2022,4,11470610,신월6동,514,567,34,18,53
2022,4,11470611,신월7동,712,765,40,26,53
2022,4,11470620,신정1동,1024,1138,48,31,114
2022,4,11470630,신정2동,936,1035,41,24,99
2022,4,11470640,신정3동,1079,1240,58,34,161
2022,4,11470650,신정4동,2414,2621,144,66,207
2022,4,11470670,신정6동,640,711,22,17,71
2022,4,11470680,신정7동,790,912,42,21,122
2022,4,11500510,염창동,1309,1509,56,37,200
2022,4,11500520,등촌1동,1314,1495,72,30,181
2022,4,11500530,등촌2동,544,604,29,18,60
2022,4,11500535,등촌3동,1882,2099,94,60,217
2022,4,11500540,화곡1동,2261,2513,127,86,252
2022,4,11500550,화곡2동,612,661,29,13,49
2022,4,11500560,화곡3동,952,1087,55,29,135
2022,4,11500570,화곡4동,1117,1212,49,37,95
2022,4,11500590,화곡본동,1139,1252,53,35,113
2022,4,11500591,화곡6동,1292,1455,92,58,163
2022,4,11500593,화곡8동,981,1097,71,32,116
2022,4,11500603,가양1동,4651,5241,295,140,590
2022,4,11500604,가양2동,410,464,19,9,54
2022,4,11500605,가양3동,347,381,14,16,34
2022,4,11500611,발산1동,3591,3916,202,92,325
2022,4,11500615,우장산동,1306,1453,58,36,147
2022,4,11500620,공항동,1348,1499,56,55,151
2022,4,11500630,방화1동,1954,2184,120,51,230
2022,4,11500640,방화2동,1538,1679,48,43,141
2022,4,11500641,방화3동,516,572,18,10,56
2022,4,11530510,신도림동,1751,1974,51,28,223
2022,4,11530520,구로1동,514,570,21,13,56
2022,4,11530530,구로2동,4981,5106,94,68,125
2022,4,11530540,구로3동,3605,4082,169,89,477
2022,4,11530550,구로4동,1658,1754,91,43,96
2022,4,11530560,구로5동,2723,2977,128,66,254
2022,4,11530595,가리봉동,815,841,37,30,26
2022,4,11530720,고척1동,1291,1465,161,33,174
2022,4,11530730,고척2동,1047,1142,67,27,95
2022,4,11530740,개봉1동,1234,1362,40,30,128
2022,4,11530750,개봉2동,739,847,25,21,108
2022,4,11530760,개봉3동,679,752,38,27,73
2022,4,11530770,오류1동,879,957,56,30,78
2022,4,11530780,오류2동,1036,1169,64,33,133
2022,4,11530790,수궁동,678,748,32,17,70
2022,4,11530800,항동,341,413,34,14,72
2022,4,11545510,가산동,7771,8429,314,199,658
2022,4,11545610,독산1동,2400,2697,118,80,297
2022,4,11545620,독산2동,716,803,37,21,87
2022,4,11545630,독산3동,1345,1440,58,42,95
2022,4,11545640,독산4동,640,712,31,24,72
2022,4,11545670,시흥1동,2099,2335,104,57,236
2022,4,11545680,시흥2동,378,412,19,18,34
2022,4,11545690,시흥3동,991,1026,8,11,35
2022,4,11545700,시흥4동,461,500,16,12,39
2022,4,11545710,시흥5동,743,821,31,27,78
2022,4,11560515,영등포본동,1326,1458,48,41,132
2022,4,11560535,영등포동,3849,4263,147,107,414
2022,4,11560540,여의동,5126,5729,209,139,603
2022,4,11560550,당산1동,2469,2665,191,61,196
2022,4,11560560,당산2동,1755,1960,64,45,205
2022,4,11560585,도림동,717,765,32,18,48
2022,4,11560605,문래동,2648,2870,100,48,222
2022,4,11560610,양평1동,1215,1326,47,23,111
2022,4,11560620,양평2동,1411,1540,46,41,129
2022,4,11560630,신길1동,833,903,25,21,70
2022,4,11560650,신길3동,726,780,34,15,54
2022,4,11560660,신길4동,332,385,13,9,53
2022,4,11560670,신길5동,320,355,16,11,35
2022,4,11560680,신길6동,985,1080,36,30,95
2022,4,11560690,신길7동,519,584,18,22,65
2022,4,11560700,대림1동,758,837,29,25,79
2022,4,11560710,대림2동,1302,1357,81,52,55
2022,4,11560720,대림3동,1496,1583,63,47,87
2022,4,11590510,노량진1동,1420,1625,63,41,205
2022,4,11590520,노량진2동,1548,1606,29,30,58
2022,4,11590530,상도1동,1383,1614,66,35,231
2022,4,11590540,상도2동,1102,1227,27,28,125
2022,4,11590550,상도3동,733,796,34,21,63
2022,4,11590560,상도4동,747,825,33,19,78
2022,4,11590605,흑석동,1214,1387,49,59,173
2022,4,11590620,사당1동,1478,1612,80,38,134
2022,4,11590630,사당2동,1437,1606,72,45,169
2022,4,11590640,사당3동,707,780,33,16,73
2022,4,11590650,사당4동,532,589,34,13,57
2022,4,11590651,사당5동,342,381,20,5,39
2022,4,11590660,대방동,1360,1521,63,41,161
2022,4,11590670,신대방1동,812,879,25,13,67
2022,4,11590680,신대방2동,971,1111,59,24,140
2022,4,11620525,보라매동,1262,1379,78,43,117
2022,4,11620545,청림동,385,428,23,9,43
2022,4,11620565,성현동,621,675,33,24,54
2022,4,11620575,행운동,1238,1371,61,42,133
2022,4,11620585,낙성대동,1148,1334,83,40,186
2022,4,11620595,청룡동,1708,1932,91,54,224
2022,4,11620605,은천동,1191,1324,53,36,133
2022,4,11620615,중앙동,836,944,56,29,108
2022,4,11620625,인헌동,894,987,46,28,93
2022,4,11620630,남현동,742,843,40,12,101
2022,4,11620645,서원동,1129,1349,74,41,220
2022,4,11620655,신원동,702,759,25,26,57
2022,4,11620665,서림동,689,762,39,16,73
2022,4,11620685,신사동,1099,1207,54,44,108
2022,4,11620695,신림동,1630,1810,96,61,180
2022,4,11620715,난향동,304,329,12,7,25
2022,4,11620725,조원동,1220,1330,50,33,110
2022,4,11620735,대학동,1102,1250,47,47,148
2022,4,11620745,삼성동,616,638,20,12,22
2022,4,11620765,미성동,1051,1161,52,25,110
2022,4,11620775,난곡동,594,666,30,19,72
2022,4,11650510,서초1동,2982,3205,78,52,223
2022,4,11650520,서초2동,3851,4119,136,84,268
2022,4,11650530,서초3동,6846,7231,252,151,385
2022,4,11650531,서초4동,3071,3302,97,59,231
2022,4,11650540,잠원동,1848,1979,51,64,131
2022,4,11650550,반포본동,431,445,3,23,14
2022,4,11650560,반포1동,1663,1797,78,30,134
2022,4,11650570,반포2동,340,362,6,7,22
2022,4,11650580,반포3동,1168,1247,38,30,79
2022,4,11650581,반포4동,3196,3496,74,62,300
2022,4,11650590,방배본동,1337,1423,34,27,86
2022,4,11650600,방배1동,1262,1401,48,28,139
2022,4,11650610,방배2동,1387,1515,62,30,128
2022,4,11650620,방배3동,679,734,12,21,55
2022,4,11650621,방배4동,1837,1963,65,32,126
2022,4,11650651,양재1동,2639,2895,92,56,256
2022,4,11650652,양재2동,3501,3710,86,52,209
2022,4,11650660,내곡동,889,939,35,17,50
2022,4,11680510,신사동,3994,4285,170,99,291
2022,4,11680521,논현1동,4235,4551,161,100,316
2022,4,11680531,논현2동,4485,4848,210,148,363
2022,4,11680545,압구정동,4269,4505,162,99,236
2022,4,11680565,청담동,4394,4593,109,89,199
2022,4,11680580,삼성1동,3623,3927,118,77,304
2022,4,11680590,삼성2동,2976,3193,137,48,217
2022,4,11680600,대치1동,1082,1194,29,18,112
2022,4,11680610,대치2동,3012,3253,92,67,241
2022,4,11680630,대치4동,3802,4186,159,82,384
2022,4,11680640,역삼1동,11119,12072,396,287,953
2022,4,11680650,역삼2동,3164,3379,121,65,215
2022,4,11680655,도곡1동,1293,1407,33,19,114
2022,4,11680656,도곡2동,1502,1609,36,24,107
2022,4,11680660,개포1동,175,181,4,2,6
2022,4,11680670,개포2동,841,933,49,22,92
2022,4,11680690,개포4동,1426,1523,56,25,97
2022,4,11680700,세곡동,1210,1373,49,21,163
2022,4,11680720,일원본동,432,477,14,13,45
2022,4,11680730,일원1동,693,774,23,19,81
2022,4,11680740,일원2동,441,481,18,9,40
2022,4,11680750,수서동,793,916,29,11,123
2022,4,11710510,풍납1동,483,518,12,13,35
2022,4,11710520,풍납2동,842,919,33,13,77
2022,4,11710531,거여1동,590,644,29,15,54
2022,4,11710532,거여2동,654,733,39,21,79
2022,4,11710540,마천1동,651,693,20,14,42
2022,4,11710550,마천2동,939,1019,38,23,80
2022,4,11710561,방이1동,1159,1283,54,33,124
2022,4,11710562,방이2동,2473,2727,137,83,254
2022,4,11710566,오륜동,451,507,20,7,56
2022,4,11710570,오금동,1728,1865,83,31,137
2022,4,11710580,송파1동,1829,2002,77,50,173
2022,4,11710590,송파2동,837,937,53,30,100
2022,4,11710600,석촌동,2436,2680,127,87,244
2022,4,11710610,삼전동,1565,1737,70,48,172
2022,4,11710620,가락본동,2476,2717,134,69,241
2022,4,11710631,가락1동,3540,3605,48,32,65
2022,4,11710632,가락2동,1542,1692,89,34,150
2022,4,11710641,문정1동,1144,1240,51,33,96
2022,4,11710642,문정2동,5848,6370,269,123,522
2022,4,11710646,장지동,969,1065,66,32,96
2022,4,11710647,위례동,861,1038,91,42,177
2022,4,11710650,잠실본동,2765,3136,131,86,371
2022,4,11710670,잠실2동,874,983,47,28,109
2022,4,11710680,잠실3동,1667,1822,53,53,155
2022,4,11710690,잠실4동,374,421,3,4,47
2022,4,11710710,잠실6동,1750,1979,52,38,229
2022,4,11710720,잠실7동,200,213,6,3,13
2022,4,11740515,강일동,780,921,50,31,141
2022,4,11740520,상일동,852,962,48,27,110
2022,4,11740530,명일1동,1581,1752,120,39,171
2022,4,11740540,명일2동,1015,1173,64,31,158
2022,4,11740550,고덕1동,552,631,35,28,79
2022,4,11740560,고덕2동,761,876,54,25,115
2022,4,11740570,암사1동,1321,1440,61,41,119
2022,4,11740580,암사2동,648,726,29,19,78
2022,4,11740590,암사3동,555,606,22,15,51
2022,4,11740600,천호1동,1030,1154,72,32,124
2022,4,11740610,천호2동,3101,3404,115,74,303
2022,4,11740620,천호3동,1449,1588,68,42,139
2022,4,11740640,성내1동,1235,1358,49,34,123
2022,4,11740650,성내2동,1383,1504,55,40,121
2022,4,11740660,성내3동,1938,2094,79,51,156
2022,4,11740685,길동,2799,3090,128,113,291
2022,4,11740690,둔촌1동,23,25,0,1,2
2022,4,11740700,둔촌2동,1094,1177,29,25,83
2023,1,11110515,청운효자동,898,928,33,22,30
2023,1,11110530,사직동,2605,2799,77,70,194
2023,1,11110540,삼청동,703,749,20,6,46
2023,1,11110550,부암동,449,482,5,19,33
2023,1,11110560,평창동,640,679,28,19,39
2023,1,11110570,무악동,177,199,6,7,22
2023,1,11110580,교남동,316,385,12,9,69
2023,1,11110600,가회동,608,653,17,15,45
2023,1,11110615,종로1·2·3·4가동,10045,10590,202,200,545
2023,1,11110630,종로5·6가동,1907,2001,40,43,94
2023,1,11110640,이화동,642,778,20,17,136
2023,1,11110650,혜화동,1317,1510,55,57,193
2023,1,11110670,창신1동,1732,1783,36,57,51
2023,1,11110680,창신2동,373,398,9,16,25
2023,1,11110690,창신3동,171,187,6,7,16
2023,1,11110700,숭인1동,270,300,15,13,30
2023,1,11110710,숭인2동,838,907,21,28,69
2023,1,11140520,소공동,2875,3131,76,75,256
2023,1,11140540,회현동,5075,5316,81,112,241
2023,1,11140550,명동,4033,4523,129,118,490
2023,1,11140570,필동,1110,1238,47,24,128
2023,1,11140580,장충동,501,532,11,9,31
2023,1,11140590,광희동,5246,5478,106,127,232
2023,1,11140605,을지로동,2794,2918,69,61,124
2023,1,11140615,신당동,12001,12133,383,359,132
2023,1,11140625,다산동,821,904,29,27,83
2023,1,11140635,약수동,642,708,20,21,66
2023,1,11140645,청구동,506,539,14,19,33
2023,1,11140650,신당5동,723,788,27,24,65
2023,1,11140665,동화동,542,583,28,19,41
2023,1,11140670,황학동,1356,1438,57,35,82
2023,1,11140680,중림동,658,726,26,14,68
2023,1,11170510,후암동,810,855,32,26,45
2023,1,11170520,용산2가동,557,603,16,28,46
2023,1,11170530,남영동,1190,1365,48,38,175
2023,1,11170555,청파동,1162,1314,64,48,152
2023,1,11170560,원효로1동,1626,1708,39,41,82
2023,1,11170570,원효로2동,884,924,17,26,40
2023,1,11170580,효창동,326,352,12,13,26
2023,1,11170590,용문동,528,567,13,17,39
2023,1,11170625,한강로동,4992,5326,139,106,334
2023,1,11170630,이촌1동,796,872,31,24,76
2023,1,11170640,이촌2동,299,321,15,2,22
2023,1,11170650,이태원1동,1576,1671,39,35,95
2023,1,11170660,이태원2동,817,864,22,33,47
2023,1,11170685,한남동,2275,2402,86,69,127
2023,1,11170690,서빙고동,356,383,11,15,27
2023,1,11170700,보광동,720,766,15,20,46
2023,1,11200520,왕십리2동,537,595,26,17,58
2023,1,11200535,왕십리도선동,1839,2050,86,70,211
2023,1,11200540,마장동,2365,2424,29,40,59
2023,1,11200550,사근동,698,882,24,23,184
2023,1,11200560,행당1동,1091,1244,39,30,153
2023,1,11200570,행당2동,492,566,16,12,74
2023,1,11200580,응봉동,285,306,9,15,21
2023,1,11200590,금호1가동,424,468,23,23,44
2023,1,11200615,금호2·3가동,824,906,28,33,82
2023,1,11200620,금호4가동,531,593,19,21,62
2023,1,11200645,옥수동,809,896,34,37,87
2023,1,11200650,성수1가1동,1075,1145,34,27,70
2023,1,11200660,성수1가2동,1934,2058,85,64,124
2023,1,11200670,성수2가1동,1514,1622,45,45,108
2023,1,11200690,성수2가3동,2988,3220,90,87,232
2023,1,11200720,송정동,448,466,18,12,18
2023,1,11200790,용답동,1206,1274,32,32,68
2023,1,11215710,화양동,2111,2507,107,85,396
2023,1,11215730,군자동,1348,1500,56,52,152
2023,1,11215740,중곡1동,1181,1262,29,38,81
2023,1,11215750,중곡2동,1174,1264,43,39,90
2023,1,11215760,중곡3동,871,961,28,42,90
2023,1,11215770,중곡4동,1046,1121,64,31,75
2023,1,11215780,능동,621,700,22,18,79
2023,1,11215810,광장동,1085,1215,33,46,130
2023,1,11215820,자양1동,1223,1362,37,44,139
2023,1,11215830,자양2동,1011,1098,38,29,87
2023,1,11215840,자양3동,1278,1408,39,36,130
2023,1,11215847,자양4동,1478,1594,60,61,116
2023,1,11215850,구의1동,1427,1582,51,54,155
2023,1,11215860,구의2동,977,1079,43,39,102
2023,1,11215870,구의3동,2364,2588,59,80,224
2023,1,11230536,용신동,2668,2881,109,79,213
2023,1,11230545,제기동,3115,3195,68,86,80
2023,1,11230560,전농1동,1931,2135,54,54,204
2023,1,11230570,전농2동,604,697,19,19,93
2023,1,11230600,답십리1동,1164,1290,40,29,126
2023,1,11230610,답십리2동,1672,1771,51,35,99
2023,1,11230650,장안1동,2679,2908,82,80,229
2023,1,11230660,장안2동,2013,2255,73,72,242
2023,1,11230705,청량리동,1116,1184,41,30,68
2023,1,11230710,회기동,929,1080,50,36,151
2023,1,11230720,휘경1동,710,790,31,24,80
2023,1,11230730,휘경2동,563,637,32,21,74
2023,1,11230740,이문1동,883,1010,33,28,127
2023,1,11230750,이문2동,472,510,11,20,38
2023,1,11260520,면목2동,1110,1172,47,42,62
2023,1,11260540,면목4동,582,635,23,26,53
2023,1,11260550,면목5동,467,509,13,15,42
2023,1,11260565,면목본동,1632,1755,56,50,123
2023,1,11260570,면목7동,1002,1074,42,44,72
2023,1,11260575,면목3·8동,1372,1505,51,61,133
2023,1,11260580,상봉1동,871,964,34,33,93
2023,1,11260590,상봉2동,1610,1782,62,50,172
2023,1,11260600,중화1동,643,693,22,18,50
2023,1,11260610,중화2동,1264,1373,48,50,109
2023,1,11260620,묵1동,1062,1190,42,40,128
2023,1,11260630,묵2동,923,981,41,38,58
2023,1,11260655,망우본동,1798,1995,95,68,197
2023,1,11260660,망우3동,543,589,20,23,46
2023,1,11260680,신내1동,1236,1405,46,40,169
2023,1,11260690,신내2동,658,751,29,21,93
2023,1,11290525,성북동,983,1048,22,23,65
2023,1,11290555,삼선동,1468,1582,61,42,114
2023,1,11290575,동선동,1709,1974,63,77,265
2023,1,11290580,돈암1동,385,408,10,10,23
2023,1,11290590,돈암2동,474,518,15,14,44
2023,1,11290600,안암동,991,1189,45,33,198
2023,1,11290610,보문동,755,817,29,24,62
2023,1,11290620,정릉1동,576,630,15,17,54
2023,1,11290630,정릉2동,672,751,20,23,79
2023,1,11290640,정릉3동,478,521,15,19,43
2023,1,11290650,정릉4동,697,767,24,26,70
2023,1,11290660,길음1동,931,1048,32,34,117
2023,1,11290685,길음2동,1161,1289,48,31,128
2023,1,11290705,종암동,1314,1468,41,39,154
2023,1,11290715,월곡1동,883,983,23,31,100
2023,1,11290725,월곡2동,1028,1162,38,33,134
2023,1,11290760,장위1동,698,768,31,18,70
2023,1,11290770,장위2동,740,776,20,11,36
2023,1,11290780,장위3동,433,489,23,16,56
2023,1,11290810,석관동,1383,1516,39,38,133
2023,1,11305534,삼양동,659,721,19,15,62
2023,1,11305535,미아동,1252,1359,47,30,107
2023,1,11305545,송중동,1715,1917,79,60,202
2023,1,11305555,송천동,1323,1457,45,37,134
2023,1,11305575,삼각산동,709,792,31,29,83
2023,1,11305595,번1동,1293,1420,55,54,127
2023,1,11305603,번2동,338,359,16,12,21
2023,1,11305608,번3동,368,421,9,8,53
2023,1,11305615,수유1동,1045,1121,27,22,76
2023,1,11305625,수유2동,844,910,26,26,66
2023,1,11305635,수유3동,2018,2258,84,69,240
2023,1,11305645,우이동,799,867,23,20,68
2023,1,11305660,인수동,1002,1076,37,39,74
2023,1,11320511,창1동,752,829,29,30,77
2023,1,11320512,창2동,870,937,42,33,67
2023,1,11320513,창3동,600,646,17,16,46
2023,1,11320514,창4동,905,1015,35,31,110
2023,1,11320515,창5동,1059,1217,43,41,158
2023,1,11320521,도봉1동,1062,1159,25,34,97
2023,1,11320522,도봉2동,892,942,36,26,50
2023,1,11320660,쌍문1동,552,599,15,20,47
2023,1,11320670,쌍문2동,877,976,26,29,99
2023,1,11320680,쌍문3동,727,800,39,23,73
2023,1,11320681,쌍문4동,432,487,27,13,55
2023,1,11320690,방학1동,1710,1914,45,79,204
2023,1,11320700,방학2동,798,845,30,25,47
2023,1,11320710,방학3동,525,576,12,26,51
2023,1,11350560,월계1동,938,1091,36,43,153
2023,1,11350570,월계2동,488,540,21,23,52
2023,1,11350580,월계3동,636,720,30,29,84
2023,1,11350595,공릉1동,2084,2314,99,56,230
2023,1,11350600,공릉2동,1292,1509,58,52,217
2023,1,11350611,하계1동,790,888,26,33,98
2023,1,11350612,하계2동,292,320,13,5,28
2023,1,11350619,중계본동,1161,1272,40,35,111
2023,1,11350621,중계1동,911,1047,35,31,136
2023,1,11350624,중계4동,814,906,32,27,92
2023,1,11350625,중계2·3동,1149,1272,49,37,123
2023,1,11350630,상계1동,1388,1550,41,49,162
2023,1,11350640,상계2동,2519,2819,80,95,300
2023,1,11350665,상계3·4동,929,975,50,48,46
2023,1,11350670,상계5동,1246,1339,40,46,93
2023,1,11350695,상계6·7동,1503,1698,57,55,195
2023,1,11350700,상계8동,402,448,15,19,46
2023,1,11350710,상계9동,443,487,15,23,44
2023,1,11350720,상계10동,336,373,16,11,37
2023,1,11380510,녹번동,1324,1457,68,68,133
2023,1,11380520,불광1동,1270,1409,41,49,139
2023,1,11380530,불광2동,1052,1114,29,24,62
2023,1,11380551,갈현1동,1210,1348,54,48,138
2023,1,11380552,갈현2동,1373,1531,47,63,158
2023,1,11380560,구산동,850,932,35,28,82
2023,1,11380570,대조동,2231,2433,92,91,202
2023,1,11380580,응암1동,1415,1608,57,58,193
2023,1,11380590,응암2동,665,724,31,29,59
2023,1,11380600,응암3동,1474,1597,63,60,123
2023,1,11380625,역촌동,1885,2106,65,82,221
2023,1,11380631,신사1동,952,1054,37,33,102
2023,1,11380632,신사2동,556,598,26,27,42
2023,1,11380640,증산동,675,725,26,26,50
2023,1,11380650,수색동,419,450,24,14,31
2023,1,11380690,진관동,1912,2232,87,64,320
2023,1,11410520,천연동,607,667,21,18,60
2023,1,11410555,북아현동,642,709,25,22,67
2023,1,11410565,충현동,1133,1253,31,45,120
2023,1,11410585,신촌동,3429,3919,158,167,490
2023,1,11410615,연희동,1880,2017,62,70,137
2023,1,11410620,홍제1동,706,811,22,18,105
2023,1,11410640,홍제3동,806,884,27,35,78
2023,1,11410655,홍제2동,428,477,16,21,49
2023,1,11410660,홍은1동,699,761,23,21,62
2023,1,11410685,홍은2동,819,922,29,26,103
2023,1,11410690,남가좌1동,557,635,23,22,78
2023,1,11410700,남가좌2동,1136,1295,42,40,159
2023,1,11410710,북가좌1동,429,492,22,17,63
2023,1,11410720,북가좌2동,1076,1205,46,45,129
2023,1,11440555,아현동,1244,1378,44,39,134
2023,1,11440565,공덕동,1802,1966,61,57,164
2023,1,11440585,도화동,1393,1551,49,46,158
2023,1,11440590,용강동,1622,1784,48,67,162
2023,1,11440600,대흥동,1244,1400,55,55,156
2023,1,11440610,염리동,668,751,29,34,83
2023,1,11440630,신수동,1001,1077,33,28,76
2023,1,11440655,서강동,1646,1790,69,70,144
2023,1,11440660,서교동,7944,8690,398,286,746
2023,1,11440680,합정동,1912,2055,73,85,143
2023,1,11440690,망원1동,1725,1841,72,65,116
2023,1,11440700,망원2동,1145,1238,47,50,93
2023,1,11440710,연남동,2244,2333,108,76,89
2023,1,11440720,성산1동,1079,1157,45,31,78
2023,1,11440730,성산2동,1390,1540,55,57,150
2023,1,11440740,상암동,1726,2060,72,65,334
2023,1,11470510,목1동,2723,3089,112,96,366
2023,1,11470520,목2동,1009,1099,41,43,90
2023,1,11470530,목3동,1054,1153,45,46,99
2023,1,11470540,목4동,1171,1299,43,36,128
2023,1,11470550,목5동,1530,1718,46,61,188
2023,1,11470560,신월1동,1087,1159,38,41,72
2023,1,11470570,신월2동,628,680,20,25,52
2023,1,11470580,신월3동,529,580,22,19,51
2023,1,11470590,신월4동,686,757,30,19,71
2023,1,11470600,신월5동,579,647,20,27,68
2023,1,11470610,신월6동,513,570,21,18,57
2023,1,11470611,신월7동,691,742,12,35,51
2023,1,11470620,신정1동,1025,1140,31,29,115
2023,1,11470630,신정2동,941,1043,35,27,102
2023,1,11470640,신정3동,1091,1252,56,44,161
2023,1,11470650,신정4동,2428,2629,113,105,201
2023,1,11470670,신정6동,641,711,31,31,70
2023,1,11470680,신정7동,797,919,36,29,122
2023,1,11500510,염창동,1326,1525,64,48,199
2023,1,11500520,등촌1동,1334,1513,66,48,179
2023,1,11500530,등촌2동,543,602,16,18,59
2023,1,11500535,등촌3동,1882,2102,83,80,220
2023,1,11500540,화곡1동,2283,2532,98,79,249
2023,1,11500550,화곡2동,614,661,25,25,47
2023,1,11500560,화곡3동,951,1085,34,36,134
2023,1,11500570,화곡4동,1122,1217,42,37,95
2023,1,11500590,화곡본동,1143,1255,41,38,112
2023,1,11500591,화곡6동,1287,1448,55,62,161
2023,1,11500593,화곡8동,988,1109,42,30,121
2023,1,11500603,가양1동,4681,5269,231,203,588
2023,1,11500604,가양2동,416,470,21,15,54
2023,1,11500605,가양3동,350,384,17,14,34
2023,1,11500611,발산1동,3630,3962,160,114,332
2023,1,11500615,우장산동,1315,1460,60,53,145
2023,1,11500620,공항동,1345,1500,58,57,155
2023,1,11500630,방화1동,1969,2199,92,77,230
2023,1,11500640,방화2동,1555,1697,56,38,142
2023,1,11500641,방화3동,523,579,26,19,56
2023,1,11530510,신도림동,1782,2005,66,35,223
2023,1,11530520,구로1동,518,575,21,16,57
2023,1,11530530,구로2동,4977,5104,82,84,127
2023,1,11530540,구로3동,3630,4101,137,118,471
2023,1,11530550,구로4동,1651,1749,52,57,98
2023,1,11530560,구로5동,2729,2982,90,85,253
2023,1,11530595,가리봉동,811,840,23,24,29
2023,1,11530720,고척1동,1291,1466,49,48,175
2023,1,11530730,고척2동,1045,1138,30,34,93
2023,1,11530740,개봉1동,1227,1358,49,53,131
2023,1,11530750,개봉2동,743,851,24,20,108
2023,1,11530760,개봉3동,686,762,25,15,76
2023,1,11530770,오류1동,888,966,35,26,78
2023,1,11530780,오류2동,1031,1167,34,36,136
2023,1,11530790,수궁동,684,753,27,22,69
2023,1,11530800,항동,353,424,29,18,71
2023,1,11545510,가산동,7937,8602,393,220,665
2023,1,11545610,독산1동,2394,2691,81,87,297
2023,1,11545620,독산2동,719,801,30,32,82
2023,1,11545630,독산3동,1336,1432,47,55,96
2023,1,11545640,독산4동,636,708,16,20,72
2023,1,11545670,시흥1동,2132,2369,111,77,237
2023,1,11545680,시흥2동,387,421,23,14,34
2023,1,11545690,시흥3동,985,1020,14,20,35
2023,1,11545700,시흥4동,462,498,24,26,36
2023,1,11545710,시흥5동,747,826,36,31,79
2023,1,11560515,영등포본동,1317,1448,39,49,131
2023,1,11560535,영등포동,3852,4269,110,104,417
2023,1,11560540,여의동,5163,5781,192,140,618
2023,1,11560550,당산1동,2505,2700,123,88,195
2023,1,11560560,당산2동,1765,1972,70,58,207
2023,1,11560585,도림동,719,770,27,22,51
2023,1,11560605,문래동,2674,2897,109,82,223
2023,1,11560610,양평1동,1220,1332,46,40,112
2023,1,11560620,양평2동,1431,1560,64,44,129
2023,1,11560630,신길1동,833,902,18,19,69
2023,1,11560650,신길3동,729,781,22,21,52
2023,1,11560660,신길4동,334,385,11,11,51
2023,1,11560670,신길5동,316,349,6,12,33
2023,1,11560680,신길6동,978,1073,34,41,95
2023,1,11560690,신길7동,513,577,15,22,64
2023,1,11560700,대림1동,763,841,32,28,78
2023,1,11560710,대림2동,1326,1380,69,46,54
2023,1,11560720,대림3동,1501,1587,53,49,86
2023,1,11590510,노량진1동,1422,1621,66,70,199
2023,1,11590520,노량진2동,1533,1593,25,38,60
2023,1,11590530,상도1동,1386,1614,47,47,228
2023,1,11590540,상도2동,1094,1220,29,36,126
2023,1,11590550,상도3동,738,802,31,25,64
2023,1,11590560,상도4동,752,829,27,23,77
2023,1,11590605,흑석동,1190,1360,34,61,170
2023,1,11590620,사당1동,1475,1608,59,63,133
2023,1,11590630,사당2동,1438,1605,58,59,167
2023,1,11590640,사당3동,709,779,20,21,70
2023,1,11590650,사당4동,530,588,13,14,58
2023,1,11590651,사당5동,344,380,14,15,36
2023,1,11590660,대방동,1348,1509,47,59,161
2023,1,11590670,신대방1동,808,876,17,20,68
2023,1,11590680,신대방2동,975,1116,38,33,141
2023,1,11620525,보라매동,1259,1376,40,43,117
2023,1,11620545,청림동,390,435,29,22,45
2023,1,11620565,성현동,621,677,27,25,56
2023,1,11620575,행운동,1249,1382,50,39,133
2023,1,11620585,낙성대동,1167,1348,62,48,181
2023,1,11620595,청룡동,1719,1942,68,58,223
2023,1,11620605,은천동,1202,1333,60,51,131
2023,1,11620615,중앙동,833,944,34,34,111
2023,1,11620625,인헌동,901,996,34,25,95
2023,1,11620630,남현동,755,856,40,27,101
2023,1,11620645,서원동,1135,1352,57,54,217
2023,1,11620655,신원동,702,755,19,23,53
2023,1,11620665,서림동,676,747,25,40,71
2023,1,11620685,신사동,1093,1199,36,44,106
2023,1,11620695,신림동,1632,1811,71,70,179
2023,1,11620715,난향동,305,330,12,11,25
2023,1,11620725,조원동,1222,1330,45,45,108
2023,1,11620735,대학동,1101,1249,46,47,148
2023,1,11620745,삼성동,609,631,13,20,22
2023,1,11620765,미성동,1063,1173,48,36,110
2023,1,11620775,난곡동,596,666,30,30,70
2023,1,11650510,서초1동,3003,3229,91,67,226
2023,1,11650520,서초2동,3874,4139,135,115,265
2023,1,11650530,서초3동,6858,7239,206,198,381
2023,1,11650531,서초4동,3078,3309,84,77,231
2023,1,11650540,잠원동,1842,1973,62,68,131
2023,1,11650550,반포본동,419,433,8,20,14
2023,1,11650560,반포1동,1671,1799,55,53,128
2023,1,11650570,반포2동,341,365,13,10,24
2023,1,11650580,반포3동,1167,1246,37,38,79
2023,1,11650581,반포4동,3220,3524,100,72,304
2023,1,11650590,방배본동,1324,1409,23,37,85
2023,1,11650600,방배1동,1258,1403,44,42,145
2023,1,11650610,방배2동,1392,1514,46,47,122
2023,1,11650620,방배3동,672,721,15,28,49
2023,1,11650621,방배4동,1841,1966,61,58,125
2023,1,11650651,양재1동,2658,2912,107,90,254
2023,1,11650652,양재2동,3488,3698,75,87,210
2023,1,11650660,내곡동,882,931,25,33,49
2023,1,11680510,신사동,4033,4318,159,126,285
2023,1,11680521,논현1동,4231,4547,140,144,316
2023,1,11680531,논현2동,4530,4891,182,139,361
2023,1,11680545,압구정동,4298,4535,154,124,237
2023,1,11680565,청담동,4412,4606,145,132,194
2023,1,11680580,삼성1동,3656,3957,127,97,301
2023,1,11680590,삼성2동,3043,3259,132,66,216
2023,1,11680600,대치1동,1086,1199,33,28,113
2023,1,11680610,대치2동,2993,3234,93,112,241
2023,1,11680630,대치4동,3834,4226,168,128,392
2023,1,11680640,역삼1동,11189,12147,401,326,958
2023,1,11680650,역삼2동,3186,3409,132,102,223
2023,1,11680655,도곡1동,1286,1402,36,41,116
2023,1,11680656,도곡2동,1508,1611,39,37,103
2023,1,11680660,개포1동,175,181,4,4,6
2023,1,11680670,개포2동,864,957,54,30,93
2023,1,11680690,개포4동,1456,1553,73,43,97
2023,1,11680700,세곡동,1238,1401,66,38,163
2023,1,11680720,일원본동,437,483,16,10,46
2023,1,11680730,일원1동,701,782,29,21,81
2023,1,11680740,일원2동,438,476,14,19,38
2023,1,11680750,수서동,798,922,21,15,124
2023,1,11710510,풍납1동,483,518,19,19,35
2023,1,11710520,풍납2동,853,928,25,16,75
2023,1,11710531,거여1동,584,636,20,28,52
2023,1,11710532,거여2동,671,757,38,14,86
2023,1,11710540,마천1동,643,685,21,29,42
2023,1,11710550,마천2동,935,1010,29,38,75
2023,1,11710561,방이1동,1162,1285,45,43,123
2023,1,11710562,방이2동,2491,2749,108,86,258
2023,1,11710566,오륜동,450,509,9,7,59
2023,1,11710570,오금동,1726,1865,51,51,139
2023,1,11710580,송파1동,1840,2014,73,61,174
2023,1,11710590,송파2동,827,927,19,29,100
2023,1,11710600,석촌동,2447,2692,98,86,245
2023,1,11710610,삼전동,1560,1736,57,58,176
2023,1,11710620,가락본동,2488,2721,96,92,233
2023,1,11710631,가락1동,3558,3623,66,48,65
2023,1,11710632,가락2동,1544,1695,61,58,151
2023,1,11710641,문정1동,1142,1237,40,43,95
2023,1,11710642,문정2동,5922,6443,240,167,521
2023,1,11710646,장지동,963,1061,43,47,98
2023,1,11710647,위례동,876,1050,63,51,174
2023,1,11710650,잠실본동,2786,3161,121,96,375
2023,1,11710670,잠실2동,872,983,35,35,111
2023,1,11710680,잠실3동,1658,1814,50,58,156
2023,1,11710690,잠실4동,374,420,11,12,46
2023,1,11710710,잠실6동,1757,1982,57,54,225
2023,1,11710720,잠실7동,200,213,3,3,13
2023,1,11740515,강일동,788,929,43,35,141
2023,1,11740520,상일동,873,980,50,32,107
2023,1,11740530,명일1동,1607,1776,89,65,169
2023,1,11740540,명일2동,1016,1174,37,36,158
2023,1,11740550,고덕1동,555,633,18,16,78
2023,1,11740560,고덕2동,768,880,28,24,112
2023,1,11740570,암사1동,1321,1443,41,38,122
2023,1,11740580,암사2동,646,725,24,25,79
2023,1,11740590,암사3동,565,617,33,22,52
2023,1,11740600,천호1동,1069,1195,70,29,126
2023,1,11740610,천호2동,3117,3419,127,112,302
2023,1,11740620,천호3동,1453,1598,68,58,145
2023,1,11740640,성내1동,1242,1367,51,42,125
2023,1,11740650,성내2동,1396,1518,55,41,122
2023,1,11740660,성내3동,1944,2095,72,71,151
2023,1,11740685,길동,2846,3137,137,90,291
2023,1,11740690,둔촌1동,23,25,0,0,2
2023,1,11740700,둔촌2동,1089,1171,34,40,82
2023,2,11110515,청운효자동,908,936,22,14,28
2023,2,11110530,사직동,2637,2831,86,54,194
2023,2,11110540,삼청동,709,757,22,14,48
2023,2,11110550,부암동,449,480,10,12,31
2023,2,11110560,평창동,647,686,24,17,39
2023,2,11110570,무악동,182,203,8,4,21
2023,2,11110580,교남동,317,389,14,10,72
2023,2,11110600,가회동,613,657,18,14,44
2023,2,11110615,종로1·2·3·4가동,10082,10621,207,176,539
2023,2,11110630,종로5·6가동,1918,2012,50,39,94
2023,2,11110640,이화동,647,786,29,21,139
2023,2,11110650,혜화동,1335,1533,61,38,198
2023,2,11110670,창신1동,1728,1781,38,40,53
2023,2,11110680,창신2동,367,390,9,17,23
2023,2,11110690,창신3동,171,188,7,6,17
2023,2,11110700,숭인1동,267,297,5,8,30
2023,2,11110710,숭인2동,842,913,31,25,71
2023,2,11140520,소공동,2864,3121,61,71,257
2023,2,11140540,회현동,5049,5291,76,101,242
2023,2,11140550,명동,4069,4571,132,84,502
2023,2,11140570,필동,1112,1243,32,27,131
2023,2,11140580,장충동,500,531,10,11,31
2023,2,11140590,광희동,5282,5516,116,78,234
2023,2,11140605,을지로동,2790,2916,65,67,126
2023,2,11140615,신당동,11970,12106,213,240,136
2023,2,11140625,다산동,830,911,27,20,81
2023,2,11140635,약수동,655,720,28,16,65
2023,2,11140645,청구동,507,542,19,16,35
2023,2,11140650,신당5동,733,800,36,24,67
2023,2,11140665,동화동,549,589,17,11,40
2023,2,11140670,황학동,1358,1443,42,37,85
2023,2,11140680,중림동,664,732,23,17,68
2023,2,11170510,후암동,824,870,35,20,46
2023,2,11170520,용산2가동,569,615,27,15,46
2023,2,11170530,남영동,1198,1371,38,32,173
2023,2,11170555,청파동,1195,1349,64,29,154
2023,2,11170560,원효로1동,1628,1711,39,36,83
2023,2,11170570,원효로2동,882,924,17,17,42
2023,2,11170580,효창동,335,359,16,9,24
2023,2,11170590,용문동,529,569,14,12,40
2023,2,11170625,한강로동,5020,5352,142,116,332
2023,2,11170630,이촌1동,801,874,15,13,73
2023,2,11170640,이촌2동,302,321,5,5,19
2023,2,11170650,이태원1동,1589,1683,43,31,94
2023,2,11170660,이태원2동,826,872,29,21,46
2023,2,11170685,한남동,2307,2435,79,46,128
2023,2,11170690,서빙고동,354,381,7,9,27
2023,2,11170700,보광동,722,769,25,22,47
2023,2,11200520,왕십리2동,548,604,28,19,56
2023,2,11200535,왕십리도선동,1861,2072,79,57,211
2023,2,11200540,마장동,2382,2441,49,32,59
2023,2,11200550,사근동,691,875,16,23,184
2023,2,11200560,행당1동,1107,1263,53,34,156
2023,2,11200570,행당2동,498,573,17,10,75
2023,2,11200580,응봉동,283,303,4,7,20
2023,2,11200590,금호1가동,430,476,17,9,46
2023,2,11200615,금호2·3가동,831,914,28,20,83
2023,2,11200620,금호4가동,541,603,21,11,62
2023,2,11200645,옥수동,819,905,30,21,86
2023,2,11200650,성수1가1동,1077,1149,33,29,72
2023,2,11200660,성수1가2동,1987,2113,92,37,126
2023,2,11200670,성수2가1동,1515,1615,48,55,100
2023,2,11200690,성수2가3동,3017,3252,105,73,235
2023,2,11200720,송정동,450,467,15,14,17
2023,2,11200790,용답동,1211,1280,39,33,69
2023,2,11215710,화양동,2143,2540,112,79,397
2023,2,11215730,군자동,1356,1510,56,46,154
2023,2,11215740,중곡1동,1189,1264,57,55,75
2023,2,11215750,중곡2동,1182,1270,41,35,88
2023,2,11215760,중곡3동,864,951,28,38,87
2023,2,11215770,중곡4동,1062,1142,53,32,80
2023,2,11215780,능동,628,707,23,16,79
2023,2,11215810,광장동,1092,1219,34,30,127
2023,2,11215820,자양1동,1244,1379,61,44,135
2023,2,11215830,자양2동,1013,1098,31,31,85
2023,2,11215840,자양3동,1292,1423,49,34,131
2023,2,11215847,자양4동,1496,1613,71,52,117
2023,2,11215850,구의1동,1432,1583,54,53,151
2023,2,11215860,구의2동,984,1088,36,27,104
2023,2,11215870,구의3동,2357,2586,63,65,229
2023,2,11230536,용신동,2676,2887,88,82,211
2023,2,11230545,제기동,3120,3196,70,69,76
2023,2,11230560,전농1동,1943,2145,62,52,202
2023,2,11230570,전농2동,612,704,33,26,92
2023,2,11230600,답십리1동,1173,1299,48,39,126
2023,2,11230610,답십리2동,1665,1765,34,40,100
2023,2,11230650,장안1동,2692,2921,87,74,229
2023,2,11230660,장안2동,2001,2243,58,70,242
2023,2,11230705,청량리동,1127,1194,47,37,67
2023,2,11230710,회기동,933,1084,42,38,151
2023,2,11230720,휘경1동,724,803,41,28,79
2023,2,11230730,휘경2동,559,631,23,29,72
2023,2,11230740,이문1동,891,1014,29,25,123
2023,2,11230750,이문2동,473,513,19,16,40
2023,2,11260520,면목2동,1104,1169,45,48,65
2023,2,11260540,면목4동,587,639,24,20,52
2023,2,11260550,면목5동,457,499,13,23,42
2023,2,11260565,면목본동,1645,1774,66,47,129
2023,2,11260570,면목7동,1007,1082,30,22,75
2023,2,11260575,면목3·8동,1374,1506,47,46,132
2023,2,11260580,상봉1동,875,968,33,29,93
2023,2,11260590,상봉2동,1617,1795,73,60,178
2023,2,11260600,중화1동,637,685,21,29,48
2023,2,11260610,중화2동,1246,1353,37,57,107
2023,2,11260620,묵1동,1062,1185,40,45,123
2023,2,11260630,묵2동,928,987,40,34,59
2023,2,11260655,망우본동,1818,2018,83,60,200
2023,2,11260660,망우3동,542,588,12,13,46
2023,2,11260680,신내1동,1249,1418,43,30,169
2023,2,11260690,신내2동,714,805,74,20,91
2023,2,11290525,성북동,990,1055,30,23,65
2023,2,11290555,삼선동,1482,1597,51,36,115
2023,2,11290575,동선동,1703,1978,77,73,275
2023,2,11290580,돈암1동,382,405,14,17,23
2023,2,11290590,돈암2동,475,517,19,20,42
2023,2,11290600,안암동,992,1189,41,41,197
2023,2,11290610,보문동,762,822,34,29,60
2023,2,11290620,정릉1동,578,633,16,13,55
2023,2,11290630,정릉2동,669,747,18,22,78
2023,2,11290640,정릉3동,482,521,14,14,39
2023,2,11290650,정릉4동,693,761,22,28,68
2023,2,11290660,길음1동,935,1053,32,27,118
2023,2,11290685,길음2동,1158,1287,39,41,129
2023,2,11290705,종암동,1315,1468,40,40,153
2023,2,11290715,월곡1동,894,995,44,32,101
2023,2,11290725,월곡2동,1035,1169,38,31,134
2023,2,11290760,장위1동,700,769,23,22,69
2023,2,11290770,장위2동,730,764,12,24,34
2023,2,11290780,장위3동,429,484,11,16,55
2023,2,11290810,석관동,1392,1526,51,41,134
2023,2,11305534,삼양동,663,728,29,22,65
2023,2,11305535,미아동,1237,1345,47,61,108
2023,2,11305545,송중동,1735,1935,76,58,200
2023,2,11305555,송천동,1319,1452,44,49,133
2023,2,11305575,삼각산동,715,800,32,24,85
2023,2,11305595,번1동,1312,1438,59,41,126
2023,2,11305603,번2동,335,356,9,12,21
2023,2,11305608,번3동,375,430,15,6,55
2023,2,11305615,수유1동,1054,1134,38,25,80
2023,2,11305625,수유2동,853,918,42,34,65
2023,2,11305635,수유3동,2034,2280,108,86,246
2023,2,11305645,우이동,808,878,33,22,70
2023,2,11305660,인수동,998,1070,30,36,72
2023,2,11320511,창1동,759,837,25,17,78
2023,2,11320512,창2동,867,937,26,26,70
2023,2,11320513,창3동,593,640,24,30,47
2023,2,11320514,창4동,909,1022,32,25,113
2023,2,11320515,창5동,1056,1214,34,37,158
2023,2,11320521,도봉1동,1068,1164,38,33,96
2023,2,11320522,도봉2동,893,942,30,30,49
2023,2,11320660,쌍문1동,556,603,15,11,47
2023,2,11320670,쌍문2동,871,975,27,28,104
2023,2,11320680,쌍문3동,735,804,26,22,69
2023,2,11320681,쌍문4동,431,483,8,12,52
2023,2,11320690,방학1동,1706,1909,56,61,203
2023,2,11320700,방학2동,787,834,32,43,47
2023,2,11320710,방학3동,531,583,25,18,52
2023,2,11350560,월계1동,947,1099,26,18,152
2023,2,11350570,월계2동,497,550,21,11,53
2023,2,11350580,월계3동,635,719,21,22,84
2023,2,11350595,공릉1동,2107,2339,102,77,232
2023,2,11350600,공릉2동,1281,1501,54,62,220
2023,2,11350611,하계1동,797,897,33,24,100
2023,2,11350612,하계2동,298,327,13,6,29
2023,2,11350619,중계본동,1157,1273,38,37,116
2023,2,11350621,중계1동,900,1040,27,34,140
2023,2,11350624,중계4동,824,913,31,24,89
2023,2,11350625,중계2·3동,1154,1274,37,35,120
2023,2,11350630,상계1동,1386,1549,35,36,163
2023,2,11350640,상계2동,2538,2838,89,70,300
2023,2,11350665,상계3·4동,931,977,23,21,46
2023,2,11350670,상계5동,1256,1350,52,41,94
2023,2,11350695,상계6·7동,1514,1707,72,63,193
2023,2,11350700,상계8동,403,449,14,13,46
2023,2,11350710,상계9동,438,486,9,10,48
2023,2,11350720,상계10동,345,383,11,1,38
2023,2,11380510,녹번동,1326,1462,52,47,136
2023,2,11380520,불광1동,1276,1415,47,41,139
2023,2,11380530,불광2동,1058,1119,31,26,61
2023,2,11380551,갈현1동,1193,1327,35,56,134
2023,2,11380552,갈현2동,1381,1538,58,51,157
2023,2,11380560,구산동,862,944,33,21,82
2023,2,11380570,대조동,2247,2453,82,62,206
2023,2,11380580,응암1동,1423,1615,55,48,192
2023,2,11380590,응암2동,664,724,33,33,60
2023,2,11380600,응암3동,1451,1574,49,72,123
2023,2,11380625,역촌동,1894,2109,68,65,215
2023,2,11380631,신사1동,948,1052,37,39,104
2023,2,11380632,신사2동,556,597,22,23,41
2023,2,11380640,증산동,678,729,21,17,51
2023,2,11380650,수색동,433,464,30,16,31
2023,2,11380690,진관동,1920,2239,65,58,319
2023,2,11410520,천연동,607,666,17,18,59
2023,2,11410555,북아현동,639,706,17,20,67
2023,2,11410565,충현동,1143,1259,38,32,116
2023,2,11410585,신촌동,3472,3971,164,112,499
2023,2,11410615,연희동,1899,2036,71,52,137
2023,2,11410620,홍제1동,720,822,36,25,102
2023,2,11410640,홍제3동,813,894,32,22,81
2023,2,11410655,홍제2동,431,479,13,11,48
2023,2,11410660,홍은1동,702,764,26,23,62
2023,2,11410685,홍은2동,836,941,45,26,105
2023,2,11410690,남가좌1동,567,646,26,15,79
2023,2,11410700,남가좌2동,1135,1287,35,43,152
2023,2,11410710,북가좌1동,428,486,12,18,58
2023,2,11410720,북가좌2동,1077,1211,47,41,134
2023,2,11440555,아현동,1245,1384,37,31,139
2023,2,11440565,공덕동,1804,1963,53,56,159
2023,2,11440585,도화동,1394,1554,38,35,160
2023,2,11440590,용강동,1638,1805,67,46,167
2023,2,11440600,대흥동,1267,1423,55,32,156
2023,2,11440610,염리동,675,760,29,20,85
2023,2,11440630,신수동,1005,1080,48,45,75
2023,2,11440655,서강동,1663,1805,75,60,142
2023,2,11440660,서교동,8058,8824,385,251,766
2023,2,11440680,합정동,1928,2071,84,68,143
2023,2,11440690,망원1동,1753,1871,81,51,118
2023,2,11440700,망원2동,1146,1236,44,46,90
2023,2,11440710,연남동,2302,2390,131,74,88
2023,2,11440720,성산1동,1096,1174,57,40,78
2023,2,11440730,성산2동,1396,1550,48,38,154
2023,2,11440740,상암동,1743,2081,80,59,338
2023,2,11470510,목1동,2727,3091,92,90,364
2023,2,11470520,목2동,1007,1100,36,35,93
2023,2,11470530,목3동,1047,1146,25,32,99
2023,2,11470540,목4동,1164,1289,37,47,125
2023,2,11470550,목5동,1527,1713,41,46,186
2023,2,11470560,신월1동,1066,1142,35,52,76
2023,2,11470570,신월2동,634,685,24,19,51
2023,2,11470580,신월3동,531,582,22,20,51
2023,2,11470590,신월4동,688,758,23,22,70
2023,2,11470600,신월5동,580,647,25,25,67
2023,2,11470610,신월6동,524,580,34,24,56
2023,2,11470611,신월7동,693,746,19,15,53
2023,2,11470620,신정1동,1029,1143,36,33,114
2023,2,11470630,신정2동,938,1041,22,24,103
2023,2,11470640,신정3동,1080,1240,27,39,160
2023,2,11470650,신정4동,2445,2640,98,87,195
2023,2,11470670,신정6동,643,712,20,19,69
2023,2,11470680,신정7동,801,920,26,25,119
2023,2,11500510,염창동,1350,1548,56,33,198
2023,2,11500520,등촌1동,1357,1541,72,44,184
2023,2,11500530,등촌2동,549,609,19,12,60
2023,2,11500535,등촌3동,1898,2115,78,65,217
2023,2,11500540,화곡1동,2303,2560,123,95,257
2023,2,11500550,화곡2동,613,660,26,27,47
2023,2,11500560,화곡3동,958,1096,41,30,138
2023,2,11500570,화곡4동,1117,1211,40,46,94
2023,2,11500590,화곡본동,1144,1259,58,54,115
2023,2,11500591,화곡6동,1285,1444,57,61,159
2023,2,11500593,화곡8동,993,1113,35,31,120
2023,2,11500603,가양1동,4736,5340,250,179,604
2023,2,11500604,가양2동,418,474,14,10,56
2023,2,11500605,가양3동,352,386,7,5,34
2023,2,11500611,발산1동,3678,4015,174,121,337
2023,2,11500615,우장산동,1317,1465,52,47,148
2023,2,11500620,공항동,1343,1498,42,44,155
2023,2,11500630,방화1동,1959,2187,69,81,228
2023,2,11500640,방화2동,1550,1692,55,60,142
2023,2,11500641,방화3동,526,583,17,13,57
2023,2,11530510,신도림동,1784,2011,49,43,227
2023,2,11530520,구로1동,519,576,17,16,57
2023,2,11530530,구로2동,4979,5111,75,68,132
2023,2,11530540,구로3동,3647,4123,139,117,476
2023,2,11530550,구로4동,1645,1740,65,74,95
2023,2,11530560,구로5동,2750,3004,94,72,254
2023,2,11530595,가리봉동,804,831,31,40,27
2023,2,11530720,고척1동,1297,1472,53,47,175
2023,2,11530730,고척2동,1044,1134,38,42,90
2023,2,11530740,개봉1동,1226,1354,42,46,128
2023,2,11530750,개봉2동,744,850,26,27,106
2023,2,11530760,개봉3동,688,762,23,23,74
2023,2,11530770,오류1동,915,994,53,25,79
2023,2,11530780,오류2동,1047,1185,45,27,138
2023,2,11530790,수궁동,676,746,17,24,70
2023,2,11530800,항동,362,436,19,7,74
2023,2,11545510,가산동,8226,8892,474,184,666
2023,2,11545610,독산1동,2409,2705,84,70,296
2023,2,11545620,독산2동,712,796,29,34,84
2023,2,11545630,독산3동,1350,1446,64,50,96
2023,2,11545640,독산4동,644,716,23,15,72
2023,2,11545670,시흥1동,2116,2351,75,93,235
2023,2,11545680,시흥2동,389,423,14,12,34
2023,2,11545690,시흥3동,987,1020,21,21,33
2023,2,11545700,시흥4동,461,497,13,14,36
2023,2,11545710,시흥5동,740,818,16,24,78
2023,2,11560515,영등포본동,1317,1447,29,30,130
2023,2,11560535,영등포동,3859,4282,134,121,423
2023,2,11560540,여의동,5226,5848,189,122,622
2023,2,11560550,당산1동,2548,2745,113,68,197
2023,2,11560560,당산2동,1763,1974,53,51,211
2023,2,11560585,도림동,730,783,30,17,53
2023,2,11560605,문래동,2695,2923,116,90,228
2023,2,11560610,양평1동,1223,1337,50,45,114
2023,2,11560620,양평2동,1465,1594,69,35,129
2023,2,11560630,신길1동,832,901,29,30,69
2023,2,11560650,신길3동,725,777,15,19,52
2023,2,11560660,신길4동,336,385,13,13,49
2023,2,11560670,신길5동,307,339,6,16,32
2023,2,11560680,신길6동,970,1058,24,39,88
2023,2,11560690,신길7동,518,578,22,21,60
2023,2,11560700,대림1동,774,849,41,33,75
2023,2,11560710,대림2동,1333,1389,69,60,56
2023,2,11560720,대림3동,1504,1588,50,49,84
2023,2,11590510,노량진1동,1416,1615,45,51,199
2023,2,11590520,노량진2동,1524,1583,26,36,59
2023,2,11590530,상도1동,1411,1645,70,39,234
2023,2,11590540,상도2동,1086,1212,30,38,126
2023,2,11590550,상도3동,735,799,29,32,64
2023,2,11590560,상도4동,763,836,35,28,73
2023,2,11590605,흑석동,1189,1360,33,33,171
2023,2,11590620,사당1동,1497,1629,75,54,132
2023,2,11590630,사당2동,1419,1587,59,77,168
2023,2,11590640,사당3동,724,794,27,12,70
2023,2,11590650,사당4동,536,596,19,11,60
2023,2,11590651,사당5동,351,388,18,10,37
2023,2,11590660,대방동,1359,1518,48,39,159
2023,2,11590670,신대방1동,822,887,30,19,65
2023,2,11590680,신대방2동,995,1138,56,34,143
2023,2,11620525,보라매동,1254,1366,42,52,112
2023,2,11620545,청림동,393,436,16,15,43
2023,2,11620565,성현동,624,681,23,19,57
2023,2,11620575,행운동,1250,1387,44,39,137
2023,2,11620585,낙성대동,1177,1354,49,43,177
2023,2,11620595,청룡동,1746,1974,89,57,228
2023,2,11620605,은천동,1205,1339,47,41,134
2023,2,11620615,중앙동,841,952,40,32,111
2023,2,11620625,인헌동,912,1008,43,31,96
2023,2,11620630,남현동,770,873,38,21,103
2023,2,11620645,서원동,1149,1370,58,40,221
2023,2,11620655,신원동,709,762,34,27,53
2023,2,11620665,서림동,685,759,36,24,74
2023,2,11620685,신사동,1096,1200,49,48,104
2023,2,11620695,신림동,1657,1836,84,59,179
2023,2,11620715,난향동,307,331,7,6,24
2023,2,11620725,조원동,1239,1349,47,28,110
2023,2,11620735,대학동,1114,1260,48,37,146
2023,2,11620745,삼성동,602,625,13,19,23
2023,2,11620765,미성동,1066,1177,37,33,111
2023,2,11620775,난곡동,602,671,25,20,69
2023,2,11650510,서초1동,3054,3274,93,48,220
2023,2,11650520,서초2동,3894,4164,118,93,270
2023,2,11650530,서초3동,6882,7266,196,169,384
2023,2,11650531,서초4동,3103,3332,96,73,229
2023,2,11650540,잠원동,1861,1992,70,51,131
2023,2,11650550,반포본동,413,425,3,11,12
2023,2,11650560,반포1동,1700,1828,67,38,128
2023,2,11650570,반포2동,348,374,17,8,26
2023,2,11650580,반포3동,1154,1232,24,38,78
2023,2,11650581,반포4동,3229,3534,62,52,305
2023,2,11650590,방배본동,1339,1426,42,25,87
2023,2,11650600,방배1동,1259,1407,34,30,148
2023,2,11650610,방배2동,1390,1516,43,41,126
2023,2,11650620,방배3동,690,741,27,7,51
2023,2,11650621,방배4동,1850,1974,56,48,124
2023,2,11650651,양재1동,2689,2939,92,65,250
2023,2,11650652,양재2동,3526,3738,105,65,212
2023,2,11650660,내곡동,879,931,23,23,52
2023,2,11680510,신사동,4109,4391,195,122,282
2023,2,11680521,논현1동,4254,4567,135,115,313
2023,2,11680531,논현2동,4565,4922,173,142,357
2023,2,11680545,압구정동,4352,4598,158,95,246
2023,2,11680565,청담동,4443,4638,129,97,195
2023,2,11680580,삼성1동,3679,3981,113,89,302
2023,2,11680590,삼성2동,3068,3290,111,80,222
2023,2,11680600,대치1동,1090,1200,24,23,110
2023,2,11680610,대치2동,2994,3237,73,70,243
2023,2,11680630,대치4동,3893,4291,184,119,398
2023,2,11680640,역삼1동,11302,12250,403,300,948
2023,2,11680650,역삼2동,3217,3443,122,88,226
2023,2,11680655,도곡1동,1289,1404,33,31,115
2023,2,11680656,도곡2동,1513,1618,45,38,105
2023,2,11680660,개포1동,183,189,10,2,6
2023,2,11680670,개포2동,895,996,64,25,101
2023,2,11680690,개포4동,1487,1583,72,42,96
2023,2,11680700,세곡동,1250,1415,52,38,165
2023,2,11680720,일원본동,440,485,14,12,45
2023,2,11680730,일원1동,704,785,24,21,81
2023,2,11680740,일원2동,444,481,17,12,37
2023,2,11680750,수서동,794,915,17,24,121
2023,2,11710510,풍납1동,476,511,9,16,35
2023,2,11710520,풍납2동,861,936,29,21,75
2023,2,11710531,거여1동,585,639,26,23,54
2023,2,11710532,거여2동,687,773,37,21,86
2023,2,11710540,마천1동,654,695,24,14,41
2023,2,11710550,마천2동,940,1015,32,27,75
2023,2,11710561,방이1동,1169,1289,30,26,120
2023,2,11710562,방이2동,2505,2760,110,99,255
2023,2,11710566,오륜동,454,512,11,8,58
2023,2,11710570,오금동,1744,1878,60,47,134
2023,2,11710580,송파1동,1863,2041,89,62,178
2023,2,11710590,송파2동,830,929,33,31,99
2023,2,11710600,석촌동,2437,2682,93,103,245
2023,2,11710610,삼전동,1574,1746,59,49,172
2023,2,11710620,가락본동,2516,2751,121,91,235
2023,2,11710631,가락1동,3570,3637,43,29,67
2023,2,11710632,가락2동,1564,1719,67,43,155
2023,2,11710641,문정1동,1151,1247,49,39,96
2023,2,11710642,문정2동,5959,6479,189,153,520
2023,2,11710646,장지동,962,1057,31,35,95
2023,2,11710647,위례동,898,1076,63,37,178
2023,2,11710650,잠실본동,2796,3171,111,101,375
2023,2,11710670,잠실2동,877,988,30,25,111
2023,2,11710680,잠실3동,1675,1837,62,39,162
2023,2,11710690,잠실4동,373,421,10,9,48
2023,2,11710710,잠실6동,1763,1983,50,49,220
2023,2,11710720,잠실7동,202,215,3,1,13
2023,2,11740515,강일동,803,949,55,35,146
2023,2,11740520,상일동,880,989,35,26,109
2023,2,11740530,명일1동,1650,1819,104,61,169
2023,2,11740540,명일2동,1018,1176,31,29,158
2023,2,11740550,고덕1동,561,637,26,22,76
2023,2,11740560,고덕2동,776,886,38,32,110
2023,2,11740570,암사1동,1327,1446,43,40,119
2023,2,11740580,암사2동,652,732,22,15,80
2023,2,11740590,암사3동,575,625,30,22,50
2023,2,11740600,천호1동,1109,1231,77,41,122
2023,2,11740610,천호2동,3132,3427,86,78,295
2023,2,11740620,천호3동,1461,1610,62,50,149
2023,2,11740640,성내1동,1252,1372,44,39,120
2023,2,11740650,성내2동,1414,1534,69,53,120
2023,2,11740660,성내3동,1939,2092,59,62,153
2023,2,11740685,길동,2866,3152,114,99,286
2023,2,11740690,둔촌1동,23,25,0,0,2
2023,2,11740700,둔촌2동,1089,1173,32,30,84
2023,3,11110515,청운효자동,925,953,29,12,28
2023,3,11110530,사직동,2635,2830,62,63,195
2023,3,11110540,삼청동,703,748,18,27,45
2023,3,11110550,부암동,454,484,15,11,30
2023,3,11110560,평창동,652,691,22,17,39
2023,3,11110570,무악동,179,200,4,7,21
2023,3,11110580,교남동,315,389,8,8,74
2023,3,11110600,가회동,609,653,17,21,44
2023,3,11110615,종로1·2·3·4가동,10101,10634,194,181,533
2023,3,11110630,종로5·6가동,1925,2019,52,45,94
2023,3,11110640,이화동,657,798,27,15,141
2023,3,11110650,혜화동,1341,1542,52,43,201
2023,3,11110670,창신1동,1698,1749,30,62,51
2023,3,11110680,창신2동,370,394,17,13,24
2023,3,11110690,창신3동,172,188,3,3,16
2023,3,11110700,숭인1동,272,303,9,3,31
2023,3,11110710,숭인2동,848,921,36,28,73
2023,3,11140520,소공동,2862,3119,69,71,257
2023,3,11140540,회현동,4999,5239,71,123,240
2023,3,11140550,명동,4124,4635,146,82,511
2023,3,11140570,필동,1126,1258,45,30,132
2023,3,11140580,장충동,503,537,18,12,34
2023,3,11140590,광희동,5298,5532,137,121,234
2023,3,11140605,을지로동,2806,2929,78,65,123
2023,3,11140615,신당동,11946,12075,286,317,129
2023,3,11140625,다산동,839,917,27,21,78
2023,3,11140635,약수동,665,732,27,15,67
2023,3,11140645,청구동,506,541,15,16,35
2023,3,11140650,신당5동,722,790,21,31,68
2023,3,11140665,동화동,550,587,15,17,37
2023,3,11140670,황학동,1352,1434,26,35,82
2023,3,11140680,중림동,661,731,16,17,70
2023,3,11170510,후암동,839,888,38,20,49
2023,3,11170520,용산2가동,573,622,29,22,49
2023,3,11170530,남영동,1201,1369,24,26,168
2023,3,11170555,청파동,1216,1380,74,43,164
2023,3,11170560,원효로1동,1621,1708,31,34,87
2023,3,11170570,원효로2동,884,926,17,15,42
2023,3,11170580,효창동,342,367,19,11,25
2023,3,11170590,용문동,537,577,21,13,40
2023,3,11170625,한강로동,5020,5361,121,112,341
2023,3,11170630,이촌1동,802,874,20,20,72
2023,3,11170640,이촌2동,308,328,10,3,20
2023,3,11170650,이태원1동,1583,1677,50,56,94
2023,3,11170660,이태원2동,833,875,22,19,42
2023,3,11170685,한남동,2325,2453,74,56,128
2023,3,11170690,서빙고동,354,382,8,7,28
2023,3,11170700,보광동,725,772,25,22,47
2023,3,11200520,왕십리2동,550,607,22,19,57
2023,3,11200535,왕십리도선동,1857,2070,54,56,213
2023,3,11200540,마장동,2383,2439,41,43,56
2023,3,11200550,사근동,701,883,26,18,182
2023,3,11200560,행당1동,1119,1271,45,37,152
2023,3,11200570,행당2동,496,570,14,17,74
2023,3,11200580,응봉동,287,308,9,4,21
2023,3,11200590,금호1가동,440,482,20,14,42
2023,3,11200615,금호2·3가동,841,925,29,18,84
2023,3,11200620,금호4가동,544,608,18,13,64
2023,3,11200645,옥수동,826,912,18,11,86
2023,3,11200650,성수1가1동,1082,1158,37,28,76
2023,3,11200660,성수1가2동,2017,2140,80,53,123
2023,3,11200670,성수2가1동,1514,1611,63,67,97
2023,3,11200690,성수2가3동,3060,3289,124,87,229
2023,3,11200720,송정동,466,483,30,14,17
2023,3,11200790,용답동,1215,1285,38,33,70
2023,3,11215710,화양동,2146,2532,90,98,386
2023,3,11215730,군자동,1341,1493,38,55,152
2023,3,11215740,중곡1동,1190,1263,39,40,73
2023,3,11215750,중곡2동,1187,1272,44,42,85
2023,3,11215760,중곡3동,853,937,22,36,84
2023,3,11215770,중곡4동,1083,1164,54,32,81
2023,3,11215780,능동,638,716,30,21,78
2023,3,11215810,광장동,1097,1229,42,32,132
2023,3,11215820,자양1동,1239,1374,43,48,135
2023,3,11215830,자양2동,1028,1113,43,28,85
2023,3,11215840,자양3동,1297,1427,40,36,130
2023,3,11215847,자양4동,1502,1620,62,55,118
2023,3,11215850,구의1동,1441,1591,49,41,150
2023,3,11215860,구의2동,994,1096,46,38,102
2023,3,11215870,구의3동,2362,2595,66,57,233
2023,3,11230536,용신동,2695,2910,87,64,215
2023,3,11230545,제기동,3115,3190,64,70,75
2023,3,11230560,전농1동,1957,2157,72,60,200
2023,3,11230570,전농2동,617,711,24,17,94
2023,3,11230600,답십리1동,1176,1302,41,38,126
2023,3,11230610,답십리2동,1651,1757,35,43,106
2023,3,11230650,장안1동,2698,2930,84,75,232
2023,3,11230660,장안2동,2011,2246,70,67,235
2023,3,11230705,청량리동,1145,1212,45,27,67
2023,3,11230710,회기동,927,1080,35,39,153
2023,3,11230720,휘경1동,736,813,32,22,77
2023,3,11230730,휘경2동,566,640,21,12,74
2023,3,11230740,이문1동,900,1028,37,23,128
2023,3,11230750,이문2동,476,515,13,11,39
2023,3,11260520,면목2동,1104,1171,43,41,67
2023,3,11260540,면목4동,584,635,29,33,51
2023,3,11260550,면목5동,454,494,15,20,40
2023,3,11260565,면목본동,1643,1771,66,69,128
2023,3,11260570,면목7동,997,1069,24,37,72
2023,3,11260575,면목3·8동,1381,1509,56,53,128
2023,3,11260580,상봉1동,873,968,32,32,95
2023,3,11260590,상봉2동,1646,1824,86,57,178
2023,3,11260600,중화1동,646,695,21,11,49
2023,3,11260610,중화2동,1246,1353,48,48,107
2023,3,11260620,묵1동,1087,1210,53,28,123
2023,3,11260630,묵2동,933,990,40,37,57
2023,3,11260655,망우본동,1837,2036,66,48,199
2023,3,11260660,망우3동,534,581,16,23,47
2023,3,11260680,신내1동,1245,1414,33,37,169
2023,3,11260690,신내2동,791,884,99,20,93
2023,3,11290525,성북동,1007,1073,41,23,66
2023,3,11290555,삼선동,1480,1598,53,52,118
2023,3,11290575,동선동,1721,1992,77,63,271
2023,3,11290580,돈암1동,383,407,10,8,24
2023,3,11290590,돈암2동,479,524,17,10,45
2023,3,11290600,안암동,1002,1201,55,43,199
2023,3,11290610,보문동,765,824,32,30,59
2023,3,11290620,정릉1동,581,637,23,19,56
2023,3,11290630,정릉2동,673,750,15,12,77
2023,3,11290640,정릉3동,480,519,11,13,39
2023,3,11290650,정릉4동,701,768,24,17,67
2023,3,11290660,길음1동,928,1045,22,30,117
2023,3,11290685,길음2동,1171,1297,69,59,126
2023,3,11290705,종암동,1307,1459,34,43,152
2023,3,11290715,월곡1동,892,992,21,24,100
2023,3,11290725,월곡2동,1031,1169,32,32,138
2023,3,11290760,장위1동,708,778,21,12,70
2023,3,11290770,장위2동,716,750,9,23,34
2023,3,11290780,장위3동,432,489,17,12,57
2023,3,11290810,석관동,1380,1511,27,42,131
2023,3,11305534,삼양동,660,725,18,21,65
2023,3,11305535,미아동,1241,1345,42,42,104
2023,3,11305545,송중동,1736,1934,67,68,198
2023,3,11305555,송천동,1303,1433,26,45,130
2023,3,11305575,삼각산동,751,835,56,21,84
2023,3,11305595,번1동,1323,1451,49,36,128
2023,3,11305603,번2동,332,352,8,12,20
2023,3,11305608,번3동,379,433,14,11,54
2023,3,11305615,수유1동,1062,1137,36,33,75
2023,3,11305625,수유2동,860,928,26,16,68
2023,3,11305635,수유3동,2038,2278,92,94,240
2023,3,11305645,우이동,812,880,27,25,68
2023,3,11305660,인수동,1005,1079,37,28,74
2023,3,11320511,창1동,761,839,28,26,78
2023,3,11320512,창2동,874,942,33,28,68
2023,3,11320513,창3동,592,639,24,25,47
2023,3,11320514,창4동,930,1049,45,18,119
2023,3,11320515,창5동,1065,1220,48,42,155
2023,3,11320521,도봉1동,1067,1167,32,29,100
2023,3,11320522,도봉2동,903,954,33,21,51
2023,3,11320660,쌍문1동,551,600,15,18,49
2023,3,11320670,쌍문2동,881,986,35,24,105
2023,3,11320680,쌍문3동,739,807,19,16,68
2023,3,11320681,쌍문4동,438,490,16,9,52
2023,3,11320690,방학1동,1700,1904,48,53,204
2023,3,11320700,방학2동,783,831,23,26,48
2023,3,11320710,방학3동,523,576,15,22,53
2023,3,11350560,월계1동,948,1098,29,30,150
2023,3,11350570,월계2동,498,551,19,18,53
2023,3,11350580,월계3동,639,723,18,14,84
2023,3,11350595,공릉1동,2132,2367,90,62,235
2023,3,11350600,공릉2동,1304,1520,69,50,216
2023,3,11350611,하계1동,799,900,35,32,101
2023,3,11350612,하계2동,296,324,7,10,28
2023,3,11350619,중계본동,1150,1266,31,38,116
2023,3,11350621,중계1동,904,1046,26,20,142
2023,3,11350624,중계4동,833,923,38,28,90
2023,3,11350625,중계2·3동,1176,1296,51,29,120
2023,3,11350630,상계1동,1390,1549,41,41,159
2023,3,11350640,상계2동,2559,2851,108,95,292
2023,3,11350665,상계3·4동,939,988,45,34,49
2023,3,11350670,상계5동,1262,1357,43,36,95
2023,3,11350695,상계6·7동,1525,1716,60,51,191
2023,3,11350700,상계8동,414,461,24,12,47
2023,3,11350710,상계9동,440,487,15,14,47
2023,3,11350720,상계10동,350,388,14,9,38
2023,3,11380510,녹번동,1325,1455,30,37,130
2023,3,11380520,불광1동,1286,1425,56,46,139
2023,3,11380530,불광2동,1071,1133,37,23,62
2023,3,11380551,갈현1동,1178,1313,39,53,135
2023,3,11380552,갈현2동,1375,1531,46,53,156
2023,3,11380560,구산동,859,941,28,31,82
2023,3,11380570,대조동,2224,2429,58,82,205
2023,3,11380580,응암1동,1433,1631,58,42,198
2023,3,11380590,응암2동,671,731,38,31,60
2023,3,11380600,응암3동,1463,1588,42,28,125
2023,3,11380625,역촌동,1891,2101,65,73,210
2023,3,11380631,신사1동,947,1046,31,37,99
2023,3,11380632,신사2동,556,596,18,19,40
2023,3,11380640,증산동,672,722,11,18,50
2023,3,11380650,수색동,449,486,37,15,37
2023,3,11380690,진관동,1931,2250,92,81,319
2023,3,11410520,천연동,599,657,9,18,58
2023,3,11410555,북아현동,639,710,19,15,71
2023,3,11410565,충현동,1138,1256,33,36,118
2023,3,11410585,신촌동,3477,3981,175,165,504
2023,3,11410615,연희동,1908,2045,64,55,137
2023,3,11410620,홍제1동,720,823,28,27,103
2023,3,11410640,홍제3동,814,892,22,24,78
2023,3,11410655,홍제2동,434,482,15,12,48
2023,3,11410660,홍은1동,709,769,20,15,60
2023,3,11410685,홍은2동,856,963,51,29,107
2023,3,11410690,남가좌1동,581,661,23,8,80
2023,3,11410700,남가좌2동,1133,1289,39,37,156
2023,3,11410710,북가좌1동,427,485,10,11,58
2023,3,11410720,북가좌2동,1090,1222,36,25,132
2023,3,11440555,아현동,1259,1393,54,45,134
2023,3,11440565,공덕동,1812,1970,58,51,158
2023,3,11440585,도화동,1406,1565,42,31,159
2023,3,11440590,용강동,1650,1818,57,44,168
2023,3,11440600,대흥동,1272,1426,51,48,154
2023,3,11440610,염리동,685,771,40,29,86
2023,3,11440630,신수동,1024,1098,60,42,74
2023,3,11440655,서강동,1667,1813,67,59,146
2023,3,11440660,서교동,8140,8901,353,276,761
2023,3,11440680,합정동,1935,2079,72,64,144
2023,3,11440690,망원1동,1761,1877,76,70,116
2023,3,11440700,망원2동,1157,1248,45,33,91
2023,3,11440710,연남동,2315,2403,120,107,88
2023,3,11440720,성산1동,1125,1202,63,35,77
2023,3,11440730,성산2동,1406,1556,45,39,150
2023,3,11440740,상암동,1749,2080,70,71,331
2023,3,11470510,목1동,2738,3105,104,90,367
2023,3,11470520,목2동,1015,1111,44,33,96
2023,3,11470530,목3동,1068,1172,54,28,104
2023,3,11470540,목4동,1158,1284,37,42,126
2023,3,11470550,목5동,1526,1709,52,56,183
2023,3,11470560,신월1동,1059,1136,31,37,77
2023,3,11470570,신월2동,639,690,16,11,51
2023,3,11470580,신월3동,531,583,12,11,52
2023,3,11470590,신월4동,690,760,24,22,70
2023,3,11470600,신월5동,585,649,28,26,64
2023,3,11470610,신월6동,532,588,23,15,56
2023,3,11470611,신월7동,691,743,19,22,52
2023,3,11470620,신정1동,1021,1135,31,39,114
2023,3,11470630,신정2동,935,1039,31,33,104
2023,3,11470640,신정3동,1084,1247,35,28,163
2023,3,11470650,신정4동,2473,2666,91,65,193
2023,3,11470670,신정6동,654,722,24,14,68
2023,3,11470680,신정7동,790,910,29,39,120
2023,3,11500510,염창동,1351,1550,38,36,199
2023,3,11500520,등촌1동,1391,1573,63,31,182
2023,3,11500530,등촌2동,544,604,17,22,60
2023,3,11500535,등촌3동,1915,2134,85,66,219
2023,3,11500540,화곡1동,2330,2580,118,98,250
2023,3,11500550,화곡2동,608,653,12,19,45
2023,3,11500560,화곡3동,971,1108,54,42,137
2023,3,11500570,화곡4동,1136,1233,46,24,97
2023,3,11500590,화곡본동,1144,1259,45,45,115
2023,3,11500591,화곡6동,1273,1431,62,75,158
2023,3,11500593,화곡8동,993,1110,28,31,117
2023,3,11500603,가양1동,4779,5374,256,222,595
2023,3,11500604,가양2동,428,479,20,15,51
2023,3,11500605,가양3동,366,400,21,7,34
2023,3,11500611,발산1동,3722,4057,162,120,335
2023,3,11500615,우장산동,1319,1465,40,40,146
2023,3,11500620,공항동,1355,1505,62,55,150
2023,3,11500630,방화1동,1962,2191,64,60,229
2023,3,11500640,방화2동,1572,1715,62,39,143
2023,3,11500641,방화3동,532,589,22,16,57
2023,3,11530510,신도림동,1774,2008,52,55,234
2023,3,11530520,구로1동,520,578,10,8,58
2023,3,11530530,구로2동,4979,5113,83,81,134
2023,3,11530540,구로3동,3638,4118,127,132,480
2023,3,11530550,구로4동,1652,1749,57,48,97
2023,3,11530560,구로5동,2749,3009,100,95,260
2023,3,11530595,가리봉동,813,840,26,17,27
2023,3,11530720,고척1동,1294,1470,37,39,176
2023,3,11530730,고척2동,1054,1141,41,34,87
2023,3,11530740,개봉1동,1236,1367,53,40,131
2023,3,11530750,개봉2동,748,848,22,24,100
2023,3,11530760,개봉3동,687,761,23,24,74
2023,3,11530770,오류1동,933,1014,46,26,81
2023,3,11530780,오류2동,1048,1186,33,32,138
2023,3,11530790,수궁동,672,742,17,21,70
2023,3,11530800,항동,363,439,16,13,76
2023,3,11545510,가산동,8526,9195,516,213,669
2023,3,11545610,독산1동,2410,2701,72,76,291
2023,3,11545620,독산2동,726,807,27,16,81
2023,3,11545630,독산3동,1351,1447,51,50,96
2023,3,11545640,독산4동,654,723,23,16,69
2023,3,11545670,시흥1동,2125,2363,71,59,238
2023,3,11545680,시흥2동,397,428,15,10,31
2023,3,11545690,시흥3동,989,1021,18,17,32
2023,3,11545700,시흥4동,463,498,14,13,35
2023,3,11545710,시흥5동,747,821,24,21,74
2023,3,11560515,영등포본동,1327,1456,44,35,129
2023,3,11560535,영등포동,3882,4306,158,134,424
2023,3,11560540,여의동,5239,5875,190,163,636
2023,3,11560550,당산1동,2597,2804,127,68,207
2023,3,11560560,당산2동,1783,2002,85,57,219
2023,3,11560585,도림동,727,779,23,27,52
2023,3,11560605,문래동,2719,2950,96,69,231
2023,3,11560610,양평1동,1237,1356,43,24,119
2023,3,11560620,양평2동,1465,1598,44,40,133
2023,3,11560630,신길1동,836,903,20,18,67
2023,3,11560650,신길3동,729,780,24,21,51
2023,3,11560660,신길4동,337,390,20,15,53
2023,3,11560670,신길5동,309,341,10,8,32
2023,3,11560680,신길6동,969,1061,40,37,92
2023,3,11560690,신길7동,518,578,24,24,60
2023,3,11560700,대림1동,776,852,28,25,76
2023,3,11560710,대림2동,1325,1383,60,66,58
2023,3,11560720,대림3동,1502,1588,55,55,86
2023,3,11590510,노량진1동,1434,1633,53,35,199
2023,3,11590520,노량진2동,1518,1578,23,28,60
2023,3,11590530,상도1동,1425,1652,59,52,227
2023,3,11590540,상도2동,1091,1219,31,24,128
2023,3,11590550,상도3동,733,798,19,20,65
2023,3,11590560,상도4동,766,842,29,23,76
2023,3,11590605,흑석동,1198,1359,47,48,161
2023,3,11590620,사당1동,1512,1643,65,51,131
2023,3,11590630,사당2동,1426,1595,58,50,169
2023,3,11590640,사당3동,730,798,30,26,68
2023,3,11590650,사당4동,539,598,23,21,59
2023,3,11590651,사당5동,351,389,7,6,38
2023,3,11590660,대방동,1357,1519,45,44,162
2023,3,11590670,신대방1동,836,900,42,29,64
2023,3,11590680,신대방2동,999,1148,46,36,149
2023,3,11620525,보라매동,1266,1380,48,34,114
2023,3,11620545,청림동,397,436,15,15,39
2023,3,11620565,성현동,626,682,25,24,56
2023,3,11620575,행운동,1274,1413,63,37,139
2023,3,11620585,낙성대동,1195,1384,73,43,189
2023,3,11620595,청룡동,1758,1985,75,64,227
2023,3,11620605,은천동,1203,1342,43,40,139
2023,3,11620615,중앙동,847,955,36,33,108
2023,3,11620625,인헌동,927,1023,44,29,96
2023,3,11620630,남현동,785,891,36,18,106
2023,3,11620645,서원동,1160,1382,57,45,222
2023,3,11620655,신원동,717,767,22,17,50
2023,3,11620665,서림동,694,762,30,27,68
2023,3,11620685,신사동,1104,1208,42,34,104
2023,3,11620695,신림동,1666,1841,69,64,175
2023,3,11620715,난향동,312,336,14,9,24
2023,3,11620725,조원동,1243,1355,46,40,112
2023,3,11620735,대학동,1110,1252,38,46,142
2023,3,11620745,삼성동,605,628,15,12,23
2023,3,11620765,미성동,1059,1169,34,42,110
2023,3,11620775,난곡동,612,682,28,17,70
2023,3,11650510,서초1동,3067,3284,78,68,217
2023,3,11650520,서초2동,3922,4197,142,109,275
2023,3,11650530,서초3동,6920,7305,207,168,385
2023,3,11650531,서초4동,3135,3358,101,75,223
2023,3,11650540,잠원동,1869,2000,60,52,131
2023,3,11650550,반포본동,405,418,6,13,13
2023,3,11650560,반포1동,1699,1830,43,41,131
2023,3,11650570,반포2동,397,441,70,3,44
2023,3,11650580,반포3동,1172,1252,35,15,80
2023,3,11650581,반포4동,3214,3518,70,86,304
2023,3,11650590,방배본동,1341,1430,42,38,89
2023,3,11650600,방배1동,1302,1449,83,41,147
2023,3,11650610,방배2동,1394,1519,49,46,125
2023,3,11650620,방배3동,698,749,22,14,51
2023,3,11650621,방배4동,1861,1989,50,35,128
2023,3,11650651,양재1동,2725,2973,97,63,248
2023,3,11650652,양재2동,3567,3779,125,84,212
2023,3,11650660,내곡동,886,941,19,9,55
2023,3,11680510,신사동,4106,4383,117,125,277
2023,3,11680521,논현1동,4277,4594,143,116,317
2023,3,11680531,논현2동,4607,4963,181,140,356
2023,3,11680545,압구정동,4370,4616,141,123,246
2023,3,11680565,청담동,4472,4663,139,114,191
2023,3,11680580,삼성1동,3741,4043,130,68,302
2023,3,11680590,삼성2동,3066,3287,76,79,221
2023,3,11680600,대치1동,1093,1199,27,28,106
2023,3,11680610,대치2동,3004,3244,78,71,240
2023,3,11680630,대치4동,3900,4287,138,142,387
2023,3,11680640,역삼1동,11344,12299,385,336,955
2023,3,11680650,역삼2동,3224,3452,111,102,228
2023,3,11680655,도곡1동,1292,1406,36,34,114
2023,3,11680656,도곡2동,1513,1622,38,34,109
2023,3,11680660,개포1동,199,205,21,5,6
2023,3,11680670,개포2동,916,1014,47,29,98
2023,3,11680690,개포4동,1508,1603,64,44,95
2023,3,11680700,세곡동,1283,1451,67,31,168
2023,3,11680720,일원본동,444,489,17,13,45
2023,3,11680730,일원1동,709,791,31,25,82
2023,3,11680740,일원2동,441,476,11,16,35
2023,3,11680750,수서동,801,920,26,21,119
2023,3,11710510,풍납1동,472,504,16,23,32
2023,3,11710520,풍납2동,844,918,18,36,74
2023,3,11710531,거여1동,581,635,21,25,54
2023,3,11710532,거여2동,703,795,44,22,92
2023,3,11710540,마천1동,661,703,20,12,42
2023,3,11710550,마천2동,930,1005,23,33,75
2023,3,11710561,방이1동,1170,1289,37,37,119
2023,3,11710562,방이2동,2524,2778,103,85,254
2023,3,11710566,오륜동,454,511,13,14,57
2023,3,11710570,오금동,1754,1888,63,53,134
2023,3,11710580,송파1동,1865,2037,55,59,172
2023,3,11710590,송파2동,835,931,27,25,96
2023,3,11710600,석촌동,2440,2689,84,77,249
2023,3,11710610,삼전동,1585,1756,72,62,171
2023,3,11710620,가락본동,2527,2762,85,74,235
2023,3,11710631,가락1동,3568,3637,37,37,69
2023,3,11710632,가락2동,1575,1729,76,66,154
2023,3,11710641,문정1동,1155,1248,36,35,93
2023,3,11710642,문정2동,6013,6528,216,167,515
2023,3,11710646,장지동,965,1060,28,25,95
2023,3,11710647,위례동,914,1093,72,55,179
2023,3,11710650,잠실본동,2825,3196,124,99,371
2023,3,11710670,잠실2동,887,996,34,26,109
2023,3,11710680,잠실3동,1686,1846,48,39,160
2023,3,11710690,잠실4동,370,416,12,17,46
2023,3,11710710,잠실6동,1769,1989,54,48,220
2023,3,11710720,잠실7동,199,211,3,7,12
2023,3,11740515,강일동,822,967,53,35,145
2023,3,11740520,상일동,893,1000,37,26,107
2023,3,11740530,명일1동,1678,1845,98,72,167
2023,3,11740540,명일2동,1025,1178,43,41,153
2023,3,11740550,고덕1동,570,644,27,20,74
2023,3,11740560,고덕2동,810,926,68,28,116
2023,3,11740570,암사1동,1333,1455,51,42,122
2023,3,11740580,암사2동,656,732,24,24,76
2023,3,11740590,암사3동,591,642,25,8,51
2023,3,11740600,천호1동,1141,1262,70,39,121
2023,3,11740610,천호2동,3147,3442,111,96,295
2023,3,11740620,천호3동,1461,1608,54,56,147
2023,3,11740640,성내1동,1263,1382,48,38,119
2023,3,11740650,성내2동,1433,1549,53,38,116
2023,3,11740660,성내3동,1949,2106,69,55,157
2023,3,11740685,길동,2879,3161,103,94,282
2023,3,11740690,둔촌1동,24,26,1,0,2
2023,3,11740700,둔촌2동,1088,1172,31,32,84
2023,4,11110515,청운효자동,917,944,19,28,27
2023,4,11110530,사직동,2635,2834,64,60,199
2023,4,11110540,삼청동,710,753,18,13,43
2023,4,11110550,부암동,451,480,8,12,29
2023,4,11110560,평창동,643,686,14,19,43
2023,4,11110570,무악동,180,201,6,5,21
2023,4,11110580,교남동,317,393,12,8,76
2023,4,11110600,가회동,609,651,12,14,42
2023,4,11110615,종로1·2·3·4가동,10097,10630,167,171,533
2023,4,11110630,종로5·6가동,1924,2021,43,41,97
2023,4,11110640,이화동,670,808,33,23,138
2023,4,11110650,혜화동,1350,1553,47,36,203
2023,4,11110670,창신1동,1691,1740,25,34,49
2023,4,11110680,창신2동,371,393,13,14,22
2023,4,11110690,창신3동,171,187,3,4,16
2023,4,11110700,숭인1동,270,300,6,9,30
2023,4,11110710,숭인2동,857,931,37,27,74
2023,4,11140520,소공동,2847,3106,48,61,259
2023,4,11140540,회현동,4973,5212,49,76,239
2023,4,11140550,명동,4159,4672,126,89,513
2023,4,11140570,필동,1128,1262,24,20,134
2023,4,11140580,장충동,503,537,8,8,34
2023,4,11140590,광희동,5312,5550,107,89,238
2023,4,11140605,을지로동,2802,2923,54,60,121
2023,4,11140615,신당동,11826,11955,97,217,129
2023,4,11140625,다산동,841,919,23,21,78
2023,4,11140635,약수동,662,729,12,15,67
2023,4,11140645,청구동,515,551,18,8,36
2023,4,11140650,신당5동,728,798,27,19,70
2023,4,11140665,동화동,547,582,15,20,35
2023,4,11140670,황학동,1354,1438,41,37,84
2023,4,11140680,중림동,660,730,8,9,70
2023,4,11170510,후암동,833,881,32,39,48
2023,4,11170520,용산2가동,584,634,31,19,50
2023,4,11170530,남영동,1217,1383,40,26,166
2023,4,11170555,청파동,1214,1378,43,45,164
2023,4,11170560,원효로1동,1630,1716,30,22,86
2023,4,11170570,원효로2동,886,929,17,14,43
2023,4,11170580,효창동,342,368,9,8,26
2023,4,11170590,용문동,542,582,20,15,40
2023,4,11170625,한강로동,5026,5365,108,104,339
2023,4,11170630,이촌1동,804,875,16,15,71
2023,4,11170640,이촌2동,313,333,15,10,20
2023,4,11170650,이태원1동,1592,1689,49,37,97
2023,4,11170660,이태원2동,845,887,32,20,42
2023,4,11170685,한남동,2319,2451,46,48,132
2023,4,11170690,서빙고동,358,386,11,7,28
2023,4,11170700,보광동,711,756,13,29,45
2023,4,11200520,왕십리2동,559,618,22,11,59
2023,4,11200535,왕십리도선동,1861,2075,51,46,214
2023,4,11200540,마장동,2386,2443,40,36,57
2023,4,11200550,사근동,705,886,24,21,181
2023,4,11200560,행당1동,1119,1272,36,35,153
2023,4,11200570,행당2동,498,571,11,10,73
2023,4,11200580,응봉동,287,309,7,6,22
2023,4,11200590,금호1가동,439,483,15,14,44
2023,4,11200615,금호2·3가동,848,939,32,18,91
2023,4,11200620,금호4가동,553,615,19,12,62
2023,4,11200645,옥수동,831,917,20,15,86
2023,4,11200650,성수1가1동,1103,1182,40,16,79
2023,4,11200660,성수1가2동,2042,2171,78,47,129
2023,4,11200670,성수2가1동,1531,1626,58,43,95
2023,4,11200690,성수2가3동,3087,3316,87,60,229
2023,4,11200720,송정동,470,487,12,8,17
2023,4,11200790,용답동,1220,1290,28,23,70
2023,4,11215710,화양동,2162,2550,98,80,388
2023,4,11215730,군자동,1339,1487,47,53,148
2023,4,11215740,중곡1동,1193,1267,35,31,74
2023,4,11215750,중곡2동,1192,1277,45,40,85
2023,4,11215760,중곡3동,850,935,22,24,85
2023,4,11215770,중곡4동,1078,1159,26,31,81
2023,4,11215780,능동,637,717,21,20,80
2023,4,11215810,광장동,1089,1216,22,35,127
2023,4,11215820,자양1동,1251,1383,50,41,132
2023,4,11215830,자양2동,1034,1119,24,18,85
2023,4,11215840,자양3동,1299,1429,35,33,130
2023,4,11215847,자양4동,1528,1649,61,32,121
2023,4,11215850,구의1동,1444,1592,57,56,148
2023,4,11215860,구의2동,994,1100,30,26,106
2023,4,11215870,구의3동,2370,2603,63,55,233
2023,4,11230536,용신동,2757,2968,133,75,211
2023,4,11230545,제기동,3122,3197,62,55,75
2023,4,11230560,전농1동,1984,2187,85,55,203
2023,4,11230570,전농2동,623,715,19,15,92
2023,4,11230600,답십리1동,1190,1318,46,30,128
2023,4,11230610,답십리2동,1651,1754,39,42,103
2023,4,11230650,장안1동,2706,2936,74,68,230
2023,4,11230660,장안2동,2015,2255,53,44,240
2023,4,11230705,청량리동,1150,1217,29,24,67
2023,4,11230710,회기동,934,1090,42,32,156
2023,4,11230720,휘경1동,748,823,27,17,75
2023,4,11230730,휘경2동,572,649,19,10,77
2023,4,11230740,이문1동,913,1044,34,18,131
2023,4,11230750,이문2동,484,526,25,14,42
2023,4,11260520,면목2동,1117,1189,41,23,72
2023,4,11260540,면목4동,589,641,24,18,52
2023,4,11260550,면목5동,462,503,21,12,41
2023,4,11260565,면목본동,1647,1772,56,55,125
2023,4,11260570,면목7동,992,1069,27,27,77
2023,4,11260575,면목3·8동,1379,1506,52,55,127
2023,4,11260580,상봉1동,871,968,36,36,97
2023,4,11260590,상봉2동,1660,1838,75,61,178
2023,4,11260600,중화1동,652,699,30,26,47
2023,4,11260610,중화2동,1252,1356,41,38,104
2023,4,11260620,묵1동,1095,1222,48,36,127
2023,4,11260630,묵2동,953,1012,49,27,59
2023,4,11260655,망우본동,1849,2044,68,60,195
2023,4,11260660,망우3동,538,585,11,7,47
2023,4,11260680,신내1동,1244,1419,48,43,175
2023,4,11260690,신내2동,785,880,23,27,95
2023,4,11290525,성북동,1009,1076,27,24,67
2023,4,11290555,삼선동,1481,1598,54,54,117
2023,4,11290575,동선동,1724,1995,61,58,271
2023,4,11290580,돈암1동,376,401,10,16,25
2023,4,11290590,돈암2동,478,524,9,9,46
2023,4,11290600,안암동,1014,1216,43,28,202
2023,4,11290610,보문동,757,814,12,22,57
2023,4,11290620,정릉1동,577,634,12,15,57
2023,4,11290630,정릉2동,676,748,15,17,72
2023,4,11290640,정릉3동,489,530,24,13,41
2023,4,11290650,정릉4동,695,762,22,28,67
2023,4,11290660,길음1동,922,1041,19,23,119
2023,4,11290685,길음2동,1175,1295,41,43,120
2023,4,11290705,종암동,1326,1478,45,26,152
2023,4,11290715,월곡1동,892,988,19,23,96
2023,4,11290725,월곡2동,1032,1172,36,33,140
2023,4,11290760,장위1동,698,769,13,22,71
2023,4,11290770,장위2동,722,756,26,20,34
2023,4,11290780,장위3동,422,479,11,21,57
2023,4,11290810,석관동,1375,1509,41,43,134
2023,4,11305534,삼양동,666,733,21,13,67
2023,4,11305535,미아동,1249,1357,49,37,108
2023,4,11305545,송중동,1733,1923,67,78,190
2023,4,11305555,송천동,1311,1438,43,38,127
2023,4,11305575,삼각산동,766,852,43,26,86
2023,4,11305595,번1동,1325,1452,35,34,127
2023,4,11305603,번2동,339,360,14,6,21
2023,4,11305608,번3동,385,437,15,11,52
2023,4,11305615,수유1동,1052,1125,24,36,73
2023,4,11305625,수유2동,859,925,27,30,66
2023,4,11305635,수유3동,2054,2294,101,85,240
2023,4,11305645,우이동,814,882,32,30,68
2023,4,11305660,인수동,1004,1078,26,27,74
2023,4,11320511,창1동,765,838,33,34,73
2023,4,11320512,창2동,869,937,26,31,68
2023,4,11320513,창3동,599,645,17,11,46
2023,4,11320514,창4동,944,1063,36,22,119
2023,4,11320515,창5동,1206,1359,170,31,153
2023,4,11320521,도봉1동,1060,1164,28,31,104
2023,4,11320522,도봉2동,910,962,29,21,52
2023,4,11320660,쌍문1동,546,594,15,21,48
2023,4,11320670,쌍문2동,885,984,30,32,99
2023,4,11320680,쌍문3동,741,812,20,15,71
2023,4,11320681,쌍문4동,436,484,14,20,48
2023,4,11320690,방학1동,1691,1895,53,62,204
2023,4,11320700,방학2동,784,832,26,25,48
2023,4,11320710,방학3동,528,580,19,15,52
2023,4,11350560,월계1동,949,1099,32,31,150
2023,4,11350570,월계2동,499,554,15,12,55
2023,4,11350580,월계3동,642,728,21,16,86
2023,4,11350595,공릉1동,2149,2383,79,63,234
2023,4,11350600,공릉2동,1325,1538,52,34,213
2023,4,11350611,하계1동,796,896,25,29,100
2023,4,11350612,하계2동,293,320,6,10,27
2023,4,11350619,중계본동,1159,1277,55,44,118
2023,4,11350621,중계1동,901,1045,23,24,144
2023,4,11350624,중계4동,848,936,28,15,88
2023,4,11350625,중계2·3동,1183,1301,37,32,118
2023,4,11350630,상계1동,1399,1559,51,41,160
2023,4,11350640,상계2동,2546,2841,81,91,295
2023,4,11350665,상계3·4동,939,990,22,20,51
2023,4,11350670,상계5동,1268,1362,31,26,94
2023,4,11350695,상계6·7동,1529,1721,52,47,192
2023,4,11350700,상계8동,413,459,6,8,46
2023,4,11350710,상계9동,446,494,24,17,48
2023,4,11350720,상계10동,355,393,8,3,38
2023,4,11380510,녹번동,1336,1469,47,33,133
2023,4,11380520,불광1동,1277,1413,30,42,136
2023,4,11380530,불광2동,1074,1134,25,24,60
2023,4,11380551,갈현1동,1188,1315,53,51,127
2023,4,11380552,갈현2동,1370,1522,49,58,152
2023,4,11380560,구산동,857,940,26,27,83
2023,4,11380570,대조동,2222,2422,80,87,200
2023,4,11380580,응암1동,1442,1638,55,48,196
2023,4,11380590,응암2동,676,738,20,13,62
2023,4,11380600,응암3동,1462,1588,50,50,126
2023,4,11380625,역촌동,1894,2104,62,59,210
2023,4,11380631,신사1동,953,1053,35,28,100
2023,4,11380632,신사2동,564,604,21,13,40
2023,4,11380640,증산동,672,722,13,13,50
2023,4,11380650,수색동,469,520,47,13,51
2023,4,11380690,진관동,1930,2243,62,69,313
2023,4,11410520,천연동,599,656,18,19,57
2023,4,11410555,북아현동,643,713,13,10,70
2023,4,11410565,충현동,1133,1252,28,32,119
2023,4,11410585,신촌동,3476,3976,115,120,500
2023,4,11410615,연희동,1908,2046,54,53,138
2023,4,11410620,홍제1동,718,817,18,24,99
2023,4,11410640,홍제3동,823,902,28,18,79
2023,4,11410655,홍제2동,436,485,15,12,49
2023,4,11410660,홍은1동,712,771,17,15,59
2023,4,11410685,홍은2동,863,971,44,36,108
2023,4,11410690,남가좌1동,586,666,19,14,80
2023,4,11410700,남가좌2동,1128,1285,27,31,157
2023,4,11410710,북가좌1동,431,485,16,16,54
2023,4,11410720,북가좌2동,1095,1225,34,31,130
2023,4,11440555,아현동,1279,1412,54,35,133
2023,4,11440565,공덕동,1821,1979,52,43,158
2023,4,11440585,도화동,1414,1576,43,32,162
2023,4,11440590,용강동,1642,1807,37,48,165
2023,4,11440600,대흥동,1302,1455,60,31,153
2023,4,11440610,염리동,679,771,26,26,92
2023,4,11440630,신수동,1027,1099,29,28,72
2023,4,11440655,서강동,1671,1812,61,62,141
2023,4,11440660,서교동,8319,9081,419,239,762
2023,4,11440680,합정동,1948,2091,68,56,143
2023,4,11440690,망원1동,1752,1862,65,80,110
2023,4,11440700,망원2동,1161,1252,33,29,91
2023,4,11440710,연남동,2338,2426,100,77,88
2023,4,11440720,성산1동,1136,1213,42,31,77
2023,4,11440730,성산2동,1426,1580,57,33,154
2023,4,11440740,상암동,1753,2084,71,67,331
2023,4,11470510,목1동,2750,3120,87,72,370
2023,4,11470520,목2동,1023,1116,42,37,93
2023,4,11470530,목3동,1077,1174,47,45,97
2023,4,11470540,목4동,1158,1282,38,40,124
2023,4,11470550,목5동,1523,1708,47,48,185
2023,4,11470560,신월1동,1065,1144,40,32,79
2023,4,11470570,신월2동,648,702,24,12,54
2023,4,11470580,신월3동,527,576,14,21,49
2023,4,11470590,신월4동,691,761,19,18,70
2023,4,11470600,신월5동,587,647,26,28,60
2023,4,11470610,신월6동,528,585,14,17,57
2023,4,11470611,신월7동,687,739,20,24,52
2023,4,11470620,신정1동,1025,1141,43,37,116
2023,4,11470630,신정2동,940,1043,26,22,103
2023,4,11470640,신정3동,1092,1251,47,43,159
2023,4,11470650,신정4동,2475,2666,102,102,191
2023,4,11470670,신정6동,657,724,21,19,67
2023,4,11470680,신정7동,795,911,35,34,116
2023,4,11500510,염창동,1362,1562,42,30,200
2023,4,11500520,등촌1동,1421,1607,70,36,186
2023,4,11500530,등촌2동,541,602,19,21,61
2023,4,11500535,등촌3동,1911,2127,57,64,216
2023,4,11500540,화곡1동,2339,2590,105,95,251
2023,4,11500550,화곡2동,612,657,17,13,45
2023,4,11500560,화곡3동,985,1122,56,42,137
2023,4,11500570,화곡4동,1131,1228,39,44,97
2023,4,11500590,화곡본동,1146,1262,45,42,116
2023,4,11500591,화곡6동,1264,1427,57,61,163
2023,4,11500593,화곡8동,1011,1125,39,24,114
2023,4,11500603,가양1동,4809,5398,218,194,589
2023,4,11500604,가양2동,432,483,12,8,51
2023,4,11500605,가양3동,364,398,10,12,34
2023,4,11500611,발산1동,3750,4092,130,95,342
2023,4,11500615,우장산동,1315,1466,43,42,151
2023,4,11500620,공항동,1359,1507,46,44,148
2023,4,11500630,방화1동,1951,2179,69,81,228
2023,4,11500640,방화2동,1568,1714,43,44,146
2023,4,11500641,방화3동,531,590,19,18,59
2023,4,11530510,신도림동,1787,2012,52,48,225
2023,4,11530520,구로1동,522,578,11,11,56
2023,4,11530530,구로2동,4971,5102,57,68,131
2023,4,11530540,구로3동,3646,4113,104,109,467
2023,4,11530550,구로4동,1653,1750,47,46,97
2023,4,11530560,구로5동,2746,3006,63,66,260
2023,4,11530595,가리봉동,805,832,26,34,27
2023,4,11530720,고척1동,1296,1474,44,40,178
2023,4,11530730,고척2동,1057,1145,43,39,88
2023,4,11530740,개봉1동,1241,1368,39,38,127
2023,4,11530750,개봉2동,753,855,22,15,102
2023,4,11530760,개봉3동,685,761,23,23,76
2023,4,11530770,오류1동,935,1017,32,29,82
2023,4,11530780,오류2동,1043,1178,32,40,135
2023,4,11530790,수궁동,670,738,20,24,68
2023,4,11530800,항동,367,441,16,14,74
2023,4,11545510,가산동,8548,9211,209,193,663
2023,4,11545610,독산1동,2413,2705,82,78,292
2023,4,11545620,독산2동,725,802,23,28,77
2023,4,11545630,독산3동,1350,1450,48,45,100
2023,4,11545640,독산4동,648,720,13,16,72
2023,4,11545670,시흥1동,2119,2362,60,61,243
2023,4,11545680,시흥2동,401,436,14,6,35
2023,4,11545690,시흥3동,989,1019,18,20,30
2023,4,11545700,시흥4동,466,499,14,13,33
2023,4,11545710,시흥5동,743,821,22,22,78
2023,4,11560515,영등포본동,1329,1460,30,26,131
2023,4,11560535,영등포동,3899,4324,130,112,425
2023,4,11560540,여의동,5270,5911,181,145,641
2023,4,11560550,당산1동,2620,2823,116,97,203
2023,4,11560560,당산2동,1793,2013,58,47,220
2023,4,11560585,도림동,739,791,28,16,52
2023,4,11560605,문래동,2733,2972,90,68,239
2023,4,11560610,양평1동,1242,1363,33,26,121
2023,4,11560620,양평2동,1475,1609,43,32,134
2023,4,11560630,신길1동,832,901,21,23,69
2023,4,11560650,신길3동,726,775,33,38,49
2023,4,11560660,신길4동,350,398,17,9,48
2023,4,11560670,신길5동,315,347,17,11,32
2023,4,11560680,신길6동,968,1060,37,38,92
2023,4,11560690,신길7동,520,581,16,13,61
2023,4,11560700,대림1동,766,842,19,29,76
2023,4,11560710,대림2동,1335,1394,60,49,59
2023,4,11560720,대림3동,1505,1592,55,51,87
2023,4,11590510,노량진1동,1436,1639,50,44,203
2023,4,11590520,노량진2동,1520,1582,32,28,62
2023,4,11590530,상도1동,1424,1650,48,50,226
2023,4,11590540,상도2동,1100,1228,41,32,128
2023,4,11590550,상도3동,739,807,26,17,68
2023,4,11590560,상도4동,766,840,24,26,74
2023,4,11590605,흑석동,1199,1366,41,34,167
2023,4,11590620,사당1동,1533,1661,59,41,128
2023,4,11590630,사당2동,1426,1598,45,42,172
2023,4,11590640,사당3동,736,803,25,20,67
2023,4,11590650,사당4동,543,600,23,21,57
2023,4,11590651,사당5동,351,389,11,11,38
2023,4,11590660,대방동,1373,1535,56,40,162
2023,4,11590670,신대방1동,839,905,20,15,66
2023,4,11590680,신대방2동,1001,1151,38,35,150
2023,4,11620525,보라매동,1264,1375,31,36,111
2023,4,11620545,청림동,400,436,12,12,36
2023,4,11620565,성현동,624,680,16,18,56
2023,4,11620575,행운동,1281,1417,47,43,136
2023,4,11620585,낙성대동,1217,1403,67,48,186
2023,4,11620595,청룡동,1760,1993,70,62,233
2023,4,11620605,은천동,1210,1351,42,33,141
2023,4,11620615,중앙동,842,949,28,34,107
2023,4,11620625,인헌동,938,1028,39,34,90
2023,4,11620630,남현동,808,915,41,17,107
2023,4,11620645,서원동,1174,1393,51,40,219
2023,4,11620655,신원동,723,773,32,26,50
2023,4,11620665,서림동,711,780,41,23,69
2023,4,11620685,신사동,1128,1234,61,35,106
2023,4,11620695,신림동,1656,1826,60,75,170
2023,4,11620715,난향동,316,340,16,12,24
2023,4,11620725,조원동,1249,1363,56,48,114
2023,4,11620735,대학동,1126,1269,65,48,143
2023,4,11620745,삼성동,604,627,8,9,23
2023,4,11620765,미성동,1072,1186,38,21,114
2023,4,11620775,난곡동,625,692,24,14,67
2023,4,11650510,서초1동,3075,3292,64,56,217
2023,4,11650520,서초2동,3921,4197,103,103,276
2023,4,11650530,서초3동,6949,7330,164,139,381
2023,4,11650531,서초4동,3158,3380,93,71,222
2023,4,11650540,잠원동,1882,2018,58,40,136
2023,4,11650550,반포본동,399,412,1,7,13
2023,4,11650560,반포1동,1722,1855,69,44,133
2023,4,11650570,반포2동,430,464,53,30,34
2023,4,11650580,반포3동,1172,1251,24,25,79
2023,4,11650581,반포4동,3209,3513,59,64,304
2023,4,11650590,방배본동,1333,1420,23,33,87
2023,4,11650600,방배1동,1337,1484,65,30,147
2023,4,11650610,방배2동,1398,1521,51,49,123
2023,4,11650620,방배3동,702,753,15,11,51
2023,4,11650621,방배4동,1862,1991,45,43,129
2023,4,11650651,양재1동,2764,3016,94,51,252
2023,4,11650652,양재2동,3580,3788,96,87,208
2023,4,11650660,내곡동,894,950,22,13,56
2023,4,11680510,신사동,4133,4412,144,115,279
2023,4,11680521,논현1동,4311,4627,151,118,316
2023,4,11680531,논현2동,4690,5052,230,141,362
2023,4,11680545,압구정동,4391,4634,130,112,243
2023,4,11680565,청담동,4517,4710,139,92,193
2023,4,11680580,삼성1동,3751,4053,78,68,302
2023,4,11680590,삼성2동,3094,3317,109,79,223
2023,4,11680600,대치1동,1099,1206,31,24,107
2023,4,11680610,대치2동,3024,3272,103,75,248
2023,4,11680630,대치4동,3914,4302,143,128,388
2023,4,11680640,역삼1동,11422,12372,405,332,950
2023,4,11680650,역삼2동,3264,3493,129,88,229
2023,4,11680655,도곡1동,1309,1426,38,18,117
2023,4,11680656,도곡2동,1529,1641,52,33,112
2023,4,11680660,개포1동,202,208,7,4,6
2023,4,11680670,개포2동,923,1022,39,31,99
2023,4,11680690,개포4동,1543,1637,78,44,94
2023,4,11680700,세곡동,1305,1469,52,34,164
2023,4,11680720,일원본동,440,485,6,10,45
2023,4,11680730,일원1동,724,810,35,16,86
2023,4,11680740,일원2동,443,477,10,9,34
2023,4,11680750,수서동,794,914,25,31,120
2023,4,11710510,풍납1동,470,503,6,7,33
2023,4,11710520,풍납2동,842,920,17,15,78
2023,4,11710531,거여1동,584,638,23,20,54
2023,4,11710532,거여2동,710,800,26,21,90
2023,4,11710540,마천1동,656,701,17,19,45
2023,4,11710550,마천2동,931,1004,21,22,73
2023,4,11710561,방이1동,1175,1297,41,33,122
2023,4,11710562,방이2동,2542,2798,115,95,256
2023,4,11710566,오륜동,458,514,7,4,56
2023,4,11710570,오금동,1753,1885,46,49,132
2023,4,11710580,송파1동,1880,2051,66,52,171
2023,4,11710590,송파2동,845,939,36,28,94
2023,4,11710600,석촌동,2468,2711,106,84,243
2023,4,11710610,삼전동,1606,1777,70,49,171
2023,4,11710620,가락본동,2540,2779,113,96,239
2023,4,11710631,가락1동,3550,3618,19,38,68
2023,4,11710632,가락2동,1572,1725,49,53,153
2023,4,11710641,문정1동,1161,1253,46,41,92
2023,4,11710642,문정2동,6001,6501,134,161,500
2023,4,11710646,장지동,975,1070,37,27,95
2023,4,11710647,위례동,924,1109,55,39,185
2023,4,11710650,잠실본동,2859,3235,124,85,376
2023,4,11710670,잠실2동,880,988,16,24,108
2023,4,11710680,잠실3동,1675,1837,27,36,162
2023,4,11710690,잠실4동,368,412,6,10,44
2023,4,11710710,잠실6동,1778,1999,49,39,221
2023,4,11710720,잠실7동,200,210,6,7,10
2023,4,11740515,강일동,836,981,43,29,145
2023,4,11740520,상일동,894,1002,33,31,108
2023,4,11740530,명일1동,1684,1853,84,76,169
2023,4,11740540,명일2동,1035,1188,39,29,153
2023,4,11740550,고덕1동,567,642,23,25,75
2023,4,11740560,고덕2동,829,951,52,27,122
2023,4,11740570,암사1동,1340,1461,43,37,121
2023,4,11740580,암사2동,663,739,32,25,76
2023,4,11740590,암사3동,585,634,12,20,49
2023,4,11740600,천호1동,1149,1272,45,35,123
2023,4,11740610,천호2동,3150,3434,76,84,284
2023,4,11740620,천호3동,1471,1621,60,47,150
2023,4,11740640,성내1동,1283,1400,52,34,117
2023,4,11740650,성내2동,1440,1558,53,44,118
2023,4,11740660,성내3동,1965,2121,68,53,156
2023,4,11740685,길동,2905,3198,130,93,293
2023,4,11740690,둔촌1동,24,26,0,0,2
2023,4,11740700,둔촌2동,1090,1175,25,22,85
2024,1,11110515,청운효자동,915,946,34,32,31
2024,1,11110530,사직동,2649,2851,79,62,202
2024,1,11110540,삼청동,706,748,15,20,42
2024,1,11110550,부암동,450,477,12,15,27
2024,1,11110560,평창동,646,688,16,14,42
2024,1,11110570,무악동,176,197,1,5,21
2024,1,11110580,교남동,312,387,8,14,75
2024,1,11110600,가회동,604,645,17,23,41
2024,1,11110615,종로1·2·3·4가동,10065,10601,165,194,536
2024,1,11110630,종로5·6가동,1918,2014,30,37,96
2024,1,11110640,이화동,672,813,27,22,141
2024,1,11110650,혜화동,1345,1554,48,47,209
2024,1,11110670,창신1동,1660,1709,20,51,49
2024,1,11110680,창신2동,365,387,9,15,22
2024,1,11110690,창신3동,166,182,3,8,16
2024,1,11110700,숭인1동,265,296,6,10,31
2024,1,11110710,숭인2동,854,927,23,27,73
2024,1,11140520,소공동,2828,3087,34,53,259
2024,1,11140540,회현동,4940,5179,66,99,239
2024,1,11140550,명동,4161,4677,93,88,516
2024,1,11140570,필동,1120,1254,32,40,134
2024,1,11140580,장충동,500,535,9,11,35
2024,1,11140590,광희동,5228,5476,81,155,248
2024,1,11140605,을지로동,2805,2932,68,59,127
2024,1,11140615,신당동,11517,11642,78,391,125
2024,1,11140625,다산동,828,907,9,21,79
2024,1,11140635,약수동,655,721,8,16,66
2024,1,11140645,청구동,508,542,14,23,34
2024,1,11140650,신당5동,719,787,21,32,68
2024,1,11140665,동화동,540,576,14,20,36
2024,1,11140670,황학동,1351,1436,40,42,85
2024,1,11140680,중림동,658,729,18,19,71
2024,1,11170510,후암동,832,881,32,32,49
2024,1,11170520,용산2가동,579,630,18,22,51
2024,1,11170530,남영동,1212,1380,31,34,168
2024,1,11170555,청파동,1203,1369,37,46,166
2024,1,11170560,원효로1동,1623,1711,31,36,88
2024,1,11170570,원효로2동,883,933,21,17,50
2024,1,11170580,효창동,334,360,7,15,26
2024,1,11170590,용문동,555,598,29,13,43
2024,1,11170625,한강로동,4995,5336,107,136,341
2024,1,11170630,이촌1동,792,864,10,21,72
2024,1,11170640,이촌2동,310,332,14,15,22
2024,1,11170650,이태원1동,1593,1693,42,38,100
2024,1,11170660,이태원2동,845,887,27,27,42
2024,1,11170685,한남동,2318,2448,59,62,130
2024,1,11170690,서빙고동,357,384,5,7,27
2024,1,11170700,보광동,681,726,15,45,45
2024,1,11200520,왕십리2동,559,619,21,20,60
2024,1,11200535,왕십리도선동,1849,2059,58,74,210
2024,1,11200540,마장동,2368,2427,42,58,59
2024,1,11200550,사근동,724,904,46,28,180
2024,1,11200560,행당1동,1127,1284,55,43,157
2024,1,11200570,행당2동,503,580,23,14,77
2024,1,11200580,응봉동,281,301,4,12,20
2024,1,11200590,금호1가동,436,479,11,15,43
2024,1,11200615,금호2·3가동,842,931,22,30,89
2024,1,11200620,금호4가동,548,611,11,15,63
2024,1,11200645,옥수동,833,921,31,27,88
2024,1,11200650,성수1가1동,1108,1186,30,26,78
2024,1,11200660,성수1가2동,2057,2187,78,62,130
2024,1,11200670,성수2가1동,1524,1619,36,43,95
2024,1,11200690,성수2가3동,3085,3310,92,98,225
2024,1,11200720,송정동,466,483,8,12,17
2024,1,11200790,용답동,1213,1283,21,28,70
2024,1,11215710,화양동,2157,2534,100,116,377
2024,1,11215730,군자동,1335,1483,49,53,148
2024,1,11215740,중곡1동,1193,1268,40,39,75
2024,1,11215750,중곡2동,1188,1272,41,46,84
2024,1,11215760,중곡3동,856,941,37,31,85
2024,1,11215770,중곡4동,1065,1147,40,52,82
2024,1,11215780,능동,646,722,23,18,76
2024,1,11215810,광장동,1080,1211,35,40,131
2024,1,11215820,자양1동,1248,1382,46,47,134
2024,1,11215830,자양2동,1018,1103,14,30,85
2024,1,11215840,자양3동,1293,1427,37,39,134
2024,1,11215847,자양4동,1522,1641,51,59,119
2024,1,11215850,구의1동,1435,1584,60,68,149
2024,1,11215860,구의2동,986,1090,38,48,104
2024,1,11215870,구의3동,2331,2555,54,102,224
2024,1,11230536,용신동,2745,2966,89,91,221
2024,1,11230545,제기동,3097,3174,69,92,77
2024,1,11230560,전농1동,1969,2182,54,59,213
2024,1,11230570,전농2동,611,701,13,27,90
2024,1,11230600,답십리1동,1177,1311,48,55,134
2024,1,11230610,답십리2동,1651,1752,44,46,101
2024,1,11230650,장안1동,2695,2931,68,73,236
2024,1,11230660,장안2동,2014,2265,70,60,251
2024,1,11230705,청량리동,1153,1219,34,32,66
2024,1,11230710,회기동,941,1094,44,40,153
2024,1,11230720,휘경1동,749,825,25,23,76
2024,1,11230730,휘경2동,576,653,31,27,77
2024,1,11230740,이문1동,915,1050,32,26,135
2024,1,11230750,이문2동,479,521,12,17,42
2024,1,11260520,면목2동,1112,1186,35,38,74
2024,1,11260540,면목4동,584,633,15,23,49
2024,1,11260550,면목5동,459,501,11,13,42
2024,1,11260565,면목본동,1628,1754,43,61,126
2024,1,11260570,면목7동,986,1060,23,32,74
2024,1,11260575,면목3·8동,1370,1495,43,54,125
2024,1,11260580,상봉1동,854,954,26,40,100
2024,1,11260590,상봉2동,1686,1860,91,69,174
2024,1,11260600,중화1동,658,709,31,21,51
2024,1,11260610,중화2동,1245,1354,47,49,109
2024,1,11260620,묵1동,1080,1206,23,39,126
2024,1,11260630,묵2동,960,1020,38,30,60
2024,1,11260655,망우본동,1919,2135,152,61,216
2024,1,11260660,망우3동,536,580,11,16,44
2024,1,11260680,신내1동,1231,1407,40,52,176
2024,1,11260690,신내2동,773,866,16,30,93
2024,1,11290525,성북동,1010,1079,37,34,69
2024,1,11290555,삼선동,1476,1596,44,46,120
2024,1,11290575,동선동,1732,1998,75,72,266
2024,1,11290580,돈암1동,369,394,5,12,25
2024,1,11290590,돈암2동,470,514,19,29,44
2024,1,11290600,안암동,1012,1216,44,44,204
2024,1,11290610,보문동,741,797,20,37,56
2024,1,11290620,정릉1동,578,633,18,19,55
2024,1,11290630,정릉2동,672,748,25,25,76
2024,1,11290640,정릉3동,482,527,17,20,45
2024,1,11290650,정릉4동,683,754,22,30,71
2024,1,11290660,길음1동,909,1028,30,43,119
2024,1,11290685,길음2동,1166,1289,36,42,123
2024,1,11290705,종암동,1321,1469,38,47,148
2024,1,11290715,월곡1동,884,984,25,29,100
2024,1,11290725,월곡2동,1017,1167,47,52,150
2024,1,11290760,장위1동,688,757,22,34,69
2024,1,11290770,장위2동,701,736,10,30,35
2024,1,11290780,장위3동,412,469,6,16,57
2024,1,11290810,석관동,1361,1503,52,58,142
2024,1,11305534,삼양동,667,735,28,26,68
2024,1,11305535,미아동,1225,1331,28,54,106
2024,1,11305545,송중동,1712,1903,64,84,191
2024,1,11305555,송천동,1302,1428,43,53,126
2024,1,11305575,삼각산동,767,854,30,28,87
2024,1,11305595,번1동,1297,1425,52,79,128
2024,1,11305603,번2동,327,348,4,16,21
2024,1,11305608,번3동,379,431,13,19,52
2024,1,11305615,수유1동,1030,1102,20,43,72
2024,1,11305625,수유2동,863,928,29,26,65
2024,1,11305635,수유3동,2037,2275,73,92,238
2024,1,11305645,우이동,806,876,22,28,70
2024,1,11305660,인수동,995,1073,35,40,78
2024,1,11320511,창1동,764,839,27,26,75
2024,1,11320512,창2동,880,949,37,25,69
2024,1,11320513,창3동,597,644,17,18,47
2024,1,11320514,창4동,940,1061,37,39,121
2024,1,11320515,창5동,1208,1366,51,44,158
2024,1,11320521,도봉1동,1056,1161,34,37,105
2024,1,11320522,도봉2동,914,970,29,21,56
2024,1,11320660,쌍문1동,537,588,14,20,51
2024,1,11320670,쌍문2동,888,988,34,30,100
2024,1,11320680,쌍문3동,740,813,27,26,73
2024,1,11320681,쌍문4동,442,489,11,6,47
2024,1,11320690,방학1동,1665,1870,45,70,205
2024,1,11320700,방학2동,777,828,27,31,51
2024,1,11320710,방학3동,517,571,4,13,54
2024,1,11350560,월계1동,933,1084,42,57,151
2024,1,11350570,월계2동,497,555,20,19,58
2024,1,11350580,월계3동,628,715,10,23,87
2024,1,11350595,공릉1동,2130,2372,84,95,242
2024,1,11350600,공릉2동,1347,1561,79,56,214
2024,1,11350611,하계1동,787,889,28,35,102
2024,1,11350612,하계2동,288,314,9,15,26
2024,1,11350619,중계본동,1155,1269,52,60,114
2024,1,11350621,중계1동,883,1030,29,44,147
2024,1,11350624,중계4동,826,922,31,45,96
2024,1,11350625,중계2·3동,1161,1280,32,53,119
2024,1,11350630,상계1동,1374,1537,41,63,163
2024,1,11350640,상계2동,2529,2817,77,101,288
2024,1,11350665,상계3·4동,924,975,33,48,51
2024,1,11350670,상계5동,1256,1348,47,61,92
2024,1,11350695,상계6·7동,1503,1699,57,79,196
2024,1,11350700,상계8동,394,441,7,25,47
2024,1,11350710,상계9동,439,486,10,18,47
2024,1,11350720,상계10동,360,399,20,14,39
2024,1,11380510,녹번동,1320,1450,48,67,130
2024,1,11380520,불광1동,1259,1394,34,53,135
2024,1,11380530,불광2동,1062,1122,23,35,60
2024,1,11380551,갈현1동,1170,1301,50,64,131
2024,1,11380552,갈현2동,1355,1505,42,59,150
2024,1,11380560,구산동,847,928,21,33,81
2024,1,11380570,대조동,2194,2396,59,85,202
2024,1,11380580,응암1동,1432,1631,43,50,199
2024,1,11380590,응암2동,678,741,35,32,63
2024,1,11380600,응암3동,1462,1592,61,57,130
2024,1,11380625,역촌동,1869,2074,56,86,205
2024,1,11380631,신사1동,944,1044,30,39,100
2024,1,11380632,신사2동,565,607,21,18,42
2024,1,11380640,증산동,658,709,12,25,51
2024,1,11380650,수색동,471,524,21,17,53
2024,1,11380690,진관동,1916,2223,62,82,307
2024,1,11410520,천연동,592,648,14,22,56
2024,1,11410555,북아현동,645,718,21,16,73
2024,1,11410565,충현동,1125,1248,34,38,123
2024,1,11410585,신촌동,3454,3966,132,142,512
2024,1,11410615,연희동,1899,2036,61,71,137
2024,1,11410620,홍제1동,717,821,27,23,104
2024,1,11410640,홍제3동,821,897,23,28,76
2024,1,11410655,홍제2동,434,484,16,17,50
2024,1,11410660,홍은1동,698,758,8,21,60
2024,1,11410685,홍은2동,847,949,30,52,102
2024,1,11410690,남가좌1동,575,654,13,25,79
2024,1,11410700,남가좌2동,1123,1281,48,52,158
2024,1,11410710,북가좌1동,428,481,12,16,53
2024,1,11410720,북가좌2동,1090,1214,34,45,124
2024,1,11440555,아현동,1278,1409,52,55,131
2024,1,11440565,공덕동,1811,1974,52,57,163
2024,1,11440585,도화동,1397,1558,21,39,161
2024,1,11440590,용강동,1637,1809,59,57,172
2024,1,11440600,대흥동,1301,1457,49,47,156
2024,1,11440610,염리동,689,777,28,22,88
2024,1,11440630,신수동,1030,1102,43,40,72
2024,1,11440655,서강동,1668,1813,73,72,145
2024,1,11440660,서교동,8298,9053,283,311,755
2024,1,11440680,합정동,1947,2092,62,61,145
2024,1,11440690,망원1동,1729,1841,73,94,112
2024,1,11440700,망원2동,1146,1234,40,58,88
2024,1,11440710,연남동,2339,2427,104,103,88
2024,1,11440720,성산1동,1130,1206,34,41,76
2024,1,11440730,성산2동,1419,1573,38,45,154
2024,1,11440740,상암동,1762,2100,90,74,338
2024,1,11470510,목1동,2736,3108,83,95,372
2024,1,11470520,목2동,997,1088,20,48,91
2024,1,11470530,목3동,1062,1160,29,43,98
2024,1,11470540,목4동,1150,1276,47,53,126
2024,1,11470550,목5동,1515,1704,58,62,189
2024,1,11470560,신월1동,1062,1138,33,39,76
2024,1,11470570,신월2동,643,697,11,16,54
2024,1,11470580,신월3동,519,569,12,19,50
2024,1,11470590,신월4동,683,754,26,33,71
2024,1,11470600,신월5동,579,638,21,30,59
2024,1,11470610,신월6동,527,581,11,15,54
2024,1,11470611,신월7동,679,730,22,31,51
2024,1,11470620,신정1동,1026,1139,49,51,113
2024,1,11470630,신정2동,937,1035,22,30,98
2024,1,11470640,신정3동,1084,1241,47,57,157
2024,1,11470650,신정4동,2466,2653,86,99,187
2024,1,11470670,신정6동,651,717,18,25,66
2024,1,11470680,신정7동,780,896,22,37,116
2024,1,11500510,염창동,1345,1540,29,51,195
2024,1,11500520,등촌1동,1407,1602,56,61,195
2024,1,11500530,등촌2동,533,596,22,28,63
2024,1,11500535,등촌3동,1911,2132,95,90,221
2024,1,11500540,화곡1동,2312,2562,88,116,250
2024,1,11500550,화곡2동,596,641,16,32,45
2024,1,11500560,화곡3동,977,1117,46,51,140
2024,1,11500570,화곡4동,1125,1226,49,51,101
2024,1,11500590,화곡본동,1129,1244,34,52,115
2024,1,11500591,화곡6동,1266,1434,62,55,168
2024,1,11500593,화곡8동,1015,1126,49,48,111
2024,1,11500603,가양1동,4777,5370,202,230,593
2024,1,11500604,가양2동,422,471,11,23,49
2024,1,11500605,가양3동,356,388,8,18,32
2024,1,11500611,발산1동,3768,4106,159,145,338
2024,1,11500615,우장산동,1310,1463,54,57,153
2024,1,11500620,공항동,1348,1503,51,55,155
2024,1,11500630,방화1동,1932,2161,55,73,229
2024,1,11500640,방화2동,1561,1705,39,48,144
2024,1,11500641,방화3동,521,577,20,33,56
2024,1,11530510,신도림동,1771,2000,56,68,229
2024,1,11530520,구로1동,510,566,9,21,56
2024,1,11530530,구로2동,4953,5082,64,84,129
2024,1,11530540,구로3동,3620,4095,102,120,475
2024,1,11530550,구로4동,1625,1720,51,81,95
2024,1,11530560,구로5동,2731,2987,69,88,256
2024,1,11530595,가리봉동,796,822,28,38,26
2024,1,11530720,고척1동,1289,1462,49,61,173
2024,1,11530730,고척2동,1050,1136,38,47,86
2024,1,11530740,개봉1동,1229,1349,38,57,120
2024,1,11530750,개봉2동,745,849,24,30,104
2024,1,11530760,개봉3동,681,758,18,21,77
2024,1,11530770,오류1동,932,1014,31,34,82
2024,1,11530780,오류2동,1027,1163,33,48,136
2024,1,11530790,수궁동,661,728,14,24,67
2024,1,11530800,항동,365,439,18,20,74
2024,1,11545510,가산동,8480,9154,202,259,674
2024,1,11545610,독산1동,2376,2667,70,108,291
2024,1,11545620,독산2동,713,792,19,29,79
2024,1,11545630,독산3동,1340,1442,50,58,102
2024,1,11545640,독산4동,638,710,18,28,72
2024,1,11545670,시흥1동,2112,2354,71,79,242
2024,1,11545680,시흥2동,383,423,12,25,40
2024,1,11545690,시흥3동,974,1004,3,18,30
2024,1,11545700,시흥4동,457,491,11,19,34
2024,1,11545710,시흥5동,736,812,20,29,76
2024,1,11560515,영등포본동,1302,1430,21,51,128
2024,1,11560535,영등포동,3891,4314,106,116,423
2024,1,11560540,여의동,5281,5930,148,129,649
2024,1,11560550,당산1동,2586,2784,80,119,198
2024,1,11560560,당산2동,1790,2011,59,61,221
2024,1,11560585,도림동,733,783,14,22,50
2024,1,11560605,문래동,2726,2959,76,89,233
2024,1,11560610,양평1동,1239,1364,34,33,125
2024,1,11560620,양평2동,1468,1608,47,48,140
2024,1,11560630,신길1동,833,902,21,20,69
2024,1,11560650,신길3동,728,783,31,23,55
2024,1,11560660,신길4동,344,390,11,19,46
2024,1,11560670,신길5동,315,348,12,11,33
2024,1,11560680,신길6동,968,1057,29,32,89
2024,1,11560690,신길7동,516,578,20,23,62
2024,1,11560700,대림1동,755,832,13,23,77
2024,1,11560710,대림2동,1323,1382,45,57,59
2024,1,11560720,대림3동,1494,1580,37,49,86
2024,1,11590510,노량진1동,1430,1635,52,56,205
2024,1,11590520,노량진2동,1515,1579,25,28,64
2024,1,11590530,상도1동,1433,1659,56,47,226
2024,1,11590540,상도2동,1093,1225,33,36,132
2024,1,11590550,상도3동,739,808,29,28,69
2024,1,11590560,상도4동,760,834,27,33,74
2024,1,11590605,흑석동,1199,1368,41,39,169
2024,1,11590620,사당1동,1521,1652,49,58,131
2024,1,11590630,사당2동,1432,1608,45,35,176
2024,1,11590640,사당3동,729,795,19,27,66
2024,1,11590650,사당4동,542,601,22,21,59
2024,1,11590651,사당5동,346,383,5,11,37
2024,1,11590660,대방동,1364,1527,39,47,163
2024,1,11590670,신대방1동,822,888,22,39,66
2024,1,11590680,신대방2동,1007,1155,37,33,148
2024,1,11620525,보라매동,1265,1372,45,48,107
2024,1,11620545,청림동,402,439,19,16,37
2024,1,11620565,성현동,611,666,19,33,55
2024,1,11620575,행운동,1282,1417,44,44,135
2024,1,11620585,낙성대동,1222,1410,66,59,188
2024,1,11620595,청룡동,1739,1977,95,111,238
2024,1,11620605,은천동,1201,1349,41,43,148
2024,1,11620615,중앙동,836,943,32,38,107
2024,1,11620625,인헌동,930,1022,34,40,92
2024,1,11620630,남현동,802,907,28,36,105
2024,1,11620645,서원동,1162,1379,53,67,217
2024,1,11620655,신원동,723,777,32,28,54
2024,1,11620665,서림동,710,780,27,27,70
2024,1,11620685,신사동,1130,1236,50,48,106
2024,1,11620695,신림동,1647,1820,77,83,173
2024,1,11620715,난향동,319,344,12,8,25
2024,1,11620725,조원동,1251,1369,47,41,118
2024,1,11620735,대학동,1127,1270,48,47,143
2024,1,11620745,삼성동,597,620,7,14,23
2024,1,11620765,미성동,1054,1165,25,46,111
2024,1,11620775,난곡동,610,681,23,34,71
2024,1,11650510,서초1동,3072,3295,74,71,223
2024,1,11650520,서초2동,3920,4197,108,108,277
2024,1,11650530,서초3동,6937,7317,165,178,380
2024,1,11650531,서초4동,3158,3381,84,83,223
2024,1,11650540,잠원동,1868,2004,38,52,136
2024,1,11650550,반포본동,392,404,5,13,12
2024,1,11650560,반포1동,1709,1837,51,69,128
2024,1,11650570,반포2동,441,478,28,14,37
2024,1,11650580,반포3동,1169,1249,34,36,80
2024,1,11650581,반포4동,3185,3495,68,86,310
2024,1,11650590,방배본동,1325,1412,31,39,87
2024,1,11650600,방배1동,1347,1491,40,33,144
2024,1,11650610,방배2동,1393,1519,50,52,126
2024,1,11650620,방배3동,690,738,16,31,48
2024,1,11650621,방배4동,1849,1982,41,50,133
2024,1,11650651,양재1동,2769,3019,82,79,250
2024,1,11650652,양재2동,3545,3756,71,103,211
2024,1,11650660,내곡동,882,942,17,25,60
2024,1,11680510,신사동,4081,4356,78,134,275
2024,1,11680521,논현1동,4280,4590,126,163,310
2024,1,11680531,논현2동,4656,5016,132,168,360
2024,1,11680545,압구정동,4402,4645,129,118,243
2024,1,11680565,청담동,4492,4683,98,125,191
2024,1,11680580,삼성1동,3697,3991,52,114,294
2024,1,11680590,삼성2동,3080,3296,83,104,216
2024,1,11680600,대치1동,1098,1206,31,31,108
2024,1,11680610,대치2동,2992,3236,74,110,244
2024,1,11680630,대치4동,3874,4259,105,148,385
2024,1,11680640,역삼1동,11375,12315,283,340,940
2024,1,11680650,역삼2동,3159,3383,102,212,224
2024,1,11680655,도곡1동,1303,1423,39,42,120
2024,1,11680656,도곡2동,1531,1641,39,39,110
2024,1,11680660,개포1동,202,207,4,5,5
2024,1,11680670,개포2동,932,1026,34,30,94
2024,1,11680690,개포4동,1537,1632,48,53,95
2024,1,11680700,세곡동,1282,1447,34,56,165
2024,1,11680720,일원본동,434,480,7,12,46
2024,1,11680730,일원1동,723,811,23,22,88
2024,1,11680740,일원2동,440,473,10,14,33
2024,1,11680750,수서동,784,901,15,28,117
2024,1,11710510,풍납1동,457,490,10,23,33
2024,1,11710520,풍납2동,833,906,19,33,73
2024,1,11710531,거여1동,574,627,14,25,53
2024,1,11710532,거여2동,707,803,34,31,96
2024,1,11710540,마천1동,654,700,13,14,46
2024,1,11710550,마천2동,922,991,23,36,69
2024,1,11710561,방이1동,1155,1278,36,55,123
2024,1,11710562,방이2동,2519,2777,80,101,258
2024,1,11710566,오륜동,445,502,8,20,57
2024,1,11710570,오금동,1732,1863,38,60,131
2024,1,11710580,송파1동,1878,2052,66,65,174
2024,1,11710590,송파2동,837,935,39,43,98
2024,1,11710600,석촌동,2450,2693,66,84,243
2024,1,11710610,삼전동,1607,1782,75,70,175
2024,1,11710620,가락본동,2517,2754,79,104,237
2024,1,11710631,가락1동,3535,3610,41,49,75
2024,1,11710632,가락2동,1551,1699,37,63,148
2024,1,11710641,문정1동,1150,1244,42,51,94
2024,1,11710642,문정2동,5926,6424,128,205,498
2024,1,11710646,장지동,965,1062,30,38,97
2024,1,11710647,위례동,923,1103,43,49,180
2024,1,11710650,잠실본동,2854,3225,116,126,371
2024,1,11710670,잠실2동,873,982,29,35,109
2024,1,11710680,잠실3동,1673,1830,40,47,157
2024,1,11710690,잠실4동,362,405,3,10,43
2024,1,11710710,잠실6동,1758,1973,41,67,215
2024,1,11710720,잠실7동,196,206,2,6,10
2024,1,11740515,강일동,839,985,51,47,146
2024,1,11740520,상일동,890,1001,34,35,111
2024,1,11740530,명일1동,1623,1797,43,99,174
2024,1,11740540,명일2동,1036,1187,35,36,151
2024,1,11740550,고덕1동,559,636,16,22,77
2024,1,11740560,고덕2동,844,972,54,33,128
2024,1,11740570,암사1동,1330,1447,34,48,117
2024,1,11740580,암사2동,656,732,16,23,76
2024,1,11740590,암사3동,569,619,16,31,50
2024,1,11740600,천호1동,1110,1224,37,85,114
2024,1,11740610,천호2동,3109,3393,68,109,284
2024,1,11740620,천호3동,1464,1611,46,56,147
2024,1,11740640,성내1동,1270,1395,44,49,125
2024,1,11740650,성내2동,1437,1558,58,58,121
2024,1,11740660,성내3동,1949,2110,77,88,161
2024,1,11740685,길동,2896,3184,107,121,288
2024,1,11740690,둔촌1동,23,25,0,1,2
2024,1,11740700,둔촌2동,1098,1182,43,36,84
2024,2,11110515,청운효자동,917,946,26,26,29
2024,2,11110530,사직동,2663,2863,61,49,200
2024,2,11110540,삼청동,697,740,9,17,43
2024,2,11110550,부암동,444,472,10,15,28
2024,2,11110560,평창동,649,691,14,11,42
2024,2,11110570,무악동,178,198,2,1,20
2024,2,11110580,교남동,311,384,3,6,73
2024,2,11110600,가회동,613,654,16,7,41
2024,2,11110615,종로1·2·3·4가동,10017,10558,178,221,541
2024,2,11110630,종로5·6가동,1917,2013,42,43,96
2024,2,11110640,이화동,669,806,23,30,137
2024,2,11110650,혜화동,1349,1555,47,46,206
2024,2,11110670,창신1동,1645,1695,26,40,50
2024,2,11110680,창신2동,362,383,8,12,21
2024,2,11110690,창신3동,167,183,5,4,16
2024,2,11110700,숭인1동,263,293,5,8,30
2024,2,11110710,숭인2동,853,928,25,24,75
2024,2,11140520,소공동,2837,3093,49,43,256
2024,2,11140540,회현동,4918,5157,74,96,239
2024,2,11140550,명동,4216,4731,141,87,515
2024,2,11140570,필동,1129,1268,40,26,139
2024,2,11140580,장충동,502,539,16,12,37
2024,2,11140590,광희동,5186,5427,46,95,241
2024,2,11140605,을지로동,2828,2959,78,51,131
2024,2,11140615,신당동,11339,11461,40,221,122
2024,2,11140625,다산동,824,899,14,22,75
2024,2,11140635,약수동,650,715,9,15,65
2024,2,11140645,청구동,501,535,8,15,34
2024,2,11140650,신당5동,723,786,27,28,63
2024,2,11140665,동화동,532,571,17,22,39
2024,2,11140670,황학동,1348,1434,34,36,86
2024,2,11140680,중림동,657,725,18,22,68
2024,2,11170510,후암동,833,885,26,22,52
2024,2,11170520,용산2가동,584,634,24,20,50
2024,2,11170530,남영동,1210,1376,33,37,166
2024,2,11170555,청파동,1186,1352,25,42,166
2024,2,11170560,원효로1동,1616,1706,26,31,90
2024,2,11170570,원효로2동,880,930,9,12,50
2024,2,11170580,효창동,327,354,3,9,27
2024,2,11170590,용문동,550,594,12,16,44
2024,2,11170625,한강로동,5009,5347,90,79,338
2024,2,11170630,이촌1동,791,860,10,14,69
2024,2,11170640,이촌2동,310,332,6,6,22
2024,2,11170650,이태원1동,1589,1688,43,48,99
2024,2,11170660,이태원2동,842,882,25,30,40
2024,2,11170685,한남동,2303,2431,66,83,128
2024,2,11170690,서빙고동,355,383,6,7,28
2024,2,11170700,보광동,638,676,13,63,38
2024,2,11200520,왕십리2동,557,618,16,17,61
2024,2,11200535,왕십리도선동,1835,2036,48,71,201
2024,2,11200540,마장동,2344,2400,19,46,56
2024,2,11200550,사근동,720,895,25,34,175
2024,2,11200560,행당1동,1135,1291,35,28,156
2024,2,11200570,행당2동,503,577,16,19,74
2024,2,11200580,응봉동,279,301,7,7,22
2024,2,11200590,금호1가동,443,486,13,6,43
2024,2,11200615,금호2·3가동,842,929,23,25,87
2024,2,11200620,금호4가동,548,609,16,18,61
2024,2,11200645,옥수동,831,915,18,24,84
2024,2,11200650,성수1가1동,1114,1192,37,31,78
2024,2,11200660,성수1가2동,2065,2198,86,75,133
2024,2,11200670,성수2가1동,1529,1621,45,43,92
2024,2,11200690,성수2가3동,3118,3348,103,65,230
2024,2,11200720,송정동,472,489,10,4,17
2024,2,11200790,용답동,1209,1277,26,32,68
2024,2,11215710,화양동,2164,2539,99,94,375
2024,2,11215730,군자동,1327,1476,42,49,149
2024,2,11215740,중곡1동,1187,1265,36,39,78
2024,2,11215750,중곡2동,1193,1279,37,30,86
2024,2,11215760,중곡3동,839,921,20,40,82
2024,2,11215770,중곡4동,1047,1132,34,49,85
2024,2,11215780,능동,641,715,12,19,74
2024,2,11215810,광장동,1064,1190,26,47,126
2024,2,11215820,자양1동,1248,1380,34,36,132
2024,2,11215830,자양2동,1008,1096,22,29,88
2024,2,11215840,자양3동,1286,1423,32,36,137
2024,2,11215847,자양4동,1504,1621,41,61,117
2024,2,11215850,구의1동,1430,1576,35,43,146
2024,2,11215860,구의2동,978,1083,25,32,105
2024,2,11215870,구의3동,2325,2552,47,50,227
2024,2,11230536,용신동,2720,2942,62,86,222
2024,2,11230545,제기동,3094,3174,61,61,80
2024,2,11230560,전농1동,1962,2184,60,58,222
2024,2,11230570,전농2동,605,697,16,20,92
2024,2,11230600,답십리1동,1169,1303,33,41,134
2024,2,11230610,답십리2동,1655,1753,41,40,98
2024,2,11230650,장안1동,2681,2915,68,84,234
2024,2,11230660,장안2동,2009,2257,54,62,248
2024,2,11230705,청량리동,1133,1199,21,41,66
2024,2,11230710,회기동,938,1087,43,50,149
2024,2,11230720,휘경1동,736,815,28,38,79
2024,2,11230730,휘경2동,580,652,14,15,72
2024,2,11230740,이문1동,913,1051,19,18,138
2024,2,11230750,이문2동,472,514,8,15,42
2024,2,11260520,면목2동,1103,1177,39,48,74
2024,2,11260540,면목4동,586,635,15,13,49
2024,2,11260550,면목5동,453,493,9,17,40
2024,2,11260565,면목본동,1629,1754,46,46,125
2024,2,11260570,면목7동,990,1064,24,20,74
2024,2,11260575,면목3·8동,1360,1486,34,43,126
2024,2,11260580,상봉1동,845,949,28,33,104
2024,2,11260590,상봉2동,1674,1853,63,70,179
2024,2,11260600,중화1동,650,701,15,23,51
2024,2,11260610,중화2동,1235,1344,32,42,109
2024,2,11260620,묵1동,1083,1205,33,34,122
2024,2,11260630,묵2동,946,1009,27,38,63
2024,2,11260655,망우본동,1945,2162,93,66,217
2024,2,11260660,망우3동,535,577,9,12,42
2024,2,11260680,신내1동,1244,1419,39,27,175
2024,2,11260690,신내2동,753,845,11,32,92
2024,2,11290525,성북동,1010,1074,23,28,64
2024,2,11290555,삼선동,1472,1592,34,38,120
2024,2,11290575,동선동,1732,1993,59,64,261
2024,2,11290580,돈암1동,368,392,7,9,24
2024,2,11290590,돈암2동,470,514,15,15,44
2024,2,11290600,안암동,1010,1215,41,42,205
2024,2,11290610,보문동,737,795,16,18,58
2024,2,11290620,정릉1동,571,626,13,20,55
2024,2,11290630,정릉2동,672,746,18,20,74
2024,2,11290640,정릉3동,478,522,15,20,44
2024,2,11290650,정릉4동,676,746,16,24,70
2024,2,11290660,길음1동,918,1049,46,25,131
2024,2,11290685,길음2동,1154,1273,26,42,119
2024,2,11290705,종암동,1314,1466,30,33,152
2024,2,11290715,월곡1동,866,968,15,31,102
2024,2,11290725,월곡2동,1012,1160,40,47,148
2024,2,11290760,장위1동,686,753,20,24,67
2024,2,11290770,장위2동,697,732,10,14,35
2024,2,11290780,장위3동,408,462,9,16,54
2024,2,11290810,석관동,1347,1490,35,48,143
2024,2,11305534,삼양동,652,717,15,33,65
2024,2,11305535,미아동,1208,1315,38,54,107
2024,2,11305545,송중동,1672,1864,47,86,192
2024,2,11305555,송천동,1286,1411,33,50,125
2024,2,11305575,삼각산동,755,846,15,23,91
2024,2,11305595,번1동,1282,1409,37,53,127
2024,2,11305603,번2동,325,346,8,10,21
2024,2,11305608,번3동,377,431,14,14,54
2024,2,11305615,수유1동,1035,1108,41,35,73
2024,2,11305625,수유2동,869,937,34,25,68
2024,2,11305635,수유3동,2045,2278,99,96,233
2024,2,11305645,우이동,797,866,21,31,69
2024,2,11305660,인수동,996,1071,26,28,75
2024,2,11320511,창1동,750,829,23,33,79
2024,2,11320512,창2동,877,945,24,28,68
2024,2,11320513,창3동,599,647,13,10,48
2024,2,11320514,창4동,944,1069,27,19,125
2024,2,11320515,창5동,1223,1378,42,30,155
2024,2,11320521,도봉1동,1045,1151,26,36,106
2024,2,11320522,도봉2동,913,970,21,21,57
2024,2,11320660,쌍문1동,530,585,15,18,55
2024,2,11320670,쌍문2동,887,986,25,27,99
2024,2,11320680,쌍문3동,727,801,12,24,74
2024,2,11320681,쌍문4동,436,483,7,13,47
2024,2,11320690,방학1동,1658,1865,40,45,207
2024,2,11320700,방학2동,771,820,23,31,49
2024,2,11320710,방학3동,508,561,12,22,53
2024,2,11350560,월계1동,927,1082,33,35,155
2024,2,11350570,월계2동,484,540,7,22,56
2024,2,11350580,월계3동,624,708,12,19,84
2024,2,11350595,공릉1동,2116,2359,70,83,243
2024,2,11350600,공릉2동,1332,1554,46,53,222
2024,2,11350611,하계1동,775,878,18,29,103
2024,2,11350612,하계2동,289,316,7,5,27
2024,2,11350619,중계본동,1135,1249,18,38,114
2024,2,11350621,중계1동,876,1024,30,36,148
2024,2,11350624,중계4동,819,916,26,32,97
2024,2,11350625,중계2·3동,1136,1256,19,43,120
2024,2,11350630,상계1동,1353,1516,42,63,163
2024,2,11350640,상계2동,2521,2795,76,98,274
2024,2,11350665,상계3·4동,911,965,21,31,54
2024,2,11350670,상계5동,1256,1343,46,51,87
2024,2,11350695,상계6·7동,1502,1695,29,33,193
2024,2,11350700,상계8동,390,438,9,12,48
2024,2,11350710,상계9동,438,485,12,13,47
2024,2,11350720,상계10동,359,396,6,9,37
2024,2,11380510,녹번동,1303,1437,33,46,134
2024,2,11380520,불광1동,1247,1383,32,43,136
2024,2,11380530,불광2동,1061,1121,25,26,60
2024,2,11380551,갈현1동,1155,1280,45,66,125
2024,2,11380552,갈현2동,1350,1496,44,53,146
2024,2,11380560,구산동,854,931,28,25,77
2024,2,11380570,대조동,2169,2372,44,68,203
2024,2,11380580,응암1동,1415,1610,38,59,195
2024,2,11380590,응암2동,661,725,16,32,64
2024,2,11380600,응암3동,1456,1588,39,43,132
2024,2,11380625,역촌동,1869,2070,56,60,201
2024,2,11380631,신사1동,937,1035,22,31,98
2024,2,11380632,신사2동,557,599,12,20,42
2024,2,11380640,증산동,643,693,8,24,50
2024,2,11380650,수색동,473,527,21,18,54
2024,2,11380690,진관동,1899,2209,52,66,310
2024,2,11410520,천연동,586,644,16,20,58
2024,2,11410555,북아현동,632,702,8,24,70
2024,2,11410565,충현동,1122,1244,30,34,122
2024,2,11410585,신촌동,3410,3924,111,153,514
2024,2,11410615,연희동,1883,2018,45,63,135
2024,2,11410620,홍제1동,718,820,25,26,102
2024,2,11410640,홍제3동,824,900,32,29,76
2024,2,11410655,홍제2동,431,480,9,13,49
2024,2,11410660,홍은1동,691,749,17,26,58
2024,2,11410685,홍은2동,842,942,21,28,100
2024,2,11410690,남가좌1동,569,648,14,20,79
2024,2,11410700,남가좌2동,1115,1275,41,47,160
2024,2,11410710,북가좌1동,427,480,12,13,53
2024,2,11410720,북가좌2동,1076,1196,28,46,120
2024,2,11440555,아현동,1279,1411,37,35,132
2024,2,11440565,공덕동,1801,1962,38,50,161
2024,2,11440585,도화동,1404,1564,42,36,160
2024,2,11440590,용강동,1621,1791,31,49,170
2024,2,11440600,대흥동,1305,1455,46,48,150
2024,2,11440610,염리동,686,773,18,22,87
2024,2,11440630,신수동,1015,1086,20,36,71
2024,2,11440655,서강동,1674,1818,70,65,144
2024,2,11440660,서교동,8311,9053,284,284,742
2024,2,11440680,합정동,1953,2097,47,42,144
2024,2,11440690,망원1동,1721,1834,52,59,113
2024,2,11440700,망원2동,1140,1232,42,44,92
2024,2,11440710,연남동,2328,2412,100,115,84
2024,2,11440720,성산1동,1120,1198,29,37,78
2024,2,11440730,성산2동,1422,1572,36,37,150
2024,2,11440740,상암동,1734,2078,57,79,344
2024,2,11470510,목1동,2697,3069,43,82,372
2024,2,11470520,목2동,996,1084,31,35,88
2024,2,11470530,목3동,1072,1168,32,24,96
2024,2,11470540,목4동,1142,1260,34,50,118
2024,2,11470550,목5동,1503,1695,31,40,192
2024,2,11470560,신월1동,1062,1139,28,27,77
2024,2,11470570,신월2동,632,686,15,26,54
2024,2,11470580,신월3동,512,561,14,22,49
2024,2,11470590,신월4동,674,743,12,23,69
2024,2,11470600,신월5동,579,636,17,19,57
2024,2,11470610,신월6동,519,570,18,29,51
2024,2,11470611,신월7동,669,718,17,29,49
2024,2,11470620,신정1동,1025,1136,35,38,111
2024,2,11470630,신정2동,930,1025,29,39,95
2024,2,11470640,신정3동,1070,1228,20,33,158
2024,2,11470650,신정4동,2463,2651,81,83,188
2024,2,11470670,신정6동,642,709,14,22,67
2024,2,11470680,신정7동,778,892,19,23,114
2024,2,11500510,염창동,1334,1530,32,42,196
2024,2,11500520,등촌1동,1411,1604,41,39,193
2024,2,11500530,등촌2동,530,593,16,19,63
2024,2,11500535,등촌3동,1887,2105,52,79,218
2024,2,11500540,화곡1동,2285,2529,71,104,244
2024,2,11500550,화곡2동,587,630,12,23,43
2024,2,11500560,화곡3동,972,1114,36,39,142
2024,2,11500570,화곡4동,1109,1206,28,48,97
2024,2,11500590,화곡본동,1113,1230,41,55,117
2024,2,11500591,화곡6동,1277,1448,67,53,171
2024,2,11500593,화곡8동,999,1106,30,50,107
2024,2,11500603,가양1동,4767,5369,192,193,602
2024,2,11500604,가양2동,415,466,6,11,51
2024,2,11500605,가양3동,353,384,2,6,31
2024,2,11500611,발산1동,3787,4126,127,107,339
2024,2,11500615,우장산동,1298,1446,32,49,148
2024,2,11500620,공항동,1345,1497,31,37,152
2024,2,11500630,방화1동,1921,2147,61,75,226
2024,2,11500640,방화2동,1532,1677,24,52,145
2024,2,11500641,방화3동,516,572,11,16,56
2024,2,11530510,신도림동,1753,1980,30,50,227
2024,2,11530520,구로1동,507,562,7,11,55
2024,2,11530530,구로2동,4929,5056,54,80,127
2024,2,11530540,구로3동,3612,4079,130,146,467
2024,2,11530550,구로4동,1612,1709,41,52,97
2024,2,11530560,구로5동,2686,2940,50,97,254
2024,2,11530595,가리봉동,778,805,18,35,27
2024,2,11530720,고척1동,1286,1457,33,38,171
2024,2,11530730,고척2동,1049,1138,24,22,89
2024,2,11530740,개봉1동,1211,1329,38,58,118
2024,2,11530750,개봉2동,749,853,24,20,104
2024,2,11530760,개봉3동,678,749,17,26,71
2024,2,11530770,오류1동,922,1002,21,33,80
2024,2,11530780,오류2동,1028,1162,35,36,134
2024,2,11530790,수궁동,655,722,18,24,67
2024,2,11530800,항동,370,445,21,15,75
2024,2,11545510,가산동,8426,9116,187,225,690
2024,2,11545610,독산1동,2365,2650,68,85,285
2024,2,11545620,독산2동,707,789,17,20,82
2024,2,11545630,독산3동,1324,1423,46,65,99
2024,2,11545640,독산4동,636,708,20,22,72
2024,2,11545670,시흥1동,2109,2344,59,69,235
2024,2,11545680,시흥2동,371,410,5,18,39
2024,2,11545690,시흥3동,973,1005,13,12,32
2024,2,11545700,시흥4동,458,490,15,16,32
2024,2,11545710,시흥5동,729,805,12,19,76
2024,2,11560515,영등포본동,1293,1418,28,40,125
2024,2,11560535,영등포동,3862,4283,101,132,421
2024,2,11560540,여의동,5250,5903,122,149,653
2024,2,11560550,당산1동,2560,2758,65,91,198
2024,2,11560560,당산2동,1787,2008,46,49,221
2024,2,11560585,도림동,727,778,20,25,51
2024,2,11560605,문래동,2738,2972,85,72,234
2024,2,11560610,양평1동,1236,1359,27,32,123
2024,2,11560620,양평2동,1466,1613,38,33,147
2024,2,11560630,신길1동,828,895,24,31,67
2024,2,11560650,신길3동,727,782,15,16,55
2024,2,11560660,신길4동,342,390,7,7,48
2024,2,11560670,신길5동,320,352,12,8,32
2024,2,11560680,신길6동,952,1043,21,35,91
2024,2,11560690,신길7동,505,565,11,24,60
2024,2,11560700,대림1동,750,832,22,22,82
2024,2,11560710,대림2동,1309,1365,37,54,56
2024,2,11560720,대림3동,1487,1576,37,41,89
2024,2,11590510,노량진1동,1426,1629,42,48,203
2024,2,11590520,노량진2동,1490,1549,17,47,59
2024,2,11590530,상도1동,1427,1653,36,42,226
2024,2,11590540,상도2동,1078,1206,19,38,128
2024,2,11590550,상도3동,739,808,20,20,69
2024,2,11590560,상도4동,753,823,20,31,70
2024,2,11590605,흑석동,1201,1372,33,29,171
2024,2,11590620,사당1동,1505,1638,44,58,133
2024,2,11590630,사당2동,1418,1591,40,57,173
2024,2,11590640,사당3동,722,789,14,20,67
2024,2,11590650,사당4동,535,593,20,28,58
2024,2,11590651,사당5동,354,392,13,4,38
2024,2,11590660,대방동,1353,1517,32,42,164
2024,2,11590670,신대방1동,826,894,32,26,68
2024,2,11590680,신대방2동,1000,1148,34,41,148
2024,2,11620525,보라매동,1250,1357,35,50,107
2024,2,11620545,청림동,395,431,12,20,36
2024,2,11620565,성현동,610,668,26,24,58
2024,2,11620575,행운동,1265,1406,40,51,141
2024,2,11620585,낙성대동,1231,1419,59,50,188
2024,2,11620595,청룡동,1711,1951,47,73,240
2024,2,11620605,은천동,1208,1351,35,33,143
2024,2,11620615,중앙동,821,928,20,35,107
2024,2,11620625,인헌동,910,1004,21,39,94
2024,2,11620630,남현동,803,904,26,29,101
2024,2,11620645,서원동,1143,1357,33,55,214
2024,2,11620655,신원동,712,768,23,32,56
2024,2,11620665,서림동,696,765,21,36,69
2024,2,11620685,신사동,1123,1227,35,44,104
2024,2,11620695,신림동,1621,1794,61,87,173
2024,2,11620715,난향동,313,336,6,14,23
2024,2,11620725,조원동,1257,1373,42,38,116
2024,2,11620735,대학동,1110,1259,40,51,149
2024,2,11620745,삼성동,591,613,8,15,22
2024,2,11620765,미성동,1052,1163,35,37,111
2024,2,11620775,난곡동,601,675,13,19,74
2024,2,11650510,서초1동,3045,3271,65,89,226
2024,2,11650520,서초2동,3897,4175,80,102,278
2024,2,11650530,서초3동,6931,7316,135,136,385
2024,2,11650531,서초4동,3165,3386,65,60,221
2024,2,11650540,잠원동,1861,1992,41,53,131
2024,2,11650550,반포본동,392,403,3,4,11
2024,2,11650560,반포1동,1703,1832,47,52,129
2024,2,11650570,반포2동,447,489,24,13,42
2024,2,11650580,반포3동,1149,1228,21,42,79
2024,2,11650581,반포4동,3155,3462,40,73,307
2024,2,11650590,방배본동,1317,1403,23,32,86
2024,2,11650600,방배1동,1346,1487,33,37,141
2024,2,11650610,방배2동,1384,1509,23,33,125
2024,2,11650620,방배3동,679,729,17,26,50
2024,2,11650621,방배4동,1828,1959,26,49,131
2024,2,11650651,양재1동,2765,3015,61,65,250
2024,2,11650652,양재2동,3507,3708,46,94,201
2024,2,11650660,내곡동,876,936,14,20,60
2024,2,11680510,신사동,4108,4384,118,90,276
2024,2,11680521,논현1동,4264,4576,124,138,312
2024,2,11680531,논현2동,4635,4992,122,146,357
2024,2,11680545,압구정동,4415,4650,141,136,235
2024,2,11680565,청담동,4447,4640,91,134,193
2024,2,11680580,삼성1동,3676,3969,50,72,293
2024,2,11680590,삼성2동,3063,3284,79,91,221
2024,2,11680600,대치1동,1088,1197,18,27,109
2024,2,11680610,대치2동,2979,3228,58,66,249
2024,2,11680630,대치4동,3830,4214,108,153,384
2024,2,11680640,역삼1동,11392,12327,308,296,935
2024,2,11680650,역삼2동,3142,3368,89,104,226
2024,2,11680655,도곡1동,1298,1419,31,35,121
2024,2,11680656,도곡2동,1536,1645,28,24,109
2024,2,11680660,개포1동,197,202,3,8,5
2024,2,11680670,개포2동,934,1026,34,34,92
2024,2,11680690,개포4동,1517,1614,30,48,97
2024,2,11680700,세곡동,1277,1447,45,45,170
2024,2,11680720,일원본동,429,474,7,13,45
2024,2,11680730,일원1동,710,798,14,27,88
2024,2,11680740,일원2동,435,471,10,12,36
2024,2,11680750,수서동,787,903,13,11,116
2024,2,11710510,풍납1동,452,486,6,10,34
2024,2,11710520,풍납2동,828,902,10,14,74
2024,2,11710531,거여1동,573,626,12,13,53
2024,2,11710532,거여2동,688,786,21,38,98
2024,2,11710540,마천1동,649,693,15,22,44
2024,2,11710550,마천2동,906,976,19,34,70
2024,2,11710561,방이1동,1162,1282,45,41,120
2024,2,11710562,방이2동,2531,2793,100,84,262
2024,2,11710566,오륜동,440,501,11,12,61
2024,2,11710570,오금동,1725,1853,30,40,128
2024,2,11710580,송파1동,1875,2045,56,63,170
2024,2,11710590,송파2동,820,915,24,44,95
2024,2,11710600,석촌동,2437,2676,71,88,239
2024,2,11710610,삼전동,1586,1762,44,64,176
2024,2,11710620,가락본동,2497,2735,67,86,238
2024,2,11710631,가락1동,3522,3601,28,37,79
2024,2,11710632,가락2동,1538,1686,35,48,148
2024,2,11710641,문정1동,1141,1233,22,33,92
2024,2,11710642,문정2동,5914,6406,135,153,492
2024,2,11710646,장지동,954,1050,23,35,96
2024,2,11710647,위례동,915,1094,38,47,179
2024,2,11710650,잠실본동,2822,3188,83,120,366
2024,2,11710670,잠실2동,873,982,17,17,109
2024,2,11710680,잠실3동,1650,1808,15,37,158
2024,2,11710690,잠실4동,359,402,7,10,43
2024,2,11710710,잠실6동,1736,1953,26,46,217
2024,2,11710720,잠실7동,193,203,3,6,10
2024,2,11740515,강일동,841,993,37,29,152
2024,2,11740520,상일동,891,1002,25,24,111
2024,2,11740530,명일1동,1602,1768,42,71,166
2024,2,11740540,명일2동,1023,1171,23,39,148
2024,2,11740550,고덕1동,562,640,23,19,78
2024,2,11740560,고덕2동,850,980,35,27,130
2024,2,11740570,암사1동,1322,1437,35,45,115
2024,2,11740580,암사2동,658,735,19,16,77
2024,2,11740590,암사3동,559,608,8,19,49
2024,2,11740600,천호1동,1099,1211,33,46,112
2024,2,11740610,천호2동,3052,3336,53,110,284
2024,2,11740620,천호3동,1453,1594,35,52,141
2024,2,11740640,성내1동,1261,1386,23,32,125
2024,2,11740650,성내2동,1424,1545,41,54,121
2024,2,11740660,성내3동,1926,2087,49,72,161
2024,2,11740685,길동,2860,3141,85,128,281
2024,2,11740690,둔촌1동,23,25,0,0,2
2024,2,11740700,둔촌2동,1092,1177,30,35,85
2024,3,11110515,청운효자동,918,947,27,26,29
2024,3,11110530,사직동,2665,2867,52,48,202
2024,3,11110540,삼청동,700,744,14,10,44
2024,3,11110550,부암동,442,472,10,10,30
2024,3,11110560,평창동,647,689,11,13,42
2024,3,11110570,무악동,176,196,4,6,20
2024,3,11110580,교남동,311,388,9,5,77
2024,3,11110600,가회동,612,656,17,15,44
2024,3,11110615,종로1·2·3·4가동,9996,10536,170,192,540
2024,3,11110630,종로5·6가동,1896,1994,23,42,98
2024,3,11110640,이화동,675,810,21,17,135
2024,3,11110650,혜화동,1358,1557,48,46,199
2024,3,11110670,창신1동,1620,1668,29,56,48
2024,3,11110680,창신2동,362,382,15,16,20
2024,3,11110690,창신3동,167,183,1,1,16
2024,3,11110700,숭인1동,261,289,6,10,28
2024,3,11110710,숭인2동,860,934,31,25,74
2024,3,11140520,소공동,2808,3067,45,71,259
2024,3,11140540,회현동,4869,5111,53,99,242
2024,3,11140550,명동,4239,4751,98,78,512
2024,3,11140570,필동,1125,1259,31,40,134
2024,3,11140580,장충동,501,537,7,9,36
2024,3,11140590,광희동,5124,5368,52,111,244
2024,3,11140605,을지로동,2852,2986,85,58,134
2024,3,11140615,신당동,11062,11186,48,323,124
2024,3,11140625,다산동,821,895,15,19,74
2024,3,11140635,약수동,643,707,9,17,64
2024,3,11140645,청구동,499,534,12,13,35
2024,3,11140650,신당5동,724,785,23,24,61
2024,3,11140665,동화동,533,570,16,17,37
2024,3,11140670,황학동,1341,1428,32,38,87
2024,3,11140680,중림동,653,722,17,20,69
2024,3,11170510,후암동,830,885,25,25,55
2024,3,11170520,용산2가동,582,630,15,19,48
2024,3,11170530,남영동,1207,1374,29,31,167
2024,3,11170555,청파동,1189,1351,41,42,162
2024,3,11170560,원효로1동,1599,1684,25,47,85
2024,3,11170570,원효로2동,872,923,10,17,51
2024,3,11170580,효창동,332,359,12,7,27
2024,3,11170590,용문동,548,592,11,13,44
2024,3,11170625,한강로동,4974,5312,82,117,338
2024,3,11170630,이촌1동,786,854,14,20,68
2024,3,11170640,이촌2동,304,326,5,11,22
2024,3,11170650,이태원1동,1581,1681,44,51,100
2024,3,11170660,이태원2동,831,871,21,32,40
2024,3,11170685,한남동,2272,2401,47,77,129
2024,3,11170690,서빙고동,357,386,6,3,29
2024,3,11170700,보광동,617,652,4,28,35
2024,3,11200520,왕십리2동,557,615,14,17,58
2024,3,11200535,왕십리도선동,1821,2016,54,74,195
2024,3,11200540,마장동,2329,2386,38,52,57
2024,3,11200550,사근동,710,880,17,32,170
2024,3,11200560,행당1동,1117,1268,22,45,151
2024,3,11200570,행당2동,506,578,10,9,72
2024,3,11200580,응봉동,271,292,1,10,21
2024,3,11200590,금호1가동,435,477,6,15,42
2024,3,11200615,금호2·3가동,837,923,21,27,86
2024,3,11200620,금호4가동,548,606,9,12,58
2024,3,11200645,옥수동,831,915,22,22,84
2024,3,11200650,성수1가1동,1119,1200,32,24,81
2024,3,11200660,성수1가2동,2058,2191,55,62,133
2024,3,11200670,성수2가1동,1533,1625,33,29,92
2024,3,11200690,성수2가3동,3104,3327,68,89,223
2024,3,11200720,송정동,469,486,13,16,17
2024,3,11200790,용답동,1198,1267,22,32,69
2024,3,11215710,화양동,2154,2515,79,103,361
2024,3,11215730,군자동,1310,1465,40,51,155
2024,3,11215740,중곡1동,1189,1263,30,32,74
2024,3,11215750,중곡2동,1186,1274,28,33,88
2024,3,11215760,중곡3동,833,918,20,23,85
2024,3,11215770,중곡4동,1037,1120,27,39,83
2024,3,11215780,능동,633,710,20,25,77
2024,3,11215810,광장동,1069,1189,21,22,120
2024,3,11215820,자양1동,1251,1378,29,31,127
2024,3,11215830,자양2동,1014,1100,24,20,86
2024,3,11215840,자양3동,1265,1405,23,41,140
2024,3,11215847,자양4동,1501,1616,43,48,115
2024,3,11215850,구의1동,1412,1553,36,59,141
2024,3,11215860,구의2동,965,1069,28,42,104
2024,3,11215870,구의3동,2301,2523,33,62,222
2024,3,11230536,용신동,2698,2918,60,84,220
2024,3,11230545,제기동,3100,3180,66,60,80
2024,3,11230560,전농1동,1945,2165,45,64,220
2024,3,11230570,전농2동,602,689,12,20,87
2024,3,11230600,답십리1동,1173,1306,28,25,133
2024,3,11230610,답십리2동,1643,1735,16,34,92
2024,3,11230650,장안1동,2665,2904,53,64,239
2024,3,11230660,장안2동,1998,2245,55,67,247
2024,3,11230705,청량리동,1128,1194,22,27,66
2024,3,11230710,회기동,935,1079,27,35,144
2024,3,11230720,휘경1동,727,804,23,34,77
2024,3,11230730,휘경2동,580,651,18,19,71
2024,3,11230740,이문1동,907,1041,20,30,134
2024,3,11230750,이문2동,468,510,9,13,42
2024,3,11260520,면목2동,1095,1165,22,34,70
2024,3,11260540,면목4동,573,621,9,23,48
2024,3,11260550,면목5동,450,491,5,7,41
2024,3,11260565,면목본동,1628,1746,48,56,118
2024,3,11260570,면목7동,972,1046,24,42,74
2024,3,11260575,면목3·8동,1347,1474,35,47,127
2024,3,11260580,상봉1동,839,942,23,30,103
2024,3,11260590,상봉2동,1662,1846,54,61,184
2024,3,11260600,중화1동,633,683,9,27,50
2024,3,11260610,중화2동,1231,1340,37,41,109
2024,3,11260620,묵1동,1061,1181,23,47,120
2024,3,11260630,묵2동,941,1005,26,30,64
2024,3,11260655,망우본동,1917,2129,49,82,212
2024,3,11260660,망우3동,531,573,11,15,42
2024,3,11260680,신내1동,1249,1419,34,34,170
2024,3,11260690,신내2동,733,823,14,36,90
2024,3,11290525,성북동,1003,1068,17,23,65
2024,3,11290555,삼선동,1470,1587,32,37,117
2024,3,11290575,동선동,1715,1976,43,60,261
2024,3,11290580,돈암1동,366,390,5,7,24
2024,3,11290590,돈암2동,458,501,2,15,43
2024,3,11290600,안암동,1000,1206,31,40,206
2024,3,11290610,보문동,734,790,13,18,56
2024,3,11290620,정릉1동,558,613,8,21,55
2024,3,11290630,정릉2동,655,728,11,29,73
2024,3,11290640,정릉3동,484,528,14,8,44
2024,3,11290650,정릉4동,665,738,13,21,73
2024,3,11290660,길음1동,925,1055,37,31,130
2024,3,11290685,길음2동,1136,1249,20,44,113
2024,3,11290705,종암동,1309,1462,33,37,153
2024,3,11290715,월곡1동,856,956,19,31,100
2024,3,11290725,월곡2동,998,1140,24,44,142
2024,3,11290760,장위1동,672,740,14,27,68
2024,3,11290770,장위2동,694,731,12,13,37
2024,3,11290780,장위3동,401,455,6,13,54
2024,3,11290810,석관동,1350,1491,43,42,141
2024,3,11305534,삼양동,635,700,14,31,65
2024,3,11305535,미아동,1211,1319,36,32,108
2024,3,11305545,송중동,1649,1841,30,53,192
2024,3,11305555,송천동,1269,1387,18,42,118
2024,3,11305575,삼각산동,744,835,17,28,91
2024,3,11305595,번1동,1260,1386,24,47,126
2024,3,11305603,번2동,326,346,7,7,20
2024,3,11305608,번3동,379,429,11,13,50
2024,3,11305615,수유1동,1029,1102,24,30,73
2024,3,11305625,수유2동,863,930,18,25,67
2024,3,11305635,수유3동,2055,2283,73,68,228
2024,3,11305645,우이동,790,859,20,27,69
2024,3,11305660,인수동,989,1069,29,31,80
2024,3,11320511,창1동,738,818,13,24,80
2024,3,11320512,창2동,876,938,19,26,62
2024,3,11320513,창3동,591,637,9,19,46
2024,3,11320514,창4동,940,1061,26,34,121
2024,3,11320515,창5동,1230,1380,50,48,150
2024,3,11320521,도봉1동,1041,1144,30,37,103
2024,3,11320522,도봉2동,915,973,26,23,58
2024,3,11320660,쌍문1동,527,582,15,18,55
2024,3,11320670,쌍문2동,880,974,18,30,94
2024,3,11320680,쌍문3동,728,804,22,19,76
2024,3,11320681,쌍문4동,430,478,5,10,48
2024,3,11320690,방학1동,1631,1837,41,69,206
2024,3,11320700,방학2동,760,809,21,32,49
2024,3,11320710,방학3동,505,558,4,7,53
2024,3,11350560,월계1동,918,1070,24,36,152
2024,3,11350570,월계2동,482,535,9,14,53
2024,3,11350580,월계3동,614,699,7,16,85
2024,3,11350595,공릉1동,2094,2335,41,65,241
2024,3,11350600,공릉2동,1326,1543,41,52,217
2024,3,11350611,하계1동,762,859,5,24,97
2024,3,11350612,하계2동,288,317,5,4,29
2024,3,11350619,중계본동,1126,1234,22,37,108
2024,3,11350621,중계1동,868,1013,11,22,145
2024,3,11350624,중계4동,822,914,27,29,92
2024,3,11350625,중계2·3동,1114,1236,23,43,122
2024,3,11350630,상계1동,1338,1503,30,43,165
2024,3,11350640,상계2동,2500,2768,73,100,268
2024,3,11350665,상계3·4동,906,959,22,28,53
2024,3,11350670,상계5동,1254,1336,37,44,82
2024,3,11350695,상계6·7동,1493,1690,47,52,197
2024,3,11350700,상계8동,386,433,8,13,47
2024,3,11350710,상계9동,432,479,11,17,47
2024,3,11350720,상계10동,356,393,3,6,37
2024,3,11380510,녹번동,1269,1398,17,56,129
2024,3,11380520,불광1동,1237,1371,24,36,134
2024,3,11380530,불광2동,1062,1120,25,26,58
2024,3,11380551,갈현1동,1140,1261,26,45,121
2024,3,11380552,갈현2동,1335,1478,42,60,143
2024,3,11380560,구산동,835,912,13,32,77
2024,3,11380570,대조동,2137,2338,50,84,201
2024,3,11380580,응암1동,1407,1604,41,47,197
2024,3,11380590,응암2동,652,712,8,21,60
2024,3,11380600,응암3동,1442,1570,49,67,128
2024,3,11380625,역촌동,1858,2054,55,71,196
2024,3,11380631,신사1동,920,1019,22,38,99
2024,3,11380632,신사2동,552,594,14,19,42
2024,3,11380640,증산동,627,676,13,30,49
2024,3,11380650,수색동,468,522,13,18,54
2024,3,11380690,진관동,1869,2176,39,72,307
2024,3,11410520,천연동,580,638,15,21,58
2024,3,11410555,북아현동,627,696,16,22,69
2024,3,11410565,충현동,1127,1243,26,27,116
2024,3,11410585,신촌동,3370,3877,92,139,507
2024,3,11410615,연희동,1873,2006,33,45,133
2024,3,11410620,홍제1동,709,807,22,35,98
2024,3,11410640,홍제3동,825,900,25,25,75
2024,3,11410655,홍제2동,425,470,7,17,45
2024,3,11410660,홍은1동,687,743,13,19,56
2024,3,11410685,홍은2동,831,934,26,34,103
2024,3,11410690,남가좌1동,559,632,9,25,73
2024,3,11410700,남가좌2동,1109,1269,28,34,160
2024,3,11410710,북가좌1동,424,478,13,15,54
2024,3,11410720,북가좌2동,1082,1201,28,23,119
2024,3,11440555,아현동,1274,1405,44,50,131
2024,3,11440565,공덕동,1793,1954,42,50,161
2024,3,11440585,도화동,1399,1554,38,48,155
2024,3,11440590,용강동,1606,1775,29,45,169
2024,3,11440600,대흥동,1315,1466,52,41,151
2024,3,11440610,염리동,687,773,22,22,86
2024,3,11440630,신수동,1014,1085,32,33,71
2024,3,11440655,서강동,1653,1798,56,76,145
2024,3,11440660,서교동,8270,9011,270,312,741
2024,3,11440680,합정동,1949,2093,55,59,144
2024,3,11440690,망원1동,1690,1798,47,83,108
2024,3,11440700,망원2동,1134,1223,31,40,89
2024,3,11440710,연남동,2312,2400,84,96,88
2024,3,11440720,성산1동,1113,1189,37,46,76
2024,3,11440730,성산2동,1412,1559,32,45,147
2024,3,11440740,상암동,1743,2089,76,65,346
2024,3,11470510,목1동,2652,3017,40,92,365
2024,3,11470520,목2동,986,1072,20,32,86
2024,3,11470530,목3동,1070,1166,32,34,96
2024,3,11470540,목4동,1129,1245,21,36,116
2024,3,11470550,목5동,1497,1684,35,46,187
2024,3,11470560,신월1동,1042,1116,29,52,74
2024,3,11470570,신월2동,631,682,17,21,51
2024,3,11470580,신월3동,502,551,5,15,49
2024,3,11470590,신월4동,676,742,20,21,66
2024,3,11470600,신월5동,578,634,10,12,56
2024,3,11470610,신월6동,515,567,13,16,52
2024,3,11470611,신월7동,660,708,8,18,48
2024,3,11470620,신정1동,1018,1125,21,32,107
2024,3,11470630,신정2동,925,1014,21,32,89
2024,3,11470640,신정3동,1054,1210,27,45,156
2024,3,11470650,신정4동,2456,2636,63,78,180
2024,3,11470670,신정6동,639,704,16,21,65
2024,3,11470680,신정7동,769,881,17,28,112
2024,3,11500510,염창동,1328,1522,26,34,194
2024,3,11500520,등촌1동,1404,1598,27,33,194
2024,3,11500530,등촌2동,525,590,14,17,65
2024,3,11500535,등촌3동,1856,2067,42,80,211
2024,3,11500540,화곡1동,2253,2489,54,94,236
2024,3,11500550,화곡2동,580,624,17,23,44
2024,3,11500560,화곡3동,967,1111,29,32,144
2024,3,11500570,화곡4동,1104,1203,29,32,99
2024,3,11500590,화곡본동,1108,1221,30,39,113
2024,3,11500591,화곡6동,1287,1449,45,44,162
2024,3,11500593,화곡8동,989,1098,35,43,109
2024,3,11500603,가양1동,4758,5349,187,207,591
2024,3,11500604,가양2동,415,465,11,12,50
2024,3,11500605,가양3동,348,379,5,10,31
2024,3,11500611,발산1동,3785,4114,98,110,329
2024,3,11500615,우장산동,1287,1435,36,47,148
2024,3,11500620,공항동,1321,1475,22,44,154
2024,3,11500630,방화1동,1901,2115,49,81,214
2024,3,11500640,방화2동,1507,1651,17,43,144
2024,3,11500641,방화3동,513,568,7,11,55
2024,3,11530510,신도림동,1751,1974,38,44,223
2024,3,11530520,구로1동,511,565,16,13,54
2024,3,11530530,구로2동,4894,5018,47,85,124
2024,3,11530540,구로3동,3599,4057,101,123,458
2024,3,11530550,구로4동,1596,1694,41,56,98
2024,3,11530560,구로5동,2672,2924,59,75,252
2024,3,11530595,가리봉동,768,794,15,26,26
2024,3,11530720,고척1동,1281,1450,31,38,169
2024,3,11530730,고척2동,1049,1138,27,27,89
2024,3,11530740,개봉1동,1196,1314,10,25,118
2024,3,11530750,개봉2동,741,844,21,30,103
2024,3,11530760,개봉3동,671,743,12,18,72
2024,3,11530770,오류1동,904,985,13,30,81
2024,3,11530780,오류2동,1015,1147,18,33,132
2024,3,11530790,수궁동,644,713,11,20,69
2024,3,11530800,항동,371,443,18,20,72
2024,3,11545510,가산동,8336,9030,147,233,694
2024,3,11545610,독산1동,2356,2636,52,66,280
2024,3,11545620,독산2동,700,782,18,25,82
2024,3,11545630,독산3동,1304,1397,40,66,93
2024,3,11545640,독산4동,630,697,15,26,67
2024,3,11545670,시흥1동,2099,2329,70,85,230
2024,3,11545680,시흥2동,369,410,12,12,41
2024,3,11545690,시흥3동,962,994,9,20,32
2024,3,11545700,시흥4동,451,485,12,17,34
2024,3,11545710,시흥5동,727,800,19,24,73
2024,3,11560515,영등포본동,1283,1406,23,35,123
2024,3,11560535,영등포동,3842,4256,93,120,414
2024,3,11560540,여의동,5234,5887,141,157,653
2024,3,11560550,당산1동,2536,2733,66,91,197
2024,3,11560560,당산2동,1773,1993,54,69,220
2024,3,11560585,도림동,727,780,25,23,53
2024,3,11560605,문래동,2727,2958,56,70,231
2024,3,11560610,양평1동,1246,1368,31,22,122
2024,3,11560620,양평2동,1468,1614,33,32,146
2024,3,11560630,신길1동,813,881,14,28,68
2024,3,11560650,신길3동,729,782,19,19,53
2024,3,11560660,신길4동,345,393,11,8,48
2024,3,11560670,신길5동,311,343,5,14,32
2024,3,11560680,신길6동,954,1045,28,26,91
2024,3,11560690,신길7동,505,564,15,16,59
2024,3,11560700,대림1동,739,819,18,31,80
2024,3,11560710,대림2동,1301,1356,46,55,55
2024,3,11560720,대림3동,1476,1565,40,51,89
2024,3,11590510,노량진1동,1425,1622,37,44,197
2024,3,11590520,노량진2동,1470,1529,64,84,59
2024,3,11590530,상도1동,1414,1639,28,42,225
2024,3,11590540,상도2동,1077,1204,26,28,127
2024,3,11590550,상도3동,742,811,23,20,69
2024,3,11590560,상도4동,749,824,25,24,75
2024,3,11590605,흑석동,1176,1344,14,42,168
2024,3,11590620,사당1동,1493,1630,34,42,137
2024,3,11590630,사당2동,1410,1580,36,47,170
2024,3,11590640,사당3동,715,781,13,21,66
2024,3,11590650,사당4동,530,589,12,16,59
2024,3,11590651,사당5동,356,395,14,11,39
2024,3,11590660,대방동,1341,1502,30,45,161
2024,3,11590670,신대방1동,812,883,16,27,71
2024,3,11590680,신대방2동,991,1136,19,31,145
2024,3,11620525,보라매동,1234,1339,16,34,105
2024,3,11620545,청림동,392,428,12,15,36
2024,3,11620565,성현동,601,657,9,20,56
2024,3,11620575,행운동,1257,1396,39,49,139
2024,3,11620585,낙성대동,1237,1419,44,44,182
2024,3,11620595,청룡동,1684,1922,46,75,238
2024,3,11620605,은천동,1209,1352,41,40,143
2024,3,11620615,중앙동,818,925,28,31,107
2024,3,11620625,인헌동,901,996,26,34,95
2024,3,11620630,남현동,801,902,23,25,101
2024,3,11620645,서원동,1139,1355,46,48,216
2024,3,11620655,신원동,708,764,17,21,56
2024,3,11620665,서림동,687,755,14,24,68
2024,3,11620685,신사동,1102,1205,23,45,103
2024,3,11620695,신림동,1605,1775,42,61,170
2024,3,11620715,난향동,307,331,1,6,24
2024,3,11620725,조원동,1245,1362,27,38,117
2024,3,11620735,대학동,1115,1261,36,34,146
2024,3,11620745,삼성동,592,613,6,6,21
2024,3,11620765,미성동,1035,1147,18,34,112
2024,3,11620775,난곡동,599,670,20,25,71
2024,3,11650510,서초1동,3031,3255,60,76,224
2024,3,11650520,서초2동,3864,4139,71,107,275
2024,3,11650530,서초3동,6880,7262,115,169,382
2024,3,11650531,서초4동,3163,3380,65,71,217
2024,3,11650540,잠원동,1847,1979,39,52,132
2024,3,11650550,반포본동,383,394,2,11,11
2024,3,11650560,반포1동,1702,1826,45,51,124
2024,3,11650570,반포2동,448,490,9,8,42
2024,3,11650580,반포3동,1127,1205,6,29,78
2024,3,11650581,반포4동,3138,3447,33,48,309
2024,3,11650590,방배본동,1312,1397,25,31,85
2024,3,11650600,방배1동,1335,1475,31,43,140
2024,3,11650610,방배2동,1376,1501,28,36,125
2024,3,11650620,방배3동,678,729,11,11,51
2024,3,11650621,방배4동,1814,1942,33,50,128
2024,3,11650651,양재1동,2749,2997,57,75,248
2024,3,11650652,양재2동,3484,3688,53,73,204
2024,3,11650660,내곡동,888,944,18,10,56
2024,3,11680510,신사동,4087,4362,114,136,275
2024,3,11680521,논현1동,4235,4543,110,143,308
2024,3,11680531,논현2동,4604,4952,119,159,348
2024,3,11680545,압구정동,4410,4643,119,126,233
2024,3,11680565,청담동,4436,4637,101,104,201
2024,3,11680580,삼성1동,3633,3925,58,102,292
2024,3,11680590,삼성2동,3046,3266,61,79,220
2024,3,11680600,대치1동,1068,1176,23,44,108
2024,3,11680610,대치2동,2984,3235,75,68,251
2024,3,11680630,대치4동,3818,4201,103,116,383
2024,3,11680640,역삼1동,11340,12269,269,327,929
2024,3,11680650,역삼2동,3137,3358,89,99,221
2024,3,11680655,도곡1동,1312,1427,40,32,115
2024,3,11680656,도곡2동,1521,1625,24,44,104
2024,3,11680660,개포1동,199,206,7,3,7
2024,3,11680670,개포2동,943,1036,44,34,93
2024,3,11680690,개포4동,1501,1601,33,46,100
2024,3,11680700,세곡동,1276,1440,41,48,164
2024,3,11680720,일원본동,424,471,5,8,47
2024,3,11680730,일원1동,696,785,14,27,89
2024,3,11680740,일원2동,437,469,3,5,32
2024,3,11680750,수서동,787,897,15,21,110
2024,3,11710510,풍납1동,445,478,5,13,33
2024,3,11710520,풍납2동,817,891,11,22,74
2024,3,11710531,거여1동,564,617,10,19,53
2024,3,11710532,거여2동,686,779,15,22,93
2024,3,11710540,마천1동,639,684,10,19,45
2024,3,11710550,마천2동,896,968,16,24,72
2024,3,11710561,방이1동,1148,1265,23,40,117
2024,3,11710562,방이2동,2551,2810,94,77,259
2024,3,11710566,오륜동,436,496,5,10,60
2024,3,11710570,오금동,1714,1840,35,48,126
2024,3,11710580,송파1동,1861,2031,55,69,170
2024,3,11710590,송파2동,824,919,25,21,95
2024,3,11710600,석촌동,2425,2666,71,81,241
2024,3,11710610,삼전동,1577,1753,44,53,176
2024,3,11710620,가락본동,2476,2713,70,92,237
2024,3,11710631,가락1동,3507,3577,23,47,70
2024,3,11710632,가락2동,1534,1679,40,47,145
2024,3,11710641,문정1동,1136,1229,27,31,93
2024,3,11710642,문정2동,5873,6358,101,149,485
2024,3,11710646,장지동,945,1041,27,36,96
2024,3,11710647,위례동,916,1095,43,42,179
2024,3,11710650,잠실본동,2810,3171,92,109,361
2024,3,11710670,잠실2동,860,963,18,37,103
2024,3,11710680,잠실3동,1647,1804,13,17,157
2024,3,11710690,잠실4동,353,398,7,11,45
2024,3,11710710,잠실6동,1724,1937,40,56,213
2024,3,11710720,잠실7동,190,200,1,4,10
2024,3,11740515,강일동,839,990,33,36,151
2024,3,11740520,상일동,878,987,28,43,109
2024,3,11740530,명일1동,1577,1739,42,71,162
2024,3,11740540,명일2동,1009,1156,21,36,147
2024,3,11740550,고덕1동,559,633,14,21,74
2024,3,11740560,고덕2동,853,988,30,22,135
2024,3,11740570,암사1동,1300,1421,35,51,121
2024,3,11740580,암사2동,643,719,12,28,76
2024,3,11740590,암사3동,548,597,9,20,49
2024,3,11740600,천호1동,1082,1192,24,43,110
2024,3,11740610,천호2동,3018,3304,44,76,286
2024,3,11740620,천호3동,1450,1597,44,41,147
2024,3,11740640,성내1동,1249,1372,34,48,123
2024,3,11740650,성내2동,1427,1553,45,37,126
2024,3,11740660,성내3동,1917,2081,38,44,164
2024,3,11740685,길동,2839,3114,90,117,275
2024,3,11740690,둔촌1동,25,27,2,0,2
2024,3,11740700,둔촌2동,1082,1167,13,23,85
2024,4,11110515,청운효자동,913,942,14,19,29
2024,4,11110530,사직동,2662,2865,54,55,203
2024,4,11110540,삼청동,710,754,19,10,44
2024,4,11110550,부암동,439,468,5,8,29
2024,4,11110560,평창동,641,685,10,14,44
2024,4,11110570,무악동,174,193,4,7,19
2024,4,11110580,교남동,314,390,4,2,76
2024,4,11110600,가회동,613,655,12,13,42
2024,4,11110615,종로1·2·3·4가동,10001,10531,160,164,530
2024,4,11110630,종로5·6가동,1904,2003,42,32,99
2024,4,11110640,이화동,678,813,20,17,135
2024,4,11110650,혜화동,1354,1552,27,32,198
2024,4,11110670,창신1동,1603,1651,16,33,48
2024,4,11110680,창신2동,364,384,10,8,20
2024,4,11110690,창신3동,171,187,6,2,16
2024,4,11110700,숭인1동,261,288,7,8,27
2024,4,11110710,숭인2동,847,924,14,24,77
2024,4,11140520,소공동,2782,3038,23,52,256
2024,4,11140540,회현동,4853,5091,67,88,238
2024,4,11140550,명동,4257,4766,99,85,509
2024,4,11140570,필동,1138,1268,40,31,130
2024,4,11140580,장충동,500,536,7,8,36
2024,4,11140590,광희동,5071,5309,55,113,238
2024,4,11140605,을지로동,2864,2998,57,44,134
2024,4,11140615,신당동,10857,10981,38,241,124
2024,4,11140625,다산동,823,897,22,20,74
2024,4,11140635,약수동,641,700,17,23,59
2024,4,11140645,청구동,492,526,5,13,34
2024,4,11140650,신당5동,716,776,13,22,60
2024,4,11140665,동화동,529,567,12,15,38
2024,4,11140670,황학동,1335,1424,24,28,89
2024,4,11140680,중림동,653,722,14,13,69
2024,4,11170510,후암동,829,884,18,19,55
2024,4,11170520,용산2가동,594,643,19,7,49
2024,4,11170530,남영동,1199,1371,29,32,172
2024,4,11170555,청파동,1186,1348,33,35,162
2024,4,11170560,원효로1동,1595,1681,22,25,86
2024,4,11170570,원효로2동,871,924,14,13,53
2024,4,11170580,효창동,331,360,12,11,29
2024,4,11170590,용문동,538,583,9,18,45
2024,4,11170625,한강로동,4976,5314,82,80,338
2024,4,11170630,이촌1동,778,846,10,18,68
2024,4,11170640,이촌2동,297,318,5,13,21
2024,4,11170650,이태원1동,1581,1676,37,41,95
2024,4,11170660,이태원2동,830,867,18,22,37
2024,4,11170685,한남동,2301,2432,71,41,131
2024,4,11170690,서빙고동,356,384,5,7,28
2024,4,11170700,보광동,605,639,7,20,34
2024,4,11200520,왕십리2동,549,606,11,21,57
2024,4,11200535,왕십리도선동,1813,2003,37,50,190
2024,4,11200540,마장동,2307,2363,13,36,56
2024,4,11200550,사근동,700,869,15,26,169
2024,4,11200560,행당1동,1117,1269,34,33,152
2024,4,11200570,행당2동,502,572,7,13,70
2024,4,11200580,응봉동,272,293,3,2,21
2024,4,11200590,금호1가동,435,477,9,9,42
2024,4,11200615,금호2·3가동,839,924,20,20,85
2024,4,11200620,금호4가동,547,607,18,17,60
2024,4,11200645,옥수동,827,912,19,22,85
2024,4,11200650,성수1가1동,1124,1203,27,24,79
2024,4,11200660,성수1가2동,2068,2203,68,57,135
2024,4,11200670,성수2가1동,1533,1623,33,35,90
2024,4,11200690,성수2가3동,3105,3321,81,89,216
2024,4,11200720,송정동,469,485,14,15,16
2024,4,11200790,용답동,1185,1254,18,29,69
2024,4,11215710,화양동,2148,2505,73,81,357
2024,4,11215730,군자동,1295,1445,35,55,150
2024,4,11215740,중곡1동,1192,1262,24,26,70
2024,4,11215750,중곡2동,1182,1272,30,31,90
2024,4,11215760,중곡3동,829,913,22,27,84
2024,4,11215770,중곡4동,1021,1105,15,30,84
2024,4,11215780,능동,636,716,23,18,80
2024,4,11215810,광장동,1059,1179,21,31,120
2024,4,11215820,자양1동,1246,1372,21,27,126
2024,4,11215830,자양2동,1014,1099,27,28,85
2024,4,11215840,자양3동,1256,1400,19,24,144
2024,4,11215847,자양4동,1497,1611,45,50,114
2024,4,11215850,구의1동,1404,1539,30,44,135
2024,4,11215860,구의2동,969,1072,30,26,103
2024,4,11215870,구의3동,2294,2518,45,49,224
2024,4,11230536,용신동,2662,2880,49,87,218
2024,4,11230545,제기동,3098,3178,57,60,80
2024,4,11230560,전농1동,1943,2161,53,57,218
2024,4,11230570,전농2동,608,693,16,12,85
2024,4,11230600,답십리1동,1168,1297,26,36,129
2024,4,11230610,답십리2동,1638,1727,20,26,89
2024,4,11230650,장안1동,2650,2884,49,69,234
2024,4,11230660,장안2동,1980,2227,51,70,247
2024,4,11230705,청량리동,1119,1184,14,24,65
2024,4,11230710,회기동,929,1070,24,33,141
2024,4,11230720,휘경1동,725,802,15,17,77
2024,4,11230730,휘경2동,577,649,10,13,72
2024,4,11230740,이문1동,892,1023,18,35,131
2024,4,11230750,이문2동,465,506,5,8,41
2024,4,11260520,면목2동,1103,1171,32,26,68
2024,4,11260540,면목4동,569,617,8,11,48
2024,4,11260550,면목5동,455,496,13,8,41
2024,4,11260565,면목본동,1618,1733,43,55,115
2024,4,11260570,면목7동,956,1026,26,46,70
2024,4,11260575,면목3·8동,1344,1467,30,37,123
2024,4,11260580,상봉1동,835,935,25,32,100
2024,4,11260590,상봉2동,1662,1845,52,53,183
2024,4,11260600,중화1동,626,678,15,20,52
2024,4,11260610,중화2동,1231,1338,30,32,107
2024,4,11260620,묵1동,1063,1183,28,26,120
2024,4,11260630,묵2동,933,1000,23,28,67
2024,4,11260655,망우본동,1921,2135,57,52,214
2024,4,11260660,망우3동,527,569,14,18,42
2024,4,11260680,신내1동,1234,1408,23,34,174
2024,4,11260690,신내2동,719,812,15,26,93
2024,4,11290525,성북동,1008,1070,21,19,62
2024,4,11290555,삼선동,1462,1579,26,34,117
2024,4,11290575,동선동,1720,1971,65,69,251
2024,4,11290580,돈암1동,362,384,3,9,22
2024,4,11290590,돈암2동,452,495,9,15,43
2024,4,11290600,안암동,997,1207,32,32,210
2024,4,11290610,보문동,733,789,20,21,56
2024,4,11290620,정릉1동,550,605,7,15,55
2024,4,11290630,정릉2동,646,720,14,22,74
2024,4,11290640,정릉3동,489,533,11,6,44
2024,4,11290650,정릉4동,653,721,11,28,68
2024,4,11290660,길음1동,918,1051,21,25,133
2024,4,11290685,길음2동,1123,1233,19,36,110
2024,4,11290705,종암동,1293,1444,33,51,151
2024,4,11290715,월곡1동,850,950,22,28,100
2024,4,11290725,월곡2동,1007,1150,29,19,143
2024,4,11290760,장위1동,668,730,17,27,62
2024,4,11290770,장위2동,686,722,8,16,36
2024,4,11290780,장위3동,395,449,9,15,54
2024,4,11290810,석관동,1342,1484,33,40,142
2024,4,11305534,삼양동,643,708,22,13,65
2024,4,11305535,미아동,1197,1310,25,35,113
2024,4,11305545,송중동,1629,1820,38,60,191
2024,4,11305555,송천동,1263,1379,26,34,116
2024,4,11305575,삼각산동,718,811,16,40,93
2024,4,11305595,번1동,1260,1387,55,54,127
2024,4,11305603,번2동,323,345,7,8,22
2024,4,11305608,번3동,370,418,10,19,48
2024,4,11305615,수유1동,1022,1091,24,34,69
2024,4,11305625,수유2동,855,921,19,28,66
2024,4,11305635,수유3동,2028,2252,82,113,224
2024,4,11305645,우이동,787,854,19,24,67
2024,4,11305660,인수동,968,1048,15,36,80
2024,4,11320511,창1동,738,817,25,26,79
2024,4,11320512,창2동,865,930,16,23,65
2024,4,11320513,창3동,582,630,17,24,48
2024,4,11320514,창4동,932,1052,22,31,120
2024,4,11320515,창5동,1243,1390,39,28,147
2024,4,11320521,도봉1동,1037,1140,22,26,103
2024,4,11320522,도봉2동,905,963,17,27,58
2024,4,11320660,쌍문1동,519,575,7,14,56
2024,4,11320670,쌍문2동,872,964,14,24,92
2024,4,11320680,쌍문3동,725,800,12,16,75
2024,4,11320681,쌍문4동,428,479,8,7,51
2024,4,11320690,방학1동,1625,1829,41,49,204
2024,4,11320700,방학2동,747,795,10,25,48
2024,4,11320710,방학3동,499,552,5,11,53
2024,4,11350560,월계1동,918,1065,22,27,147
2024,4,11350570,월계2동,476,529,8,14,53
2024,4,11350580,월계3동,600,685,9,23,85
2024,4,11350595,공릉1동,2074,2316,54,73,242
2024,4,11350600,공릉2동,1323,1537,41,46,214
2024,4,11350611,하계1동,759,859,16,16,100
2024,4,11350612,하계2동,285,313,5,9,28
2024,4,11350619,중계본동,1123,1229,23,28,106
2024,4,11350621,중계1동,861,1004,17,26,143
2024,4,11350624,중계4동,813,903,20,30,90
2024,4,11350625,중계2·3동,1097,1222,15,29,125
2024,4,11350630,상계1동,1335,1496,24,31,161
2024,4,11350640,상계2동,2481,2742,54,81,261
2024,4,11350665,상계3·4동,882,938,17,36,56
2024,4,11350670,상계5동,1240,1320,23,39,80
2024,4,11350695,상계6·7동,1485,1683,33,37,198
2024,4,11350700,상계8동,387,434,6,6,47
2024,4,11350710,상계9동,432,481,11,9,49
2024,4,11350720,상계10동,361,398,11,6,37
2024,4,11380510,녹번동,1270,1397,31,32,127
2024,4,11380520,불광1동,1213,1345,17,43,132
2024,4,11380530,불광2동,1054,1114,17,23,60
2024,4,11380551,갈현1동,1121,1239,40,62,118
2024,4,11380552,갈현2동,1318,1462,29,45,144
2024,4,11380560,구산동,822,895,13,30,73
2024,4,11380570,대조동,2128,2326,53,65,198
2024,4,11380580,응암1동,1395,1591,34,47,196
2024,4,11380590,응암2동,646,707,20,25,61
2024,4,11380600,응암3동,1435,1563,39,45,128
2024,4,11380625,역촌동,1856,2050,55,59,194
2024,4,11380631,신사1동,926,1026,26,18,100
2024,4,11380632,신사2동,548,587,8,15,39
2024,4,11380640,증산동,621,670,10,16,49
2024,4,11380650,수색동,462,515,15,22,53
2024,4,11380690,진관동,1863,2165,59,69,302
2024,4,11410520,천연동,576,634,8,12,58
2024,4,11410555,북아현동,621,689,10,17,68
2024,4,11410565,충현동,1124,1241,29,31,117
2024,4,11410585,신촌동,3360,3860,84,101,500
2024,4,11410615,연희동,1880,2011,53,48,131
2024,4,11410620,홍제1동,700,793,13,27,93
2024,4,11410640,홍제3동,818,890,13,24,72
2024,4,11410655,홍제2동,421,466,6,10,45
2024,4,11410660,홍은1동,686,743,14,14,57
2024,4,11410685,홍은2동,823,923,21,32,100
2024,4,11410690,남가좌1동,562,636,19,15,74
2024,4,11410700,남가좌2동,1105,1267,35,37,162
2024,4,11410710,북가좌1동,412,466,11,23,54
2024,4,11410720,북가좌2동,1078,1199,26,28,121
2024,4,11440555,아현동,1281,1411,28,21,130
2024,4,11440565,공덕동,1780,1942,41,53,162
2024,4,11440585,도화동,1403,1559,39,34,156
2024,4,11440590,용강동,1608,1774,42,43,166
2024,4,11440600,대흥동,1309,1460,35,41,151
2024,4,11440610,염리동,682,767,14,20,85
2024,4,11440630,신수동,1020,1093,30,23,73
2024,4,11440655,서강동,1638,1782,43,59,144
2024,4,11440660,서교동,8249,8985,259,286,736
2024,4,11440680,합정동,1946,2092,51,52,146
2024,4,11440690,망원1동,1713,1822,61,37,109
2024,4,11440700,망원2동,1134,1221,31,33,87
2024,4,11440710,연남동,2316,2402,68,68,86
2024,4,11440720,성산1동,1111,1185,31,34,74
2024,4,11440730,성산2동,1413,1560,28,26,147
2024,4,11440740,상암동,1749,2095,52,46,346
2024,4,11470510,목1동,2620,2979,43,81,359
2024,4,11470520,목2동,985,1072,30,31,87
2024,4,11470530,목3동,1064,1156,26,36,92
2024,4,11470540,목4동,1128,1238,32,40,110
2024,4,11470550,목5동,1483,1670,28,42,187
2024,4,11470560,신월1동,1036,1108,24,32,72
2024,4,11470570,신월2동,637,689,18,11,52
2024,4,11470580,신월3동,502,552,13,11,50
2024,4,11470590,신월4동,667,733,13,22,66
2024,4,11470600,신월5동,575,631,17,20,56
2024,4,11470610,신월6동,510,563,10,14,53
2024,4,11470611,신월7동,664,714,16,10,50
2024,4,11470620,신정1동,1003,1111,25,40,108
2024,4,11470630,신정2동,918,1007,16,23,89
2024,4,11470640,신정3동,1046,1202,19,28,156
2024,4,11470650,신정4동,2429,2607,52,78,178
2024,4,11470670,신정6동,640,706,10,8,66
2024,4,11470680,신정7동,770,876,17,23,106
2024,4,11500510,염창동,1332,1529,39,33,197
2024,4,11500520,등촌1동,1387,1580,34,53,193
2024,4,11500530,등촌2동,521,584,15,21,63
2024,4,11500535,등촌3동,1838,2046,25,45,208
2024,4,11500540,화곡1동,2229,2464,76,100,235
2024,4,11500550,화곡2동,585,624,19,19,39
2024,4,11500560,화곡3동,962,1105,24,29,143
2024,4,11500570,화곡4동,1103,1201,33,35,98
2024,4,11500590,화곡본동,1100,1212,18,27,112
2024,4,11500591,화곡6동,1278,1438,43,54,160
2024,4,11500593,화곡8동,981,1092,33,39,111
2024,4,11500603,가양1동,4744,5339,162,168,595
2024,4,11500604,가양2동,404,454,3,14,50
2024,4,11500605,가양3동,341,372,2,9,31
2024,4,11500611,발산1동,3807,4135,117,96,328
2024,4,11500615,우장산동,1272,1417,26,45,145
2024,4,11500620,공항동,1324,1479,34,31,155
2024,4,11500630,방화1동,1888,2102,61,74,214
2024,4,11500640,방화2동,1499,1643,21,29,144
2024,4,11500641,방화3동,506,561,9,16,55
2024,4,11530510,신도림동,1740,1964,26,36,224
2024,4,11530520,구로1동,516,566,15,14,50
2024,4,11530530,구로2동,4872,4996,42,63,124
2024,4,11530540,구로3동,3586,4045,94,105,459
2024,4,11530550,구로4동,1597,1695,56,55,98
2024,4,11530560,구로5동,2651,2898,38,63,247
2024,4,11530595,가리봉동,768,794,22,22,26
2024,4,11530720,고척1동,1259,1424,35,60,165
2024,4,11530730,고척2동,1039,1128,23,33,89
2024,4,11530740,개봉1동,1198,1317,33,30,119
2024,4,11530750,개봉2동,734,838,17,23,104
2024,4,11530760,개봉3동,674,743,27,27,69
2024,4,11530770,오류1동,898,977,16,24,79
2024,4,11530780,오류2동,1000,1129,13,31,129
2024,4,11530790,수궁동,634,702,6,17,68
2024,4,11530800,항동,372,444,17,15,72
2024,4,11545510,가산동,8291,8989,161,201,698
2024,4,11545610,독산1동,2323,2602,46,80,279
2024,4,11545620,독산2동,695,775,12,19,80
2024,4,11545630,독산3동,1301,1397,36,36,96
2024,4,11545640,독산4동,623,688,16,25,65
2024,4,11545670,시흥1동,2081,2310,41,61,229
2024,4,11545680,시흥2동,373,413,11,8,40
2024,4,11545690,시흥3동,954,988,9,15,34
2024,4,11545700,시흥4동,450,483,9,11,33
2024,4,11545710,시흥5동,722,792,9,18,70
2024,4,11560515,영등포본동,1279,1400,35,41,121
2024,4,11560535,영등포동,3839,4248,90,96,409
2024,4,11560540,여의동,5256,5898,129,119,642
2024,4,11560550,당산1동,2540,2736,75,72,196
2024,4,11560560,당산2동,1791,2002,55,45,211
2024,4,11560585,도림동,718,773,14,21,55
2024,4,11560605,문래동,2743,2970,70,58,227
2024,4,11560610,양평1동,1248,1369,31,30,121
2024,4,11560620,양평2동,1466,1612,32,35,146
2024,4,11560630,신길1동,812,880,21,24,68
2024,4,11560650,신길3동,716,770,13,25,54
2024,4,11560660,신길4동,348,393,14,14,45
2024,4,11560670,신길5동,306,337,6,12,31
2024,4,11560680,신길6동,954,1047,23,21,93
2024,4,11560690,신길7동,504,566,15,13,62
2024,4,11560700,대림1동,733,814,15,20,81
2024,4,11560710,대림2동,1281,1335,29,50,54
2024,4,11560720,대림3동,1468,1554,43,55,86
2024,4,11590510,노량진1동,1427,1625,40,37,198
2024,4,11590520,노량진2동,1452,1511,22,40,59
2024,4,11590530,상도1동,1407,1629,36,46,222
2024,4,11590540,상도2동,1074,1204,28,28,130
2024,4,11590550,상도3동,734,805,12,18,71
2024,4,11590560,상도4동,737,812,8,20,75
2024,4,11590605,흑석동,1180,1350,35,29,170
2024,4,11590620,사당1동,1492,1630,40,40,138
2024,4,11590630,사당2동,1390,1557,33,55,167
2024,4,11590640,사당3동,707,772,12,20,65
2024,4,11590650,사당4동,527,584,12,17,57
2024,4,11590651,사당5동,358,397,11,9,39
2024,4,11590660,대방동,1336,1498,37,41,162
2024,4,11590670,신대방1동,814,883,21,21,69
2024,4,11590680,신대방2동,983,1128,22,30,145
2024,4,11620525,보라매동,1219,1323,16,32,104
2024,4,11620545,청림동,387,421,9,16,34
2024,4,11620565,성현동,594,649,6,14,55
2024,4,11620575,행운동,1263,1403,30,23,140
2024,4,11620585,낙성대동,1225,1402,39,56,177
2024,4,11620595,청룡동,1675,1907,43,58,232
2024,4,11620605,은천동,1210,1350,34,36,140
2024,4,11620615,중앙동,821,926,25,24,105
2024,4,11620625,인헌동,892,983,21,34,91
2024,4,11620630,남현동,787,886,14,29,99
2024,4,11620645,서원동,1126,1337,38,57,211
2024,4,11620655,신원동,702,757,13,20,55
2024,4,11620665,서림동,672,740,11,26,68
2024,4,11620685,신사동,1087,1189,31,47,102
2024,4,11620695,신림동,1597,1767,47,56,170
2024,4,11620715,난향동,310,333,9,7,23
2024,4,11620725,조원동,1243,1359,31,34,116
2024,4,11620735,대학동,1107,1252,27,36,145
2024,4,11620745,삼성동,583,604,4,13,21
2024,4,11620765,미성동,1031,1141,19,25,110
2024,4,11620775,난곡동,589,654,9,24,65
2024,4,11650510,서초1동,3032,3258,59,56,226
2024,4,11650520,서초2동,3843,4122,71,88,279
2024,4,11650530,서초3동,6876,7257,119,127,381
2024,4,11650531,서초4동,3166,3379,61,62,213
2024,4,11650540,잠원동,1836,1964,30,44,128
2024,4,11650550,반포본동,377,386,2,10,9
2024,4,11650560,반포1동,1706,1833,44,37,127
2024,4,11650570,반포2동,458,500,17,7,42
2024,4,11650580,반포3동,1115,1195,15,25,80
2024,4,11650581,반포4동,3125,3436,42,53,311
2024,4,11650590,방배본동,1317,1402,26,20,85
2024,4,11650600,방배1동,1326,1466,23,32,140
2024,4,11650610,방배2동,1367,1490,23,34,123
2024,4,11650620,방배3동,682,729,14,13,47
2024,4,11650621,방배4동,1815,1943,44,43,128
2024,4,11650651,양재1동,2750,3001,64,59,251
2024,4,11650652,양재2동,3455,3659,48,76,204
2024,4,11650660,내곡동,895,951,20,13,56
2024,4,11680510,신사동,4089,4355,95,104,266
2024,4,11680521,논현1동,4217,4512,109,137,295
2024,4,11680531,논현2동,4603,4952,112,114,349
2024,4,11680545,압구정동,4432,4664,121,102,232
2024,4,11680565,청담동,4463,4665,101,71,202
2024,4,11680580,삼성1동,3628,3921,62,66,293
2024,4,11680590,삼성2동,3041,3270,74,68,229
2024,4,11680600,대치1동,1050,1158,17,35,108
2024,4,11680610,대치2동,2984,3239,58,55,255
2024,4,11680630,대치4동,3797,4178,106,127,381
2024,4,11680640,역삼1동,11339,12263,267,268,924
2024,4,11680650,역삼2동,3137,3361,88,85,224
2024,4,11680655,도곡1동,1318,1437,41,31,119
2024,4,11680656,도곡2동,1531,1634,30,22,103
2024,4,11680660,개포1동,196,204,5,6,8
2024,4,11680670,개포2동,954,1050,30,17,96
2024,4,11680690,개포4동,1481,1584,34,52,103
2024,4,11680700,세곡동,1265,1429,28,39,164
2024,4,11680720,일원본동,424,471,7,7,47
2024,4,11680730,일원1동,691,782,18,21,91
2024,4,11680740,일원2동,434,466,4,7,32
2024,4,11680750,수서동,783,894,14,16,111
2024,4,11710510,풍납1동,445,477,9,10,32
2024,4,11710520,풍납2동,812,885,11,17,73
2024,4,11710531,거여1동,564,614,10,13,50
2024,4,11710532,거여2동,687,780,19,18,93
2024,4,11710540,마천1동,618,660,5,29,42
2024,4,11710550,마천2동,893,967,15,16,74
2024,4,11710561,방이1동,1158,1276,33,22,118
2024,4,11710562,방이2동,2560,2810,81,81,250
2024,4,11710566,오륜동,438,500,9,5,62
2024,4,11710570,오금동,1715,1837,44,47,122
2024,4,11710580,송파1동,1863,2032,52,50,169
2024,4,11710590,송파2동,823,918,27,29,95
2024,4,11710600,석촌동,2411,2649,63,79,238
2024,4,11710610,삼전동,1583,1758,47,42,175
2024,4,11710620,가락본동,2458,2692,66,87,234
2024,4,11710631,가락1동,3500,3574,31,34,74
2024,4,11710632,가락2동,1535,1678,40,41,143
2024,4,11710641,문정1동,1129,1218,33,44,89
2024,4,11710642,문정2동,5838,6316,106,145,478
2024,4,11710646,장지동,945,1040,17,18,95
2024,4,11710647,위례동,919,1100,43,37,181
2024,4,11710650,잠실본동,2783,3144,75,102,361
2024,4,11710670,잠실2동,855,958,12,17,103
2024,4,11710680,잠실3동,1613,1767,10,47,154
2024,4,11710690,잠실4동,348,394,2,6,46
2024,4,11710710,잠실6동,1710,1931,27,33,221
2024,4,11710720,잠실7동,188,198,1,3,10
2024,4,11740515,강일동,836,991,27,27,155
2024,4,11740520,상일동,874,982,25,30,108
2024,4,11740530,명일1동,1551,1710,35,64,159
2024,4,11740540,명일2동,1007,1152,29,33,145
2024,4,11740550,고덕1동,554,628,10,15,74
2024,4,11740560,고덕2동,853,988,35,36,135
2024,4,11740570,암사1동,1292,1415,35,40,123
2024,4,11740580,암사2동,638,713,11,17,75
2024,4,11740590,암사3동,543,596,12,13,53
2024,4,11740600,천호1동,1073,1183,25,32,110
2024,4,11740610,천호2동,2992,3270,55,89,278
2024,4,11740620,천호3동,1438,1580,27,44,142
2024,4,11740640,성내1동,1244,1367,22,27,123
2024,4,11740650,성내2동,1424,1549,37,42,125
2024,4,11740660,성내3동,1903,2070,54,66,167
2024,4,11740685,길동,2829,3103,70,81,274
2024,4,11740690,둔촌1동,28,32,6,0,4
2024,4,11740700,둔촌2동,1081,1165,20,23,84
2025,1,11110515,청운효자동,907,935,16,22,28
2025,1,11110530,사직동,2649,2856,56,68,207
2025,1,11110540,삼청동,705,750,15,19,45
2025,1,11110550,부암동,438,468,11,11,30
2025,1,11110560,평창동,628,669,2,18,41
2025,1,11110570,무악동,167,187,3,9,20
2025,1,11110580,교남동,306,381,5,14,75
2025,1,11110600,가회동,615,658,18,14,43
2025,1,11110615,종로1?2?3?4가동,9922,10445,134,212,523
2025,1,11110630,종로5?6가동,1884,1982,33,54,98
2025,1,11110640,이화동,673,809,16,18,136
2025,1,11110650,혜화동,1343,1543,31,40,200
2025,1,11110670,창신1동,1563,1611,15,56,48
2025,1,11110680,창신2동,357,377,6,12,20
2025,1,11110690,창신3동,165,180,3,10,15
2025,1,11110700,숭인1동,259,286,4,6,27
2025,1,11110710,숭인2동,833,908,14,28,75
2025,1,11140520,소공동,2752,3004,33,67,252
2025,1,11140540,회현동,4781,5014,46,120,233
2025,1,11140550,명동,4242,4745,75,95,503
2025,1,11140570,필동,1144,1274,31,24,130
2025,1,11140580,장충동,495,533,8,11,38
2025,1,11140590,광희동,5011,5248,52,110,237
2025,1,11140605,을지로동,2856,2985,44,57,129
2025,1,11140615,신당동,10604,10726,37,284,122
2025,1,11140625,다산동,813,888,14,25,75
2025,1,11140635,약수동,641,699,16,17,58
2025,1,11140645,청구동,476,506,4,23,30
2025,1,11140650,신당5동,715,772,10,14,57
2025,1,11140665,동화동,522,560,8,15,38
2025,1,11140670,황학동,1325,1413,21,30,88
2025,1,11140680,중림동,642,708,6,18,66
2025,1,11170510,후암동,818,875,14,21,57
2025,1,11170520,용산2가동,588,633,18,28,45
2025,1,11170530,남영동,1188,1359,25,38,171
2025,1,11170555,청파동,1175,1338,24,34,163
2025,1,11170560,원효로1동,1574,1655,18,46,81
2025,1,11170570,원효로2동,861,915,12,22,54
2025,1,11170580,효창동,329,358,6,8,29
2025,1,11170590,용문동,526,572,9,20,46
2025,1,11170625,한강로동,4916,5255,67,121,339
2025,1,11170630,이촌1동,753,818,7,34,65
2025,1,11170640,이촌2동,287,307,6,17,20
2025,1,11170650,이태원1동,1570,1663,28,41,93
2025,1,11170660,이태원2동,829,865,18,20,36
2025,1,11170685,한남동,2285,2409,48,70,124
2025,1,11170690,서빙고동,353,381,4,7,28
2025,1,11170700,보광동,582,614,3,28,32
2025,1,11200520,왕십리2동,546,603,16,18,57
2025,1,11200535,왕십리도선동,1786,1975,38,66,189
2025,1,11200540,마장동,2275,2329,13,45,54
2025,1,11200550,사근동,698,859,21,31,161
2025,1,11200560,행당1동,1100,1247,20,41,147
2025,1,11200570,행당2동,504,574,14,13,70
2025,1,11200580,응봉동,268,290,4,7,22
2025,1,11200590,금호1가동,424,464,9,23,40
2025,1,11200615,금호2?3가동,821,907,10,27,86
2025,1,11200620,금호4가동,537,596,8,18,59
2025,1,11200645,옥수동,816,903,12,21,87
2025,1,11200650,성수1가1동,1102,1181,21,41,79
2025,1,11200660,성수1가2동,2063,2199,51,55,136
2025,1,11200670,성수2가1동,1528,1620,30,33,92
2025,1,11200690,성수2가3동,3090,3302,78,93,212
2025,1,11200720,송정동,468,483,13,16,15
2025,1,11200790,용답동,1171,1240,12,25,69
2025,1,11215710,화양동,2119,2468,58,94,349
2025,1,11215730,군자동,1271,1422,32,55,151
2025,1,11215740,중곡1동,1179,1250,21,34,71
2025,1,11215750,중곡2동,1168,1254,21,39,86
2025,1,11215760,중곡3동,802,888,13,37,86
2025,1,11215770,중곡4동,1007,1090,22,37,83
2025,1,11215780,능동,629,706,9,19,77
2025,1,11215810,광장동,1042,1159,27,46,117
2025,1,11215820,자양1동,1234,1359,26,39,125
2025,1,11215830,자양2동,993,1078,17,39,85
2025,1,11215840,자양3동,1225,1371,15,43,146
2025,1,11215847,자양4동,1477,1589,27,51,112
2025,1,11215850,구의1동,1404,1536,29,32,132
2025,1,11215860,구의2동,951,1049,22,44,98
2025,1,11215870,구의3동,2256,2474,37,78,218
2025,1,11230536,용신동,2629,2846,42,75,217
2025,1,11230545,제기동,3081,3158,52,68,77
2025,1,11230560,전농1동,1950,2167,55,48,217
2025,1,11230570,전농2동,597,679,7,20,82
2025,1,11230600,답십리1동,1146,1272,18,43,126
2025,1,11230610,답십리2동,1620,1703,20,43,83
2025,1,11230650,장안1동,2615,2851,54,85,236
2025,1,11230660,장안2동,1973,2220,52,56,247
2025,1,11230705,청량리동,1117,1179,20,26,62
2025,1,11230710,회기동,912,1051,29,46,139
2025,1,11230720,휘경1동,687,763,14,52,76
2025,1,11230730,휘경2동,562,629,10,30,67
2025,1,11230740,이문1동,885,1017,54,60,132
2025,1,11230750,이문2동,456,494,15,27,38
2025,1,11260520,면목2동,1071,1140,15,44,69
2025,1,11260540,면목4동,559,603,12,25,44
2025,1,11260550,면목5동,444,484,8,20,40
2025,1,11260565,면목본동,1583,1696,21,57,113
2025,1,11260570,면목7동,936,1004,22,42,68
2025,1,11260575,면목3?8동,1317,1443,35,58,126
2025,1,11260580,상봉1동,830,931,25,29,101
2025,1,11260590,상봉2동,1645,1822,43,63,177
2025,1,11260600,중화1동,617,669,12,21,52
2025,1,11260610,중화2동,1214,1316,27,50,102
2025,1,11260620,묵1동,1040,1158,13,38,118
2025,1,11260630,묵2동,913,979,21,40,66
2025,1,11260655,망우본동,1917,2132,55,60,215
2025,1,11260660,망우3동,521,561,9,17,40
2025,1,11260680,신내1동,1229,1393,26,40,164
2025,1,11260690,신내2동,703,795,15,31,92
2025,1,11290525,성북동,988,1047,17,38,59
2025,1,11290555,삼선동,1456,1572,27,35,116
2025,1,11290575,동선동,1713,1966,54,57,253
2025,1,11290580,돈암1동,355,377,4,11,22
2025,1,11290590,돈암2동,439,482,8,21,43
2025,1,11290600,안암동,996,1210,35,32,214
2025,1,11290610,보문동,721,776,17,28,55
2025,1,11290620,정릉1동,544,598,7,13,54
2025,1,11290630,정릉2동,637,710,14,24,73
2025,1,11290640,정릉3동,489,533,11,11,44
2025,1,11290650,정릉4동,632,701,7,26,69
2025,1,11290660,길음1동,909,1040,21,31,131
2025,1,11290685,길음2동,1100,1212,21,39,112
2025,1,11290705,종암동,1280,1430,29,41,150
2025,1,11290715,월곡1동,841,940,27,37,99
2025,1,11290725,월곡2동,989,1131,23,42,142
2025,1,11290760,장위1동,661,723,11,18,62
2025,1,11290770,장위2동,669,706,6,21,37
2025,1,11290780,장위3동,389,443,5,11,54
2025,1,11290810,석관동,1310,1452,23,55,142
2025,1,11305534,삼양동,635,699,17,27,64
2025,1,11305535,미아동,1175,1289,27,46,114
2025,1,11305545,송중동,1606,1800,36,53,194
2025,1,11305555,송천동,1225,1339,19,58,114
2025,1,11305575,삼각산동,703,791,10,30,88
2025,1,11305595,번1동,1249,1373,34,45,124
2025,1,11305603,번2동,311,333,0,12,22
2025,1,11305608,번3동,365,410,7,15,45
2025,1,11305615,수유1동,1003,1070,14,37,67
2025,1,11305625,수유2동,844,907,15,29,63
2025,1,11305635,수유3동,1998,2225,49,75,227
2025,1,11305645,우이동,776,841,23,36,65
2025,1,11305660,인수동,952,1029,17,36,77
2025,1,11320511,창1동,731,808,18,28,77
2025,1,11320512,창2동,859,923,23,29,64
2025,1,11320513,창3동,572,622,14,23,50
2025,1,11320514,창4동,917,1035,26,43,118
2025,1,11320515,창5동,1299,1446,112,53,147
2025,1,11320521,도봉1동,1027,1130,23,34,103
2025,1,11320522,도봉2동,896,955,18,24,59
2025,1,11320660,쌍문1동,517,572,11,15,55
2025,1,11320670,쌍문2동,873,966,25,24,93
2025,1,11320680,쌍문3동,706,779,8,27,73
2025,1,11320681,쌍문4동,418,468,7,18,50
2025,1,11320690,방학1동,1605,1811,34,49,206
2025,1,11320700,방학2동,725,773,14,35,48
2025,1,11320710,방학3동,490,543,7,16,53
2025,1,11350560,월계1동,916,1062,19,23,146
2025,1,11350570,월계2동,468,521,12,20,53
2025,1,11350580,월계3동,596,681,8,12,85
2025,1,11350595,공릉1동,2052,2289,50,75,237
2025,1,11350600,공릉2동,1303,1519,35,53,216
2025,1,11350611,하계1동,728,824,14,48,96
2025,1,11350612,하계2동,281,309,7,12,28
2025,1,11350619,중계본동,1107,1211,18,35,104
2025,1,11350621,중계1동,849,991,21,33,142
2025,1,11350624,중계4동,791,882,15,32,91
2025,1,11350625,중계2?3동,1069,1195,9,37,126
2025,1,11350630,상계1동,1316,1478,29,47,162
2025,1,11350640,상계2동,2447,2703,49,86,256
2025,1,11350665,상계3?4동,868,920,7,26,52
2025,1,11350670,상계5동,1203,1283,29,64,80
2025,1,11350695,상계6?7동,1454,1651,30,58,197
2025,1,11350700,상계8동,382,425,6,15,43
2025,1,11350710,상계9동,426,472,7,16,46
2025,1,11350720,상계10동,351,388,11,16,37
2025,1,11380510,녹번동,1247,1372,27,51,125
2025,1,11380520,불광1동,1198,1332,18,32,134
2025,1,11380530,불광2동,1035,1095,17,36,60
2025,1,11380551,갈현1동,1087,1200,23,61,113
2025,1,11380552,갈현2동,1299,1440,38,58,141
2025,1,11380560,구산동,805,877,12,30,72
2025,1,11380570,대조동,2081,2278,34,82,197
2025,1,11380580,응암1동,1359,1550,25,65,191
2025,1,11380590,응암2동,633,693,15,30,60
2025,1,11380600,응암3동,1408,1534,25,52,126
2025,1,11380625,역촌동,1832,2029,40,61,197
2025,1,11380631,신사1동,904,1003,20,42,99
2025,1,11380632,신사2동,531,569,8,26,38
2025,1,11380640,증산동,612,665,16,21,53
2025,1,11380650,수색동,453,504,8,18,51
2025,1,11380690,진관동,1843,2142,39,61,299
2025,1,11410520,천연동,570,628,8,14,58
2025,1,11410555,북아현동,613,681,10,19,68
2025,1,11410565,충현동,1114,1227,20,33,113
2025,1,11410585,신촌동,3288,3780,63,141,492
2025,1,11410615,연희동,1859,1992,45,65,133
2025,1,11410620,홍제1동,685,776,12,28,91
2025,1,11410640,홍제3동,798,873,19,33,75
2025,1,11410655,홍제2동,410,455,10,18,45
2025,1,11410660,홍은1동,675,731,10,22,56
2025,1,11410685,홍은2동,803,903,12,32,100
2025,1,11410690,남가좌1동,559,632,9,13,73
2025,1,11410700,남가좌2동,1082,1245,16,35,163
2025,1,11410710,북가좌1동,407,460,12,19,53
2025,1,11410720,북가좌2동,1056,1176,22,46,120
2025,1,11440555,아현동,1262,1393,25,43,131
2025,1,11440565,공덕동,1766,1925,31,48,159
2025,1,11440585,도화동,1386,1540,27,46,154
2025,1,11440590,용강동,1588,1746,21,50,158
2025,1,11440600,대흥동,1296,1444,26,41,148
2025,1,11440610,염리동,676,761,20,23,85
2025,1,11440630,신수동,1010,1081,30,40,71
2025,1,11440655,서강동,1601,1751,36,66,150
2025,1,11440660,서교동,8133,8870,233,339,737
2025,1,11440680,합정동,1932,2075,43,57,143
2025,1,11440690,망원1동,1683,1794,40,68,111
2025,1,11440700,망원2동,1123,1209,19,31,86
2025,1,11440710,연남동,2300,2385,82,95,85
2025,1,11440720,성산1동,1084,1157,21,46,73
2025,1,11440730,성산2동,1401,1547,30,43,146
2025,1,11440740,상암동,1737,2080,57,74,343
2025,1,11470510,목1동,2586,2942,38,74,356
2025,1,11470520,목2동,960,1049,12,33,89
2025,1,11470530,목3동,1052,1144,24,34,92
2025,1,11470540,목4동,1111,1219,22,40,108
2025,1,11470550,목5동,1471,1659,33,45,188
2025,1,11470560,신월1동,1031,1102,18,24,71
2025,1,11470570,신월2동,629,681,8,15,52
2025,1,11470580,신월3동,502,556,22,16,54
2025,1,11470590,신월4동,666,732,10,10,66
2025,1,11470600,신월5동,559,612,12,29,53
2025,1,11470610,신월6동,496,551,12,24,55
2025,1,11470611,신월7동,661,707,12,19,46
2025,1,11470620,신정1동,1002,1107,26,31,105
2025,1,11470630,신정2동,914,1004,17,21,90
2025,1,11470640,신정3동,1027,1183,21,40,156
2025,1,11470650,신정4동,2385,2559,59,108,174
2025,1,11470670,신정6동,635,700,19,25,65
2025,1,11470680,신정7동,757,862,10,25,105
2025,1,11500510,염창동,1314,1501,33,60,187
2025,1,11500520,등촌1동,1370,1560,29,47,190
2025,1,11500530,등촌2동,507,566,9,27,59
2025,1,11500535,등촌3동,1806,2012,32,65,206
2025,1,11500540,화곡1동,2176,2407,49,106,231
2025,1,11500550,화곡2동,572,611,12,25,39
2025,1,11500560,화곡3동,951,1094,24,35,143
2025,1,11500570,화곡4동,1085,1183,30,47,98
2025,1,11500590,화곡본동,1086,1199,23,36,113
2025,1,11500591,화곡6동,1257,1415,33,56,158
2025,1,11500593,화곡8동,965,1075,23,40,110
2025,1,11500603,가양1동,4665,5254,128,216,589
2025,1,11500604,가양2동,405,453,8,9,48
2025,1,11500605,가양3동,332,363,3,12,31
2025,1,11500611,발산1동,3750,4066,88,151,316
2025,1,11500615,우장산동,1265,1413,36,39,148
2025,1,11500620,공항동,1302,1452,29,53,150
2025,1,11500630,방화1동,1869,2091,57,67,222
2025,1,11500640,방화2동,1462,1605,20,58,143
2025,1,11500641,방화3동,498,550,9,20,52
2025,1,11530510,신도림동,1729,1951,32,45,222
2025,1,11530520,구로1동,512,562,7,11,50
2025,1,11530530,구로2동,4809,4930,30,93,121
2025,1,11530540,구로3동,3510,3956,60,144,446
2025,1,11530550,구로4동,1570,1664,23,54,94
2025,1,11530560,구로5동,2608,2854,28,72,246
2025,1,11530595,가리봉동,741,765,10,37,24
2025,1,11530720,고척1동,1255,1414,33,43,159
2025,1,11530730,고척2동,1027,1115,20,33,88
2025,1,11530740,개봉1동,1189,1308,25,34,119
2025,1,11530750,개봉2동,731,842,31,27,111
2025,1,11530760,개봉3동,659,730,14,26,71
2025,1,11530770,오류1동,879,958,11,30,79
2025,1,11530780,오류2동,979,1106,18,41,127
2025,1,11530790,수궁동,628,696,11,17,68
2025,1,11530800,항동,363,433,6,16,70
2025,1,11545510,가산동,8131,8827,113,266,696
2025,1,11545610,독산1동,2295,2564,41,77,269
2025,1,11545620,독산2동,687,767,11,19,80
2025,1,11545630,독산3동,1275,1368,29,54,93
2025,1,11545640,독산4동,616,681,10,17,65
2025,1,11545670,시흥1동,2056,2282,46,70,226
2025,1,11545680,시흥2동,364,403,8,18,39
2025,1,11545690,시흥3동,947,982,8,13,35
2025,1,11545700,시흥4동,435,468,9,24,33
2025,1,11545710,시흥5동,709,783,24,31,74
2025,1,11560515,영등포본동,1253,1374,9,33,121
2025,1,11560535,영등포동,3793,4204,63,106,411
2025,1,11560540,여의동,5200,5833,100,162,633
2025,1,11560550,당산1동,2477,2676,49,106,199
2025,1,11560560,당산2동,1776,1985,37,53,209
2025,1,11560585,도림동,705,760,16,27,55
2025,1,11560605,문래동,2701,2931,49,86,230
2025,1,11560610,양평1동,1233,1349,28,44,116
2025,1,11560620,양평2동,1450,1597,31,46,147
2025,1,11560630,신길1동,807,876,18,24,69
2025,1,11560650,신길3동,711,764,11,17,53
2025,1,11560660,신길4동,343,386,3,10,43
2025,1,11560670,신길5동,302,334,10,12,32
2025,1,11560680,신길6동,956,1053,30,23,97
2025,1,11560690,신길7동,482,542,6,30,60
2025,1,11560700,대림1동,724,802,22,34,78
2025,1,11560710,대림2동,1246,1302,35,68,56
2025,1,11560720,대림3동,1452,1536,24,36,84
2025,1,11590510,노량진1동,1389,1582,30,73,193
2025,1,11590520,노량진2동,1425,1484,16,41,59
2025,1,11590530,상도1동,1384,1604,40,65,220
2025,1,11590540,상도2동,1049,1179,13,38,130
2025,1,11590550,상도3동,727,798,9,16,71
2025,1,11590560,상도4동,730,804,9,17,74
2025,1,11590605,흑석동,1166,1336,21,35,170
2025,1,11590620,사당1동,1480,1623,39,45,143
2025,1,11590630,사당2동,1369,1533,30,54,164
2025,1,11590640,사당3동,684,749,8,30,65
2025,1,11590650,사당4동,521,577,10,16,56
2025,1,11590651,사당5동,353,395,6,8,42
2025,1,11590660,대방동,1305,1462,20,56,157
2025,1,11590670,신대방1동,816,884,18,17,68
2025,1,11590680,신대방2동,966,1107,14,33,141
2025,1,11620525,보라매동,1192,1292,21,50,100
2025,1,11620545,청림동,377,409,10,22,32
2025,1,11620565,성현동,583,639,14,24,56
2025,1,11620575,행운동,1238,1379,25,49,141
2025,1,11620585,낙성대동,1211,1387,30,45,176
2025,1,11620595,청룡동,1656,1882,37,60,226
2025,1,11620605,은천동,1186,1327,35,59,141
2025,1,11620615,중앙동,809,915,16,27,106
2025,1,11620625,인헌동,875,967,19,33,92
2025,1,11620630,남현동,757,853,9,32,96
2025,1,11620645,서원동,1106,1314,30,52,208
2025,1,11620655,신원동,693,747,16,26,54
2025,1,11620665,서림동,656,723,15,31,67
2025,1,11620685,신사동,1073,1176,23,35,103
2025,1,11620695,신림동,1564,1734,34,67,170
2025,1,11620715,난향동,303,326,4,11,23
2025,1,11620725,조원동,1220,1338,25,45,118
2025,1,11620735,대학동,1098,1247,31,36,149
2025,1,11620745,삼성동,574,595,3,12,21
2025,1,11620765,미성동,998,1106,17,52,108
2025,1,11620775,난곡동,577,642,12,24,65
2025,1,11650510,서초1동,2994,3218,44,82,224
2025,1,11650520,서초2동,3812,4090,63,93,278
2025,1,11650530,서초3동,6819,7203,108,159,384
2025,1,11650531,서초4동,3167,3379,61,59,212
2025,1,11650540,잠원동,1817,1944,33,54,127
2025,1,11650550,반포본동,370,379,1,7,9
2025,1,11650560,반포1동,1677,1805,33,60,128
2025,1,11650570,반포2동,453,494,10,14,41
2025,1,11650580,반포3동,1093,1172,15,37,79
2025,1,11650581,반포4동,3093,3401,24,57,308
2025,1,11650590,방배본동,1312,1397,22,25,85
2025,1,11650600,방배1동,1325,1466,37,35,141
2025,1,11650610,방배2동,1360,1484,25,31,124
2025,1,11650620,방배3동,684,731,12,10,47
2025,1,11650621,방배4동,1800,1926,28,45,126
2025,1,11650651,양재1동,2720,2970,34,69,250
2025,1,11650652,양재2동,3414,3619,53,90,205
2025,1,11650660,내곡동,888,942,7,17,54
2025,1,11680510,신사동,4047,4311,97,138,264
2025,1,11680521,논현1동,4183,4472,76,113,289
2025,1,11680531,논현2동,4546,4888,95,155,342
2025,1,11680545,압구정동,4380,4610,77,131,230
2025,1,11680565,청담동,4433,4634,76,106,201
2025,1,11680580,삼성1동,3561,3854,39,101,293
2025,1,11680590,삼성2동,2997,3223,61,108,226
2025,1,11680600,대치1동,1039,1149,19,28,110
2025,1,11680610,대치2동,2939,3196,48,88,257
2025,1,11680630,대치4동,3786,4159,100,116,373
2025,1,11680640,역삼1동,11192,12114,191,337,922
2025,1,11680650,역삼2동,3092,3308,56,104,216
2025,1,11680655,도곡1동,1304,1423,19,32,119
2025,1,11680656,도곡2동,1512,1619,19,33,107
2025,1,11680660,개포1동,197,205,5,4,8
2025,1,11680670,개포2동,951,1050,24,23,99
2025,1,11680690,개포4동,1467,1569,29,41,102
2025,1,11680700,세곡동,1254,1414,27,40,160
2025,1,11680720,일원본동,414,461,2,12,47
2025,1,11680730,일원1동,691,783,11,10,92
2025,1,11680740,일원2동,413,445,3,24,32
2025,1,11680750,수서동,781,886,14,21,105
2025,1,11710510,풍납1동,429,463,11,24,34
2025,1,11710520,풍납2동,789,861,15,38,72
2025,1,11710531,거여1동,560,609,8,13,49
2025,1,11710532,거여2동,683,777,12,16,94
2025,1,11710540,마천1동,592,630,5,35,38
2025,1,11710550,마천2동,880,955,19,30,75
2025,1,11710561,방이1동,1145,1262,27,37,117
2025,1,11710562,방이2동,2497,2751,48,92,254
2025,1,11710566,오륜동,433,496,9,13,63
2025,1,11710570,오금동,1689,1808,28,55,119
2025,1,11710580,송파1동,1850,2015,46,61,165
2025,1,11710590,송파2동,815,907,19,31,92
2025,1,11710600,석촌동,2375,2608,52,93,233
2025,1,11710610,삼전동,1557,1728,38,67,171
2025,1,11710620,가락본동,2405,2634,52,106,229
2025,1,11710631,가락1동,3477,3552,33,54,75
2025,1,11710632,가락2동,1514,1657,33,53,143
2025,1,11710641,문정1동,1122,1208,19,28,86
2025,1,11710642,문정2동,5782,6256,87,148,474
2025,1,11710646,장지동,938,1031,27,35,93
2025,1,11710647,위례동,906,1089,36,48,183
2025,1,11710650,잠실본동,2765,3116,79,106,351
2025,1,11710670,잠실2동,846,946,17,29,100
2025,1,11710680,잠실3동,1585,1739,16,42,154
2025,1,11710690,잠실4동,330,377,7,23,47
2025,1,11710710,잠실6동,1682,1899,23,54,217
2025,1,11710720,잠실7동,185,195,0,3,10
2025,1,11740515,강일동,837,991,35,35,154
2025,1,11740520,상일동,878,984,35,33,106
2025,1,11740530,명일1동,1516,1672,28,67,156
2025,1,11740540,명일2동,986,1129,22,46,143
2025,1,11740550,고덕1동,543,615,7,20,72
2025,1,11740560,고덕2동,848,981,35,41,133
2025,1,11740570,암사1동,1284,1406,31,40,122
2025,1,11740580,암사2동,632,705,13,21,73
2025,1,11740590,암사3동,538,591,13,17,53
2025,1,11740600,천호1동,1061,1170,23,36,109
2025,1,11740610,천호2동,2956,3237,50,76,281
2025,1,11740620,천호3동,1413,1557,29,52,144
2025,1,11740640,성내1동,1231,1353,26,38,122
2025,1,11740650,성내2동,1426,1551,42,41,125
2025,1,11740660,성내3동,1886,2054,46,62,168
2025,1,11740685,길동,2779,3052,49,100,273
2025,1,11740690,둔촌1동,90,115,84,3,25
2025,1,11740700,둔촌2동,1073,1159,18,23,86
2025,2,11110515,청운효자동,905,936,21,17,31
2025,2,11110530,사직동,2667,2871,53,41,204
2025,2,11110540,삼청동,707,752,17,14,45
2025,2,11110550,부암동,436,467,8,9,31
2025,2,11110560,평창동,632,674,14,9,42
2025,2,11110570,무악동,171,191,7,3,20
2025,2,11110580,교남동,302,377,7,11,75
2025,2,11110600,가회동,619,660,19,17,41
2025,2,11110615,종로1?2?3?4가동,9921,10446,177,168,525
2025,2,11110630,종로5?6가동,1887,1984,34,34,97
2025,2,11110640,이화동,670,804,15,20,134
2025,2,11110650,혜화동,1341,1541,37,38,200
2025,2,11110670,창신1동,1560,1608,35,38,48
2025,2,11110680,창신2동,355,375,8,11,20
2025,2,11110690,창신3동,159,174,0,6,15
2025,2,11110700,숭인1동,260,287,5,4,27
2025,2,11110710,숭인2동,828,903,18,25,75
2025,2,11140520,소공동,2720,2977,36,58,257
2025,2,11140540,회현동,4763,4999,61,76,236
2025,2,11140550,명동,4252,4764,98,77,512
2025,2,11140570,필동,1154,1283,35,26,129
2025,2,11140580,장충동,485,523,3,12,38
2025,2,11140590,광희동,4971,5206,56,94,235
2025,2,11140605,을지로동,2845,2976,44,51,131
2025,2,11140615,신당동,10401,10521,34,235,120
2025,2,11140625,다산동,818,893,22,15,75
2025,2,11140635,약수동,636,691,9,16,55
2025,2,11140645,청구동,455,486,5,25,31
2025,2,11140650,신당5동,725,781,27,19,56
2025,2,11140665,동화동,525,563,13,10,38
2025,2,11140670,황학동,1320,1408,22,25,88
2025,2,11140680,중림동,639,707,14,15,68
2025,2,11170510,후암동,814,873,20,21,59
2025,2,11170520,용산2가동,589,634,28,28,45
2025,2,11170530,남영동,1185,1352,26,31,167
2025,2,11170555,청파동,1171,1336,27,27,165
2025,2,11170560,원효로1동,1568,1649,22,27,81
2025,2,11170570,원효로2동,851,903,3,15,52
2025,2,11170580,효창동,331,360,10,8,29
2025,2,11170590,용문동,519,565,11,19,46
2025,2,11170625,한강로동,4882,5225,80,107,343
2025,2,11170630,이촌1동,749,815,5,9,66
2025,2,11170640,이촌2동,280,300,2,9,20
2025,2,11170650,이태원1동,1551,1642,39,58,91
2025,2,11170660,이태원2동,819,857,17,21,38
2025,2,11170685,한남동,2287,2411,55,51,124
2025,2,11170690,서빙고동,350,379,5,6,29
2025,2,11170700,보광동,567,599,7,22,32
2025,2,11200520,왕십리2동,542,600,15,18,58
2025,2,11200535,왕십리도선동,1771,1952,37,61,181
2025,2,11200540,마장동,2253,2307,16,37,54
2025,2,11200550,사근동,697,854,17,20,157
2025,2,11200560,행당1동,1098,1244,24,27,146
2025,2,11200570,행당2동,502,570,13,16,68
2025,2,11200580,응봉동,269,291,7,6,22
2025,2,11200590,금호1가동,421,463,8,8,42
2025,2,11200615,금호2?3가동,810,895,18,27,85
2025,2,11200620,금호4가동,524,584,7,18,60
2025,2,11200645,옥수동,818,908,20,16,90
2025,2,11200650,성수1가1동,1101,1180,34,32,79
2025,2,11200660,성수1가2동,2060,2190,73,77,130
2025,2,11200670,성수2가1동,1532,1628,53,45,96
2025,2,11200690,성수2가3동,3092,3299,78,80,207
2025,2,11200720,송정동,465,481,11,12,16
2025,2,11200790,용답동,1169,1239,22,22,70
2025,2,11215710,화양동,2117,2457,71,82,340
2025,2,11215730,군자동,1271,1423,41,40,152
2025,2,11215740,중곡1동,1177,1244,33,38,67
2025,2,11215750,중곡2동,1174,1260,28,20,86
2025,2,11215760,중곡3동,803,887,18,19,84
2025,2,11215770,중곡4동,995,1076,27,38,81
2025,2,11215780,능동,615,690,12,24,75
2025,2,11215810,광장동,1036,1151,18,24,115
2025,2,11215820,자양1동,1235,1360,28,29,125
2025,2,11215830,자양2동,1054,1151,91,19,97
2025,2,11215840,자양3동,1213,1359,10,20,146
2025,2,11215847,자양4동,1482,1597,50,43,115
2025,2,11215850,구의1동,1389,1522,33,45,133
2025,2,11215860,구의2동,943,1041,21,30,98
2025,2,11215870,구의3동,2238,2453,36,54,215
2025,2,11230536,용신동,2608,2826,41,60,218
2025,2,11230545,제기동,3059,3134,62,82,75
2025,2,11230560,전농1동,1939,2151,49,62,212
2025,2,11230570,전농2동,589,667,5,17,78
2025,2,11230600,답십리1동,1143,1264,25,31,121
2025,2,11230610,답십리2동,1617,1696,29,36,79
2025,2,11230650,장안1동,2580,2815,47,79,235
2025,2,11230660,장안2동,1963,2196,53,77,233
2025,2,11230705,청량리동,1100,1161,16,33,61
2025,2,11230710,회기동,908,1045,29,35,137
2025,2,11230720,휘경1동,676,752,17,28,76
2025,2,11230730,휘경2동,553,621,11,18,68
2025,2,11230740,이문1동,880,1013,41,42,133
2025,2,11230750,이문2동,448,485,10,19,37
2025,2,11260520,면목2동,1066,1138,26,29,72
2025,2,11260540,면목4동,541,585,12,29,44
2025,2,11260550,면목5동,442,483,8,9,41
2025,2,11260565,면목본동,1563,1676,34,53,113
2025,2,11260570,면목7동,930,998,23,29,68
2025,2,11260575,면목3?8동,1308,1433,39,46,125
2025,2,11260580,상봉1동,830,934,22,19,104
2025,2,11260590,상봉2동,1650,1825,57,53,175
2025,2,11260600,중화1동,610,662,12,18,52
2025,2,11260610,중화2동,1202,1304,26,39,102
2025,2,11260620,묵1동,1045,1159,39,38,114
2025,2,11260630,묵2동,901,968,27,38,67
2025,2,11260655,망우본동,1896,2116,52,67,220
2025,2,11260660,망우3동,512,551,8,17,39
2025,2,11260680,신내1동,1219,1383,22,30,164
2025,2,11260690,신내2동,690,784,13,23,94
2025,2,11290525,성북동,981,1036,15,26,55
2025,2,11290555,삼선동,1439,1552,43,61,113
2025,2,11290575,동선동,1719,1963,64,68,244
2025,2,11290580,돈암1동,347,368,4,13,21
2025,2,11290590,돈암2동,434,476,8,14,42
2025,2,11290600,안암동,998,1216,25,17,218
2025,2,11290610,보문동,717,773,16,19,56
2025,2,11290620,정릉1동,547,601,12,8,54
2025,2,11290630,정릉2동,635,712,18,16,77
2025,2,11290640,정릉3동,479,523,6,13,44
2025,2,11290650,정릉4동,631,700,16,17,69
2025,2,11290660,길음1동,901,1029,22,33,128
2025,2,11290685,길음2동,1092,1203,23,32,111
2025,2,11290705,종암동,1280,1428,27,29,148
2025,2,11290715,월곡1동,837,933,13,20,96
2025,2,11290725,월곡2동,981,1125,27,32,144
2025,2,11290760,장위1동,655,716,15,22,61
2025,2,11290770,장위2동,665,704,13,15,39
2025,2,11290780,장위3동,389,442,15,16,53
2025,2,11290810,석관동,1302,1446,30,37,144
2025,2,11305534,삼양동,638,702,29,24,64
2025,2,11305535,미아동,1165,1280,31,39,115
2025,2,11305545,송중동,1586,1783,50,65,197
2025,2,11305555,송천동,1199,1311,25,51,112
2025,2,11305575,삼각산동,694,783,15,21,89
2025,2,11305595,번1동,1224,1349,32,53,125
2025,2,11305603,번2동,304,326,3,9,22
2025,2,11305608,번3동,359,404,8,13,45
2025,2,11305615,수유1동,1004,1068,30,30,64
2025,2,11305625,수유2동,835,897,20,30,62
2025,2,11305635,수유3동,1988,2207,71,89,219
2025,2,11305645,우이동,759,826,13,27,67
2025,2,11305660,인수동,944,1022,22,27,78
2025,2,11320511,창1동,723,797,14,26,74
2025,2,11320512,창2동,847,912,16,25,65
2025,2,11320513,창3동,565,614,6,14,49
2025,2,11320514,창4동,941,1055,42,21,114
2025,2,11320515,창5동,1865,2013,595,26,148
2025,2,11320521,도봉1동,1012,1113,26,43,101
2025,2,11320522,도봉2동,897,956,19,18,59
2025,2,11320660,쌍문1동,514,568,11,14,54
2025,2,11320670,쌍문2동,869,961,19,24,92
2025,2,11320680,쌍문3동,697,771,17,26,74
2025,2,11320681,쌍문4동,410,459,7,15,49
2025,2,11320690,방학1동,1591,1790,32,55,199
2025,2,11320700,방학2동,720,768,18,21,48
2025,2,11320710,방학3동,492,544,12,10,52
2025,2,11350560,월계1동,909,1053,22,31,144
2025,2,11350570,월계2동,466,520,12,10,54
2025,2,11350580,월계3동,592,673,10,17,81
2025,2,11350595,공릉1동,2043,2280,54,63,237
2025,2,11350600,공릉2동,1298,1510,35,42,212
2025,2,11350611,하계1동,720,817,16,23,97
2025,2,11350612,하계2동,280,306,4,7,26
2025,2,11350619,중계본동,1097,1199,20,33,102
2025,2,11350621,중계1동,839,985,31,37,146
2025,2,11350624,중계4동,791,881,19,21,90
2025,2,11350625,중계2?3동,1052,1177,10,26,125
2025,2,11350630,상계1동,1304,1464,26,39,160
2025,2,11350640,상계2동,2428,2692,84,93,264
2025,2,11350665,상계3?4동,865,917,18,21,52
2025,2,11350670,상계5동,1196,1273,35,44,77
2025,2,11350695,상계6?7동,1450,1647,41,45,197
2025,2,11350700,상계8동,380,423,11,12,43
2025,2,11350710,상계9동,427,471,11,10,44
2025,2,11350720,상계10동,356,392,9,5,36
2025,2,11380510,녹번동,1248,1372,31,31,124
2025,2,11380520,불광1동,1182,1319,22,35,137
2025,2,11380530,불광2동,1019,1079,17,32,60
2025,2,11380551,갈현1동,1072,1181,27,46,109
2025,2,11380552,갈현2동,1289,1424,30,46,135
2025,2,11380560,구산동,805,877,24,23,72
2025,2,11380570,대조동,2095,2287,62,53,192
2025,2,11380580,응암1동,1348,1536,19,33,188
2025,2,11380590,응암2동,611,672,13,33,61
2025,2,11380600,응암3동,1413,1530,40,44,117
2025,2,11380625,역촌동,1806,2002,54,80,196
2025,2,11380631,신사1동,898,993,16,26,95
2025,2,11380632,신사2동,529,565,10,13,36
2025,2,11380640,증산동,610,664,16,16,54
2025,2,11380650,수색동,449,502,11,13,53
2025,2,11380690,진관동,1838,2132,54,61,294
2025,2,11410520,천연동,571,629,13,13,58
2025,2,11410555,북아현동,607,675,11,17,68
2025,2,11410565,충현동,1094,1208,19,35,114
2025,2,11410585,신촌동,3286,3793,108,92,507
2025,2,11410615,연희동,1866,2001,53,44,135
2025,2,11410620,홍제1동,686,777,17,16,91
2025,2,11410640,홍제3동,807,879,25,19,72
2025,2,11410655,홍제2동,408,453,13,15,45
2025,2,11410660,홍은1동,663,721,12,21,58
2025,2,11410685,홍은2동,791,889,16,31,98
2025,2,11410690,남가좌1동,562,634,15,12,72
2025,2,11410700,남가좌2동,1092,1255,32,23,163
2025,2,11410710,북가좌1동,399,452,6,13,53
2025,2,11410720,북가좌2동,1052,1172,30,33,120
2025,2,11440555,아현동,1273,1403,33,23,130
2025,2,11440565,공덕동,1765,1920,36,39,155
2025,2,11440585,도화동,1371,1526,40,53,155
2025,2,11440590,용강동,1597,1755,39,29,158
2025,2,11440600,대흥동,1290,1435,33,40,145
2025,2,11440610,염리동,667,754,24,26,87
2025,2,11440630,신수동,1009,1081,20,22,72
2025,2,11440655,서강동,1599,1742,51,58,143
2025,2,11440660,서교동,8122,8856,264,271,734
2025,2,11440680,합정동,1937,2083,57,47,146
2025,2,11440690,망원1동,1691,1801,74,67,110
2025,2,11440700,망원2동,1109,1193,21,35,84
2025,2,11440710,연남동,2303,2390,89,81,87
2025,2,11440720,성산1동,1084,1159,35,31,75
2025,2,11440730,성산2동,1396,1539,30,37,143
2025,2,11440740,상암동,1729,2062,53,68,333
2025,2,11470510,목1동,2591,2940,52,52,349
2025,2,11470520,목2동,963,1052,21,17,89
2025,2,11470530,목3동,1056,1145,29,26,89
2025,2,11470540,목4동,1105,1210,27,36,105
2025,2,11470550,목5동,1460,1646,36,48,186
2025,2,11470560,신월1동,1030,1099,28,29,69
2025,2,11470570,신월2동,630,679,16,18,49
2025,2,11470580,신월3동,503,554,10,12,51
2025,2,11470590,신월4동,663,730,16,18,67
2025,2,11470600,신월5동,555,605,17,24,50
2025,2,11470610,신월6동,493,547,14,17,54
2025,2,11470611,신월7동,648,690,4,20,42
2025,2,11470620,신정1동,1001,1102,19,25,101
2025,2,11470630,신정2동,912,998,22,27,86
2025,2,11470640,신정3동,1024,1182,27,27,158
2025,2,11470650,신정4동,2375,2552,73,78,177
2025,2,11470670,신정6동,629,695,18,24,66
2025,2,11470680,신정7동,761,860,21,22,99
2025,2,11500510,염창동,1322,1510,42,30,188
2025,2,11500520,등촌1동,1374,1565,54,41,191
2025,2,11500530,등촌2동,505,564,13,15,59
2025,2,11500535,등촌3동,1782,1981,36,63,199
2025,2,11500540,화곡1동,2171,2404,75,79,233
2025,2,11500550,화곡2동,572,613,23,22,41
2025,2,11500560,화곡3동,955,1096,30,31,141
2025,2,11500570,화곡4동,1073,1168,29,43,95
2025,2,11500590,화곡본동,1075,1181,22,40,106
2025,2,11500591,화곡6동,1233,1387,34,61,154
2025,2,11500593,화곡8동,966,1071,33,37,105
2025,2,11500603,가양1동,4698,5284,200,161,586
2025,2,11500604,가양2동,392,441,5,17,49
2025,2,11500605,가양3동,334,364,7,6,30
2025,2,11500611,발산1동,3746,4057,111,114,311
2025,2,11500615,우장산동,1263,1409,38,43,146
2025,2,11500620,공항동,1292,1440,31,42,148
2025,2,11500630,방화1동,1855,2073,66,81,218
2025,2,11500640,방화2동,1451,1593,31,41,142
2025,2,11500641,방화3동,501,550,13,12,49
2025,2,11530510,신도림동,1711,1931,28,39,220
2025,2,11530520,구로1동,510,559,11,14,49
2025,2,11530530,구로2동,4777,4899,40,72,122
2025,2,11530540,구로3동,3479,3920,75,102,441
2025,2,11530550,구로4동,1569,1661,37,38,92
2025,2,11530560,구로5동,2585,2832,52,74,247
2025,2,11530595,가리봉동,734,757,15,23,23
2025,2,11530720,고척1동,1234,1393,23,44,159
2025,2,11530730,고척2동,1017,1102,20,33,85
2025,2,11530740,개봉1동,1179,1296,23,34,117
2025,2,11530750,개봉2동,726,834,18,26,108
2025,2,11530760,개봉3동,658,729,14,13,71
2025,2,11530770,오류1동,869,951,17,22,82
2025,2,11530780,오류2동,967,1094,20,32,127
2025,2,11530790,수궁동,634,703,18,11,69
2025,2,11530800,항동,367,439,21,16,72
2025,2,11545510,가산동,8084,8780,143,180,696
2025,2,11545610,독산1동,2274,2542,45,66,268
2025,2,11545620,독산2동,681,761,22,29,80
2025,2,11545630,독산3동,1252,1344,25,47,92
2025,2,11545640,독산4동,610,672,14,22,62
2025,2,11545670,시흥1동,2056,2283,57,59,227
2025,2,11545680,시흥2동,359,397,6,11,38
2025,2,11545690,시흥3동,948,985,15,11,37
2025,2,11545700,시흥4동,437,469,9,8,32
2025,2,11545710,시흥5동,706,781,16,19,75
2025,2,11560515,영등포본동,1227,1348,13,40,121
2025,2,11560535,영등포동,3776,4183,88,103,407
2025,2,11560540,여의동,5173,5800,111,140,627
2025,2,11560550,당산1동,2471,2661,63,74,190
2025,2,11560560,당산2동,1777,1985,51,51,208
2025,2,11560585,도림동,699,758,12,15,59
2025,2,11560605,문래동,2681,2911,56,76,230
2025,2,11560610,양평1동,1231,1347,33,32,116
2025,2,11560620,양평2동,1453,1593,41,45,140
2025,2,11560630,신길1동,799,874,17,16,75
2025,2,11560650,신길3동,711,763,20,20,52
2025,2,11560660,신길4동,346,387,9,8,41
2025,2,11560670,신길5동,296,328,5,11,32
2025,2,11560680,신길6동,951,1053,28,26,102
2025,2,11560690,신길7동,475,534,19,26,59
2025,2,11560700,대림1동,710,788,12,24,78
2025,2,11560710,대림2동,1216,1271,27,55,55
2025,2,11560720,대림3동,1438,1523,30,41,85
2025,2,11590510,노량진1동,1383,1576,41,46,193
2025,2,11590520,노량진2동,1411,1468,15,29,57
2025,2,11590530,상도1동,1382,1599,29,35,217
2025,2,11590540,상도2동,1043,1173,18,21,130
2025,2,11590550,상도3동,722,793,20,25,71
2025,2,11590560,상도4동,723,798,15,21,75
2025,2,11590605,흑석동,1161,1330,30,34,169
2025,2,11590620,사당1동,1484,1625,41,37,141
2025,2,11590630,사당2동,1355,1515,33,49,160
2025,2,11590640,사당3동,678,745,13,16,67
2025,2,11590650,사당4동,512,566,12,23,54
2025,2,11590651,사당5동,348,387,9,16,39
2025,2,11590660,대방동,1293,1449,22,35,156
2025,2,11590670,신대방1동,806,876,10,18,70
2025,2,11590680,신대방2동,956,1099,27,35,143
2025,2,11620525,보라매동,1194,1295,29,25,101
2025,2,11620545,청림동,372,402,7,14,30
2025,2,11620565,성현동,571,628,11,22,57
2025,2,11620575,행운동,1228,1366,38,50,138
2025,2,11620585,낙성대동,1208,1381,45,52,173
2025,2,11620595,청룡동,1648,1879,48,51,231
2025,2,11620605,은천동,1174,1312,41,54,138
2025,2,11620615,중앙동,808,912,19,22,104
2025,2,11620625,인헌동,861,953,20,33,92
2025,2,11620630,남현동,755,855,19,14,100
2025,2,11620645,서원동,1099,1299,33,48,200
2025,2,11620655,신원동,685,741,16,20,56
2025,2,11620665,서림동,649,716,19,25,67
2025,2,11620685,신사동,1076,1176,33,31,100
2025,2,11620695,신림동,1539,1711,57,79,172
2025,2,11620715,난향동,293,316,3,13,23
2025,2,11620725,조원동,1220,1336,32,33,116
2025,2,11620735,대학동,1080,1226,21,41,146
2025,2,11620745,삼성동,570,590,3,6,20
2025,2,11620765,미성동,991,1099,26,32,108
2025,2,11620775,난곡동,573,638,15,18,65
2025,2,11650510,서초1동,2996,3219,67,63,223
2025,2,11650520,서초2동,3802,4081,71,75,279
2025,2,11650530,서초3동,6798,7188,122,130,390
2025,2,11650531,서초4동,3166,3381,61,59,215
2025,2,11650540,잠원동,1809,1938,27,34,129
2025,2,11650550,반포본동,370,378,3,4,8
2025,2,11650560,반포1동,1669,1794,34,44,125
2025,2,11650570,반포2동,448,490,8,12,42
2025,2,11650580,반포3동,1088,1167,11,17,79
2025,2,11650581,반포4동,3072,3380,35,56,308
2025,2,11650590,방배본동,1309,1394,31,32,85
2025,2,11650600,방배1동,1303,1442,28,51,139
2025,2,11650610,방배2동,1350,1472,26,37,122
2025,2,11650620,방배3동,670,716,7,22,46
2025,2,11650621,방배4동,1802,1931,35,29,129
2025,2,11650651,양재1동,2705,2955,42,43,250
2025,2,11650652,양재2동,3406,3614,58,60,208
2025,2,11650660,내곡동,885,938,8,14,53
2025,2,11680510,신사동,4025,4287,88,105,262
2025,2,11680521,논현1동,4197,4482,112,101,285
2025,2,11680531,논현2동,4529,4869,100,106,340
2025,2,11680545,압구정동,4385,4617,108,101,232
2025,2,11680565,청담동,4429,4627,91,93,198
2025,2,11680580,삼성1동,3546,3837,50,61,291
2025,2,11680590,삼성2동,2956,3179,60,96,223
2025,2,11680600,대치1동,1044,1155,24,18,111
2025,2,11680610,대치2동,2911,3164,37,67,253
2025,2,11680630,대치4동,3781,4142,88,105,361
2025,2,11680640,역삼1동,11178,12110,285,277,932
2025,2,11680650,역삼2동,3072,3286,72,85,214
2025,2,11680655,도곡1동,1311,1431,31,23,120
2025,2,11680656,도곡2동,1509,1617,36,36,108
2025,2,11680660,개포1동,199,207,4,2,8
2025,2,11680670,개포2동,935,1035,15,30,100
2025,2,11680690,개포4동,1453,1552,32,48,99
2025,2,11680700,세곡동,1247,1408,24,28,161
2025,2,11680720,일원본동,412,459,3,4,47
2025,2,11680730,일원1동,694,785,20,18,91
2025,2,11680740,일원2동,409,441,5,9,32
2025,2,11680750,수서동,775,882,12,14,107
2025,2,11710510,풍납1동,427,464,11,8,37
2025,2,11710520,풍납2동,785,854,9,15,69
2025,2,11710531,거여1동,560,609,13,13,49
2025,2,11710532,거여2동,672,766,14,22,94
2025,2,11710540,마천1동,572,611,11,30,39
2025,2,11710550,마천2동,872,946,12,21,74
2025,2,11710561,방이1동,1140,1258,24,27,118
2025,2,11710562,방이2동,2493,2750,87,86,257
2025,2,11710566,오륜동,426,487,6,15,61
2025,2,11710570,오금동,1684,1803,36,39,119
2025,2,11710580,송파1동,1835,1999,39,51,164
2025,2,11710590,송파2동,816,908,30,29,92
2025,2,11710600,석촌동,2345,2577,70,98,232
2025,2,11710610,삼전동,1546,1721,45,50,175
2025,2,11710620,가락본동,2399,2625,64,75,226
2025,2,11710631,가락1동,3457,3529,26,47,72
2025,2,11710632,가락2동,1508,1648,32,39,140
2025,2,11710641,문정1동,1115,1205,22,26,90
2025,2,11710642,문정2동,5765,6231,108,132,466
2025,2,11710646,장지동,936,1029,19,20,93
2025,2,11710647,위례동,910,1089,46,45,179
2025,2,11710650,잠실본동,2758,3110,87,87,352
2025,2,11710670,잠실2동,841,938,19,27,97
2025,2,11710680,잠실3동,1562,1713,11,35,151
2025,2,11710690,잠실4동,327,374,9,11,47
2025,2,11710710,잠실6동,1683,1900,32,27,217
2025,2,11710720,잠실7동,185,195,1,1,10
2025,2,11740515,강일동,836,988,30,30,152
2025,2,11740520,상일동,868,975,21,28,107
2025,2,11740530,명일1동,1492,1649,35,56,157
2025,2,11740540,명일2동,991,1135,32,26,144
2025,2,11740550,고덕1동,541,610,9,15,69
2025,2,11740560,고덕2동,879,1027,72,26,148
2025,2,11740570,암사1동,1281,1401,37,42,120
2025,2,11740580,암사2동,630,703,14,16,73
2025,2,11740590,암사3동,541,593,13,12,52
2025,2,11740600,천호1동,1056,1167,33,36,111
2025,2,11740610,천호2동,2927,3213,60,83,286
2025,2,11740620,천호3동,1405,1549,44,55,144
2025,2,11740640,성내1동,1222,1343,24,33,121
2025,2,11740650,성내2동,1410,1535,37,52,125
2025,2,11740660,성내3동,1898,2067,65,49,169
2025,2,11740685,길동,2761,3038,71,83,277
2025,2,11740690,둔촌1동,130,171,59,3,41
2025,2,11740700,둔촌2동,1073,1159,20,21,86
2025,3,11110515,청운효자동,910,939,21,20,29
2025,3,11110530,사직동,2661,2866,58,62,205
2025,3,11110540,삼청동,713,758,18,14,45
2025,3,11110550,부암동,431,460,6,14,29
2025,3,11110560,평창동,635,676,10,9,41
2025,3,11110570,무악동,171,192,5,4,21
2025,3,11110580,교남동,298,369,7,16,71
2025,3,11110600,가회동,617,660,16,17,43
2025,3,11110615,종로1?2?3?4가동,9877,10393,167,217,516
2025,3,11110630,종로5?6가동,1871,1968,25,40,97
2025,3,11110640,이화동,671,807,19,16,136
2025,3,11110650,혜화동,1342,1542,37,37,200
2025,3,11110670,창신1동,1549,1596,27,39,47
2025,3,11110680,창신2동,355,374,8,9,19
2025,3,11110690,창신3동,158,173,4,5,15
2025,3,11110700,숭인1동,261,288,6,5,27
2025,3,11110710,숭인2동,823,895,18,22,72
2025,3,11140520,소공동,2695,2953,44,66,258
2025,3,11140540,회현동,4767,5003,72,68,236
2025,3,11140550,명동,4267,4776,93,78,509
2025,3,11140570,필동,1146,1273,29,39,127
2025,3,11140580,장충동,490,527,16,11,37
2025,3,11140590,광희동,4908,5145,53,110,237
2025,3,11140605,을지로동,2830,2967,51,58,137
2025,3,11140615,신당동,10159,10279,46,283,120
2025,3,11140625,다산동,804,875,10,28,71
2025,3,11140635,약수동,640,695,16,12,55
2025,3,11140645,청구동,441,468,15,32,27
2025,3,11140650,신당5동,722,779,16,18,57
2025,3,11140665,동화동,526,563,15,15,37
2025,3,11140670,황학동,1321,1409,29,27,88
2025,3,11140680,중림동,632,699,6,14,67
2025,3,11170510,후암동,821,879,25,16,58
2025,3,11170520,용산2가동,600,648,26,12,48
2025,3,11170530,남영동,1174,1341,27,37,167
2025,3,11170555,청파동,1172,1329,31,38,157
2025,3,11170560,원효로1동,1552,1633,19,33,81
2025,3,11170570,원효로2동,838,892,8,19,54
2025,3,11170580,효창동,327,356,5,9,29
2025,3,11170590,용문동,519,568,15,13,49
2025,3,11170625,한강로동,4887,5225,100,100,338
2025,3,11170630,이촌1동,745,813,15,16,68
2025,3,11170640,이촌2동,274,294,4,10,20
2025,3,11170650,이태원1동,1552,1643,44,43,91
2025,3,11170660,이태원2동,829,867,24,13,38
2025,3,11170685,한남동,2292,2416,66,58,124
2025,3,11170690,서빙고동,353,381,7,5,28
2025,3,11170700,보광동,564,595,7,11,31
2025,3,11200520,왕십리2동,533,590,8,17,57
2025,3,11200535,왕십리도선동,1771,1952,64,60,181
2025,3,11200540,마장동,2237,2291,28,40,54
2025,3,11200550,사근동,710,865,33,21,155
2025,3,11200560,행당1동,1095,1234,27,34,139
2025,3,11200570,행당2동,502,570,12,12,68
2025,3,11200580,응봉동,272,295,7,3,23
2025,3,11200590,금호1가동,415,458,6,11,43
2025,3,11200615,금호2?3가동,807,889,22,29,82
2025,3,11200620,금호4가동,520,579,10,14,59
2025,3,11200645,옥수동,810,900,17,18,90
2025,3,11200650,성수1가1동,1106,1188,33,28,82
2025,3,11200660,성수1가2동,2080,2211,69,48,131
2025,3,11200670,성수2가1동,1537,1630,42,43,93
2025,3,11200690,성수2가3동,3121,3325,92,68,204
2025,3,11200720,송정동,455,470,6,15,15
2025,3,11200790,용답동,1155,1223,19,30,68
2025,3,11215710,화양동,2132,2463,100,95,331
2025,3,11215730,군자동,1286,1432,45,34,146
2025,3,11215740,중곡1동,1179,1243,27,27,64
2025,3,11215750,중곡2동,1177,1261,32,31,84
2025,3,11215760,중곡3동,789,875,20,32,86
2025,3,11215770,중곡4동,986,1067,21,30,81
2025,3,11215780,능동,617,693,27,23,76
2025,3,11215810,광장동,1040,1153,27,22,113
2025,3,11215820,자양1동,1232,1353,39,42,121
2025,3,11215830,자양2동,1058,1152,39,34,94
2025,3,11215840,자양3동,1200,1350,28,36,150
2025,3,11215847,자양4동,1491,1602,58,51,111
2025,3,11215850,구의1동,1392,1517,42,46,125
2025,3,11215860,구의2동,939,1039,30,29,100
2025,3,11215870,구의3동,2238,2453,57,53,215
2025,3,11230536,용신동,2620,2829,57,51,209
2025,3,11230545,제기동,3065,3137,69,61,72
2025,3,11230560,전농1동,1913,2127,37,60,214
2025,3,11230570,전농2동,593,664,14,17,71
2025,3,11230600,답십리1동,1137,1262,24,26,125
2025,3,11230610,답십리2동,1619,1693,33,33,74
2025,3,11230650,장안1동,2575,2802,62,76,227
2025,3,11230660,장안2동,1963,2198,50,48,235
2025,3,11230705,청량리동,1094,1158,22,25,64
2025,3,11230710,회기동,910,1044,40,40,134
2025,3,11230720,휘경1동,662,745,23,30,83
2025,3,11230730,휘경2동,556,623,20,18,67
2025,3,11230740,이문1동,890,1025,53,41,135
2025,3,11230750,이문2동,451,489,17,13,38
2025,3,11260520,면목2동,1061,1131,22,29,70
2025,3,11260540,면목4동,532,574,8,17,42
2025,3,11260550,면목5동,443,485,8,6,42
2025,3,11260565,면목본동,1553,1670,45,50,117
2025,3,11260570,면목7동,923,986,21,33,63
2025,3,11260575,면목3?8동,1297,1421,31,41,124
2025,3,11260580,상봉1동,828,928,23,28,100
2025,3,11260590,상봉2동,1638,1813,60,70,175
2025,3,11260600,중화1동,608,659,5,8,51
2025,3,11260610,중화2동,1197,1297,28,34,100
2025,3,11260620,묵1동,1041,1155,27,30,114
2025,3,11260630,묵2동,904,968,22,23,64
2025,3,11260655,망우본동,1910,2131,49,36,221
2025,3,11260660,망우3동,506,545,16,21,39
2025,3,11260680,신내1동,1222,1388,36,29,166
2025,3,11260690,신내2동,684,774,12,21,90
2025,3,11290525,성북동,993,1048,25,13,55
2025,3,11290555,삼선동,1428,1539,43,55,111
2025,3,11290575,동선동,1710,1949,53,67,239
2025,3,11290580,돈암1동,345,366,1,4,21
2025,3,11290590,돈암2동,434,477,6,4,43
2025,3,11290600,안암동,995,1208,36,42,213
2025,3,11290610,보문동,718,776,10,7,58
2025,3,11290620,정릉1동,544,596,11,16,52
2025,3,11290630,정릉2동,632,708,12,15,76
2025,3,11290640,정릉3동,474,520,10,13,46
2025,3,11290650,정릉4동,628,695,8,13,67
2025,3,11290660,길음1동,906,1034,25,20,128
2025,3,11290685,길음2동,1074,1182,16,37,108
2025,3,11290705,종암동,1284,1434,33,28,150
2025,3,11290715,월곡1동,841,935,20,17,94
2025,3,11290725,월곡2동,984,1126,34,32,142
2025,3,11290760,장위1동,655,718,13,12,63
2025,3,11290770,장위2동,663,708,23,18,45
2025,3,11290780,장위3동,396,449,9,3,53
2025,3,11290810,석관동,1296,1440,32,35,144
2025,3,11305534,삼양동,637,702,20,19,65
2025,3,11305535,미아동,1162,1275,37,41,113
2025,3,11305545,송중동,1570,1752,30,60,182
2025,3,11305555,송천동,1204,1307,27,32,103
2025,3,11305575,삼각산동,689,777,13,20,88
2025,3,11305595,번1동,1222,1346,36,38,124
2025,3,11305603,번2동,306,328,6,4,22
2025,3,11305608,번3동,360,408,11,8,48
2025,3,11305615,수유1동,987,1052,27,44,65
2025,3,11305625,수유2동,831,895,16,18,64
2025,3,11305635,수유3동,1981,2201,60,67,220
2025,3,11305645,우이동,755,821,15,17,66
2025,3,11305660,인수동,938,1018,25,28,80
2025,3,11320511,창1동,719,796,22,24,77
2025,3,11320512,창2동,853,916,21,17,63
2025,3,11320513,창3동,573,620,15,9,47
2025,3,11320514,창4동,948,1060,32,24,112
2025,3,11320515,창5동,1885,2033,67,45,148
2025,3,11320521,도봉1동,1005,1103,16,27,98
2025,3,11320522,도봉2동,900,963,30,24,63
2025,3,11320660,쌍문1동,518,573,16,11,55
2025,3,11320670,쌍문2동,868,960,24,25,92
2025,3,11320680,쌍문3동,694,767,17,21,73
2025,3,11320681,쌍문4동,408,455,9,12,47
2025,3,11320690,방학1동,1595,1793,41,37,198
2025,3,11320700,방학2동,717,767,20,22,50
2025,3,11320710,방학3동,491,543,10,11,52
2025,3,11350560,월계1동,912,1058,30,22,146
2025,3,11350570,월계2동,463,519,7,8,56
2025,3,11350580,월계3동,585,667,7,13,82
2025,3,11350595,공릉1동,2036,2270,52,61,234
2025,3,11350600,공릉2동,1287,1499,39,53,212
2025,3,11350611,하계1동,716,816,19,19,100
2025,3,11350612,하계2동,280,308,7,5,28
2025,3,11350619,중계본동,1094,1198,26,25,104
2025,3,11350621,중계1동,827,974,17,24,147
2025,3,11350624,중계4동,793,883,20,18,90
2025,3,11350625,중계2?3동,1031,1155,20,35,124
2025,3,11350630,상계1동,1311,1475,42,30,164
2025,3,11350640,상계2동,2405,2666,69,94,261
2025,3,11350665,상계3?4동,854,905,15,27,51
2025,3,11350670,상계5동,1178,1256,25,42,78
2025,3,11350695,상계6?7동,1435,1624,29,48,189
2025,3,11350700,상계8동,382,426,11,8,44
2025,3,11350710,상계9동,429,474,11,8,45
2025,3,11350720,상계10동,350,386,6,12,36
2025,3,11380510,녹번동,1244,1370,25,25,126
2025,3,11380520,불광1동,1177,1310,20,32,133
2025,3,11380530,불광2동,1011,1072,15,22,61
2025,3,11380551,갈현1동,1077,1183,42,40,106
2025,3,11380552,갈현2동,1272,1407,29,47,135
2025,3,11380560,구산동,796,865,20,32,69
2025,3,11380570,대조동,2072,2260,53,77,188
2025,3,11380580,응암1동,1336,1524,34,42,188
2025,3,11380590,응암2동,605,662,19,28,57
2025,3,11380600,응암3동,1399,1514,30,46,115
2025,3,11380625,역촌동,1797,1986,50,64,189
2025,3,11380631,신사1동,898,992,21,23,94
2025,3,11380632,신사2동,522,560,12,16,38
2025,3,11380640,증산동,604,656,9,16,52
2025,3,11380650,수색동,446,501,16,18,55
2025,3,11380690,진관동,1814,2103,46,73,289
2025,3,11410520,천연동,568,626,7,11,58
2025,3,11410555,북아현동,606,675,14,14,69
2025,3,11410565,충현동,1086,1203,21,23,117
2025,3,11410585,신촌동,3264,3766,99,125,502
2025,3,11410615,연희동,1872,2007,56,47,135
2025,3,11410620,홍제1동,684,775,18,20,91
2025,3,11410640,홍제3동,800,869,16,26,69
2025,3,11410655,홍제2동,404,447,9,16,43
2025,3,11410660,홍은1동,659,715,15,21,56
2025,3,11410685,홍은2동,785,883,21,27,98
2025,3,11410690,남가좌1동,564,635,14,13,71
2025,3,11410700,남가좌2동,1090,1250,38,42,160
2025,3,11410710,북가좌1동,397,449,7,10,52
2025,3,11410720,북가좌2동,1055,1175,29,27,120
2025,3,11440555,아현동,1282,1416,43,29,134
2025,3,11440565,공덕동,1772,1923,46,44,151
2025,3,11440585,도화동,1359,1510,28,41,151
2025,3,11440590,용강동,1601,1765,48,37,164
2025,3,11440600,대흥동,1289,1432,35,37,143
2025,3,11440610,염리동,668,751,15,18,83
2025,3,11440630,신수동,1001,1073,24,31,72
2025,3,11440655,서강동,1595,1736,53,60,141
2025,3,11440660,서교동,8104,8838,242,264,734
2025,3,11440680,합정동,1947,2084,70,63,137
2025,3,11440690,망원1동,1701,1810,80,69,109
2025,3,11440700,망원2동,1109,1192,23,23,83
2025,3,11440710,연남동,2309,2395,92,90,86
2025,3,11440720,성산1동,1092,1166,35,28,74
2025,3,11440730,성산2동,1402,1549,33,25,147
2025,3,11440740,상암동,1732,2070,68,61,338
2025,3,11470510,목1동,2570,2912,59,86,342
2025,3,11470520,목2동,958,1051,17,18,93
2025,3,11470530,목3동,1061,1151,30,23,90
2025,3,11470540,목4동,1117,1220,27,16,103
2025,3,11470550,목5동,1466,1651,29,25,185
2025,3,11470560,신월1동,1032,1100,31,29,68
2025,3,11470570,신월2동,633,678,19,18,45
2025,3,11470580,신월3동,499,551,11,14,52
2025,3,11470590,신월4동,658,722,11,18,64
2025,3,11470600,신월5동,555,603,12,14,48
2025,3,11470610,신월6동,485,539,11,19,54
2025,3,11470611,신월7동,649,691,10,8,42
2025,3,11470620,신정1동,1001,1099,26,28,98
2025,3,11470630,신정2동,916,1005,36,30,89
2025,3,11470640,신정3동,1026,1181,28,27,155
2025,3,11470650,신정4동,2370,2541,63,74,171
2025,3,11470670,신정6동,641,707,23,11,66
2025,3,11470680,신정7동,760,858,19,21,98
2025,3,11500510,염창동,1329,1517,32,26,188
2025,3,11500520,등촌1동,1366,1553,30,40,187
2025,3,11500530,등촌2동,506,565,14,13,59
2025,3,11500535,등촌3동,1774,1967,50,62,193
2025,3,11500540,화곡1동,2166,2393,66,77,227
2025,3,11500550,화곡2동,573,616,18,15,43
2025,3,11500560,화곡3동,952,1089,32,39,137
2025,3,11500570,화곡4동,1065,1160,23,28,95
2025,3,11500590,화곡본동,1070,1181,29,29,111
2025,3,11500591,화곡6동,1219,1373,38,52,154
2025,3,11500593,화곡8동,964,1065,24,30,101
2025,3,11500603,가양1동,4721,5303,205,187,582
2025,3,11500604,가양2동,391,438,7,9,47
2025,3,11500605,가양3동,335,365,7,6,30
2025,3,11500611,발산1동,3751,4061,105,100,310
2025,3,11500615,우장산동,1267,1414,50,45,147
2025,3,11500620,공항동,1285,1433,34,41,148
2025,3,11500630,방화1동,1868,2084,71,64,216
2025,3,11500640,방화2동,1433,1575,26,42,142
2025,3,11500641,방화3동,507,555,7,4,48
2025,3,11530510,신도림동,1670,1880,20,72,210
2025,3,11530520,구로1동,506,557,8,10,51
2025,3,11530530,구로2동,4755,4884,54,66,129
2025,3,11530540,구로3동,3465,3896,85,105,431
2025,3,11530550,구로4동,1566,1655,47,54,89
2025,3,11530560,구로5동,2560,2803,50,79,243
2025,3,11530595,가리봉동,729,750,20,28,21
2025,3,11530720,고척1동,1225,1386,21,30,161
2025,3,11530730,고척2동,1011,1096,24,29,85
2025,3,11530740,개봉1동,1174,1286,26,38,112
2025,3,11530750,개봉2동,723,829,22,27,106
2025,3,11530760,개봉3동,663,733,17,13,70
2025,3,11530770,오류1동,865,947,20,24,82
2025,3,11530780,오류2동,966,1085,24,35,119
2025,3,11530790,수궁동,624,691,9,21,67
2025,3,11530800,항동,367,434,12,16,67
2025,3,11545510,가산동,8021,8719,163,217,698
2025,3,11545610,독산1동,2262,2535,52,59,273
2025,3,11545620,독산2동,683,760,18,19,77
2025,3,11545630,독산3동,1251,1343,38,38,92
2025,3,11545640,독산4동,611,672,16,17,61
2025,3,11545670,시흥1동,2056,2276,59,69,220
2025,3,11545680,시흥2동,356,393,5,8,37
2025,3,11545690,시흥3동,940,977,8,16,37
2025,3,11545700,시흥4동,432,463,11,14,31
2025,3,11545710,시흥5동,711,786,25,20,75
2025,3,11560515,영등포본동,1218,1338,22,31,120
2025,3,11560535,영등포동,3787,4191,97,92,404
2025,3,11560540,여의동,5149,5766,109,140,617
2025,3,11560550,당산1동,2453,2640,61,85,187
2025,3,11560560,당산2동,1781,1995,59,49,214
2025,3,11560585,도림동,697,753,21,26,56
2025,3,11560605,문래동,2669,2897,72,77,228
2025,3,11560610,양평1동,1233,1349,37,33,116
2025,3,11560620,양평2동,1458,1594,43,41,136
2025,3,11560630,신길1동,798,871,20,22,73
2025,3,11560650,신길3동,716,766,19,16,50
2025,3,11560660,신길4동,337,375,7,19,38
2025,3,11560670,신길5동,287,319,4,12,32
2025,3,11560680,신길6동,957,1069,36,21,112
2025,3,11560690,신길7동,479,538,13,8,59
2025,3,11560700,대림1동,711,789,20,19,78
2025,3,11560710,대림2동,1203,1258,39,51,55
2025,3,11560720,대림3동,1423,1508,45,57,85
2025,3,11590510,노량진1동,1373,1568,39,45,195
2025,3,11590520,노량진2동,1395,1452,10,24,57
2025,3,11590530,상도1동,1376,1591,31,40,215
2025,3,11590540,상도2동,1040,1171,37,39,131
2025,3,11590550,상도3동,723,792,21,23,69
2025,3,11590560,상도4동,723,795,17,20,72
2025,3,11590605,흑석동,1153,1320,25,34,167
2025,3,11590620,사당1동,1478,1620,40,43,142
2025,3,11590630,사당2동,1353,1514,33,32,161
2025,3,11590640,사당3동,672,736,15,25,64
2025,3,11590650,사당4동,515,569,14,10,54
2025,3,11590651,사당5동,352,391,9,8,39
2025,3,11590660,대방동,1303,1464,37,21,161
2025,3,11590670,신대방1동,813,883,25,17,70
2025,3,11590680,신대방2동,957,1097,30,33,140
2025,3,11620525,보라매동,1176,1273,21,44,97
2025,3,11620545,청림동,370,401,6,7,31
2025,3,11620565,성현동,571,630,14,12,59
2025,3,11620575,행운동,1225,1359,36,39,134
2025,3,11620585,낙성대동,1212,1382,41,39,170
2025,3,11620595,청룡동,1645,1869,54,63,224
2025,3,11620605,은천동,1180,1313,31,32,133
2025,3,11620615,중앙동,810,915,26,23,105
2025,3,11620625,인헌동,862,953,25,29,91
2025,3,11620630,남현동,751,852,16,20,101
2025,3,11620645,서원동,1093,1292,33,42,199
2025,3,11620655,신원동,685,738,22,21,53
2025,3,11620665,서림동,639,706,15,25,67
2025,3,11620685,신사동,1061,1158,32,48,97
2025,3,11620695,신림동,1529,1701,57,67,172
2025,3,11620715,난향동,291,316,11,11,25
2025,3,11620725,조원동,1210,1327,31,37,117
2025,3,11620735,대학동,1079,1226,31,30,147
2025,3,11620745,삼성동,564,587,7,7,23
2025,3,11620765,미성동,996,1103,25,23,107
2025,3,11620775,난곡동,575,642,16,14,67
2025,3,11650510,서초1동,2986,3209,52,61,223
2025,3,11650520,서초2동,3773,4052,78,106,279
2025,3,11650530,서초3동,6756,7139,113,162,383
2025,3,11650531,서초4동,3163,3374,70,75,211
2025,3,11650540,잠원동,1843,1980,87,48,137
2025,3,11650550,반포본동,370,378,4,4,8
2025,3,11650560,반포1동,1668,1794,40,37,126
2025,3,11650570,반포2동,443,486,11,15,43
2025,3,11650580,반포3동,1084,1163,14,18,79
2025,3,11650581,반포4동,3051,3354,55,80,303
2025,3,11650590,방배본동,1283,1365,24,46,82
2025,3,11650600,방배1동,1315,1451,51,40,136
2025,3,11650610,방배2동,1344,1465,24,31,121
2025,3,11650620,방배3동,675,720,15,11,45
2025,3,11650621,방배4동,1798,1928,39,41,130
2025,3,11650651,양재1동,2702,2953,61,62,251
2025,3,11650652,양재2동,3388,3598,58,74,210
2025,3,11650660,내곡동,881,934,12,21,53
2025,3,11680510,신사동,4013,4281,98,107,268
2025,3,11680521,논현1동,4170,4455,104,127,285
2025,3,11680531,논현2동,4498,4833,102,121,335
2025,3,11680545,압구정동,4400,4633,119,99,233
2025,3,11680565,청담동,4420,4614,95,107,194
2025,3,11680580,삼성1동,3515,3809,57,76,294
2025,3,11680590,삼성2동,2937,3158,70,84,221
2025,3,11680600,대치1동,1035,1143,21,28,108
2025,3,11680610,대치2동,2885,3139,52,74,254
2025,3,11680630,대치4동,3776,4131,92,94,355
2025,3,11680640,역삼1동,11096,12024,256,313,928
2025,3,11680650,역삼2동,3051,3271,85,96,220
2025,3,11680655,도곡1동,1315,1429,31,32,114
2025,3,11680656,도곡2동,1509,1614,24,27,105
2025,3,11680660,개포1동,196,205,1,2,9
2025,3,11680670,개포2동,938,1036,24,24,98
2025,3,11680690,개포4동,1442,1543,25,34,101
2025,3,11680700,세곡동,1233,1397,30,41,164
2025,3,11680720,일원본동,410,457,6,8,47
2025,3,11680730,일원1동,693,782,11,12,89
2025,3,11680740,일원2동,405,437,6,9,32
2025,3,11680750,수서동,767,874,6,13,107
2025,3,11710510,풍납1동,424,459,9,12,35
2025,3,11710520,풍납2동,779,849,13,15,70
2025,3,11710531,거여1동,552,597,10,21,45
2025,3,11710532,거여2동,667,758,14,22,91
2025,3,11710540,마천1동,564,600,12,23,36
2025,3,11710550,마천2동,864,938,15,21,74
2025,3,11710561,방이1동,1144,1258,36,38,114
2025,3,11710562,방이2동,2498,2748,80,79,250
2025,3,11710566,오륜동,424,482,8,13,58
2025,3,11710570,오금동,1687,1802,37,38,115
2025,3,11710580,송파1동,1845,2005,56,48,160
2025,3,11710590,송파2동,818,912,24,21,94
2025,3,11710600,석촌동,2352,2587,82,73,235
2025,3,11710610,삼전동,1538,1708,41,50,170
2025,3,11710620,가락본동,2393,2607,62,78,214
2025,3,11710631,가락1동,3431,3503,15,40,72
2025,3,11710632,가락2동,1497,1636,30,41,139
2025,3,11710641,문정1동,1112,1199,24,30,87
2025,3,11710642,문정2동,5712,6164,114,177,452
2025,3,11710646,장지동,939,1029,24,22,90
2025,3,11710647,위례동,909,1090,46,48,181
2025,3,11710650,잠실본동,2745,3090,81,100,345
2025,3,11710670,잠실2동,846,942,25,21,96
2025,3,11710680,잠실3동,1554,1703,18,30,149
2025,3,11710690,잠실4동,325,371,7,9,46
2025,3,11710710,잠실6동,1693,1903,42,39,210
2025,3,11710720,잠실7동,184,194,2,3,10
2025,3,11740515,강일동,853,1009,38,19,156
2025,3,11740520,상일동,867,975,16,15,108
2025,3,11740530,명일1동,1461,1622,36,63,161
2025,3,11740540,명일2동,997,1141,26,21,144
2025,3,11740550,고덕1동,537,608,10,11,71
2025,3,11740560,고덕2동,895,1042,44,31,147
2025,3,11740570,암사1동,1277,1393,43,52,116
2025,3,11740580,암사2동,628,703,10,10,75
2025,3,11740590,암사3동,532,587,11,17,55
2025,3,11740600,천호1동,1036,1144,29,51,108
2025,3,11740610,천호2동,2914,3197,53,65,283
2025,3,11740620,천호3동,1392,1533,38,52,141
2025,3,11740640,성내1동,1221,1342,29,32,121
2025,3,11740650,성내2동,1421,1546,44,33,125
2025,3,11740660,성내3동,1904,2073,48,40,169
2025,3,11740685,길동,2742,3013,77,104,271
2025,3,11740690,둔촌1동,162,214,47,5,52
2025,3,11740700,둔촌2동,1066,1153,21,25,87
