연도,분기,행정동_코드,행정동_코드_명,총_유동인구_수
2020,1,11110515,청운효자동,3612274
2020,1,11110530,사직동,3962616
2020,1,11110540,삼청동,896467
2020,1,11110550,부암동,1289447
2020,1,11110560,평창동,1039818
2020,1,11110570,무악동,1961315
2020,1,11110580,교남동,3330946
2020,1,11110600,가회동,1341490
2020,1,11110615,종로1234가동,13522182
2020,1,11110630,종로56가동,6533193
2020,1,11110640,이화동,3861053
2020,1,11110650,혜화동,8331297
2020,1,11110670,창신1동,3624150
2020,1,11110680,창신2동,5870010
2020,1,11110690,창신3동,856530
2020,1,11110700,숭인1동,2462665
2020,1,11110710,숭인2동,5878009
2020,1,11140520,소공동,2536048
2020,1,11140540,회현동,4446571
2020,1,11140550,명동,5055905
2020,1,11140570,필동,2170595
2020,1,11140580,장충동,2173660
2020,1,11140590,광희동,5945600
2020,1,11140605,을지로동,4973973
2020,1,11140615,신당동,6030407
2020,1,11140625,다산동,4632750
2020,1,11140635,약수동,2820085
2020,1,11140645,청구동,3733581
2020,1,11140650,신당5동,4964450
2020,1,11140665,동화동,3091253
2020,1,11140670,황학동,6199908
2020,1,11140680,중림동,2160290
2020,1,11170510,후암동,4934169
2020,1,11170520,용산2가동,4934733
2020,1,11170530,남영동,2239022
2020,1,11170555,청파동,8412857
2020,1,11170560,원효로1동,5302852
2020,1,11170570,원효로2동,3724609
2020,1,11170580,효창동,4112049
2020,1,11170590,용문동,3276869
2020,1,11170625,한강로동,4958607
2020,1,11170630,이촌1동,5421279
2020,1,11170640,이촌2동,1905419
2020,1,11170650,이태원1동,2497588
2020,1,11170660,이태원2동,3396366
2020,1,11170685,한남동,7252958
2020,1,11170690,서빙고동,2086802
2020,1,11170700,보광동,4872737
2020,1,11200520,왕십리2동,5354686
2020,1,11200535,왕십리도선동,5704385
2020,1,11200540,마장동,6324687
2020,1,11200550,사근동,4373484
2020,1,11200560,행당1동,5730530
2020,1,11200570,행당2동,4443791
2020,1,11200580,응봉동,3465866
2020,1,11200590,금호1가동,4082172
2020,1,11200615,금호23가동,7030499
2020,1,11200620,금호4가동,3242120
2020,1,11200645,옥수동,3298833
2020,1,11200650,성수1가1동,2986535
2020,1,11200660,성수1가2동,6312444
2020,1,11200670,성수2가1동,5509678
2020,1,11200690,성수2가3동,5692383
2020,1,11200720,송정동,3396646
2020,1,11200790,용답동,3149214
2020,1,11215710,화양동,9347518
2020,1,11215730,군자동,5377666
2020,1,11215740,중곡1동,4552413
2020,1,11215750,중곡2동,5437606
2020,1,11215760,중곡3동,5424691
2020,1,11215770,중곡4동,7728066
2020,1,11215780,능동,2600331
2020,1,11215810,광장동,6723060
2020,1,11215820,자양1동,9201605
2020,1,11215830,자양2동,5318703
2020,1,11215840,자양3동,7701288
2020,1,11215847,자양4동,8044789
2020,1,11215850,구의1동,6818044
2020,1,11215860,구의2동,7304476
2020,1,11215870,구의3동,6891769
2020,1,11230536,용신동,14384853
2020,1,11230545,제기동,11639217
2020,1,11230560,전농1동,11719440
2020,1,11230570,전농2동,2759961
2020,1,11230600,답십리1동,7189265
2020,1,11230610,답십리2동,8088878
2020,1,11230650,장안1동,9832980
2020,1,11230660,장안2동,7543272
2020,1,11230705,청량리동,7293369
2020,1,11230710,회기동,5175095
2020,1,11230720,휘경1동,5800073
2020,1,11230730,휘경2동,5213967
2020,1,11230740,이문1동,8943071
2020,1,11230750,이문2동,4975391
2020,1,11260520,면목2동,6953351
2020,1,11260540,면목4동,6022143
2020,1,11260550,면목5동,2418625
2020,1,11260565,면목본동,10926104
2020,1,11260570,면목7동,8016605
2020,1,11260575,면목38동,6999538
2020,1,11260580,상봉1동,5983454
2020,1,11260590,상봉2동,7656373
2020,1,11260600,중화1동,5958720
2020,1,11260610,중화2동,9411736
2020,1,11260620,묵1동,7766456
2020,1,11260630,묵2동,6062386
2020,1,11260655,망우본동,9805368
2020,1,11260660,망우3동,5049120
2020,1,11260680,신내1동,5581268
2020,1,11260690,신내2동,1991263
2020,1,11290525,성북동,4443145
2020,1,11290555,삼선동,10329237
2020,1,11290575,동선동,8815879
2020,1,11290580,돈암1동,3411635
2020,1,11290590,돈암2동,3083493
2020,1,11290600,안암동,5610971
2020,1,11290610,보문동,6563577
2020,1,11290620,정릉1동,5561288
2020,1,11290630,정릉2동,6095602
2020,1,11290640,정릉3동,2865894
2020,1,11290650,정릉4동,3802415
2020,1,11290660,길음1동,7269216
2020,1,11290685,길음2동,5019695
2020,1,11290705,종암동,11528475
2020,1,11290715,월곡1동,7491570
2020,1,11290725,월곡2동,7091382
2020,1,11290760,장위1동,6915046
2020,1,11290770,장위2동,6094547
2020,1,11290780,장위3동,3728914
2020,1,11290810,석관동,11196593
2020,1,11305534,삼양동,12189170
2020,1,11305535,미아동,8515342
2020,1,11305545,송중동,12895390
2020,1,11305555,송천동,13736946
2020,1,11305575,삼각산동,3582276
2020,1,11305595,번1동,8399030
2020,1,11305603,번2동,3563696
2020,1,11305608,번3동,4006974
2020,1,11305615,수유1동,7230831
2020,1,11305625,수유2동,7127664
2020,1,11305635,수유3동,11477637
2020,1,11305645,우이동,4325021
2020,1,11305660,인수동,9581326
2020,1,11320511,창1동,4977741
2020,1,11320512,창2동,9348813
2020,1,11320513,창3동,5292311
2020,1,11320514,창4동,3570538
2020,1,11320515,창5동,5307168
2020,1,11320521,도봉1동,3648124
2020,1,11320522,도봉2동,3337433
2020,1,11320660,쌍문1동,5498028
2020,1,11320670,쌍문2동,5314921
2020,1,11320680,쌍문3동,5387938
2020,1,11320681,쌍문4동,2998818
2020,1,11320690,방학1동,7467452
2020,1,11320700,방학2동,3579262
2020,1,11320710,방학3동,4131680
2020,1,11350560,월계1동,6148635
2020,1,11350570,월계2동,3994193
2020,1,11350580,월계3동,3012012
2020,1,11350595,공릉1동,11599897
2020,1,11350600,공릉2동,8111771
2020,1,11350611,하계1동,4274577
2020,1,11350612,하계2동,2776710
2020,1,11350619,중계본동,5824178
2020,1,11350621,중계1동,4197165
2020,1,11350624,중계4동,3818057
2020,1,11350625,중계23동,5448616
2020,1,11350630,상계1동,8038150
2020,1,11350640,상계2동,12026948
2020,1,11350665,상계34동,10180095
2020,1,11350670,상계5동,8123365
2020,1,11350695,상계67동,6325553
2020,1,11350700,상계8동,1112270
2020,1,11350710,상계9동,1777871
2020,1,11350720,상계10동,2621253
2020,1,11380510,녹번동,7230508
2020,1,11380520,불광1동,7400360
2020,1,11380530,불광2동,6483394
2020,1,11380551,갈현1동,9022836
2020,1,11380552,갈현2동,6794244
2020,1,11380560,구산동,5594265
2020,1,11380570,대조동,9611408
2020,1,11380580,응암1동,6266322
2020,1,11380590,응암2동,4199008
2020,1,11380600,응암3동,8101692
2020,1,11380625,역촌동,12712452
2020,1,11380631,신사1동,6634376
2020,1,11380632,신사2동,4235935
2020,1,11380640,증산동,3323023
2020,1,11380650,수색동,1627960
2020,1,11380690,진관동,6820586
2020,1,11410520,천연동,4639267
2020,1,11410555,북아현동,15414492
2020,1,11410565,충현동,8905082
2020,1,11410585,신촌동,9913370
2020,1,11410615,연희동,9504439
2020,1,11410620,홍제1동,6070882
2020,1,11410640,홍제3동,4535745
2020,1,11410655,홍제2동,2805832
2020,1,11410660,홍은1동,4101325
2020,1,11410685,홍은2동,4867202
2020,1,11410690,남가좌1동,2499766
2020,1,11410700,남가좌2동,6412707
2020,1,11410710,북가좌1동,3356952
2020,1,11410720,북가좌2동,13364721
2020,1,11440555,아현동,6492215
2020,1,11440565,공덕동,14840310
2020,1,11440585,도화동,5301231
2020,1,11440590,용강동,7347050
2020,1,11440600,대흥동,7518719
2020,1,11440610,염리동,3766875
2020,1,11440630,신수동,5801955
2020,1,11440655,서강동,6763420
2020,1,11440660,서교동,17358659
2020,1,11440680,합정동,5827273
2020,1,11440690,망원1동,6466857
2020,1,11440700,망원2동,6840919
2020,1,11440710,연남동,6811404
2020,1,11440720,성산1동,6489152
2020,1,11440730,성산2동,8296902
2020,1,11440740,상암동,5732417
2020,1,11470510,목1동,5817182
2020,1,11470520,목2동,7918501
2020,1,11470530,목3동,5321324
2020,1,11470540,목4동,6037355
2020,1,11470550,목5동,5283515
2020,1,11470560,신월1동,4438907
2020,1,11470570,신월2동,4383502
2020,1,11470580,신월3동,2964457
2020,1,11470590,신월4동,4168638
2020,1,11470600,신월5동,3136292
2020,1,11470610,신월6동,1240212
2020,1,11470611,신월7동,2580846
2020,1,11470620,신정1동,3658312
2020,1,11470630,신정2동,4775687
2020,1,11470640,신정3동,7109124
2020,1,11470650,신정4동,11736309
2020,1,11470670,신정6동,1859766
2020,1,11470680,신정7동,3894808
2020,1,11500510,염창동,8621636
2020,1,11500520,등촌1동,5045151
2020,1,11500530,등촌2동,4109846
2020,1,11500535,등촌3동,5502006
2020,1,11500540,화곡1동,17668826
2020,1,11500550,화곡2동,3714120
2020,1,11500560,화곡3동,4148281
2020,1,11500570,화곡4동,5063651
2020,1,11500590,화곡본동,9364350
2020,1,11500591,화곡6동,5360162
2020,1,11500593,화곡8동,7684649
2020,1,11500603,가양1동,3159244
2020,1,11500604,가양2동,1981785
2020,1,11500605,가양3동,1733390
2020,1,11500611,발산1동,5774220
2020,1,11500615,우장산동,7457985
2020,1,11500620,공항동,6188010
2020,1,11500630,방화1동,8328205
2020,1,11500640,방화2동,6740276
2020,1,11500641,방화3동,3422942
2020,1,11530510,신도림동,7036846
2020,1,11530520,구로1동,2383850
2020,1,11530530,구로2동,9524532
2020,1,11530540,구로3동,7991423
2020,1,11530550,구로4동,6207027
2020,1,11530560,구로5동,6717450
2020,1,11530595,가리봉동,2830200
2020,1,11530720,고척1동,4781469
2020,1,11530730,고척2동,6371811
2020,1,11530740,개봉1동,7659787
2020,1,11530750,개봉2동,4367177
2020,1,11530760,개봉3동,3328429
2020,1,11530770,오류1동,4165949
2020,1,11530780,오류2동,5843687
2020,1,11530790,수궁동,2477666
2020,1,11530800,항동,800396
2020,1,11545510,가산동,4105258
2020,1,11545610,독산1동,5306119
2020,1,11545620,독산2동,3439562
2020,1,11545630,독산3동,5759682
2020,1,11545640,독산4동,4972002
2020,1,11545670,시흥1동,6617319
2020,1,11545680,시흥2동,1630891
2020,1,11545690,시흥3동,1404048
2020,1,11545700,시흥4동,3172263
2020,1,11545710,시흥5동,4004753
2020,1,11560515,영등포본동,7940872
2020,1,11560535,영등포동,9707766
2020,1,11560540,여의동,5698787
2020,1,11560550,당산1동,7276008
2020,1,11560560,당산2동,9120249
2020,1,11560585,도림동,5692338
2020,1,11560605,문래동,10880482
2020,1,11560610,양평1동,5494418
2020,1,11560620,양평2동,5351962
2020,1,11560630,신길1동,5927566
2020,1,11560650,신길3동,8009573
2020,1,11560660,신길4동,2604585
2020,1,11560670,신길5동,2604809
2020,1,11560680,신길6동,5142878
2020,1,11560690,신길7동,3394542
2020,1,11560700,대림1동,3980979
2020,1,11560710,대림2동,4410033
2020,1,11560720,대림3동,7492464
2020,1,11590510,노량진1동,8407997
2020,1,11590520,노량진2동,4979485
2020,1,11590530,상도1동,9576365
2020,1,11590540,상도2동,5959785
2020,1,11590550,상도3동,4911293
2020,1,11590560,상도4동,7177260
2020,1,11590605,흑석동,7898368
2020,1,11590620,사당1동,7685427
2020,1,11590630,사당2동,8418193
2020,1,11590640,사당3동,5809660
2020,1,11590650,사당4동,4082730
2020,1,11590651,사당5동,3177397
2020,1,11590660,대방동,6985044
2020,1,11590670,신대방1동,3281823
2020,1,11590680,신대방2동,5580735
2020,1,11620525,보라매동,4660369
2020,1,11620545,청림동,2914895
2020,1,11620565,성현동,6257281
2020,1,11620575,행운동,7791549
2020,1,11620585,낙성대동,6308562
2020,1,11620595,청룡동,11362414
2020,1,11620605,은천동,8099746
2020,1,11620615,중앙동,7222924
2020,1,11620625,인헌동,6371833
2020,1,11620630,남현동,5596371
2020,1,11620645,서원동,6352127
2020,1,11620655,신원동,6680770
2020,1,11620665,서림동,6001957
2020,1,11620685,신사동,8514358
2020,1,11620695,신림동,9840473
2020,1,11620715,난향동,1414011
2020,1,11620725,조원동,6924157
2020,1,11620735,대학동,6840776
2020,1,11620745,삼성동,8272206
2020,1,11620765,미성동,6475177
2020,1,11620775,난곡동,6492676
2020,1,11650510,서초1동,7535045
2020,1,11650520,서초2동,6438347
2020,1,11650530,서초3동,12228180
2020,1,11650531,서초4동,7163411
2020,1,11650540,잠원동,7534805
2020,1,11650550,반포본동,867406
2020,1,11650560,반포1동,7922838
2020,1,11650570,반포2동,1390276
2020,1,11650580,반포3동,2671987
2020,1,11650581,반포4동,5095157
2020,1,11650590,방배본동,5917707
2020,1,11650600,방배1동,4809604
2020,1,11650610,방배2동,5897055
2020,1,11650620,방배3동,3959969
2020,1,11650621,방배4동,6740115
2020,1,11650651,양재1동,7901395
2020,1,11650652,양재2동,6065962
2020,1,11650660,내곡동,2625456
2020,1,11680510,신사동,7366490
2020,1,11680521,논현1동,11093461
2020,1,11680531,논현2동,11978744
2020,1,11680545,압구정동,8476769
2020,1,11680565,청담동,9722878
2020,1,11680580,삼성1동,5221837
2020,1,11680590,삼성2동,10146138
2020,1,11680600,대치1동,4954510
2020,1,11680610,대치2동,6466310
2020,1,11680630,대치4동,9415915
2020,1,11680640,역삼1동,22585453
2020,1,11680650,역삼2동,12170404
2020,1,11680655,도곡1동,5605489
2020,1,11680656,도곡2동,4177660
2020,1,11680660,개포1동,579863
2020,1,11680670,개포2동,1794568
2020,1,11680690,개포4동,3770987
2020,1,11680700,세곡동,3721963
2020,1,11680720,일원본동,3555153
2020,1,11680730,일원1동,3648489
2020,1,11680740,일원2동,920855
2020,1,11680750,수서동,2584242
2020,1,11710510,풍납1동,5680612
2020,1,11710520,풍납2동,7431121
2020,1,11710531,거여1동,3449147
2020,1,11710532,거여2동,3359115
2020,1,11710540,마천1동,4096311
2020,1,11710550,마천2동,6103649
2020,1,11710561,방이1동,3335569
2020,1,11710562,방이2동,6581751
2020,1,11710566,오륜동,805959
2020,1,11710570,오금동,9740495
2020,1,11710580,송파1동,6383757
2020,1,11710590,송파2동,3893970
2020,1,11710600,석촌동,8085790
2020,1,11710610,삼전동,7603618
2020,1,11710620,가락본동,7839325
2020,1,11710631,가락1동,890139
2020,1,11710632,가락2동,7229493
2020,1,11710641,문정1동,4992105
2020,1,11710642,문정2동,3384333
2020,1,11710646,장지동,8449315
2020,1,11710647,위례동,3027322
2020,1,11710650,잠실본동,8339616
2020,1,11710670,잠실2동,2495219
2020,1,11710680,잠실3동,3644567
2020,1,11710690,잠실4동,2358723
2020,1,11710710,잠실6동,2522720
2020,1,11710720,잠실7동,991821
2020,1,11740515,강일동,3998389
2020,1,11740520,상일동,1996607
2020,1,11740530,명일1동,5187682
2020,1,11740540,명일2동,2281495
2020,1,11740550,고덕1동,2643571
2020,1,11740560,고덕2동,1519834
2020,1,11740570,암사1동,10374942
2020,1,11740580,암사2동,2915693
2020,1,11740590,암사3동,1319481
2020,1,11740600,천호1동,19289079
2020,1,11740610,천호2동,12541943
2020,1,11740620,천호3동,8744525
2020,1,11740640,성내1동,6456726
2020,1,11740650,성내2동,9499154
2020,1,11740660,성내3동,7102907
2020,1,11740685,길동,15397118
2020,1,11740690,둔촌1동,10984
2020,1,11740700,둔촌2동,8380409
2020,2,11110515,청운효자동,3706408
2020,2,11110530,사직동,3894780
2020,2,11110540,삼청동,907997
2020,2,11110550,부암동,1299559
2020,2,11110560,평창동,1058353
2020,2,11110570,무악동,1915687
2020,2,11110580,교남동,3212381
2020,2,11110600,가회동,1300742
2020,2,11110615,종로1234가동,12911280
2020,2,11110630,종로56가동,6565822
2020,2,11110640,이화동,3726616
2020,2,11110650,혜화동,8464684
2020,2,11110670,창신1동,3684491
2020,2,11110680,창신2동,5943314
2020,2,11110690,창신3동,879367
2020,2,11110700,숭인1동,2487792
2020,2,11110710,숭인2동,5916659
2020,2,11140520,소공동,2364477
2020,2,11140540,회현동,4366822
2020,2,11140550,명동,4416896
2020,2,11140570,필동,1983949
2020,2,11140580,장충동,2138258
2020,2,11140590,광희동,5940741
2020,2,11140605,을지로동,4911733
2020,2,11140615,신당동,5950993
2020,2,11140625,다산동,4559353
2020,2,11140635,약수동,2823293
2020,2,11140645,청구동,3761188
2020,2,11140650,신당5동,5098130
2020,2,11140665,동화동,3139947
2020,2,11140670,황학동,6372212
2020,2,11140680,중림동,2142510
2020,2,11170510,후암동,4951829
2020,2,11170520,용산2가동,4890740
2020,2,11170530,남영동,2125340
2020,2,11170555,청파동,8316892
2020,2,11170560,원효로1동,5326412
2020,2,11170570,원효로2동,3686695
2020,2,11170580,효창동,4277503
2020,2,11170590,용문동,3283284
2020,2,11170625,한강로동,4748579
2020,2,11170630,이촌1동,5574456
2020,2,11170640,이촌2동,1972241
2020,2,11170650,이태원1동,2118343
2020,2,11170660,이태원2동,3411783
2020,2,11170685,한남동,6644565
2020,2,11170690,서빙고동,2089116
2020,2,11170700,보광동,4632909
2020,2,11200520,왕십리2동,5238169
2020,2,11200535,왕십리도선동,5475901
2020,2,11200540,마장동,6391179
2020,2,11200550,사근동,4589780
2020,2,11200560,행당1동,4865052
2020,2,11200570,행당2동,4331480
2020,2,11200580,응봉동,3406112
2020,2,11200590,금호1가동,3889858
2020,2,11200615,금호23가동,6613940
2020,2,11200620,금호4가동,3582109
2020,2,11200645,옥수동,3279088
2020,2,11200650,성수1가1동,3013450
2020,2,11200660,성수1가2동,6286812
2020,2,11200670,성수2가1동,5743099
2020,2,11200690,성수2가3동,5238771
2020,2,11200720,송정동,3335709
2020,2,11200790,용답동,3104944
2020,2,11215710,화양동,8899559
2020,2,11215730,군자동,5305996
2020,2,11215740,중곡1동,4464256
2020,2,11215750,중곡2동,5357291
2020,2,11215760,중곡3동,5267014
2020,2,11215770,중곡4동,7567200
2020,2,11215780,능동,2586182
2020,2,11215810,광장동,6787201
2020,2,11215820,자양1동,8733957
2020,2,11215830,자양2동,5242004
2020,2,11215840,자양3동,7426919
2020,2,11215847,자양4동,8386161
2020,2,11215850,구의1동,8037051
2020,2,11215860,구의2동,6716459
2020,2,11215870,구의3동,7302104
2020,2,11230536,용신동,14292094
2020,2,11230545,제기동,11842304
2020,2,11230560,전농1동,11501890
2020,2,11230570,전농2동,2846018
2020,2,11230600,답십리1동,7165278
2020,2,11230610,답십리2동,7931462
2020,2,11230650,장안1동,9390153
2020,2,11230660,장안2동,7609506
2020,2,11230705,청량리동,7066370
2020,2,11230710,회기동,5461247
2020,2,11230720,휘경1동,5686255
2020,2,11230730,휘경2동,5340560
2020,2,11230740,이문1동,9298446
2020,2,11230750,이문2동,4922852
2020,2,11260520,면목2동,6843980
2020,2,11260540,면목4동,5612508
2020,2,11260550,면목5동,2346061
2020,2,11260565,면목본동,11134267
2020,2,11260570,면목7동,8071577
2020,2,11260575,면목38동,6770108
2020,2,11260580,상봉1동,5867104
2020,2,11260590,상봉2동,7379435
2020,2,11260600,중화1동,5807756
2020,2,11260610,중화2동,9067135
2020,2,11260620,묵1동,7643709
2020,2,11260630,묵2동,5917001
2020,2,11260655,망우본동,9606221
2020,2,11260660,망우3동,4958819
2020,2,11260680,신내1동,5478451
2020,2,11260690,신내2동,2061998
2020,2,11290525,성북동,4382398
2020,2,11290555,삼선동,10296357
2020,2,11290575,동선동,8843542
2020,2,11290580,돈암1동,3367517
2020,2,11290590,돈암2동,2981471
2020,2,11290600,안암동,5942011
2020,2,11290610,보문동,6228802
2020,2,11290620,정릉1동,5594492
2020,2,11290630,정릉2동,6146262
2020,2,11290640,정릉3동,3017675
2020,2,11290650,정릉4동,3760413
2020,2,11290660,길음1동,7136598
2020,2,11290685,길음2동,5004254
2020,2,11290705,종암동,11351842
2020,2,11290715,월곡1동,7395365
2020,2,11290725,월곡2동,7102907
2020,2,11290760,장위1동,6852403
2020,2,11290770,장위2동,6127477
2020,2,11290780,장위3동,3734500
2020,2,11290810,석관동,11170413
2020,2,11305534,삼양동,11835929
2020,2,11305535,미아동,8413131
2020,2,11305545,송중동,12754808
2020,2,11305555,송천동,13474984
2020,2,11305575,삼각산동,3472827
2020,2,11305595,번1동,8181446
2020,2,11305603,번2동,3445371
2020,2,11305608,번3동,3897568
2020,2,11305615,수유1동,7089649
2020,2,11305625,수유2동,6946186
2020,2,11305635,수유3동,10859256
2020,2,11305645,우이동,4389770
2020,2,11305660,인수동,9427205
2020,2,11320511,창1동,4674343
2020,2,11320512,창2동,9100092
2020,2,11320513,창3동,5175596
2020,2,11320514,창4동,3933838
2020,2,11320515,창5동,5067449
2020,2,11320521,도봉1동,3790570
2020,2,11320522,도봉2동,3230898
2020,2,11320660,쌍문1동,5190286
2020,2,11320670,쌍문2동,5107470
2020,2,11320680,쌍문3동,5256835
2020,2,11320681,쌍문4동,2980575
2020,2,11320690,방학1동,7438393
2020,2,11320700,방학2동,3375357
2020,2,11320710,방학3동,4099320
2020,2,11350560,월계1동,6079676
2020,2,11350570,월계2동,3973060
2020,2,11350580,월계3동,2919253
2020,2,11350595,공릉1동,11497663
2020,2,11350600,공릉2동,8100029
2020,2,11350611,하계1동,4118421
2020,2,11350612,하계2동,2898788
2020,2,11350619,중계본동,5855876
2020,2,11350621,중계1동,4328963
2020,2,11350624,중계4동,3610618
2020,2,11350625,중계23동,5411956
2020,2,11350630,상계1동,8072887
2020,2,11350640,상계2동,11907844
2020,2,11350665,상계34동,10107427
2020,2,11350670,상계5동,7902217
2020,2,11350695,상계67동,6158665
2020,2,11350700,상계8동,1111606
2020,2,11350710,상계9동,1720642
2020,2,11350720,상계10동,2618391
2020,2,11380510,녹번동,7317379
2020,2,11380520,불광1동,7194453
2020,2,11380530,불광2동,6319742
2020,2,11380551,갈현1동,8792779
2020,2,11380552,갈현2동,6771683
2020,2,11380560,구산동,5690367
2020,2,11380570,대조동,9407317
2020,2,11380580,응암1동,6347281
2020,2,11380590,응암2동,4176308
2020,2,11380600,응암3동,7958028
2020,2,11380625,역촌동,12144343
2020,2,11380631,신사1동,6305502
2020,2,11380632,신사2동,4144697
2020,2,11380640,증산동,3359343
2020,2,11380650,수색동,1539040
2020,2,11380690,진관동,7134808
2020,2,11410520,천연동,4748604
2020,2,11410555,북아현동,14816380
2020,2,11410565,충현동,8670639
2020,2,11410585,신촌동,9755108
2020,2,11410615,연희동,9615012
2020,2,11410620,홍제1동,6130120
2020,2,11410640,홍제3동,4558126
2020,2,11410655,홍제2동,2753451
2020,2,11410660,홍은1동,3910747
2020,2,11410685,홍은2동,4773021
2020,2,11410690,남가좌1동,2427964
2020,2,11410700,남가좌2동,6465849
2020,2,11410710,북가좌1동,3296105
2020,2,11410720,북가좌2동,12941576
2020,2,11440555,아현동,6466011
2020,2,11440565,공덕동,14619360
2020,2,11440585,도화동,5568177
2020,2,11440590,용강동,7192060
2020,2,11440600,대흥동,7216856
2020,2,11440610,염리동,3816097
2020,2,11440630,신수동,5810871
2020,2,11440655,서강동,6515992
2020,2,11440660,서교동,16454127
2020,2,11440680,합정동,5678747
2020,2,11440690,망원1동,6779573
2020,2,11440700,망원2동,6752318
2020,2,11440710,연남동,6863865
2020,2,11440720,성산1동,6655252
2020,2,11440730,성산2동,8060137
2020,2,11440740,상암동,5590696
2020,2,11470510,목1동,5702051
2020,2,11470520,목2동,7440754
2020,2,11470530,목3동,5389210
2020,2,11470540,목4동,5961818
2020,2,11470550,목5동,5322134
2020,2,11470560,신월1동,4252707
2020,2,11470570,신월2동,4420284
2020,2,11470580,신월3동,2843378
2020,2,11470590,신월4동,3970336
2020,2,11470600,신월5동,3129921
2020,2,11470610,신월6동,1285234
2020,2,11470611,신월7동,2501637
2020,2,11470620,신정1동,3589912
2020,2,11470630,신정2동,4746932
2020,2,11470640,신정3동,6942906
2020,2,11470650,신정4동,11556767
2020,2,11470670,신정6동,1871358
2020,2,11470680,신정7동,3764996
2020,2,11500510,염창동,8645308
2020,2,11500520,등촌1동,4937447
2020,2,11500530,등촌2동,4284926
2020,2,11500535,등촌3동,5633396
2020,2,11500540,화곡1동,17178544
2020,2,11500550,화곡2동,3623004
2020,2,11500560,화곡3동,4023496
2020,2,11500570,화곡4동,5278876
2020,2,11500590,화곡본동,9306238
2020,2,11500591,화곡6동,5424519
2020,2,11500593,화곡8동,7292078
2020,2,11500603,가양1동,3107139
2020,2,11500604,가양2동,2317828
2020,2,11500605,가양3동,1729653
2020,2,11500611,발산1동,5914068
2020,2,11500615,우장산동,7702375
2020,2,11500620,공항동,6260183
2020,2,11500630,방화1동,8016575
2020,2,11500640,방화2동,6198746
2020,2,11500641,방화3동,3248347
2020,2,11530510,신도림동,6850364
2020,2,11530520,구로1동,2433418
2020,2,11530530,구로2동,9549569
2020,2,11530540,구로3동,7788832
2020,2,11530550,구로4동,6082120
2020,2,11530560,구로5동,6573516
2020,2,11530595,가리봉동,2852611
2020,2,11530720,고척1동,4606680
2020,2,11530730,고척2동,6248279
2020,2,11530740,개봉1동,7355439
2020,2,11530750,개봉2동,4358065
2020,2,11530760,개봉3동,3671907
2020,2,11530770,오류1동,4066225
2020,2,11530780,오류2동,5836194
2020,2,11530790,수궁동,2447115
2020,2,11530800,항동,822197
2020,2,11545510,가산동,4220586
2020,2,11545610,독산1동,4921273
2020,2,11545620,독산2동,3307089
2020,2,11545630,독산3동,5804454
2020,2,11545640,독산4동,4838870
2020,2,11545670,시흥1동,6264282
2020,2,11545680,시흥2동,1712856
2020,2,11545690,시흥3동,1343261
2020,2,11545700,시흥4동,3145309
2020,2,11545710,시흥5동,3810190
2020,2,11560515,영등포본동,7533300
2020,2,11560535,영등포동,9931957
2020,2,11560540,여의동,5545648
2020,2,11560550,당산1동,6417729
2020,2,11560560,당산2동,8754412
2020,2,11560585,도림동,5571696
2020,2,11560605,문래동,10659217
2020,2,11560610,양평1동,5576493
2020,2,11560620,양평2동,5087004
2020,2,11560630,신길1동,5833373
2020,2,11560650,신길3동,6867114
2020,2,11560660,신길4동,2498783
2020,2,11560670,신길5동,2455568
2020,2,11560680,신길6동,4951332
2020,2,11560690,신길7동,3511660
2020,2,11560700,대림1동,4950337
2020,2,11560710,대림2동,4480138
2020,2,11560720,대림3동,7107127
2020,2,11590510,노량진1동,8110687
2020,2,11590520,노량진2동,3791168
2020,2,11590530,상도1동,9423175
2020,2,11590540,상도2동,5873383
2020,2,11590550,상도3동,5549799
2020,2,11590560,상도4동,7485224
2020,2,11590605,흑석동,7877405
2020,2,11590620,사당1동,7662218
2020,2,11590630,사당2동,8062865
2020,2,11590640,사당3동,5373452
2020,2,11590650,사당4동,4027651
2020,2,11590651,사당5동,3943419
2020,2,11590660,대방동,6817270
2020,2,11590670,신대방1동,3219777
2020,2,11590680,신대방2동,5782879
2020,2,11620525,보라매동,4650762
2020,2,11620545,청림동,2787352
2020,2,11620565,성현동,6051887
2020,2,11620575,행운동,7591219
2020,2,11620585,낙성대동,6399498
2020,2,11620595,청룡동,11046264
2020,2,11620605,은천동,8228450
2020,2,11620615,중앙동,6359027
2020,2,11620625,인헌동,6143068
2020,2,11620630,남현동,5440175
2020,2,11620645,서원동,6502242
2020,2,11620655,신원동,6120905
2020,2,11620665,서림동,5851113
2020,2,11620685,신사동,8490220
2020,2,11620695,신림동,9658902
2020,2,11620715,난향동,1410427
2020,2,11620725,조원동,6840377
2020,2,11620735,대학동,6948351
2020,2,11620745,삼성동,8156732
2020,2,11620765,미성동,6380910
2020,2,11620775,난곡동,6313975
2020,2,11650510,서초1동,7367115
2020,2,11650520,서초2동,6228453
2020,2,11650530,서초3동,12183866
2020,2,11650531,서초4동,6852347
2020,2,11650540,잠원동,7502119
2020,2,11650550,반포본동,892862
2020,2,11650560,반포1동,7767981
2020,2,11650570,반포2동,1426918
2020,2,11650580,반포3동,2625314
2020,2,11650581,반포4동,5141080
2020,2,11650590,방배본동,5812650
2020,2,11650600,방배1동,4770086
2020,2,11650610,방배2동,5684999
2020,2,11650620,방배3동,4034364
2020,2,11650621,방배4동,6594285
2020,2,11650651,양재1동,8180389
2020,2,11650652,양재2동,6097634
2020,2,11650660,내곡동,2635674
2020,2,11680510,신사동,7405514
2020,2,11680521,논현1동,10627458
2020,2,11680531,논현2동,11200434
2020,2,11680545,압구정동,8393853
2020,2,11680565,청담동,10056763
2020,2,11680580,삼성1동,5170314
2020,2,11680590,삼성2동,9738884
2020,2,11680600,대치1동,4861199
2020,2,11680610,대치2동,6497875
2020,2,11680630,대치4동,9506191
2020,2,11680640,역삼1동,21889550
2020,2,11680650,역삼2동,11437713
2020,2,11680655,도곡1동,5533312
2020,2,11680656,도곡2동,4245811
2020,2,11680660,개포1동,598221
2020,2,11680670,개포2동,1782898
2020,2,11680690,개포4동,3583761
2020,2,11680700,세곡동,3597300
2020,2,11680720,일원본동,3621657
2020,2,11680730,일원1동,3613182
2020,2,11680740,일원2동,929850
2020,2,11680750,수서동,2476393
2020,2,11710510,풍납1동,5309520
2020,2,11710520,풍납2동,7246726
2020,2,11710531,거여1동,3400517
2020,2,11710532,거여2동,3111452
2020,2,11710540,마천1동,4032339
2020,2,11710550,마천2동,5914826
2020,2,11710561,방이1동,3281409
2020,2,11710562,방이2동,6456938
2020,2,11710566,오륜동,802823
2020,2,11710570,오금동,9805798
2020,2,11710580,송파1동,6201970
2020,2,11710590,송파2동,3807987
2020,2,11710600,석촌동,8075923
2020,2,11710610,삼전동,7262346
2020,2,11710620,가락본동,7583776
2020,2,11710631,가락1동,849284
2020,2,11710632,가락2동,7114830
2020,2,11710641,문정1동,4856225
2020,2,11710642,문정2동,3223114
2020,2,11710646,장지동,8235912
2020,2,11710647,위례동,3023298
2020,2,11710650,잠실본동,8066162
2020,2,11710670,잠실2동,2526193
2020,2,11710680,잠실3동,3564457
2020,2,11710690,잠실4동,2304433
2020,2,11710710,잠실6동,2436910
2020,2,11710720,잠실7동,945616
2020,2,11740515,강일동,4537913
2020,2,11740520,상일동,2841954
2020,2,11740530,명일1동,6030919
2020,2,11740540,명일2동,2242173
2020,2,11740550,고덕1동,3683468
2020,2,11740560,고덕2동,2300263
2020,2,11740570,암사1동,8892140
2020,2,11740580,암사2동,2897047
2020,2,11740590,암사3동,1407298
2020,2,11740600,천호1동,10901361
2020,2,11740610,천호2동,12065075
2020,2,11740620,천호3동,8624095
2020,2,11740640,성내1동,6455831
2020,2,11740650,성내2동,9218258
2020,2,11740660,성내3동,6825980
2020,2,11740685,길동,15611214
2020,2,11740690,둔촌1동,10890
2020,2,11740700,둔촌2동,7665678
2020,3,11110515,청운효자동,3670575
2020,3,11110530,사직동,3872536
2020,3,11110540,삼청동,862787
2020,3,11110550,부암동,1262176
2020,3,11110560,평창동,1042166
2020,3,11110570,무악동,1943223
2020,3,11110580,교남동,3210292
2020,3,11110600,가회동,1278240
2020,3,11110615,종로1234가동,12514082
2020,3,11110630,종로56가동,6459605
2020,3,11110640,이화동,3677496
2020,3,11110650,혜화동,8461025
2020,3,11110670,창신1동,3549995
2020,3,11110680,창신2동,5900600
2020,3,11110690,창신3동,899504
2020,3,11110700,숭인1동,2551600
2020,3,11110710,숭인2동,5838147
2020,3,11140520,소공동,2391536
2020,3,11140540,회현동,4177854
2020,3,11140550,명동,4347417
2020,3,11140570,필동,1964982
2020,3,11140580,장충동,2041092
2020,3,11140590,광희동,5867432
2020,3,11140605,을지로동,4822530
2020,3,11140615,신당동,5790153
2020,3,11140625,다산동,4545314
2020,3,11140635,약수동,2776374
2020,3,11140645,청구동,3770634
2020,3,11140650,신당5동,4981455
2020,3,11140665,동화동,3106582
2020,3,11140670,황학동,6076198
2020,3,11140680,중림동,2226145
2020,3,11170510,후암동,4916669
2020,3,11170520,용산2가동,4895447
2020,3,11170530,남영동,2096761
2020,3,11170555,청파동,8122336
2020,3,11170560,원효로1동,5403999
2020,3,11170570,원효로2동,3637632
2020,3,11170580,효창동,4273241
2020,3,11170590,용문동,3225311
2020,3,11170625,한강로동,4752559
2020,3,11170630,이촌1동,5389220
2020,3,11170640,이촌2동,1885304
2020,3,11170650,이태원1동,2059832
2020,3,11170660,이태원2동,3442137
2020,3,11170685,한남동,6302638
2020,3,11170690,서빙고동,2056834
2020,3,11170700,보광동,4532068
2020,3,11200520,왕십리2동,5181971
2020,3,11200535,왕십리도선동,5395529
2020,3,11200540,마장동,6205209
2020,3,11200550,사근동,4317540
2020,3,11200560,행당1동,4601077
2020,3,11200570,행당2동,4457209
2020,3,11200580,응봉동,3305654
2020,3,11200590,금호1가동,3758939
2020,3,11200615,금호23가동,6492655
2020,3,11200620,금호4가동,3580695
2020,3,11200645,옥수동,3371687
2020,3,11200650,성수1가1동,2967197
2020,3,11200660,성수1가2동,6276186
2020,3,11200670,성수2가1동,5654247
2020,3,11200690,성수2가3동,5390059
2020,3,11200720,송정동,3327093
2020,3,11200790,용답동,3184814
2020,3,11215710,화양동,8520874
2020,3,11215730,군자동,5304791
2020,3,11215740,중곡1동,4392682
2020,3,11215750,중곡2동,5233463
2020,3,11215760,중곡3동,5230476
2020,3,11215770,중곡4동,7522511
2020,3,11215780,능동,2553616
2020,3,11215810,광장동,6703507
2020,3,11215820,자양1동,8478804
2020,3,11215830,자양2동,5289607
2020,3,11215840,자양3동,7286764
2020,3,11215847,자양4동,8318337
2020,3,11215850,구의1동,7948386
2020,3,11215860,구의2동,6225374
2020,3,11215870,구의3동,7140306
2020,3,11230536,용신동,14011831
2020,3,11230545,제기동,11950370
2020,3,11230560,전농1동,11368931
2020,3,11230570,전농2동,2846507
2020,3,11230600,답십리1동,7046185
2020,3,11230610,답십리2동,7783187
2020,3,11230650,장안1동,9087210
2020,3,11230660,장안2동,7804521
2020,3,11230705,청량리동,6896608
2020,3,11230710,회기동,5199272
2020,3,11230720,휘경1동,5305258
2020,3,11230730,휘경2동,5191066
2020,3,11230740,이문1동,9095155
2020,3,11230750,이문2동,4876022
2020,3,11260520,면목2동,6758429
2020,3,11260540,면목4동,5494847
2020,3,11260550,면목5동,2391250
2020,3,11260565,면목본동,10921440
2020,3,11260570,면목7동,8071654
2020,3,11260575,면목38동,6700012
2020,3,11260580,상봉1동,5734953
2020,3,11260590,상봉2동,7124919
2020,3,11260600,중화1동,5900115
2020,3,11260610,중화2동,8924895
2020,3,11260620,묵1동,7700329
2020,3,11260630,묵2동,5784247
2020,3,11260655,망우본동,10245366
2020,3,11260660,망우3동,4950158
2020,3,11260680,신내1동,5533308
2020,3,11260690,신내2동,2114815
2020,3,11290525,성북동,4218348
2020,3,11290555,삼선동,10144754
2020,3,11290575,동선동,8582952
2020,3,11290580,돈암1동,3273948
2020,3,11290590,돈암2동,2983116
2020,3,11290600,안암동,5700846
2020,3,11290610,보문동,5969924
2020,3,11290620,정릉1동,5540103
2020,3,11290630,정릉2동,6235187
2020,3,11290640,정릉3동,2855606
2020,3,11290650,정릉4동,3661665
2020,3,11290660,길음1동,7069874
2020,3,11290685,길음2동,4657661
2020,3,11290705,종암동,11657401
2020,3,11290715,월곡1동,7438134
2020,3,11290725,월곡2동,6458101
2020,3,11290760,장위1동,6759061
2020,3,11290770,장위2동,5781957
2020,3,11290780,장위3동,3550668
2020,3,11290810,석관동,10889400
2020,3,11305534,삼양동,11548716
2020,3,11305535,미아동,8229653
2020,3,11305545,송중동,12788724
2020,3,11305555,송천동,13081417
2020,3,11305575,삼각산동,3387980
2020,3,11305595,번1동,8090753
2020,3,11305603,번2동,3374408
2020,3,11305608,번3동,3894080
2020,3,11305615,수유1동,7029614
2020,3,11305625,수유2동,6861792
2020,3,11305635,수유3동,10670504
2020,3,11305645,우이동,4354793
2020,3,11305660,인수동,9233721
2020,3,11320511,창1동,4370797
2020,3,11320512,창2동,9327729
2020,3,11320513,창3동,5216382
2020,3,11320514,창4동,4090556
2020,3,11320515,창5동,4801008
2020,3,11320521,도봉1동,3764061
2020,3,11320522,도봉2동,3216559
2020,3,11320660,쌍문1동,5129749
2020,3,11320670,쌍문2동,5070866
2020,3,11320680,쌍문3동,5182860
2020,3,11320681,쌍문4동,2919599
2020,3,11320690,방학1동,7494935
2020,3,11320700,방학2동,3275663
2020,3,11320710,방학3동,4075077
2020,3,11350560,월계1동,5790258
2020,3,11350570,월계2동,3953230
2020,3,11350580,월계3동,2914737
2020,3,11350595,공릉1동,11383865
2020,3,11350600,공릉2동,7929978
2020,3,11350611,하계1동,4122686
2020,3,11350612,하계2동,2900082
2020,3,11350619,중계본동,5744770
2020,3,11350621,중계1동,4279298
2020,3,11350624,중계4동,3573160
2020,3,11350625,중계23동,5327231
2020,3,11350630,상계1동,8134590
2020,3,11350640,상계2동,11589166
2020,3,11350665,상계34동,9999392
2020,3,11350670,상계5동,7763288
2020,3,11350695,상계67동,5957572
2020,3,11350700,상계8동,1095367
2020,3,11350710,상계9동,1714268
2020,3,11350720,상계10동,2483212
2020,3,11380510,녹번동,7630023
2020,3,11380520,불광1동,6987269
2020,3,11380530,불광2동,6308032
2020,3,11380551,갈현1동,8575629
2020,3,11380552,갈현2동,6799411
2020,3,11380560,구산동,5816113
2020,3,11380570,대조동,9140535
2020,3,11380580,응암1동,6514580
2020,3,11380590,응암2동,4211148
2020,3,11380600,응암3동,8039477
2020,3,11380625,역촌동,11829881
2020,3,11380631,신사1동,6155425
2020,3,11380632,신사2동,4077398
2020,3,11380640,증산동,3345873
2020,3,11380650,수색동,1676067
2020,3,11380690,진관동,7375178
2020,3,11410520,천연동,4693499
2020,3,11410555,북아현동,14005987
2020,3,11410565,충현동,8779297
2020,3,11410585,신촌동,9160955
2020,3,11410615,연희동,9417739
2020,3,11410620,홍제1동,6033940
2020,3,11410640,홍제3동,4599872
2020,3,11410655,홍제2동,2744296
2020,3,11410660,홍은1동,3820795
2020,3,11410685,홍은2동,4675514
2020,3,11410690,남가좌1동,2402499
2020,3,11410700,남가좌2동,6189139
2020,3,11410710,북가좌1동,3225697
2020,3,11410720,북가좌2동,12397439
2020,3,11440555,아현동,6417995
2020,3,11440565,공덕동,14368892
2020,3,11440585,도화동,5443514
2020,3,11440590,용강동,7083834
2020,3,11440600,대흥동,7076500
2020,3,11440610,염리동,3804844
2020,3,11440630,신수동,5638283
2020,3,11440655,서강동,6317299
2020,3,11440660,서교동,16386677
2020,3,11440680,합정동,5592303
2020,3,11440690,망원1동,6717644
2020,3,11440700,망원2동,6723526
2020,3,11440710,연남동,6923665
2020,3,11440720,성산1동,6635855
2020,3,11440730,성산2동,7825810
2020,3,11440740,상암동,5504544
2020,3,11470510,목1동,5490755
2020,3,11470520,목2동,7099107
2020,3,11470530,목3동,5346241
2020,3,11470540,목4동,5781696
2020,3,11470550,목5동,4927734
2020,3,11470560,신월1동,4066395
2020,3,11470570,신월2동,4470360
2020,3,11470580,신월3동,2717494
2020,3,11470590,신월4동,3990375
2020,3,11470600,신월5동,3063464
2020,3,11470610,신월6동,1337800
2020,3,11470611,신월7동,2464978
2020,3,11470620,신정1동,3646758
2020,3,11470630,신정2동,4640397
2020,3,11470640,신정3동,6906727
2020,3,11470650,신정4동,11040055
2020,3,11470670,신정6동,1848074
2020,3,11470680,신정7동,3726364
2020,3,11500510,염창동,8558764
2020,3,11500520,등촌1동,5037826
2020,3,11500530,등촌2동,4209715
2020,3,11500535,등촌3동,5507154
2020,3,11500540,화곡1동,17577704
2020,3,11500550,화곡2동,3690372
2020,3,11500560,화곡3동,4072831
2020,3,11500570,화곡4동,5151312
2020,3,11500590,화곡본동,9260277
2020,3,11500591,화곡6동,5559716
2020,3,11500593,화곡8동,7459946
2020,3,11500603,가양1동,3090178
2020,3,11500604,가양2동,2291251
2020,3,11500605,가양3동,1745525
2020,3,11500611,발산1동,5841237
2020,3,11500615,우장산동,7916637
2020,3,11500620,공항동,6391501
2020,3,11500630,방화1동,7777644
2020,3,11500640,방화2동,6064740
2020,3,11500641,방화3동,3169634
2020,3,11530510,신도림동,6445152
2020,3,11530520,구로1동,2368848
2020,3,11530530,구로2동,9529286
2020,3,11530540,구로3동,7901205
2020,3,11530550,구로4동,6144507
2020,3,11530560,구로5동,6634096
2020,3,11530595,가리봉동,2932766
2020,3,11530720,고척1동,4526565
2020,3,11530730,고척2동,6189951
2020,3,11530740,개봉1동,7336522
2020,3,11530750,개봉2동,4256129
2020,3,11530760,개봉3동,3551414
2020,3,11530770,오류1동,3995451
2020,3,11530780,오류2동,5804670
2020,3,11530790,수궁동,2422016
2020,3,11530800,항동,859978
2020,3,11545510,가산동,4337475
2020,3,11545610,독산1동,4915731
2020,3,11545620,독산2동,3389056
2020,3,11545630,독산3동,5583886
2020,3,11545640,독산4동,4771741
2020,3,11545670,시흥1동,6048611
2020,3,11545680,시흥2동,1707432
2020,3,11545690,시흥3동,1306001
2020,3,11545700,시흥4동,3113007
2020,3,11545710,시흥5동,3639397
2020,3,11560515,영등포본동,7535595
2020,3,11560535,영등포동,10217190
2020,3,11560540,여의동,5484227
2020,3,11560550,당산1동,6200864
2020,3,11560560,당산2동,8617953
2020,3,11560585,도림동,5509951
2020,3,11560605,문래동,10477448
2020,3,11560610,양평1동,5458309
2020,3,11560620,양평2동,5067848
2020,3,11560630,신길1동,5858793
2020,3,11560650,신길3동,6742157
2020,3,11560660,신길4동,2539114
2020,3,11560670,신길5동,2520214
2020,3,11560680,신길6동,5318532
2020,3,11560690,신길7동,3381252
2020,3,11560700,대림1동,4893627
2020,3,11560710,대림2동,4531174
2020,3,11560720,대림3동,7094578
2020,3,11590510,노량진1동,7598456
2020,3,11590520,노량진2동,3643679
2020,3,11590530,상도1동,9001767
2020,3,11590540,상도2동,5689631
2020,3,11590550,상도3동,5591210
2020,3,11590560,상도4동,7409548
2020,3,11590605,흑석동,7715032
2020,3,11590620,사당1동,7488141
2020,3,11590630,사당2동,7817441
2020,3,11590640,사당3동,5314326
2020,3,11590650,사당4동,4006888
2020,3,11590651,사당5동,3806516
2020,3,11590660,대방동,6809779
2020,3,11590670,신대방1동,3244290
2020,3,11590680,신대방2동,5465107
2020,3,11620525,보라매동,4631386
2020,3,11620545,청림동,2732670
2020,3,11620565,성현동,5869542
2020,3,11620575,행운동,7413114
2020,3,11620585,낙성대동,6189588
2020,3,11620595,청룡동,10902409
2020,3,11620605,은천동,8483773
2020,3,11620615,중앙동,6288121
2020,3,11620625,인헌동,6140018
2020,3,11620630,남현동,5372036
2020,3,11620645,서원동,6470344
2020,3,11620655,신원동,5900802
2020,3,11620665,서림동,5874810
2020,3,11620685,신사동,8267920
2020,3,11620695,신림동,9559590
2020,3,11620715,난향동,1426385
2020,3,11620725,조원동,6904391
2020,3,11620735,대학동,6565068
2020,3,11620745,삼성동,7898803
2020,3,11620765,미성동,6260339
2020,3,11620775,난곡동,6234979
2020,3,11650510,서초1동,7182283
2020,3,11650520,서초2동,6215312
2020,3,11650530,서초3동,12064996
2020,3,11650531,서초4동,6591922
2020,3,11650540,잠원동,7204368
2020,3,11650550,반포본동,870387
2020,3,11650560,반포1동,7448480
2020,3,11650570,반포2동,1478880
2020,3,11650580,반포3동,2599867
2020,3,11650581,반포4동,5101605
2020,3,11650590,방배본동,5960249
2020,3,11650600,방배1동,4731005
2020,3,11650610,방배2동,5630019
2020,3,11650620,방배3동,3979796
2020,3,11650621,방배4동,6347749
2020,3,11650651,양재1동,7967349
2020,3,11650652,양재2동,6102926
2020,3,11650660,내곡동,2642745
2020,3,11680510,신사동,7153564
2020,3,11680521,논현1동,10621362
2020,3,11680531,논현2동,11165118
2020,3,11680545,압구정동,8286570
2020,3,11680565,청담동,10140112
2020,3,11680580,삼성1동,5007342
2020,3,11680590,삼성2동,9485309
2020,3,11680600,대치1동,4835939
2020,3,11680610,대치2동,6369744
2020,3,11680630,대치4동,9779528
2020,3,11680640,역삼1동,21647617
2020,3,11680650,역삼2동,11705306
2020,3,11680655,도곡1동,5406279
2020,3,11680656,도곡2동,4188156
2020,3,11680660,개포1동,631922
2020,3,11680670,개포2동,1777340
2020,3,11680690,개포4동,3485493
2020,3,11680700,세곡동,3520367
2020,3,11680720,일원본동,3522048
2020,3,11680730,일원1동,3549951
2020,3,11680740,일원2동,944114
2020,3,11680750,수서동,2468970
2020,3,11710510,풍납1동,5222742
2020,3,11710520,풍납2동,7338032
2020,3,11710531,거여1동,3305319
2020,3,11710532,거여2동,3327092
2020,3,11710540,마천1동,4004291
2020,3,11710550,마천2동,5804410
2020,3,11710561,방이1동,3249401
2020,3,11710562,방이2동,6269355
2020,3,11710566,오륜동,770229
2020,3,11710570,오금동,9694512
2020,3,11710580,송파1동,6190413
2020,3,11710590,송파2동,3691011
2020,3,11710600,석촌동,8195441
2020,3,11710610,삼전동,7094959
2020,3,11710620,가락본동,7643741
2020,3,11710631,가락1동,841436
2020,3,11710632,가락2동,6938037
2020,3,11710641,문정1동,4667712
2020,3,11710642,문정2동,3140308
2020,3,11710646,장지동,8265749
2020,3,11710647,위례동,3149022
2020,3,11710650,잠실본동,7752434
2020,3,11710670,잠실2동,2480877
2020,3,11710680,잠실3동,3264582
2020,3,11710690,잠실4동,2257769
2020,3,11710710,잠실6동,2469652
2020,3,11710720,잠실7동,978088
2020,3,11740515,강일동,4563889
2020,3,11740520,상일동,2835700
2020,3,11740530,명일1동,6005678
2020,3,11740540,명일2동,2229424
2020,3,11740550,고덕1동,3694520
2020,3,11740560,고덕2동,2348359
2020,3,11740570,암사1동,8742099
2020,3,11740580,암사2동,2725788
2020,3,11740590,암사3동,1471235
2020,3,11740600,천호1동,10697227
2020,3,11740610,천호2동,11717391
2020,3,11740620,천호3동,8489446
2020,3,11740640,성내1동,6350021
2020,3,11740650,성내2동,9097823
2020,3,11740660,성내3동,6865082
2020,3,11740685,길동,15965702
2020,3,11740690,둔촌1동,10710
2020,3,11740700,둔촌2동,7258289
2020,4,11110515,청운효자동,3649597
2020,4,11110530,사직동,3824609
2020,4,11110540,삼청동,873527
2020,4,11110550,부암동,1295545
2020,4,11110560,평창동,1048445
2020,4,11110570,무악동,1967825
2020,4,11110580,교남동,3232440
2020,4,11110600,가회동,1270874
2020,4,11110615,종로1234가동,12014425
2020,4,11110630,종로56가동,6487756
2020,4,11110640,이화동,3683929
2020,4,11110650,혜화동,8403296
2020,4,11110670,창신1동,3581560
2020,4,11110680,창신2동,5738051
2020,4,11110690,창신3동,892259
2020,4,11110700,숭인1동,2517996
2020,4,11110710,숭인2동,5723201
2020,4,11140520,소공동,2284346
2020,4,11140540,회현동,4024538
2020,4,11140550,명동,4271006
2020,4,11140570,필동,1977902
2020,4,11140580,장충동,2021659
2020,4,11140590,광희동,5919261
2020,4,11140605,을지로동,4657252
2020,4,11140615,신당동,5751376
2020,4,11140625,다산동,4449658
2020,4,11140635,약수동,2653745
2020,4,11140645,청구동,3765743
2020,4,11140650,신당5동,4847489
2020,4,11140665,동화동,2963270
2020,4,11140670,황학동,6000529
2020,4,11140680,중림동,2162498
2020,4,11170510,후암동,4898304
2020,4,11170520,용산2가동,4838174
2020,4,11170530,남영동,2086443
2020,4,11170555,청파동,7895988
2020,4,11170560,원효로1동,5265258
2020,4,11170570,원효로2동,3592241
2020,4,11170580,효창동,4286210
2020,4,11170590,용문동,3185611
2020,4,11170625,한강로동,4970579
2020,4,11170630,이촌1동,5299891
2020,4,11170640,이촌2동,1609518
2020,4,11170650,이태원1동,2165338
2020,4,11170660,이태원2동,3251109
2020,4,11170685,한남동,6137315
2020,4,11170690,서빙고동,2013099
2020,4,11170700,보광동,4521692
2020,4,11200520,왕십리2동,5044051
2020,4,11200535,왕십리도선동,5302422
2020,4,11200540,마장동,6056412
2020,4,11200550,사근동,4329465
2020,4,11200560,행당1동,4322642
2020,4,11200570,행당2동,4495188
2020,4,11200580,응봉동,3257968
2020,4,11200590,금호1가동,3912815
2020,4,11200615,금호23가동,6656318
2020,4,11200620,금호4가동,3463960
2020,4,11200645,옥수동,3312126
2020,4,11200650,성수1가1동,2941758
2020,4,11200660,성수1가2동,6007087
2020,4,11200670,성수2가1동,5571322
2020,4,11200690,성수2가3동,5308158
2020,4,11200720,송정동,3337221
2020,4,11200790,용답동,3287000
2020,4,11215710,화양동,8488134
2020,4,11215730,군자동,5278530
2020,4,11215740,중곡1동,4345561
2020,4,11215750,중곡2동,5101966
2020,4,11215760,중곡3동,5221128
2020,4,11215770,중곡4동,7490490
2020,4,11215780,능동,2537231
2020,4,11215810,광장동,6543634
2020,4,11215820,자양1동,8557386
2020,4,11215830,자양2동,5121059
2020,4,11215840,자양3동,7215615
2020,4,11215847,자양4동,8054334
2020,4,11215850,구의1동,8081790
2020,4,11215860,구의2동,6206518
2020,4,11215870,구의3동,7325639
2020,4,11230536,용신동,14165366
2020,4,11230545,제기동,11830628
2020,4,11230560,전농1동,11553486
2020,4,11230570,전농2동,2853012
2020,4,11230600,답십리1동,6890821
2020,4,11230610,답십리2동,7588133
2020,4,11230650,장안1동,8968062
2020,4,11230660,장안2동,7765970
2020,4,11230705,청량리동,6689863
2020,4,11230710,회기동,5252611
2020,4,11230720,휘경1동,5179183
2020,4,11230730,휘경2동,5046462
2020,4,11230740,이문1동,9312221
2020,4,11230750,이문2동,4837737
2020,4,11260520,면목2동,6787424
2020,4,11260540,면목4동,5535704
2020,4,11260550,면목5동,2254537
2020,4,11260565,면목본동,10713104
2020,4,11260570,면목7동,8105106
2020,4,11260575,면목38동,6612988
2020,4,11260580,상봉1동,5793794
2020,4,11260590,상봉2동,7152143
2020,4,11260600,중화1동,5885824
2020,4,11260610,중화2동,8856470
2020,4,11260620,묵1동,8055560
2020,4,11260630,묵2동,5744471
2020,4,11260655,망우본동,10856799
2020,4,11260660,망우3동,4915445
2020,4,11260680,신내1동,5636430
2020,4,11260690,신내2동,2073848
2020,4,11290525,성북동,4124477
2020,4,11290555,삼선동,10173329
2020,4,11290575,동선동,8358589
2020,4,11290580,돈암1동,3282144
2020,4,11290590,돈암2동,3097909
2020,4,11290600,안암동,5880741
2020,4,11290610,보문동,5868319
2020,4,11290620,정릉1동,5438362
2020,4,11290630,정릉2동,6271576
2020,4,11290640,정릉3동,2908079
2020,4,11290650,정릉4동,3635905
2020,4,11290660,길음1동,7142191
2020,4,11290685,길음2동,4604086
2020,4,11290705,종암동,11773634
2020,4,11290715,월곡1동,7460704
2020,4,11290725,월곡2동,6086217
2020,4,11290760,장위1동,6832733
2020,4,11290770,장위2동,5430488
2020,4,11290780,장위3동,3397049
2020,4,11290810,석관동,11379789
2020,4,11305534,삼양동,11659207
2020,4,11305535,미아동,8195925
2020,4,11305545,송중동,12487476
2020,4,11305555,송천동,12945116
2020,4,11305575,삼각산동,3617297
2020,4,11305595,번1동,7987367
2020,4,11305603,번2동,3486821
2020,4,11305608,번3동,3841025
2020,4,11305615,수유1동,7141020
2020,4,11305625,수유2동,6522903
2020,4,11305635,수유3동,10736779
2020,4,11305645,우이동,4374328
2020,4,11305660,인수동,9247447
2020,4,11320511,창1동,4356409
2020,4,11320512,창2동,9623839
2020,4,11320513,창3동,4841661
2020,4,11320514,창4동,4031839
2020,4,11320515,창5동,4704380
2020,4,11320521,도봉1동,3792751
2020,4,11320522,도봉2동,3399208
2020,4,11320660,쌍문1동,5179711
2020,4,11320670,쌍문2동,5055989
2020,4,11320680,쌍문3동,5235279
2020,4,11320681,쌍문4동,2868909
2020,4,11320690,방학1동,7406058
2020,4,11320700,방학2동,3301090
2020,4,11320710,방학3동,3766161
2020,4,11350560,월계1동,6017795
2020,4,11350570,월계2동,3898503
2020,4,11350580,월계3동,2927892
2020,4,11350595,공릉1동,11222552
2020,4,11350600,공릉2동,8021101
2020,4,11350611,하계1동,4203582
2020,4,11350612,하계2동,2904691
2020,4,11350619,중계본동,5690543
2020,4,11350621,중계1동,4320372
2020,4,11350624,중계4동,3551948
2020,4,11350625,중계23동,5269685
2020,4,11350630,상계1동,8082051
2020,4,11350640,상계2동,11308700
2020,4,11350665,상계34동,9938575
2020,4,11350670,상계5동,7502306
2020,4,11350695,상계67동,6174049
2020,4,11350700,상계8동,1066059
2020,4,11350710,상계9동,1729098
2020,4,11350720,상계10동,2478280
2020,4,11380510,녹번동,7661238
2020,4,11380520,불광1동,6872397
2020,4,11380530,불광2동,6178608
2020,4,11380551,갈현1동,8537359
2020,4,11380552,갈현2동,6704303
2020,4,11380560,구산동,5673492
2020,4,11380570,대조동,8714412
2020,4,11380580,응암1동,6626119
2020,4,11380590,응암2동,4238179
2020,4,11380600,응암3동,7898510
2020,4,11380625,역촌동,12334931
2020,4,11380631,신사1동,6293493
2020,4,11380632,신사2동,4031876
2020,4,11380640,증산동,3261339
2020,4,11380650,수색동,1726300
2020,4,11380690,진관동,7391354
2020,4,11410520,천연동,4794289
2020,4,11410555,북아현동,15701874
2020,4,11410565,충현동,9212409
2020,4,11410585,신촌동,8524868
2020,4,11410615,연희동,9042588
2020,4,11410620,홍제1동,5912469
2020,4,11410640,홍제3동,4509702
2020,4,11410655,홍제2동,2684868
2020,4,11410660,홍은1동,3972882
2020,4,11410685,홍은2동,4901426
2020,4,11410690,남가좌1동,2265231
2020,4,11410700,남가좌2동,6040038
2020,4,11410710,북가좌1동,3246984
2020,4,11410720,북가좌2동,12569139
2020,4,11440555,아현동,6534926
2020,4,11440565,공덕동,14044484
2020,4,11440585,도화동,5393473
2020,4,11440590,용강동,6938685
2020,4,11440600,대흥동,6892117
2020,4,11440610,염리동,3820324
2020,4,11440630,신수동,5676210
2020,4,11440655,서강동,6451510
2020,4,11440660,서교동,15519735
2020,4,11440680,합정동,5449608
2020,4,11440690,망원1동,6680549
2020,4,11440700,망원2동,6630824
2020,4,11440710,연남동,6646075
2020,4,11440720,성산1동,6497973
2020,4,11440730,성산2동,7713036
2020,4,11440740,상암동,5414416
2020,4,11470510,목1동,5332142
2020,4,11470520,목2동,7108092
2020,4,11470530,목3동,5487029
2020,4,11470540,목4동,5961490
2020,4,11470550,목5동,4909786
2020,4,11470560,신월1동,4169782
2020,4,11470570,신월2동,4427187
2020,4,11470580,신월3동,2766337
2020,4,11470590,신월4동,3927029
2020,4,11470600,신월5동,2783927
2020,4,11470610,신월6동,1275052
2020,4,11470611,신월7동,2272353
2020,4,11470620,신정1동,3591596
2020,4,11470630,신정2동,4647542
2020,4,11470640,신정3동,6856419
2020,4,11470650,신정4동,10756358
2020,4,11470670,신정6동,1897727
2020,4,11470680,신정7동,3673837
2020,4,11500510,염창동,8622399
2020,4,11500520,등촌1동,5087890
2020,4,11500530,등촌2동,4047235
2020,4,11500535,등촌3동,5505602
2020,4,11500540,화곡1동,17630152
2020,4,11500550,화곡2동,3862803
2020,4,11500560,화곡3동,4060843
2020,4,11500570,화곡4동,4864279
2020,4,11500590,화곡본동,9192838
2020,4,11500591,화곡6동,5536084
2020,4,11500593,화곡8동,7449547
2020,4,11500603,가양1동,3114078
2020,4,11500604,가양2동,2245479
2020,4,11500605,가양3동,1749766
2020,4,11500611,발산1동,5869763
2020,4,11500615,우장산동,7825895
2020,4,11500620,공항동,6241041
2020,4,11500630,방화1동,7828340
2020,4,11500640,방화2동,5959169
2020,4,11500641,방화3동,3158919
2020,4,11530510,신도림동,6541694
2020,4,11530520,구로1동,2375461
2020,4,11530530,구로2동,9251803
2020,4,11530540,구로3동,7090658
2020,4,11530550,구로4동,6510891
2020,4,11530560,구로5동,6751418
2020,4,11530595,가리봉동,3048422
2020,4,11530720,고척1동,4545313
2020,4,11530730,고척2동,6179258
2020,4,11530740,개봉1동,7397717
2020,4,11530750,개봉2동,4115847
2020,4,11530760,개봉3동,3556902
2020,4,11530770,오류1동,3949626
2020,4,11530780,오류2동,5784521
2020,4,11530790,수궁동,2445457
2020,4,11530800,항동,872522
2020,4,11545510,가산동,4332252
2020,4,11545610,독산1동,4951292
2020,4,11545620,독산2동,3935713
2020,4,11545630,독산3동,5598467
2020,4,11545640,독산4동,4048607
2020,4,11545670,시흥1동,5982653
2020,4,11545680,시흥2동,1763207
2020,4,11545690,시흥3동,1299863
2020,4,11545700,시흥4동,3068930
2020,4,11545710,시흥5동,3775124
2020,4,11560515,영등포본동,7482844
2020,4,11560535,영등포동,10130175
2020,4,11560540,여의동,5446347
2020,4,11560550,당산1동,6221352
2020,4,11560560,당산2동,8501426
2020,4,11560585,도림동,5379087
2020,4,11560605,문래동,10303301
2020,4,11560610,양평1동,5260534
2020,4,11560620,양평2동,4924683
2020,4,11560630,신길1동,5853308
2020,4,11560650,신길3동,6835793
2020,4,11560660,신길4동,2699695
2020,4,11560670,신길5동,2587616
2020,4,11560680,신길6동,5300383
2020,4,11560690,신길7동,3514938
2020,4,11560700,대림1동,5224545
2020,4,11560710,대림2동,4373401
2020,4,11560720,대림3동,7025308
2020,4,11590510,노량진1동,7178786
2020,4,11590520,노량진2동,3715534
2020,4,11590530,상도1동,9114593
2020,4,11590540,상도2동,5629025
2020,4,11590550,상도3동,5590203
2020,4,11590560,상도4동,6929105
2020,4,11590605,흑석동,7256254
2020,4,11590620,사당1동,7664099
2020,4,11590630,사당2동,7482804
2020,4,11590640,사당3동,5147509
2020,4,11590650,사당4동,3981090
2020,4,11590651,사당5동,3456812
2020,4,11590660,대방동,6834570
2020,4,11590670,신대방1동,3221350
2020,4,11590680,신대방2동,5354590
2020,4,11620525,보라매동,4565057
2020,4,11620545,청림동,2718522
2020,4,11620565,성현동,5758808
2020,4,11620575,행운동,7209140
2020,4,11620585,낙성대동,6107027
2020,4,11620595,청룡동,10815373
2020,4,11620605,은천동,8583443
2020,4,11620615,중앙동,6437929
2020,4,11620625,인헌동,6129780
2020,4,11620630,남현동,5422155
2020,4,11620645,서원동,6029493
2020,4,11620655,신원동,6111122
2020,4,11620665,서림동,5717700
2020,4,11620685,신사동,7987805
2020,4,11620695,신림동,9261465
2020,4,11620715,난향동,1382106
2020,4,11620725,조원동,7131106
2020,4,11620735,대학동,6277378
2020,4,11620745,삼성동,7723522
2020,4,11620765,미성동,6006243
2020,4,11620775,난곡동,6239001
2020,4,11650510,서초1동,6797070
2020,4,11650520,서초2동,6377273
2020,4,11650530,서초3동,12320564
2020,4,11650531,서초4동,6439393
2020,4,11650540,잠원동,6919500
2020,4,11650550,반포본동,848583
2020,4,11650560,반포1동,7136819
2020,4,11650570,반포2동,1474328
2020,4,11650580,반포3동,2537065
2020,4,11650581,반포4동,5123902
2020,4,11650590,방배본동,5618200
2020,4,11650600,방배1동,4675858
2020,4,11650610,방배2동,5483908
2020,4,11650620,방배3동,4104081
2020,4,11650621,방배4동,6517242
2020,4,11650651,양재1동,7841713
2020,4,11650652,양재2동,6039047
2020,4,11650660,내곡동,2614982
2020,4,11680510,신사동,6968951
2020,4,11680521,논현1동,10081455
2020,4,11680531,논현2동,10887279
2020,4,11680545,압구정동,7888249
2020,4,11680565,청담동,9750425
2020,4,11680580,삼성1동,4746469
2020,4,11680590,삼성2동,9310529
2020,4,11680600,대치1동,4807976
2020,4,11680610,대치2동,6002268
2020,4,11680630,대치4동,9628627
2020,4,11680640,역삼1동,20382414
2020,4,11680650,역삼2동,11315519
2020,4,11680655,도곡1동,5171072
2020,4,11680656,도곡2동,4380166
2020,4,11680660,개포1동,694340
2020,4,11680670,개포2동,1721868
2020,4,11680690,개포4동,3551856
2020,4,11680700,세곡동,3557735
2020,4,11680720,일원본동,3543852
2020,4,11680730,일원1동,3608693
2020,4,11680740,일원2동,938649
2020,4,11680750,수서동,2402828
2020,4,11710510,풍납1동,5055524
2020,4,11710520,풍납2동,7351247
2020,4,11710531,거여1동,3183200
2020,4,11710532,거여2동,3583544
2020,4,11710540,마천1동,4381010
2020,4,11710550,마천2동,5684047
2020,4,11710561,방이1동,3317876
2020,4,11710562,방이2동,6165562
2020,4,11710566,오륜동,724012
2020,4,11710570,오금동,9871023
2020,4,11710580,송파1동,6197415
2020,4,11710590,송파2동,3565775
2020,4,11710600,석촌동,8299453
2020,4,11710610,삼전동,7012975
2020,4,11710620,가락본동,7588257
2020,4,11710631,가락1동,846748
2020,4,11710632,가락2동,6675287
2020,4,11710641,문정1동,4589861
2020,4,11710642,문정2동,3109117
2020,4,11710646,장지동,8288409
2020,4,11710647,위례동,3188372
2020,4,11710650,잠실본동,7620797
2020,4,11710670,잠실2동,2490877
2020,4,11710680,잠실3동,2954896
2020,4,11710690,잠실4동,2229006
2020,4,11710710,잠실6동,2418937
2020,4,11710720,잠실7동,990149
2020,4,11740515,강일동,4608300
2020,4,11740520,상일동,3041879
2020,4,11740530,명일1동,6010305
2020,4,11740540,명일2동,2218649
2020,4,11740550,고덕1동,3688413
2020,4,11740560,고덕2동,2523373
2020,4,11740570,암사1동,8856545
2020,4,11740580,암사2동,2412565
2020,4,11740590,암사3동,1642451
2020,4,11740600,천호1동,9879312
2020,4,11740610,천호2동,11390005
2020,4,11740620,천호3동,8203963
2020,4,11740640,성내1동,6277857
2020,4,11740650,성내2동,9301142
2020,4,11740660,성내3동,6524101
2020,4,11740685,길동,16015077
2020,4,11740690,둔촌1동,11347
2020,4,11740700,둔촌2동,7273534
2021,1,11110515,청운효자동,3668598
2021,1,11110530,사직동,3686557
2021,1,11110540,삼청동,849581
2021,1,11110550,부암동,1283595
2021,1,11110560,평창동,1041300
2021,1,11110570,무악동,1930634
2021,1,11110580,교남동,3163749
2021,1,11110600,가회동,1200734
2021,1,11110615,종로1234가동,11529957
2021,1,11110630,종로56가동,6357599
2021,1,11110640,이화동,3549213
2021,1,11110650,혜화동,7888102
2021,1,11110670,창신1동,3447091
2021,1,11110680,창신2동,5795279
2021,1,11110690,창신3동,889515
2021,1,11110700,숭인1동,2543633
2021,1,11110710,숭인2동,5516829
2021,1,11140520,소공동,2216750
2021,1,11140540,회현동,3868247
2021,1,11140550,명동,4090146
2021,1,11140570,필동,1910698
2021,1,11140580,장충동,1975671
2021,1,11140590,광희동,5648100
2021,1,11140605,을지로동,4539120
2021,1,11140615,신당동,5564426
2021,1,11140625,다산동,4430567
2021,1,11140635,약수동,2561138
2021,1,11140645,청구동,3785824
2021,1,11140650,신당5동,4773473
2021,1,11140665,동화동,2912356
2021,1,11140670,황학동,6074817
2021,1,11140680,중림동,2149130
2021,1,11170510,후암동,4860459
2021,1,11170520,용산2가동,5020584
2021,1,11170530,남영동,2128470
2021,1,11170555,청파동,7536374
2021,1,11170560,원효로1동,5233852
2021,1,11170570,원효로2동,3638402
2021,1,11170580,효창동,4359848
2021,1,11170590,용문동,3248799
2021,1,11170625,한강로동,5208918
2021,1,11170630,이촌1동,5170814
2021,1,11170640,이촌2동,1580952
2021,1,11170650,이태원1동,2201376
2021,1,11170660,이태원2동,3058790
2021,1,11170685,한남동,6074336
2021,1,11170690,서빙고동,1997783
2021,1,11170700,보광동,4585362
2021,1,11200520,왕십리2동,4970209
2021,1,11200535,왕십리도선동,5336619
2021,1,11200540,마장동,6040599
2021,1,11200550,사근동,4005310
2021,1,11200560,행당1동,4074871
2021,1,11200570,행당2동,4578123
2021,1,11200580,응봉동,3256020
2021,1,11200590,금호1가동,4092035
2021,1,11200615,금호23가동,6610625
2021,1,11200620,금호4가동,3269486
2021,1,11200645,옥수동,3461385
2021,1,11200650,성수1가1동,2994848
2021,1,11200660,성수1가2동,6075555
2021,1,11200670,성수2가1동,5558844
2021,1,11200690,성수2가3동,5395366
2021,1,11200720,송정동,3303721
2021,1,11200790,용답동,3409092
2021,1,11215710,화양동,8243811
2021,1,11215730,군자동,5437714
2021,1,11215740,중곡1동,4402678
2021,1,11215750,중곡2동,5118917
2021,1,11215760,중곡3동,5203198
2021,1,11215770,중곡4동,7536831
2021,1,11215780,능동,2505635
2021,1,11215810,광장동,6260194
2021,1,11215820,자양1동,8618392
2021,1,11215830,자양2동,5131627
2021,1,11215840,자양3동,7208178
2021,1,11215847,자양4동,7866172
2021,1,11215850,구의1동,8185057
2021,1,11215860,구의2동,6054708
2021,1,11215870,구의3동,7460437
2021,1,11230536,용신동,14024191
2021,1,11230545,제기동,11710539
2021,1,11230560,전농1동,11220855
2021,1,11230570,전농2동,2851745
2021,1,11230600,답십리1동,6762066
2021,1,11230610,답십리2동,7396216
2021,1,11230650,장안1동,9077169
2021,1,11230660,장안2동,7604476
2021,1,11230705,청량리동,6350338
2021,1,11230710,회기동,5039875
2021,1,11230720,휘경1동,5190359
2021,1,11230730,휘경2동,4875203
2021,1,11230740,이문1동,8960935
2021,1,11230750,이문2동,4919931
2021,1,11260520,면목2동,6561306
2021,1,11260540,면목4동,5682981
2021,1,11260550,면목5동,2250665
2021,1,11260565,면목본동,10802929
2021,1,11260570,면목7동,8064798
2021,1,11260575,면목38동,6583072
2021,1,11260580,상봉1동,5737549
2021,1,11260590,상봉2동,7277321
2021,1,11260600,중화1동,5925085
2021,1,11260610,중화2동,8881027
2021,1,11260620,묵1동,8144443
2021,1,11260630,묵2동,5867188
2021,1,11260655,망우본동,11255131
2021,1,11260660,망우3동,4734310
2021,1,11260680,신내1동,5685797
2021,1,11260690,신내2동,2056234
2021,1,11290525,성북동,4283858
2021,1,11290555,삼선동,10277438
2021,1,11290575,동선동,9708263
2021,1,11290580,돈암1동,3391171
2021,1,11290590,돈암2동,3139416
2021,1,11290600,안암동,5688819
2021,1,11290610,보문동,5809676
2021,1,11290620,정릉1동,5194632
2021,1,11290630,정릉2동,6163749
2021,1,11290640,정릉3동,2810197
2021,1,11290650,정릉4동,3673667
2021,1,11290660,길음1동,7271557
2021,1,11290685,길음2동,4685232
2021,1,11290705,종암동,11803451
2021,1,11290715,월곡1동,7542799
2021,1,11290725,월곡2동,5991154
2021,1,11290760,장위1동,6707601
2021,1,11290770,장위2동,5203450
2021,1,11290780,장위3동,2979533
2021,1,11290810,석관동,11381270
2021,1,11305534,삼양동,12076656
2021,1,11305535,미아동,8389702
2021,1,11305545,송중동,12199326
2021,1,11305555,송천동,12977711
2021,1,11305575,삼각산동,3823537
2021,1,11305595,번1동,7939343
2021,1,11305603,번2동,3554893
2021,1,11305608,번3동,3789600
2021,1,11305615,수유1동,7022682
2021,1,11305625,수유2동,6365708
2021,1,11305635,수유3동,10602694
2021,1,11305645,우이동,4411382
2021,1,11305660,인수동,9368343
2021,1,11320511,창1동,4302669
2021,1,11320512,창2동,10425677
2021,1,11320513,창3동,4510467
2021,1,11320514,창4동,3881740
2021,1,11320515,창5동,4701385
2021,1,11320521,도봉1동,3848925
2021,1,11320522,도봉2동,3563066
2021,1,11320660,쌍문1동,5215622
2021,1,11320670,쌍문2동,5043285
2021,1,11320680,쌍문3동,5394161
2021,1,11320681,쌍문4동,2930824
2021,1,11320690,방학1동,7460931
2021,1,11320700,방학2동,3791382
2021,1,11320710,방학3동,3635608
2021,1,11350560,월계1동,5597880
2021,1,11350570,월계2동,3732322
2021,1,11350580,월계3동,3008306
2021,1,11350595,공릉1동,11201342
2021,1,11350600,공릉2동,7866721
2021,1,11350611,하계1동,4114667
2021,1,11350612,하계2동,2971375
2021,1,11350619,중계본동,5704560
2021,1,11350621,중계1동,4420206
2021,1,11350624,중계4동,3508948
2021,1,11350625,중계23동,5053496
2021,1,11350630,상계1동,8039313
2021,1,11350640,상계2동,10793379
2021,1,11350665,상계34동,9938576
2021,1,11350670,상계5동,7526978
2021,1,11350695,상계67동,6987890
2021,1,11350700,상계8동,1008494
2021,1,11350710,상계9동,1689829
2021,1,11350720,상계10동,2481481
2021,1,11380510,녹번동,7259258
2021,1,11380520,불광1동,6852610
2021,1,11380530,불광2동,6093691
2021,1,11380551,갈현1동,8517329
2021,1,11380552,갈현2동,6778787
2021,1,11380560,구산동,5776732
2021,1,11380570,대조동,8967811
2021,1,11380580,응암1동,6666174
2021,1,11380590,응암2동,4321886
2021,1,11380600,응암3동,7781432
2021,1,11380625,역촌동,12439537
2021,1,11380631,신사1동,6475301
2021,1,11380632,신사2동,4011844
2021,1,11380640,증산동,3159247
2021,1,11380650,수색동,1718977
2021,1,11380690,진관동,7378907
2021,1,11410520,천연동,4788204
2021,1,11410555,북아현동,16115087
2021,1,11410565,충현동,9277414
2021,1,11410585,신촌동,8489241
2021,1,11410615,연희동,8606905
2021,1,11410620,홍제1동,5908256
2021,1,11410640,홍제3동,4289385
2021,1,11410655,홍제2동,2840743
2021,1,11410660,홍은1동,4111832
2021,1,11410685,홍은2동,4970983
2021,1,11410690,남가좌1동,2269978
2021,1,11410700,남가좌2동,5776276
2021,1,11410710,북가좌1동,3084397
2021,1,11410720,북가좌2동,13191291
2021,1,11440555,아현동,6472028
2021,1,11440565,공덕동,14194077
2021,1,11440585,도화동,5447873
2021,1,11440590,용강동,7105730
2021,1,11440600,대흥동,6396187
2021,1,11440610,염리동,3635016
2021,1,11440630,신수동,5768360
2021,1,11440655,서강동,6313554
2021,1,11440660,서교동,14844660
2021,1,11440680,합정동,5496839
2021,1,11440690,망원1동,6887240
2021,1,11440700,망원2동,6590877
2021,1,11440710,연남동,6866678
2021,1,11440720,성산1동,6456092
2021,1,11440730,성산2동,7748487
2021,1,11440740,상암동,5315031
2021,1,11470510,목1동,5162607
2021,1,11470520,목2동,7233186
2021,1,11470530,목3동,5458863
2021,1,11470540,목4동,5979636
2021,1,11470550,목5동,5118896
2021,1,11470560,신월1동,4225064
2021,1,11470570,신월2동,4524167
2021,1,11470580,신월3동,2801535
2021,1,11470590,신월4동,3887909
2021,1,11470600,신월5동,2795547
2021,1,11470610,신월6동,1247121
2021,1,11470611,신월7동,2216080
2021,1,11470620,신정1동,3565889
2021,1,11470630,신정2동,4691289
2021,1,11470640,신정3동,7191670
2021,1,11470650,신정4동,10808525
2021,1,11470670,신정6동,2128000
2021,1,11470680,신정7동,3670123
2021,1,11500510,염창동,8713046
2021,1,11500520,등촌1동,5333136
2021,1,11500530,등촌2동,3867720
2021,1,11500535,등촌3동,5479176
2021,1,11500540,화곡1동,18330920
2021,1,11500550,화곡2동,3899082
2021,1,11500560,화곡3동,4063855
2021,1,11500570,화곡4동,4912698
2021,1,11500590,화곡본동,9240937
2021,1,11500591,화곡6동,5601973
2021,1,11500593,화곡8동,8071576
2021,1,11500603,가양1동,3072799
2021,1,11500604,가양2동,2248528
2021,1,11500605,가양3동,1725839
2021,1,11500611,발산1동,5878665
2021,1,11500615,우장산동,7710580
2021,1,11500620,공항동,6185410
2021,1,11500630,방화1동,8057271
2021,1,11500640,방화2동,5753557
2021,1,11500641,방화3동,3122596
2021,1,11530510,신도림동,6494229
2021,1,11530520,구로1동,2288503
2021,1,11530530,구로2동,9462520
2021,1,11530540,구로3동,7219595
2021,1,11530550,구로4동,6289989
2021,1,11530560,구로5동,6720172
2021,1,11530595,가리봉동,3253887
2021,1,11530720,고척1동,4537797
2021,1,11530730,고척2동,6178478
2021,1,11530740,개봉1동,7839293
2021,1,11530750,개봉2동,4164846
2021,1,11530760,개봉3동,3626622
2021,1,11530770,오류1동,3780869
2021,1,11530780,오류2동,5812397
2021,1,11530790,수궁동,2465348
2021,1,11530800,항동,909350
2021,1,11545510,가산동,4603792
2021,1,11545610,독산1동,4930077
2021,1,11545620,독산2동,3871161
2021,1,11545630,독산3동,5821769
2021,1,11545640,독산4동,3999619
2021,1,11545670,시흥1동,5960732
2021,1,11545680,시흥2동,1853184
2021,1,11545690,시흥3동,1232318
2021,1,11545700,시흥4동,3154514
2021,1,11545710,시흥5동,3755684
2021,1,11560515,영등포본동,7616392
2021,1,11560535,영등포동,10267744
2021,1,11560540,여의동,5545026
2021,1,11560550,당산1동,6303938
2021,1,11560560,당산2동,8436837
2021,1,11560585,도림동,5376822
2021,1,11560605,문래동,10230164
2021,1,11560610,양평1동,5255225
2021,1,11560620,양평2동,4837939
2021,1,11560630,신길1동,5894730
2021,1,11560650,신길3동,6873657
2021,1,11560660,신길4동,2944874
2021,1,11560670,신길5동,2739422
2021,1,11560680,신길6동,5518124
2021,1,11560690,신길7동,3553686
2021,1,11560700,대림1동,5663041
2021,1,11560710,대림2동,4528153
2021,1,11560720,대림3동,7352263
2021,1,11590510,노량진1동,6652111
2021,1,11590520,노량진2동,3617582
2021,1,11590530,상도1동,9032240
2021,1,11590540,상도2동,5424050
2021,1,11590550,상도3동,5710568
2021,1,11590560,상도4동,7106786
2021,1,11590605,흑석동,7168246
2021,1,11590620,사당1동,7418479
2021,1,11590630,사당2동,7586967
2021,1,11590640,사당3동,5268016
2021,1,11590650,사당4동,4040519
2021,1,11590651,사당5동,3354207
2021,1,11590660,대방동,7105944
2021,1,11590670,신대방1동,3259644
2021,1,11590680,신대방2동,5247204
2021,1,11620525,보라매동,4509430
2021,1,11620545,청림동,3256524
2021,1,11620565,성현동,5585602
2021,1,11620575,행운동,7423124
2021,1,11620585,낙성대동,6093352
2021,1,11620595,청룡동,10824516
2021,1,11620605,은천동,8214333
2021,1,11620615,중앙동,6531050
2021,1,11620625,인헌동,6090204
2021,1,11620630,남현동,5238294
2021,1,11620645,서원동,5938757
2021,1,11620655,신원동,6333446
2021,1,11620665,서림동,5675338
2021,1,11620685,신사동,8130936
2021,1,11620695,신림동,9444146
2021,1,11620715,난향동,1390282
2021,1,11620725,조원동,7313049
2021,1,11620735,대학동,6375178
2021,1,11620745,삼성동,7728428
2021,1,11620765,미성동,6109384
2021,1,11620775,난곡동,6241321
2021,1,11650510,서초1동,7123036
2021,1,11650520,서초2동,6289732
2021,1,11650530,서초3동,12076584
2021,1,11650531,서초4동,6478817
2021,1,11650540,잠원동,6722777
2021,1,11650550,반포본동,845422
2021,1,11650560,반포1동,7034185
2021,1,11650570,반포2동,1451886
2021,1,11650580,반포3동,2588182
2021,1,11650581,반포4동,5242028
2021,1,11650590,방배본동,5595578
2021,1,11650600,방배1동,4684050
2021,1,11650610,방배2동,5468124
2021,1,11650620,방배3동,4187299
2021,1,11650621,방배4동,6489945
2021,1,11650651,양재1동,7960084
2021,1,11650652,양재2동,6047281
2021,1,11650660,내곡동,2604982
2021,1,11680510,신사동,7007734
2021,1,11680521,논현1동,9911878
2021,1,11680531,논현2동,11362882
2021,1,11680545,압구정동,7663872
2021,1,11680565,청담동,9762282
2021,1,11680580,삼성1동,4622374
2021,1,11680590,삼성2동,9385440
2021,1,11680600,대치1동,4741485
2021,1,11680610,대치2동,5886605
2021,1,11680630,대치4동,9662104
2021,1,11680640,역삼1동,20019322
2021,1,11680650,역삼2동,11359424
2021,1,11680655,도곡1동,5209619
2021,1,11680656,도곡2동,4325805
2021,1,11680660,개포1동,724209
2021,1,11680670,개포2동,1654712
2021,1,11680690,개포4동,3605057
2021,1,11680700,세곡동,3621527
2021,1,11680720,일원본동,3548451
2021,1,11680730,일원1동,3663208
2021,1,11680740,일원2동,936876
2021,1,11680750,수서동,2316566
2021,1,11710510,풍납1동,5252868
2021,1,11710520,풍납2동,7388875
2021,1,11710531,거여1동,3321589
2021,1,11710532,거여2동,3662645
2021,1,11710540,마천1동,4087700
2021,1,11710550,마천2동,5742194
2021,1,11710561,방이1동,3327933
2021,1,11710562,방이2동,6164826
2021,1,11710566,오륜동,718871
2021,1,11710570,오금동,9868028
2021,1,11710580,송파1동,6475838
2021,1,11710590,송파2동,3627445
2021,1,11710600,석촌동,8114089
2021,1,11710610,삼전동,7044043
2021,1,11710620,가락본동,7680228
2021,1,11710631,가락1동,802127
2021,1,11710632,가락2동,6438448
2021,1,11710641,문정1동,4587973
2021,1,11710642,문정2동,3078617
2021,1,11710646,장지동,8483553
2021,1,11710647,위례동,3257318
2021,1,11710650,잠실본동,7609379
2021,1,11710670,잠실2동,2459725
2021,1,11710680,잠실3동,2896847
2021,1,11710690,잠실4동,2179920
2021,1,11710710,잠실6동,2423293
2021,1,11710720,잠실7동,965095
2021,1,11740515,강일동,4709390
2021,1,11740520,상일동,3306129
2021,1,11740530,명일1동,5887022
2021,1,11740540,명일2동,2262774
2021,1,11740550,고덕1동,3721152
2021,1,11740560,고덕2동,2651335
2021,1,11740570,암사1동,8898390
2021,1,11740580,암사2동,2312230
2021,1,11740590,암사3동,1637468
2021,1,11740600,천호1동,9702766
2021,1,11740610,천호2동,11296219
2021,1,11740620,천호3동,8224071
2021,1,11740640,성내1동,6296514
2021,1,11740650,성내2동,9385854
2021,1,11740660,성내3동,6801782
2021,1,11740685,길동,15827160
2021,1,11740690,둔촌1동,10871
2021,1,11740700,둔촌2동,6941531
2021,2,11110515,청운효자동,3759011
2021,2,11110530,사직동,3845446
2021,2,11110540,삼청동,907225
2021,2,11110550,부암동,1275477
2021,2,11110560,평창동,1038128
2021,2,11110570,무악동,1925029
2021,2,11110580,교남동,3093172
2021,2,11110600,가회동,1272481
2021,2,11110615,종로1234가동,12905012
2021,2,11110630,종로56가동,6612006
2021,2,11110640,이화동,3746653
2021,2,11110650,혜화동,8170514
2021,2,11110670,창신1동,3612347
2021,2,11110680,창신2동,5644573
2021,2,11110690,창신3동,864119
2021,2,11110700,숭인1동,2553019
2021,2,11110710,숭인2동,5515585
2021,2,11140520,소공동,2395043
2021,2,11140540,회현동,4190646
2021,2,11140550,명동,4423882
2021,2,11140570,필동,2091685
2021,2,11140580,장충동,2052515
2021,2,11140590,광희동,6100604
2021,2,11140605,을지로동,4957437
2021,2,11140615,신당동,5809012
2021,2,11140625,다산동,4426072
2021,2,11140635,약수동,2494939
2021,2,11140645,청구동,3611179
2021,2,11140650,신당5동,4748354
2021,2,11140665,동화동,2838487
2021,2,11140670,황학동,6150455
2021,2,11140680,중림동,2213756
2021,2,11170510,후암동,4831927
2021,2,11170520,용산2가동,5071107
2021,2,11170530,남영동,2171374
2021,2,11170555,청파동,7533794
2021,2,11170560,원효로1동,5353997
2021,2,11170570,원효로2동,3590760
2021,2,11170580,효창동,4223267
2021,2,11170590,용문동,3189419
2021,2,11170625,한강로동,5331045
2021,2,11170630,이촌1동,5109361
2021,2,11170640,이촌2동,1735178
2021,2,11170650,이태원1동,2382413
2021,2,11170660,이태원2동,3014085
2021,2,11170685,한남동,6122475
2021,2,11170690,서빙고동,1967148
2021,2,11170700,보광동,4506387
2021,2,11200520,왕십리2동,4717184
2021,2,11200535,왕십리도선동,5799524
2021,2,11200540,마장동,5881829
2021,2,11200550,사근동,4280773
2021,2,11200560,행당1동,4105788
2021,2,11200570,행당2동,4564428
2021,2,11200580,응봉동,3154027
2021,2,11200590,금호1가동,4222838
2021,2,11200615,금호23가동,6368198
2021,2,11200620,금호4가동,3224065
2021,2,11200645,옥수동,3370110
2021,2,11200650,성수1가1동,3137863
2021,2,11200660,성수1가2동,6486786
2021,2,11200670,성수2가1동,5507045
2021,2,11200690,성수2가3동,5600474
2021,2,11200720,송정동,3309598
2021,2,11200790,용답동,3339697
2021,2,11215710,화양동,8597576
2021,2,11215730,군자동,5495863
2021,2,11215740,중곡1동,4318972
2021,2,11215750,중곡2동,4936835
2021,2,11215760,중곡3동,4883343
2021,2,11215770,중곡4동,7196395
2021,2,11215780,능동,2541120
2021,2,11215810,광장동,6157371
2021,2,11215820,자양1동,8478014
2021,2,11215830,자양2동,5021527
2021,2,11215840,자양3동,7180742
2021,2,11215847,자양4동,7826367
2021,2,11215850,구의1동,7914320
2021,2,11215860,구의2동,5903704
2021,2,11215870,구의3동,7343704
2021,2,11230536,용신동,13994395
2021,2,11230545,제기동,11938893
2021,2,11230560,전농1동,11258899
2021,2,11230570,전농2동,2751953
2021,2,11230600,답십리1동,6638860
2021,2,11230610,답십리2동,7068123
2021,2,11230650,장안1동,9211850
2021,2,11230660,장안2동,7440641
2021,2,11230705,청량리동,6132887
2021,2,11230710,회기동,5234174
2021,2,11230720,휘경1동,5360619
2021,2,11230730,휘경2동,4947676
2021,2,11230740,이문1동,9213731
2021,2,11230750,이문2동,4739768
2021,2,11260520,면목2동,6275224
2021,2,11260540,면목4동,5457210
2021,2,11260550,면목5동,2172512
2021,2,11260565,면목본동,10486172
2021,2,11260570,면목7동,7861484
2021,2,11260575,면목38동,6520486
2021,2,11260580,상봉1동,5639415
2021,2,11260590,상봉2동,7111990
2021,2,11260600,중화1동,5713318
2021,2,11260610,중화2동,8571895
2021,2,11260620,묵1동,7970835
2021,2,11260630,묵2동,5772179
2021,2,11260655,망우본동,11085396
2021,2,11260660,망우3동,4569294
2021,2,11260680,신내1동,5444572
2021,2,11260690,신내2동,1989815
2021,2,11290525,성북동,4325235
2021,2,11290555,삼선동,10364876
2021,2,11290575,동선동,9576297
2021,2,11290580,돈암1동,3243385
2021,2,11290590,돈암2동,3046519
2021,2,11290600,안암동,5926901
2021,2,11290610,보문동,5681478
2021,2,11290620,정릉1동,5002685
2021,2,11290630,정릉2동,5955730
2021,2,11290640,정릉3동,2893726
2021,2,11290650,정릉4동,3580755
2021,2,11290660,길음1동,7037290
2021,2,11290685,길음2동,4507452
2021,2,11290705,종암동,11642992
2021,2,11290715,월곡1동,7464218
2021,2,11290725,월곡2동,5900398
2021,2,11290760,장위1동,6537662
2021,2,11290770,장위2동,5221989
2021,2,11290780,장위3동,3159868
2021,2,11290810,석관동,10961056
2021,2,11305534,삼양동,11558059
2021,2,11305535,미아동,8252040
2021,2,11305545,송중동,11887478
2021,2,11305555,송천동,12661950
2021,2,11305575,삼각산동,3646455
2021,2,11305595,번1동,7624848
2021,2,11305603,번2동,3426934
2021,2,11305608,번3동,3679942
2021,2,11305615,수유1동,7002048
2021,2,11305625,수유2동,6163604
2021,2,11305635,수유3동,10674830
2021,2,11305645,우이동,4417756
2021,2,11305660,인수동,9000592
2021,2,11320511,창1동,4562409
2021,2,11320512,창2동,9698861
2021,2,11320513,창3동,4276581
2021,2,11320514,창4동,3821701
2021,2,11320515,창5동,4596668
2021,2,11320521,도봉1동,3811591
2021,2,11320522,도봉2동,3486829
2021,2,11320660,쌍문1동,5167907
2021,2,11320670,쌍문2동,4925581
2021,2,11320680,쌍문3동,5369877
2021,2,11320681,쌍문4동,2795743
2021,2,11320690,방학1동,7290582
2021,2,11320700,방학2동,3690268
2021,2,11320710,방학3동,3520230
2021,2,11350560,월계1동,5642112
2021,2,11350570,월계2동,3754371
2021,2,11350580,월계3동,2945038
2021,2,11350595,공릉1동,11102699
2021,2,11350600,공릉2동,7823921
2021,2,11350611,하계1동,4108390
2021,2,11350612,하계2동,2846635
2021,2,11350619,중계본동,5525346
2021,2,11350621,중계1동,4322414
2021,2,11350624,중계4동,3415159
2021,2,11350625,중계23동,4899815
2021,2,11350630,상계1동,7948358
2021,2,11350640,상계2동,10535897
2021,2,11350665,상계34동,9750583
2021,2,11350670,상계5동,7321974
2021,2,11350695,상계67동,6995954
2021,2,11350700,상계8동,1026482
2021,2,11350710,상계9동,1689953
2021,2,11350720,상계10동,2406646
2021,2,11380510,녹번동,6947317
2021,2,11380520,불광1동,6604670
2021,2,11380530,불광2동,5869004
2021,2,11380551,갈현1동,8213903
2021,2,11380552,갈현2동,6645717
2021,2,11380560,구산동,5619290
2021,2,11380570,대조동,9018508
2021,2,11380580,응암1동,6538756
2021,2,11380590,응암2동,4273709
2021,2,11380600,응암3동,7645122
2021,2,11380625,역촌동,12093391
2021,2,11380631,신사1동,6115209
2021,2,11380632,신사2동,3928611
2021,2,11380640,증산동,3024371
2021,2,11380650,수색동,1727958
2021,2,11380690,진관동,7246332
2021,2,11410520,천연동,4735143
2021,2,11410555,북아현동,16969165
2021,2,11410565,충현동,9678822
2021,2,11410585,신촌동,9190263
2021,2,11410615,연희동,8522554
2021,2,11410620,홍제1동,5835422
2021,2,11410640,홍제3동,4163953
2021,2,11410655,홍제2동,2731465
2021,2,11410660,홍은1동,3924032
2021,2,11410685,홍은2동,4907691
2021,2,11410690,남가좌1동,2116351
2021,2,11410700,남가좌2동,5753390
2021,2,11410710,북가좌1동,3028095
2021,2,11410720,북가좌2동,12725169
2021,2,11440555,아현동,6535546
2021,2,11440565,공덕동,14036047
2021,2,11440585,도화동,5356054
2021,2,11440590,용강동,7163189
2021,2,11440600,대흥동,6730442
2021,2,11440610,염리동,3687783
2021,2,11440630,신수동,5703978
2021,2,11440655,서강동,6271329
2021,2,11440660,서교동,15839283
2021,2,11440680,합정동,5544860
2021,2,11440690,망원1동,6781498
2021,2,11440700,망원2동,6432620
2021,2,11440710,연남동,7120673
2021,2,11440720,성산1동,6305848
2021,2,11440730,성산2동,7561682
2021,2,11440740,상암동,5355604
2021,2,11470510,목1동,5359460
2021,2,11470520,목2동,6939773
2021,2,11470530,목3동,5366435
2021,2,11470540,목4동,5787223
2021,2,11470550,목5동,5138531
2021,2,11470560,신월1동,4057828
2021,2,11470570,신월2동,4329153
2021,2,11470580,신월3동,2752017
2021,2,11470590,신월4동,3733210
2021,2,11470600,신월5동,2780898
2021,2,11470610,신월6동,1205508
2021,2,11470611,신월7동,2088412
2021,2,11470620,신정1동,3546966
2021,2,11470630,신정2동,4184218
2021,2,11470640,신정3동,7356999
2021,2,11470650,신정4동,10779977
2021,2,11470670,신정6동,2109839
2021,2,11470680,신정7동,3665267
2021,2,11500510,염창동,8410928
2021,2,11500520,등촌1동,5370057
2021,2,11500530,등촌2동,3769025
2021,2,11500535,등촌3동,6419180
2021,2,11500540,화곡1동,17033478
2021,2,11500550,화곡2동,3832212
2021,2,11500560,화곡3동,3933554
2021,2,11500570,화곡4동,4673392
2021,2,11500590,화곡본동,8943584
2021,2,11500591,화곡6동,5358098
2021,2,11500593,화곡8동,7262399
2021,2,11500603,가양1동,3702596
2021,2,11500604,가양2동,2057970
2021,2,11500605,가양3동,1566617
2021,2,11500611,발산1동,5899282
2021,2,11500615,우장산동,7530802
2021,2,11500620,공항동,5990195
2021,2,11500630,방화1동,7605673
2021,2,11500640,방화2동,5423725
2021,2,11500641,방화3동,3029342
2021,2,11530510,신도림동,6191332
2021,2,11530520,구로1동,2299992
2021,2,11530530,구로2동,9229024
2021,2,11530540,구로3동,7097579
2021,2,11530550,구로4동,6127431
2021,2,11530560,구로5동,6661027
2021,2,11530595,가리봉동,3349994
2021,2,11530720,고척1동,4474629
2021,2,11530730,고척2동,5889875
2021,2,11530740,개봉1동,7529606
2021,2,11530750,개봉2동,4077688
2021,2,11530760,개봉3동,3580624
2021,2,11530770,오류1동,3732605
2021,2,11530780,오류2동,5782170
2021,2,11530790,수궁동,2467215
2021,2,11530800,항동,968636
2021,2,11545510,가산동,5086645
2021,2,11545610,독산1동,4738828
2021,2,11545620,독산2동,3783750
2021,2,11545630,독산3동,5600765
2021,2,11545640,독산4동,3779929
2021,2,11545670,시흥1동,5858617
2021,2,11545680,시흥2동,1775199
2021,2,11545690,시흥3동,1233944
2021,2,11545700,시흥4동,3052951
2021,2,11545710,시흥5동,3637277
2021,2,11560515,영등포본동,7440630
2021,2,11560535,영등포동,10414122
2021,2,11560540,여의동,5742901
2021,2,11560550,당산1동,6152618
2021,2,11560560,당산2동,8436666
2021,2,11560585,도림동,5097877
2021,2,11560605,문래동,10240190
2021,2,11560610,양평1동,5344204
2021,2,11560620,양평2동,5040398
2021,2,11560630,신길1동,5680903
2021,2,11560650,신길3동,6458427
2021,2,11560660,신길4동,2778753
2021,2,11560670,신길5동,2651344
2021,2,11560680,신길6동,5673226
2021,2,11560690,신길7동,3542945
2021,2,11560700,대림1동,5576190
2021,2,11560710,대림2동,4839787
2021,2,11560720,대림3동,7488136
2021,2,11590510,노량진1동,6630161
2021,2,11590520,노량진2동,3666526
2021,2,11590530,상도1동,8505546
2021,2,11590540,상도2동,5114155
2021,2,11590550,상도3동,5446524
2021,2,11590560,상도4동,6974038
2021,2,11590605,흑석동,7252223
2021,2,11590620,사당1동,7138826
2021,2,11590630,사당2동,7597682
2021,2,11590640,사당3동,5125770
2021,2,11590650,사당4동,3853282
2021,2,11590651,사당5동,3242161
2021,2,11590660,대방동,7647760
2021,2,11590670,신대방1동,3155209
2021,2,11590680,신대방2동,5217866
2021,2,11620525,보라매동,4316703
2021,2,11620545,청림동,3001537
2021,2,11620565,성현동,5496288
2021,2,11620575,행운동,7426539
2021,2,11620585,낙성대동,6209812
2021,2,11620595,청룡동,10705570
2021,2,11620605,은천동,8099471
2021,2,11620615,중앙동,6407565
2021,2,11620625,인헌동,5956559
2021,2,11620630,남현동,5018647
2021,2,11620645,서원동,6014184
2021,2,11620655,신원동,6042647
2021,2,11620665,서림동,5459418
2021,2,11620685,신사동,7854342
2021,2,11620695,신림동,9551657
2021,2,11620715,난향동,1382429
2021,2,11620725,조원동,7378217
2021,2,11620735,대학동,6599312
2021,2,11620745,삼성동,7729058
2021,2,11620765,미성동,5988711
2021,2,11620775,난곡동,6062085
2021,2,11650510,서초1동,7363041
2021,2,11650520,서초2동,6519420
2021,2,11650530,서초3동,12406320
2021,2,11650531,서초4동,6703376
2021,2,11650540,잠원동,6749048
2021,2,11650550,반포본동,812470
2021,2,11650560,반포1동,6802209
2021,2,11650570,반포2동,1445764
2021,2,11650580,반포3동,2632348
2021,2,11650581,반포4동,5359812
2021,2,11650590,방배본동,5483696
2021,2,11650600,방배1동,5035385
2021,2,11650610,방배2동,5164695
2021,2,11650620,방배3동,3945126
2021,2,11650621,방배4동,6346933
2021,2,11650651,양재1동,8077692
2021,2,11650652,양재2동,6021992
2021,2,11650660,내곡동,2645336
2021,2,11680510,신사동,7092920
2021,2,11680521,논현1동,9918905
2021,2,11680531,논현2동,11742700
2021,2,11680545,압구정동,7858005
2021,2,11680565,청담동,10086676
2021,2,11680580,삼성1동,4800286
2021,2,11680590,삼성2동,9328533
2021,2,11680600,대치1동,4789718
2021,2,11680610,대치2동,6090407
2021,2,11680630,대치4동,9870649
2021,2,11680640,역삼1동,20565505
2021,2,11680650,역삼2동,11388689
2021,2,11680655,도곡1동,6645479
2021,2,11680656,도곡2동,4237962
2021,2,11680660,개포1동,709044
2021,2,11680670,개포2동,1654248
2021,2,11680690,개포4동,3372363
2021,2,11680700,세곡동,3551778
2021,2,11680720,일원본동,3406255
2021,2,11680730,일원1동,3431184
2021,2,11680740,일원2동,953204
2021,2,11680750,수서동,2416876
2021,2,11710510,풍납1동,5210610
2021,2,11710520,풍납2동,6796923
2021,2,11710531,거여1동,3354634
2021,2,11710532,거여2동,3489775
2021,2,11710540,마천1동,4126995
2021,2,11710550,마천2동,5710043
2021,2,11710561,방이1동,3375405
2021,2,11710562,방이2동,6102145
2021,2,11710566,오륜동,730796
2021,2,11710570,오금동,9977304
2021,2,11710580,송파1동,6440483
2021,2,11710590,송파2동,3637602
2021,2,11710600,석촌동,8320775
2021,2,11710610,삼전동,6657231
2021,2,11710620,가락본동,8053693
2021,2,11710631,가락1동,786283
2021,2,11710632,가락2동,6281275
2021,2,11710641,문정1동,4491660
2021,2,11710642,문정2동,2977546
2021,2,11710646,장지동,8311226
2021,2,11710647,위례동,3231097
2021,2,11710650,잠실본동,7735080
2021,2,11710670,잠실2동,2244663
2021,2,11710680,잠실3동,2765058
2021,2,11710690,잠실4동,2105520
2021,2,11710710,잠실6동,2483793
2021,2,11710720,잠실7동,983318
2021,2,11740515,강일동,4261707
2021,2,11740520,상일동,3246605
2021,2,11740530,명일1동,5888456
2021,2,11740540,명일2동,2274221
2021,2,11740550,고덕1동,3643947
2021,2,11740560,고덕2동,2317517
2021,2,11740570,암사1동,8856480
2021,2,11740580,암사2동,2216184
2021,2,11740590,암사3동,1672167
2021,2,11740600,천호1동,11280405
2021,2,11740610,천호2동,11085369
2021,2,11740620,천호3동,8366220
2021,2,11740640,성내1동,6267444
2021,2,11740650,성내2동,9073080
2021,2,11740660,성내3동,6622272
2021,2,11740685,길동,16052248
2021,2,11740690,둔촌1동,11070
2021,2,11740700,둔촌2동,6781009
2021,3,11110515,청운효자동,3595242
2021,3,11110530,사직동,3440717
2021,3,11110540,삼청동,876920
2021,3,11110550,부암동,1280876
2021,3,11110560,평창동,856614
2021,3,11110570,무악동,1974630
2021,3,11110580,교남동,3866282
2021,3,11110600,가회동,1223508
2021,3,11110615,종로1234가동,11499578
2021,3,11110630,종로56가동,6034691
2021,3,11110640,이화동,3490331
2021,3,11110650,혜화동,7727316
2021,3,11110670,창신1동,3060638
2021,3,11110680,창신2동,5728323
2021,3,11110690,창신3동,1135523
2021,3,11110700,숭인1동,2343622
2021,3,11110710,숭인2동,5448981
2021,3,11140520,소공동,2208371
2021,3,11140540,회현동,3810109
2021,3,11140550,명동,4052455
2021,3,11140570,필동,1988440
2021,3,11140580,장충동,2031679
2021,3,11140590,광희동,5419794
2021,3,11140605,을지로동,4677985
2021,3,11140615,신당동,5809273
2021,3,11140625,다산동,4077638
2021,3,11140635,약수동,2388090
2021,3,11140645,청구동,3325722
2021,3,11140650,신당5동,4785231
2021,3,11140665,동화동,2545658
2021,3,11140670,황학동,5774844
2021,3,11140680,중림동,2099068
2021,3,11170510,후암동,4449940
2021,3,11170520,용산2가동,4992116
2021,3,11170530,남영동,2081324
2021,3,11170555,청파동,7324502
2021,3,11170560,원효로1동,5173386
2021,3,11170570,원효로2동,3964451
2021,3,11170580,효창동,4165652
2021,3,11170590,용문동,3049407
2021,3,11170625,한강로동,4896227
2021,3,11170630,이촌1동,5247486
2021,3,11170640,이촌2동,1869773
2021,3,11170650,이태원1동,2242736
2021,3,11170660,이태원2동,2932004
2021,3,11170685,한남동,5934848
2021,3,11170690,서빙고동,2004190
2021,3,11170700,보광동,4369695
2021,3,11200520,왕십리2동,4502488
2021,3,11200535,왕십리도선동,6094419
2021,3,11200540,마장동,5685688
2021,3,11200550,사근동,3845516
2021,3,11200560,행당1동,3865396
2021,3,11200570,행당2동,4920541
2021,3,11200580,응봉동,2979924
2021,3,11200590,금호1가동,4278483
2021,3,11200615,금호23가동,6521440
2021,3,11200620,금호4가동,3050635
2021,3,11200645,옥수동,3091181
2021,3,11200650,성수1가1동,3075636
2021,3,11200660,성수1가2동,5556488
2021,3,11200670,성수2가1동,5589134
2021,3,11200690,성수2가3동,5213776
2021,3,11200720,송정동,3438499
2021,3,11200790,용답동,3463720
2021,3,11215710,화양동,8432543
2021,3,11215730,군자동,5322031
2021,3,11215740,중곡1동,4230257
2021,3,11215750,중곡2동,4951535
2021,3,11215760,중곡3동,4758469
2021,3,11215770,중곡4동,6802837
2021,3,11215780,능동,2358423
2021,3,11215810,광장동,6033056
2021,3,11215820,자양1동,8210023
2021,3,11215830,자양2동,5292837
2021,3,11215840,자양3동,7221325
2021,3,11215847,자양4동,7480502
2021,3,11215850,구의1동,8211373
2021,3,11215860,구의2동,5644195
2021,3,11215870,구의3동,6925022
2021,3,11230536,용신동,12902126
2021,3,11230545,제기동,12334789
2021,3,11230560,전농1동,11004590
2021,3,11230570,전농2동,2597928
2021,3,11230600,답십리1동,6674396
2021,3,11230610,답십리2동,7378076
2021,3,11230650,장안1동,8748688
2021,3,11230660,장안2동,7543683
2021,3,11230705,청량리동,6101841
2021,3,11230710,회기동,4964455
2021,3,11230720,휘경1동,5345706
2021,3,11230730,휘경2동,4797099
2021,3,11230740,이문1동,8639193
2021,3,11230750,이문2동,4417672
2021,3,11260520,면목2동,6198011
2021,3,11260540,면목4동,5335571
2021,3,11260550,면목5동,2239425
2021,3,11260565,면목본동,10318980
2021,3,11260570,면목7동,8177361
2021,3,11260575,면목38동,6387415
2021,3,11260580,상봉1동,5493325
2021,3,11260590,상봉2동,7034426
2021,3,11260600,중화1동,6018928
2021,3,11260610,중화2동,8215225
2021,3,11260620,묵1동,7650848
2021,3,11260630,묵2동,6047901
2021,3,11260655,망우본동,10728107
2021,3,11260660,망우3동,4647512
2021,3,11260680,신내1동,5575808
2021,3,11260690,신내2동,2058143
2021,3,11290525,성북동,4212277
2021,3,11290555,삼선동,9747718
2021,3,11290575,동선동,8521072
2021,3,11290580,돈암1동,3008865
2021,3,11290590,돈암2동,2965427
2021,3,11290600,안암동,5860472
2021,3,11290610,보문동,5602591
2021,3,11290620,정릉1동,4938521
2021,3,11290630,정릉2동,5956134
2021,3,11290640,정릉3동,2960638
2021,3,11290650,정릉4동,3371816
2021,3,11290660,길음1동,6786469
2021,3,11290685,길음2동,4289761
2021,3,11290705,종암동,11328853
2021,3,11290715,월곡1동,6883236
2021,3,11290725,월곡2동,6298968
2021,3,11290760,장위1동,7100905
2021,3,11290770,장위2동,4924535
2021,3,11290780,장위3동,2607300
2021,3,11290810,석관동,10331790
2021,3,11305534,삼양동,12053271
2021,3,11305535,미아동,7563937
2021,3,11305545,송중동,12510460
2021,3,11305555,송천동,12681296
2021,3,11305575,삼각산동,3428618
2021,3,11305595,번1동,7650468
2021,3,11305603,번2동,3508856
2021,3,11305608,번3동,3675954
2021,3,11305615,수유1동,6753793
2021,3,11305625,수유2동,6414231
2021,3,11305635,수유3동,10482071
2021,3,11305645,우이동,4249528
2021,3,11305660,인수동,9401960
2021,3,11320511,창1동,4647084
2021,3,11320512,창2동,9717812
2021,3,11320513,창3동,4175254
2021,3,11320514,창4동,3645041
2021,3,11320515,창5동,4607615
2021,3,11320521,도봉1동,3794717
2021,3,11320522,도봉2동,3657249
2021,3,11320660,쌍문1동,5160159
2021,3,11320670,쌍문2동,4635296
2021,3,11320680,쌍문3동,5259005
2021,3,11320681,쌍문4동,2939103
2021,3,11320690,방학1동,7287734
2021,3,11320700,방학2동,3440445
2021,3,11320710,방학3동,3899443
2021,3,11350560,월계1동,5191308
2021,3,11350570,월계2동,4105283
2021,3,11350580,월계3동,2897496
2021,3,11350595,공릉1동,11320640
2021,3,11350600,공릉2동,7712115
2021,3,11350611,하계1동,4169427
2021,3,11350612,하계2동,2704377
2021,3,11350619,중계본동,4739893
2021,3,11350621,중계1동,4283727
2021,3,11350624,중계4동,3106288
2021,3,11350625,중계23동,4639799
2021,3,11350630,상계1동,7868168
2021,3,11350640,상계2동,10813907
2021,3,11350665,상계34동,9420655
2021,3,11350670,상계5동,7026798
2021,3,11350695,상계67동,7097051
2021,3,11350700,상계8동,987672
2021,3,11350710,상계9동,1975876
2021,3,11350720,상계10동,2034164
2021,3,11380510,녹번동,7119824
2021,3,11380520,불광1동,6018382
2021,3,11380530,불광2동,5888492
2021,3,11380551,갈현1동,8016625
2021,3,11380552,갈현2동,6538871
2021,3,11380560,구산동,5440893
2021,3,11380570,대조동,9269043
2021,3,11380580,응암1동,6947635
2021,3,11380590,응암2동,3913582
2021,3,11380600,응암3동,7674263
2021,3,11380625,역촌동,12350693
2021,3,11380631,신사1동,6601643
2021,3,11380632,신사2동,3811166
2021,3,11380640,증산동,3192123
2021,3,11380650,수색동,1497675
2021,3,11380690,진관동,7682429
2021,3,11410520,천연동,4090989
2021,3,11410555,북아현동,15279848
2021,3,11410565,충현동,9545076
2021,3,11410585,신촌동,8863624
2021,3,11410615,연희동,8586668
2021,3,11410620,홍제1동,5910459
2021,3,11410640,홍제3동,3954753
2021,3,11410655,홍제2동,2697753
2021,3,11410660,홍은1동,3923806
2021,3,11410685,홍은2동,4604796
2021,3,11410690,남가좌1동,1734469
2021,3,11410700,남가좌2동,6535140
2021,3,11410710,북가좌1동,3033763
2021,3,11410720,북가좌2동,11638747
2021,3,11440555,아현동,6312225
2021,3,11440565,공덕동,13879872
2021,3,11440585,도화동,4213175
2021,3,11440590,용강동,7137210
2021,3,11440600,대흥동,7185820
2021,3,11440610,염리동,3545036
2021,3,11440630,신수동,5419857
2021,3,11440655,서강동,5881374
2021,3,11440660,서교동,14925652
2021,3,11440680,합정동,5259147
2021,3,11440690,망원1동,7165693
2021,3,11440700,망원2동,6590108
2021,3,11440710,연남동,6758536
2021,3,11440720,성산1동,6197644
2021,3,11440730,성산2동,7538244
2021,3,11440740,상암동,5060894
2021,3,11470510,목1동,5344677
2021,3,11470520,목2동,7121209
2021,3,11470530,목3동,5071455
2021,3,11470540,목4동,5913229
2021,3,11470550,목5동,5085912
2021,3,11470560,신월1동,4446255
2021,3,11470570,신월2동,4368255
2021,3,11470580,신월3동,2994801
2021,3,11470590,신월4동,3513879
2021,3,11470600,신월5동,2110437
2021,3,11470610,신월6동,1155986
2021,3,11470611,신월7동,2162389
2021,3,11470620,신정1동,3730359
2021,3,11470630,신정2동,4000825
2021,3,11470640,신정3동,7304443
2021,3,11470650,신정4동,10767111
2021,3,11470670,신정6동,2198977
2021,3,11470680,신정7동,3373321
2021,3,11500510,염창동,8476645
2021,3,11500520,등촌1동,5603672
2021,3,11500530,등촌2동,3912784
2021,3,11500535,등촌3동,6697379
2021,3,11500540,화곡1동,15983884
2021,3,11500550,화곡2동,3702821
2021,3,11500560,화곡3동,3882455
2021,3,11500570,화곡4동,4849989
2021,3,11500590,화곡본동,9055570
2021,3,11500591,화곡6동,5147542
2021,3,11500593,화곡8동,7518528
2021,3,11500603,가양1동,3621801
2021,3,11500604,가양2동,2057979
2021,3,11500605,가양3동,1704432
2021,3,11500611,발산1동,5590041
2021,3,11500615,우장산동,7113736
2021,3,11500620,공항동,5861258
2021,3,11500630,방화1동,7245195
2021,3,11500640,방화2동,4658508
2021,3,11500641,방화3동,3180044
2021,3,11530510,신도림동,5985028
2021,3,11530520,구로1동,2215674
2021,3,11530530,구로2동,8940486
2021,3,11530540,구로3동,6802949
2021,3,11530550,구로4동,6829825
2021,3,11530560,구로5동,6534036
2021,3,11530595,가리봉동,3212816
2021,3,11530720,고척1동,4471625
2021,3,11530730,고척2동,5997865
2021,3,11530740,개봉1동,7835950
2021,3,11530750,개봉2동,4043170
2021,3,11530760,개봉3동,3678545
2021,3,11530770,오류1동,3718691
2021,3,11530780,오류2동,5447512
2021,3,11530790,수궁동,1927251
2021,3,11530800,항동,878831
2021,3,11545510,가산동,4740382
2021,3,11545610,독산1동,4627563
2021,3,11545620,독산2동,4041521
2021,3,11545630,독산3동,5831645
2021,3,11545640,독산4동,3930764
2021,3,11545670,시흥1동,5837634
2021,3,11545680,시흥2동,1758858
2021,3,11545690,시흥3동,1299798
2021,3,11545700,시흥4동,2757382
2021,3,11545710,시흥5동,3783540
2021,3,11560515,영등포본동,7135476
2021,3,11560535,영등포동,10007943
2021,3,11560540,여의동,5414756
2021,3,11560550,당산1동,6624664
2021,3,11560560,당산2동,7892538
2021,3,11560585,도림동,5332563
2021,3,11560605,문래동,9056016
2021,3,11560610,양평1동,5170628
2021,3,11560620,양평2동,5311599
2021,3,11560630,신길1동,5816736
2021,3,11560650,신길3동,6368057
2021,3,11560660,신길4동,2974556
2021,3,11560670,신길5동,2518410
2021,3,11560680,신길6동,6059072
2021,3,11560690,신길7동,3297607
2021,3,11560700,대림1동,5208049
2021,3,11560710,대림2동,5144618
2021,3,11560720,대림3동,7280423
2021,3,11590510,노량진1동,6644654
2021,3,11590520,노량진2동,3541380
2021,3,11590530,상도1동,7999188
2021,3,11590540,상도2동,5409421
2021,3,11590550,상도3동,5261325
2021,3,11590560,상도4동,6970047
2021,3,11590605,흑석동,7108398
2021,3,11590620,사당1동,7144593
2021,3,11590630,사당2동,7448258
2021,3,11590640,사당3동,5583838
2021,3,11590650,사당4동,3967191
2021,3,11590651,사당5동,3176631
2021,3,11590660,대방동,7212915
2021,3,11590670,신대방1동,3210444
2021,3,11590680,신대방2동,4961079
2021,3,11620525,보라매동,3799967
2021,3,11620545,청림동,2872511
2021,3,11620565,성현동,4964670
2021,3,11620575,행운동,7434355
2021,3,11620585,낙성대동,5862891
2021,3,11620595,청룡동,11173278
2021,3,11620605,은천동,8662599
2021,3,11620615,중앙동,6130718
2021,3,11620625,인헌동,6458278
2021,3,11620630,남현동,4427601
2021,3,11620645,서원동,5690716
2021,3,11620655,신원동,6248774
2021,3,11620665,서림동,5348929
2021,3,11620685,신사동,7971983
2021,3,11620695,신림동,9747070
2021,3,11620715,난향동,1475141
2021,3,11620725,조원동,6521631
2021,3,11620735,대학동,6155975
2021,3,11620745,삼성동,8041937
2021,3,11620765,미성동,5725602
2021,3,11620775,난곡동,6400655
2021,3,11650510,서초1동,7431254
2021,3,11650520,서초2동,6307025
2021,3,11650530,서초3동,12212984
2021,3,11650531,서초4동,6631676
2021,3,11650540,잠원동,6498756
2021,3,11650550,반포본동,583335
2021,3,11650560,반포1동,6719029
2021,3,11650570,반포2동,1428314
2021,3,11650580,반포3동,2667589
2021,3,11650581,반포4동,5609032
2021,3,11650590,방배본동,5064821
2021,3,11650600,방배1동,5190968
2021,3,11650610,방배2동,5059475
2021,3,11650620,방배3동,3402997
2021,3,11650621,방배4동,6307603
2021,3,11650651,양재1동,7888624
2021,3,11650652,양재2동,5928585
2021,3,11650660,내곡동,2418234
2021,3,11680510,신사동,6688986
2021,3,11680521,논현1동,9815127
2021,3,11680531,논현2동,10267280
2021,3,11680545,압구정동,7431490
2021,3,11680565,청담동,9672601
2021,3,11680580,삼성1동,4276816
2021,3,11680590,삼성2동,9046058
2021,3,11680600,대치1동,4938525
2021,3,11680610,대치2동,5809631
2021,3,11680630,대치4동,9633286
2021,3,11680640,역삼1동,19425028
2021,3,11680650,역삼2동,11186790
2021,3,11680655,도곡1동,7226165
2021,3,11680656,도곡2동,3956890
2021,3,11680660,개포1동,742018
2021,3,11680670,개포2동,1611780
2021,3,11680690,개포4동,3426056
2021,3,11680700,세곡동,3500770
2021,3,11680720,일원본동,2953860
2021,3,11680730,일원1동,3259026
2021,3,11680740,일원2동,1005320
2021,3,11680750,수서동,2409956
2021,3,11710510,풍납1동,4967690
2021,3,11710520,풍납2동,6887156
2021,3,11710531,거여1동,3396754
2021,3,11710532,거여2동,3841459
2021,3,11710540,마천1동,4046117
2021,3,11710550,마천2동,5860043
2021,3,11710561,방이1동,3642053
2021,3,11710562,방이2동,5896384
2021,3,11710566,오륜동,666984
2021,3,11710570,오금동,9955114
2021,3,11710580,송파1동,6509681
2021,3,11710590,송파2동,3506076
2021,3,11710600,석촌동,7991099
2021,3,11710610,삼전동,7009252
2021,3,11710620,가락본동,8077104
2021,3,11710631,가락1동,748993
2021,3,11710632,가락2동,6791563
2021,3,11710641,문정1동,4547533
2021,3,11710642,문정2동,2659163
2021,3,11710646,장지동,8255838
2021,3,11710647,위례동,3333150
2021,3,11710650,잠실본동,7521484
2021,3,11710670,잠실2동,2076451
2021,3,11710680,잠실3동,2539842
2021,3,11710690,잠실4동,2001947
2021,3,11710710,잠실6동,2373393
2021,3,11710720,잠실7동,703176
2021,3,11740515,강일동,3940869
2021,3,11740520,상일동,3116489
2021,3,11740530,명일1동,5610081
2021,3,11740540,명일2동,2196510
2021,3,11740550,고덕1동,3594128
2021,3,11740560,고덕2동,2171671
2021,3,11740570,암사1동,9344797
2021,3,11740580,암사2동,2252625
2021,3,11740590,암사3동,1570240
2021,3,11740600,천호1동,13272948
2021,3,11740610,천호2동,11429418
2021,3,11740620,천호3동,8543899
2021,3,11740640,성내1동,6172973
2021,3,11740650,성내2동,9061086
2021,3,11740660,성내3동,6739724
2021,3,11740685,길동,16367925
2021,3,11740690,둔촌1동,8943
2021,3,11740700,둔촌2동,7312305
2021,4,11110515,청운효자동,3782102
2021,4,11110530,사직동,3620185
2021,4,11110540,삼청동,908677
2021,4,11110550,부암동,1281028
2021,4,11110560,평창동,820240
2021,4,11110570,무악동,1946318
2021,4,11110580,교남동,4092561
2021,4,11110600,가회동,1293146
2021,4,11110615,종로1234가동,12865776
2021,4,11110630,종로56가동,6366560
2021,4,11110640,이화동,3679734
2021,4,11110650,혜화동,8548523
2021,4,11110670,창신1동,3129486
2021,4,11110680,창신2동,5834270
2021,4,11110690,창신3동,1253754
2021,4,11110700,숭인1동,2270827
2021,4,11110710,숭인2동,5281795
2021,4,11140520,소공동,2526204
2021,4,11140540,회현동,4335838
2021,4,11140550,명동,4670246
2021,4,11140570,필동,2212797
2021,4,11140580,장충동,2166825
2021,4,11140590,광희동,5735433
2021,4,11140605,을지로동,5162235
2021,4,11140615,신당동,6048726
2021,4,11140625,다산동,4106836
2021,4,11140635,약수동,2287893
2021,4,11140645,청구동,3252604
2021,4,11140650,신당5동,4862802
2021,4,11140665,동화동,2454302
2021,4,11140670,황학동,5927577
2021,4,11140680,중림동,2176279
2021,4,11170510,후암동,4353300
2021,4,11170520,용산2가동,5004300
2021,4,11170530,남영동,2177910
2021,4,11170555,청파동,7772703
2021,4,11170560,원효로1동,5325266
2021,4,11170570,원효로2동,4039471
2021,4,11170580,효창동,4131375
2021,4,11170590,용문동,2937778
2021,4,11170625,한강로동,4900213
2021,4,11170630,이촌1동,5283338
2021,4,11170640,이촌2동,1860654
2021,4,11170650,이태원1동,2514110
2021,4,11170660,이태원2동,2954464
2021,4,11170685,한남동,6180334
2021,4,11170690,서빙고동,1984174
2021,4,11170700,보광동,4306201
2021,4,11200520,왕십리2동,4293136
2021,4,11200535,왕십리도선동,6253304
2021,4,11200540,마장동,5615051
2021,4,11200550,사근동,4267669
2021,4,11200560,행당1동,4026649
2021,4,11200570,행당2동,4887684
2021,4,11200580,응봉동,3058056
2021,4,11200590,금호1가동,4082968
2021,4,11200615,금호23가동,6623040
2021,4,11200620,금호4가동,2996012
2021,4,11200645,옥수동,3124547
2021,4,11200650,성수1가1동,3173320
2021,4,11200660,성수1가2동,5678559
2021,4,11200670,성수2가1동,5559594
2021,4,11200690,성수2가3동,5372396
2021,4,11200720,송정동,3474059
2021,4,11200790,용답동,3388809
2021,4,11215710,화양동,9074600
2021,4,11215730,군자동,5386113
2021,4,11215740,중곡1동,4060277
2021,4,11215750,중곡2동,4990193
2021,4,11215760,중곡3동,4745399
2021,4,11215770,중곡4동,6752447
2021,4,11215780,능동,2362986
2021,4,11215810,광장동,6197500
2021,4,11215820,자양1동,8311403
2021,4,11215830,자양2동,5263518
2021,4,11215840,자양3동,7177299
2021,4,11215847,자양4동,7784567
2021,4,11215850,구의1동,8496371
2021,4,11215860,구의2동,5544757
2021,4,11215870,구의3동,6663733
2021,4,11230536,용신동,13086608
2021,4,11230545,제기동,12577999
2021,4,11230560,전농1동,11299398
2021,4,11230570,전농2동,2601446
2021,4,11230600,답십리1동,6793875
2021,4,11230610,답십리2동,7290507
2021,4,11230650,장안1동,8727732
2021,4,11230660,장안2동,7457194
2021,4,11230705,청량리동,6053741
2021,4,11230710,회기동,5265943
2021,4,11230720,휘경1동,5576408
2021,4,11230730,휘경2동,5068569
2021,4,11230740,이문1동,9360289
2021,4,11230750,이문2동,4285951
2021,4,11260520,면목2동,6122252
2021,4,11260540,면목4동,5358277
2021,4,11260550,면목5동,2666528
2021,4,11260565,면목본동,9993567
2021,4,11260570,면목7동,7891629
2021,4,11260575,면목38동,6094899
2021,4,11260580,상봉1동,5412334
2021,4,11260590,상봉2동,7111196
2021,4,11260600,중화1동,6093303
2021,4,11260610,중화2동,8061363
2021,4,11260620,묵1동,7458762
2021,4,11260630,묵2동,6007833
2021,4,11260655,망우본동,10497800
2021,4,11260660,망우3동,4589858
2021,4,11260680,신내1동,5718965
2021,4,11260690,신내2동,2059937
2021,4,11290525,성북동,4302659
2021,4,11290555,삼선동,9976657
2021,4,11290575,동선동,8938892
2021,4,11290580,돈암1동,2953874
2021,4,11290590,돈암2동,2972859
2021,4,11290600,안암동,6469456
2021,4,11290610,보문동,5712627
2021,4,11290620,정릉1동,5005926
2021,4,11290630,정릉2동,5933753
2021,4,11290640,정릉3동,3073921
2021,4,11290650,정릉4동,3342786
2021,4,11290660,길음1동,6555495
2021,4,11290685,길음2동,4367755
2021,4,11290705,종암동,11190523
2021,4,11290715,월곡1동,6840039
2021,4,11290725,월곡2동,6472114
2021,4,11290760,장위1동,7077765
2021,4,11290770,장위2동,4891363
2021,4,11290780,장위3동,2456474
2021,4,11290810,석관동,10213660
2021,4,11305534,삼양동,11936937
2021,4,11305535,미아동,7370728
2021,4,11305545,송중동,12599351
2021,4,11305555,송천동,12619902
2021,4,11305575,삼각산동,3331552
2021,4,11305595,번1동,7002933
2021,4,11305603,번2동,3485514
2021,4,11305608,번3동,3589094
2021,4,11305615,수유1동,6691050
2021,4,11305625,수유2동,6352922
2021,4,11305635,수유3동,10634046
2021,4,11305645,우이동,4144941
2021,4,11305660,인수동,9257843
2021,4,11320511,창1동,4624383
2021,4,11320512,창2동,10203119
2021,4,11320513,창3동,4202624
2021,4,11320514,창4동,3748166
2021,4,11320515,창5동,4511563
2021,4,11320521,도봉1동,3765413
2021,4,11320522,도봉2동,3614606
2021,4,11320660,쌍문1동,5131224
2021,4,11320670,쌍문2동,4477999
2021,4,11320680,쌍문3동,5213010
2021,4,11320681,쌍문4동,2970720
2021,4,11320690,방학1동,7228907
2021,4,11320700,방학2동,2922809
2021,4,11320710,방학3동,3811384
2021,4,11350560,월계1동,5283141
2021,4,11350570,월계2동,4137311
2021,4,11350580,월계3동,2917997
2021,4,11350595,공릉1동,11591379
2021,4,11350600,공릉2동,7774419
2021,4,11350611,하계1동,3973052
2021,4,11350612,하계2동,2873011
2021,4,11350619,중계본동,4330809
2021,4,11350621,중계1동,4220363
2021,4,11350624,중계4동,3083856
2021,4,11350625,중계23동,4549695
2021,4,11350630,상계1동,7727260
2021,4,11350640,상계2동,11149106
2021,4,11350665,상계34동,8718838
2021,4,11350670,상계5동,6786148
2021,4,11350695,상계67동,7010367
2021,4,11350700,상계8동,942140
2021,4,11350710,상계9동,1955766
2021,4,11350720,상계10동,1968570
2021,4,11380510,녹번동,7217010
2021,4,11380520,불광1동,5853442
2021,4,11380530,불광2동,5956354
2021,4,11380551,갈현1동,8038360
2021,4,11380552,갈현2동,6493137
2021,4,11380560,구산동,5467438
2021,4,11380570,대조동,9383432
2021,4,11380580,응암1동,6674109
2021,4,11380590,응암2동,3795078
2021,4,11380600,응암3동,7645833
2021,4,11380625,역촌동,12303213
2021,4,11380631,신사1동,6688500
2021,4,11380632,신사2동,3705315
2021,4,11380640,증산동,3295858
2021,4,11380650,수색동,1491454
2021,4,11380690,진관동,7693350
2021,4,11410520,천연동,4141589
2021,4,11410555,북아현동,16669881
2021,4,11410565,충현동,10155393
2021,4,11410585,신촌동,9699991
2021,4,11410615,연희동,8545011
2021,4,11410620,홍제1동,5914692
2021,4,11410640,홍제3동,4112084
2021,4,11410655,홍제2동,2663244
2021,4,11410660,홍은1동,3767646
2021,4,11410685,홍은2동,4573050
2021,4,11410690,남가좌1동,1312524
2021,4,11410700,남가좌2동,6440320
2021,4,11410710,북가좌1동,2964355
2021,4,11410720,북가좌2동,12174524
2021,4,11440555,아현동,6118467
2021,4,11440565,공덕동,14029935
2021,4,11440585,도화동,3833940
2021,4,11440590,용강동,7311156
2021,4,11440600,대흥동,7350187
2021,4,11440610,염리동,3371081
2021,4,11440630,신수동,5419962
2021,4,11440655,서강동,6052931
2021,4,11440660,서교동,15926601
2021,4,11440680,합정동,5439538
2021,4,11440690,망원1동,7127084
2021,4,11440700,망원2동,6414876
2021,4,11440710,연남동,6847697
2021,4,11440720,성산1동,6212003
2021,4,11440730,성산2동,7431870
2021,4,11440740,상암동,5230992
2021,4,11470510,목1동,5288379
2021,4,11470520,목2동,7114522
2021,4,11470530,목3동,4835878
2021,4,11470540,목4동,5989703
2021,4,11470550,목5동,5059730
2021,4,11470560,신월1동,4401326
2021,4,11470570,신월2동,4304630
2021,4,11470580,신월3동,2980955
2021,4,11470590,신월4동,3399170
2021,4,11470600,신월5동,1990214
2021,4,11470610,신월6동,1080355
2021,4,11470611,신월7동,2149276
2021,4,11470620,신정1동,3958385
2021,4,11470630,신정2동,3879515
2021,4,11470640,신정3동,7381279
2021,4,11470650,신정4동,10761429
2021,4,11470670,신정6동,2200676
2021,4,11470680,신정7동,3234444
2021,4,11500510,염창동,8491157
2021,4,11500520,등촌1동,5627173
2021,4,11500530,등촌2동,3915321
2021,4,11500535,등촌3동,7068707
2021,4,11500540,화곡1동,15883259
2021,4,11500550,화곡2동,3416850
2021,4,11500560,화곡3동,3845471
2021,4,11500570,화곡4동,4735155
2021,4,11500590,화곡본동,8691659
2021,4,11500591,화곡6동,5121279
2021,4,11500593,화곡8동,7588266
2021,4,11500603,가양1동,3642314
2021,4,11500604,가양2동,2089274
2021,4,11500605,가양3동,1665819
2021,4,11500611,발산1동,5538607
2021,4,11500615,우장산동,6328968
2021,4,11500620,공항동,5894063
2021,4,11500630,방화1동,7465123
2021,4,11500640,방화2동,4706993
2021,4,11500641,방화3동,3128306
2021,4,11530510,신도림동,6195676
2021,4,11530520,구로1동,2195257
2021,4,11530530,구로2동,8964197
2021,4,11530540,구로3동,6933467
2021,4,11530550,구로4동,6933329
2021,4,11530560,구로5동,6642408
2021,4,11530595,가리봉동,3235536
2021,4,11530720,고척1동,4471807
2021,4,11530730,고척2동,5871257
2021,4,11530740,개봉1동,7764355
2021,4,11530750,개봉2동,3931556
2021,4,11530760,개봉3동,3573576
2021,4,11530770,오류1동,3736295
2021,4,11530780,오류2동,5525696
2021,4,11530790,수궁동,1844190
2021,4,11530800,항동,879707
2021,4,11545510,가산동,4908535
2021,4,11545610,독산1동,4690741
2021,4,11545620,독산2동,3986242
2021,4,11545630,독산3동,5921725
2021,4,11545640,독산4동,3830933
2021,4,11545670,시흥1동,5949924
2021,4,11545680,시흥2동,1779826
2021,4,11545690,시흥3동,1364400
2021,4,11545700,시흥4동,2501152
2021,4,11545710,시흥5동,3815264
2021,4,11560515,영등포본동,7049322
2021,4,11560535,영등포동,10315851
2021,4,11560540,여의동,5799638
2021,4,11560550,당산1동,6956490
2021,4,11560560,당산2동,8202594
2021,4,11560585,도림동,5376377
2021,4,11560605,문래동,9095545
2021,4,11560610,양평1동,5185194
2021,4,11560620,양평2동,5392520
2021,4,11560630,신길1동,5927651
2021,4,11560650,신길3동,6222806
2021,4,11560660,신길4동,3022272
2021,4,11560670,신길5동,2409885
2021,4,11560680,신길6동,6106726
2021,4,11560690,신길7동,3320633
2021,4,11560700,대림1동,4961065
2021,4,11560710,대림2동,5076722
2021,4,11560720,대림3동,7427830
2021,4,11590510,노량진1동,6682192
2021,4,11590520,노량진2동,3409366
2021,4,11590530,상도1동,7952054
2021,4,11590540,상도2동,5369201
2021,4,11590550,상도3동,5028904
2021,4,11590560,상도4동,6831650
2021,4,11590605,흑석동,7259746
2021,4,11590620,사당1동,7271164
2021,4,11590630,사당2동,7637188
2021,4,11590640,사당3동,5722023
2021,4,11590650,사당4동,3947912
2021,4,11590651,사당5동,3103022
2021,4,11590660,대방동,7402866
2021,4,11590670,신대방1동,3202452
2021,4,11590680,신대방2동,4754828
2021,4,11620525,보라매동,3535983
2021,4,11620545,청림동,2784829
2021,4,11620565,성현동,4831947
2021,4,11620575,행운동,7308963
2021,4,11620585,낙성대동,6124396
2021,4,11620595,청룡동,11048645
2021,4,11620605,은천동,8811151
2021,4,11620615,중앙동,6150023
2021,4,11620625,인헌동,6630699
2021,4,11620630,남현동,4351416
2021,4,11620645,서원동,5744025
2021,4,11620655,신원동,6350433
2021,4,11620665,서림동,5202182
2021,4,11620685,신사동,8074889
2021,4,11620695,신림동,10144262
2021,4,11620715,난향동,1503949
2021,4,11620725,조원동,6417144
2021,4,11620735,대학동,6002178
2021,4,11620745,삼성동,7943932
2021,4,11620765,미성동,5622193
2021,4,11620775,난곡동,6499216
2021,4,11650510,서초1동,7717301
2021,4,11650520,서초2동,6718244
2021,4,11650530,서초3동,12554379
2021,4,11650531,서초4동,6955506
2021,4,11650540,잠원동,6671291
2021,4,11650550,반포본동,330431
2021,4,11650560,반포1동,6834744
2021,4,11650570,반포2동,1424803
2021,4,11650580,반포3동,2753832
2021,4,11650581,반포4동,6013682
2021,4,11650590,방배본동,4963299
2021,4,11650600,방배1동,5180665
2021,4,11650610,방배2동,5076014
2021,4,11650620,방배3동,3248483
2021,4,11650621,방배4동,6414244
2021,4,11650651,양재1동,8251452
2021,4,11650652,양재2동,6107107
2021,4,11650660,내곡동,2345199
2021,4,11680510,신사동,7028067
2021,4,11680521,논현1동,10190569
2021,4,11680531,논현2동,10641167
2021,4,11680545,압구정동,7752626
2021,4,11680565,청담동,10133490
2021,4,11680580,삼성1동,4500603
2021,4,11680590,삼성2동,9130871
2021,4,11680600,대치1동,4678474
2021,4,11680610,대치2동,5772222
2021,4,11680630,대치4동,9928097
2021,4,11680640,역삼1동,20403667
2021,4,11680650,역삼2동,11413410
2021,4,11680655,도곡1동,7160640
2021,4,11680656,도곡2동,3992069
2021,4,11680660,개포1동,735700
2021,4,11680670,개포2동,1690306
2021,4,11680690,개포4동,3456627
2021,4,11680700,세곡동,3446429
2021,4,11680720,일원본동,2682257
2021,4,11680730,일원1동,3037462
2021,4,11680740,일원2동,1104962
2021,4,11680750,수서동,2320293
2021,4,11710510,풍납1동,4856173
2021,4,11710520,풍납2동,6720170
2021,4,11710531,거여1동,3366281
2021,4,11710532,거여2동,3908513
2021,4,11710540,마천1동,3676455
2021,4,11710550,마천2동,5904526
2021,4,11710561,방이1동,3869752
2021,4,11710562,방이2동,6175752
2021,4,11710566,오륜동,678570
2021,4,11710570,오금동,9898254
2021,4,11710580,송파1동,6549232
2021,4,11710590,송파2동,3458263
2021,4,11710600,석촌동,7518479
2021,4,11710610,삼전동,7031062
2021,4,11710620,가락본동,8471389
2021,4,11710631,가락1동,746809
2021,4,11710632,가락2동,6598362
2021,4,11710641,문정1동,4518480
2021,4,11710642,문정2동,2617792
2021,4,11710646,장지동,8340785
2021,4,11710647,위례동,3331838
2021,4,11710650,잠실본동,7573936
2021,4,11710670,잠실2동,2046788
2021,4,11710680,잠실3동,3005983
2021,4,11710690,잠실4동,1933701
2021,4,11710710,잠실6동,2453505
2021,4,11710720,잠실7동,657767
2021,4,11740515,강일동,4226046
2021,4,11740520,상일동,3212062
2021,4,11740530,명일1동,5534071
2021,4,11740540,명일2동,2155306
2021,4,11740550,고덕1동,3551846
2021,4,11740560,고덕2동,2264401
2021,4,11740570,암사1동,8971565
2021,4,11740580,암사2동,2344543
2021,4,11740590,암사3동,1503964
2021,4,11740600,천호1동,11911191
2021,4,11740610,천호2동,11066454
2021,4,11740620,천호3동,7772249
2021,4,11740640,성내1동,6172861
2021,4,11740650,성내2동,9019313
2021,4,11740660,성내3동,6769694
2021,4,11740685,길동,16834913
2021,4,11740690,둔촌1동,8579
2021,4,11740700,둔촌2동,7695774
2022,1,11110515,청운효자동,3627519
2022,1,11110530,사직동,3402653
2022,1,11110540,삼청동,821735
2022,1,11110550,부암동,1283546
2022,1,11110560,평창동,823714
2022,1,11110570,무악동,1859503
2022,1,11110580,교남동,3853931
2022,1,11110600,가회동,1255813
2022,1,11110615,종로1234가동,12013656
2022,1,11110630,종로56가동,6168567
2022,1,11110640,이화동,3431620
2022,1,11110650,혜화동,8469184
2022,1,11110670,창신1동,2985441
2022,1,11110680,창신2동,5845525
2022,1,11110690,창신3동,1220959
2022,1,11110700,숭인1동,2210888
2022,1,11110710,숭인2동,5305428
2022,1,11140520,소공동,2332832
2022,1,11140540,회현동,3946732
2022,1,11140550,명동,4441054
2022,1,11140570,필동,2084156
2022,1,11140580,장충동,2100143
2022,1,11140590,광희동,5429807
2022,1,11140605,을지로동,4789733
2022,1,11140615,신당동,5806240
2022,1,11140625,다산동,4072270
2022,1,11140635,약수동,2328694
2022,1,11140645,청구동,3269723
2022,1,11140650,신당5동,4743028
2022,1,11140665,동화동,2472955
2022,1,11140670,황학동,6174659
2022,1,11140680,중림동,2155433
2022,1,11170510,후암동,4393223
2022,1,11170520,용산2가동,4919764
2022,1,11170530,남영동,2164338
2022,1,11170555,청파동,7669173
2022,1,11170560,원효로1동,5289436
2022,1,11170570,원효로2동,3988232
2022,1,11170580,효창동,4104390
2022,1,11170590,용문동,3027455
2022,1,11170625,한강로동,4882699
2022,1,11170630,이촌1동,5135110
2022,1,11170640,이촌2동,1858892
2022,1,11170650,이태원1동,2458747
2022,1,11170660,이태원2동,2846523
2022,1,11170685,한남동,6027435
2022,1,11170690,서빙고동,1993764
2022,1,11170700,보광동,4353112
2022,1,11200520,왕십리2동,4639702
2022,1,11200535,왕십리도선동,6172639
2022,1,11200540,마장동,5597592
2022,1,11200550,사근동,4063205
2022,1,11200560,행당1동,3878188
2022,1,11200570,행당2동,4903561
2022,1,11200580,응봉동,3075361
2022,1,11200590,금호1가동,4041581
2022,1,11200615,금호23가동,6738504
2022,1,11200620,금호4가동,3018820
2022,1,11200645,옥수동,3084897
2022,1,11200650,성수1가1동,3059536
2022,1,11200660,성수1가2동,5549629
2022,1,11200670,성수2가1동,5407268
2022,1,11200690,성수2가3동,5350939
2022,1,11200720,송정동,3426911
2022,1,11200790,용답동,3371728
2022,1,11215710,화양동,9321796
2022,1,11215730,군자동,5365511
2022,1,11215740,중곡1동,4088856
2022,1,11215750,중곡2동,5043000
2022,1,11215760,중곡3동,4869782
2022,1,11215770,중곡4동,7024905
2022,1,11215780,능동,2383544
2022,1,11215810,광장동,6128337
2022,1,11215820,자양1동,8481450
2022,1,11215830,자양2동,5532097
2022,1,11215840,자양3동,7343755
2022,1,11215847,자양4동,8027066
2022,1,11215850,구의1동,8689227
2022,1,11215860,구의2동,5627583
2022,1,11215870,구의3동,6761670
2022,1,11230536,용신동,14227402
2022,1,11230545,제기동,12183989
2022,1,11230560,전농1동,11158480
2022,1,11230570,전농2동,2599181
2022,1,11230600,답십리1동,7140851
2022,1,11230610,답십리2동,7342302
2022,1,11230650,장안1동,8844722
2022,1,11230660,장안2동,7484255
2022,1,11230705,청량리동,6109446
2022,1,11230710,회기동,4980832
2022,1,11230720,휘경1동,5474295
2022,1,11230730,휘경2동,5079630
2022,1,11230740,이문1동,8862960
2022,1,11230750,이문2동,4240604
2022,1,11260520,면목2동,6206844
2022,1,11260540,면목4동,5470900
2022,1,11260550,면목5동,2729855
2022,1,11260565,면목본동,10123527
2022,1,11260570,면목7동,7948026
2022,1,11260575,면목38동,6169855
2022,1,11260580,상봉1동,5300319
2022,1,11260590,상봉2동,7323409
2022,1,11260600,중화1동,5994408
2022,1,11260610,중화2동,8027729
2022,1,11260620,묵1동,7603744
2022,1,11260630,묵2동,6144818
2022,1,11260655,망우본동,10706850
2022,1,11260660,망우3동,4690144
2022,1,11260680,신내1동,5860904
2022,1,11260690,신내2동,2099907
2022,1,11290525,성북동,4301187
2022,1,11290555,삼선동,10047696
2022,1,11290575,동선동,8596879
2022,1,11290580,돈암1동,2876664
2022,1,11290590,돈암2동,3017650
2022,1,11290600,안암동,6236363
2022,1,11290610,보문동,5632820
2022,1,11290620,정릉1동,5146489
2022,1,11290630,정릉2동,5962774
2022,1,11290640,정릉3동,2989513
2022,1,11290650,정릉4동,3387907
2022,1,11290660,길음1동,6543237
2022,1,11290685,길음2동,4618415
2022,1,11290705,종암동,10955670
2022,1,11290715,월곡1동,7032896
2022,1,11290725,월곡2동,6237100
2022,1,11290760,장위1동,6999341
2022,1,11290770,장위2동,5030450
2022,1,11290780,장위3동,2391999
2022,1,11290810,석관동,10062873
2022,1,11305534,삼양동,12180015
2022,1,11305535,미아동,7454425
2022,1,11305545,송중동,12633692
2022,1,11305555,송천동,12738608
2022,1,11305575,삼각산동,3363884
2022,1,11305595,번1동,7079291
2022,1,11305603,번2동,3542107
2022,1,11305608,번3동,3660414
2022,1,11305615,수유1동,6741933
2022,1,11305625,수유2동,6283647
2022,1,11305635,수유3동,10654557
2022,1,11305645,우이동,4170549
2022,1,11305660,인수동,9367179
2022,1,11320511,창1동,4722612
2022,1,11320512,창2동,10486143
2022,1,11320513,창3동,4153623
2022,1,11320514,창4동,3697648
2022,1,11320515,창5동,4555767
2022,1,11320521,도봉1동,3776409
2022,1,11320522,도봉2동,3600088
2022,1,11320660,쌍문1동,5192720
2022,1,11320670,쌍문2동,4513348
2022,1,11320680,쌍문3동,5195528
2022,1,11320681,쌍문4동,3075115
2022,1,11320690,방학1동,7219773
2022,1,11320700,방학2동,3099673
2022,1,11320710,방학3동,3696217
2022,1,11350560,월계1동,5023628
2022,1,11350570,월계2동,4042892
2022,1,11350580,월계3동,2883261
2022,1,11350595,공릉1동,11518654
2022,1,11350600,공릉2동,7902971
2022,1,11350611,하계1동,3812631
2022,1,11350612,하계2동,2930802
2022,1,11350619,중계본동,4373887
2022,1,11350621,중계1동,4258648
2022,1,11350624,중계4동,3099970
2022,1,11350625,중계23동,4614436
2022,1,11350630,상계1동,7786893
2022,1,11350640,상계2동,11236425
2022,1,11350665,상계34동,8670137
2022,1,11350670,상계5동,6910620
2022,1,11350695,상계67동,6639462
2022,1,11350700,상계8동,952758
2022,1,11350710,상계9동,1985115
2022,1,11350720,상계10동,2001274
2022,1,11380510,녹번동,7361715
2022,1,11380520,불광1동,6005641
2022,1,11380530,불광2동,6031006
2022,1,11380551,갈현1동,7967560
2022,1,11380552,갈현2동,6533057
2022,1,11380560,구산동,5590110
2022,1,11380570,대조동,10298654
2022,1,11380580,응암1동,6298106
2022,1,11380590,응암2동,3750117
2022,1,11380600,응암3동,7656970
2022,1,11380625,역촌동,13081272
2022,1,11380631,신사1동,6815661
2022,1,11380632,신사2동,3715492
2022,1,11380640,증산동,3261881
2022,1,11380650,수색동,1616943
2022,1,11380690,진관동,7641229
2022,1,11410520,천연동,4156041
2022,1,11410555,북아현동,16197860
2022,1,11410565,충현동,9883004
2022,1,11410585,신촌동,9695235
2022,1,11410615,연희동,8631034
2022,1,11410620,홍제1동,5856107
2022,1,11410640,홍제3동,4213451
2022,1,11410655,홍제2동,2791715
2022,1,11410660,홍은1동,3895420
2022,1,11410685,홍은2동,4579117
2022,1,11410690,남가좌1동,1127199
2022,1,11410700,남가좌2동,5888602
2022,1,11410710,북가좌1동,2904309
2022,1,11410720,북가좌2동,13695532
2022,1,11440555,아현동,6074686
2022,1,11440565,공덕동,14056034
2022,1,11440585,도화동,3889125
2022,1,11440590,용강동,7359856
2022,1,11440600,대흥동,7325154
2022,1,11440610,염리동,3365752
2022,1,11440630,신수동,5562192
2022,1,11440655,서강동,6024989
2022,1,11440660,서교동,15454356
2022,1,11440680,합정동,5369335
2022,1,11440690,망원1동,7130604
2022,1,11440700,망원2동,6380099
2022,1,11440710,연남동,6805240
2022,1,11440720,성산1동,6295800
2022,1,11440730,성산2동,7535517
2022,1,11440740,상암동,5094792
2022,1,11470510,목1동,5241930
2022,1,11470520,목2동,7460396
2022,1,11470530,목3동,4910399
2022,1,11470540,목4동,6132136
2022,1,11470550,목5동,4996205
2022,1,11470560,신월1동,4525591
2022,1,11470570,신월2동,4419350
2022,1,11470580,신월3동,2998233
2022,1,11470590,신월4동,3466225
2022,1,11470600,신월5동,1988706
2022,1,11470610,신월6동,1082712
2022,1,11470611,신월7동,2177857
2022,1,11470620,신정1동,3987508
2022,1,11470630,신정2동,3791650
2022,1,11470640,신정3동,7439277
2022,1,11470650,신정4동,10814253
2022,1,11470670,신정6동,2236511
2022,1,11470680,신정7동,3333059
2022,1,11500510,염창동,8393946
2022,1,11500520,등촌1동,5674412
2022,1,11500530,등촌2동,3902583
2022,1,11500535,등촌3동,6766364
2022,1,11500540,화곡1동,16683095
2022,1,11500550,화곡2동,3562788
2022,1,11500560,화곡3동,3847126
2022,1,11500570,화곡4동,4662375
2022,1,11500590,화곡본동,8908745
2022,1,11500591,화곡6동,5162412
2022,1,11500593,화곡8동,7919315
2022,1,11500603,가양1동,3578127
2022,1,11500604,가양2동,2073862
2022,1,11500605,가양3동,1673800
2022,1,11500611,발산1동,5495476
2022,1,11500615,우장산동,6533428
2022,1,11500620,공항동,5901273
2022,1,11500630,방화1동,7595315
2022,1,11500640,방화2동,4779614
2022,1,11500641,방화3동,3140668
2022,1,11530510,신도림동,6209823
2022,1,11530520,구로1동,2174719
2022,1,11530530,구로2동,9180599
2022,1,11530540,구로3동,7024556
2022,1,11530550,구로4동,7093746
2022,1,11530560,구로5동,6751342
2022,1,11530595,가리봉동,3240399
2022,1,11530720,고척1동,4562820
2022,1,11530730,고척2동,6047461
2022,1,11530740,개봉1동,7857987
2022,1,11530750,개봉2동,3944309
2022,1,11530760,개봉3동,3812725
2022,1,11530770,오류1동,3751304
2022,1,11530780,오류2동,5511581
2022,1,11530790,수궁동,1838777
2022,1,11530800,항동,907549
2022,1,11545510,가산동,4893747
2022,1,11545610,독산1동,4711146
2022,1,11545620,독산2동,4055375
2022,1,11545630,독산3동,6118377
2022,1,11545640,독산4동,3837607
2022,1,11545670,시흥1동,5866944
2022,1,11545680,시흥2동,1747626
2022,1,11545690,시흥3동,1360935
2022,1,11545700,시흥4동,2595513
2022,1,11545710,시흥5동,3841014
2022,1,11560515,영등포본동,7030113
2022,1,11560535,영등포동,10305885
2022,1,11560540,여의동,5688084
2022,1,11560550,당산1동,6922920
2022,1,11560560,당산2동,8286739
2022,1,11560585,도림동,5520563
2022,1,11560605,문래동,9211210
2022,1,11560610,양평1동,5549614
2022,1,11560620,양평2동,5298646
2022,1,11560630,신길1동,6066244
2022,1,11560650,신길3동,6315720
2022,1,11560660,신길4동,3087115
2022,1,11560670,신길5동,2443366
2022,1,11560680,신길6동,6277966
2022,1,11560690,신길7동,3365352
2022,1,11560700,대림1동,5102173
2022,1,11560710,대림2동,5232322
2022,1,11560720,대림3동,7587901
2022,1,11590510,노량진1동,6761159
2022,1,11590520,노량진2동,3364995
2022,1,11590530,상도1동,8085187
2022,1,11590540,상도2동,5409569
2022,1,11590550,상도3동,5250194
2022,1,11590560,상도4동,6812305
2022,1,11590605,흑석동,7301094
2022,1,11590620,사당1동,7376000
2022,1,11590630,사당2동,7680424
2022,1,11590640,사당3동,5871545
2022,1,11590650,사당4동,3985210
2022,1,11590651,사당5동,3231413
2022,1,11590660,대방동,7317216
2022,1,11590670,신대방1동,3242992
2022,1,11590680,신대방2동,4680034
2022,1,11620525,보라매동,3646373
2022,1,11620545,청림동,3044669
2022,1,11620565,성현동,4868884
2022,1,11620575,행운동,7510807
2022,1,11620585,낙성대동,6199575
2022,1,11620595,청룡동,10865267
2022,1,11620605,은천동,8987288
2022,1,11620615,중앙동,6283463
2022,1,11620625,인헌동,6705945
2022,1,11620630,남현동,4494352
2022,1,11620645,서원동,6000957
2022,1,11620655,신원동,6524191
2022,1,11620665,서림동,5372689
2022,1,11620685,신사동,8244668
2022,1,11620695,신림동,10244809
2022,1,11620715,난향동,1529728
2022,1,11620725,조원동,6718291
2022,1,11620735,대학동,6247649
2022,1,11620745,삼성동,7769521
2022,1,11620765,미성동,5742744
2022,1,11620775,난곡동,6553933
2022,1,11650510,서초1동,7735067
2022,1,11650520,서초2동,6495544
2022,1,11650530,서초3동,12185008
2022,1,11650531,서초4동,6739934
2022,1,11650540,잠원동,6718823
2022,1,11650550,반포본동,238275
2022,1,11650560,반포1동,6837410
2022,1,11650570,반포2동,1371379
2022,1,11650580,반포3동,2539751
2022,1,11650581,반포4동,6154946
2022,1,11650590,방배본동,4876376
2022,1,11650600,방배1동,5192128
2022,1,11650610,방배2동,5094081
2022,1,11650620,방배3동,3107877
2022,1,11650621,방배4동,6579696
2022,1,11650651,양재1동,8312826
2022,1,11650652,양재2동,6027297
2022,1,11650660,내곡동,2326705
2022,1,11680510,신사동,6759645
2022,1,11680521,논현1동,10144458
2022,1,11680531,논현2동,10542559
2022,1,11680545,압구정동,7444306
2022,1,11680565,청담동,9573461
2022,1,11680580,삼성1동,4407949
2022,1,11680590,삼성2동,9536798
2022,1,11680600,대치1동,4783358
2022,1,11680610,대치2동,5952255
2022,1,11680630,대치4동,9916362
2022,1,11680640,역삼1동,20158554
2022,1,11680650,역삼2동,11378213
2022,1,11680655,도곡1동,7062262
2022,1,11680656,도곡2동,3977923
2022,1,11680660,개포1동,784464
2022,1,11680670,개포2동,1711967
2022,1,11680690,개포4동,3544133
2022,1,11680700,세곡동,3448597
2022,1,11680720,일원본동,2669742
2022,1,11680730,일원1동,3041007
2022,1,11680740,일원2동,1079072
2022,1,11680750,수서동,2232117
2022,1,11710510,풍납1동,4940047
2022,1,11710520,풍납2동,6829715
2022,1,11710531,거여1동,3451210
2022,1,11710532,거여2동,4127389
2022,1,11710540,마천1동,3822571
2022,1,11710550,마천2동,5868510
2022,1,11710561,방이1동,3639868
2022,1,11710562,방이2동,6234826
2022,1,11710566,오륜동,661445
2022,1,11710570,오금동,9941631
2022,1,11710580,송파1동,6613251
2022,1,11710590,송파2동,3361521
2022,1,11710600,석촌동,7371673
2022,1,11710610,삼전동,7187593
2022,1,11710620,가락본동,8254681
2022,1,11710631,가락1동,751477
2022,1,11710632,가락2동,6553627
2022,1,11710641,문정1동,4560761
2022,1,11710642,문정2동,2610968
2022,1,11710646,장지동,8545119
2022,1,11710647,위례동,3469064
2022,1,11710650,잠실본동,7657570
2022,1,11710670,잠실2동,1991379
2022,1,11710680,잠실3동,3251856
2022,1,11710690,잠실4동,1987448
2022,1,11710710,잠실6동,2389580
2022,1,11710720,잠실7동,648923
2022,1,11740515,강일동,4530690
2022,1,11740520,상일동,3190486
2022,1,11740530,명일1동,5453955
2022,1,11740540,명일2동,2161344
2022,1,11740550,고덕1동,3505906
2022,1,11740560,고덕2동,2346248
2022,1,11740570,암사1동,9020749
2022,1,11740580,암사2동,2481583
2022,1,11740590,암사3동,1512779
2022,1,11740600,천호1동,10637308
2022,1,11740610,천호2동,11200976
2022,1,11740620,천호3동,7835988
2022,1,11740640,성내1동,6188177
2022,1,11740650,성내2동,9147960
2022,1,11740660,성내3동,6800630
2022,1,11740685,길동,17161432
2022,1,11740690,둔촌1동,8156
2022,1,11740700,둔촌2동,7681249
2022,2,11110515,청운효자동,3938615
2022,2,11110530,사직동,4023951
2022,2,11110540,삼청동,958107
2022,2,11110550,부암동,1335174
2022,2,11110560,평창동,823064
2022,2,11110570,무악동,1997662
2022,2,11110580,교남동,3756720
2022,2,11110600,가회동,1492365
2022,2,11110615,종로1234가동,14055441
2022,2,11110630,종로56가동,6853770
2022,2,11110640,이화동,3745622
2022,2,11110650,혜화동,9289194
2022,2,11110670,창신1동,3122932
2022,2,11110680,창신2동,5975362
2022,2,11110690,창신3동,1239295
2022,2,11110700,숭인1동,2237252
2022,2,11110710,숭인2동,5509889
2022,2,11140520,소공동,2768904
2022,2,11140540,회현동,4639058
2022,2,11140550,명동,5335254
2022,2,11140570,필동,2394326
2022,2,11140580,장충동,2282214
2022,2,11140590,광희동,6021149
2022,2,11140605,을지로동,5566467
2022,2,11140615,신당동,6096949
2022,2,11140625,다산동,4295974
2022,2,11140635,약수동,2308272
2022,2,11140645,청구동,3206609
2022,2,11140650,신당5동,4674236
2022,2,11140665,동화동,2637631
2022,2,11140670,황학동,6282385
2022,2,11140680,중림동,2252485
2022,2,11170510,후암동,4364116
2022,2,11170520,용산2가동,4924851
2022,2,11170530,남영동,2323616
2022,2,11170555,청파동,8037725
2022,2,11170560,원효로1동,5351071
2022,2,11170570,원효로2동,3918613
2022,2,11170580,효창동,4030006
2022,2,11170590,용문동,2963228
2022,2,11170625,한강로동,5156556
2022,2,11170630,이촌1동,5113789
2022,2,11170640,이촌2동,2026051
2022,2,11170650,이태원1동,2902036
2022,2,11170660,이태원2동,2924180
2022,2,11170685,한남동,6136017
2022,2,11170690,서빙고동,1973400
2022,2,11170700,보광동,4272041
2022,2,11200520,왕십리2동,5011373
2022,2,11200535,왕십리도선동,5943850
2022,2,11200540,마장동,5525130
2022,2,11200550,사근동,4659848
2022,2,11200560,행당1동,4074946
2022,2,11200570,행당2동,4702856
2022,2,11200580,응봉동,3028749
2022,2,11200590,금호1가동,3700931
2022,2,11200615,금호23가동,6509677
2022,2,11200620,금호4가동,2888824
2022,2,11200645,옥수동,3020123
2022,2,11200650,성수1가1동,3356026
2022,2,11200660,성수1가2동,5794442
2022,2,11200670,성수2가1동,5393257
2022,2,11200690,성수2가3동,5474709
2022,2,11200720,송정동,3385777
2022,2,11200790,용답동,3311298
2022,2,11215710,화양동,9953976
2022,2,11215730,군자동,5580965
2022,2,11215740,중곡1동,3946861
2022,2,11215750,중곡2동,4884185
2022,2,11215760,중곡3동,4758973
2022,2,11215770,중곡4동,6740603
2022,2,11215780,능동,2570860
2022,2,11215810,광장동,6100966
2022,2,11215820,자양1동,8495087
2022,2,11215830,자양2동,5306211
2022,2,11215840,자양3동,7383710
2022,2,11215847,자양4동,8356199
2022,2,11215850,구의1동,8614884
2022,2,11215860,구의2동,5658424
2022,2,11215870,구의3동,6638566
2022,2,11230536,용신동,14892271
2022,2,11230545,제기동,12698145
2022,2,11230560,전농1동,11361615
2022,2,11230570,전농2동,2553819
2022,2,11230600,답십리1동,6905339
2022,2,11230610,답십리2동,6927771
2022,2,11230650,장안1동,8928012
2022,2,11230660,장안2동,7293029
2022,2,11230705,청량리동,6142244
2022,2,11230710,회기동,5721496
2022,2,11230720,휘경1동,5576508
2022,2,11230730,휘경2동,5306364
2022,2,11230740,이문1동,9641730
2022,2,11230750,이문2동,4163854
2022,2,11260520,면목2동,6057297
2022,2,11260540,면목4동,5313724
2022,2,11260550,면목5동,2551641
2022,2,11260565,면목본동,9854569
2022,2,11260570,면목7동,7718645
2022,2,11260575,면목38동,6301236
2022,2,11260580,상봉1동,5134092
2022,2,11260590,상봉2동,7404002
2022,2,11260600,중화1동,5866219
2022,2,11260610,중화2동,7863298
2022,2,11260620,묵1동,7534424
2022,2,11260630,묵2동,6051763
2022,2,11260655,망우본동,10777838
2022,2,11260660,망우3동,4568836
2022,2,11260680,신내1동,5734397
2022,2,11260690,신내2동,2024192
2022,2,11290525,성북동,4389341
2022,2,11290555,삼선동,10484957
2022,2,11290575,동선동,8993623
2022,2,11290580,돈암1동,2899607
2022,2,11290590,돈암2동,2886219
2022,2,11290600,안암동,7318658
2022,2,11290610,보문동,5648122
2022,2,11290620,정릉1동,4937874
2022,2,11290630,정릉2동,5944375
2022,2,11290640,정릉3동,3195823
2022,2,11290650,정릉4동,3335576
2022,2,11290660,길음1동,6731114
2022,2,11290685,길음2동,4982957
2022,2,11290705,종암동,10769919
2022,2,11290715,월곡1동,7761274
2022,2,11290725,월곡2동,6136080
2022,2,11290760,장위1동,6918638
2022,2,11290770,장위2동,5091746
2022,2,11290780,장위3동,2586865
2022,2,11290810,석관동,10447480
2022,2,11305534,삼양동,11753924
2022,2,11305535,미아동,7864860
2022,2,11305545,송중동,12354768
2022,2,11305555,송천동,12998739
2022,2,11305575,삼각산동,3091046
2022,2,11305595,번1동,6891483
2022,2,11305603,번2동,3287774
2022,2,11305608,번3동,3489222
2022,2,11305615,수유1동,6737241
2022,2,11305625,수유2동,6023844
2022,2,11305635,수유3동,10818544
2022,2,11305645,우이동,4250055
2022,2,11305660,인수동,8979805
2022,2,11320511,창1동,4682072
2022,2,11320512,창2동,10245452
2022,2,11320513,창3동,4156527
2022,2,11320514,창4동,3634289
2022,2,11320515,창5동,4419698
2022,2,11320521,도봉1동,3810294
2022,2,11320522,도봉2동,3663743
2022,2,11320660,쌍문1동,5293374
2022,2,11320670,쌍문2동,4492342
2022,2,11320680,쌍문3동,5456247
2022,2,11320681,쌍문4동,2913872
2022,2,11320690,방학1동,7207399
2022,2,11320700,방학2동,3000005
2022,2,11320710,방학3동,3521896
2022,2,11350560,월계1동,4906171
2022,2,11350570,월계2동,4089975
2022,2,11350580,월계3동,2872501
2022,2,11350595,공릉1동,11479298
2022,2,11350600,공릉2동,8121928
2022,2,11350611,하계1동,3952534
2022,2,11350612,하계2동,2807080
2022,2,11350619,중계본동,4217611
2022,2,11350621,중계1동,4138961
2022,2,11350624,중계4동,3089854
2022,2,11350625,중계23동,4578742
2022,2,11350630,상계1동,7591856
2022,2,11350640,상계2동,10907938
2022,2,11350665,상계34동,8370230
2022,2,11350670,상계5동,6692986
2022,2,11350695,상계67동,6762745
2022,2,11350700,상계8동,1009977
2022,2,11350710,상계9동,1958440
2022,2,11350720,상계10동,1981751
2022,2,11380510,녹번동,7128982
2022,2,11380520,불광1동,5709343
2022,2,11380530,불광2동,5686226
2022,2,11380551,갈현1동,8050762
2022,2,11380552,갈현2동,6417780
2022,2,11380560,구산동,5503723
2022,2,11380570,대조동,10148000
2022,2,11380580,응암1동,6114178
2022,2,11380590,응암2동,3491860
2022,2,11380600,응암3동,8020629
2022,2,11380625,역촌동,12598472
2022,2,11380631,신사1동,6511679
2022,2,11380632,신사2동,3473226
2022,2,11380640,증산동,3368112
2022,2,11380650,수색동,1876908
2022,2,11380690,진관동,7519529
2022,2,11410520,천연동,4233722
2022,2,11410555,북아현동,16905991
2022,2,11410565,충현동,10286381
2022,2,11410585,신촌동,10938950
2022,2,11410615,연희동,8635297
2022,2,11410620,홍제1동,5847378
2022,2,11410640,홍제3동,4258700
2022,2,11410655,홍제2동,2729036
2022,2,11410660,홍은1동,3800365
2022,2,11410685,홍은2동,4608780
2022,2,11410690,남가좌1동,1091340
2022,2,11410700,남가좌2동,6104528
2022,2,11410710,북가좌1동,2984587
2022,2,11410720,북가좌2동,12790630
2022,2,11440555,아현동,6181204
2022,2,11440565,공덕동,14116007
2022,2,11440585,도화동,3889059
2022,2,11440590,용강동,7401446
2022,2,11440600,대흥동,7560451
2022,2,11440610,염리동,3498765
2022,2,11440630,신수동,5572092
2022,2,11440655,서강동,6217607
2022,2,11440660,서교동,17396341
2022,2,11440680,합정동,5636677
2022,2,11440690,망원1동,7173292
2022,2,11440700,망원2동,6198174
2022,2,11440710,연남동,6886132
2022,2,11440720,성산1동,6223054
2022,2,11440730,성산2동,7328744
2022,2,11440740,상암동,5340661
2022,2,11470510,목1동,5460450
2022,2,11470520,목2동,7079485
2022,2,11470530,목3동,4733570
2022,2,11470540,목4동,5940486
2022,2,11470550,목5동,4926309
2022,2,11470560,신월1동,4323470
2022,2,11470570,신월2동,4226934
2022,2,11470580,신월3동,2927559
2022,2,11470590,신월4동,3355147
2022,2,11470600,신월5동,2083359
2022,2,11470610,신월6동,996240
2022,2,11470611,신월7동,2170413
2022,2,11470620,신정1동,3730975
2022,2,11470630,신정2동,4064997
2022,2,11470640,신정3동,7752510
2022,2,11470650,신정4동,10780014
2022,2,11470670,신정6동,2030148
2022,2,11470680,신정7동,3165938
2022,2,11500510,염창동,8422009
2022,2,11500520,등촌1동,5497106
2022,2,11500530,등촌2동,3831056
2022,2,11500535,등촌3동,6923070
2022,2,11500540,화곡1동,16293622
2022,2,11500550,화곡2동,3432753
2022,2,11500560,화곡3동,3832300
2022,2,11500570,화곡4동,4523901
2022,2,11500590,화곡본동,8566857
2022,2,11500591,화곡6동,5114657
2022,2,11500593,화곡8동,7322588
2022,2,11500603,가양1동,3642401
2022,2,11500604,가양2동,2036711
2022,2,11500605,가양3동,1641953
2022,2,11500611,발산1동,5652017
2022,2,11500615,우장산동,6418819
2022,2,11500620,공항동,5822950
2022,2,11500630,방화1동,7432486
2022,2,11500640,방화2동,4857912
2022,2,11500641,방화3동,3144006
2022,2,11530510,신도림동,6277046
2022,2,11530520,구로1동,2201078
2022,2,11530530,구로2동,8983068
2022,2,11530540,구로3동,7236909
2022,2,11530550,구로4동,7010179
2022,2,11530560,구로5동,6742419
2022,2,11530595,가리봉동,3176527
2022,2,11530720,고척1동,4575679
2022,2,11530730,고척2동,5757151
2022,2,11530740,개봉1동,7614932
2022,2,11530750,개봉2동,3758098
2022,2,11530760,개봉3동,3966393
2022,2,11530770,오류1동,3748191
2022,2,11530780,오류2동,5195918
2022,2,11530790,수궁동,1840676
2022,2,11530800,항동,992424
2022,2,11545510,가산동,4996087
2022,2,11545610,독산1동,4607136
2022,2,11545620,독산2동,3829357
2022,2,11545630,독산3동,6027669
2022,2,11545640,독산4동,3706522
2022,2,11545670,시흥1동,5811227
2022,2,11545680,시흥2동,1760227
2022,2,11545690,시흥3동,1337993
2022,2,11545700,시흥4동,2605717
2022,2,11545710,시흥5동,3783565
2022,2,11560515,영등포본동,7084086
2022,2,11560535,영등포동,10884688
2022,2,11560540,여의동,6118422
2022,2,11560550,당산1동,6850579
2022,2,11560560,당산2동,8295545
2022,2,11560585,도림동,5238078
2022,2,11560605,문래동,9499864
2022,2,11560610,양평1동,5590533
2022,2,11560620,양평2동,5406953
2022,2,11560630,신길1동,5936041
2022,2,11560650,신길3동,6110252
2022,2,11560660,신길4동,2789358
2022,2,11560670,신길5동,3190152
2022,2,11560680,신길6동,6049218
2022,2,11560690,신길7동,3212325
2022,2,11560700,대림1동,4954260
2022,2,11560710,대림2동,5293924
2022,2,11560720,대림3동,7552932
2022,2,11590510,노량진1동,6732997
2022,2,11590520,노량진2동,3609576
2022,2,11590530,상도1동,8365427
2022,2,11590540,상도2동,5407759
2022,2,11590550,상도3동,5102052
2022,2,11590560,상도4동,5953563
2022,2,11590605,흑석동,7697366
2022,2,11590620,사당1동,7574671
2022,2,11590630,사당2동,7909464
2022,2,11590640,사당3동,5684612
2022,2,11590650,사당4동,3675440
2022,2,11590651,사당5동,3533964
2022,2,11590660,대방동,7246821
2022,2,11590670,신대방1동,3177251
2022,2,11590680,신대방2동,4840195
2022,2,11620525,보라매동,3606268
2022,2,11620545,청림동,3014077
2022,2,11620565,성현동,4586961
2022,2,11620575,행운동,7402133
2022,2,11620585,낙성대동,6213066
2022,2,11620595,청룡동,10887802
2022,2,11620605,은천동,8881603
2022,2,11620615,중앙동,6046591
2022,2,11620625,인헌동,6717117
2022,2,11620630,남현동,4645817
2022,2,11620645,서원동,5919114
2022,2,11620655,신원동,6433090
2022,2,11620665,서림동,5105756
2022,2,11620685,신사동,8076684
2022,2,11620695,신림동,10764241
2022,2,11620715,난향동,1494612
2022,2,11620725,조원동,6959107
2022,2,11620735,대학동,6501876
2022,2,11620745,삼성동,7755697
2022,2,11620765,미성동,5567533
2022,2,11620775,난곡동,6382219
2022,2,11650510,서초1동,7686806
2022,2,11650520,서초2동,6960367
2022,2,11650530,서초3동,12463833
2022,2,11650531,서초4동,7112232
2022,2,11650540,잠원동,6838924
2022,2,11650550,반포본동,250736
2022,2,11650560,반포1동,6922306
2022,2,11650570,반포2동,1501557
2022,2,11650580,반포3동,2892242
2022,2,11650581,반포4동,5882927
2022,2,11650590,방배본동,4632233
2022,2,11650600,방배1동,5006485
2022,2,11650610,방배2동,5137693
2022,2,11650620,방배3동,3020523
2022,2,11650621,방배4동,6737608
2022,2,11650651,양재1동,8652983
2022,2,11650652,양재2동,6208165
2022,2,11650660,내곡동,2365941
2022,2,11680510,신사동,7387671
2022,2,11680521,논현1동,10509558
2022,2,11680531,논현2동,11430808
2022,2,11680545,압구정동,8167736
2022,2,11680565,청담동,10100903
2022,2,11680580,삼성1동,4782935
2022,2,11680590,삼성2동,9682468
2022,2,11680600,대치1동,4688934
2022,2,11680610,대치2동,6057352
2022,2,11680630,대치4동,10040365
2022,2,11680640,역삼1동,21676280
2022,2,11680650,역삼2동,11744935
2022,2,11680655,도곡1동,7182339
2022,2,11680656,도곡2동,4011214
2022,2,11680660,개포1동,833112
2022,2,11680670,개포2동,1792823
2022,2,11680690,개포4동,3600037
2022,2,11680700,세곡동,3466346
2022,2,11680720,일원본동,2629012
2022,2,11680730,일원1동,2835798
2022,2,11680740,일원2동,1039182
2022,2,11680750,수서동,2369826
2022,2,11710510,풍납1동,5002323
2022,2,11710520,풍납2동,6288599
2022,2,11710531,거여1동,3533156
2022,2,11710532,거여2동,4075339
2022,2,11710540,마천1동,3688768
2022,2,11710550,마천2동,5617102
2022,2,11710561,방이1동,3497213
2022,2,11710562,방이2동,6680013
2022,2,11710566,오륜동,691813
2022,2,11710570,오금동,9924703
2022,2,11710580,송파1동,6723398
2022,2,11710590,송파2동,3401191
2022,2,11710600,석촌동,7321894
2022,2,11710610,삼전동,7052959
2022,2,11710620,가락본동,8352514
2022,2,11710631,가락1동,729301
2022,2,11710632,가락2동,6217485
2022,2,11710641,문정1동,4586112
2022,2,11710642,문정2동,2656792
2022,2,11710646,장지동,8468092
2022,2,11710647,위례동,3643283
2022,2,11710650,잠실본동,7683442
2022,2,11710670,잠실2동,2058801
2022,2,11710680,잠실3동,3360609
2022,2,11710690,잠실4동,2012656
2022,2,11710710,잠실6동,2417365
2022,2,11710720,잠실7동,694649
2022,2,11740515,강일동,4384420
2022,2,11740520,상일동,3137347
2022,2,11740530,명일1동,5258186
2022,2,11740540,명일2동,2183325
2022,2,11740550,고덕1동,3493211
2022,2,11740560,고덕2동,2311883
2022,2,11740570,암사1동,8807835
2022,2,11740580,암사2동,2562448
2022,2,11740590,암사3동,1436558
2022,2,11740600,천호1동,10645428
2022,2,11740610,천호2동,11555473
2022,2,11740620,천호3동,7845622
2022,2,11740640,성내1동,6068481
2022,2,11740650,성내2동,8776906
2022,2,11740660,성내3동,6596700
2022,2,11740685,길동,17176390
2022,2,11740690,둔촌1동,8220
2022,2,11740700,둔촌2동,7182157
2022,3,11110515,청운효자동,3606790
2022,3,11110530,사직동,3920336
2022,3,11110540,삼청동,877049
2022,3,11110550,부암동,1214589
2022,3,11110560,평창동,813663
2022,3,11110570,무악동,1987012
2022,3,11110580,교남동,3729177
2022,3,11110600,가회동,1386179
2022,3,11110615,종로1234가동,13658351
2022,3,11110630,종로56가동,6516807
2022,3,11110640,이화동,3633972
2022,3,11110650,혜화동,8987899
2022,3,11110670,창신1동,2898791
2022,3,11110680,창신2동,5946048
2022,3,11110690,창신3동,1206615
2022,3,11110700,숭인1동,2174348
2022,3,11110710,숭인2동,5327005
2022,3,11140520,소공동,2740849
2022,3,11140540,회현동,4408062
2022,3,11140550,명동,5307310
2022,3,11140570,필동,2207485
2022,3,11140580,장충동,2237927
2022,3,11140590,광희동,5985472
2022,3,11140605,을지로동,5350661
2022,3,11140615,신당동,5775806
2022,3,11140625,다산동,4121578
2022,3,11140635,약수동,2304965
2022,3,11140645,청구동,3154034
2022,3,11140650,신당5동,4184784
2022,3,11140665,동화동,2868966
2022,3,11140670,황학동,5902013
2022,3,11140680,중림동,2053016
2022,3,11170510,후암동,4303739
2022,3,11170520,용산2가동,4577419
2022,3,11170530,남영동,2238943
2022,3,11170555,청파동,7539458
2022,3,11170560,원효로1동,5191256
2022,3,11170570,원효로2동,4173672
2022,3,11170580,효창동,3756191
2022,3,11170590,용문동,2773657
2022,3,11170625,한강로동,5518392
2022,3,11170630,이촌1동,5057167
2022,3,11170640,이촌2동,1874647
2022,3,11170650,이태원1동,2874729
2022,3,11170660,이태원2동,2812081
2022,3,11170685,한남동,5940086
2022,3,11170690,서빙고동,1886710
2022,3,11170700,보광동,4113922
2022,3,11200520,왕십리2동,4667887
2022,3,11200535,왕십리도선동,5769909
2022,3,11200540,마장동,5398571
2022,3,11200550,사근동,4228154
2022,3,11200560,행당1동,4327205
2022,3,11200570,행당2동,4543847
2022,3,11200580,응봉동,3053202
2022,3,11200590,금호1가동,3692816
2022,3,11200615,금호23가동,6382782
2022,3,11200620,금호4가동,2971387
2022,3,11200645,옥수동,2865438
2022,3,11200650,성수1가1동,3193270
2022,3,11200660,성수1가2동,5660527
2022,3,11200670,성수2가1동,5192338
2022,3,11200690,성수2가3동,5402252
2022,3,11200720,송정동,3310195
2022,3,11200790,용답동,3236139
2022,3,11215710,화양동,9441233
2022,3,11215730,군자동,5366704
2022,3,11215740,중곡1동,3906471
2022,3,11215750,중곡2동,4730048
2022,3,11215760,중곡3동,4750569
2022,3,11215770,중곡4동,6470509
2022,3,11215780,능동,2423683
2022,3,11215810,광장동,6038228
2022,3,11215820,자양1동,7966562
2022,3,11215830,자양2동,5260436
2022,3,11215840,자양3동,7129135
2022,3,11215847,자양4동,8285373
2022,3,11215850,구의1동,8227681
2022,3,11215860,구의2동,5735929
2022,3,11215870,구의3동,6381487
2022,3,11230536,용신동,13769562
2022,3,11230545,제기동,12649801
2022,3,11230560,전농1동,10229052
2022,3,11230570,전농2동,2512405
2022,3,11230600,답십리1동,6982645
2022,3,11230610,답십리2동,6965002
2022,3,11230650,장안1동,8876950
2022,3,11230660,장안2동,7182949
2022,3,11230705,청량리동,6065977
2022,3,11230710,회기동,5486261
2022,3,11230720,휘경1동,5736254
2022,3,11230730,휘경2동,4966698
2022,3,11230740,이문1동,8848777
2022,3,11230750,이문2동,3975673
2022,3,11260520,면목2동,6021755
2022,3,11260540,면목4동,5263300
2022,3,11260550,면목5동,2261969
2022,3,11260565,면목본동,9783797
2022,3,11260570,면목7동,7389108
2022,3,11260575,면목38동,6209945
2022,3,11260580,상봉1동,4971389
2022,3,11260590,상봉2동,7236883
2022,3,11260600,중화1동,5803649
2022,3,11260610,중화2동,7746179
2022,3,11260620,묵1동,7316490
2022,3,11260630,묵2동,5964267
2022,3,11260655,망우본동,10258900
2022,3,11260660,망우3동,4446669
2022,3,11260680,신내1동,5624585
2022,3,11260690,신내2동,1900979
2022,3,11290525,성북동,4185561
2022,3,11290555,삼선동,10089969
2022,3,11290575,동선동,8162785
2022,3,11290580,돈암1동,2849782
2022,3,11290590,돈암2동,2829194
2022,3,11290600,안암동,6697856
2022,3,11290610,보문동,5642287
2022,3,11290620,정릉1동,4893947
2022,3,11290630,정릉2동,5922981
2022,3,11290640,정릉3동,3014391
2022,3,11290650,정릉4동,3289634
2022,3,11290660,길음1동,6430464
2022,3,11290685,길음2동,5052502
2022,3,11290705,종암동,10819925
2022,3,11290715,월곡1동,7232763
2022,3,11290725,월곡2동,6091081
2022,3,11290760,장위1동,6811250
2022,3,11290770,장위2동,4906441
2022,3,11290780,장위3동,2603602
2022,3,11290810,석관동,10342243
2022,3,11305534,삼양동,11389158
2022,3,11305535,미아동,7877043
2022,3,11305545,송중동,12303651
2022,3,11305555,송천동,12588317
2022,3,11305575,삼각산동,3150906
2022,3,11305595,번1동,6986595
2022,3,11305603,번2동,3156235
2022,3,11305608,번3동,3373031
2022,3,11305615,수유1동,6449213
2022,3,11305625,수유2동,5788858
2022,3,11305635,수유3동,10640569
2022,3,11305645,우이동,4320027
2022,3,11305660,인수동,8849009
2022,3,11320511,창1동,4347830
2022,3,11320512,창2동,9882283
2022,3,11320513,창3동,4135317
2022,3,11320514,창4동,3556920
2022,3,11320515,창5동,4363010
2022,3,11320521,도봉1동,3734291
2022,3,11320522,도봉2동,3501285
2022,3,11320660,쌍문1동,5345433
2022,3,11320670,쌍문2동,4443447
2022,3,11320680,쌍문3동,5295625
2022,3,11320681,쌍문4동,2846559
2022,3,11320690,방학1동,6843838
2022,3,11320700,방학2동,3190596
2022,3,11320710,방학3동,3447867
2022,3,11350560,월계1동,4473803
2022,3,11350570,월계2동,3835507
2022,3,11350580,월계3동,2681093
2022,3,11350595,공릉1동,11042181
2022,3,11350600,공릉2동,7797609
2022,3,11350611,하계1동,3733526
2022,3,11350612,하계2동,2849134
2022,3,11350619,중계본동,4101924
2022,3,11350621,중계1동,4016294
2022,3,11350624,중계4동,2983535
2022,3,11350625,중계23동,4560422
2022,3,11350630,상계1동,7550855
2022,3,11350640,상계2동,10782465
2022,3,11350665,상계34동,8177974
2022,3,11350670,상계5동,6521844
2022,3,11350695,상계67동,6495405
2022,3,11350700,상계8동,975607
2022,3,11350710,상계9동,1925039
2022,3,11350720,상계10동,1944476
2022,3,11380510,녹번동,6906735
2022,3,11380520,불광1동,5362779
2022,3,11380530,불광2동,5592027
2022,3,11380551,갈현1동,7755075
2022,3,11380552,갈현2동,6282554
2022,3,11380560,구산동,5277563
2022,3,11380570,대조동,10268812
2022,3,11380580,응암1동,5998989
2022,3,11380590,응암2동,3456549
2022,3,11380600,응암3동,7947130
2022,3,11380625,역촌동,12343852
2022,3,11380631,신사1동,6419203
2022,3,11380632,신사2동,3139723
2022,3,11380640,증산동,3425408
2022,3,11380650,수색동,1702188
2022,3,11380690,진관동,7494875
2022,3,11410520,천연동,4101721
2022,3,11410555,북아현동,17052863
2022,3,11410565,충현동,10079938
2022,3,11410585,신촌동,10749177
2022,3,11410615,연희동,8291811
2022,3,11410620,홍제1동,5955345
2022,3,11410640,홍제3동,4015087
2022,3,11410655,홍제2동,2666999
2022,3,11410660,홍은1동,3842182
2022,3,11410685,홍은2동,4261669
2022,3,11410690,남가좌1동,1103674
2022,3,11410700,남가좌2동,5749470
2022,3,11410710,북가좌1동,3196465
2022,3,11410720,북가좌2동,12307228
2022,3,11440555,아현동,5989987
2022,3,11440565,공덕동,14377642
2022,3,11440585,도화동,3673350
2022,3,11440590,용강동,6798019
2022,3,11440600,대흥동,7546855
2022,3,11440610,염리동,3793889
2022,3,11440630,신수동,5344689
2022,3,11440655,서강동,5920417
2022,3,11440660,서교동,17310749
2022,3,11440680,합정동,5524132
2022,3,11440690,망원1동,7149011
2022,3,11440700,망원2동,5948889
2022,3,11440710,연남동,6636535
2022,3,11440720,성산1동,6268943
2022,3,11440730,성산2동,7286204
2022,3,11440740,상암동,5329808
2022,3,11470510,목1동,5087505
2022,3,11470520,목2동,6995102
2022,3,11470530,목3동,4589598
2022,3,11470540,목4동,5825511
2022,3,11470550,목5동,4606414
2022,3,11470560,신월1동,4125809
2022,3,11470570,신월2동,4024504
2022,3,11470580,신월3동,2827844
2022,3,11470590,신월4동,3300636
2022,3,11470600,신월5동,2011340
2022,3,11470610,신월6동,913058
2022,3,11470611,신월7동,2097213
2022,3,11470620,신정1동,3636022
2022,3,11470630,신정2동,4057995
2022,3,11470640,신정3동,7669002
2022,3,11470650,신정4동,10353703
2022,3,11470670,신정6동,1962318
2022,3,11470680,신정7동,3111277
2022,3,11500510,염창동,8416296
2022,3,11500520,등촌1동,5286031
2022,3,11500530,등촌2동,3801031
2022,3,11500535,등촌3동,6612205
2022,3,11500540,화곡1동,16519988
2022,3,11500550,화곡2동,3445932
2022,3,11500560,화곡3동,3711555
2022,3,11500570,화곡4동,4432677
2022,3,11500590,화곡본동,8389289
2022,3,11500591,화곡6동,5105108
2022,3,11500593,화곡8동,7747271
2022,3,11500603,가양1동,3556303
2022,3,11500604,가양2동,2006100
2022,3,11500605,가양3동,1610861
2022,3,11500611,발산1동,5583361
2022,3,11500615,우장산동,6135914
2022,3,11500620,공항동,5530722
2022,3,11500630,방화1동,7363092
2022,3,11500640,방화2동,4862601
2022,3,11500641,방화3동,3090476
2022,3,11530510,신도림동,6071828
2022,3,11530520,구로1동,2207208
2022,3,11530530,구로2동,8930317
2022,3,11530540,구로3동,7070198
2022,3,11530550,구로4동,7150078
2022,3,11530560,구로5동,6719759
2022,3,11530595,가리봉동,3183595
2022,3,11530720,고척1동,4591331
2022,3,11530730,고척2동,5701327
2022,3,11530740,개봉1동,7588984
2022,3,11530750,개봉2동,3717424
2022,3,11530760,개봉3동,3760505
2022,3,11530770,오류1동,3602363
2022,3,11530780,오류2동,5124047
2022,3,11530790,수궁동,1783999
2022,3,11530800,항동,1057084
2022,3,11545510,가산동,4926680
2022,3,11545610,독산1동,4767540
2022,3,11545620,독산2동,3754670
2022,3,11545630,독산3동,5821619
2022,3,11545640,독산4동,3697966
2022,3,11545670,시흥1동,5698335
2022,3,11545680,시흥2동,1700756
2022,3,11545690,시흥3동,1294580
2022,3,11545700,시흥4동,2552175
2022,3,11545710,시흥5동,3652754
2022,3,11560515,영등포본동,7079140
2022,3,11560535,영등포동,10822694
2022,3,11560540,여의동,5918081
2022,3,11560550,당산1동,6795318
2022,3,11560560,당산2동,8056966
2022,3,11560585,도림동,5299503
2022,3,11560605,문래동,9260209
2022,3,11560610,양평1동,5588252
2022,3,11560620,양평2동,5267978
2022,3,11560630,신길1동,5678096
2022,3,11560650,신길3동,6109359
2022,3,11560660,신길4동,2845062
2022,3,11560670,신길5동,3431945
2022,3,11560680,신길6동,5806457
2022,3,11560690,신길7동,3303363
2022,3,11560700,대림1동,4915163
2022,3,11560710,대림2동,5519799
2022,3,11560720,대림3동,7382861
2022,3,11590510,노량진1동,6311154
2022,3,11590520,노량진2동,3570962
2022,3,11590530,상도1동,7843976
2022,3,11590540,상도2동,5314197
2022,3,11590550,상도3동,5167097
2022,3,11590560,상도4동,6114375
2022,3,11590605,흑석동,7263387
2022,3,11590620,사당1동,7213111
2022,3,11590630,사당2동,7599104
2022,3,11590640,사당3동,5971615
2022,3,11590650,사당4동,3580583
2022,3,11590651,사당5동,3204888
2022,3,11590660,대방동,6857765
2022,3,11590670,신대방1동,3181348
2022,3,11590680,신대방2동,5019633
2022,3,11620525,보라매동,3439593
2022,3,11620545,청림동,2978183
2022,3,11620565,성현동,4470688
2022,3,11620575,행운동,7299809
2022,3,11620585,낙성대동,5953874
2022,3,11620595,청룡동,10559025
2022,3,11620605,은천동,8998437
2022,3,11620615,중앙동,5560510
2022,3,11620625,인헌동,6425584
2022,3,11620630,남현동,4598631
2022,3,11620645,서원동,5686144
2022,3,11620655,신원동,6428782
2022,3,11620665,서림동,4985934
2022,3,11620685,신사동,7809603
2022,3,11620695,신림동,10681065
2022,3,11620715,난향동,1458709
2022,3,11620725,조원동,6757553
2022,3,11620735,대학동,6327540
2022,3,11620745,삼성동,7443684
2022,3,11620765,미성동,5464911
2022,3,11620775,난곡동,6271216
2022,3,11650510,서초1동,7339027
2022,3,11650520,서초2동,6803870
2022,3,11650530,서초3동,12108999
2022,3,11650531,서초4동,6890278
2022,3,11650540,잠원동,6676857
2022,3,11650550,반포본동,286966
2022,3,11650560,반포1동,6811812
2022,3,11650570,반포2동,1413867
2022,3,11650580,반포3동,2945398
2022,3,11650581,반포4동,5730024
2022,3,11650590,방배본동,4419881
2022,3,11650600,방배1동,4713884
2022,3,11650610,방배2동,5044898
2022,3,11650620,방배3동,2998263
2022,3,11650621,방배4동,6617542
2022,3,11650651,양재1동,8413966
2022,3,11650652,양재2동,5989381
2022,3,11650660,내곡동,2302313
2022,3,11680510,신사동,7254624
2022,3,11680521,논현1동,10264657
2022,3,11680531,논현2동,11124520
2022,3,11680545,압구정동,8206322
2022,3,11680565,청담동,9831898
2022,3,11680580,삼성1동,4824618
2022,3,11680590,삼성2동,9418372
2022,3,11680600,대치1동,4744684
2022,3,11680610,대치2동,6110376
2022,3,11680630,대치4동,10300902
2022,3,11680640,역삼1동,21619561
2022,3,11680650,역삼2동,11961191
2022,3,11680655,도곡1동,6991801
2022,3,11680656,도곡2동,3917081
2022,3,11680660,개포1동,793797
2022,3,11680670,개포2동,1728028
2022,3,11680690,개포4동,3509123
2022,3,11680700,세곡동,3435796
2022,3,11680720,일원본동,2554801
2022,3,11680730,일원1동,2692582
2022,3,11680740,일원2동,1041746
2022,3,11680750,수서동,2224309
2022,3,11710510,풍납1동,4938616
2022,3,11710520,풍납2동,5616770
2022,3,11710531,거여1동,3525217
2022,3,11710532,거여2동,3916189
2022,3,11710540,마천1동,3689239
2022,3,11710550,마천2동,5458840
2022,3,11710561,방이1동,3495947
2022,3,11710562,방이2동,6514554
2022,3,11710566,오륜동,661618
2022,3,11710570,오금동,9738450
2022,3,11710580,송파1동,6561763
2022,3,11710590,송파2동,3305670
2022,3,11710600,석촌동,6943327
2022,3,11710610,삼전동,6668206
2022,3,11710620,가락본동,8196884
2022,3,11710631,가락1동,721271
2022,3,11710632,가락2동,6034105
2022,3,11710641,문정1동,4509808
2022,3,11710642,문정2동,2752970
2022,3,11710646,장지동,8073106
2022,3,11710647,위례동,3527496
2022,3,11710650,잠실본동,7774306
2022,3,11710670,잠실2동,1971961
2022,3,11710680,잠실3동,3355983
2022,3,11710690,잠실4동,2072894
2022,3,11710710,잠실6동,2399832
2022,3,11710720,잠실7동,668032
2022,3,11740515,강일동,4357511
2022,3,11740520,상일동,3366878
2022,3,11740530,명일1동,4940298
2022,3,11740540,명일2동,2104581
2022,3,11740550,고덕1동,3716313
2022,3,11740560,고덕2동,2248378
2022,3,11740570,암사1동,8560695
2022,3,11740580,암사2동,2604085
2022,3,11740590,암사3동,1457747
2022,3,11740600,천호1동,9886415
2022,3,11740610,천호2동,11187787
2022,3,11740620,천호3동,7802545
2022,3,11740640,성내1동,5883042
2022,3,11740650,성내2동,8569973
2022,3,11740660,성내3동,6546862
2022,3,11740685,길동,17008849
2022,3,11740690,둔촌1동,7864
2022,3,11740700,둔촌2동,7207926
2022,4,11110515,청운효자동,3710225
2022,4,11110530,사직동,4045466
2022,4,11110540,삼청동,925272
2022,4,11110550,부암동,1165684
2022,4,11110560,평창동,850763
2022,4,11110570,무악동,1953884
2022,4,11110580,교남동,3754920
2022,4,11110600,가회동,1470368
2022,4,11110615,종로1234가동,14211700
2022,4,11110630,종로56가동,6783250
2022,4,11110640,이화동,3787131
2022,4,11110650,혜화동,9482747
2022,4,11110670,창신1동,3049106
2022,4,11110680,창신2동,5915377
2022,4,11110690,창신3동,1189610
2022,4,11110700,숭인1동,2171074
2022,4,11110710,숭인2동,5403919
2022,4,11140520,소공동,2868819
2022,4,11140540,회현동,4675699
2022,4,11140550,명동,5607132
2022,4,11140570,필동,2304782
2022,4,11140580,장충동,2370640
2022,4,11140590,광희동,6200061
2022,4,11140605,을지로동,5536824
2022,4,11140615,신당동,6102354
2022,4,11140625,다산동,4286232
2022,4,11140635,약수동,2194188
2022,4,11140645,청구동,3281357
2022,4,11140650,신당5동,3922010
2022,4,11140665,동화동,3289273
2022,4,11140670,황학동,5816714
2022,4,11140680,중림동,1980240
2022,4,11170510,후암동,4426506
2022,4,11170520,용산2가동,4219838
2022,4,11170530,남영동,2288380
2022,4,11170555,청파동,7788252
2022,4,11170560,원효로1동,5309850
2022,4,11170570,원효로2동,4229587
2022,4,11170580,효창동,3770629
2022,4,11170590,용문동,2653013
2022,4,11170625,한강로동,5594717
2022,4,11170630,이촌1동,4945027
2022,4,11170640,이촌2동,1504229
2022,4,11170650,이태원1동,2654144
2022,4,11170660,이태원2동,2895062
2022,4,11170685,한남동,5901425
2022,4,11170690,서빙고동,1841075
2022,4,11170700,보광동,4016596
2022,4,11200520,왕십리2동,4727549
2022,4,11200535,왕십리도선동,5748202
2022,4,11200540,마장동,5477871
2022,4,11200550,사근동,4480873
2022,4,11200560,행당1동,4625616
2022,4,11200570,행당2동,4587817
2022,4,11200580,응봉동,3077611
2022,4,11200590,금호1가동,3635564
2022,4,11200615,금호23가동,6382643
2022,4,11200620,금호4가동,2983021
2022,4,11200645,옥수동,2944512
2022,4,11200650,성수1가1동,3228490
2022,4,11200660,성수1가2동,5413618
2022,4,11200670,성수2가1동,5209181
2022,4,11200690,성수2가3동,5526216
2022,4,11200720,송정동,3308618
2022,4,11200790,용답동,3278629
2022,4,11215710,화양동,9597951
2022,4,11215730,군자동,5589225
2022,4,11215740,중곡1동,3881937
2022,4,11215750,중곡2동,4730886
2022,4,11215760,중곡3동,4771588
2022,4,11215770,중곡4동,6474844
2022,4,11215780,능동,2446260
2022,4,11215810,광장동,6160261
2022,4,11215820,자양1동,8057953
2022,4,11215830,자양2동,5266001
2022,4,11215840,자양3동,6626119
2022,4,11215847,자양4동,8226585
2022,4,11215850,구의1동,8024427
2022,4,11215860,구의2동,5621687
2022,4,11215870,구의3동,6675168
2022,4,11230536,용신동,13996313
2022,4,11230545,제기동,12720943
2022,4,11230560,전농1동,10560614
2022,4,11230570,전농2동,2549631
2022,4,11230600,답십리1동,6955988
2022,4,11230610,답십리2동,6886953
2022,4,11230650,장안1동,9035354
2022,4,11230660,장안2동,7234324
2022,4,11230705,청량리동,6257215
2022,4,11230710,회기동,5864603
2022,4,11230720,휘경1동,6025177
2022,4,11230730,휘경2동,5012157
2022,4,11230740,이문1동,9715977
2022,4,11230750,이문2동,3938208
2022,4,11260520,면목2동,6069486
2022,4,11260540,면목4동,5283746
2022,4,11260550,면목5동,2304842
2022,4,11260565,면목본동,9725373
2022,4,11260570,면목7동,7068444
2022,4,11260575,면목38동,6409331
2022,4,11260580,상봉1동,5079088
2022,4,11260590,상봉2동,7264926
2022,4,11260600,중화1동,5685598
2022,4,11260610,중화2동,8021741
2022,4,11260620,묵1동,7389728
2022,4,11260630,묵2동,5817535
2022,4,11260655,망우본동,10064943
2022,4,11260660,망우3동,4376066
2022,4,11260680,신내1동,5500152
2022,4,11260690,신내2동,1897500
2022,4,11290525,성북동,4279021
2022,4,11290555,삼선동,10278682
2022,4,11290575,동선동,8410830
2022,4,11290580,돈암1동,2888962
2022,4,11290590,돈암2동,2811064
2022,4,11290600,안암동,7468420
2022,4,11290610,보문동,5781922
2022,4,11290620,정릉1동,4950798
2022,4,11290630,정릉2동,5826479
2022,4,11290640,정릉3동,3138910
2022,4,11290650,정릉4동,3344906
2022,4,11290660,길음1동,6695018
2022,4,11290685,길음2동,5135824
2022,4,11290705,종암동,11075286
2022,4,11290715,월곡1동,7255634
2022,4,11290725,월곡2동,6291771
2022,4,11290760,장위1동,6781090
2022,4,11290770,장위2동,4817747
2022,4,11290780,장위3동,2790235
2022,4,11290810,석관동,10364886
2022,4,11305534,삼양동,11329873
2022,4,11305535,미아동,7995179
2022,4,11305545,송중동,12482185
2022,4,11305555,송천동,12737853
2022,4,11305575,삼각산동,3153812
2022,4,11305595,번1동,6754045
2022,4,11305603,번2동,3115626
2022,4,11305608,번3동,3378827
2022,4,11305615,수유1동,6361648
2022,4,11305625,수유2동,5721714
2022,4,11305635,수유3동,10625705
2022,4,11305645,우이동,4278344
2022,4,11305660,인수동,8828889
2022,4,11320511,창1동,4025138
2022,4,11320512,창2동,9931476
2022,4,11320513,창3동,4094462
2022,4,11320514,창4동,3626611
2022,4,11320515,창5동,4361275
2022,4,11320521,도봉1동,3725144
2022,4,11320522,도봉2동,3362002
2022,4,11320660,쌍문1동,5305248
2022,4,11320670,쌍문2동,4493516
2022,4,11320680,쌍문3동,5585869
2022,4,11320681,쌍문4동,2633505
2022,4,11320690,방학1동,6655034
2022,4,11320700,방학2동,3207918
2022,4,11320710,방학3동,3567732
2022,4,11350560,월계1동,4753280
2022,4,11350570,월계2동,3915675
2022,4,11350580,월계3동,2682804
2022,4,11350595,공릉1동,11007014
2022,4,11350600,공릉2동,7961343
2022,4,11350611,하계1동,3727829
2022,4,11350612,하계2동,2963026
2022,4,11350619,중계본동,4045495
2022,4,11350621,중계1동,3867269
2022,4,11350624,중계4동,3030796
2022,4,11350625,중계23동,4531908
2022,4,11350630,상계1동,7490688
2022,4,11350640,상계2동,10733187
2022,4,11350665,상계34동,8003551
2022,4,11350670,상계5동,6399483
2022,4,11350695,상계67동,6343799
2022,4,11350700,상계8동,996835
2022,4,11350710,상계9동,1919568
2022,4,11350720,상계10동,1971859
2022,4,11380510,녹번동,6890850
2022,4,11380520,불광1동,5483301
2022,4,11380530,불광2동,5713003
2022,4,11380551,갈현1동,7309825
2022,4,11380552,갈현2동,6250054
2022,4,11380560,구산동,5281160
2022,4,11380570,대조동,10515959
2022,4,11380580,응암1동,5803670
2022,4,11380590,응암2동,3644206
2022,4,11380600,응암3동,8431867
2022,4,11380625,역촌동,12171331
2022,4,11380631,신사1동,6358275
2022,4,11380632,신사2동,3095377
2022,4,11380640,증산동,3491002
2022,4,11380650,수색동,1658149
2022,4,11380690,진관동,7345861
2022,4,11410520,천연동,4183453
2022,4,11410555,북아현동,17582013
2022,4,11410565,충현동,10168702
2022,4,11410585,신촌동,11140918
2022,4,11410615,연희동,8421444
2022,4,11410620,홍제1동,6230808
2022,4,11410640,홍제3동,4130096
2022,4,11410655,홍제2동,2597092
2022,4,11410660,홍은1동,3755371
2022,4,11410685,홍은2동,4494815
2022,4,11410690,남가좌1동,1198511
2022,4,11410700,남가좌2동,6141530
2022,4,11410710,북가좌1동,3068844
2022,4,11410720,북가좌2동,11842662
2022,4,11440555,아현동,6026412
2022,4,11440565,공덕동,14866522
2022,4,11440585,도화동,3505609
2022,4,11440590,용강동,5949238
2022,4,11440600,대흥동,8040962
2022,4,11440610,염리동,5030875
2022,4,11440630,신수동,5204926
2022,4,11440655,서강동,6092443
2022,4,11440660,서교동,17759583
2022,4,11440680,합정동,5432399
2022,4,11440690,망원1동,6849652
2022,4,11440700,망원2동,5763807
2022,4,11440710,연남동,6492286
2022,4,11440720,성산1동,6314498
2022,4,11440730,성산2동,7200829
2022,4,11440740,상암동,5493705
2022,4,11470510,목1동,4734007
2022,4,11470520,목2동,7037970
2022,4,11470530,목3동,4828046
2022,4,11470540,목4동,5819088
2022,4,11470550,목5동,4429171
2022,4,11470560,신월1동,3989383
2022,4,11470570,신월2동,3931456
2022,4,11470580,신월3동,2726611
2022,4,11470590,신월4동,3172401
2022,4,11470600,신월5동,2103697
2022,4,11470610,신월6동,930949
2022,4,11470611,신월7동,2134572
2022,4,11470620,신정1동,3296428
2022,4,11470630,신정2동,4361965
2022,4,11470640,신정3동,7521366
2022,4,11470650,신정4동,10374763
2022,4,11470670,신정6동,2038645
2022,4,11470680,신정7동,3120980
2022,4,11500510,염창동,8560751
2022,4,11500520,등촌1동,5207119
2022,4,11500530,등촌2동,3931313
2022,4,11500535,등촌3동,6703035
2022,4,11500540,화곡1동,16707796
2022,4,11500550,화곡2동,3221207
2022,4,11500560,화곡3동,3938000
2022,4,11500570,화곡4동,4382204
2022,4,11500590,화곡본동,8312758
2022,4,11500591,화곡6동,5219910
2022,4,11500593,화곡8동,8325054
2022,4,11500603,가양1동,3614920
2022,4,11500604,가양2동,2013091
2022,4,11500605,가양3동,1688823
2022,4,11500611,발산1동,5628144
2022,4,11500615,우장산동,6304418
2022,4,11500620,공항동,5511386
2022,4,11500630,방화1동,7416241
2022,4,11500640,방화2동,4698965
2022,4,11500641,방화3동,3055878
2022,4,11530510,신도림동,6267024
2022,4,11530520,구로1동,2098578
2022,4,11530530,구로2동,9020020
2022,4,11530540,구로3동,7182617
2022,4,11530550,구로4동,6993773
2022,4,11530560,구로5동,6853346
2022,4,11530595,가리봉동,3204216
2022,4,11530720,고척1동,4313840
2022,4,11530730,고척2동,5385330
2022,4,11530740,개봉1동,7890356
2022,4,11530750,개봉2동,3722091
2022,4,11530760,개봉3동,3564874
2022,4,11530770,오류1동,3773362
2022,4,11530780,오류2동,5248842
2022,4,11530790,수궁동,2029237
2022,4,11530800,항동,1035952
2022,4,11545510,가산동,4962529
2022,4,11545610,독산1동,4924092
2022,4,11545620,독산2동,3763983
2022,4,11545630,독산3동,5719662
2022,4,11545640,독산4동,3660616
2022,4,11545670,시흥1동,5663844
2022,4,11545680,시흥2동,1733271
2022,4,11545690,시흥3동,1291608
2022,4,11545700,시흥4동,2415909
2022,4,11545710,시흥5동,3565055
2022,4,11560515,영등포본동,6988777
2022,4,11560535,영등포동,10806192
2022,4,11560540,여의동,6088534
2022,4,11560550,당산1동,6792224
2022,4,11560560,당산2동,8357374
2022,4,11560585,도림동,5295076
2022,4,11560605,문래동,9692599
2022,4,11560610,양평1동,5587117
2022,4,11560620,양평2동,5257169
2022,4,11560630,신길1동,5501864
2022,4,11560650,신길3동,6097456
2022,4,11560660,신길4동,2853796
2022,4,11560670,신길5동,3302662
2022,4,11560680,신길6동,5463641
2022,4,11560690,신길7동,3772695
2022,4,11560700,대림1동,4791434
2022,4,11560710,대림2동,5471352
2022,4,11560720,대림3동,7201095
2022,4,11590510,노량진1동,6380661
2022,4,11590520,노량진2동,3517254
2022,4,11590530,상도1동,8238724
2022,4,11590540,상도2동,5328367
2022,4,11590550,상도3동,4978063
2022,4,11590560,상도4동,6364535
2022,4,11590605,흑석동,7384971
2022,4,11590620,사당1동,7171824
2022,4,11590630,사당2동,7752732
2022,4,11590640,사당3동,5917333
2022,4,11590650,사당4동,3833656
2022,4,11590651,사당5동,3300707
2022,4,11590660,대방동,7015158
2022,4,11590670,신대방1동,3713959
2022,4,11590680,신대방2동,5158247
2022,4,11620525,보라매동,3584843
2022,4,11620545,청림동,3161672
2022,4,11620565,성현동,4565972
2022,4,11620575,행운동,7308368
2022,4,11620585,낙성대동,6173807
2022,4,11620595,청룡동,10692325
2022,4,11620605,은천동,8859973
2022,4,11620615,중앙동,5512121
2022,4,11620625,인헌동,6429588
2022,4,11620630,남현동,4579127
2022,4,11620645,서원동,5656594
2022,4,11620655,신원동,6505867
2022,4,11620665,서림동,5129294
2022,4,11620685,신사동,7711213
2022,4,11620695,신림동,10112816
2022,4,11620715,난향동,1415187
2022,4,11620725,조원동,6851732
2022,4,11620735,대학동,6347647
2022,4,11620745,삼성동,7270203
2022,4,11620765,미성동,5519127
2022,4,11620775,난곡동,6095495
2022,4,11650510,서초1동,7718891
2022,4,11650520,서초2동,6784170
2022,4,11650530,서초3동,11973862
2022,4,11650531,서초4동,6718047
2022,4,11650540,잠원동,6634475
2022,4,11650550,반포본동,329739
2022,4,11650560,반포1동,6813380
2022,4,11650570,반포2동,1472673
2022,4,11650580,반포3동,3041207
2022,4,11650581,반포4동,5754448
2022,4,11650590,방배본동,4332488
2022,4,11650600,방배1동,4779663
2022,4,11650610,방배2동,5138109
2022,4,11650620,방배3동,2994192
2022,4,11650621,방배4동,6622886
2022,4,11650651,양재1동,8530692
2022,4,11650652,양재2동,5982837
2022,4,11650660,내곡동,2072769
2022,4,11680510,신사동,7275868
2022,4,11680521,논현1동,10271464
2022,4,11680531,논현2동,11254270
2022,4,11680545,압구정동,8118889
2022,4,11680565,청담동,9807374
2022,4,11680580,삼성1동,4743046
2022,4,11680590,삼성2동,9350804
2022,4,11680600,대치1동,4675313
2022,4,11680610,대치2동,5948691
2022,4,11680630,대치4동,9767306
2022,4,11680640,역삼1동,21577405
2022,4,11680650,역삼2동,12206138
2022,4,11680655,도곡1동,6647622
2022,4,11680656,도곡2동,3900989
2022,4,11680660,개포1동,794780
2022,4,11680670,개포2동,1689285
2022,4,11680690,개포4동,3469372
2022,4,11680700,세곡동,3395146
2022,4,11680720,일원본동,2482766
2022,4,11680730,일원1동,2695400
2022,4,11680740,일원2동,1072265
2022,4,11680750,수서동,2246094
2022,4,11710510,풍납1동,4855023
2022,4,11710520,풍납2동,5457838
2022,4,11710531,거여1동,3640734
2022,4,11710532,거여2동,3702217
2022,4,11710540,마천1동,3678966
2022,4,11710550,마천2동,5267135
2022,4,11710561,방이1동,3592236
2022,4,11710562,방이2동,6652979
2022,4,11710566,오륜동,678028
2022,4,11710570,오금동,9835989
2022,4,11710580,송파1동,6387004
2022,4,11710590,송파2동,3223593
2022,4,11710600,석촌동,7021862
2022,4,11710610,삼전동,6565520
2022,4,11710620,가락본동,8312922
2022,4,11710631,가락1동,752834
2022,4,11710632,가락2동,6123769
2022,4,11710641,문정1동,4516217
2022,4,11710642,문정2동,2860989
2022,4,11710646,장지동,8082167
2022,4,11710647,위례동,3467145
2022,4,11710650,잠실본동,7956595
2022,4,11710670,잠실2동,1929535
2022,4,11710680,잠실3동,3299098
2022,4,11710690,잠실4동,1956568
2022,4,11710710,잠실6동,2423287
2022,4,11710720,잠실7동,658737
2022,4,11740515,강일동,4438784
2022,4,11740520,상일동,3338499
2022,4,11740530,명일1동,4910897
2022,4,11740540,명일2동,2162108
2022,4,11740550,고덕1동,3800264
2022,4,11740560,고덕2동,2333348
2022,4,11740570,암사1동,8431260
2022,4,11740580,암사2동,2573259
2022,4,11740590,암사3동,1454042
2022,4,11740600,천호1동,10067211
2022,4,11740610,천호2동,11269738
2022,4,11740620,천호3동,7679009
2022,4,11740640,성내1동,5963423
2022,4,11740650,성내2동,8609874
2022,4,11740660,성내3동,6577007
2022,4,11740685,길동,16941692
2022,4,11740690,둔촌1동,7949
2022,4,11740700,둔촌2동,7231008
2023,1,11110515,청운효자동,3555653
2023,1,11110530,사직동,3886303
2023,1,11110540,삼청동,931818
2023,1,11110550,부암동,1103990
2023,1,11110560,평창동,825452
2023,1,11110570,무악동,1956422
2023,1,11110580,교남동,3864711
2023,1,11110600,가회동,1316000
2023,1,11110615,종로1234가동,14180166
2023,1,11110630,종로56가동,6719965
2023,1,11110640,이화동,3430517
2023,1,11110650,혜화동,9107757
2023,1,11110670,창신1동,2997237
2023,1,11110680,창신2동,5903021
2023,1,11110690,창신3동,1181082
2023,1,11110700,숭인1동,2169409
2023,1,11110710,숭인2동,5220993
2023,1,11140520,소공동,2790938
2023,1,11140540,회현동,4527497
2023,1,11140550,명동,5470789
2023,1,11140570,필동,2146623
2023,1,11140580,장충동,2268052
2023,1,11140590,광희동,6115111
2023,1,11140605,을지로동,5466366
2023,1,11140615,신당동,5752925
2023,1,11140625,다산동,4291608
2023,1,11140635,약수동,2125755
2023,1,11140645,청구동,3347230
2023,1,11140650,신당5동,3970529
2023,1,11140665,동화동,3419860
2023,1,11140670,황학동,5881569
2023,1,11140680,중림동,1991162
2023,1,11170510,후암동,4409716
2023,1,11170520,용산2가동,4221653
2023,1,11170530,남영동,2309709
2023,1,11170555,청파동,7546132
2023,1,11170560,원효로1동,5230273
2023,1,11170570,원효로2동,4206012
2023,1,11170580,효창동,3841993
2023,1,11170590,용문동,2614784
2023,1,11170625,한강로동,5706896
2023,1,11170630,이촌1동,4841833
2023,1,11170640,이촌2동,1511256
2023,1,11170650,이태원1동,2486189
2023,1,11170660,이태원2동,2986092
2023,1,11170685,한남동,5920967
2023,1,11170690,서빙고동,1832485
2023,1,11170700,보광동,4104574
2023,1,11200520,왕십리2동,4699053
2023,1,11200535,왕십리도선동,5786774
2023,1,11200540,마장동,5413975
2023,1,11200550,사근동,4202703
2023,1,11200560,행당1동,4487096
2023,1,11200570,행당2동,4495290
2023,1,11200580,응봉동,3143241
2023,1,11200590,금호1가동,3528004
2023,1,11200615,금호23가동,6545677
2023,1,11200620,금호4가동,2965226
2023,1,11200645,옥수동,2952609
2023,1,11200650,성수1가1동,3159665
2023,1,11200660,성수1가2동,5582629
2023,1,11200670,성수2가1동,5261695
2023,1,11200690,성수2가3동,5606871
2023,1,11200720,송정동,3025811
2023,1,11200790,용답동,3414654
2023,1,11215710,화양동,9565693
2023,1,11215730,군자동,5628359
2023,1,11215740,중곡1동,4018531
2023,1,11215750,중곡2동,4740374
2023,1,11215760,중곡3동,4873100
2023,1,11215770,중곡4동,6607475
2023,1,11215780,능동,2371041
2023,1,11215810,광장동,6094173
2023,1,11215820,자양1동,7996416
2023,1,11215830,자양2동,5302118
2023,1,11215840,자양3동,6732878
2023,1,11215847,자양4동,8262139
2023,1,11215850,구의1동,7954380
2023,1,11215860,구의2동,5729816
2023,1,11215870,구의3동,6886098
2023,1,11230536,용신동,14334380
2023,1,11230545,제기동,12572168
2023,1,11230560,전농1동,10678688
2023,1,11230570,전농2동,2517347
2023,1,11230600,답십리1동,6752617
2023,1,11230610,답십리2동,6822487
2023,1,11230650,장안1동,9196864
2023,1,11230660,장안2동,7293520
2023,1,11230705,청량리동,6464283
2023,1,11230710,회기동,5455906
2023,1,11230720,휘경1동,5907306
2023,1,11230730,휘경2동,4871475
2023,1,11230740,이문1동,9120139
2023,1,11230750,이문2동,3951702
2023,1,11260520,면목2동,6102476
2023,1,11260540,면목4동,5325776
2023,1,11260550,면목5동,2354230
2023,1,11260565,면목본동,9750543
2023,1,11260570,면목7동,7014910
2023,1,11260575,면목38동,6453303
2023,1,11260580,상봉1동,5219916
2023,1,11260590,상봉2동,7345930
2023,1,11260600,중화1동,5474643
2023,1,11260610,중화2동,8324578
2023,1,11260620,묵1동,7492861
2023,1,11260630,묵2동,5918727
2023,1,11260655,망우본동,10159684
2023,1,11260660,망우3동,4410286
2023,1,11260680,신내1동,5546287
2023,1,11260690,신내2동,1929408
2023,1,11290525,성북동,4199154
2023,1,11290555,삼선동,10200646
2023,1,11290575,동선동,8121948
2023,1,11290580,돈암1동,2900189
2023,1,11290590,돈암2동,2861649
2023,1,11290600,안암동,6957874
2023,1,11290610,보문동,5838233
2023,1,11290620,정릉1동,5005853
2023,1,11290630,정릉2동,5878391
2023,1,11290640,정릉3동,3043171
2023,1,11290650,정릉4동,3303795
2023,1,11290660,길음1동,6996513
2023,1,11290685,길음2동,4992259
2023,1,11290705,종암동,11017354
2023,1,11290715,월곡1동,7408128
2023,1,11290725,월곡2동,6089260
2023,1,11290760,장위1동,7189465
2023,1,11290770,장위2동,4918446
2023,1,11290780,장위3동,2829835
2023,1,11290810,석관동,10355708
2023,1,11305534,삼양동,11666783
2023,1,11305535,미아동,7981052
2023,1,11305545,송중동,12583854
2023,1,11305555,송천동,12840550
2023,1,11305575,삼각산동,2882047
2023,1,11305595,번1동,6781467
2023,1,11305603,번2동,3143797
2023,1,11305608,번3동,3468224
2023,1,11305615,수유1동,6326509
2023,1,11305625,수유2동,5670413
2023,1,11305635,수유3동,10731659
2023,1,11305645,우이동,4359208
2023,1,11305660,인수동,8865380
2023,1,11320511,창1동,3874191
2023,1,11320512,창2동,10244242
2023,1,11320513,창3동,4143346
2023,1,11320514,창4동,3665277
2023,1,11320515,창5동,4416480
2023,1,11320521,도봉1동,3858710
2023,1,11320522,도봉2동,3413656
2023,1,11320660,쌍문1동,5069378
2023,1,11320670,쌍문2동,4382760
2023,1,11320680,쌍문3동,5623570
2023,1,11320681,쌍문4동,2596284
2023,1,11320690,방학1동,6713096
2023,1,11320700,방학2동,3257161
2023,1,11320710,방학3동,3644812
2023,1,11350560,월계1동,4608411
2023,1,11350570,월계2동,3877176
2023,1,11350580,월계3동,2675788
2023,1,11350595,공릉1동,11238913
2023,1,11350600,공릉2동,7819213
2023,1,11350611,하계1동,3717227
2023,1,11350612,하계2동,2985836
2023,1,11350619,중계본동,4148487
2023,1,11350621,중계1동,3842693
2023,1,11350624,중계4동,3049490
2023,1,11350625,중계23동,4460445
2023,1,11350630,상계1동,7469379
2023,1,11350640,상계2동,10813433
2023,1,11350665,상계34동,8024933
2023,1,11350670,상계5동,6497244
2023,1,11350695,상계67동,6275605
2023,1,11350700,상계8동,1029407
2023,1,11350710,상계9동,1913959
2023,1,11350720,상계10동,2006220
2023,1,11380510,녹번동,7003595
2023,1,11380520,불광1동,5416746
2023,1,11380530,불광2동,5675431
2023,1,11380551,갈현1동,6682913
2023,1,11380552,갈현2동,6237695
2023,1,11380560,구산동,5330176
2023,1,11380570,대조동,11541603
2023,1,11380580,응암1동,5806278
2023,1,11380590,응암2동,3761954
2023,1,11380600,응암3동,8420783
2023,1,11380625,역촌동,12324327
2023,1,11380631,신사1동,6375900
2023,1,11380632,신사2동,3098656
2023,1,11380640,증산동,3502311
2023,1,11380650,수색동,1641168
2023,1,11380690,진관동,7281527
2023,1,11410520,천연동,3961938
2023,1,11410555,북아현동,17983941
2023,1,11410565,충현동,10266560
2023,1,11410585,신촌동,10740776
2023,1,11410615,연희동,8354600
2023,1,11410620,홍제1동,6243394
2023,1,11410640,홍제3동,4076505
2023,1,11410655,홍제2동,2498877
2023,1,11410660,홍은1동,4034528
2023,1,11410685,홍은2동,4351694
2023,1,11410690,남가좌1동,1250989
2023,1,11410700,남가좌2동,5792038
2023,1,11410710,북가좌1동,3048671
2023,1,11410720,북가좌2동,11974582
2023,1,11440555,아현동,6705271
2023,1,11440565,공덕동,15202726
2023,1,11440585,도화동,3496789
2023,1,11440590,용강동,5979500
2023,1,11440600,대흥동,7893418
2023,1,11440610,염리동,5228149
2023,1,11440630,신수동,5123070
2023,1,11440655,서강동,5994999
2023,1,11440660,서교동,18224289
2023,1,11440680,합정동,5453274
2023,1,11440690,망원1동,6732452
2023,1,11440700,망원2동,5871953
2023,1,11440710,연남동,6478086
2023,1,11440720,성산1동,6364409
2023,1,11440730,성산2동,6941981
2023,1,11440740,상암동,5570020
2023,1,11470510,목1동,4976882
2023,1,11470520,목2동,7325411
2023,1,11470530,목3동,4994328
2023,1,11470540,목4동,5714240
2023,1,11470550,목5동,4467615
2023,1,11470560,신월1동,4041744
2023,1,11470570,신월2동,3904744
2023,1,11470580,신월3동,2740221
2023,1,11470590,신월4동,3234067
2023,1,11470600,신월5동,2302089
2023,1,11470610,신월6동,952236
2023,1,11470611,신월7동,2142156
2023,1,11470620,신정1동,3263528
2023,1,11470630,신정2동,4438943
2023,1,11470640,신정3동,7591309
2023,1,11470650,신정4동,10623389
2023,1,11470670,신정6동,2089460
2023,1,11470680,신정7동,3119853
2023,1,11500510,염창동,8378980
2023,1,11500520,등촌1동,5251752
2023,1,11500530,등촌2동,3897592
2023,1,11500535,등촌3동,6688484
2023,1,11500540,화곡1동,17456699
2023,1,11500550,화곡2동,3327504
2023,1,11500560,화곡3동,3749458
2023,1,11500570,화곡4동,4505715
2023,1,11500590,화곡본동,8623475
2023,1,11500591,화곡6동,5234536
2023,1,11500593,화곡8동,8066819
2023,1,11500603,가양1동,3556253
2023,1,11500604,가양2동,2019570
2023,1,11500605,가양3동,1731282
2023,1,11500611,발산1동,5615584
2023,1,11500615,우장산동,6417833
2023,1,11500620,공항동,5557683
2023,1,11500630,방화1동,7675047
2023,1,11500640,방화2동,4516898
2023,1,11500641,방화3동,2971376
2023,1,11530510,신도림동,6232956
2023,1,11530520,구로1동,2051656
2023,1,11530530,구로2동,9080373
2023,1,11530540,구로3동,7195838
2023,1,11530550,구로4동,7201391
2023,1,11530560,구로5동,6973345
2023,1,11530595,가리봉동,3243280
2023,1,11530720,고척1동,3942899
2023,1,11530730,고척2동,5198529
2023,1,11530740,개봉1동,8284242
2023,1,11530750,개봉2동,3958996
2023,1,11530760,개봉3동,3401103
2023,1,11530770,오류1동,4130265
2023,1,11530780,오류2동,5174374
2023,1,11530790,수궁동,2378505
2023,1,11530800,항동,1176055
2023,1,11545510,가산동,5058118
2023,1,11545610,독산1동,5121710
2023,1,11545620,독산2동,3723059
2023,1,11545630,독산3동,5771250
2023,1,11545640,독산4동,3843207
2023,1,11545670,시흥1동,5795741
2023,1,11545680,시흥2동,1700278
2023,1,11545690,시흥3동,1304804
2023,1,11545700,시흥4동,2430949
2023,1,11545710,시흥5동,3625048
2023,1,11560515,영등포본동,6879090
2023,1,11560535,영등포동,10996570
2023,1,11560540,여의동,6002017
2023,1,11560550,당산1동,6885964
2023,1,11560560,당산2동,8287614
2023,1,11560585,도림동,5340506
2023,1,11560605,문래동,9746127
2023,1,11560610,양평1동,5562457
2023,1,11560620,양평2동,5120657
2023,1,11560630,신길1동,5455214
2023,1,11560650,신길3동,6241887
2023,1,11560660,신길4동,2871615
2023,1,11560670,신길5동,3420920
2023,1,11560680,신길6동,5394297
2023,1,11560690,신길7동,4135463
2023,1,11560700,대림1동,4827326
2023,1,11560710,대림2동,5568674
2023,1,11560720,대림3동,7318115
2023,1,11590510,노량진1동,6338991
2023,1,11590520,노량진2동,3614626
2023,1,11590530,상도1동,7994597
2023,1,11590540,상도2동,5032987
2023,1,11590550,상도3동,4944199
2023,1,11590560,상도4동,6466231
2023,1,11590605,흑석동,6827588
2023,1,11590620,사당1동,7106643
2023,1,11590630,사당2동,7877606
2023,1,11590640,사당3동,5767745
2023,1,11590650,사당4동,3939883
2023,1,11590651,사당5동,3385377
2023,1,11590660,대방동,6939753
2023,1,11590670,신대방1동,4578240
2023,1,11590680,신대방2동,5399050
2023,1,11620525,보라매동,3605993
2023,1,11620545,청림동,3180762
2023,1,11620565,성현동,4822496
2023,1,11620575,행운동,7258451
2023,1,11620585,낙성대동,6218622
2023,1,11620595,청룡동,10945194
2023,1,11620605,은천동,8833404
2023,1,11620615,중앙동,5581718
2023,1,11620625,인헌동,6389296
2023,1,11620630,남현동,4843677
2023,1,11620645,서원동,5696556
2023,1,11620655,신원동,6638677
2023,1,11620665,서림동,5145446
2023,1,11620685,신사동,7654241
2023,1,11620695,신림동,10093262
2023,1,11620715,난향동,1383994
2023,1,11620725,조원동,6631773
2023,1,11620735,대학동,7012821
2023,1,11620745,삼성동,7115705
2023,1,11620765,미성동,5691432
2023,1,11620775,난곡동,5730189
2023,1,11650510,서초1동,8034939
2023,1,11650520,서초2동,6821410
2023,1,11650530,서초3동,12202997
2023,1,11650531,서초4동,6874901
2023,1,11650540,잠원동,6792302
2023,1,11650550,반포본동,336700
2023,1,11650560,반포1동,6869833
2023,1,11650570,반포2동,1451838
2023,1,11650580,반포3동,3062150
2023,1,11650581,반포4동,5750920
2023,1,11650590,방배본동,4295066
2023,1,11650600,방배1동,4838377
2023,1,11650610,방배2동,5209862
2023,1,11650620,방배3동,3138376
2023,1,11650621,방배4동,6549055
2023,1,11650651,양재1동,8606335
2023,1,11650652,양재2동,5970984
2023,1,11650660,내곡동,2071753
2023,1,11680510,신사동,7192218
2023,1,11680521,논현1동,10431527
2023,1,11680531,논현2동,11257195
2023,1,11680545,압구정동,8120610
2023,1,11680565,청담동,9818338
2023,1,11680580,삼성1동,4550357
2023,1,11680590,삼성2동,9453179
2023,1,11680600,대치1동,4893390
2023,1,11680610,대치2동,6168629
2023,1,11680630,대치4동,10280579
2023,1,11680640,역삼1동,22048225
2023,1,11680650,역삼2동,12554185
2023,1,11680655,도곡1동,6930543
2023,1,11680656,도곡2동,3945565
2023,1,11680660,개포1동,786304
2023,1,11680670,개포2동,1744978
2023,1,11680690,개포4동,3459896
2023,1,11680700,세곡동,3458460
2023,1,11680720,일원본동,2457499
2023,1,11680730,일원1동,2864225
2023,1,11680740,일원2동,1120456
2023,1,11680750,수서동,2211061
2023,1,11710510,풍납1동,5007234
2023,1,11710520,풍납2동,5633431
2023,1,11710531,거여1동,3606406
2023,1,11710532,거여2동,3640680
2023,1,11710540,마천1동,3754189
2023,1,11710550,마천2동,5343196
2023,1,11710561,방이1동,3594143
2023,1,11710562,방이2동,6733565
2023,1,11710566,오륜동,673233
2023,1,11710570,오금동,10067836
2023,1,11710580,송파1동,6417294
2023,1,11710590,송파2동,3121902
2023,1,11710600,석촌동,6927828
2023,1,11710610,삼전동,6582284
2023,1,11710620,가락본동,8177124
2023,1,11710631,가락1동,778730
2023,1,11710632,가락2동,6325142
2023,1,11710641,문정1동,4485287
2023,1,11710642,문정2동,3065996
2023,1,11710646,장지동,8183448
2023,1,11710647,위례동,3426072
2023,1,11710650,잠실본동,7947684
2023,1,11710670,잠실2동,1802534
2023,1,11710680,잠실3동,3274044
2023,1,11710690,잠실4동,1996003
2023,1,11710710,잠실6동,2396213
2023,1,11710720,잠실7동,663729
2023,1,11740515,강일동,4512223
2023,1,11740520,상일동,3418130
2023,1,11740530,명일1동,4941886
2023,1,11740540,명일2동,2155497
2023,1,11740550,고덕1동,3825786
2023,1,11740560,고덕2동,2328314
2023,1,11740570,암사1동,8523114
2023,1,11740580,암사2동,2553967
2023,1,11740590,암사3동,1427755
2023,1,11740600,천호1동,10126524
2023,1,11740610,천호2동,11398465
2023,1,11740620,천호3동,7592234
2023,1,11740640,성내1동,6018792
2023,1,11740650,성내2동,8498919
2023,1,11740660,성내3동,6790011
2023,1,11740685,길동,17266648
2023,1,11740690,둔촌1동,8074
2023,1,11740700,둔촌2동,7298615
2023,2,11110515,청운효자동,3662829
2023,2,11110530,사직동,3943057
2023,2,11110540,삼청동,997813
2023,2,11110550,부암동,1137688
2023,2,11110560,평창동,785436
2023,2,11110570,무악동,1939075
2023,2,11110580,교남동,3817973
2023,2,11110600,가회동,1365059
2023,2,11110615,종로1234가동,14175711
2023,2,11110630,종로56가동,6660285
2023,2,11110640,이화동,3653518
2023,2,11110650,혜화동,9677349
2023,2,11110670,창신1동,3014244
2023,2,11110680,창신2동,5728461
2023,2,11110690,창신3동,1168610
2023,2,11110700,숭인1동,2131237
2023,2,11110710,숭인2동,5177186
2023,2,11140520,소공동,2791839
2023,2,11140540,회현동,4705920
2023,2,11140550,명동,5485194
2023,2,11140570,필동,2287483
2023,2,11140580,장충동,2428415
2023,2,11140590,광희동,6356267
2023,2,11140605,을지로동,5563025
2023,2,11140615,신당동,6048607
2023,2,11140625,다산동,4286243
2023,2,11140635,약수동,2083690
2023,2,11140645,청구동,3321724
2023,2,11140650,신당5동,3839049
2023,2,11140665,동화동,3263410
2023,2,11140670,황학동,6001117
2023,2,11140680,중림동,1976364
2023,2,11170510,후암동,4084302
2023,2,11170520,용산2가동,4723301
2023,2,11170530,남영동,2211503
2023,2,11170555,청파동,7747013
2023,2,11170560,원효로1동,5160977
2023,2,11170570,원효로2동,4195126
2023,2,11170580,효창동,3578903
2023,2,11170590,용문동,2893302
2023,2,11170625,한강로동,5646370
2023,2,11170630,이촌1동,4653015
2023,2,11170640,이촌2동,1672354
2023,2,11170650,이태원1동,2641988
2023,2,11170660,이태원2동,2984758
2023,2,11170685,한남동,5778926
2023,2,11170690,서빙고동,1822122
2023,2,11170700,보광동,3981668
2023,2,11200520,왕십리2동,4437285
2023,2,11200535,왕십리도선동,5690865
2023,2,11200540,마장동,5275034
2023,2,11200550,사근동,4533610
2023,2,11200560,행당1동,4633560
2023,2,11200570,행당2동,4409199
2023,2,11200580,응봉동,3048101
2023,2,11200590,금호1가동,3242485
2023,2,11200615,금호23가동,6301428
2023,2,11200620,금호4가동,2890423
2023,2,11200645,옥수동,2934327
2023,2,11200650,성수1가1동,3115659
2023,2,11200660,성수1가2동,5621049
2023,2,11200670,성수2가1동,5037806
2023,2,11200690,성수2가3동,5606032
2023,2,11200720,송정동,3040084
2023,2,11200790,용답동,3380638
2023,2,11215710,화양동,9836755
2023,2,11215730,군자동,6014930
2023,2,11215740,중곡1동,3883391
2023,2,11215750,중곡2동,4694635
2023,2,11215760,중곡3동,4654259
2023,2,11215770,중곡4동,6424129
2023,2,11215780,능동,2477028
2023,2,11215810,광장동,6141386
2023,2,11215820,자양1동,7984153
2023,2,11215830,자양2동,5276872
2023,2,11215840,자양3동,6841999
2023,2,11215847,자양4동,8295958
2023,2,11215850,구의1동,7830103
2023,2,11215860,구의2동,5512717
2023,2,11215870,구의3동,6730650
2023,2,11230536,용신동,14551614
2023,2,11230545,제기동,12836042
2023,2,11230560,전농1동,10606299
2023,2,11230570,전농2동,2543562
2023,2,11230600,답십리1동,6622329
2023,2,11230610,답십리2동,6586887
2023,2,11230650,장안1동,9106534
2023,2,11230660,장안2동,7254066
2023,2,11230705,청량리동,6584152
2023,2,11230710,회기동,5842652
2023,2,11230720,휘경1동,6038387
2023,2,11230730,휘경2동,5084212
2023,2,11230740,이문1동,10023278
2023,2,11230750,이문2동,3882219
2023,2,11260520,면목2동,5899602
2023,2,11260540,면목4동,5254178
2023,2,11260550,면목5동,2301595
2023,2,11260565,면목본동,9453917
2023,2,11260570,면목7동,6787536
2023,2,11260575,면목38동,6330155
2023,2,11260580,상봉1동,5135832
2023,2,11260590,상봉2동,7229577
2023,2,11260600,중화1동,5357355
2023,2,11260610,중화2동,7963706
2023,2,11260620,묵1동,7387337
2023,2,11260630,묵2동,5809238
2023,2,11260655,망우본동,10100078
2023,2,11260660,망우3동,4360462
2023,2,11260680,신내1동,5330027
2023,2,11260690,신내2동,1897758
2023,2,11290525,성북동,4585990
2023,2,11290555,삼선동,10327822
2023,2,11290575,동선동,8204611
2023,2,11290580,돈암1동,2834974
2023,2,11290590,돈암2동,2784931
2023,2,11290600,안암동,7696274
2023,2,11290610,보문동,5658363
2023,2,11290620,정릉1동,4876935
2023,2,11290630,정릉2동,5706300
2023,2,11290640,정릉3동,3153823
2023,2,11290650,정릉4동,3357355
2023,2,11290660,길음1동,6871265
2023,2,11290685,길음2동,4856033
2023,2,11290705,종암동,10968055
2023,2,11290715,월곡1동,7544564
2023,2,11290725,월곡2동,6068166
2023,2,11290760,장위1동,7263372
2023,2,11290770,장위2동,4912749
2023,2,11290780,장위3동,2907335
2023,2,11290810,석관동,10206986
2023,2,11305534,삼양동,11095592
2023,2,11305535,미아동,7961757
2023,2,11305545,송중동,12289641
2023,2,11305555,송천동,12723875
2023,2,11305575,삼각산동,2842427
2023,2,11305595,번1동,6655897
2023,2,11305603,번2동,3032558
2023,2,11305608,번3동,3424326
2023,2,11305615,수유1동,6233573
2023,2,11305625,수유2동,5441441
2023,2,11305635,수유3동,10693301
2023,2,11305645,우이동,4537674
2023,2,11305660,인수동,8404325
2023,2,11320511,창1동,3815775
2023,2,11320512,창2동,10043894
2023,2,11320513,창3동,4014283
2023,2,11320514,창4동,3592520
2023,2,11320515,창5동,4233841
2023,2,11320521,도봉1동,3753801
2023,2,11320522,도봉2동,3348854
2023,2,11320660,쌍문1동,4985013
2023,2,11320670,쌍문2동,4307471
2023,2,11320680,쌍문3동,5561451
2023,2,11320681,쌍문4동,2585379
2023,2,11320690,방학1동,6493247
2023,2,11320700,방학2동,3091357
2023,2,11320710,방학3동,3520714
2023,2,11350560,월계1동,4833132
2023,2,11350570,월계2동,3888470
2023,2,11350580,월계3동,2575401
2023,2,11350595,공릉1동,11088561
2023,2,11350600,공릉2동,8035159
2023,2,11350611,하계1동,3724240
2023,2,11350612,하계2동,2880050
2023,2,11350619,중계본동,4003676
2023,2,11350621,중계1동,3780256
2023,2,11350624,중계4동,2986063
2023,2,11350625,중계23동,4467776
2023,2,11350630,상계1동,7256389
2023,2,11350640,상계2동,10355894
2023,2,11350665,상계34동,7600457
2023,2,11350670,상계5동,6196905
2023,2,11350695,상계67동,6336211
2023,2,11350700,상계8동,1016098
2023,2,11350710,상계9동,1906854
2023,2,11350720,상계10동,1945251
2023,2,11380510,녹번동,6784895
2023,2,11380520,불광1동,5000186
2023,2,11380530,불광2동,5494375
2023,2,11380551,갈현1동,6290780
2023,2,11380552,갈현2동,6150543
2023,2,11380560,구산동,5304043
2023,2,11380570,대조동,12124479
2023,2,11380580,응암1동,5732229
2023,2,11380590,응암2동,3601762
2023,2,11380600,응암3동,8283738
2023,2,11380625,역촌동,11888669
2023,2,11380631,신사1동,6113509
2023,2,11380632,신사2동,3033629
2023,2,11380640,증산동,3455281
2023,2,11380650,수색동,1602419
2023,2,11380690,진관동,7167513
2023,2,11410520,천연동,3903594
2023,2,11410555,북아현동,17872169
2023,2,11410565,충현동,10284454
2023,2,11410585,신촌동,11484969
2023,2,11410615,연희동,8322006
2023,2,11410620,홍제1동,6085979
2023,2,11410640,홍제3동,4026858
2023,2,11410655,홍제2동,2432025
2023,2,11410660,홍은1동,4137064
2023,2,11410685,홍은2동,4372392
2023,2,11410690,남가좌1동,1254287
2023,2,11410700,남가좌2동,6005929
2023,2,11410710,북가좌1동,2965147
2023,2,11410720,북가좌2동,11335789
2023,2,11440555,아현동,7027306
2023,2,11440565,공덕동,14510748
2023,2,11440585,도화동,3441313
2023,2,11440590,용강동,5872914
2023,2,11440600,대흥동,8040614
2023,2,11440610,염리동,5281206
2023,2,11440630,신수동,5142005
2023,2,11440655,서강동,6062111
2023,2,11440660,서교동,17680508
2023,2,11440680,합정동,5292528
2023,2,11440690,망원1동,6564488
2023,2,11440700,망원2동,5791293
2023,2,11440710,연남동,6559528
2023,2,11440720,성산1동,6222642
2023,2,11440730,성산2동,6758483
2023,2,11440740,상암동,5438986
2023,2,11470510,목1동,4931134
2023,2,11470520,목2동,6837896
2023,2,11470530,목3동,4841098
2023,2,11470540,목4동,5575348
2023,2,11470550,목5동,4353440
2023,2,11470560,신월1동,4046244
2023,2,11470570,신월2동,3550131
2023,2,11470580,신월3동,2733955
2023,2,11470590,신월4동,3167015
2023,2,11470600,신월5동,2824804
2023,2,11470610,신월6동,971791
2023,2,11470611,신월7동,2096224
2023,2,11470620,신정1동,3287176
2023,2,11470630,신정2동,4465872
2023,2,11470640,신정3동,7297443
2023,2,11470650,신정4동,10574414
2023,2,11470670,신정6동,2006397
2023,2,11470680,신정7동,3073232
2023,2,11500510,염창동,8178444
2023,2,11500520,등촌1동,5173602
2023,2,11500530,등촌2동,3836263
2023,2,11500535,등촌3동,7051419
2023,2,11500540,화곡1동,16066203
2023,2,11500550,화곡2동,3183499
2023,2,11500560,화곡3동,3447997
2023,2,11500570,화곡4동,4906469
2023,2,11500590,화곡본동,8280287
2023,2,11500591,화곡6동,5097565
2023,2,11500593,화곡8동,7623238
2023,2,11500603,가양1동,3468184
2023,2,11500604,가양2동,2106864
2023,2,11500605,가양3동,1747182
2023,2,11500611,발산1동,5656621
2023,2,11500615,우장산동,6382048
2023,2,11500620,공항동,5312237
2023,2,11500630,방화1동,7444126
2023,2,11500640,방화2동,4807161
2023,2,11500641,방화3동,2873891
2023,2,11530510,신도림동,6239806
2023,2,11530520,구로1동,1998488
2023,2,11530530,구로2동,8983769
2023,2,11530540,구로3동,7065123
2023,2,11530550,구로4동,7488949
2023,2,11530560,구로5동,6883879
2023,2,11530595,가리봉동,2951206
2023,2,11530720,고척1동,4471524
2023,2,11530730,고척2동,5104783
2023,2,11530740,개봉1동,8056651
2023,2,11530750,개봉2동,3944830
2023,2,11530760,개봉3동,3488357
2023,2,11530770,오류1동,4238281
2023,2,11530780,오류2동,4946502
2023,2,11530790,수궁동,1965005
2023,2,11530800,항동,1251047
2023,2,11545510,가산동,5064892
2023,2,11545610,독산1동,4840357
2023,2,11545620,독산2동,3574366
2023,2,11545630,독산3동,5275620
2023,2,11545640,독산4동,3904238
2023,2,11545670,시흥1동,5664990
2023,2,11545680,시흥2동,1640163
2023,2,11545690,시흥3동,1284871
2023,2,11545700,시흥4동,2325369
2023,2,11545710,시흥5동,3642509
2023,2,11560515,영등포본동,6881805
2023,2,11560535,영등포동,10975381
2023,2,11560540,여의동,6079462
2023,2,11560550,당산1동,6867690
2023,2,11560560,당산2동,8248542
2023,2,11560585,도림동,5351243
2023,2,11560605,문래동,9594594
2023,2,11560610,양평1동,5297796
2023,2,11560620,양평2동,5109405
2023,2,11560630,신길1동,5404641
2023,2,11560650,신길3동,5948138
2023,2,11560660,신길4동,2777654
2023,2,11560670,신길5동,3269078
2023,2,11560680,신길6동,5454855
2023,2,11560690,신길7동,3985397
2023,2,11560700,대림1동,4514902
2023,2,11560710,대림2동,5395389
2023,2,11560720,대림3동,7002352
2023,2,11590510,노량진1동,6370227
2023,2,11590520,노량진2동,3466053
2023,2,11590530,상도1동,8224313
2023,2,11590540,상도2동,5011663
2023,2,11590550,상도3동,4876709
2023,2,11590560,상도4동,6236185
2023,2,11590605,흑석동,6929435
2023,2,11590620,사당1동,6756915
2023,2,11590630,사당2동,7682237
2023,2,11590640,사당3동,5625156
2023,2,11590650,사당4동,3897668
2023,2,11590651,사당5동,3318718
2023,2,11590660,대방동,6946216
2023,2,11590670,신대방1동,3713149
2023,2,11590680,신대방2동,4933717
2023,2,11620525,보라매동,3679011
2023,2,11620545,청림동,3098249
2023,2,11620565,성현동,4539045
2023,2,11620575,행운동,7183006
2023,2,11620585,낙성대동,6207807
2023,2,11620595,청룡동,10975115
2023,2,11620605,은천동,8492776
2023,2,11620615,중앙동,5586497
2023,2,11620625,인헌동,6341914
2023,2,11620630,남현동,4552409
2023,2,11620645,서원동,5643294
2023,2,11620655,신원동,6504375
2023,2,11620665,서림동,5070211
2023,2,11620685,신사동,7764194
2023,2,11620695,신림동,10144078
2023,2,11620715,난향동,1359858
2023,2,11620725,조원동,6858872
2023,2,11620735,대학동,6880872
2023,2,11620745,삼성동,7279980
2023,2,11620765,미성동,5464815
2023,2,11620775,난곡동,5867285
2023,2,11650510,서초1동,7954336
2023,2,11650520,서초2동,6866096
2023,2,11650530,서초3동,11887432
2023,2,11650531,서초4동,6734984
2023,2,11650540,잠원동,6356961
2023,2,11650550,반포본동,349982
2023,2,11650560,반포1동,6743940
2023,2,11650570,반포2동,1569280
2023,2,11650580,반포3동,3137678
2023,2,11650581,반포4동,5669884
2023,2,11650590,방배본동,4220729
2023,2,11650600,방배1동,4739215
2023,2,11650610,방배2동,5124778
2023,2,11650620,방배3동,3115486
2023,2,11650621,방배4동,6526908
2023,2,11650651,양재1동,8543554
2023,2,11650652,양재2동,5895977
2023,2,11650660,내곡동,1986723
2023,2,11680510,신사동,7082053
2023,2,11680521,논현1동,10126616
2023,2,11680531,논현2동,11513036
2023,2,11680545,압구정동,7991790
2023,2,11680565,청담동,9899247
2023,2,11680580,삼성1동,4659851
2023,2,11680590,삼성2동,9355129
2023,2,11680600,대치1동,4745676
2023,2,11680610,대치2동,6142713
2023,2,11680630,대치4동,10138112
2023,2,11680640,역삼1동,21645248
2023,2,11680650,역삼2동,12120980
2023,2,11680655,도곡1동,7066960
2023,2,11680656,도곡2동,3886017
2023,2,11680660,개포1동,733498
2023,2,11680670,개포2동,1912692
2023,2,11680690,개포4동,3454301
2023,2,11680700,세곡동,3510595
2023,2,11680720,일원본동,2422321
2023,2,11680730,일원1동,2587942
2023,2,11680740,일원2동,1054509
2023,2,11680750,수서동,2291626
2023,2,11710510,풍납1동,4634248
2023,2,11710520,풍납2동,5475998
2023,2,11710531,거여1동,3497453
2023,2,11710532,거여2동,3603684
2023,2,11710540,마천1동,3561717
2023,2,11710550,마천2동,5066587
2023,2,11710561,방이1동,3194271
2023,2,11710562,방이2동,6524459
2023,2,11710566,오륜동,684326
2023,2,11710570,오금동,10126215
2023,2,11710580,송파1동,6186709
2023,2,11710590,송파2동,3120523
2023,2,11710600,석촌동,6719003
2023,2,11710610,삼전동,6448849
2023,2,11710620,가락본동,7887120
2023,2,11710631,가락1동,779621
2023,2,11710632,가락2동,6157152
2023,2,11710641,문정1동,4424224
2023,2,11710642,문정2동,3036881
2023,2,11710646,장지동,8111522
2023,2,11710647,위례동,3414090
2023,2,11710650,잠실본동,7985030
2023,2,11710670,잠실2동,1817074
2023,2,11710680,잠실3동,3213155
2023,2,11710690,잠실4동,1949900
2023,2,11710710,잠실6동,2428956
2023,2,11710720,잠실7동,695768
2023,2,11740515,강일동,4378368
2023,2,11740520,상일동,3393755
2023,2,11740530,명일1동,4817371
2023,2,11740540,명일2동,2201653
2023,2,11740550,고덕1동,3810477
2023,2,11740560,고덕2동,2343035
2023,2,11740570,암사1동,8129879
2023,2,11740580,암사2동,2480691
2023,2,11740590,암사3동,1564681
2023,2,11740600,천호1동,9875479
2023,2,11740610,천호2동,11196139
2023,2,11740620,천호3동,7394937
2023,2,11740640,성내1동,5967834
2023,2,11740650,성내2동,8232659
2023,2,11740660,성내3동,6711571
2023,2,11740685,길동,17059829
2023,2,11740690,둔촌1동,8446
2023,2,11740700,둔촌2동,7029016
2023,3,11110515,청운효자동,3457038
2023,3,11110530,사직동,3866927
2023,3,11110540,삼청동,940763
2023,3,11110550,부암동,1131589
2023,3,11110560,평창동,758392
2023,3,11110570,무악동,1916171
2023,3,11110580,교남동,3816801
2023,3,11110600,가회동,1281834
2023,3,11110615,종로1234가동,13870987
2023,3,11110630,종로56가동,6238061
2023,3,11110640,이화동,3875773
2023,3,11110650,혜화동,8564771
2023,3,11110670,창신1동,2897394
2023,3,11110680,창신2동,5441115
2023,3,11110690,창신3동,1142740
2023,3,11110700,숭인1동,2089279
2023,3,11110710,숭인2동,5028491
2023,3,11140520,소공동,2706882
2023,3,11140540,회현동,4440605
2023,3,11140550,명동,5325091
2023,3,11140570,필동,2127001
2023,3,11140580,장충동,2268592
2023,3,11140590,광희동,6133269
2023,3,11140605,을지로동,5376472
2023,3,11140615,신당동,5954272
2023,3,11140625,다산동,4138947
2023,3,11140635,약수동,2033005
2023,3,11140645,청구동,3292410
2023,3,11140650,신당5동,3692785
2023,3,11140665,동화동,3105627
2023,3,11140670,황학동,5956174
2023,3,11140680,중림동,1907063
2023,3,11170510,후암동,4057383
2023,3,11170520,용산2가동,4698577
2023,3,11170530,남영동,2243624
2023,3,11170555,청파동,7277132
2023,3,11170560,원효로1동,5126860
2023,3,11170570,원효로2동,4399627
2023,3,11170580,효창동,3495117
2023,3,11170590,용문동,2762774
2023,3,11170625,한강로동,5676788
2023,3,11170630,이촌1동,4801507
2023,3,11170640,이촌2동,1665453
2023,3,11170650,이태원1동,2655917
2023,3,11170660,이태원2동,2869541
2023,3,11170685,한남동,5547533
2023,3,11170690,서빙고동,1816346
2023,3,11170700,보광동,4144432
2023,3,11200520,왕십리2동,4457637
2023,3,11200535,왕십리도선동,5550461
2023,3,11200540,마장동,5331964
2023,3,11200550,사근동,3962515
2023,3,11200560,행당1동,4829176
2023,3,11200570,행당2동,4487499
2023,3,11200580,응봉동,3004946
2023,3,11200590,금호1가동,3202194
2023,3,11200615,금호23가동,6508017
2023,3,11200620,금호4가동,2956902
2023,3,11200645,옥수동,2964785
2023,3,11200650,성수1가1동,3052286
2023,3,11200660,성수1가2동,5578876
2023,3,11200670,성수2가1동,4922849
2023,3,11200690,성수2가3동,5431494
2023,3,11200720,송정동,2940329
2023,3,11200790,용답동,3530969
2023,3,11215710,화양동,9582747
2023,3,11215730,군자동,6052153
2023,3,11215740,중곡1동,3945910
2023,3,11215750,중곡2동,4769584
2023,3,11215760,중곡3동,4638197
2023,3,11215770,중곡4동,6396776
2023,3,11215780,능동,2120134
2023,3,11215810,광장동,5968625
2023,3,11215820,자양1동,7855544
2023,3,11215830,자양2동,5341139
2023,3,11215840,자양3동,6629405
2023,3,11215847,자양4동,8820014
2023,3,11215850,구의1동,7204653
2023,3,11215860,구의2동,5257821
2023,3,11215870,구의3동,6429669
2023,3,11230536,용신동,14402510
2023,3,11230545,제기동,12124205
2023,3,11230560,전농1동,10609066
2023,3,11230570,전농2동,2506712
2023,3,11230600,답십리1동,6740148
2023,3,11230610,답십리2동,6450532
2023,3,11230650,장안1동,9030503
2023,3,11230660,장안2동,7387089
2023,3,11230705,청량리동,6493155
2023,3,11230710,회기동,5018722
2023,3,11230720,휘경1동,5650699
2023,3,11230730,휘경2동,4703105
2023,3,11230740,이문1동,8799145
2023,3,11230750,이문2동,3788927
2023,3,11260520,면목2동,5879488
2023,3,11260540,면목4동,5154351
2023,3,11260550,면목5동,2327237
2023,3,11260565,면목본동,9493741
2023,3,11260570,면목7동,6709673
2023,3,11260575,면목38동,6305947
2023,3,11260580,상봉1동,4919855
2023,3,11260590,상봉2동,7319155
2023,3,11260600,중화1동,5335629
2023,3,11260610,중화2동,8033256
2023,3,11260620,묵1동,7216846
2023,3,11260630,묵2동,5692590
2023,3,11260655,망우본동,10631785
2023,3,11260660,망우3동,4394936
2023,3,11260680,신내1동,5259745
2023,3,11260690,신내2동,2003235
2023,3,11290525,성북동,4195887
2023,3,11290555,삼선동,9914756
2023,3,11290575,동선동,7731305
2023,3,11290580,돈암1동,2816738
2023,3,11290590,돈암2동,2778172
2023,3,11290600,안암동,6838061
2023,3,11290610,보문동,5510826
2023,3,11290620,정릉1동,4940639
2023,3,11290630,정릉2동,5835719
2023,3,11290640,정릉3동,2884144
2023,3,11290650,정릉4동,3381404
2023,3,11290660,길음1동,6641645
2023,3,11290685,길음2동,4884145
2023,3,11290705,종암동,10771030
2023,3,11290715,월곡1동,7618758
2023,3,11290725,월곡2동,5873565
2023,3,11290760,장위1동,7282216
2023,3,11290770,장위2동,4898034
2023,3,11290780,장위3동,2900744
2023,3,11290810,석관동,9927189
2023,3,11305534,삼양동,11056603
2023,3,11305535,미아동,7957358
2023,3,11305545,송중동,12204812
2023,3,11305555,송천동,12658620
2023,3,11305575,삼각산동,3018494
2023,3,11305595,번1동,6840047
2023,3,11305603,번2동,3031535
2023,3,11305608,번3동,3414950
2023,3,11305615,수유1동,6307429
2023,3,11305625,수유2동,5446954
2023,3,11305635,수유3동,10607434
2023,3,11305645,우이동,4422805
2023,3,11305660,인수동,8241337
2023,3,11320511,창1동,3791844
2023,3,11320512,창2동,10194172
2023,3,11320513,창3동,4049020
2023,3,11320514,창4동,3595304
2023,3,11320515,창5동,4163698
2023,3,11320521,도봉1동,3577495
2023,3,11320522,도봉2동,3219005
2023,3,11320660,쌍문1동,4933281
2023,3,11320670,쌍문2동,4432892
2023,3,11320680,쌍문3동,5551393
2023,3,11320681,쌍문4동,2556207
2023,3,11320690,방학1동,6401013
2023,3,11320700,방학2동,2979633
2023,3,11320710,방학3동,3490867
2023,3,11350560,월계1동,4527470
2023,3,11350570,월계2동,3743068
2023,3,11350580,월계3동,2593143
2023,3,11350595,공릉1동,11002244
2023,3,11350600,공릉2동,7925904
2023,3,11350611,하계1동,3675727
2023,3,11350612,하계2동,2791941
2023,3,11350619,중계본동,4054113
2023,3,11350621,중계1동,3817519
2023,3,11350624,중계4동,2952055
2023,3,11350625,중계23동,4335677
2023,3,11350630,상계1동,7332942
2023,3,11350640,상계2동,10347891
2023,3,11350665,상계34동,8187691
2023,3,11350670,상계5동,6357954
2023,3,11350695,상계67동,6624377
2023,3,11350700,상계8동,1012025
2023,3,11350710,상계9동,1890408
2023,3,11350720,상계10동,1919356
2023,3,11380510,녹번동,6914013
2023,3,11380520,불광1동,5013461
2023,3,11380530,불광2동,5616708
2023,3,11380551,갈현1동,6385403
2023,3,11380552,갈현2동,6132097
2023,3,11380560,구산동,5163228
2023,3,11380570,대조동,12205663
2023,3,11380580,응암1동,5578305
2023,3,11380590,응암2동,3782851
2023,3,11380600,응암3동,8151495
2023,3,11380625,역촌동,11841875
2023,3,11380631,신사1동,6137218
2023,3,11380632,신사2동,2977977
2023,3,11380640,증산동,3369599
2023,3,11380650,수색동,2077351
2023,3,11380690,진관동,7093180
2023,3,11410520,천연동,3849951
2023,3,11410555,북아현동,18608472
2023,3,11410565,충현동,10342211
2023,3,11410585,신촌동,10551251
2023,3,11410615,연희동,8454911
2023,3,11410620,홍제1동,6367456
2023,3,11410640,홍제3동,3753687
2023,3,11410655,홍제2동,2114833
2023,3,11410660,홍은1동,4026098
2023,3,11410685,홍은2동,4292452
2023,3,11410690,남가좌1동,1022352
2023,3,11410700,남가좌2동,5846637
2023,3,11410710,북가좌1동,2816542
2023,3,11410720,북가좌2동,11338495
2023,3,11440555,아현동,7097356
2023,3,11440565,공덕동,13659417
2023,3,11440585,도화동,3982190
2023,3,11440590,용강동,5639860
2023,3,11440600,대흥동,7728490
2023,3,11440610,염리동,5124416
2023,3,11440630,신수동,5104844
2023,3,11440655,서강동,5828851
2023,3,11440660,서교동,17450568
2023,3,11440680,합정동,5162595
2023,3,11440690,망원1동,6637926
2023,3,11440700,망원2동,5750885
2023,3,11440710,연남동,6614952
2023,3,11440720,성산1동,6139272
2023,3,11440730,성산2동,6779952
2023,3,11440740,상암동,5507343
2023,3,11470510,목1동,4925054
2023,3,11470520,목2동,6835456
2023,3,11470530,목3동,4894638
2023,3,11470540,목4동,5589710
2023,3,11470550,목5동,4482034
2023,3,11470560,신월1동,4081863
2023,3,11470570,신월2동,3529913
2023,3,11470580,신월3동,2696573
2023,3,11470590,신월4동,3224753
2023,3,11470600,신월5동,3129061
2023,3,11470610,신월6동,1059387
2023,3,11470611,신월7동,2052833
2023,3,11470620,신정1동,3291692
2023,3,11470630,신정2동,4320150
2023,3,11470640,신정3동,7371699
2023,3,11470650,신정4동,10682611
2023,3,11470670,신정6동,2019573
2023,3,11470680,신정7동,3078756
2023,3,11500510,염창동,8105227
2023,3,11500520,등촌1동,5337510
2023,3,11500530,등촌2동,3863817
2023,3,11500535,등촌3동,6901892
2023,3,11500540,화곡1동,16193300
2023,3,11500550,화곡2동,3296110
2023,3,11500560,화곡3동,3469199
2023,3,11500570,화곡4동,4731302
2023,3,11500590,화곡본동,8216805
2023,3,11500591,화곡6동,5173226
2023,3,11500593,화곡8동,7745999
2023,3,11500603,가양1동,3482277
2023,3,11500604,가양2동,2126365
2023,3,11500605,가양3동,1834060
2023,3,11500611,발산1동,5530972
2023,3,11500615,우장산동,6701809
2023,3,11500620,공항동,5419135
2023,3,11500630,방화1동,7394002
2023,3,11500640,방화2동,4731425
2023,3,11500641,방화3동,2850703
2023,3,11530510,신도림동,6156725
2023,3,11530520,구로1동,1950756
2023,3,11530530,구로2동,8993695
2023,3,11530540,구로3동,7035330
2023,3,11530550,구로4동,7796048
2023,3,11530560,구로5동,7199558
2023,3,11530595,가리봉동,3072719
2023,3,11530720,고척1동,4618570
2023,3,11530730,고척2동,5192923
2023,3,11530740,개봉1동,7944815
2023,3,11530750,개봉2동,4094567
2023,3,11530760,개봉3동,3550231
2023,3,11530770,오류1동,4135912
2023,3,11530780,오류2동,4797754
2023,3,11530790,수궁동,1796069
2023,3,11530800,항동,1195412
2023,3,11545510,가산동,4977599
2023,3,11545610,독산1동,5013923
2023,3,11545620,독산2동,3562757
2023,3,11545630,독산3동,4763968
2023,3,11545640,독산4동,3900985
2023,3,11545670,시흥1동,5589893
2023,3,11545680,시흥2동,1576064
2023,3,11545690,시흥3동,1273309
2023,3,11545700,시흥4동,2304878
2023,3,11545710,시흥5동,3649528
2023,3,11560515,영등포본동,6909899
2023,3,11560535,영등포동,11073796
2023,3,11560540,여의동,6189280
2023,3,11560550,당산1동,6873877
2023,3,11560560,당산2동,8352953
2023,3,11560585,도림동,5408050
2023,3,11560605,문래동,9175467
2023,3,11560610,양평1동,5218591
2023,3,11560620,양평2동,5066643
2023,3,11560630,신길1동,5476164
2023,3,11560650,신길3동,6122224
2023,3,11560660,신길4동,2792402
2023,3,11560670,신길5동,3262563
2023,3,11560680,신길6동,5481316
2023,3,11560690,신길7동,3970754
2023,3,11560700,대림1동,4563988
2023,3,11560710,대림2동,5530806
2023,3,11560720,대림3동,7070029
2023,3,11590510,노량진1동,6363244
2023,3,11590520,노량진2동,3441662
2023,3,11590530,상도1동,7721879
2023,3,11590540,상도2동,4936413
2023,3,11590550,상도3동,4896652
2023,3,11590560,상도4동,5695478
2023,3,11590605,흑석동,5997563
2023,3,11590620,사당1동,6812424
2023,3,11590630,사당2동,7542958
2023,3,11590640,사당3동,5554327
2023,3,11590650,사당4동,4006312
2023,3,11590651,사당5동,3333465
2023,3,11590660,대방동,7053733
2023,3,11590670,신대방1동,3418106
2023,3,11590680,신대방2동,4889115
2023,3,11620525,보라매동,3712198
2023,3,11620545,청림동,3103192
2023,3,11620565,성현동,4455435
2023,3,11620575,행운동,7077681
2023,3,11620585,낙성대동,6049584
2023,3,11620595,청룡동,10804382
2023,3,11620605,은천동,8752011
2023,3,11620615,중앙동,5549676
2023,3,11620625,인헌동,6175370
2023,3,11620630,남현동,4519806
2023,3,11620645,서원동,5549761
2023,3,11620655,신원동,6385129
2023,3,11620665,서림동,5105396
2023,3,11620685,신사동,7492449
2023,3,11620695,신림동,9817854
2023,3,11620715,난향동,1408135
2023,3,11620725,조원동,6973403
2023,3,11620735,대학동,6716679
2023,3,11620745,삼성동,7123932
2023,3,11620765,미성동,5501065
2023,3,11620775,난곡동,5775750
2023,3,11650510,서초1동,7917761
2023,3,11650520,서초2동,6929442
2023,3,11650530,서초3동,12012993
2023,3,11650531,서초4동,6727209
2023,3,11650540,잠원동,6376575
2023,3,11650550,반포본동,318040
2023,3,11650560,반포1동,6653673
2023,3,11650570,반포2동,1515669
2023,3,11650580,반포3동,3240349
2023,3,11650581,반포4동,5260856
2023,3,11650590,방배본동,4164717
2023,3,11650600,방배1동,4597485
2023,3,11650610,방배2동,5036277
2023,3,11650620,방배3동,3116302
2023,3,11650621,방배4동,6463377
2023,3,11650651,양재1동,8413056
2023,3,11650652,양재2동,5880921
2023,3,11650660,내곡동,1886821
2023,3,11680510,신사동,7070958
2023,3,11680521,논현1동,10090612
2023,3,11680531,논현2동,11843356
2023,3,11680545,압구정동,7834455
2023,3,11680565,청담동,9540889
2023,3,11680580,삼성1동,4758823
2023,3,11680590,삼성2동,9372983
2023,3,11680600,대치1동,4859439
2023,3,11680610,대치2동,6251194
2023,3,11680630,대치4동,10565258
2023,3,11680640,역삼1동,21410303
2023,3,11680650,역삼2동,12181308
2023,3,11680655,도곡1동,7310623
2023,3,11680656,도곡2동,3851167
2023,3,11680660,개포1동,699371
2023,3,11680670,개포2동,2005709
2023,3,11680690,개포4동,3666604
2023,3,11680700,세곡동,3542249
2023,3,11680720,일원본동,2515993
2023,3,11680730,일원1동,2626715
2023,3,11680740,일원2동,1064916
2023,3,11680750,수서동,2217525
2023,3,11710510,풍납1동,4611923
2023,3,11710520,풍납2동,5505581
2023,3,11710531,거여1동,3620142
2023,3,11710532,거여2동,3643100
2023,3,11710540,마천1동,3622432
2023,3,11710550,마천2동,5068044
2023,3,11710561,방이1동,3528019
2023,3,11710562,방이2동,6401259
2023,3,11710566,오륜동,654645
2023,3,11710570,오금동,9684252
2023,3,11710580,송파1동,6041956
2023,3,11710590,송파2동,3092669
2023,3,11710600,석촌동,6663088
2023,3,11710610,삼전동,6492824
2023,3,11710620,가락본동,7734028
2023,3,11710631,가락1동,798003
2023,3,11710632,가락2동,6213391
2023,3,11710641,문정1동,4591948
2023,3,11710642,문정2동,2923702
2023,3,11710646,장지동,8070411
2023,3,11710647,위례동,3351645
2023,3,11710650,잠실본동,8063832
2023,3,11710670,잠실2동,1848353
2023,3,11710680,잠실3동,3223975
2023,3,11710690,잠실4동,1935524
2023,3,11710710,잠실6동,2410950
2023,3,11710720,잠실7동,681303
2023,3,11740515,강일동,4282479
2023,3,11740520,상일동,3413804
2023,3,11740530,명일1동,4819618
2023,3,11740540,명일2동,2211318
2023,3,11740550,고덕1동,3711358
2023,3,11740560,고덕2동,2219896
2023,3,11740570,암사1동,7929292
2023,3,11740580,암사2동,2492488
2023,3,11740590,암사3동,1631438
2023,3,11740600,천호1동,10222875
2023,3,11740610,천호2동,11278308
2023,3,11740620,천호3동,7390579
2023,3,11740640,성내1동,5906211
2023,3,11740650,성내2동,8433702
2023,3,11740660,성내3동,6528442
2023,3,11740685,길동,16988146
2023,3,11740690,둔촌1동,8350
2023,3,11740700,둔촌2동,7175487
2023,4,11110515,청운효자동,3605198
2023,4,11110530,사직동,4094242
2023,4,11110540,삼청동,954306
2023,4,11110550,부암동,1166497
2023,4,11110560,평창동,791963
2023,4,11110570,무악동,1889339
2023,4,11110580,교남동,3812704
2023,4,11110600,가회동,1282353
2023,4,11110615,종로1234가동,14303604
2023,4,11110630,종로56가동,6253394
2023,4,11110640,이화동,4198533
2023,4,11110650,혜화동,9575649
2023,4,11110670,창신1동,3070684
2023,4,11110680,창신2동,4993878
2023,4,11110690,창신3동,1220621
2023,4,11110700,숭인1동,2067403
2023,4,11110710,숭인2동,5451973
2023,4,11140520,소공동,2834361
2023,4,11140540,회현동,4628737
2023,4,11140550,명동,5727034
2023,4,11140570,필동,2569085
2023,4,11140580,장충동,2247393
2023,4,11140590,광희동,6737324
2023,4,11140605,을지로동,5340250
2023,4,11140615,신당동,5797143
2023,4,11140625,다산동,4297086
2023,4,11140635,약수동,2038459
2023,4,11140645,청구동,3291551
2023,4,11140650,신당5동,3723350
2023,4,11140665,동화동,3369049
2023,4,11140670,황학동,6020858
2023,4,11140680,중림동,1968500
2023,4,11170510,후암동,4134549
2023,4,11170520,용산2가동,4539410
2023,4,11170530,남영동,2340115
2023,4,11170555,청파동,7593231
2023,4,11170560,원효로1동,5026946
2023,4,11170570,원효로2동,4376926
2023,4,11170580,효창동,3631004
2023,4,11170590,용문동,2728397
2023,4,11170625,한강로동,5813521
2023,4,11170630,이촌1동,4860663
2023,4,11170640,이촌2동,1695645
2023,4,11170650,이태원1동,2586640
2023,4,11170660,이태원2동,2952646
2023,4,11170685,한남동,5613231
2023,4,11170690,서빙고동,1780151
2023,4,11170700,보광동,4043093
2023,4,11200520,왕십리2동,4474283
2023,4,11200535,왕십리도선동,5618684
2023,4,11200540,마장동,5407391
2023,4,11200550,사근동,4423766
2023,4,11200560,행당1동,5335133
2023,4,11200570,행당2동,4515011
2023,4,11200580,응봉동,2915876
2023,4,11200590,금호1가동,3191938
2023,4,11200615,금호23가동,6578299
2023,4,11200620,금호4가동,3064288
2023,4,11200645,옥수동,2956956
2023,4,11200650,성수1가1동,3076091
2023,4,11200660,성수1가2동,5638477
2023,4,11200670,성수2가1동,5176379
2023,4,11200690,성수2가3동,5547013
2023,4,11200720,송정동,2977761
2023,4,11200790,용답동,3500822
2023,4,11215710,화양동,9932160
2023,4,11215730,군자동,6758949
2023,4,11215740,중곡1동,3983330
2023,4,11215750,중곡2동,4746332
2023,4,11215760,중곡3동,4699649
2023,4,11215770,중곡4동,6448030
2023,4,11215780,능동,2171672
2023,4,11215810,광장동,5877194
2023,4,11215820,자양1동,8066336
2023,4,11215830,자양2동,5380871
2023,4,11215840,자양3동,6620855
2023,4,11215847,자양4동,9387867
2023,4,11215850,구의1동,7239720
2023,4,11215860,구의2동,5303831
2023,4,11215870,구의3동,6616849
2023,4,11230536,용신동,14735309
2023,4,11230545,제기동,12658658
2023,4,11230560,전농1동,11227426
2023,4,11230570,전농2동,2602633
2023,4,11230600,답십리1동,6572096
2023,4,11230610,답십리2동,6402555
2023,4,11230650,장안1동,9026666
2023,4,11230660,장안2동,7623440
2023,4,11230705,청량리동,6700919
2023,4,11230710,회기동,5457435
2023,4,11230720,휘경1동,5935685
2023,4,11230730,휘경2동,4908879
2023,4,11230740,이문1동,9871877
2023,4,11230750,이문2동,3824817
2023,4,11260520,면목2동,5767175
2023,4,11260540,면목4동,5149816
2023,4,11260550,면목5동,2395668
2023,4,11260565,면목본동,9912898
2023,4,11260570,면목7동,6662772
2023,4,11260575,면목38동,6785356
2023,4,11260580,상봉1동,4867709
2023,4,11260590,상봉2동,7239300
2023,4,11260600,중화1동,5291210
2023,4,11260610,중화2동,8013747
2023,4,11260620,묵1동,7204839
2023,4,11260630,묵2동,5700192
2023,4,11260655,망우본동,11032058
2023,4,11260660,망우3동,4132923
2023,4,11260680,신내1동,5387916
2023,4,11260690,신내2동,1957303
2023,4,11290525,성북동,4211791
2023,4,11290555,삼선동,10068283
2023,4,11290575,동선동,8324211
2023,4,11290580,돈암1동,2859999
2023,4,11290590,돈암2동,2634397
2023,4,11290600,안암동,7692352
2023,4,11290610,보문동,5602716
2023,4,11290620,정릉1동,5007659
2023,4,11290630,정릉2동,5978019
2023,4,11290640,정릉3동,3021182
2023,4,11290650,정릉4동,3570257
2023,4,11290660,길음1동,6668464
2023,4,11290685,길음2동,4904185
2023,4,11290705,종암동,11092184
2023,4,11290715,월곡1동,7795111
2023,4,11290725,월곡2동,6016133
2023,4,11290760,장위1동,7242267
2023,4,11290770,장위2동,5059795
2023,4,11290780,장위3동,2923982
2023,4,11290810,석관동,10215147
2023,4,11305534,삼양동,10915892
2023,4,11305535,미아동,7939740
2023,4,11305545,송중동,12192120
2023,4,11305555,송천동,12634015
2023,4,11305575,삼각산동,3009131
2023,4,11305595,번1동,7049682
2023,4,11305603,번2동,2988516
2023,4,11305608,번3동,3413884
2023,4,11305615,수유1동,6325288
2023,4,11305625,수유2동,5458776
2023,4,11305635,수유3동,10702425
2023,4,11305645,우이동,4387467
2023,4,11305660,인수동,8180291
2023,4,11320511,창1동,3787947
2023,4,11320512,창2동,10314770
2023,4,11320513,창3동,4054782
2023,4,11320514,창4동,3629870
2023,4,11320515,창5동,4159364
2023,4,11320521,도봉1동,3655567
2023,4,11320522,도봉2동,3327510
2023,4,11320660,쌍문1동,5156529
2023,4,11320670,쌍문2동,4529541
2023,4,11320680,쌍문3동,5486151
2023,4,11320681,쌍문4동,2587045
2023,4,11320690,방학1동,6457531
2023,4,11320700,방학2동,2961570
2023,4,11320710,방학3동,3439856
2023,4,11350560,월계1동,4854224
2023,4,11350570,월계2동,3819896
2023,4,11350580,월계3동,2637357
2023,4,11350595,공릉1동,11134560
2023,4,11350600,공릉2동,8279309
2023,4,11350611,하계1동,3835969
2023,4,11350612,하계2동,2750746
2023,4,11350619,중계본동,4028320
2023,4,11350621,중계1동,3771775
2023,4,11350624,중계4동,3017891
2023,4,11350625,중계23동,4370438
2023,4,11350630,상계1동,7433921
2023,4,11350640,상계2동,10442701
2023,4,11350665,상계34동,8350390
2023,4,11350670,상계5동,6372010
2023,4,11350695,상계67동,6702945
2023,4,11350700,상계8동,1022976
2023,4,11350710,상계9동,1880070
2023,4,11350720,상계10동,1942748
2023,4,11380510,녹번동,6897096
2023,4,11380520,불광1동,5046789
2023,4,11380530,불광2동,5933508
2023,4,11380551,갈현1동,6128662
2023,4,11380552,갈현2동,6052091
2023,4,11380560,구산동,5290058
2023,4,11380570,대조동,12338298
2023,4,11380580,응암1동,5523204
2023,4,11380590,응암2동,4017536
2023,4,11380600,응암3동,8397246
2023,4,11380625,역촌동,11628271
2023,4,11380631,신사1동,6173204
2023,4,11380632,신사2동,2920335
2023,4,11380640,증산동,3297057
2023,4,11380650,수색동,2759114
2023,4,11380690,진관동,7040462
2023,4,11410520,천연동,3992435
2023,4,11410555,북아현동,19132061
2023,4,11410565,충현동,10774529
2023,4,11410585,신촌동,11437105
2023,4,11410615,연희동,8886490
2023,4,11410620,홍제1동,6486133
2023,4,11410640,홍제3동,3800505
2023,4,11410655,홍제2동,2019391
2023,4,11410660,홍은1동,3987087
2023,4,11410685,홍은2동,4446448
2023,4,11410690,남가좌1동,1048500
2023,4,11410700,남가좌2동,6199300
2023,4,11410710,북가좌1동,2819362
2023,4,11410720,북가좌2동,11504006
2023,4,11440555,아현동,7078511
2023,4,11440565,공덕동,13634016
2023,4,11440585,도화동,4067804
2023,4,11440590,용강동,5640486
2023,4,11440600,대흥동,7993207
2023,4,11440610,염리동,5210040
2023,4,11440630,신수동,5139472
2023,4,11440655,서강동,6272573
2023,4,11440660,서교동,17985736
2023,4,11440680,합정동,4762900
2023,4,11440690,망원1동,7163195
2023,4,11440700,망원2동,5892204
2023,4,11440710,연남동,6726123
2023,4,11440720,성산1동,6021040
2023,4,11440730,성산2동,6779579
2023,4,11440740,상암동,5490258
2023,4,11470510,목1동,4873564
2023,4,11470520,목2동,6832236
2023,4,11470530,목3동,4980803
2023,4,11470540,목4동,5620093
2023,4,11470550,목5동,4613030
2023,4,11470560,신월1동,4097612
2023,4,11470570,신월2동,3576993
2023,4,11470580,신월3동,2690222
2023,4,11470590,신월4동,3280207
2023,4,11470600,신월5동,3295822
2023,4,11470610,신월6동,1031817
2023,4,11470611,신월7동,2052114
2023,4,11470620,신정1동,3288783
2023,4,11470630,신정2동,4277601
2023,4,11470640,신정3동,7435956
2023,4,11470650,신정4동,10591602
2023,4,11470670,신정6동,2029492
2023,4,11470680,신정7동,3048831
2023,4,11500510,염창동,8181502
2023,4,11500520,등촌1동,5344969
2023,4,11500530,등촌2동,3882810
2023,4,11500535,등촌3동,6785869
2023,4,11500540,화곡1동,16215184
2023,4,11500550,화곡2동,3353248
2023,4,11500560,화곡3동,3492068
2023,4,11500570,화곡4동,4497476
2023,4,11500590,화곡본동,7926437
2023,4,11500591,화곡6동,5462515
2023,4,11500593,화곡8동,8038067
2023,4,11500603,가양1동,3447354
2023,4,11500604,가양2동,2089269
2023,4,11500605,가양3동,1931869
2023,4,11500611,발산1동,5557822
2023,4,11500615,우장산동,7017897
2023,4,11500620,공항동,5516663
2023,4,11500630,방화1동,7597357
2023,4,11500640,방화2동,4898561
2023,4,11500641,방화3동,2772262
2023,4,11530510,신도림동,6228326
2023,4,11530520,구로1동,1960536
2023,4,11530530,구로2동,8984845
2023,4,11530540,구로3동,6927785
2023,4,11530550,구로4동,7914891
2023,4,11530560,구로5동,7210047
2023,4,11530595,가리봉동,3042018
2023,4,11530720,고척1동,4612851
2023,4,11530730,고척2동,5227042
2023,4,11530740,개봉1동,7996863
2023,4,11530750,개봉2동,4070443
2023,4,11530760,개봉3동,3737011
2023,4,11530770,오류1동,4191348
2023,4,11530780,오류2동,4827023
2023,4,11530790,수궁동,1711252
2023,4,11530800,항동,1132572
2023,4,11545510,가산동,4969164
2023,4,11545610,독산1동,5003088
2023,4,11545620,독산2동,3501734
2023,4,11545630,독산3동,4776287
2023,4,11545640,독산4동,3707947
2023,4,11545670,시흥1동,5535916
2023,4,11545680,시흥2동,1624352
2023,4,11545690,시흥3동,1247762
2023,4,11545700,시흥4동,2265635
2023,4,11545710,시흥5동,3594487
2023,4,11560515,영등포본동,7086496
2023,4,11560535,영등포동,11012045
2023,4,11560540,여의동,6629458
2023,4,11560550,당산1동,7002683
2023,4,11560560,당산2동,8646353
2023,4,11560585,도림동,5412501
2023,4,11560605,문래동,9126833
2023,4,11560610,양평1동,5394523
2023,4,11560620,양평2동,5019998
2023,4,11560630,신길1동,5627921
2023,4,11560650,신길3동,6293623
2023,4,11560660,신길4동,2742522
2023,4,11560670,신길5동,3273749
2023,4,11560680,신길6동,5470400
2023,4,11560690,신길7동,4160553
2023,4,11560700,대림1동,4534442
2023,4,11560710,대림2동,5560264
2023,4,11560720,대림3동,7267612
2023,4,11590510,노량진1동,6456123
2023,4,11590520,노량진2동,3461298
2023,4,11590530,상도1동,7929561
2023,4,11590540,상도2동,4894394
2023,4,11590550,상도3동,4779151
2023,4,11590560,상도4동,5196453
2023,4,11590605,흑석동,6399387
2023,4,11590620,사당1동,6870993
2023,4,11590630,사당2동,7588453
2023,4,11590640,사당3동,5462118
2023,4,11590650,사당4동,3962614
2023,4,11590651,사당5동,3385433
2023,4,11590660,대방동,7235986
2023,4,11590670,신대방1동,3462749
2023,4,11590680,신대방2동,4886893
2023,4,11620525,보라매동,3788812
2023,4,11620545,청림동,3113226
2023,4,11620565,성현동,4565051
2023,4,11620575,행운동,7230236
2023,4,11620585,낙성대동,6112970
2023,4,11620595,청룡동,10703851
2023,4,11620605,은천동,8820227
2023,4,11620615,중앙동,5669608
2023,4,11620625,인헌동,6114183
2023,4,11620630,남현동,4557691
2023,4,11620645,서원동,5646595
2023,4,11620655,신원동,6156697
2023,4,11620665,서림동,5169682
2023,4,11620685,신사동,7469571
2023,4,11620695,신림동,9817222
2023,4,11620715,난향동,1444362
2023,4,11620725,조원동,7180954
2023,4,11620735,대학동,6579194
2023,4,11620745,삼성동,7062246
2023,4,11620765,미성동,5519868
2023,4,11620775,난곡동,5609058
2023,4,11650510,서초1동,7594604
2023,4,11650520,서초2동,6791734
2023,4,11650530,서초3동,12089234
2023,4,11650531,서초4동,6496298
2023,4,11650540,잠원동,6393973
2023,4,11650550,반포본동,320507
2023,4,11650560,반포1동,6636814
2023,4,11650570,반포2동,1663196
2023,4,11650580,반포3동,3412691
2023,4,11650581,반포4동,5431701
2023,4,11650590,방배본동,4133755
2023,4,11650600,방배1동,4633800
2023,4,11650610,방배2동,4946719
2023,4,11650620,방배3동,3228345
2023,4,11650621,방배4동,6565906
2023,4,11650651,양재1동,8278232
2023,4,11650652,양재2동,5853105
2023,4,11650660,내곡동,1918791
2023,4,11680510,신사동,7043513
2023,4,11680521,논현1동,9982020
2023,4,11680531,논현2동,11862922
2023,4,11680545,압구정동,7622700
2023,4,11680565,청담동,9218571
2023,4,11680580,삼성1동,4659277
2023,4,11680590,삼성2동,9305854
2023,4,11680600,대치1동,4655576
2023,4,11680610,대치2동,5962744
2023,4,11680630,대치4동,10010985
2023,4,11680640,역삼1동,20851949
2023,4,11680650,역삼2동,12114261
2023,4,11680655,도곡1동,7389619
2023,4,11680656,도곡2동,3748782
2023,4,11680660,개포1동,881528
2023,4,11680670,개포2동,2037926
2023,4,11680690,개포4동,3544246
2023,4,11680700,세곡동,3525530
2023,4,11680720,일원본동,2520904
2023,4,11680730,일원1동,2571614
2023,4,11680740,일원2동,1138713
2023,4,11680750,수서동,2191957
2023,4,11710510,풍납1동,4673066
2023,4,11710520,풍납2동,5438893
2023,4,11710531,거여1동,3646002
2023,4,11710532,거여2동,3667110
2023,4,11710540,마천1동,3625768
2023,4,11710550,마천2동,5136266
2023,4,11710561,방이1동,3679466
2023,4,11710562,방이2동,6510592
2023,4,11710566,오륜동,662695
2023,4,11710570,오금동,9612848
2023,4,11710580,송파1동,6112109
2023,4,11710590,송파2동,3173380
2023,4,11710600,석촌동,6854897
2023,4,11710610,삼전동,6558606
2023,4,11710620,가락본동,8185403
2023,4,11710631,가락1동,799251
2023,4,11710632,가락2동,6197742
2023,4,11710641,문정1동,4568492
2023,4,11710642,문정2동,2835408
2023,4,11710646,장지동,8079116
2023,4,11710647,위례동,3338540
2023,4,11710650,잠실본동,8248690
2023,4,11710670,잠실2동,1871157
2023,4,11710680,잠실3동,3382528
2023,4,11710690,잠실4동,2032857
2023,4,11710710,잠실6동,2455198
2023,4,11710720,잠실7동,708823
2023,4,11740515,강일동,4122276
2023,4,11740520,상일동,3424596
2023,4,11740530,명일1동,4879598
2023,4,11740540,명일2동,2199603
2023,4,11740550,고덕1동,3779490
2023,4,11740560,고덕2동,2218769
2023,4,11740570,암사1동,7975228
2023,4,11740580,암사2동,2519657
2023,4,11740590,암사3동,1626861
2023,4,11740600,천호1동,10244259
2023,4,11740610,천호2동,11202019
2023,4,11740620,천호3동,7401954
2023,4,11740640,성내1동,5972600
2023,4,11740650,성내2동,8504993
2023,4,11740660,성내3동,6617399
2023,4,11740685,길동,17282662
2023,4,11740690,둔촌1동,8315
2023,4,11740700,둔촌2동,7202398
2024,1,11110515,청운효자동,3586210
2024,1,11110530,사직동,3896639
2024,1,11110540,삼청동,890462
2024,1,11110550,부암동,1079722
2024,1,11110560,평창동,791907
2024,1,11110570,무악동,1834716
2024,1,11110580,교남동,3968394
2024,1,11110600,가회동,1187506
2024,1,11110615,종로1234가동,13969774
2024,1,11110630,종로56가동,5943183
2024,1,11110640,이화동,4274928
2024,1,11110650,혜화동,8621484
2024,1,11110670,창신1동,2961509
2024,1,11110680,창신2동,4816958
2024,1,11110690,창신3동,1246266
2024,1,11110700,숭인1동,2032429
2024,1,11110710,숭인2동,5547900
2024,1,11140520,소공동,2740092
2024,1,11140540,회현동,4402647
2024,1,11140550,명동,5491208
2024,1,11140570,필동,2478015
2024,1,11140580,장충동,2059320
2024,1,11140590,광희동,6552780
2024,1,11140605,을지로동,5093355
2024,1,11140615,신당동,5615291
2024,1,11140625,다산동,4126349
2024,1,11140635,약수동,2065345
2024,1,11140645,청구동,3266602
2024,1,11140650,신당5동,3474585
2024,1,11140665,동화동,3659171
2024,1,11140670,황학동,6006106
2024,1,11140680,중림동,2051349
2024,1,11170510,후암동,4105166
2024,1,11170520,용산2가동,4410371
2024,1,11170530,남영동,2132796
2024,1,11170555,청파동,7479805
2024,1,11170560,원효로1동,4894686
2024,1,11170570,원효로2동,4291723
2024,1,11170580,효창동,3600171
2024,1,11170590,용문동,2747361
2024,1,11170625,한강로동,5884324
2024,1,11170630,이촌1동,4713570
2024,1,11170640,이촌2동,1656279
2024,1,11170650,이태원1동,2580886
2024,1,11170660,이태원2동,3005007
2024,1,11170685,한남동,5221346
2024,1,11170690,서빙고동,1806906
2024,1,11170700,보광동,3611716
2024,1,11200520,왕십리2동,4604436
2024,1,11200535,왕십리도선동,5531995
2024,1,11200540,마장동,5351322
2024,1,11200550,사근동,4040672
2024,1,11200560,행당1동,5396953
2024,1,11200570,행당2동,4612956
2024,1,11200580,응봉동,3043683
2024,1,11200590,금호1가동,3191410
2024,1,11200615,금호23가동,6727228
2024,1,11200620,금호4가동,3282046
2024,1,11200645,옥수동,2942068
2024,1,11200650,성수1가1동,3077879
2024,1,11200660,성수1가2동,5608309
2024,1,11200670,성수2가1동,5257366
2024,1,11200690,성수2가3동,5619058
2024,1,11200720,송정동,3003507
2024,1,11200790,용답동,3481166
2024,1,11215710,화양동,9411749
2024,1,11215730,군자동,6601908
2024,1,11215740,중곡1동,3976929
2024,1,11215750,중곡2동,4766901
2024,1,11215760,중곡3동,4830499
2024,1,11215770,중곡4동,6449834
2024,1,11215780,능동,2178234
2024,1,11215810,광장동,5895296
2024,1,11215820,자양1동,8144291
2024,1,11215830,자양2동,5602431
2024,1,11215840,자양3동,6627196
2024,1,11215847,자양4동,9239333
2024,1,11215850,구의1동,7446093
2024,1,11215860,구의2동,5395559
2024,1,11215870,구의3동,6707838
2024,1,11230536,용신동,14641295
2024,1,11230545,제기동,12087290
2024,1,11230560,전농1동,10948030
2024,1,11230570,전농2동,2559245
2024,1,11230600,답십리1동,6605289
2024,1,11230610,답십리2동,6515295
2024,1,11230650,장안1동,9158490
2024,1,11230660,장안2동,7778731
2024,1,11230705,청량리동,6797712
2024,1,11230710,회기동,4703736
2024,1,11230720,휘경1동,5635452
2024,1,11230730,휘경2동,4691778
2024,1,11230740,이문1동,8989006
2024,1,11230750,이문2동,3828996
2024,1,11260520,면목2동,5760196
2024,1,11260540,면목4동,5205631
2024,1,11260550,면목5동,2470424
2024,1,11260565,면목본동,10145319
2024,1,11260570,면목7동,6581107
2024,1,11260575,면목38동,6825769
2024,1,11260580,상봉1동,4946635
2024,1,11260590,상봉2동,7398521
2024,1,11260600,중화1동,5233746
2024,1,11260610,중화2동,8059732
2024,1,11260620,묵1동,7376039
2024,1,11260630,묵2동,5711756
2024,1,11260655,망우본동,10667167
2024,1,11260660,망우3동,4104110
2024,1,11260680,신내1동,5461861
2024,1,11260690,신내2동,1921213
2024,1,11290525,성북동,4066758
2024,1,11290555,삼선동,9836565
2024,1,11290575,동선동,8029169
2024,1,11290580,돈암1동,2850097
2024,1,11290590,돈암2동,2664679
2024,1,11290600,안암동,7136352
2024,1,11290610,보문동,5624592
2024,1,11290620,정릉1동,5010013
2024,1,11290630,정릉2동,5971581
2024,1,11290640,정릉3동,2863742
2024,1,11290650,정릉4동,3562601
2024,1,11290660,길음1동,6783023
2024,1,11290685,길음2동,5069251
2024,1,11290705,종암동,10952103
2024,1,11290715,월곡1동,7658357
2024,1,11290725,월곡2동,6011604
2024,1,11290760,장위1동,7332234
2024,1,11290770,장위2동,4995459
2024,1,11290780,장위3동,2824436
2024,1,11290810,석관동,10347464
2024,1,11305534,삼양동,11143427
2024,1,11305535,미아동,7943183
2024,1,11305545,송중동,12532651
2024,1,11305555,송천동,12576946
2024,1,11305575,삼각산동,3118955
2024,1,11305595,번1동,7160604
2024,1,11305603,번2동,2981748
2024,1,11305608,번3동,3422683
2024,1,11305615,수유1동,6418765
2024,1,11305625,수유2동,5518500
2024,1,11305635,수유3동,10578011
2024,1,11305645,우이동,4173211
2024,1,11305660,인수동,8099621
2024,1,11320511,창1동,3689676
2024,1,11320512,창2동,10416035
2024,1,11320513,창3동,4018204
2024,1,11320514,창4동,3667682
2024,1,11320515,창5동,4263862
2024,1,11320521,도봉1동,3625772
2024,1,11320522,도봉2동,3404141
2024,1,11320660,쌍문1동,5148281
2024,1,11320670,쌍문2동,4539787
2024,1,11320680,쌍문3동,5449579
2024,1,11320681,쌍문4동,2531903
2024,1,11320690,방학1동,6573670
2024,1,11320700,방학2동,3115427
2024,1,11320710,방학3동,3430146
2024,1,11350560,월계1동,4624573
2024,1,11350570,월계2동,3764218
2024,1,11350580,월계3동,2623967
2024,1,11350595,공릉1동,11101265
2024,1,11350600,공릉2동,8243905
2024,1,11350611,하계1동,3734624
2024,1,11350612,하계2동,2819564
2024,1,11350619,중계본동,4122434
2024,1,11350621,중계1동,3820017
2024,1,11350624,중계4동,2991847
2024,1,11350625,중계23동,4294718
2024,1,11350630,상계1동,7548700
2024,1,11350640,상계2동,10659895
2024,1,11350665,상계34동,8561257
2024,1,11350670,상계5동,6469230
2024,1,11350695,상계67동,6491745
2024,1,11350700,상계8동,1012974
2024,1,11350710,상계9동,1878527
2024,1,11350720,상계10동,1980841
2024,1,11380510,녹번동,6944826
2024,1,11380520,불광1동,5127069
2024,1,11380530,불광2동,5847532
2024,1,11380551,갈현1동,6223998
2024,1,11380552,갈현2동,6163970
2024,1,11380560,구산동,5336908
2024,1,11380570,대조동,11678663
2024,1,11380580,응암1동,5496878
2024,1,11380590,응암2동,4085490
2024,1,11380600,응암3동,8543272
2024,1,11380625,역촌동,11870747
2024,1,11380631,신사1동,6446023
2024,1,11380632,신사2동,2867489
2024,1,11380640,증산동,3307447
2024,1,11380650,수색동,2876248
2024,1,11380690,진관동,7077860
2024,1,11410520,천연동,3969494
2024,1,11410555,북아현동,18451748
2024,1,11410565,충현동,10756181
2024,1,11410585,신촌동,10926135
2024,1,11410615,연희동,8568789
2024,1,11410620,홍제1동,6378053
2024,1,11410640,홍제3동,4080711
2024,1,11410655,홍제2동,2150644
2024,1,11410660,홍은1동,3915677
2024,1,11410685,홍은2동,4334667
2024,1,11410690,남가좌1동,1130963
2024,1,11410700,남가좌2동,6327613
2024,1,11410710,북가좌1동,2849631
2024,1,11410720,북가좌2동,11490809
2024,1,11440555,아현동,7481563
2024,1,11440565,공덕동,13452940
2024,1,11440585,도화동,4356037
2024,1,11440590,용강동,6022670
2024,1,11440600,대흥동,7603223
2024,1,11440610,염리동,5315807
2024,1,11440630,신수동,5160123
2024,1,11440655,서강동,6150561
2024,1,11440660,서교동,17875596
2024,1,11440680,합정동,4716787
2024,1,11440690,망원1동,7505112
2024,1,11440700,망원2동,5990653
2024,1,11440710,연남동,6526061
2024,1,11440720,성산1동,5932535
2024,1,11440730,성산2동,6784720
2024,1,11440740,상암동,5467187
2024,1,11470510,목1동,5004635
2024,1,11470520,목2동,6977867
2024,1,11470530,목3동,5074538
2024,1,11470540,목4동,5801445
2024,1,11470550,목5동,4587586
2024,1,11470560,신월1동,4151008
2024,1,11470570,신월2동,3771886
2024,1,11470580,신월3동,2720182
2024,1,11470590,신월4동,3414014
2024,1,11470600,신월5동,3523082
2024,1,11470610,신월6동,1074110
2024,1,11470611,신월7동,2125151
2024,1,11470620,신정1동,3275766
2024,1,11470630,신정2동,4331414
2024,1,11470640,신정3동,7700735
2024,1,11470650,신정4동,10829682
2024,1,11470670,신정6동,2045592
2024,1,11470680,신정7동,3134422
2024,1,11500510,염창동,8275803
2024,1,11500520,등촌1동,5335129
2024,1,11500530,등촌2동,3892115
2024,1,11500535,등촌3동,7030505
2024,1,11500540,화곡1동,16942618
2024,1,11500550,화곡2동,3449941
2024,1,11500560,화곡3동,3654260
2024,1,11500570,화곡4동,4540614
2024,1,11500590,화곡본동,8105997
2024,1,11500591,화곡6동,5680655
2024,1,11500593,화곡8동,8203201
2024,1,11500603,가양1동,3347541
2024,1,11500604,가양2동,2062236
2024,1,11500605,가양3동,1988786
2024,1,11500611,발산1동,5513918
2024,1,11500615,우장산동,7076531
2024,1,11500620,공항동,5764755
2024,1,11500630,방화1동,7842046
2024,1,11500640,방화2동,4889145
2024,1,11500641,방화3동,2570794
2024,1,11530510,신도림동,6442300
2024,1,11530520,구로1동,1925041
2024,1,11530530,구로2동,9206606
2024,1,11530540,구로3동,6939385
2024,1,11530550,구로4동,7896633
2024,1,11530560,구로5동,7159006
2024,1,11530595,가리봉동,3059160
2024,1,11530720,고척1동,4628093
2024,1,11530730,고척2동,5358552
2024,1,11530740,개봉1동,8178965
2024,1,11530750,개봉2동,4199673
2024,1,11530760,개봉3동,3888036
2024,1,11530770,오류1동,4237267
2024,1,11530780,오류2동,4971691
2024,1,11530790,수궁동,1744181
2024,1,11530800,항동,1141223
2024,1,11545510,가산동,5099875
2024,1,11545610,독산1동,5083042
2024,1,11545620,독산2동,3543640
2024,1,11545630,독산3동,4876767
2024,1,11545640,독산4동,3737258
2024,1,11545670,시흥1동,5655064
2024,1,11545680,시흥2동,1660859
2024,1,11545690,시흥3동,1218454
2024,1,11545700,시흥4동,2292121
2024,1,11545710,시흥5동,3627891
2024,1,11560515,영등포본동,7113956
2024,1,11560535,영등포동,11193916
2024,1,11560540,여의동,6575257
2024,1,11560550,당산1동,7114000
2024,1,11560560,당산2동,8487352
2024,1,11560585,도림동,5712104
2024,1,11560605,문래동,9249193
2024,1,11560610,양평1동,5523694
2024,1,11560620,양평2동,4961787
2024,1,11560630,신길1동,5628824
2024,1,11560650,신길3동,6533297
2024,1,11560660,신길4동,2917286
2024,1,11560670,신길5동,3252073
2024,1,11560680,신길6동,5065983
2024,1,11560690,신길7동,4242862
2024,1,11560700,대림1동,4547615
2024,1,11560710,대림2동,5446209
2024,1,11560720,대림3동,7285010
2024,1,11590510,노량진1동,6479155
2024,1,11590520,노량진2동,3359784
2024,1,11590530,상도1동,7730102
2024,1,11590540,상도2동,5046532
2024,1,11590550,상도3동,4936045
2024,1,11590560,상도4동,5281818
2024,1,11590605,흑석동,5844803
2024,1,11590620,사당1동,7098004
2024,1,11590630,사당2동,7962504
2024,1,11590640,사당3동,5391661
2024,1,11590650,사당4동,4088153
2024,1,11590651,사당5동,3422363
2024,1,11590660,대방동,7419207
2024,1,11590670,신대방1동,3638016
2024,1,11590680,신대방2동,4999987
2024,1,11620525,보라매동,3916844
2024,1,11620545,청림동,3133297
2024,1,11620565,성현동,4585980
2024,1,11620575,행운동,7488151
2024,1,11620585,낙성대동,6011111
2024,1,11620595,청룡동,10659625
2024,1,11620605,은천동,8955442
2024,1,11620615,중앙동,5397668
2024,1,11620625,인헌동,6224007
2024,1,11620630,남현동,4575405
2024,1,11620645,서원동,5753813
2024,1,11620655,신원동,6233706
2024,1,11620665,서림동,5252998
2024,1,11620685,신사동,7588947
2024,1,11620695,신림동,10009167
2024,1,11620715,난향동,1437919
2024,1,11620725,조원동,7405611
2024,1,11620735,대학동,6666635
2024,1,11620745,삼성동,7125849
2024,1,11620765,미성동,5540279
2024,1,11620775,난곡동,5654796
2024,1,11650510,서초1동,7739703
2024,1,11650520,서초2동,6949721
2024,1,11650530,서초3동,11940853
2024,1,11650531,서초4동,6522208
2024,1,11650540,잠원동,6387215
2024,1,11650550,반포본동,325268
2024,1,11650560,반포1동,6738936
2024,1,11650570,반포2동,1629523
2024,1,11650580,반포3동,3452389
2024,1,11650581,반포4동,5662832
2024,1,11650590,방배본동,4135989
2024,1,11650600,방배1동,4361990
2024,1,11650610,방배2동,5089050
2024,1,11650620,방배3동,3392260
2024,1,11650621,방배4동,6560061
2024,1,11650651,양재1동,8364160
2024,1,11650652,양재2동,5805253
2024,1,11650660,내곡동,1892683
2024,1,11680510,신사동,6870400
2024,1,11680521,논현1동,10076879
2024,1,11680531,논현2동,11844233
2024,1,11680545,압구정동,7425954
2024,1,11680565,청담동,8946042
2024,1,11680580,삼성1동,4611790
2024,1,11680590,삼성2동,9315802
2024,1,11680600,대치1동,4933775
2024,1,11680610,대치2동,6360173
2024,1,11680630,대치4동,10415818
2024,1,11680640,역삼1동,21202864
2024,1,11680650,역삼2동,12112419
2024,1,11680655,도곡1동,7323724
2024,1,11680656,도곡2동,3734597
2024,1,11680660,개포1동,1912317
2024,1,11680670,개포2동,2093190
2024,1,11680690,개포4동,3551845
2024,1,11680700,세곡동,3535118
2024,1,11680720,일원본동,2478586
2024,1,11680730,일원1동,2583370
2024,1,11680740,일원2동,1195646
2024,1,11680750,수서동,2149184
2024,1,11710510,풍납1동,4756332
2024,1,11710520,풍납2동,5397881
2024,1,11710531,거여1동,3708460
2024,1,11710532,거여2동,3782610
2024,1,11710540,마천1동,3778847
2024,1,11710550,마천2동,5454351
2024,1,11710561,방이1동,3770323
2024,1,11710562,방이2동,6391480
2024,1,11710566,오륜동,658413
2024,1,11710570,오금동,9694101
2024,1,11710580,송파1동,6240459
2024,1,11710590,송파2동,3195348
2024,1,11710600,석촌동,6981836
2024,1,11710610,삼전동,6632313
2024,1,11710620,가락본동,8646884
2024,1,11710631,가락1동,809313
2024,1,11710632,가락2동,6596779
2024,1,11710641,문정1동,4478680
2024,1,11710642,문정2동,2870817
2024,1,11710646,장지동,8032408
2024,1,11710647,위례동,3067693
2024,1,11710650,잠실본동,8482210
2024,1,11710670,잠실2동,1908539
2024,1,11710680,잠실3동,3381350
2024,1,11710690,잠실4동,2190589
2024,1,11710710,잠실6동,2432445
2024,1,11710720,잠실7동,704480
2024,1,11740515,강일동,4308727
2024,1,11740520,상일동,3530931
2024,1,11740530,명일1동,5060008
2024,1,11740540,명일2동,2117688
2024,1,11740550,고덕1동,3968174
2024,1,11740560,고덕2동,2195062
2024,1,11740570,암사1동,8509525
2024,1,11740580,암사2동,2535562
2024,1,11740590,암사3동,1475382
2024,1,11740600,천호1동,10193140
2024,1,11740610,천호2동,11230721
2024,1,11740620,천호3동,7494442
2024,1,11740640,성내1동,6011262
2024,1,11740650,성내2동,8725558
2024,1,11740660,성내3동,6801827
2024,1,11740685,길동,17467012
2024,1,11740690,둔촌1동,8231
2024,1,11740700,둔촌2동,7218419
2024,2,11110515,청운효자동,3697084
2024,2,11110530,사직동,3893005
2024,2,11110540,삼청동,1014093
2024,2,11110550,부암동,926801
2024,2,11110560,평창동,833970
2024,2,11110570,무악동,1764539
2024,2,11110580,교남동,3947004
2024,2,11110600,가회동,1322344
2024,2,11110615,종로1234가동,14243910
2024,2,11110630,종로56가동,6152562
2024,2,11110640,이화동,4363195
2024,2,11110650,혜화동,9687330
2024,2,11110670,창신1동,2713665
2024,2,11110680,창신2동,5075214
2024,2,11110690,창신3동,1161425
2024,2,11110700,숭인1동,2046764
2024,2,11110710,숭인2동,5438192
2024,2,11140520,소공동,2795907
2024,2,11140540,회현동,4555589
2024,2,11140550,명동,5662652
2024,2,11140570,필동,2587211
2024,2,11140580,장충동,2177116
2024,2,11140590,광희동,6657888
2024,2,11140605,을지로동,5008336
2024,2,11140615,신당동,5592770
2024,2,11140625,다산동,4122292
2024,2,11140635,약수동,2054273
2024,2,11140645,청구동,3348142
2024,2,11140650,신당5동,3247692
2024,2,11140665,동화동,3924885
2024,2,11140670,황학동,5617202
2024,2,11140680,중림동,1892478
2024,2,11170510,후암동,3909989
2024,2,11170520,용산2가동,4767052
2024,2,11170530,남영동,1900522
2024,2,11170555,청파동,7719470
2024,2,11170560,원효로1동,4940428
2024,2,11170570,원효로2동,3886867
2024,2,11170580,효창동,3589308
2024,2,11170590,용문동,2466805
2024,2,11170625,한강로동,5658829
2024,2,11170630,이촌1동,4494238
2024,2,11170640,이촌2동,1556531
2024,2,11170650,이태원1동,2566096
2024,2,11170660,이태원2동,2978336
2024,2,11170685,한남동,4589284
2024,2,11170690,서빙고동,1787074
2024,2,11170700,보광동,2902617
2024,2,11200520,왕십리2동,4358466
2024,2,11200535,왕십리도선동,5473755
2024,2,11200540,마장동,5141213
2024,2,11200550,사근동,4367785
2024,2,11200560,행당1동,5510045
2024,2,11200570,행당2동,4610806
2024,2,11200580,응봉동,3001973
2024,2,11200590,금호1가동,3021708
2024,2,11200615,금호23가동,6391231
2024,2,11200620,금호4가동,3102044
2024,2,11200645,옥수동,2867952
2024,2,11200650,성수1가1동,3160205
2024,2,11200660,성수1가2동,5732417
2024,2,11200670,성수2가1동,5086688
2024,2,11200690,성수2가3동,5539416
2024,2,11200720,송정동,2838448
2024,2,11200790,용답동,3588336
2024,2,11215710,화양동,9495140
2024,2,11215730,군자동,6903558
2024,2,11215740,중곡1동,3779836
2024,2,11215750,중곡2동,4483152
2024,2,11215760,중곡3동,4933388
2024,2,11215770,중곡4동,6319753
2024,2,11215780,능동,2231671
2024,2,11215810,광장동,6076289
2024,2,11215820,자양1동,8095016
2024,2,11215830,자양2동,5221801
2024,2,11215840,자양3동,6844536
2024,2,11215847,자양4동,9141932
2024,2,11215850,구의1동,7073768
2024,2,11215860,구의2동,5147128
2024,2,11215870,구의3동,6371962
2024,2,11230536,용신동,14939068
2024,2,11230545,제기동,12709202
2024,2,11230560,전농1동,11250806
2024,2,11230570,전농2동,2519256
2024,2,11230600,답십리1동,6837612
2024,2,11230610,답십리2동,5922925
2024,2,11230650,장안1동,9044241
2024,2,11230660,장안2동,7348460
2024,2,11230705,청량리동,6679198
2024,2,11230710,회기동,5195276
2024,2,11230720,휘경1동,6003049
2024,2,11230730,휘경2동,4651247
2024,2,11230740,이문1동,9615903
2024,2,11230750,이문2동,3801283
2024,2,11260520,면목2동,5434074
2024,2,11260540,면목4동,4720598
2024,2,11260550,면목5동,2447583
2024,2,11260565,면목본동,9657120
2024,2,11260570,면목7동,6136525
2024,2,11260575,면목38동,6559405
2024,2,11260580,상봉1동,4221485
2024,2,11260590,상봉2동,7340862
2024,2,11260600,중화1동,5026092
2024,2,11260610,중화2동,7708892
2024,2,11260620,묵1동,6987352
2024,2,11260630,묵2동,5743843
2024,2,11260655,망우본동,10729019
2024,2,11260660,망우3동,3851313
2024,2,11260680,신내1동,5406438
2024,2,11260690,신내2동,1776680
2024,2,11290525,성북동,4255521
2024,2,11290555,삼선동,10022317
2024,2,11290575,동선동,8498132
2024,2,11290580,돈암1동,2676427
2024,2,11290590,돈암2동,2577404
2024,2,11290600,안암동,7769665
2024,2,11290610,보문동,5589332
2024,2,11290620,정릉1동,4561901
2024,2,11290630,정릉2동,5984812
2024,2,11290640,정릉3동,3044205
2024,2,11290650,정릉4동,3538811
2024,2,11290660,길음1동,6311931
2024,2,11290685,길음2동,5133575
2024,2,11290705,종암동,10743344
2024,2,11290715,월곡1동,7720074
2024,2,11290725,월곡2동,6294746
2024,2,11290760,장위1동,7378385
2024,2,11290770,장위2동,4087538
2024,2,11290780,장위3동,2502218
2024,2,11290810,석관동,10920562
2024,2,11305534,삼양동,10900947
2024,2,11305535,미아동,7966388
2024,2,11305545,송중동,12133853
2024,2,11305555,송천동,12848569
2024,2,11305575,삼각산동,3104796
2024,2,11305595,번1동,7405931
2024,2,11305603,번2동,2671953
2024,2,11305608,번3동,3168967
2024,2,11305615,수유1동,5850660
2024,2,11305625,수유2동,5438009
2024,2,11305635,수유3동,9779225
2024,2,11305645,우이동,4093411
2024,2,11305660,인수동,8293552
2024,2,11320511,창1동,3427490
2024,2,11320512,창2동,10669402
2024,2,11320513,창3동,3597488
2024,2,11320514,창4동,3605829
2024,2,11320515,창5동,4140358
2024,2,11320521,도봉1동,3452467
2024,2,11320522,도봉2동,3126895
2024,2,11320660,쌍문1동,4998876
2024,2,11320670,쌍문2동,4312246
2024,2,11320680,쌍문3동,5407064
2024,2,11320681,쌍문4동,2177738
2024,2,11320690,방학1동,6381013
2024,2,11320700,방학2동,2802158
2024,2,11320710,방학3동,3465089
2024,2,11350560,월계1동,4729676
2024,2,11350570,월계2동,3814345
2024,2,11350580,월계3동,2353421
2024,2,11350595,공릉1동,10925081
2024,2,11350600,공릉2동,8309845
2024,2,11350611,하계1동,3747585
2024,2,11350612,하계2동,2648383
2024,2,11350619,중계본동,4020493
2024,2,11350621,중계1동,3761258
2024,2,11350624,중계4동,2762981
2024,2,11350625,중계23동,4160171
2024,2,11350630,상계1동,7084598
2024,2,11350640,상계2동,10533149
2024,2,11350665,상계34동,8747532
2024,2,11350670,상계5동,5771084
2024,2,11350695,상계67동,6410604
2024,2,11350700,상계8동,886256
2024,2,11350710,상계9동,1819787
2024,2,11350720,상계10동,1807058
2024,2,11380510,녹번동,6472709
2024,2,11380520,불광1동,4935260
2024,2,11380530,불광2동,6025836
2024,2,11380551,갈현1동,5919244
2024,2,11380552,갈현2동,5559726
2024,2,11380560,구산동,5594645
2024,2,11380570,대조동,12310283
2024,2,11380580,응암1동,4937532
2024,2,11380590,응암2동,3898449
2024,2,11380600,응암3동,8407895
2024,2,11380625,역촌동,11553260
2024,2,11380631,신사1동,6355092
2024,2,11380632,신사2동,2626673
2024,2,11380640,증산동,3244429
2024,2,11380650,수색동,3143484
2024,2,11380690,진관동,6658150
2024,2,11410520,천연동,3834378
2024,2,11410555,북아현동,18694670
2024,2,11410565,충현동,10869677
2024,2,11410585,신촌동,11433350
2024,2,11410615,연희동,8533935
2024,2,11410620,홍제1동,6239903
2024,2,11410640,홍제3동,3924769
2024,2,11410655,홍제2동,1875866
2024,2,11410660,홍은1동,3716132
2024,2,11410685,홍은2동,4442797
2024,2,11410690,남가좌1동,1033004
2024,2,11410700,남가좌2동,6467599
2024,2,11410710,북가좌1동,2499542
2024,2,11410720,북가좌2동,11111536
2024,2,11440555,아현동,7577861
2024,2,11440565,공덕동,13380266
2024,2,11440585,도화동,4161039
2024,2,11440590,용강동,5856981
2024,2,11440600,대흥동,7783771
2024,2,11440610,염리동,5109819
2024,2,11440630,신수동,5030167
2024,2,11440655,서강동,6255280
2024,2,11440660,서교동,17660687
2024,2,11440680,합정동,4510338
2024,2,11440690,망원1동,7508389
2024,2,11440700,망원2동,5651687
2024,2,11440710,연남동,6448921
2024,2,11440720,성산1동,5853035
2024,2,11440730,성산2동,7089477
2024,2,11440740,상암동,5276352
2024,2,11470510,목1동,4894012
2024,2,11470520,목2동,6796030
2024,2,11470530,목3동,4851485
2024,2,11470540,목4동,5679498
2024,2,11470550,목5동,4461094
2024,2,11470560,신월1동,4083190
2024,2,11470570,신월2동,3646176
2024,2,11470580,신월3동,2694460
2024,2,11470590,신월4동,3292236
2024,2,11470600,신월5동,2881931
2024,2,11470610,신월6동,912224
2024,2,11470611,신월7동,2117912
2024,2,11470620,신정1동,3183412
2024,2,11470630,신정2동,4267464
2024,2,11470640,신정3동,7425167
2024,2,11470650,신정4동,10895457
2024,2,11470670,신정6동,2024863
2024,2,11470680,신정7동,3033767
2024,2,11500510,염창동,8349389
2024,2,11500520,등촌1동,5077847
2024,2,11500530,등촌2동,3694576
2024,2,11500535,등촌3동,7113712
2024,2,11500540,화곡1동,15761405
2024,2,11500550,화곡2동,3141210
2024,2,11500560,화곡3동,3787911
2024,2,11500570,화곡4동,4454673
2024,2,11500590,화곡본동,7772856
2024,2,11500591,화곡6동,5341996
2024,2,11500593,화곡8동,7988451
2024,2,11500603,가양1동,3254853
2024,2,11500604,가양2동,2162072
2024,2,11500605,가양3동,1934673
2024,2,11500611,발산1동,5492539
2024,2,11500615,우장산동,6766158
2024,2,11500620,공항동,5588309
2024,2,11500630,방화1동,7672360
2024,2,11500640,방화2동,4670555
2024,2,11500641,방화3동,2493392
2024,2,11530510,신도림동,6137740
2024,2,11530520,구로1동,1910997
2024,2,11530530,구로2동,9155784
2024,2,11530540,구로3동,6648309
2024,2,11530550,구로4동,7094496
2024,2,11530560,구로5동,7131797
2024,2,11530595,가리봉동,3086962
2024,2,11530720,고척1동,4600188
2024,2,11530730,고척2동,5044395
2024,2,11530740,개봉1동,7902766
2024,2,11530750,개봉2동,4007100
2024,2,11530760,개봉3동,3725815
2024,2,11530770,오류1동,4113736
2024,2,11530780,오류2동,5035363
2024,2,11530790,수궁동,1804756
2024,2,11530800,항동,1081371
2024,2,11545510,가산동,4982950
2024,2,11545610,독산1동,5199602
2024,2,11545620,독산2동,3297534
2024,2,11545630,독산3동,4538748
2024,2,11545640,독산4동,3599927
2024,2,11545670,시흥1동,5446157
2024,2,11545680,시흥2동,1625814
2024,2,11545690,시흥3동,1196045
2024,2,11545700,시흥4동,2064967
2024,2,11545710,시흥5동,3445015
2024,2,11560515,영등포본동,6946651
2024,2,11560535,영등포동,10894142
2024,2,11560540,여의동,6710912
2024,2,11560550,당산1동,6883302
2024,2,11560560,당산2동,8619875
2024,2,11560585,도림동,5514546
2024,2,11560605,문래동,9256968
2024,2,11560610,양평1동,5342525
2024,2,11560620,양평2동,4936770
2024,2,11560630,신길1동,5360457
2024,2,11560650,신길3동,5928251
2024,2,11560660,신길4동,2605809
2024,2,11560670,신길5동,3228975
2024,2,11560680,신길6동,5230603
2024,2,11560690,신길7동,3933551
2024,2,11560700,대림1동,4371953
2024,2,11560710,대림2동,4992583
2024,2,11560720,대림3동,6856123
2024,2,11590510,노량진1동,6293636
2024,2,11590520,노량진2동,3194190
2024,2,11590530,상도1동,7983003
2024,2,11590540,상도2동,4899095
2024,2,11590550,상도3동,4648910
2024,2,11590560,상도4동,5290739
2024,2,11590605,흑석동,6293687
2024,2,11590620,사당1동,6698455
2024,2,11590630,사당2동,7669049
2024,2,11590640,사당3동,5254844
2024,2,11590650,사당4동,4077405
2024,2,11590651,사당5동,3348754
2024,2,11590660,대방동,7548204
2024,2,11590670,신대방1동,3729078
2024,2,11590680,신대방2동,5059854
2024,2,11620525,보라매동,3380472
2024,2,11620545,청림동,3201751
2024,2,11620565,성현동,4213750
2024,2,11620575,행운동,7171750
2024,2,11620585,낙성대동,6184855
2024,2,11620595,청룡동,10678550
2024,2,11620605,은천동,8461618
2024,2,11620615,중앙동,5491908
2024,2,11620625,인헌동,6150639
2024,2,11620630,남현동,4436467
2024,2,11620645,서원동,5575427
2024,2,11620655,신원동,6110063
2024,2,11620665,서림동,5096355
2024,2,11620685,신사동,7445633
2024,2,11620695,신림동,9986124
2024,2,11620715,난향동,1397711
2024,2,11620725,조원동,7134767
2024,2,11620735,대학동,6400370
2024,2,11620745,삼성동,7246114
2024,2,11620765,미성동,5053656
2024,2,11620775,난곡동,5742326
2024,2,11650510,서초1동,7870023
2024,2,11650520,서초2동,7086926
2024,2,11650530,서초3동,11986514
2024,2,11650531,서초4동,6435728
2024,2,11650540,잠원동,6210521
2024,2,11650550,반포본동,382171
2024,2,11650560,반포1동,6695495
2024,2,11650570,반포2동,1623676
2024,2,11650580,반포3동,3508566
2024,2,11650581,반포4동,5566352
2024,2,11650590,방배본동,4299479
2024,2,11650600,방배1동,4459777
2024,2,11650610,방배2동,4797652
2024,2,11650620,방배3동,3397526
2024,2,11650621,방배4동,6491891
2024,2,11650651,양재1동,8449099
2024,2,11650652,양재2동,5746263
2024,2,11650660,내곡동,1886841
2024,2,11680510,신사동,6692111
2024,2,11680521,논현1동,9758712
2024,2,11680531,논현2동,11946914
2024,2,11680545,압구정동,7506657
2024,2,11680565,청담동,9238591
2024,2,11680580,삼성1동,4792598
2024,2,11680590,삼성2동,9215141
2024,2,11680600,대치1동,4531432
2024,2,11680610,대치2동,6083700
2024,2,11680630,대치4동,10158276
2024,2,11680640,역삼1동,20635074
2024,2,11680650,역삼2동,11966721
2024,2,11680655,도곡1동,7532306
2024,2,11680656,도곡2동,3941808
2024,2,11680660,개포1동,2199757
2024,2,11680670,개포2동,2124327
2024,2,11680690,개포4동,3425996
2024,2,11680700,세곡동,3494066
2024,2,11680720,일원본동,2436861
2024,2,11680730,일원1동,2581517
2024,2,11680740,일원2동,1339678
2024,2,11680750,수서동,2247920
2024,2,11710510,풍납1동,4595396
2024,2,11710520,풍납2동,4907868
2024,2,11710531,거여1동,3340994
2024,2,11710532,거여2동,3608845
2024,2,11710540,마천1동,3413141
2024,2,11710550,마천2동,4977009
2024,2,11710561,방이1동,3584561
2024,2,11710562,방이2동,6314479
2024,2,11710566,오륜동,694265
2024,2,11710570,오금동,9800523
2024,2,11710580,송파1동,6238550
2024,2,11710590,송파2동,3204294
2024,2,11710600,석촌동,6542177
2024,2,11710610,삼전동,6222459
2024,2,11710620,가락본동,8042825
2024,2,11710631,가락1동,757910
2024,2,11710632,가락2동,6262526
2024,2,11710641,문정1동,4430657
2024,2,11710642,문정2동,2852529
2024,2,11710646,장지동,7686451
2024,2,11710647,위례동,3212534
2024,2,11710650,잠실본동,8266108
2024,2,11710670,잠실2동,2021046
2024,2,11710680,잠실3동,3641812
2024,2,11710690,잠실4동,2266896
2024,2,11710710,잠실6동,2445418
2024,2,11710720,잠실7동,671580
2024,2,11740515,강일동,4094175
2024,2,11740520,상일동,3462455
2024,2,11740530,명일1동,4949211
2024,2,11740540,명일2동,2062835
2024,2,11740550,고덕1동,3825608
2024,2,11740560,고덕2동,2097951
2024,2,11740570,암사1동,8452372
2024,2,11740580,암사2동,2364211
2024,2,11740590,암사3동,1498863
2024,2,11740600,천호1동,10409522
2024,2,11740610,천호2동,11247931
2024,2,11740620,천호3동,7219229
2024,2,11740640,성내1동,5841841
2024,2,11740650,성내2동,8271814
2024,2,11740660,성내3동,6644715
2024,2,11740685,길동,16678522
2024,2,11740690,둔촌1동,8464
2024,2,11740700,둔촌2동,6722354
2024,3,11110515,청운효자동,3461402
2024,3,11110530,사직동,3743471
2024,3,11110540,삼청동,954713
2024,3,11110550,부암동,914885
2024,3,11110560,평창동,838168
2024,3,11110570,무악동,1863501
2024,3,11110580,교남동,3921696
2024,3,11110600,가회동,1253677
2024,3,11110615,종로1234가동,13527970
2024,3,11110630,종로56가동,5744525
2024,3,11110640,이화동,4299805
2024,3,11110650,혜화동,8439896
2024,3,11110670,창신1동,2569374
2024,3,11110680,창신2동,4912642
2024,3,11110690,창신3동,1190668
2024,3,11110700,숭인1동,2058999
2024,3,11110710,숭인2동,5475278
2024,3,11140520,소공동,2710749
2024,3,11140540,회현동,4322078
2024,3,11140550,명동,5515367
2024,3,11140570,필동,2394253
2024,3,11140580,장충동,2054968
2024,3,11140590,광희동,6429294
2024,3,11140605,을지로동,4707696
2024,3,11140615,신당동,5202273
2024,3,11140625,다산동,4029921
2024,3,11140635,약수동,1977182
2024,3,11140645,청구동,3237643
2024,3,11140650,신당5동,3398814
2024,3,11140665,동화동,3686931
2024,3,11140670,황학동,5456634
2024,3,11140680,중림동,1801410
2024,3,11170510,후암동,3897620
2024,3,11170520,용산2가동,4629645
2024,3,11170530,남영동,1900602
2024,3,11170555,청파동,7434177
2024,3,11170560,원효로1동,4856440
2024,3,11170570,원효로2동,3874985
2024,3,11170580,효창동,3631355
2024,3,11170590,용문동,2535830
2024,3,11170625,한강로동,5596273
2024,3,11170630,이촌1동,4432186
2024,3,11170640,이촌2동,1590725
2024,3,11170650,이태원1동,2549977
2024,3,11170660,이태원2동,2879625
2024,3,11170685,한남동,4400850
2024,3,11170690,서빙고동,1774211
2024,3,11170700,보광동,2596555
2024,3,11200520,왕십리2동,4257821
2024,3,11200535,왕십리도선동,5497986
2024,3,11200540,마장동,5084854
2024,3,11200550,사근동,3900199
2024,3,11200560,행당1동,5352424
2024,3,11200570,행당2동,4521871
2024,3,11200580,응봉동,2977452
2024,3,11200590,금호1가동,3263574
2024,3,11200615,금호23가동,6275018
2024,3,11200620,금호4가동,2885876
2024,3,11200645,옥수동,2862565
2024,3,11200650,성수1가1동,3079247
2024,3,11200660,성수1가2동,5569494
2024,3,11200670,성수2가1동,4858644
2024,3,11200690,성수2가3동,5525815
2024,3,11200720,송정동,2961513
2024,3,11200790,용답동,3290351
2024,3,11215710,화양동,9185529
2024,3,11215730,군자동,6315541
2024,3,11215740,중곡1동,3737481
2024,3,11215750,중곡2동,4435244
2024,3,11215760,중곡3동,4943489
2024,3,11215770,중곡4동,6342841
2024,3,11215780,능동,2129513
2024,3,11215810,광장동,5946361
2024,3,11215820,자양1동,7896923
2024,3,11215830,자양2동,5279162
2024,3,11215840,자양3동,6845415
2024,3,11215847,자양4동,8643474
2024,3,11215850,구의1동,7002457
2024,3,11215860,구의2동,4998537
2024,3,11215870,구의3동,6410265
2024,3,11230536,용신동,14274517
2024,3,11230545,제기동,12221734
2024,3,11230560,전농1동,11286951
2024,3,11230570,전농2동,2468454
2024,3,11230600,답십리1동,6906589
2024,3,11230610,답십리2동,5686789
2024,3,11230650,장안1동,9154094
2024,3,11230660,장안2동,7359660
2024,3,11230705,청량리동,6307812
2024,3,11230710,회기동,4481314
2024,3,11230720,휘경1동,5698325
2024,3,11230730,휘경2동,4248164
2024,3,11230740,이문1동,8327026
2024,3,11230750,이문2동,3665996
2024,3,11260520,면목2동,5401048
2024,3,11260540,면목4동,4719874
2024,3,11260550,면목5동,2413701
2024,3,11260565,면목본동,9608441
2024,3,11260570,면목7동,6104342
2024,3,11260575,면목38동,6379377
2024,3,11260580,상봉1동,4211577
2024,3,11260590,상봉2동,7300817
2024,3,11260600,중화1동,4979874
2024,3,11260610,중화2동,7506069
2024,3,11260620,묵1동,6843788
2024,3,11260630,묵2동,5243604
2024,3,11260655,망우본동,11179831
2024,3,11260660,망우3동,4011481
2024,3,11260680,신내1동,4911434
2024,3,11260690,신내2동,1757177
2024,3,11290525,성북동,4091855
2024,3,11290555,삼선동,9657294
2024,3,11290575,동선동,7758921
2024,3,11290580,돈암1동,2558552
2024,3,11290590,돈암2동,2714823
2024,3,11290600,안암동,6600972
2024,3,11290610,보문동,5292828
2024,3,11290620,정릉1동,4465603
2024,3,11290630,정릉2동,5975447
2024,3,11290640,정릉3동,2755141
2024,3,11290650,정릉4동,3424886
2024,3,11290660,길음1동,6288028
2024,3,11290685,길음2동,5060851
2024,3,11290705,종암동,10584932
2024,3,11290715,월곡1동,7785760
2024,3,11290725,월곡2동,5938261
2024,3,11290760,장위1동,7272598
2024,3,11290770,장위2동,4394528
2024,3,11290780,장위3동,2477492
2024,3,11290810,석관동,10442600
2024,3,11305534,삼양동,11074873
2024,3,11305535,미아동,7546949
2024,3,11305545,송중동,11679325
2024,3,11305555,송천동,12713858
2024,3,11305575,삼각산동,3021699
2024,3,11305595,번1동,6882867
2024,3,11305603,번2동,2884157
2024,3,11305608,번3동,3360467
2024,3,11305615,수유1동,5854306
2024,3,11305625,수유2동,5300678
2024,3,11305635,수유3동,9464997
2024,3,11305645,우이동,3948848
2024,3,11305660,인수동,8245053
2024,3,11320511,창1동,3437237
2024,3,11320512,창2동,11166779
2024,3,11320513,창3동,3464877
2024,3,11320514,창4동,3746405
2024,3,11320515,창5동,3945245
2024,3,11320521,도봉1동,3655182
2024,3,11320522,도봉2동,3154063
2024,3,11320660,쌍문1동,4870256
2024,3,11320670,쌍문2동,4516235
2024,3,11320680,쌍문3동,5405300
2024,3,11320681,쌍문4동,2164002
2024,3,11320690,방학1동,6455349
2024,3,11320700,방학2동,2819940
2024,3,11320710,방학3동,3427101
2024,3,11350560,월계1동,4288796
2024,3,11350570,월계2동,3599582
2024,3,11350580,월계3동,2479674
2024,3,11350595,공릉1동,10386750
2024,3,11350600,공릉2동,8185815
2024,3,11350611,하계1동,3594953
2024,3,11350612,하계2동,2573800
2024,3,11350619,중계본동,3951533
2024,3,11350621,중계1동,3769178
2024,3,11350624,중계4동,2759484
2024,3,11350625,중계23동,4161290
2024,3,11350630,상계1동,7091892
2024,3,11350640,상계2동,10347182
2024,3,11350665,상계34동,8849934
2024,3,11350670,상계5동,5704799
2024,3,11350695,상계67동,6369391
2024,3,11350700,상계8동,922016
2024,3,11350710,상계9동,1809411
2024,3,11350720,상계10동,1822946
2024,3,11380510,녹번동,6399187
2024,3,11380520,불광1동,5047081
2024,3,11380530,불광2동,6017433
2024,3,11380551,갈현1동,5738551
2024,3,11380552,갈현2동,5627034
2024,3,11380560,구산동,5527238
2024,3,11380570,대조동,13055954
2024,3,11380580,응암1동,4968869
2024,3,11380590,응암2동,3987886
2024,3,11380600,응암3동,8035635
2024,3,11380625,역촌동,11137111
2024,3,11380631,신사1동,6184747
2024,3,11380632,신사2동,2709220
2024,3,11380640,증산동,3239100
2024,3,11380650,수색동,2861744
2024,3,11380690,진관동,6700610
2024,3,11410520,천연동,3223815
2024,3,11410555,북아현동,21830027
2024,3,11410565,충현동,11231015
2024,3,11410585,신촌동,10452772
2024,3,11410615,연희동,8430357
2024,3,11410620,홍제1동,6224559
2024,3,11410640,홍제3동,3894443
2024,3,11410655,홍제2동,1877381
2024,3,11410660,홍은1동,3683841
2024,3,11410685,홍은2동,4184724
2024,3,11410690,남가좌1동,1136560
2024,3,11410700,남가좌2동,5760319
2024,3,11410710,북가좌1동,2590040
2024,3,11410720,북가좌2동,10145040
2024,3,11440555,아현동,7511425
2024,3,11440565,공덕동,12935290
2024,3,11440585,도화동,4304962
2024,3,11440590,용강동,5862027
2024,3,11440600,대흥동,6764126
2024,3,11440610,염리동,5021389
2024,3,11440630,신수동,4916815
2024,3,11440655,서강동,5955665
2024,3,11440660,서교동,17321631
2024,3,11440680,합정동,4642709
2024,3,11440690,망원1동,7043989
2024,3,11440700,망원2동,5954469
2024,3,11440710,연남동,6357891
2024,3,11440720,성산1동,5807354
2024,3,11440730,성산2동,6878075
2024,3,11440740,상암동,5196788
2024,3,11470510,목1동,4872416
2024,3,11470520,목2동,6791343
2024,3,11470530,목3동,4907915
2024,3,11470540,목4동,5712758
2024,3,11470550,목5동,4570677
2024,3,11470560,신월1동,4112625
2024,3,11470570,신월2동,3493592
2024,3,11470580,신월3동,2732022
2024,3,11470590,신월4동,3306643
2024,3,11470600,신월5동,2763107
2024,3,11470610,신월6동,974124
2024,3,11470611,신월7동,2123726
2024,3,11470620,신정1동,3200695
2024,3,11470630,신정2동,4375344
2024,3,11470640,신정3동,7300318
2024,3,11470650,신정4동,11066177
2024,3,11470670,신정6동,2017228
2024,3,11470680,신정7동,3083284
2024,3,11500510,염창동,8352460
2024,3,11500520,등촌1동,5077412
2024,3,11500530,등촌2동,3702377
2024,3,11500535,등촌3동,7067968
2024,3,11500540,화곡1동,16154337
2024,3,11500550,화곡2동,3362341
2024,3,11500560,화곡3동,3846378
2024,3,11500570,화곡4동,4658081
2024,3,11500590,화곡본동,7800871
2024,3,11500591,화곡6동,5484442
2024,3,11500593,화곡8동,7996556
2024,3,11500603,가양1동,3225463
2024,3,11500604,가양2동,2177200
2024,3,11500605,가양3동,1909669
2024,3,11500611,발산1동,5326795
2024,3,11500615,우장산동,6860725
2024,3,11500620,공항동,5431825
2024,3,11500630,방화1동,7638076
2024,3,11500640,방화2동,4708139
2024,3,11500641,방화3동,2467815
2024,3,11530510,신도림동,6064435
2024,3,11530520,구로1동,1925319
2024,3,11530530,구로2동,9292714
2024,3,11530540,구로3동,6648237
2024,3,11530550,구로4동,7132853
2024,3,11530560,구로5동,7152296
2024,3,11530595,가리봉동,3082512
2024,3,11530720,고척1동,4497460
2024,3,11530730,고척2동,5284846
2024,3,11530740,개봉1동,7666396
2024,3,11530750,개봉2동,4031456
2024,3,11530760,개봉3동,3873893
2024,3,11530770,오류1동,4054068
2024,3,11530780,오류2동,4986448
2024,3,11530790,수궁동,1758258
2024,3,11530800,항동,1053164
2024,3,11545510,가산동,5027587
2024,3,11545610,독산1동,5193847
2024,3,11545620,독산2동,3379656
2024,3,11545630,독산3동,4609546
2024,3,11545640,독산4동,3626034
2024,3,11545670,시흥1동,5468492
2024,3,11545680,시흥2동,1624165
2024,3,11545690,시흥3동,1193442
2024,3,11545700,시흥4동,2150270
2024,3,11545710,시흥5동,3452646
2024,3,11560515,영등포본동,6867442
2024,3,11560535,영등포동,10761038
2024,3,11560540,여의동,6580926
2024,3,11560550,당산1동,6824895
2024,3,11560560,당산2동,8600057
2024,3,11560585,도림동,5499685
2024,3,11560605,문래동,9272180
2024,3,11560610,양평1동,5328689
2024,3,11560620,양평2동,4824126
2024,3,11560630,신길1동,5354207
2024,3,11560650,신길3동,6057161
2024,3,11560660,신길4동,2567516
2024,3,11560670,신길5동,3137012
2024,3,11560680,신길6동,5538276
2024,3,11560690,신길7동,3831168
2024,3,11560700,대림1동,4393701
2024,3,11560710,대림2동,4926114
2024,3,11560720,대림3동,6834948
2024,3,11590510,노량진1동,6275104
2024,3,11590520,노량진2동,2993643
2024,3,11590530,상도1동,7570479
2024,3,11590540,상도2동,4772355
2024,3,11590550,상도3동,4684005
2024,3,11590560,상도4동,5544428
2024,3,11590605,흑석동,5755248
2024,3,11590620,사당1동,6591481
2024,3,11590630,사당2동,7580620
2024,3,11590640,사당3동,5313428
2024,3,11590650,사당4동,4042524
2024,3,11590651,사당5동,3390400
2024,3,11590660,대방동,7355074
2024,3,11590670,신대방1동,3703130
2024,3,11590680,신대방2동,5149369
2024,3,11620525,보라매동,3420036
2024,3,11620545,청림동,3242134
2024,3,11620565,성현동,4185515
2024,3,11620575,행운동,7109632
2024,3,11620585,낙성대동,6010320
2024,3,11620595,청룡동,10664518
2024,3,11620605,은천동,8420358
2024,3,11620615,중앙동,5390186
2024,3,11620625,인헌동,5991417
2024,3,11620630,남현동,4516657
2024,3,11620645,서원동,5420025
2024,3,11620655,신원동,6113476
2024,3,11620665,서림동,5096783
2024,3,11620685,신사동,7421992
2024,3,11620695,신림동,9936804
2024,3,11620715,난향동,1453857
2024,3,11620725,조원동,7339234
2024,3,11620735,대학동,6079016
2024,3,11620745,삼성동,7116023
2024,3,11620765,미성동,5159565
2024,3,11620775,난곡동,5703234
2024,3,11650510,서초1동,7812814
2024,3,11650520,서초2동,7034452
2024,3,11650530,서초3동,11998218
2024,3,11650531,서초4동,6560717
2024,3,11650540,잠원동,6231845
2024,3,11650550,반포본동,439596
2024,3,11650560,반포1동,6698873
2024,3,11650570,반포2동,1701878
2024,3,11650580,반포3동,3431216
2024,3,11650581,반포4동,5441420
2024,3,11650590,방배본동,4582806
2024,3,11650600,방배1동,4386808
2024,3,11650610,방배2동,4621026
2024,3,11650620,방배3동,3377059
2024,3,11650621,방배4동,6308174
2024,3,11650651,양재1동,8459500
2024,3,11650652,양재2동,5583784
2024,3,11650660,내곡동,1844043
2024,3,11680510,신사동,6702573
2024,3,11680521,논현1동,9727650
2024,3,11680531,논현2동,11969518
2024,3,11680545,압구정동,7575192
2024,3,11680565,청담동,9044359
2024,3,11680580,삼성1동,4736766
2024,3,11680590,삼성2동,9212170
2024,3,11680600,대치1동,4646439
2024,3,11680610,대치2동,6355369
2024,3,11680630,대치4동,10904498
2024,3,11680640,역삼1동,20684465
2024,3,11680650,역삼2동,12129381
2024,3,11680655,도곡1동,7670183
2024,3,11680656,도곡2동,3943885
2024,3,11680660,개포1동,2168732
2024,3,11680670,개포2동,2156296
2024,3,11680690,개포4동,3419859
2024,3,11680700,세곡동,3531192
2024,3,11680720,일원본동,2453464
2024,3,11680730,일원1동,2581837
2024,3,11680740,일원2동,1375496
2024,3,11680750,수서동,2175292
2024,3,11710510,풍납1동,4675977
2024,3,11710520,풍납2동,4932132
2024,3,11710531,거여1동,3325881
2024,3,11710532,거여2동,3641623
2024,3,11710540,마천1동,3468039
2024,3,11710550,마천2동,4981184
2024,3,11710561,방이1동,3659647
2024,3,11710562,방이2동,6333118
2024,3,11710566,오륜동,655888
2024,3,11710570,오금동,9835551
2024,3,11710580,송파1동,6087327
2024,3,11710590,송파2동,3096612
2024,3,11710600,석촌동,6574787
2024,3,11710610,삼전동,6297396
2024,3,11710620,가락본동,8263765
2024,3,11710631,가락1동,759204
2024,3,11710632,가락2동,6161273
2024,3,11710641,문정1동,4308902
2024,3,11710642,문정2동,2784565
2024,3,11710646,장지동,7570249
2024,3,11710647,위례동,3273202
2024,3,11710650,잠실본동,8370368
2024,3,11710670,잠실2동,2155569
2024,3,11710680,잠실3동,3705167
2024,3,11710690,잠실4동,2277930
2024,3,11710710,잠실6동,2369910
2024,3,11710720,잠실7동,661988
2024,3,11740515,강일동,3965921
2024,3,11740520,상일동,3402768
2024,3,11740530,명일1동,4841513
2024,3,11740540,명일2동,2134630
2024,3,11740550,고덕1동,3729983
2024,3,11740560,고덕2동,2059421
2024,3,11740570,암사1동,8614617
2024,3,11740580,암사2동,2357168
2024,3,11740590,암사3동,1548928
2024,3,11740600,천호1동,10601178
2024,3,11740610,천호2동,11231973
2024,3,11740620,천호3동,7375620
2024,3,11740640,성내1동,5778800
2024,3,11740650,성내2동,8341294
2024,3,11740660,성내3동,6690800
2024,3,11740685,길동,17355779
2024,3,11740690,둔촌1동,8157
2024,3,11740700,둔촌2동,6672796
2024,4,11110515,청운효자동,3580355
2024,4,11110530,사직동,4046716
2024,4,11110540,삼청동,999306
2024,4,11110550,부암동,961812
2024,4,11110560,평창동,887229
2024,4,11110570,무악동,1752038
2024,4,11110580,교남동,4149031
2024,4,11110600,가회동,1274401
2024,4,11110615,종로1234가동,14152630
2024,4,11110630,종로56가동,5409631
2024,4,11110640,이화동,4696993
2024,4,11110650,혜화동,9335695
2024,4,11110670,창신1동,2790807
2024,4,11110680,창신2동,4929182
2024,4,11110690,창신3동,975151
2024,4,11110700,숭인1동,2217201
2024,4,11110710,숭인2동,5626143
2024,4,11140520,소공동,2812029
2024,4,11140540,회현동,4629050
2024,4,11140550,명동,5964314
2024,4,11140570,필동,2529562
2024,4,11140580,장충동,2214762
2024,4,11140590,광희동,6676592
2024,4,11140605,을지로동,4885734
2024,4,11140615,신당동,5495347
2024,4,11140625,다산동,4222623
2024,4,11140635,약수동,1939868
2024,4,11140645,청구동,3186417
2024,4,11140650,신당5동,3380617
2024,4,11140665,동화동,3541169
2024,4,11140670,황학동,5824539
2024,4,11140680,중림동,1816944
2024,4,11170510,후암동,3920900
2024,4,11170520,용산2가동,4759841
2024,4,11170530,남영동,2018933
2024,4,11170555,청파동,7658693
2024,4,11170560,원효로1동,5038071
2024,4,11170570,원효로2동,3852280
2024,4,11170580,효창동,3838214
2024,4,11170590,용문동,2463909
2024,4,11170625,한강로동,5725220
2024,4,11170630,이촌1동,4529722
2024,4,11170640,이촌2동,1575660
2024,4,11170650,이태원1동,2558092
2024,4,11170660,이태원2동,2884736
2024,4,11170685,한남동,4455341
2024,4,11170690,서빙고동,1710831
2024,4,11170700,보광동,2608304
2024,4,11200520,왕십리2동,4269923
2024,4,11200535,왕십리도선동,5522354
2024,4,11200540,마장동,4982456
2024,4,11200550,사근동,4247257
2024,4,11200560,행당1동,5898939
2024,4,11200570,행당2동,4599491
2024,4,11200580,응봉동,2754655
2024,4,11200590,금호1가동,3276337
2024,4,11200615,금호23가동,6116987
2024,4,11200620,금호4가동,2779574
2024,4,11200645,옥수동,2891460
2024,4,11200650,성수1가1동,3239903
2024,4,11200660,성수1가2동,5638356
2024,4,11200670,성수2가1동,4937859
2024,4,11200690,성수2가3동,5738874
2024,4,11200720,송정동,3148956
2024,4,11200790,용답동,3233648
2024,4,11215710,화양동,9649031
2024,4,11215730,군자동,6850194
2024,4,11215740,중곡1동,3733586
2024,4,11215750,중곡2동,4422883
2024,4,11215760,중곡3동,4889718
2024,4,11215770,중곡4동,6399588
2024,4,11215780,능동,2225659
2024,4,11215810,광장동,6271033
2024,4,11215820,자양1동,8143327
2024,4,11215830,자양2동,5273396
2024,4,11215840,자양3동,6904984
2024,4,11215847,자양4동,8750852
2024,4,11215850,구의1동,7002765
2024,4,11215860,구의2동,4980781
2024,4,11215870,구의3동,6359504
2024,4,11230536,용신동,14419712
2024,4,11230545,제기동,12779827
2024,4,11230560,전농1동,12037454
2024,4,11230570,전농2동,2400793
2024,4,11230600,답십리1동,6840510
2024,4,11230610,답십리2동,5763551
2024,4,11230650,장안1동,8931967
2024,4,11230660,장안2동,7484657
2024,4,11230705,청량리동,6214621
2024,4,11230710,회기동,4806051
2024,4,11230720,휘경1동,5912753
2024,4,11230730,휘경2동,4416429
2024,4,11230740,이문1동,8994162
2024,4,11230750,이문2동,3587239
2024,4,11260520,면목2동,5372750
2024,4,11260540,면목4동,4691004
2024,4,11260550,면목5동,2412399
2024,4,11260565,면목본동,9677599
2024,4,11260570,면목7동,6152320
2024,4,11260575,면목38동,6223569
2024,4,11260580,상봉1동,4256757
2024,4,11260590,상봉2동,7412000
2024,4,11260600,중화1동,5029728
2024,4,11260610,중화2동,7567800
2024,4,11260620,묵1동,7000532
2024,4,11260630,묵2동,5272579
2024,4,11260655,망우본동,11542657
2024,4,11260660,망우3동,4022757
2024,4,11260680,신내1동,4863918
2024,4,11260690,신내2동,1647565
2024,4,11290525,성북동,4210422
2024,4,11290555,삼선동,10097326
2024,4,11290575,동선동,8051424
2024,4,11290580,돈암1동,2355934
2024,4,11290590,돈암2동,2702698
2024,4,11290600,안암동,7302473
2024,4,11290610,보문동,5566810
2024,4,11290620,정릉1동,4544296
2024,4,11290630,정릉2동,5757787
2024,4,11290640,정릉3동,2731755
2024,4,11290650,정릉4동,3696815
2024,4,11290660,길음1동,6220041
2024,4,11290685,길음2동,5239469
2024,4,11290705,종암동,11069035
2024,4,11290715,월곡1동,8157571
2024,4,11290725,월곡2동,6148162
2024,4,11290760,장위1동,7001331
2024,4,11290770,장위2동,4428119
2024,4,11290780,장위3동,2962527
2024,4,11290810,석관동,10828205
2024,4,11305534,삼양동,11394994
2024,4,11305535,미아동,7722188
2024,4,11305545,송중동,11923847
2024,4,11305555,송천동,12329187
2024,4,11305575,삼각산동,3042960
2024,4,11305595,번1동,6660496
2024,4,11305603,번2동,2792383
2024,4,11305608,번3동,3300965
2024,4,11305615,수유1동,5597172
2024,4,11305625,수유2동,5335195
2024,4,11305635,수유3동,9487546
2024,4,11305645,우이동,3901419
2024,4,11305660,인수동,8134033
2024,4,11320511,창1동,3513990
2024,4,11320512,창2동,11095954
2024,4,11320513,창3동,3442200
2024,4,11320514,창4동,3679758
2024,4,11320515,창5동,3776095
2024,4,11320521,도봉1동,3751601
2024,4,11320522,도봉2동,3162307
2024,4,11320660,쌍문1동,4569671
2024,4,11320670,쌍문2동,4445490
2024,4,11320680,쌍문3동,5292152
2024,4,11320681,쌍문4동,2178458
2024,4,11320690,방학1동,6418213
2024,4,11320700,방학2동,2685163
2024,4,11320710,방학3동,3425140
2024,4,11350560,월계1동,4566980
2024,4,11350570,월계2동,3612097
2024,4,11350580,월계3동,2510151
2024,4,11350595,공릉1동,10259375
2024,4,11350600,공릉2동,8396613
2024,4,11350611,하계1동,3649333
2024,4,11350612,하계2동,2511614
2024,4,11350619,중계본동,3788760
2024,4,11350621,중계1동,3748947
2024,4,11350624,중계4동,2861667
2024,4,11350625,중계23동,4262727
2024,4,11350630,상계1동,6932029
2024,4,11350640,상계2동,10214213
2024,4,11350665,상계34동,8686008
2024,4,11350670,상계5동,5643119
2024,4,11350695,상계67동,6305169
2024,4,11350700,상계8동,944444
2024,4,11350710,상계9동,1824584
2024,4,11350720,상계10동,1866398
2024,4,11380510,녹번동,6363426
2024,4,11380520,불광1동,5189388
2024,4,11380530,불광2동,5646475
2024,4,11380551,갈현1동,5687128
2024,4,11380552,갈현2동,5640563
2024,4,11380560,구산동,5515193
2024,4,11380570,대조동,13208241
2024,4,11380580,응암1동,5168667
2024,4,11380590,응암2동,3906743
2024,4,11380600,응암3동,7961137
2024,4,11380625,역촌동,10995979
2024,4,11380631,신사1동,5971897
2024,4,11380632,신사2동,2615860
2024,4,11380640,증산동,3100167
2024,4,11380650,수색동,2769641
2024,4,11380690,진관동,6798737
2024,4,11410520,천연동,3249796
2024,4,11410555,북아현동,21943903
2024,4,11410565,충현동,11068212
2024,4,11410585,신촌동,10958527
2024,4,11410615,연희동,8765687
2024,4,11410620,홍제1동,6198947
2024,4,11410640,홍제3동,3925979
2024,4,11410655,홍제2동,1868398
2024,4,11410660,홍은1동,3667626
2024,4,11410685,홍은2동,4047291
2024,4,11410690,남가좌1동,1265660
2024,4,11410700,남가좌2동,6133647
2024,4,11410710,북가좌1동,2589995
2024,4,11410720,북가좌2동,9728758
2024,4,11440555,아현동,7902508
2024,4,11440565,공덕동,12821037
2024,4,11440585,도화동,4368209
2024,4,11440590,용강동,5726242
2024,4,11440600,대흥동,6888341
2024,4,11440610,염리동,5375234
2024,4,11440630,신수동,5010790
2024,4,11440655,서강동,6163129
2024,4,11440660,서교동,17634436
2024,4,11440680,합정동,4707098
2024,4,11440690,망원1동,6926246
2024,4,11440700,망원2동,5714492
2024,4,11440710,연남동,6593739
2024,4,11440720,성산1동,5916912
2024,4,11440730,성산2동,6693699
2024,4,11440740,상암동,5321723
2024,4,11470510,목1동,4850644
2024,4,11470520,목2동,6744553
2024,4,11470530,목3동,4888461
2024,4,11470540,목4동,5586111
2024,4,11470550,목5동,4622603
2024,4,11470560,신월1동,3988140
2024,4,11470570,신월2동,3394139
2024,4,11470580,신월3동,2731786
2024,4,11470590,신월4동,3339761
2024,4,11470600,신월5동,2778465
2024,4,11470610,신월6동,979158
2024,4,11470611,신월7동,2079927
2024,4,11470620,신정1동,3131161
2024,4,11470630,신정2동,4430150
2024,4,11470640,신정3동,7283340
2024,4,11470650,신정4동,10965882
2024,4,11470670,신정6동,1982373
2024,4,11470680,신정7동,3003315
2024,4,11500510,염창동,8393526
2024,4,11500520,등촌1동,5057026
2024,4,11500530,등촌2동,3570669
2024,4,11500535,등촌3동,7126061
2024,4,11500540,화곡1동,16116876
2024,4,11500550,화곡2동,3318244
2024,4,11500560,화곡3동,3849352
2024,4,11500570,화곡4동,4633962
2024,4,11500590,화곡본동,7841089
2024,4,11500591,화곡6동,5421443
2024,4,11500593,화곡8동,8884684
2024,4,11500603,가양1동,3191124
2024,4,11500604,가양2동,2164812
2024,4,11500605,가양3동,1886691
2024,4,11500611,발산1동,5422209
2024,4,11500615,우장산동,6854127
2024,4,11500620,공항동,5454935
2024,4,11500630,방화1동,7359571
2024,4,11500640,방화2동,4712039
2024,4,11500641,방화3동,2416606
2024,4,11530510,신도림동,6181456
2024,4,11530520,구로1동,1888611
2024,4,11530530,구로2동,9326858
2024,4,11530540,구로3동,6819189
2024,4,11530550,구로4동,7137723
2024,4,11530560,구로5동,7235002
2024,4,11530595,가리봉동,3115724
2024,4,11530720,고척1동,4694663
2024,4,11530730,고척2동,5224460
2024,4,11530740,개봉1동,7349252
2024,4,11530750,개봉2동,4074296
2024,4,11530760,개봉3동,4566110
2024,4,11530770,오류1동,3932768
2024,4,11530780,오류2동,4997333
2024,4,11530790,수궁동,1794890
2024,4,11530800,항동,935631
2024,4,11545510,가산동,5013838
2024,4,11545610,독산1동,5259394
2024,4,11545620,독산2동,3169578
2024,4,11545630,독산3동,4509949
2024,4,11545640,독산4동,3734632
2024,4,11545670,시흥1동,5437600
2024,4,11545680,시흥2동,1615446
2024,4,11545690,시흥3동,1173893
2024,4,11545700,시흥4동,2144078
2024,4,11545710,시흥5동,3410051
2024,4,11560515,영등포본동,6783305
2024,4,11560535,영등포동,10763247
2024,4,11560540,여의동,6729093
2024,4,11560550,당산1동,7047633
2024,4,11560560,당산2동,8705316
2024,4,11560585,도림동,5468245
2024,4,11560605,문래동,9414441
2024,4,11560610,양평1동,5386179
2024,4,11560620,양평2동,4811862
2024,4,11560630,신길1동,5610311
2024,4,11560650,신길3동,6333907
2024,4,11560660,신길4동,2517587
2024,4,11560670,신길5동,2990423
2024,4,11560680,신길6동,5835038
2024,4,11560690,신길7동,3775360
2024,4,11560700,대림1동,4322159
2024,4,11560710,대림2동,4838107
2024,4,11560720,대림3동,6732227
2024,4,11590510,노량진1동,6295427
2024,4,11590520,노량진2동,3002307
2024,4,11590530,상도1동,8051070
2024,4,11590540,상도2동,4840113
2024,4,11590550,상도3동,4674040
2024,4,11590560,상도4동,5601489
2024,4,11590605,흑석동,6157335
2024,4,11590620,사당1동,6658108
2024,4,11590630,사당2동,7558799
2024,4,11590640,사당3동,5324943
2024,4,11590650,사당4동,3973444
2024,4,11590651,사당5동,3447909
2024,4,11590660,대방동,7420454
2024,4,11590670,신대방1동,3600333
2024,4,11590680,신대방2동,5217435
2024,4,11620525,보라매동,3528957
2024,4,11620545,청림동,3138172
2024,4,11620565,성현동,4171103
2024,4,11620575,행운동,7097776
2024,4,11620585,낙성대동,6067475
2024,4,11620595,청룡동,10849912
2024,4,11620605,은천동,8382716
2024,4,11620615,중앙동,5400796
2024,4,11620625,인헌동,6054479
2024,4,11620630,남현동,4460757
2024,4,11620645,서원동,5445153
2024,4,11620655,신원동,6061297
2024,4,11620665,서림동,5108418
2024,4,11620685,신사동,7426606
2024,4,11620695,신림동,9939231
2024,4,11620715,난향동,1472600
2024,4,11620725,조원동,7590687
2024,4,11620735,대학동,6174888
2024,4,11620745,삼성동,7029660
2024,4,11620765,미성동,5219036
2024,4,11620775,난곡동,5676991
2024,4,11650510,서초1동,7677901
2024,4,11650520,서초2동,6916415
2024,4,11650530,서초3동,12161523
2024,4,11650531,서초4동,6470190
2024,4,11650540,잠원동,6274053
2024,4,11650550,반포본동,457075
2024,4,11650560,반포1동,6803734
2024,4,11650570,반포2동,1823776
2024,4,11650580,반포3동,3473949
2024,4,11650581,반포4동,5520357
2024,4,11650590,방배본동,4676868
2024,4,11650600,방배1동,4407367
2024,4,11650610,방배2동,4703151
2024,4,11650620,방배3동,3440637
2024,4,11650621,방배4동,6248929
2024,4,11650651,양재1동,8479727
2024,4,11650652,양재2동,5762853
2024,4,11650660,내곡동,1868280
2024,4,11680510,신사동,6754835
2024,4,11680521,논현1동,9719047
2024,4,11680531,논현2동,11959099
2024,4,11680545,압구정동,7653846
2024,4,11680565,청담동,8941227
2024,4,11680580,삼성1동,4710934
2024,4,11680590,삼성2동,9037134
2024,4,11680600,대치1동,4444153
2024,4,11680610,대치2동,6212447
2024,4,11680630,대치4동,10298784
2024,4,11680640,역삼1동,20368338
2024,4,11680650,역삼2동,12125350
2024,4,11680655,도곡1동,8054766
2024,4,11680656,도곡2동,3962722
2024,4,11680660,개포1동,2181727
2024,4,11680670,개포2동,2194161
2024,4,11680690,개포4동,3374242
2024,4,11680700,세곡동,3535553
2024,4,11680720,일원본동,2438645
2024,4,11680730,일원1동,2573034
2024,4,11680740,일원2동,1380291
2024,4,11680750,수서동,2244274
2024,4,11710510,풍납1동,4741152
2024,4,11710520,풍납2동,4933329
2024,4,11710531,거여1동,3325039
2024,4,11710532,거여2동,3601237
2024,4,11710540,마천1동,3306419
2024,4,11710550,마천2동,4871883
2024,4,11710561,방이1동,3543175
2024,4,11710562,방이2동,6402445
2024,4,11710566,오륜동,701628
2024,4,11710570,오금동,9846199
2024,4,11710580,송파1동,6082497
2024,4,11710590,송파2동,3149044
2024,4,11710600,석촌동,6722225
2024,4,11710610,삼전동,6262320
2024,4,11710620,가락본동,8452301
2024,4,11710631,가락1동,786269
2024,4,11710632,가락2동,6139814
2024,4,11710641,문정1동,4159107
2024,4,11710642,문정2동,2771583
2024,4,11710646,장지동,7691981
2024,4,11710647,위례동,3195352
2024,4,11710650,잠실본동,8318624
2024,4,11710670,잠실2동,2188144
2024,4,11710680,잠실3동,3783765
2024,4,11710690,잠실4동,2274963
2024,4,11710710,잠실6동,2393418
2024,4,11710720,잠실7동,673142
2024,4,11740515,강일동,3794253
2024,4,11740520,상일동,3404948
2024,4,11740530,명일1동,4868734
2024,4,11740540,명일2동,2128834
2024,4,11740550,고덕1동,3742773
2024,4,11740560,고덕2동,2151832
2024,4,11740570,암사1동,8738334
2024,4,11740580,암사2동,2354087
2024,4,11740590,암사3동,1525729
2024,4,11740600,천호1동,10570083
2024,4,11740610,천호2동,11197776
2024,4,11740620,천호3동,7473840
2024,4,11740640,성내1동,5736284
2024,4,11740650,성내2동,8428419
2024,4,11740660,성내3동,6657677
2024,4,11740685,길동,17701811
2024,4,11740690,둔촌1동,10979
2024,4,11740700,둔촌2동,6665385
2025,1,11110515,청운효자동,3322244
2025,1,11110530,사직동,3978820
2025,1,11110540,삼청동,948998
2025,1,11110550,부암동,902967
2025,1,11110560,평창동,901766
2025,1,11110570,무악동,1725058
2025,1,11110580,교남동,4219937
2025,1,11110600,가회동,1222404
2025,1,11110615,종로1234가동,13650465
2025,1,11110630,종로56가동,4952892
2025,1,11110640,이화동,4574168
2025,1,11110650,혜화동,8475034
2025,1,11110670,창신1동,2729728
2025,1,11110680,창신2동,4956177
2025,1,11110690,창신3동,947256
2025,1,11110700,숭인1동,2278647
2025,1,11110710,숭인2동,5496846
2025,1,11140520,소공동,2518864
2025,1,11140540,회현동,4372857
2025,1,11140550,명동,5596335
2025,1,11140570,필동,2431879
2025,1,11140580,장충동,2014597
2025,1,11140590,광희동,6312868
2025,1,11140605,을지로동,4679139
2025,1,11140615,신당동,5270807
2025,1,11140625,다산동,4170031
2025,1,11140635,약수동,1911171
2025,1,11140645,청구동,3094257
2025,1,11140650,신당5동,3291975
2025,1,11140665,동화동,3540342
2025,1,11140670,황학동,5930183
2025,1,11140680,중림동,1994734
2025,1,11170510,후암동,3950206
2025,1,11170520,용산2가동,4654921
2025,1,11170530,남영동,2035223
2025,1,11170555,청파동,7508006
2025,1,11170560,원효로1동,5005893
2025,1,11170570,원효로2동,3772138
2025,1,11170580,효창동,3741020
2025,1,11170590,용문동,2438921
2025,1,11170625,한강로동,5623799
2025,1,11170630,이촌1동,4525395
2025,1,11170640,이촌2동,1509320
2025,1,11170650,이태원1동,2450278
2025,1,11170660,이태원2동,2796648
2025,1,11170685,한남동,4489139
2025,1,11170690,서빙고동,1718079
2025,1,11170700,보광동,2559323
2025,1,11200520,왕십리2동,4360022
2025,1,11200535,왕십리도선동,5508931
2025,1,11200540,마장동,4981711
2025,1,11200550,사근동,4007275
2025,1,11200560,행당1동,5881662
2025,1,11200570,행당2동,4673750
2025,1,11200580,응봉동,2725450
2025,1,11200590,금호1가동,3355320
2025,1,11200615,금호23가동,5938234
2025,1,11200620,금호4가동,2812858
2025,1,11200645,옥수동,2889064
2025,1,11200650,성수1가1동,3228521
2025,1,11200660,성수1가2동,5572767
2025,1,11200670,성수2가1동,5012000
2025,1,11200690,성수2가3동,5517020
2025,1,11200720,송정동,3154163
2025,1,11200790,용답동,3245657
2025,1,11215710,화양동,8973121
2025,1,11215730,군자동,6541558
2025,1,11215740,중곡1동,3751030
2025,1,11215750,중곡2동,4543938
2025,1,11215760,중곡3동,4981793
2025,1,11215770,중곡4동,6520341
2025,1,11215780,능동,2121772
2025,1,11215810,광장동,6245796
2025,1,11215820,자양1동,7947689
2025,1,11215830,자양2동,5185483
2025,1,11215840,자양3동,6697342
2025,1,11215847,자양4동,8623849
2025,1,11215850,구의1동,6921656
2025,1,11215860,구의2동,5001578
2025,1,11215870,구의3동,6334331
2025,1,11230536,용신동,14257199
2025,1,11230545,제기동,12098814
2025,1,11230560,전농1동,11785738
2025,1,11230570,전농2동,2421804
2025,1,11230600,답십리1동,6852442
2025,1,11230610,답십리2동,5747053
2025,1,11230650,장안1동,9016517
2025,1,11230660,장안2동,7591454
2025,1,11230705,청량리동,6156023
2025,1,11230710,회기동,4394643
2025,1,11230720,휘경1동,5481169
2025,1,11230730,휘경2동,4298752
2025,1,11230740,이문1동,8871536
2025,1,11230750,이문2동,3613334
2025,1,11260520,면목2동,5438065
2025,1,11260540,면목4동,4713986
2025,1,11260550,면목5동,2480651
2025,1,11260565,면목본동,9872097
2025,1,11260570,면목7동,6235232
2025,1,11260575,면목38동,6222944
2025,1,11260580,상봉1동,4288335
2025,1,11260590,상봉2동,7465868
2025,1,11260600,중화1동,5053203
2025,1,11260610,중화2동,7738066
2025,1,11260620,묵1동,7146919
2025,1,11260630,묵2동,5366575
2025,1,11260655,망우본동,11705390
2025,1,11260660,망우3동,4040939
2025,1,11260680,신내1동,5031362
2025,1,11260690,신내2동,1670379
2025,1,11290525,성북동,4161217
2025,1,11290555,삼선동,9868434
2025,1,11290575,동선동,7805146
2025,1,11290580,돈암1동,2348996
2025,1,11290590,돈암2동,2742604
2025,1,11290600,안암동,6984288
2025,1,11290610,보문동,5524232
2025,1,11290620,정릉1동,4566520
2025,1,11290630,정릉2동,5772691
2025,1,11290640,정릉3동,2555315
2025,1,11290650,정릉4동,3667960
2025,1,11290660,길음1동,6248781
2025,1,11290685,길음2동,5155699
2025,1,11290705,종암동,10905824
2025,1,11290715,월곡1동,8383828
2025,1,11290725,월곡2동,6196374
2025,1,11290760,장위1동,6820967
2025,1,11290770,장위2동,4592065
2025,1,11290780,장위3동,3151390
2025,1,11290810,석관동,10476790
2025,1,11305534,삼양동,11603178
2025,1,11305535,미아동,7787209
2025,1,11305545,송중동,11983806
2025,1,11305555,송천동,11762582
2025,1,11305575,삼각산동,3103540
2025,1,11305595,번1동,6634188
2025,1,11305603,번2동,2848035
2025,1,11305608,번3동,3364811
2025,1,11305615,수유1동,5576627
2025,1,11305625,수유2동,5444090
2025,1,11305635,수유3동,9499554
2025,1,11305645,우이동,3858763
2025,1,11305660,인수동,8328595
2025,1,11320511,창1동,3634046
2025,1,11320512,창2동,11433462
2025,1,11320513,창3동,3570322
2025,1,11320514,창4동,3721570
2025,1,11320515,창5동,3825992
2025,1,11320521,도봉1동,3775363
2025,1,11320522,도봉2동,3158959
2025,1,11320660,쌍문1동,4461746
2025,1,11320670,쌍문2동,4399209
2025,1,11320680,쌍문3동,5352593
2025,1,11320681,쌍문4동,2265883
2025,1,11320690,방학1동,6547860
2025,1,11320700,방학2동,2689753
2025,1,11320710,방학3동,3445607
2025,1,11350560,월계1동,4366384
2025,1,11350570,월계2동,3589689
2025,1,11350580,월계3동,2513256
2025,1,11350595,공릉1동,10349736
2025,1,11350600,공릉2동,8255872
2025,1,11350611,하계1동,3557543
2025,1,11350612,하계2동,2529958
2025,1,11350619,중계본동,3905866
2025,1,11350621,중계1동,3835851
2025,1,11350624,중계4동,2860062
2025,1,11350625,중계23동,4262652
2025,1,11350630,상계1동,7026614
2025,1,11350640,상계2동,10335978
2025,1,11350665,상계34동,8750772
2025,1,11350670,상계5동,5801220
2025,1,11350695,상계67동,6400242
2025,1,11350700,상계8동,948751
2025,1,11350710,상계9동,1812556
2025,1,11350720,상계10동,1904605
2025,1,11380510,녹번동,6432092
2025,1,11380520,불광1동,5589708
2025,1,11380530,불광2동,5464920
2025,1,11380551,갈현1동,5558209
2025,1,11380552,갈현2동,5735652
2025,1,11380560,구산동,5584682
2025,1,11380570,대조동,13447228
2025,1,11380580,응암1동,5193897
2025,1,11380590,응암2동,3913772
2025,1,11380600,응암3동,7887574
2025,1,11380625,역촌동,11255448
2025,1,11380631,신사1동,6202075
2025,1,11380632,신사2동,2658630
2025,1,11380640,증산동,3005355
2025,1,11380650,수색동,2934521
2025,1,11380690,진관동,6796893
2025,1,11410520,천연동,3286557
2025,1,11410555,북아현동,21562913
2025,1,11410565,충현동,10822733
2025,1,11410585,신촌동,10229734
2025,1,11410615,연희동,8615389
2025,1,11410620,홍제1동,5940951
2025,1,11410640,홍제3동,3862275
2025,1,11410655,홍제2동,1992561
2025,1,11410660,홍은1동,3704498
2025,1,11410685,홍은2동,4375217
2025,1,11410690,남가좌1동,1301727
2025,1,11410700,남가좌2동,6049803
2025,1,11410710,북가좌1동,2533135
2025,1,11410720,북가좌2동,10095710
2025,1,11440555,아현동,7929131
2025,1,11440565,공덕동,12922123
2025,1,11440585,도화동,4181729
2025,1,11440590,용강동,5642605
2025,1,11440600,대흥동,6638894
2025,1,11440610,염리동,5522692
2025,1,11440630,신수동,4950213
2025,1,11440655,서강동,6077000
2025,1,11440660,서교동,17338634
2025,1,11440680,합정동,4581859
2025,1,11440690,망원1동,6888566
2025,1,11440700,망원2동,5759684
2025,1,11440710,연남동,6695602
2025,1,11440720,성산1동,5919302
2025,1,11440730,성산2동,6703555
2025,1,11440740,상암동,5213228
2025,1,11470510,목1동,4742299
2025,1,11470520,목2동,6870429
2025,1,11470530,목3동,4960297
2025,1,11470540,목4동,5666185
2025,1,11470550,목5동,4745606
2025,1,11470560,신월1동,3930134
2025,1,11470570,신월2동,3447522
2025,1,11470580,신월3동,2694911
2025,1,11470590,신월4동,3419661
2025,1,11470600,신월5동,2793771
2025,1,11470610,신월6동,1046020
2025,1,11470611,신월7동,2075467
2025,1,11470620,신정1동,3167301
2025,1,11470630,신정2동,4523320
2025,1,11470640,신정3동,7236774
2025,1,11470650,신정4동,11161259
2025,1,11470670,신정6동,1948405
2025,1,11470680,신정7동,3037920
2025,1,11500510,염창동,8380426
2025,1,11500520,등촌1동,5076482
2025,1,11500530,등촌2동,3594111
2025,1,11500535,등촌3동,7140197
2025,1,11500540,화곡1동,16737330
2025,1,11500550,화곡2동,3365443
2025,1,11500560,화곡3동,3838848
2025,1,11500570,화곡4동,4730457
2025,1,11500590,화곡본동,8047396
2025,1,11500591,화곡6동,5457855
2025,1,11500593,화곡8동,9669499
2025,1,11500603,가양1동,3111313
2025,1,11500604,가양2동,2113025
2025,1,11500605,가양3동,1867782
2025,1,11500611,발산1동,5406242
2025,1,11500615,우장산동,6951637
2025,1,11500620,공항동,5402089
2025,1,11500630,방화1동,7292825
2025,1,11500640,방화2동,4694543
2025,1,11500641,방화3동,2410780
2025,1,11530510,신도림동,6277595
2025,1,11530520,구로1동,1893061
2025,1,11530530,구로2동,9386358
2025,1,11530540,구로3동,7010157
2025,1,11530550,구로4동,7435737
2025,1,11530560,구로5동,7152402
2025,1,11530595,가리봉동,3104079
2025,1,11530720,고척1동,4727357
2025,1,11530730,고척2동,5327769
2025,1,11530740,개봉1동,7529512
2025,1,11530750,개봉2동,3929062
2025,1,11530760,개봉3동,4635709
2025,1,11530770,오류1동,3808676
2025,1,11530780,오류2동,5066575
2025,1,11530790,수궁동,1889667
2025,1,11530800,항동,938443
2025,1,11545510,가산동,4896397
2025,1,11545610,독산1동,5431887
2025,1,11545620,독산2동,3225001
2025,1,11545630,독산3동,4275186
2025,1,11545640,독산4동,3919114
2025,1,11545670,시흥1동,5468550
2025,1,11545680,시흥2동,1622656
2025,1,11545690,시흥3동,1166393
2025,1,11545700,시흥4동,2181361
2025,1,11545710,시흥5동,3443204
2025,1,11560515,영등포본동,6704901
2025,1,11560535,영등포동,10540190
2025,1,11560540,여의동,6401052
2025,1,11560550,당산1동,7181436
2025,1,11560560,당산2동,8618016
2025,1,11560585,도림동,5492238
2025,1,11560605,문래동,9297573
2025,1,11560610,양평1동,5409750
2025,1,11560620,양평2동,4738464
2025,1,11560630,신길1동,5667134
2025,1,11560650,신길3동,6477301
2025,1,11560660,신길4동,2602598
2025,1,11560670,신길5동,3131951
2025,1,11560680,신길6동,5935101
2025,1,11560690,신길7동,3838962
2025,1,11560700,대림1동,4401081
2025,1,11560710,대림2동,4897418
2025,1,11560720,대림3동,6766448
2025,1,11590510,노량진1동,6205243
2025,1,11590520,노량진2동,2837039
2025,1,11590530,상도1동,7896645
2025,1,11590540,상도2동,4803600
2025,1,11590550,상도3동,4741258
2025,1,11590560,상도4동,5656231
2025,1,11590605,흑석동,5668175
2025,1,11590620,사당1동,7014960
2025,1,11590630,사당2동,7423649
2025,1,11590640,사당3동,5371972
2025,1,11590650,사당4동,3883115
2025,1,11590651,사당5동,3416858
2025,1,11590660,대방동,7516083
2025,1,11590670,신대방1동,3617755
2025,1,11590680,신대방2동,5263265
2025,1,11620525,보라매동,3571382
2025,1,11620545,청림동,3178963
2025,1,11620565,성현동,4381134
2025,1,11620575,행운동,6962577
2025,1,11620585,낙성대동,5842973
2025,1,11620595,청룡동,10873988
2025,1,11620605,은천동,8520499
2025,1,11620615,중앙동,5392313
2025,1,11620625,인헌동,6083958
2025,1,11620630,남현동,4405557
2025,1,11620645,서원동,5364335
2025,1,11620655,신원동,6095112
2025,1,11620665,서림동,5156657
2025,1,11620685,신사동,7432118
2025,1,11620695,신림동,9993104
2025,1,11620715,난향동,1469718
2025,1,11620725,조원동,7687284
2025,1,11620735,대학동,6255689
2025,1,11620745,삼성동,6935735
2025,1,11620765,미성동,5358757
2025,1,11620775,난곡동,5740137
2025,1,11650510,서초1동,7592346
2025,1,11650520,서초2동,6748748
2025,1,11650530,서초3동,12074292
2025,1,11650531,서초4동,6363986
2025,1,11650540,잠원동,6215665
2025,1,11650550,반포본동,469583
2025,1,11650560,반포1동,6812782
2025,1,11650570,반포2동,1762184
2025,1,11650580,반포3동,3339273
2025,1,11650581,반포4동,5472634
2025,1,11650590,방배본동,4733101
2025,1,11650600,방배1동,4356245
2025,1,11650610,방배2동,4539414
2025,1,11650620,방배3동,3385097
2025,1,11650621,방배4동,6253360
2025,1,11650651,양재1동,8398928
2025,1,11650652,양재2동,5710184
2025,1,11650660,내곡동,1874838
2025,1,11680510,신사동,6531524
2025,1,11680521,논현1동,9752622
2025,1,11680531,논현2동,11820073
2025,1,11680545,압구정동,7516652
2025,1,11680565,청담동,8680956
2025,1,11680580,삼성1동,4679313
2025,1,11680590,삼성2동,8882682
2025,1,11680600,대치1동,4588549
2025,1,11680610,대치2동,6579513
2025,1,11680630,대치4동,10634846
2025,1,11680640,역삼1동,20637783
2025,1,11680650,역삼2동,12157363
2025,1,11680655,도곡1동,8393182
2025,1,11680656,도곡2동,3981389
2025,1,11680660,개포1동,2175105
2025,1,11680670,개포2동,2188614
2025,1,11680690,개포4동,3351285
2025,1,11680700,세곡동,3537658
2025,1,11680720,일원본동,2457884
2025,1,11680730,일원1동,2507700
2025,1,11680740,일원2동,1328210
2025,1,11680750,수서동,2223931
2025,1,11710510,풍납1동,4457779
2025,1,11710520,풍납2동,4976049
2025,1,11710531,거여1동,3373504
2025,1,11710532,거여2동,3678057
2025,1,11710540,마천1동,3233268
2025,1,11710550,마천2동,4900846
2025,1,11710561,방이1동,3685633
2025,1,11710562,방이2동,6254962
2025,1,11710566,오륜동,763523
2025,1,11710570,오금동,9884400
2025,1,11710580,송파1동,5974916
2025,1,11710590,송파2동,3109692
2025,1,11710600,석촌동,6660172
2025,1,11710610,삼전동,6320203
2025,1,11710620,가락본동,8436105
2025,1,11710631,가락1동,786976
2025,1,11710632,가락2동,6143164
2025,1,11710641,문정1동,4225249
2025,1,11710642,문정2동,2723254
2025,1,11710646,장지동,7570371
2025,1,11710647,위례동,3215483
2025,1,11710650,잠실본동,8029149
2025,1,11710670,잠실2동,2177996
2025,1,11710680,잠실3동,3785707
2025,1,11710690,잠실4동,2217013
2025,1,11710710,잠실6동,2314231
2025,1,11710720,잠실7동,656428
2025,1,11740515,강일동,3701358
2025,1,11740520,상일동,3442510
2025,1,11740530,명일1동,4850370
2025,1,11740540,명일2동,2165237
2025,1,11740550,고덕1동,3627089
2025,1,11740560,고덕2동,2109036
2025,1,11740570,암사1동,8884521
2025,1,11740580,암사2동,2351791
2025,1,11740590,암사3동,1486043
2025,1,11740600,천호1동,10636603
2025,1,11740610,천호2동,11117687
2025,1,11740620,천호3동,7484127
2025,1,11740640,성내1동,5650885
2025,1,11740650,성내2동,8506868
2025,1,11740660,성내3동,6753807
2025,1,11740685,길동,18457501
2025,1,11740690,둔촌1동,23239
2025,1,11740700,둔촌2동,6940288
2025,2,11110515,청운효자동,3549035
2025,2,11110530,사직동,4099841
2025,2,11110540,삼청동,1020583
2025,2,11110550,부암동,931763
2025,2,11110560,평창동,904147
2025,2,11110570,무악동,1779593
2025,2,11110580,교남동,4167907
2025,2,11110600,가회동,1244131
2025,2,11110615,종로1234가동,14129208
2025,2,11110630,종로56가동,5238510
2025,2,11110640,이화동,4841942
2025,2,11110650,혜화동,9403241
2025,2,11110670,창신1동,2894717
2025,2,11110680,창신2동,4689181
2025,2,11110690,창신3동,934584
2025,2,11110700,숭인1동,2283555
2025,2,11110710,숭인2동,5360471
2025,2,11140520,소공동,2572626
2025,2,11140540,회현동,4472620
2025,2,11140550,명동,5614655
2025,2,11140570,필동,2644573
2025,2,11140580,장충동,2159571
2025,2,11140590,광희동,6517843
2025,2,11140605,을지로동,4822187
2025,2,11140615,신당동,5429827
2025,2,11140625,다산동,4263410
2025,2,11140635,약수동,1854990
2025,2,11140645,청구동,2816904
2025,2,11140650,신당5동,3228110
2025,2,11140665,동화동,3491626
2025,2,11140670,황학동,5863751
2025,2,11140680,중림동,1968294
2025,2,11170510,후암동,3887531
2025,2,11170520,용산2가동,4894044
2025,2,11170530,남영동,2019412
2025,2,11170555,청파동,7609923
2025,2,11170560,원효로1동,5018335
2025,2,11170570,원효로2동,3633609
2025,2,11170580,효창동,3772522
2025,2,11170590,용문동,2311046
2025,2,11170625,한강로동,5518689
2025,2,11170630,이촌1동,4535257
2025,2,11170640,이촌2동,1459822
2025,2,11170650,이태원1동,2483019
2025,2,11170660,이태원2동,2809213
2025,2,11170685,한남동,4291192
2025,2,11170690,서빙고동,1688340
2025,2,11170700,보광동,2508267
2025,2,11200520,왕십리2동,4358103
2025,2,11200535,왕십리도선동,5465586
2025,2,11200540,마장동,4876867
2025,2,11200550,사근동,4460944
2025,2,11200560,행당1동,5913700
2025,2,11200570,행당2동,4677789
2025,2,11200580,응봉동,2689260
2025,2,11200590,금호1가동,3209351
2025,2,11200615,금호23가동,5552003
2025,2,11200620,금호4가동,2558286
2025,2,11200645,옥수동,2946041
2025,2,11200650,성수1가1동,3196039
2025,2,11200660,성수1가2동,5614925
2025,2,11200670,성수2가1동,4934829
2025,2,11200690,성수2가3동,5700149
2025,2,11200720,송정동,3232174
2025,2,11200790,용답동,3238863
2025,2,11215710,화양동,9059046
2025,2,11215730,군자동,6763400
2025,2,11215740,중곡1동,3678009
2025,2,11215750,중곡2동,4352732
2025,2,11215760,중곡3동,4702350
2025,2,11215770,중곡4동,6415828
2025,2,11215780,능동,2196514
2025,2,11215810,광장동,6336033
2025,2,11215820,자양1동,7862796
2025,2,11215830,자양2동,5160179
2025,2,11215840,자양3동,6641281
2025,2,11215847,자양4동,8951997
2025,2,11215850,구의1동,6832738
2025,2,11215860,구의2동,4918704
2025,2,11215870,구의3동,6153180
2025,2,11230536,용신동,14186217
2025,2,11230545,제기동,12271963
2025,2,11230560,전농1동,11439262
2025,2,11230570,전농2동,2315610
2025,2,11230600,답십리1동,7063038
2025,2,11230610,답십리2동,5505395
2025,2,11230650,장안1동,8909228
2025,2,11230660,장안2동,7487517
2025,2,11230705,청량리동,6168282
2025,2,11230710,회기동,4863701
2025,2,11230720,휘경1동,5452750
2025,2,11230730,휘경2동,4349270
2025,2,11230740,이문1동,10759091
2025,2,11230750,이문2동,3334977
2025,2,11260520,면목2동,5272377
2025,2,11260540,면목4동,4695511
2025,2,11260550,면목5동,2362540
2025,2,11260565,면목본동,9597075
2025,2,11260570,면목7동,6089438
2025,2,11260575,면목38동,6102211
2025,2,11260580,상봉1동,4300436
2025,2,11260590,상봉2동,7187804
2025,2,11260600,중화1동,4863033
2025,2,11260610,중화2동,7556109
2025,2,11260620,묵1동,6967421
2025,2,11260630,묵2동,5225602
2025,2,11260655,망우본동,11536631
2025,2,11260660,망우3동,4013078
2025,2,11260680,신내1동,4941424
2025,2,11260690,신내2동,1643296
2025,2,11290525,성북동,4319491
2025,2,11290555,삼선동,10129591
2025,2,11290575,동선동,7875073
2025,2,11290580,돈암1동,2278720
2025,2,11290590,돈암2동,2701773
2025,2,11290600,안암동,8162847
2025,2,11290610,보문동,5471016
2025,2,11290620,정릉1동,4416546
2025,2,11290630,정릉2동,5536543
2025,2,11290640,정릉3동,2715671
2025,2,11290650,정릉4동,3426695
2025,2,11290660,길음1동,6262287
2025,2,11290685,길음2동,5011473
2025,2,11290705,종암동,10970283
2025,2,11290715,월곡1동,8355616
2025,2,11290725,월곡2동,6231314
2025,2,11290760,장위1동,6491773
2025,2,11290770,장위2동,5583856
2025,2,11290780,장위3동,3687986
2025,2,11290810,석관동,10174087
2025,2,11305534,삼양동,11381264
2025,2,11305535,미아동,7715840
2025,2,11305545,송중동,11776106
2025,2,11305555,송천동,10890365
2025,2,11305575,삼각산동,3061482
2025,2,11305595,번1동,6424489
2025,2,11305603,번2동,2741048
2025,2,11305608,번3동,3196732
2025,2,11305615,수유1동,5722737
2025,2,11305625,수유2동,5222938
2025,2,11305635,수유3동,9521301
2025,2,11305645,우이동,3876885
2025,2,11305660,인수동,8123879
2025,2,11320511,창1동,3612315
2025,2,11320512,창2동,10884586
2025,2,11320513,창3동,3480572
2025,2,11320514,창4동,3660172
2025,2,11320515,창5동,3743138
2025,2,11320521,도봉1동,3740307
2025,2,11320522,도봉2동,3086468
2025,2,11320660,쌍문1동,4524590
2025,2,11320670,쌍문2동,4357620
2025,2,11320680,쌍문3동,5318727
2025,2,11320681,쌍문4동,2225827
2025,2,11320690,방학1동,6352247
2025,2,11320700,방학2동,2560484
2025,2,11320710,방학3동,3380248
2025,2,11350560,월계1동,4694730
2025,2,11350570,월계2동,3687113
2025,2,11350580,월계3동,2444004
2025,2,11350595,공릉1동,10198923
2025,2,11350600,공릉2동,8370122
2025,2,11350611,하계1동,3659164
2025,2,11350612,하계2동,2364149
2025,2,11350619,중계본동,3860993
2025,2,11350621,중계1동,3781320
2025,2,11350624,중계4동,2750946
2025,2,11350625,중계23동,4192037
2025,2,11350630,상계1동,6836278
2025,2,11350640,상계2동,10035529
2025,2,11350665,상계34동,8411477
2025,2,11350670,상계5동,5423955
2025,2,11350695,상계67동,6308524
2025,2,11350700,상계8동,977082
2025,2,11350710,상계9동,1793730
2025,2,11350720,상계10동,1837390
2025,2,11380510,녹번동,6314648
2025,2,11380520,불광1동,5363640
2025,2,11380530,불광2동,5308720
2025,2,11380551,갈현1동,5345951
2025,2,11380552,갈현2동,5702568
2025,2,11380560,구산동,5441081
2025,2,11380570,대조동,13154681
2025,2,11380580,응암1동,5132384
2025,2,11380590,응암2동,3734426
2025,2,11380600,응암3동,7780739
2025,2,11380625,역촌동,11179905
2025,2,11380631,신사1동,6005594
2025,2,11380632,신사2동,2649485
2025,2,11380640,증산동,2982436
2025,2,11380650,수색동,2520081
2025,2,11380690,진관동,6677837
2025,2,11410520,천연동,3434420
2025,2,11410555,북아현동,21125725
2025,2,11410565,충현동,10907837
2025,2,11410585,신촌동,10927017
2025,2,11410615,연희동,8833614
2025,2,11410620,홍제1동,5573389
2025,2,11410640,홍제3동,3718426
2025,2,11410655,홍제2동,2124683
2025,2,11410660,홍은1동,3607559
2025,2,11410685,홍은2동,4464639
2025,2,11410690,남가좌1동,1268787
2025,2,11410700,남가좌2동,6285178
2025,2,11410710,북가좌1동,2509186
2025,2,11410720,북가좌2동,9594320
2025,2,11440555,아현동,7999211
2025,2,11440565,공덕동,12582687
2025,2,11440585,도화동,3870390
2025,2,11440590,용강동,5605986
2025,2,11440600,대흥동,7089241
2025,2,11440610,염리동,5591352
2025,2,11440630,신수동,4938411
2025,2,11440655,서강동,6202643
2025,2,11440660,서교동,17202186
2025,2,11440680,합정동,4527896
2025,2,11440690,망원1동,6742021
2025,2,11440700,망원2동,5697801
2025,2,11440710,연남동,6440816
2025,2,11440720,성산1동,5871259
2025,2,11440730,성산2동,6551570
2025,2,11440740,상암동,5223602
2025,2,11470510,목1동,4554224
2025,2,11470520,목2동,6547481
2025,2,11470530,목3동,4759808
2025,2,11470540,목4동,5394307
2025,2,11470550,목5동,4705078
2025,2,11470560,신월1동,3861175
2025,2,11470570,신월2동,3358533
2025,2,11470580,신월3동,2643408
2025,2,11470590,신월4동,3307237
2025,2,11470600,신월5동,2673756
2025,2,11470610,신월6동,858784
2025,2,11470611,신월7동,2027944
2025,2,11470620,신정1동,3052000
2025,2,11470630,신정2동,4346884
2025,2,11470640,신정3동,7227161
2025,2,11470650,신정4동,10760305
2025,2,11470670,신정6동,1980340
2025,2,11470680,신정7동,2965584
2025,2,11500510,염창동,8254640
2025,2,11500520,등촌1동,5069501
2025,2,11500530,등촌2동,3745003
2025,2,11500535,등촌3동,6968744
2025,2,11500540,화곡1동,16521390
2025,2,11500550,화곡2동,3595535
2025,2,11500560,화곡3동,3823167
2025,2,11500570,화곡4동,4212882
2025,2,11500590,화곡본동,7881050
2025,2,11500591,화곡6동,5431622
2025,2,11500593,화곡8동,9684433
2025,2,11500603,가양1동,3045907
2025,2,11500604,가양2동,2078727
2025,2,11500605,가양3동,1713632
2025,2,11500611,발산1동,5381897
2025,2,11500615,우장산동,6449152
2025,2,11500620,공항동,5315237
2025,2,11500630,방화1동,7012914
2025,2,11500640,방화2동,4410862
2025,2,11500641,방화3동,2387024
2025,2,11530510,신도림동,6288224
2025,2,11530520,구로1동,1925212
2025,2,11530530,구로2동,8973856
2025,2,11530540,구로3동,7147659
2025,2,11530550,구로4동,7427933
2025,2,11530560,구로5동,6844347
2025,2,11530595,가리봉동,2988521
2025,2,11530720,고척1동,4767539
2025,2,11530730,고척2동,5175445
2025,2,11530740,개봉1동,7397338
2025,2,11530750,개봉2동,3678617
2025,2,11530760,개봉3동,4384281
2025,2,11530770,오류1동,4068177
2025,2,11530780,오류2동,4903249
2025,2,11530790,수궁동,1729708
2025,2,11530800,항동,940538
2025,2,11545510,가산동,4976484
2025,2,11545610,독산1동,5238448
2025,2,11545620,독산2동,3247793
2025,2,11545630,독산3동,4370892
2025,2,11545640,독산4동,3792964
2025,2,11545670,시흥1동,5394252
2025,2,11545680,시흥2동,1537101
2025,2,11545690,시흥3동,1221727
2025,2,11545700,시흥4동,2148493
2025,2,11545710,시흥5동,3277444
2025,2,11560515,영등포본동,6608929
2025,2,11560535,영등포동,10387036
2025,2,11560540,여의동,6469796
2025,2,11560550,당산1동,7159121
2025,2,11560560,당산2동,8744512
2025,2,11560585,도림동,5332644
2025,2,11560605,문래동,9109639
2025,2,11560610,양평1동,5187139
2025,2,11560620,양평2동,4820932
2025,2,11560630,신길1동,5577086
2025,2,11560650,신길3동,6285384
2025,2,11560660,신길4동,2498278
2025,2,11560670,신길5동,3055448
2025,2,11560680,신길6동,5983573
2025,2,11560690,신길7동,3800047
2025,2,11560700,대림1동,4272878
2025,2,11560710,대림2동,4728823
2025,2,11560720,대림3동,6769175
2025,2,11590510,노량진1동,6080608
2025,2,11590520,노량진2동,2875918
2025,2,11590530,상도1동,8287619
2025,2,11590540,상도2동,4712513
2025,2,11590550,상도3동,4692401
2025,2,11590560,상도4동,5387691
2025,2,11590605,흑석동,6010053
2025,2,11590620,사당1동,6514858
2025,2,11590630,사당2동,7450587
2025,2,11590640,사당3동,5280359
2025,2,11590650,사당4동,3875822
2025,2,11590651,사당5동,3301092
2025,2,11590660,대방동,7467327
2025,2,11590670,신대방1동,3684869
2025,2,11590680,신대방2동,5114295
2025,2,11620525,보라매동,3473239
2025,2,11620545,청림동,3120357
2025,2,11620565,성현동,4332598
2025,2,11620575,행운동,6852956
2025,2,11620585,낙성대동,5894748
2025,2,11620595,청룡동,10992885
2025,2,11620605,은천동,8407871
2025,2,11620615,중앙동,5255816
2025,2,11620625,인헌동,5958105
2025,2,11620630,남현동,4170493
2025,2,11620645,서원동,5248921
2025,2,11620655,신원동,5921564
2025,2,11620665,서림동,4944787
2025,2,11620685,신사동,7489086
2025,2,11620695,신림동,9950093
2025,2,11620715,난향동,1401313
2025,2,11620725,조원동,7638539
2025,2,11620735,대학동,6403501
2025,2,11620745,삼성동,6929967
2025,2,11620765,미성동,5310002
2025,2,11620775,난곡동,5769029
2025,2,11650510,서초1동,7461301
2025,2,11650520,서초2동,6764201
2025,2,11650530,서초3동,12000820
2025,2,11650531,서초4동,6326996
2025,2,11650540,잠원동,6229793
2025,2,11650550,반포본동,512954
2025,2,11650560,반포1동,6724401
2025,2,11650570,반포2동,1933635
2025,2,11650580,반포3동,3209417
2025,2,11650581,반포4동,5282692
2025,2,11650590,방배본동,4648868
2025,2,11650600,방배1동,4391779
2025,2,11650610,방배2동,4427361
2025,2,11650620,방배3동,3448453
2025,2,11650621,방배4동,6293588
2025,2,11650651,양재1동,8445174
2025,2,11650652,양재2동,5732101
2025,2,11650660,내곡동,1867751
2025,2,11680510,신사동,6532228
2025,2,11680521,논현1동,9453179
2025,2,11680531,논현2동,11839040
2025,2,11680545,압구정동,7471126
2025,2,11680565,청담동,8962430
2025,2,11680580,삼성1동,4795270
2025,2,11680590,삼성2동,8795704
2025,2,11680600,대치1동,4247687
2025,2,11680610,대치2동,6380736
2025,2,11680630,대치4동,10110351
2025,2,11680640,역삼1동,20011130
2025,2,11680650,역삼2동,12024460
2025,2,11680655,도곡1동,8379978
2025,2,11680656,도곡2동,4021339
2025,2,11680660,개포1동,2168984
2025,2,11680670,개포2동,2184982
2025,2,11680690,개포4동,3438057
2025,2,11680700,세곡동,3489172
2025,2,11680720,일원본동,2271954
2025,2,11680730,일원1동,2387539
2025,2,11680740,일원2동,1356016
2025,2,11680750,수서동,2283962
2025,2,11710510,풍납1동,4369741
2025,2,11710520,풍납2동,4894432
2025,2,11710531,거여1동,3455708
2025,2,11710532,거여2동,3626251
2025,2,11710540,마천1동,2733111
2025,2,11710550,마천2동,4756358
2025,2,11710561,방이1동,3595046
2025,2,11710562,방이2동,6255859
2025,2,11710566,오륜동,755272
2025,2,11710570,오금동,9349558
2025,2,11710580,송파1동,5726140
2025,2,11710590,송파2동,2813304
2025,2,11710600,석촌동,6669824
2025,2,11710610,삼전동,6241600
2025,2,11710620,가락본동,8577197
2025,2,11710631,가락1동,781031
2025,2,11710632,가락2동,5854544
2025,2,11710641,문정1동,4262065
2025,2,11710642,문정2동,2761782
2025,2,11710646,장지동,7389133
2025,2,11710647,위례동,3205216
2025,2,11710650,잠실본동,7796721
2025,2,11710670,잠실2동,2211104
2025,2,11710680,잠실3동,3604843
2025,2,11710690,잠실4동,2194840
2025,2,11710710,잠실6동,2333467
2025,2,11710720,잠실7동,702046
2025,2,11740515,강일동,3505372
2025,2,11740520,상일동,3417677
2025,2,11740530,명일1동,4583303
2025,2,11740540,명일2동,2217381
2025,2,11740550,고덕1동,3648757
2025,2,11740560,고덕2동,2054784
2025,2,11740570,암사1동,8652934
2025,2,11740580,암사2동,2278522
2025,2,11740590,암사3동,1543807
2025,2,11740600,천호1동,10425401
2025,2,11740610,천호2동,10723675
2025,2,11740620,천호3동,7468447
2025,2,11740640,성내1동,5569252
2025,2,11740650,성내2동,8217747
2025,2,11740660,성내3동,6661360
2025,2,11740685,길동,18157612
2025,2,11740690,둔촌1동,28752
2025,2,11740700,둔촌2동,6769971
2025,3,11110515,청운효자동,3274798
2025,3,11110530,사직동,3904600
2025,3,11110540,삼청동,936140
2025,3,11110550,부암동,814204
2025,3,11110560,평창동,932114
2025,3,11110570,무악동,1974280
2025,3,11110580,교남동,3995664
2025,3,11110600,가회동,1175173
2025,3,11110615,종로1234가동,13813280
2025,3,11110630,종로56가동,5186670
2025,3,11110640,이화동,4694830
2025,3,11110650,혜화동,8332584
2025,3,11110670,창신1동,2841547
2025,3,11110680,창신2동,4474470
2025,3,11110690,창신3동,840194
2025,3,11110700,숭인1동,2211402
2025,3,11110710,숭인2동,5096664
2025,3,11140520,소공동,2650504
2025,3,11140540,회현동,4307622
2025,3,11140550,명동,5712576
2025,3,11140570,필동,2537265
2025,3,11140580,장충동,1994239
2025,3,11140590,광희동,6685028
2025,3,11140605,을지로동,4906918
2025,3,11140615,신당동,5211498
2025,3,11140625,다산동,4070228
2025,3,11140635,약수동,1966538
2025,3,11140645,청구동,2673802
2025,3,11140650,신당5동,3244555
2025,3,11140665,동화동,3529605
2025,3,11140670,황학동,5612706
2025,3,11140680,중림동,2045404
2025,3,11170510,후암동,3906574
2025,3,11170520,용산2가동,4668908
2025,3,11170530,남영동,2070145
2025,3,11170555,청파동,7178793
2025,3,11170560,원효로1동,4921052
2025,3,11170570,원효로2동,3655614
2025,3,11170580,효창동,3692963
2025,3,11170590,용문동,2279673
2025,3,11170625,한강로동,5890768
2025,3,11170630,이촌1동,4444366
2025,3,11170640,이촌2동,1480734
2025,3,11170650,이태원1동,2480004
2025,3,11170660,이태원2동,2873280
2025,3,11170685,한남동,4308963
2025,3,11170690,서빙고동,1705732
2025,3,11170700,보광동,2373289
2025,3,11200520,왕십리2동,4598694
2025,3,11200535,왕십리도선동,5463437
2025,3,11200540,마장동,4914374
2025,3,11200550,사근동,4259258
2025,3,11200560,행당1동,5910746
2025,3,11200570,행당2동,4447454
2025,3,11200580,응봉동,2701479
2025,3,11200590,금호1가동,3116849
2025,3,11200615,금호23가동,5496786
2025,3,11200620,금호4가동,2533037
2025,3,11200645,옥수동,2833808
2025,3,11200650,성수1가1동,3079021
2025,3,11200660,성수1가2동,5517355
2025,3,11200670,성수2가1동,4888288
2025,3,11200690,성수2가3동,5852391
2025,3,11200720,송정동,3198294
2025,3,11200790,용답동,2968374
2025,3,11215710,화양동,8724209
2025,3,11215730,군자동,6473678
2025,3,11215740,중곡1동,3588377
2025,3,11215750,중곡2동,4550884
2025,3,11215760,중곡3동,4455390
2025,3,11215770,중곡4동,6338023
2025,3,11215780,능동,2027360
2025,3,11215810,광장동,6187082
2025,3,11215820,자양1동,7524673
2025,3,11215830,자양2동,5145529
2025,3,11215840,자양3동,6440637
2025,3,11215847,자양4동,8506534
2025,3,11215850,구의1동,6742288
2025,3,11215860,구의2동,4931695
2025,3,11215870,구의3동,6410788
2025,3,11230536,용신동,13912687
2025,3,11230545,제기동,11686991
2025,3,11230560,전농1동,10765099
2025,3,11230570,전농2동,2252252
2025,3,11230600,답십리1동,6803473
2025,3,11230610,답십리2동,5822235
2025,3,11230650,장안1동,8812915
2025,3,11230660,장안2동,7626376
2025,3,11230705,청량리동,6077809
2025,3,11230710,회기동,4146732
2025,3,11230720,휘경1동,6030394
2025,3,11230730,휘경2동,4231999
2025,3,11230740,이문1동,9909044
2025,3,11230750,이문2동,3197431
2025,3,11260520,면목2동,5351414
2025,3,11260540,면목4동,4726699
2025,3,11260550,면목5동,2326028
2025,3,11260565,면목본동,9817307
2025,3,11260570,면목7동,6057792
2025,3,11260575,면목38동,6174122
2025,3,11260580,상봉1동,4764936
2025,3,11260590,상봉2동,6971886
2025,3,11260600,중화1동,4679419
2025,3,11260610,중화2동,7791929
2025,3,11260620,묵1동,6971518
2025,3,11260630,묵2동,5008571
2025,3,11260655,망우본동,11159345
2025,3,11260660,망우3동,3927142
2025,3,11260680,신내1동,4970366
2025,3,11260690,신내2동,1748536
2025,3,11290525,성북동,4114766
2025,3,11290555,삼선동,10204260
2025,3,11290575,동선동,7485579
2025,3,11290580,돈암1동,2217732
2025,3,11290590,돈암2동,2805193
2025,3,11290600,안암동,7457637
2025,3,11290610,보문동,5037344
2025,3,11290620,정릉1동,4378461
2025,3,11290630,정릉2동,5562389
2025,3,11290640,정릉3동,2597406
2025,3,11290650,정릉4동,3132996
2025,3,11290660,길음1동,6156653
2025,3,11290685,길음2동,4881851
2025,3,11290705,종암동,10879682
2025,3,11290715,월곡1동,8029834
2025,3,11290725,월곡2동,6255479
2025,3,11290760,장위1동,6350144
2025,3,11290770,장위2동,6048296
2025,3,11290780,장위3동,4000943
2025,3,11290810,석관동,10002674
2025,3,11305534,삼양동,10865484
2025,3,11305535,미아동,7696091
2025,3,11305545,송중동,11508882
2025,3,11305555,송천동,10161334
2025,3,11305575,삼각산동,2871529
2025,3,11305595,번1동,6598159
2025,3,11305603,번2동,2691903
2025,3,11305608,번3동,3043622
2025,3,11305615,수유1동,5777265
2025,3,11305625,수유2동,5091036
2025,3,11305635,수유3동,9309172
2025,3,11305645,우이동,3769261
2025,3,11305660,인수동,7957410
2025,3,11320511,창1동,3461569
2025,3,11320512,창2동,10383795
2025,3,11320513,창3동,3520444
2025,3,11320514,창4동,3504270
2025,3,11320515,창5동,3786705
2025,3,11320521,도봉1동,3636265
2025,3,11320522,도봉2동,3043150
2025,3,11320660,쌍문1동,4582214
2025,3,11320670,쌍문2동,4296230
2025,3,11320680,쌍문3동,5366654
2025,3,11320681,쌍문4동,2495297
2025,3,11320690,방학1동,6456625
2025,3,11320700,방학2동,2690533
2025,3,11320710,방학3동,3146058
2025,3,11350560,월계1동,4504796
2025,3,11350570,월계2동,3666434
2025,3,11350580,월계3동,2351729
2025,3,11350595,공릉1동,10101742
2025,3,11350600,공릉2동,8165486
2025,3,11350611,하계1동,3573109
2025,3,11350612,하계2동,2472693
2025,3,11350619,중계본동,3816380
2025,3,11350621,중계1동,3748601
2025,3,11350624,중계4동,2841905
2025,3,11350625,중계23동,4417808
2025,3,11350630,상계1동,6698194
2025,3,11350640,상계2동,10000093
2025,3,11350665,상계34동,8200705
2025,3,11350670,상계5동,5397199
2025,3,11350695,상계67동,6244177
2025,3,11350700,상계8동,1003660
2025,3,11350710,상계9동,1739696
2025,3,11350720,상계10동,1912468
2025,3,11380510,녹번동,6404838
2025,3,11380520,불광1동,5345478
2025,3,11380530,불광2동,5257874
2025,3,11380551,갈현1동,5242205
2025,3,11380552,갈현2동,5745221
2025,3,11380560,구산동,5379444
2025,3,11380570,대조동,12550609
2025,3,11380580,응암1동,5150408
2025,3,11380590,응암2동,3764228
2025,3,11380600,응암3동,7547967
2025,3,11380625,역촌동,11281016
2025,3,11380631,신사1동,5909243
2025,3,11380632,신사2동,2643646
2025,3,11380640,증산동,2920051
2025,3,11380650,수색동,2441888
2025,3,11380690,진관동,6752114
2025,3,11410520,천연동,3250105
2025,3,11410555,북아현동,22328990
2025,3,11410565,충현동,11135942
2025,3,11410585,신촌동,10227328
2025,3,11410615,연희동,8695357
2025,3,11410620,홍제1동,5368989
2025,3,11410640,홍제3동,3609155
2025,3,11410655,홍제2동,2336838
2025,3,11410660,홍은1동,3870494
2025,3,11410685,홍은2동,4450700
2025,3,11410690,남가좌1동,1318629
2025,3,11410700,남가좌2동,5931753
2025,3,11410710,북가좌1동,2569931
2025,3,11410720,북가좌2동,9419773
2025,3,11440555,아현동,7686071
2025,3,11440565,공덕동,12192896
2025,3,11440585,도화동,3908046
2025,3,11440590,용강동,5714271
2025,3,11440600,대흥동,7037790
2025,3,11440610,염리동,5747906
2025,3,11440630,신수동,4825816
2025,3,11440655,서강동,6153635
2025,3,11440660,서교동,17334585
2025,3,11440680,합정동,4484725
2025,3,11440690,망원1동,6696623
2025,3,11440700,망원2동,5588947
2025,3,11440710,연남동,6346996
2025,3,11440720,성산1동,5959723
2025,3,11440730,성산2동,6388091
2025,3,11440740,상암동,5380944
2025,3,11470510,목1동,4584331
2025,3,11470520,목2동,6463142
2025,3,11470530,목3동,4937827
2025,3,11470540,목4동,5479844
2025,3,11470550,목5동,4780698
2025,3,11470560,신월1동,3869878
2025,3,11470570,신월2동,3476219
2025,3,11470580,신월3동,2644888
2025,3,11470590,신월4동,3274435
2025,3,11470600,신월5동,2705193
2025,3,11470610,신월6동,827832
2025,3,11470611,신월7동,2005525
2025,3,11470620,신정1동,3113363
2025,3,11470630,신정2동,4421396
2025,3,11470640,신정3동,7225369
2025,3,11470650,신정4동,10637526
2025,3,11470670,신정6동,1972479
2025,3,11470680,신정7동,2919926
2025,3,11500510,염창동,8160827
2025,3,11500520,등촌1동,4454462
2025,3,11500530,등촌2동,3894385
2025,3,11500535,등촌3동,6951747
2025,3,11500540,화곡1동,16469502
2025,3,11500550,화곡2동,3786468
2025,3,11500560,화곡3동,3495630
2025,3,11500570,화곡4동,3855517
2025,3,11500590,화곡본동,8214328
2025,3,11500591,화곡6동,5220479
2025,3,11500593,화곡8동,9879214
2025,3,11500603,가양1동,3140169
2025,3,11500604,가양2동,1911901
2025,3,11500605,가양3동,1497068
2025,3,11500611,발산1동,5485939
2025,3,11500615,우장산동,7200082
2025,3,11500620,공항동,5412543
2025,3,11500630,방화1동,7236902
2025,3,11500640,방화2동,3926083
2025,3,11500641,방화3동,2377548
2025,3,11530510,신도림동,6482714
2025,3,11530520,구로1동,1912035
2025,3,11530530,구로2동,8823115
2025,3,11530540,구로3동,7335700
2025,3,11530550,구로4동,7382627
2025,3,11530560,구로5동,6782552
2025,3,11530595,가리봉동,3061308
2025,3,11530720,고척1동,4618066
2025,3,11530730,고척2동,5132492
2025,3,11530740,개봉1동,7428185
2025,3,11530750,개봉2동,3655060
2025,3,11530760,개봉3동,4520278
2025,3,11530770,오류1동,4204366
2025,3,11530780,오류2동,4858100
2025,3,11530790,수궁동,1662721
2025,3,11530800,항동,952480
2025,3,11545510,가산동,5021514
2025,3,11545610,독산1동,5150224
2025,3,11545620,독산2동,3124018
2025,3,11545630,독산3동,4658919
2025,3,11545640,독산4동,3767043
2025,3,11545670,시흥1동,5236760
2025,3,11545680,시흥2동,1417429
2025,3,11545690,시흥3동,1286567
2025,3,11545700,시흥4동,2096861
2025,3,11545710,시흥5동,3354825
2025,3,11560515,영등포본동,6486570
2025,3,11560535,영등포동,10726612
2025,3,11560540,여의동,6602277
2025,3,11560550,당산1동,7187765
2025,3,11560560,당산2동,8836363
2025,3,11560585,도림동,5405206
2025,3,11560605,문래동,9426403
2025,3,11560610,양평1동,4966688
2025,3,11560620,양평2동,4830869
2025,3,11560630,신길1동,5547237
2025,3,11560650,신길3동,6230816
2025,3,11560660,신길4동,2503634
2025,3,11560670,신길5동,2915361
2025,3,11560680,신길6동,5973799
2025,3,11560690,신길7동,3662659
2025,3,11560700,대림1동,4155361
2025,3,11560710,대림2동,4616194
2025,3,11560720,대림3동,6627927
2025,3,11590510,노량진1동,6079001
2025,3,11590520,노량진2동,2807850
2025,3,11590530,상도1동,7858301
2025,3,11590540,상도2동,4830381
2025,3,11590550,상도3동,4641678
2025,3,11590560,상도4동,5420016
2025,3,11590605,흑석동,5578171
2025,3,11590620,사당1동,6423468
2025,3,11590630,사당2동,7340358
2025,3,11590640,사당3동,5303378
2025,3,11590650,사당4동,3902655
2025,3,11590651,사당5동,3281095
2025,3,11590660,대방동,7363230
2025,3,11590670,신대방1동,3659771
2025,3,11590680,신대방2동,5171957
2025,3,11620525,보라매동,3455004
2025,3,11620545,청림동,2964442
2025,3,11620565,성현동,4627906
2025,3,11620575,행운동,6894554
2025,3,11620585,낙성대동,5832003
2025,3,11620595,청룡동,10872281
2025,3,11620605,은천동,8464236
2025,3,11620615,중앙동,5124150
2025,3,11620625,인헌동,5897444
2025,3,11620630,남현동,4133633
2025,3,11620645,서원동,5254418
2025,3,11620655,신원동,5957732
2025,3,11620665,서림동,4925507
2025,3,11620685,신사동,7263303
2025,3,11620695,신림동,9702845
2025,3,11620715,난향동,1380825
2025,3,11620725,조원동,7930493
2025,3,11620735,대학동,6344568
2025,3,11620745,삼성동,6866480
2025,3,11620765,미성동,5216546
2025,3,11620775,난곡동,5557997
2025,3,11650510,서초1동,7737320
2025,3,11650520,서초2동,7092897
2025,3,11650530,서초3동,12272542
2025,3,11650531,서초4동,6597918
2025,3,11650540,잠원동,6977070
2025,3,11650550,반포본동,515061
2025,3,11650560,반포1동,6697039
2025,3,11650570,반포2동,1939613
2025,3,11650580,반포3동,3302145
2025,3,11650581,반포4동,5279474
2025,3,11650590,방배본동,4759818
2025,3,11650600,방배1동,4397988
2025,3,11650610,방배2동,4440915
2025,3,11650620,방배3동,3438475
2025,3,11650621,방배4동,6246541
2025,3,11650651,양재1동,8747732
2025,3,11650652,양재2동,5698690
2025,3,11650660,내곡동,1843178
2025,3,11680510,신사동,6653298
2025,3,11680521,논현1동,9474796
2025,3,11680531,논현2동,11920183
2025,3,11680545,압구정동,7593147
2025,3,11680565,청담동,9185850
2025,3,11680580,삼성1동,4991598
2025,3,11680590,삼성2동,8923470
2025,3,11680600,대치1동,4501935
2025,3,11680610,대치2동,6783054
2025,3,11680630,대치4동,10740014
2025,3,11680640,역삼1동,20900630
2025,3,11680650,역삼2동,12482409
2025,3,11680655,도곡1동,8695467
2025,3,11680656,도곡2동,4089946
2025,3,11680660,개포1동,2143956
2025,3,11680670,개포2동,2144568
2025,3,11680690,개포4동,3410027
2025,3,11680700,세곡동,3382325
2025,3,11680720,일원본동,2422166
2025,3,11680730,일원1동,2493544
2025,3,11680740,일원2동,1360721
2025,3,11680750,수서동,2232614
2025,3,11710510,풍납1동,4343516
2025,3,11710520,풍납2동,5130542
2025,3,11710531,거여1동,3418112
2025,3,11710532,거여2동,3649798
2025,3,11710540,마천1동,2651578
2025,3,11710550,마천2동,4745569
2025,3,11710561,방이1동,3288095
2025,3,11710562,방이2동,6231598
2025,3,11710566,오륜동,740151
2025,3,11710570,오금동,9692539
2025,3,11710580,송파1동,5637207
2025,3,11710590,송파2동,2908636
2025,3,11710600,석촌동,6641013
2025,3,11710610,삼전동,6228098
2025,3,11710620,가락본동,8767193
2025,3,11710631,가락1동,751209
2025,3,11710632,가락2동,5751748
2025,3,11710641,문정1동,4305386
2025,3,11710642,문정2동,2893688
2025,3,11710646,장지동,7646751
2025,3,11710647,위례동,3340138
2025,3,11710650,잠실본동,8130053
2025,3,11710670,잠실2동,2245535
2025,3,11710680,잠실3동,3597594
2025,3,11710690,잠실4동,2116808
2025,3,11710710,잠실6동,2368425
2025,3,11710720,잠실7동,703375
2025,3,11740515,강일동,3514014
2025,3,11740520,상일동,3432533
2025,3,11740530,명일1동,4605872
2025,3,11740540,명일2동,2187076
2025,3,11740550,고덕1동,3548896
2025,3,11740560,고덕2동,2166822
2025,3,11740570,암사1동,8363335
2025,3,11740580,암사2동,2273718
2025,3,11740590,암사3동,1651297
2025,3,11740600,천호1동,10199559
2025,3,11740610,천호2동,10909991
2025,3,11740620,천호3동,7537537
2025,3,11740640,성내1동,5482732
2025,3,11740650,성내2동,8182706
2025,3,11740660,성내3동,6680704
2025,3,11740685,길동,18306303
2025,3,11740690,둔촌1동,30002
2025,3,11740700,둔촌2동,6677641
