연도,분기,행정동_코드,행정동_코드_명,총_상주인구_수
2020,1,11110515,청운효자동,12817
2020,1,11110530,사직동,9386
2020,1,11110540,삼청동,2717
2020,1,11110550,부암동,9987
2020,1,11110560,평창동,18604
2020,1,11110570,무악동,8074
2020,1,11110580,교남동,10621
2020,1,11110600,가회동,4391
2020,1,11110615,종로1?2?3?4가동,7262
2020,1,11110630,종로5?6가동,5211
2020,1,11110640,이화동,7912
2020,1,11110650,혜화동,16833
2020,1,11110670,창신1동,5230
2020,1,11110680,창신2동,8561
2020,1,11110690,창신3동,7127
2020,1,11110700,숭인1동,6180
2020,1,11110710,숭인2동,9457
2020,1,11140520,소공동,2054
2020,1,11140540,회현동,5401
2020,1,11140550,명동,2675
2020,1,11140570,필동,4062
2020,1,11140580,장충동,4645
2020,1,11140590,광희동,4884
2020,1,11140605,을지로동,1770
2020,1,11140615,신당동,7514
2020,1,11140625,다산동,14280
2020,1,11140635,약수동,17520
2020,1,11140645,청구동,14315
2020,1,11140650,신당5동,9242
2020,1,11140665,동화동,10843
2020,1,11140670,황학동,12541
2020,1,11140680,중림동,12684
2020,1,11170510,후암동,17971
2020,1,11170520,용산2가동,10366
2020,1,11170530,남영동,7846
2020,1,11170555,청파동,19763
2020,1,11170560,원효로1동,15876
2020,1,11170570,원효로2동,14479
2020,1,11170580,효창동,9013
2020,1,11170590,용문동,12234
2020,1,11170625,한강로동,18270
2020,1,11170630,이촌1동,26203
2020,1,11170640,이촌2동,8918
2020,1,11170650,이태원1동,6879
2020,1,11170660,이태원2동,9285
2020,1,11170685,한남동,20545
2020,1,11170690,서빙고동,14396
2020,1,11170700,보광동,14393
2020,1,11200520,왕십리2동,17366
2020,1,11200535,왕십리도선동,27197
2020,1,11200540,마장동,23348
2020,1,11200550,사근동,11680
2020,1,11200560,행당1동,16063
2020,1,11200570,행당2동,24582
2020,1,11200580,응봉동,16162
2020,1,11200590,금호1가동,15816
2020,1,11200615,금호2?3가동,24052
2020,1,11200620,금호4가동,14812
2020,1,11200645,옥수동,27174
2020,1,11200650,성수1가1동,16849
2020,1,11200660,성수1가2동,14194
2020,1,11200670,성수2가1동,17138
2020,1,11200690,성수2가3동,11349
2020,1,11200720,송정동,10955
2020,1,11200790,용답동,12297
2020,1,11215710,화양동,21879
2020,1,11215730,군자동,19728
2020,1,11215740,중곡1동,16503
2020,1,11215750,중곡2동,22009
2020,1,11215760,중곡3동,17079
2020,1,11215770,중곡4동,29801
2020,1,11215780,능동,11440
2020,1,11215810,광장동,35891
2020,1,11215820,자양1동,22927
2020,1,11215830,자양2동,26501
2020,1,11215840,자양3동,29199
2020,1,11215847,자양4동,18510
2020,1,11215850,구의1동,22191
2020,1,11215860,구의2동,27488
2020,1,11215870,구의3동,29770
2020,1,11230536,용신동,30305
2020,1,11230545,제기동,24854
2020,1,11230560,전농1동,30410
2020,1,11230570,전농2동,19572
2020,1,11230600,답십리1동,29395
2020,1,11230610,답십리2동,29929
2020,1,11230650,장안1동,38254
2020,1,11230660,장안2동,31159
2020,1,11230705,청량리동,21395
2020,1,11230710,회기동,10023
2020,1,11230720,휘경1동,12359
2020,1,11230730,휘경2동,24341
2020,1,11230740,이문1동,18947
2020,1,11230750,이문2동,20641
2020,1,11260520,면목2동,25638
2020,1,11260540,면목4동,19810
2020,1,11260550,면목5동,9571
2020,1,11260565,면목본동,35487
2020,1,11260570,면목7동,21358
2020,1,11260575,면목3?8동,26316
2020,1,11260580,상봉1동,25085
2020,1,11260590,상봉2동,19068
2020,1,11260600,중화1동,20687
2020,1,11260610,중화2동,26937
2020,1,11260620,묵1동,35850
2020,1,11260630,묵2동,19656
2020,1,11260655,망우본동,30726
2020,1,11260660,망우3동,17496
2020,1,11260680,신내1동,40663
2020,1,11260690,신내2동,21885
2020,1,11290525,성북동,16949
2020,1,11290555,삼선동,25380
2020,1,11290575,동선동,15400
2020,1,11290580,돈암1동,16140
2020,1,11290590,돈암2동,24943
2020,1,11290600,안암동,6285
2020,1,11290610,보문동,15008
2020,1,11290620,정릉1동,17650
2020,1,11290630,정릉2동,23575
2020,1,11290640,정릉3동,15642
2020,1,11290650,정릉4동,26266
2020,1,11290660,길음1동,36745
2020,1,11290685,길음2동,16356
2020,1,11290705,종암동,40147
2020,1,11290715,월곡1동,27401
2020,1,11290725,월곡2동,19758
2020,1,11290760,장위1동,20377
2020,1,11290770,장위2동,13716
2020,1,11290780,장위3동,11284
2020,1,11290810,석관동,32696
2020,1,11305534,삼양동,25278
2020,1,11305535,미아동,22316
2020,1,11305545,송중동,30218
2020,1,11305555,송천동,28173
2020,1,11305575,삼각산동,32809
2020,1,11305595,번1동,19255
2020,1,11305603,번2동,17027
2020,1,11305608,번3동,18250
2020,1,11305615,수유1동,21750
2020,1,11305625,수유2동,21833
2020,1,11305635,수유3동,23692
2020,1,11305645,우이동,21215
2020,1,11305660,인수동,32319
2020,1,11320511,창1동,26171
2020,1,11320512,창2동,30281
2020,1,11320513,창3동,14697
2020,1,11320514,창4동,27812
2020,1,11320515,창5동,25409
2020,1,11320521,도봉1동,22070
2020,1,11320522,도봉2동,26045
2020,1,11320660,쌍문1동,22086
2020,1,11320670,쌍문2동,19893
2020,1,11320680,쌍문3동,17046
2020,1,11320681,쌍문4동,19772
2020,1,11320690,방학1동,29724
2020,1,11320700,방학2동,20934
2020,1,11320710,방학3동,28734
2020,1,11350560,월계1동,23265
2020,1,11350570,월계2동,25870
2020,1,11350580,월계3동,31470
2020,1,11350595,공릉1동,38477
2020,1,11350600,공릉2동,40537
2020,1,11350611,하계1동,28814
2020,1,11350612,하계2동,23330
2020,1,11350619,중계본동,25872
2020,1,11350621,중계1동,28076
2020,1,11350624,중계4동,21290
2020,1,11350625,중계2?3동,36720
2020,1,11350630,상계1동,41981
2020,1,11350640,상계2동,21065
2020,1,11350665,상계3?4동,25739
2020,1,11350670,상계5동,25458
2020,1,11350695,상계6?7동,34538
2020,1,11350700,상계8동,24382
2020,1,11350710,상계9동,21896
2020,1,11350720,상계10동,16569
2020,1,11380510,녹번동,37920
2020,1,11380520,불광1동,40763
2020,1,11380530,불광2동,29233
2020,1,11380551,갈현1동,24094
2020,1,11380552,갈현2동,29823
2020,1,11380560,구산동,33593
2020,1,11380570,대조동,27641
2020,1,11380580,응암1동,25343
2020,1,11380590,응암2동,20455
2020,1,11380600,응암3동,25630
2020,1,11380625,역촌동,48158
2020,1,11380631,신사1동,28262
2020,1,11380632,신사2동,21785
2020,1,11380640,증산동,15883
2020,1,11380650,수색동,8907
2020,1,11380690,진관동,58081
2020,1,11410520,천연동,18370
2020,1,11410555,북아현동,16782
2020,1,11410565,충현동,17971
2020,1,11410585,신촌동,18598
2020,1,11410615,연희동,37904
2020,1,11410620,홍제1동,24733
2020,1,11410640,홍제3동,16312
2020,1,11410655,홍제2동,14445
2020,1,11410660,홍은1동,22218
2020,1,11410685,홍은2동,27390
2020,1,11410690,남가좌1동,16590
2020,1,11410700,남가좌2동,24921
2020,1,11410710,북가좌1동,18893
2020,1,11410720,북가좌2동,33505
2020,1,11440555,아현동,24016
2020,1,11440565,공덕동,33743
2020,1,11440585,도화동,18617
2020,1,11440590,용강동,19120
2020,1,11440600,대흥동,8723
2020,1,11440610,염리동,13934
2020,1,11440630,신수동,15759
2020,1,11440655,서강동,19552
2020,1,11440660,서교동,18835
2020,1,11440680,합정동,18713
2020,1,11440690,망원1동,16504
2020,1,11440700,망원2동,14468
2020,1,11440710,연남동,12595
2020,1,11440720,성산1동,15504
2020,1,11440730,성산2동,34494
2020,1,11440740,상암동,27885
2020,1,11470510,목1동,31902
2020,1,11470520,목2동,31151
2020,1,11470530,목3동,22890
2020,1,11470540,목4동,26744
2020,1,11470550,목5동,42852
2020,1,11470560,신월1동,21503
2020,1,11470570,신월2동,21994
2020,1,11470580,신월3동,16501
2020,1,11470590,신월4동,18960
2020,1,11470600,신월5동,15161
2020,1,11470610,신월6동,6589
2020,1,11470611,신월7동,21520
2020,1,11470620,신정1동,21434
2020,1,11470630,신정2동,20527
2020,1,11470640,신정3동,47701
2020,1,11470650,신정4동,34753
2020,1,11470670,신정6동,25265
2020,1,11470680,신정7동,30648
2020,1,11500510,염창동,41942
2020,1,11500520,등촌1동,23367
2020,1,11500530,등촌2동,21752
2020,1,11500535,등촌3동,32405
2020,1,11500540,화곡1동,53448
2020,1,11500550,화곡2동,19245
2020,1,11500560,화곡3동,22464
2020,1,11500570,화곡4동,21655
2020,1,11500590,화곡본동,35178
2020,1,11500591,화곡6동,24665
2020,1,11500593,화곡8동,26248
2020,1,11500603,가양1동,33866
2020,1,11500604,가양2동,15079
2020,1,11500605,가양3동,16093
2020,1,11500611,발산1동,38619
2020,1,11500615,우장산동,44611
2020,1,11500620,공항동,27496
2020,1,11500630,방화1동,45180
2020,1,11500640,방화2동,23794
2020,1,11500641,방화3동,24360
2020,1,11530510,신도림동,36922
2020,1,11530520,구로1동,21153
2020,1,11530530,구로2동,25396
2020,1,11530540,구로3동,24265
2020,1,11530550,구로4동,21308
2020,1,11530560,구로5동,30050
2020,1,11530595,가리봉동,9380
2020,1,11530720,고척1동,23691
2020,1,11530730,고척2동,28370
2020,1,11530740,개봉1동,32896
2020,1,11530750,개봉2동,32637
2020,1,11530760,개봉3동,21435
2020,1,11530770,오류1동,22588
2020,1,11530780,오류2동,39743
2020,1,11530790,수궁동,24575
2020,1,11530800,항동,2748
2020,1,11545510,가산동,20985
2020,1,11545610,독산1동,41180
2020,1,11545620,독산2동,19428
2020,1,11545630,독산3동,25155
2020,1,11545640,독산4동,16029
2020,1,11545670,시흥1동,34375
2020,1,11545680,시흥2동,22225
2020,1,11545690,시흥3동,11339
2020,1,11545700,시흥4동,21338
2020,1,11545710,시흥5동,20526
2020,1,11560515,영등포본동,21940
2020,1,11560535,영등포동,26214
2020,1,11560540,여의동,34250
2020,1,11560550,당산1동,20821
2020,1,11560560,당산2동,35448
2020,1,11560585,도림동,18924
2020,1,11560605,문래동,31722
2020,1,11560610,양평1동,17944
2020,1,11560620,양평2동,21886
2020,1,11560630,신길1동,17419
2020,1,11560650,신길3동,15733
2020,1,11560660,신길4동,8930
2020,1,11560670,신길5동,9143
2020,1,11560680,신길6동,18126
2020,1,11560690,신길7동,16810
2020,1,11560700,대림1동,12879
2020,1,11560710,대림2동,12647
2020,1,11560720,대림3동,22984
2020,1,11590510,노량진1동,32334
2020,1,11590520,노량진2동,13036
2020,1,11590530,상도1동,45129
2020,1,11590540,상도2동,28618
2020,1,11590550,상도3동,25619
2020,1,11590560,상도4동,29467
2020,1,11590605,흑석동,32949
2020,1,11590620,사당1동,23335
2020,1,11590630,사당2동,28212
2020,1,11590640,사당3동,25822
2020,1,11590650,사당4동,14658
2020,1,11590651,사당5동,12800
2020,1,11590660,대방동,39773
2020,1,11590670,신대방1동,23913
2020,1,11590680,신대방2동,21153
2020,1,11620525,보라매동,23821
2020,1,11620545,청림동,16123
2020,1,11620565,성현동,37738
2020,1,11620575,행운동,29241
2020,1,11620585,낙성대동,15845
2020,1,11620595,청룡동,29014
2020,1,11620605,은천동,34362
2020,1,11620615,중앙동,15159
2020,1,11620625,인헌동,26218
2020,1,11620630,남현동,18791
2020,1,11620645,서원동,22717
2020,1,11620655,신원동,18283
2020,1,11620665,서림동,25430
2020,1,11620685,신사동,22805
2020,1,11620695,신림동,21621
2020,1,11620715,난향동,16264
2020,1,11620725,조원동,17381
2020,1,11620735,대학동,24097
2020,1,11620745,삼성동,25120
2020,1,11620765,미성동,31961
2020,1,11620775,난곡동,28076
2020,1,11650510,서초1동,21364
2020,1,11650520,서초2동,18390
2020,1,11650530,서초3동,30335
2020,1,11650531,서초4동,31104
2020,1,11650540,잠원동,33603
2020,1,11650550,반포본동,12084
2020,1,11650560,반포1동,30491
2020,1,11650570,반포2동,16177
2020,1,11650580,반포3동,18406
2020,1,11650581,반포4동,19576
2020,1,11650590,방배본동,21317
2020,1,11650600,방배1동,17339
2020,1,11650610,방배2동,20781
2020,1,11650620,방배3동,22141
2020,1,11650621,방배4동,23764
2020,1,11650651,양재1동,45153
2020,1,11650652,양재2동,22891
2020,1,11650660,내곡동,18146
2020,1,11680510,신사동,17320
2020,1,11680521,논현1동,23122
2020,1,11680531,논현2동,21554
2020,1,11680545,압구정동,27528
2020,1,11680565,청담동,29706
2020,1,11680580,삼성1동,14671
2020,1,11680590,삼성2동,30227
2020,1,11680600,대치1동,25282
2020,1,11680610,대치2동,38520
2020,1,11680630,대치4동,20602
2020,1,11680640,역삼1동,36033
2020,1,11680650,역삼2동,36341
2020,1,11680655,도곡1동,21755
2020,1,11680656,도곡2동,34327
2020,1,11680660,개포1동,6921
2020,1,11680670,개포2동,21595
2020,1,11680690,개포4동,18123
2020,1,11680700,세곡동,44930
2020,1,11680720,일원본동,24381
2020,1,11680730,일원1동,16264
2020,1,11680740,일원2동,18064
2020,1,11680750,수서동,15915
2020,1,11710510,풍납1동,14711
2020,1,11710520,풍납2동,24414
2020,1,11710531,거여1동,13193
2020,1,11710532,거여2동,16804
2020,1,11710540,마천1동,20581
2020,1,11710550,마천2동,20030
2020,1,11710561,방이1동,16384
2020,1,11710562,방이2동,25553
2020,1,11710566,오륜동,18915
2020,1,11710570,오금동,40806
2020,1,11710580,송파1동,25549
2020,1,11710590,송파2동,20644
2020,1,11710600,석촌동,33503
2020,1,11710610,삼전동,32314
2020,1,11710620,가락본동,27536
2020,1,11710631,가락1동,27396
2020,1,11710632,가락2동,33685
2020,1,11710641,문정1동,20832
2020,1,11710642,문정2동,30399
2020,1,11710646,장지동,32810
2020,1,11710647,위례동,28329
2020,1,11710650,잠실본동,28956
2020,1,11710670,잠실2동,36652
2020,1,11710680,잠실3동,35888
2020,1,11710690,잠실4동,22193
2020,1,11710710,잠실6동,17264
2020,1,11710720,잠실7동,10189
2020,1,11740515,강일동,31985
2020,1,11740520,상일동,10654
2020,1,11740530,명일1동,21639
2020,1,11740540,명일2동,17726
2020,1,11740550,고덕1동,26937
2020,1,11740560,고덕2동,6923
2020,1,11740570,암사1동,36325
2020,1,11740580,암사2동,14471
2020,1,11740590,암사3동,18657
2020,1,11740600,천호1동,28069
2020,1,11740610,천호2동,34709
2020,1,11740620,천호3동,27361
2020,1,11740640,성내1동,20451
2020,1,11740650,성내2동,24392
2020,1,11740660,성내3동,23646
2020,1,11740685,길동,45987
2020,1,11740690,둔촌1동,268
2020,1,11740700,둔촌2동,27648
2020,2,11110515,청운효자동,12817
2020,2,11110530,사직동,9386
2020,2,11110540,삼청동,2717
2020,2,11110550,부암동,9987
2020,2,11110560,평창동,18604
2020,2,11110570,무악동,8074
2020,2,11110580,교남동,10621
2020,2,11110600,가회동,4391
2020,2,11110615,종로1?2?3?4가동,7262
2020,2,11110630,종로5?6가동,5211
2020,2,11110640,이화동,7912
2020,2,11110650,혜화동,16833
2020,2,11110670,창신1동,5230
2020,2,11110680,창신2동,8561
2020,2,11110690,창신3동,7127
2020,2,11110700,숭인1동,6180
2020,2,11110710,숭인2동,9457
2020,2,11140520,소공동,2054
2020,2,11140540,회현동,5401
2020,2,11140550,명동,2675
2020,2,11140570,필동,4062
2020,2,11140580,장충동,4645
2020,2,11140590,광희동,4884
2020,2,11140605,을지로동,1770
2020,2,11140615,신당동,7514
2020,2,11140625,다산동,14280
2020,2,11140635,약수동,17520
2020,2,11140645,청구동,14315
2020,2,11140650,신당5동,9242
2020,2,11140665,동화동,10843
2020,2,11140670,황학동,12541
2020,2,11140680,중림동,12684
2020,2,11170510,후암동,17971
2020,2,11170520,용산2가동,10366
2020,2,11170530,남영동,7846
2020,2,11170555,청파동,19763
2020,2,11170560,원효로1동,15876
2020,2,11170570,원효로2동,14479
2020,2,11170580,효창동,9013
2020,2,11170590,용문동,12234
2020,2,11170625,한강로동,18270
2020,2,11170630,이촌1동,26203
2020,2,11170640,이촌2동,8918
2020,2,11170650,이태원1동,6879
2020,2,11170660,이태원2동,9285
2020,2,11170685,한남동,20545
2020,2,11170690,서빙고동,14396
2020,2,11170700,보광동,14393
2020,2,11200520,왕십리2동,17366
2020,2,11200535,왕십리도선동,27197
2020,2,11200540,마장동,23348
2020,2,11200550,사근동,11680
2020,2,11200560,행당1동,16063
2020,2,11200570,행당2동,24582
2020,2,11200580,응봉동,16162
2020,2,11200590,금호1가동,15816
2020,2,11200615,금호2?3가동,24052
2020,2,11200620,금호4가동,14812
2020,2,11200645,옥수동,27174
2020,2,11200650,성수1가1동,16849
2020,2,11200660,성수1가2동,14194
2020,2,11200670,성수2가1동,17138
2020,2,11200690,성수2가3동,11349
2020,2,11200720,송정동,10955
2020,2,11200790,용답동,12297
2020,2,11215710,화양동,21879
2020,2,11215730,군자동,19728
2020,2,11215740,중곡1동,16503
2020,2,11215750,중곡2동,22009
2020,2,11215760,중곡3동,17079
2020,2,11215770,중곡4동,29801
2020,2,11215780,능동,11440
2020,2,11215810,광장동,35891
2020,2,11215820,자양1동,22927
2020,2,11215830,자양2동,26501
2020,2,11215840,자양3동,29199
2020,2,11215847,자양4동,18510
2020,2,11215850,구의1동,22191
2020,2,11215860,구의2동,27488
2020,2,11215870,구의3동,29770
2020,2,11230536,용신동,30305
2020,2,11230545,제기동,24854
2020,2,11230560,전농1동,30410
2020,2,11230570,전농2동,19572
2020,2,11230600,답십리1동,29395
2020,2,11230610,답십리2동,29929
2020,2,11230650,장안1동,38254
2020,2,11230660,장안2동,31159
2020,2,11230705,청량리동,21395
2020,2,11230710,회기동,10023
2020,2,11230720,휘경1동,12359
2020,2,11230730,휘경2동,24341
2020,2,11230740,이문1동,18947
2020,2,11230750,이문2동,20641
2020,2,11260520,면목2동,25638
2020,2,11260540,면목4동,19810
2020,2,11260550,면목5동,9571
2020,2,11260565,면목본동,35487
2020,2,11260570,면목7동,21358
2020,2,11260575,면목3?8동,26316
2020,2,11260580,상봉1동,25085
2020,2,11260590,상봉2동,19068
2020,2,11260600,중화1동,20687
2020,2,11260610,중화2동,26937
2020,2,11260620,묵1동,35850
2020,2,11260630,묵2동,19656
2020,2,11260655,망우본동,30726
2020,2,11260660,망우3동,17496
2020,2,11260680,신내1동,40663
2020,2,11260690,신내2동,21885
2020,2,11290525,성북동,16949
2020,2,11290555,삼선동,25380
2020,2,11290575,동선동,15400
2020,2,11290580,돈암1동,16140
2020,2,11290590,돈암2동,24943
2020,2,11290600,안암동,6285
2020,2,11290610,보문동,15008
2020,2,11290620,정릉1동,17650
2020,2,11290630,정릉2동,23575
2020,2,11290640,정릉3동,15642
2020,2,11290650,정릉4동,26266
2020,2,11290660,길음1동,36745
2020,2,11290685,길음2동,16356
2020,2,11290705,종암동,40147
2020,2,11290715,월곡1동,27401
2020,2,11290725,월곡2동,19758
2020,2,11290760,장위1동,20377
2020,2,11290770,장위2동,13716
2020,2,11290780,장위3동,11284
2020,2,11290810,석관동,32696
2020,2,11305534,삼양동,25278
2020,2,11305535,미아동,22316
2020,2,11305545,송중동,30218
2020,2,11305555,송천동,28173
2020,2,11305575,삼각산동,32809
2020,2,11305595,번1동,19255
2020,2,11305603,번2동,17027
2020,2,11305608,번3동,18250
2020,2,11305615,수유1동,21750
2020,2,11305625,수유2동,21833
2020,2,11305635,수유3동,23692
2020,2,11305645,우이동,21215
2020,2,11305660,인수동,32319
2020,2,11320511,창1동,26171
2020,2,11320512,창2동,30281
2020,2,11320513,창3동,14697
2020,2,11320514,창4동,27812
2020,2,11320515,창5동,25409
2020,2,11320521,도봉1동,22070
2020,2,11320522,도봉2동,26045
2020,2,11320660,쌍문1동,22086
2020,2,11320670,쌍문2동,19893
2020,2,11320680,쌍문3동,17046
2020,2,11320681,쌍문4동,19772
2020,2,11320690,방학1동,29724
2020,2,11320700,방학2동,20934
2020,2,11320710,방학3동,28734
2020,2,11350560,월계1동,23265
2020,2,11350570,월계2동,25870
2020,2,11350580,월계3동,31470
2020,2,11350595,공릉1동,38477
2020,2,11350600,공릉2동,40537
2020,2,11350611,하계1동,28814
2020,2,11350612,하계2동,23330
2020,2,11350619,중계본동,25872
2020,2,11350621,중계1동,28076
2020,2,11350624,중계4동,21290
2020,2,11350625,중계2?3동,36720
2020,2,11350630,상계1동,41981
2020,2,11350640,상계2동,21065
2020,2,11350665,상계3?4동,25739
2020,2,11350670,상계5동,25458
2020,2,11350695,상계6?7동,34538
2020,2,11350700,상계8동,24382
2020,2,11350710,상계9동,21896
2020,2,11350720,상계10동,16569
2020,2,11380510,녹번동,37920
2020,2,11380520,불광1동,40763
2020,2,11380530,불광2동,29233
2020,2,11380551,갈현1동,24094
2020,2,11380552,갈현2동,29823
2020,2,11380560,구산동,33593
2020,2,11380570,대조동,27641
2020,2,11380580,응암1동,25343
2020,2,11380590,응암2동,20455
2020,2,11380600,응암3동,25630
2020,2,11380625,역촌동,48158
2020,2,11380631,신사1동,28262
2020,2,11380632,신사2동,21785
2020,2,11380640,증산동,15883
2020,2,11380650,수색동,8907
2020,2,11380690,진관동,58081
2020,2,11410520,천연동,18370
2020,2,11410555,북아현동,16782
2020,2,11410565,충현동,17971
2020,2,11410585,신촌동,18598
2020,2,11410615,연희동,37904
2020,2,11410620,홍제1동,24733
2020,2,11410640,홍제3동,16312
2020,2,11410655,홍제2동,14445
2020,2,11410660,홍은1동,22218
2020,2,11410685,홍은2동,27390
2020,2,11410690,남가좌1동,16590
2020,2,11410700,남가좌2동,24921
2020,2,11410710,북가좌1동,18893
2020,2,11410720,북가좌2동,33505
2020,2,11440555,아현동,24016
2020,2,11440565,공덕동,33743
2020,2,11440585,도화동,18617
2020,2,11440590,용강동,19120
2020,2,11440600,대흥동,8723
2020,2,11440610,염리동,13934
2020,2,11440630,신수동,15759
2020,2,11440655,서강동,19552
2020,2,11440660,서교동,18835
2020,2,11440680,합정동,18713
2020,2,11440690,망원1동,16504
2020,2,11440700,망원2동,14468
2020,2,11440710,연남동,12595
2020,2,11440720,성산1동,15504
2020,2,11440730,성산2동,34494
2020,2,11440740,상암동,27885
2020,2,11470510,목1동,31902
2020,2,11470520,목2동,31151
2020,2,11470530,목3동,22890
2020,2,11470540,목4동,26744
2020,2,11470550,목5동,42852
2020,2,11470560,신월1동,21503
2020,2,11470570,신월2동,21994
2020,2,11470580,신월3동,16501
2020,2,11470590,신월4동,18960
2020,2,11470600,신월5동,15161
2020,2,11470610,신월6동,6589
2020,2,11470611,신월7동,21520
2020,2,11470620,신정1동,21434
2020,2,11470630,신정2동,20527
2020,2,11470640,신정3동,47701
2020,2,11470650,신정4동,34753
2020,2,11470670,신정6동,25265
2020,2,11470680,신정7동,30648
2020,2,11500510,염창동,41942
2020,2,11500520,등촌1동,23367
2020,2,11500530,등촌2동,21752
2020,2,11500535,등촌3동,32405
2020,2,11500540,화곡1동,53448
2020,2,11500550,화곡2동,19245
2020,2,11500560,화곡3동,22464
2020,2,11500570,화곡4동,21655
2020,2,11500590,화곡본동,35178
2020,2,11500591,화곡6동,24665
2020,2,11500593,화곡8동,26248
2020,2,11500603,가양1동,33866
2020,2,11500604,가양2동,15079
2020,2,11500605,가양3동,16093
2020,2,11500611,발산1동,38619
2020,2,11500615,우장산동,44611
2020,2,11500620,공항동,27496
2020,2,11500630,방화1동,45180
2020,2,11500640,방화2동,23794
2020,2,11500641,방화3동,24360
2020,2,11530510,신도림동,36922
2020,2,11530520,구로1동,21153
2020,2,11530530,구로2동,25396
2020,2,11530540,구로3동,24265
2020,2,11530550,구로4동,21308
2020,2,11530560,구로5동,30050
2020,2,11530595,가리봉동,9380
2020,2,11530720,고척1동,23691
2020,2,11530730,고척2동,28370
2020,2,11530740,개봉1동,32896
2020,2,11530750,개봉2동,32637
2020,2,11530760,개봉3동,21435
2020,2,11530770,오류1동,22588
2020,2,11530780,오류2동,39743
2020,2,11530790,수궁동,24575
2020,2,11530800,항동,2748
2020,2,11545510,가산동,20985
2020,2,11545610,독산1동,41180
2020,2,11545620,독산2동,19428
2020,2,11545630,독산3동,25155
2020,2,11545640,독산4동,16029
2020,2,11545670,시흥1동,34375
2020,2,11545680,시흥2동,22225
2020,2,11545690,시흥3동,11339
2020,2,11545700,시흥4동,21338
2020,2,11545710,시흥5동,20526
2020,2,11560515,영등포본동,21940
2020,2,11560535,영등포동,26214
2020,2,11560540,여의동,34250
2020,2,11560550,당산1동,20821
2020,2,11560560,당산2동,35448
2020,2,11560585,도림동,18924
2020,2,11560605,문래동,31722
2020,2,11560610,양평1동,17944
2020,2,11560620,양평2동,21886
2020,2,11560630,신길1동,17419
2020,2,11560650,신길3동,15733
2020,2,11560660,신길4동,8930
2020,2,11560670,신길5동,9143
2020,2,11560680,신길6동,18126
2020,2,11560690,신길7동,16810
2020,2,11560700,대림1동,12879
2020,2,11560710,대림2동,12647
2020,2,11560720,대림3동,22984
2020,2,11590510,노량진1동,32334
2020,2,11590520,노량진2동,13036
2020,2,11590530,상도1동,45129
2020,2,11590540,상도2동,28618
2020,2,11590550,상도3동,25619
2020,2,11590560,상도4동,29467
2020,2,11590605,흑석동,32949
2020,2,11590620,사당1동,23335
2020,2,11590630,사당2동,28212
2020,2,11590640,사당3동,25822
2020,2,11590650,사당4동,14658
2020,2,11590651,사당5동,12800
2020,2,11590660,대방동,39773
2020,2,11590670,신대방1동,23913
2020,2,11590680,신대방2동,21153
2020,2,11620525,보라매동,23821
2020,2,11620545,청림동,16123
2020,2,11620565,성현동,37738
2020,2,11620575,행운동,29241
2020,2,11620585,낙성대동,15845
2020,2,11620595,청룡동,29014
2020,2,11620605,은천동,34362
2020,2,11620615,중앙동,15159
2020,2,11620625,인헌동,26218
2020,2,11620630,남현동,18791
2020,2,11620645,서원동,22717
2020,2,11620655,신원동,18283
2020,2,11620665,서림동,25430
2020,2,11620685,신사동,22805
2020,2,11620695,신림동,21621
2020,2,11620715,난향동,16264
2020,2,11620725,조원동,17381
2020,2,11620735,대학동,24097
2020,2,11620745,삼성동,25120
2020,2,11620765,미성동,31961
2020,2,11620775,난곡동,28076
2020,2,11650510,서초1동,21364
2020,2,11650520,서초2동,18390
2020,2,11650530,서초3동,30335
2020,2,11650531,서초4동,31104
2020,2,11650540,잠원동,33603
2020,2,11650550,반포본동,12084
2020,2,11650560,반포1동,30491
2020,2,11650570,반포2동,16177
2020,2,11650580,반포3동,18406
2020,2,11650581,반포4동,19576
2020,2,11650590,방배본동,21317
2020,2,11650600,방배1동,17339
2020,2,11650610,방배2동,20781
2020,2,11650620,방배3동,22141
2020,2,11650621,방배4동,23764
2020,2,11650651,양재1동,45153
2020,2,11650652,양재2동,22891
2020,2,11650660,내곡동,18146
2020,2,11680510,신사동,17320
2020,2,11680521,논현1동,23122
2020,2,11680531,논현2동,21554
2020,2,11680545,압구정동,27528
2020,2,11680565,청담동,29706
2020,2,11680580,삼성1동,14671
2020,2,11680590,삼성2동,30227
2020,2,11680600,대치1동,25282
2020,2,11680610,대치2동,38520
2020,2,11680630,대치4동,20602
2020,2,11680640,역삼1동,36033
2020,2,11680650,역삼2동,36341
2020,2,11680655,도곡1동,21755
2020,2,11680656,도곡2동,34327
2020,2,11680660,개포1동,6921
2020,2,11680670,개포2동,21595
2020,2,11680690,개포4동,18123
2020,2,11680700,세곡동,44930
2020,2,11680720,일원본동,24381
2020,2,11680730,일원1동,16264
2020,2,11680740,일원2동,18064
2020,2,11680750,수서동,15915
2020,2,11710510,풍납1동,14711
2020,2,11710520,풍납2동,24414
2020,2,11710531,거여1동,13193
2020,2,11710532,거여2동,16804
2020,2,11710540,마천1동,20581
2020,2,11710550,마천2동,20030
2020,2,11710561,방이1동,16384
2020,2,11710562,방이2동,25553
2020,2,11710566,오륜동,18915
2020,2,11710570,오금동,40806
2020,2,11710580,송파1동,25549
2020,2,11710590,송파2동,20644
2020,2,11710600,석촌동,33503
2020,2,11710610,삼전동,32314
2020,2,11710620,가락본동,27536
2020,2,11710631,가락1동,27396
2020,2,11710632,가락2동,33685
2020,2,11710641,문정1동,20832
2020,2,11710642,문정2동,30399
2020,2,11710646,장지동,32810
2020,2,11710647,위례동,28329
2020,2,11710650,잠실본동,28956
2020,2,11710670,잠실2동,36652
2020,2,11710680,잠실3동,35888
2020,2,11710690,잠실4동,22193
2020,2,11710710,잠실6동,17264
2020,2,11710720,잠실7동,10189
2020,2,11740515,강일동,31985
2020,2,11740520,상일동,10654
2020,2,11740530,명일1동,21639
2020,2,11740540,명일2동,17726
2020,2,11740550,고덕1동,26937
2020,2,11740560,고덕2동,6923
2020,2,11740570,암사1동,36325
2020,2,11740580,암사2동,14471
2020,2,11740590,암사3동,18657
2020,2,11740600,천호1동,28069
2020,2,11740610,천호2동,34709
2020,2,11740620,천호3동,27361
2020,2,11740640,성내1동,20451
2020,2,11740650,성내2동,24392
2020,2,11740660,성내3동,23646
2020,2,11740685,길동,45987
2020,2,11740690,둔촌1동,268
2020,2,11740700,둔촌2동,27648
2020,3,11110515,청운효자동,12817
2020,3,11110530,사직동,9386
2020,3,11110540,삼청동,2717
2020,3,11110550,부암동,9987
2020,3,11110560,평창동,18604
2020,3,11110570,무악동,8074
2020,3,11110580,교남동,10621
2020,3,11110600,가회동,4391
2020,3,11110615,종로1?2?3?4가동,7262
2020,3,11110630,종로5?6가동,5211
2020,3,11110640,이화동,7912
2020,3,11110650,혜화동,16833
2020,3,11110670,창신1동,5230
2020,3,11110680,창신2동,8561
2020,3,11110690,창신3동,7127
2020,3,11110700,숭인1동,6180
2020,3,11110710,숭인2동,9457
2020,3,11140520,소공동,2054
2020,3,11140540,회현동,5401
2020,3,11140550,명동,2675
2020,3,11140570,필동,4062
2020,3,11140580,장충동,4645
2020,3,11140590,광희동,4884
2020,3,11140605,을지로동,1770
2020,3,11140615,신당동,7514
2020,3,11140625,다산동,14280
2020,3,11140635,약수동,17520
2020,3,11140645,청구동,14315
2020,3,11140650,신당5동,9242
2020,3,11140665,동화동,10843
2020,3,11140670,황학동,12541
2020,3,11140680,중림동,12684
2020,3,11170510,후암동,17971
2020,3,11170520,용산2가동,10366
2020,3,11170530,남영동,7846
2020,3,11170555,청파동,19763
2020,3,11170560,원효로1동,15876
2020,3,11170570,원효로2동,14479
2020,3,11170580,효창동,9013
2020,3,11170590,용문동,12234
2020,3,11170625,한강로동,18270
2020,3,11170630,이촌1동,26203
2020,3,11170640,이촌2동,8918
2020,3,11170650,이태원1동,6879
2020,3,11170660,이태원2동,9285
2020,3,11170685,한남동,20545
2020,3,11170690,서빙고동,14396
2020,3,11170700,보광동,14393
2020,3,11200520,왕십리2동,17366
2020,3,11200535,왕십리도선동,27197
2020,3,11200540,마장동,23348
2020,3,11200550,사근동,11680
2020,3,11200560,행당1동,16063
2020,3,11200570,행당2동,24582
2020,3,11200580,응봉동,16162
2020,3,11200590,금호1가동,15816
2020,3,11200615,금호2?3가동,24052
2020,3,11200620,금호4가동,14812
2020,3,11200645,옥수동,27174
2020,3,11200650,성수1가1동,16849
2020,3,11200660,성수1가2동,14194
2020,3,11200670,성수2가1동,17138
2020,3,11200690,성수2가3동,11349
2020,3,11200720,송정동,10955
2020,3,11200790,용답동,12297
2020,3,11215710,화양동,21879
2020,3,11215730,군자동,19728
2020,3,11215740,중곡1동,16503
2020,3,11215750,중곡2동,22009
2020,3,11215760,중곡3동,17079
2020,3,11215770,중곡4동,29801
2020,3,11215780,능동,11440
2020,3,11215810,광장동,35891
2020,3,11215820,자양1동,22927
2020,3,11215830,자양2동,26501
2020,3,11215840,자양3동,29199
2020,3,11215847,자양4동,18510
2020,3,11215850,구의1동,22191
2020,3,11215860,구의2동,27488
2020,3,11215870,구의3동,29770
2020,3,11230536,용신동,30305
2020,3,11230545,제기동,24854
2020,3,11230560,전농1동,30410
2020,3,11230570,전농2동,19572
2020,3,11230600,답십리1동,29395
2020,3,11230610,답십리2동,29929
2020,3,11230650,장안1동,38254
2020,3,11230660,장안2동,31159
2020,3,11230705,청량리동,21395
2020,3,11230710,회기동,10023
2020,3,11230720,휘경1동,12359
2020,3,11230730,휘경2동,24341
2020,3,11230740,이문1동,18947
2020,3,11230750,이문2동,20641
2020,3,11260520,면목2동,25638
2020,3,11260540,면목4동,19810
2020,3,11260550,면목5동,9571
2020,3,11260565,면목본동,35487
2020,3,11260570,면목7동,21358
2020,3,11260575,면목3?8동,26316
2020,3,11260580,상봉1동,25085
2020,3,11260590,상봉2동,19068
2020,3,11260600,중화1동,20687
2020,3,11260610,중화2동,26937
2020,3,11260620,묵1동,35850
2020,3,11260630,묵2동,19656
2020,3,11260655,망우본동,30726
2020,3,11260660,망우3동,17496
2020,3,11260680,신내1동,40663
2020,3,11260690,신내2동,21885
2020,3,11290525,성북동,16949
2020,3,11290555,삼선동,25380
2020,3,11290575,동선동,15400
2020,3,11290580,돈암1동,16140
2020,3,11290590,돈암2동,24943
2020,3,11290600,안암동,6285
2020,3,11290610,보문동,15008
2020,3,11290620,정릉1동,17650
2020,3,11290630,정릉2동,23575
2020,3,11290640,정릉3동,15642
2020,3,11290650,정릉4동,26266
2020,3,11290660,길음1동,36745
2020,3,11290685,길음2동,16356
2020,3,11290705,종암동,40147
2020,3,11290715,월곡1동,27401
2020,3,11290725,월곡2동,19758
2020,3,11290760,장위1동,20377
2020,3,11290770,장위2동,13716
2020,3,11290780,장위3동,11284
2020,3,11290810,석관동,32696
2020,3,11305534,삼양동,25278
2020,3,11305535,미아동,22316
2020,3,11305545,송중동,30218
2020,3,11305555,송천동,28173
2020,3,11305575,삼각산동,32809
2020,3,11305595,번1동,19255
2020,3,11305603,번2동,17027
2020,3,11305608,번3동,18250
2020,3,11305615,수유1동,21750
2020,3,11305625,수유2동,21833
2020,3,11305635,수유3동,23692
2020,3,11305645,우이동,21215
2020,3,11305660,인수동,32319
2020,3,11320511,창1동,26171
2020,3,11320512,창2동,30281
2020,3,11320513,창3동,14697
2020,3,11320514,창4동,27812
2020,3,11320515,창5동,25409
2020,3,11320521,도봉1동,22070
2020,3,11320522,도봉2동,26045
2020,3,11320660,쌍문1동,22086
2020,3,11320670,쌍문2동,19893
2020,3,11320680,쌍문3동,17046
2020,3,11320681,쌍문4동,19772
2020,3,11320690,방학1동,29724
2020,3,11320700,방학2동,20934
2020,3,11320710,방학3동,28734
2020,3,11350560,월계1동,23265
2020,3,11350570,월계2동,25870
2020,3,11350580,월계3동,31470
2020,3,11350595,공릉1동,38477
2020,3,11350600,공릉2동,40537
2020,3,11350611,하계1동,28814
2020,3,11350612,하계2동,23330
2020,3,11350619,중계본동,25872
2020,3,11350621,중계1동,28076
2020,3,11350624,중계4동,21290
2020,3,11350625,중계2?3동,36720
2020,3,11350630,상계1동,41981
2020,3,11350640,상계2동,21065
2020,3,11350665,상계3?4동,25739
2020,3,11350670,상계5동,25458
2020,3,11350695,상계6?7동,34538
2020,3,11350700,상계8동,24382
2020,3,11350710,상계9동,21896
2020,3,11350720,상계10동,16569
2020,3,11380510,녹번동,37920
2020,3,11380520,불광1동,40763
2020,3,11380530,불광2동,29233
2020,3,11380551,갈현1동,24094
2020,3,11380552,갈현2동,29823
2020,3,11380560,구산동,33593
2020,3,11380570,대조동,27641
2020,3,11380580,응암1동,25343
2020,3,11380590,응암2동,20455
2020,3,11380600,응암3동,25630
2020,3,11380625,역촌동,48158
2020,3,11380631,신사1동,28262
2020,3,11380632,신사2동,21785
2020,3,11380640,증산동,15883
2020,3,11380650,수색동,8907
2020,3,11380690,진관동,58081
2020,3,11410520,천연동,18370
2020,3,11410555,북아현동,16782
2020,3,11410565,충현동,17971
2020,3,11410585,신촌동,18598
2020,3,11410615,연희동,37904
2020,3,11410620,홍제1동,24733
2020,3,11410640,홍제3동,16312
2020,3,11410655,홍제2동,14445
2020,3,11410660,홍은1동,22218
2020,3,11410685,홍은2동,27390
2020,3,11410690,남가좌1동,16590
2020,3,11410700,남가좌2동,24921
2020,3,11410710,북가좌1동,18893
2020,3,11410720,북가좌2동,33505
2020,3,11440555,아현동,24016
2020,3,11440565,공덕동,33743
2020,3,11440585,도화동,18617
2020,3,11440590,용강동,19120
2020,3,11440600,대흥동,8723
2020,3,11440610,염리동,13934
2020,3,11440630,신수동,15759
2020,3,11440655,서강동,19552
2020,3,11440660,서교동,18835
2020,3,11440680,합정동,18713
2020,3,11440690,망원1동,16504
2020,3,11440700,망원2동,14468
2020,3,11440710,연남동,12595
2020,3,11440720,성산1동,15504
2020,3,11440730,성산2동,34494
2020,3,11440740,상암동,27885
2020,3,11470510,목1동,31902
2020,3,11470520,목2동,31151
2020,3,11470530,목3동,22890
2020,3,11470540,목4동,26744
2020,3,11470550,목5동,42852
2020,3,11470560,신월1동,21503
2020,3,11470570,신월2동,21994
2020,3,11470580,신월3동,16501
2020,3,11470590,신월4동,18960
2020,3,11470600,신월5동,15161
2020,3,11470610,신월6동,6589
2020,3,11470611,신월7동,21520
2020,3,11470620,신정1동,21434
2020,3,11470630,신정2동,20527
2020,3,11470640,신정3동,47701
2020,3,11470650,신정4동,34753
2020,3,11470670,신정6동,25265
2020,3,11470680,신정7동,30648
2020,3,11500510,염창동,41942
2020,3,11500520,등촌1동,23367
2020,3,11500530,등촌2동,21752
2020,3,11500535,등촌3동,32405
2020,3,11500540,화곡1동,53448
2020,3,11500550,화곡2동,19245
2020,3,11500560,화곡3동,22464
2020,3,11500570,화곡4동,21655
2020,3,11500590,화곡본동,35178
2020,3,11500591,화곡6동,24665
2020,3,11500593,화곡8동,26248
2020,3,11500603,가양1동,33866
2020,3,11500604,가양2동,15079
2020,3,11500605,가양3동,16093
2020,3,11500611,발산1동,38619
2020,3,11500615,우장산동,44611
2020,3,11500620,공항동,27496
2020,3,11500630,방화1동,45180
2020,3,11500640,방화2동,23794
2020,3,11500641,방화3동,24360
2020,3,11530510,신도림동,36922
2020,3,11530520,구로1동,21153
2020,3,11530530,구로2동,25396
2020,3,11530540,구로3동,24265
2020,3,11530550,구로4동,21308
2020,3,11530560,구로5동,30050
2020,3,11530595,가리봉동,9380
2020,3,11530720,고척1동,23691
2020,3,11530730,고척2동,28370
2020,3,11530740,개봉1동,32896
2020,3,11530750,개봉2동,32637
2020,3,11530760,개봉3동,21435
2020,3,11530770,오류1동,22588
2020,3,11530780,오류2동,39743
2020,3,11530790,수궁동,24575
2020,3,11530800,항동,2748
2020,3,11545510,가산동,20985
2020,3,11545610,독산1동,41180
2020,3,11545620,독산2동,19428
2020,3,11545630,독산3동,25155
2020,3,11545640,독산4동,16029
2020,3,11545670,시흥1동,34375
2020,3,11545680,시흥2동,22225
2020,3,11545690,시흥3동,11339
2020,3,11545700,시흥4동,21338
2020,3,11545710,시흥5동,20526
2020,3,11560515,영등포본동,21940
2020,3,11560535,영등포동,26214
2020,3,11560540,여의동,34250
2020,3,11560550,당산1동,20821
2020,3,11560560,당산2동,35448
2020,3,11560585,도림동,18924
2020,3,11560605,문래동,31722
2020,3,11560610,양평1동,17944
2020,3,11560620,양평2동,21886
2020,3,11560630,신길1동,17419
2020,3,11560650,신길3동,15733
2020,3,11560660,신길4동,8930
2020,3,11560670,신길5동,9143
2020,3,11560680,신길6동,18126
2020,3,11560690,신길7동,16810
2020,3,11560700,대림1동,12879
2020,3,11560710,대림2동,12647
2020,3,11560720,대림3동,22984
2020,3,11590510,노량진1동,32334
2020,3,11590520,노량진2동,13036
2020,3,11590530,상도1동,45129
2020,3,11590540,상도2동,28618
2020,3,11590550,상도3동,25619
2020,3,11590560,상도4동,29467
2020,3,11590605,흑석동,32949
2020,3,11590620,사당1동,23335
2020,3,11590630,사당2동,28212
2020,3,11590640,사당3동,25822
2020,3,11590650,사당4동,14658
2020,3,11590651,사당5동,12800
2020,3,11590660,대방동,39773
2020,3,11590670,신대방1동,23913
2020,3,11590680,신대방2동,21153
2020,3,11620525,보라매동,23821
2020,3,11620545,청림동,16123
2020,3,11620565,성현동,37738
2020,3,11620575,행운동,29241
2020,3,11620585,낙성대동,15845
2020,3,11620595,청룡동,29014
2020,3,11620605,은천동,34362
2020,3,11620615,중앙동,15159
2020,3,11620625,인헌동,26218
2020,3,11620630,남현동,18791
2020,3,11620645,서원동,22717
2020,3,11620655,신원동,18283
2020,3,11620665,서림동,25430
2020,3,11620685,신사동,22805
2020,3,11620695,신림동,21621
2020,3,11620715,난향동,16264
2020,3,11620725,조원동,17381
2020,3,11620735,대학동,24097
2020,3,11620745,삼성동,25120
2020,3,11620765,미성동,31961
2020,3,11620775,난곡동,28076
2020,3,11650510,서초1동,21364
2020,3,11650520,서초2동,18390
2020,3,11650530,서초3동,30335
2020,3,11650531,서초4동,31104
2020,3,11650540,잠원동,33603
2020,3,11650550,반포본동,12084
2020,3,11650560,반포1동,30491
2020,3,11650570,반포2동,16177
2020,3,11650580,반포3동,18406
2020,3,11650581,반포4동,19576
2020,3,11650590,방배본동,21317
2020,3,11650600,방배1동,17339
2020,3,11650610,방배2동,20781
2020,3,11650620,방배3동,22141
2020,3,11650621,방배4동,23764
2020,3,11650651,양재1동,45153
2020,3,11650652,양재2동,22891
2020,3,11650660,내곡동,18146
2020,3,11680510,신사동,17320
2020,3,11680521,논현1동,23122
2020,3,11680531,논현2동,21554
2020,3,11680545,압구정동,27528
2020,3,11680565,청담동,29706
2020,3,11680580,삼성1동,14671
2020,3,11680590,삼성2동,30227
2020,3,11680600,대치1동,25282
2020,3,11680610,대치2동,38520
2020,3,11680630,대치4동,20602
2020,3,11680640,역삼1동,36033
2020,3,11680650,역삼2동,36341
2020,3,11680655,도곡1동,21755
2020,3,11680656,도곡2동,34327
2020,3,11680660,개포1동,6921
2020,3,11680670,개포2동,21595
2020,3,11680690,개포4동,18123
2020,3,11680700,세곡동,44930
2020,3,11680720,일원본동,24381
2020,3,11680730,일원1동,16264
2020,3,11680740,일원2동,18064
2020,3,11680750,수서동,15915
2020,3,11710510,풍납1동,14711
2020,3,11710520,풍납2동,24414
2020,3,11710531,거여1동,13193
2020,3,11710532,거여2동,16804
2020,3,11710540,마천1동,20581
2020,3,11710550,마천2동,20030
2020,3,11710561,방이1동,16384
2020,3,11710562,방이2동,25553
2020,3,11710566,오륜동,18915
2020,3,11710570,오금동,40806
2020,3,11710580,송파1동,25549
2020,3,11710590,송파2동,20644
2020,3,11710600,석촌동,33503
2020,3,11710610,삼전동,32314
2020,3,11710620,가락본동,27536
2020,3,11710631,가락1동,27396
2020,3,11710632,가락2동,33685
2020,3,11710641,문정1동,20832
2020,3,11710642,문정2동,30399
2020,3,11710646,장지동,32810
2020,3,11710647,위례동,28329
2020,3,11710650,잠실본동,28956
2020,3,11710670,잠실2동,36652
2020,3,11710680,잠실3동,35888
2020,3,11710690,잠실4동,22193
2020,3,11710710,잠실6동,17264
2020,3,11710720,잠실7동,10189
2020,3,11740515,강일동,31985
2020,3,11740520,상일동,10654
2020,3,11740530,명일1동,21639
2020,3,11740540,명일2동,17726
2020,3,11740550,고덕1동,26937
2020,3,11740560,고덕2동,6923
2020,3,11740570,암사1동,36325
2020,3,11740580,암사2동,14471
2020,3,11740590,암사3동,18657
2020,3,11740600,천호1동,28069
2020,3,11740610,천호2동,34709
2020,3,11740620,천호3동,27361
2020,3,11740640,성내1동,20451
2020,3,11740650,성내2동,24392
2020,3,11740660,성내3동,23646
2020,3,11740685,길동,45987
2020,3,11740690,둔촌1동,268
2020,3,11740700,둔촌2동,27648
2020,4,11110515,청운효자동,12434
2020,4,11110530,사직동,9524
2020,4,11110540,삼청동,2635
2020,4,11110550,부암동,10015
2020,4,11110560,평창동,18390
2020,4,11110570,무악동,8541
2020,4,11110580,교남동,10466
2020,4,11110600,가회동,4325
2020,4,11110615,종로1?2?3?4가동,7242
2020,4,11110630,종로5?6가동,5219
2020,4,11110640,이화동,7603
2020,4,11110650,혜화동,16799
2020,4,11110670,창신1동,5129
2020,4,11110680,창신2동,8326
2020,4,11110690,창신3동,6921
2020,4,11110700,숭인1동,6080
2020,4,11110710,숭인2동,9700
2020,4,11140520,소공동,2073
2020,4,11140540,회현동,5124
2020,4,11140550,명동,2766
2020,4,11140570,필동,4038
2020,4,11140580,장충동,4665
2020,4,11140590,광희동,5204
2020,4,11140605,을지로동,1959
2020,4,11140615,신당동,7698
2020,4,11140625,다산동,14154
2020,4,11140635,약수동,17127
2020,4,11140645,청구동,14045
2020,4,11140650,신당5동,10518
2020,4,11140665,동화동,10659
2020,4,11140670,황학동,12570
2020,4,11140680,중림동,12288
2020,4,11170510,후암동,17736
2020,4,11170520,용산2가동,9925
2020,4,11170530,남영동,7618
2020,4,11170555,청파동,19837
2020,4,11170560,원효로1동,16085
2020,4,11170570,원효로2동,14197
2020,4,11170580,효창동,10191
2020,4,11170590,용문동,12297
2020,4,11170625,한강로동,19846
2020,4,11170630,이촌1동,28160
2020,4,11170640,이촌2동,8729
2020,4,11170650,이태원1동,6926
2020,4,11170660,이태원2동,9269
2020,4,11170685,한남동,21151
2020,4,11170690,서빙고동,13196
2020,4,11170700,보광동,14218
2020,4,11200520,왕십리2동,17081
2020,4,11200535,왕십리도선동,27086
2020,4,11200540,마장동,22773
2020,4,11200550,사근동,11920
2020,4,11200560,행당1동,14071
2020,4,11200570,행당2동,24054
2020,4,11200580,응봉동,15758
2020,4,11200590,금호1가동,15703
2020,4,11200615,금호2?3가동,23406
2020,4,11200620,금호4가동,14708
2020,4,11200645,옥수동,26675
2020,4,11200650,성수1가1동,16575
2020,4,11200660,성수1가2동,13438
2020,4,11200670,성수2가1동,16593
2020,4,11200690,성수2가3동,11147
2020,4,11200720,송정동,10729
2020,4,11200790,용답동,11806
2020,4,11215710,화양동,22632
2020,4,11215730,군자동,19923
2020,4,11215740,중곡1동,16176
2020,4,11215750,중곡2동,21787
2020,4,11215760,중곡3동,16644
2020,4,11215770,중곡4동,29181
2020,4,11215780,능동,11615
2020,4,11215810,광장동,35430
2020,4,11215820,자양1동,22775
2020,4,11215830,자양2동,25646
2020,4,11215840,자양3동,28690
2020,4,11215847,자양4동,17745
2020,4,11215850,구의1동,22038
2020,4,11215860,구의2동,26958
2020,4,11215870,구의3동,29306
2020,4,11230536,용신동,31118
2020,4,11230545,제기동,24935
2020,4,11230560,전농1동,30150
2020,4,11230570,전농2동,19195
2020,4,11230600,답십리1동,29090
2020,4,11230610,답십리2동,29220
2020,4,11230650,장안1동,38693
2020,4,11230660,장안2동,33005
2020,4,11230705,청량리동,19830
2020,4,11230710,회기동,10447
2020,4,11230720,휘경1동,13616
2020,4,11230730,휘경2동,24296
2020,4,11230740,이문1동,18532
2020,4,11230750,이문2동,20461
2020,4,11260520,면목2동,24773
2020,4,11260540,면목4동,18750
2020,4,11260550,면목5동,15170
2020,4,11260565,면목본동,34313
2020,4,11260570,면목7동,22366
2020,4,11260575,면목3?8동,25508
2020,4,11260580,상봉1동,24775
2020,4,11260590,상봉2동,19882
2020,4,11260600,중화1동,20232
2020,4,11260610,중화2동,25562
2020,4,11260620,묵1동,35402
2020,4,11260630,묵2동,19446
2020,4,11260655,망우본동,30392
2020,4,11260660,망우3동,17107
2020,4,11260680,신내1동,39688
2020,4,11260690,신내2동,21208
2020,4,11290525,성북동,16832
2020,4,11290555,삼선동,23545
2020,4,11290575,동선동,15583
2020,4,11290580,돈암1동,15288
2020,4,11290590,돈암2동,24591
2020,4,11290600,안암동,14908
2020,4,11290610,보문동,15749
2020,4,11290620,정릉1동,18647
2020,4,11290630,정릉2동,23495
2020,4,11290640,정릉3동,15532
2020,4,11290650,정릉4동,25601
2020,4,11290660,길음1동,36397
2020,4,11290685,길음2동,17041
2020,4,11290705,종암동,39773
2020,4,11290715,월곡1동,26920
2020,4,11290725,월곡2동,19925
2020,4,11290760,장위1동,20207
2020,4,11290770,장위2동,13848
2020,4,11290780,장위3동,17221
2020,4,11290810,석관동,35589
2020,4,11305534,삼양동,24555
2020,4,11305535,미아동,22217
2020,4,11305545,송중동,30349
2020,4,11305555,송천동,27466
2020,4,11305575,삼각산동,31996
2020,4,11305595,번1동,19057
2020,4,11305603,번2동,16440
2020,4,11305608,번3동,17545
2020,4,11305615,수유1동,21236
2020,4,11305625,수유2동,21476
2020,4,11305635,수유3동,23512
2020,4,11305645,우이동,20955
2020,4,11305660,인수동,31311
2020,4,11320511,창1동,25241
2020,4,11320512,창2동,29648
2020,4,11320513,창3동,14305
2020,4,11320514,창4동,27197
2020,4,11320515,창5동,25203
2020,4,11320521,도봉1동,21653
2020,4,11320522,도봉2동,27800
2020,4,11320660,쌍문1동,21794
2020,4,11320670,쌍문2동,19253
2020,4,11320680,쌍문3동,16762
2020,4,11320681,쌍문4동,19259
2020,4,11320690,방학1동,28975
2020,4,11320700,방학2동,20278
2020,4,11320710,방학3동,27895
2020,4,11350560,월계1동,22454
2020,4,11350570,월계2동,27466
2020,4,11350580,월계3동,30593
2020,4,11350595,공릉1동,37700
2020,4,11350600,공릉2동,39784
2020,4,11350611,하계1동,27479
2020,4,11350612,하계2동,22673
2020,4,11350619,중계본동,24840
2020,4,11350621,중계1동,27473
2020,4,11350624,중계4동,20700
2020,4,11350625,중계2?3동,35461
2020,4,11350630,상계1동,39064
2020,4,11350640,상계2동,20557
2020,4,11350665,상계3?4동,27081
2020,4,11350670,상계5동,24691
2020,4,11350695,상계6?7동,33550
2020,4,11350700,상계8동,22935
2020,4,11350710,상계9동,21136
2020,4,11350720,상계10동,17437
2020,4,11380510,녹번동,37380
2020,4,11380520,불광1동,39732
2020,4,11380530,불광2동,28437
2020,4,11380551,갈현1동,23146
2020,4,11380552,갈현2동,28872
2020,4,11380560,구산동,32750
2020,4,11380570,대조동,27235
2020,4,11380580,응암1동,30938
2020,4,11380590,응암2동,27580
2020,4,11380600,응암3동,25229
2020,4,11380625,역촌동,46566
2020,4,11380631,신사1동,27543
2020,4,11380632,신사2동,20812
2020,4,11380640,증산동,15338
2020,4,11380650,수색동,11132
2020,4,11380690,진관동,57020
2020,4,11410520,천연동,17742
2020,4,11410555,북아현동,16643
2020,4,11410565,충현동,20756
2020,4,11410585,신촌동,19272
2020,4,11410615,연희동,36200
2020,4,11410620,홍제1동,24329
2020,4,11410640,홍제3동,15810
2020,4,11410655,홍제2동,14233
2020,4,11410660,홍은1동,22956
2020,4,11410685,홍은2동,26960
2020,4,11410690,남가좌1동,15900
2020,4,11410700,남가좌2동,30036
2020,4,11410710,북가좌1동,18445
2020,4,11410720,북가좌2동,32607
2020,4,11440555,아현동,25772
2020,4,11440565,공덕동,37964
2020,4,11440585,도화동,21763
2020,4,11440590,용강동,21842
2020,4,11440600,대흥동,14388
2020,4,11440610,염리동,12125
2020,4,11440630,신수동,23146
2020,4,11440655,서강동,24664
2020,4,11440660,서교동,23682
2020,4,11440680,합정동,19846
2020,4,11440690,망원1동,20802
2020,4,11440700,망원2동,19023
2020,4,11440710,연남동,15575
2020,4,11440720,성산1동,19357
2020,4,11440730,성산2동,40394
2020,4,11440740,상암동,31404
2020,4,11470510,목1동,31563
2020,4,11470520,목2동,30445
2020,4,11470530,목3동,22470
2020,4,11470540,목4동,25946
2020,4,11470550,목5동,42205
2020,4,11470560,신월1동,20959
2020,4,11470570,신월2동,21351
2020,4,11470580,신월3동,15749
2020,4,11470590,신월4동,18411
2020,4,11470600,신월5동,15055
2020,4,11470610,신월6동,13741
2020,4,11470611,신월7동,20514
2020,4,11470620,신정1동,20964
2020,4,11470630,신정2동,20051
2020,4,11470640,신정3동,46374
2020,4,11470650,신정4동,33533
2020,4,11470670,신정6동,25017
2020,4,11470680,신정7동,29891
2020,4,11500510,염창동,41853
2020,4,11500520,등촌1동,24118
2020,4,11500530,등촌2동,21104
2020,4,11500535,등촌3동,31490
2020,4,11500540,화곡1동,51115
2020,4,11500550,화곡2동,17836
2020,4,11500560,화곡3동,21443
2020,4,11500570,화곡4동,20867
2020,4,11500590,화곡본동,38372
2020,4,11500591,화곡6동,24230
2020,4,11500593,화곡8동,24746
2020,4,11500603,가양1동,34206
2020,4,11500604,가양2동,14520
2020,4,11500605,가양3동,15544
2020,4,11500611,발산1동,37403
2020,4,11500615,우장산동,43678
2020,4,11500620,공항동,26929
2020,4,11500630,방화1동,44340
2020,4,11500640,방화2동,23107
2020,4,11500641,방화3동,23471
2020,4,11530510,신도림동,36197
2020,4,11530520,구로1동,21220
2020,4,11530530,구로2동,24606
2020,4,11530540,구로3동,23853
2020,4,11530550,구로4동,20378
2020,4,11530560,구로5동,29372
2020,4,11530595,가리봉동,9271
2020,4,11530720,고척1동,23146
2020,4,11530730,고척2동,27366
2020,4,11530740,개봉1동,34336
2020,4,11530750,개봉2동,31775
2020,4,11530760,개봉3동,20845
2020,4,11530770,오류1동,22669
2020,4,11530780,오류2동,39127
2020,4,11530790,수궁동,23972
2020,4,11530800,항동,16279
2020,4,11545510,가산동,23050
2020,4,11545610,독산1동,42270
2020,4,11545620,독산2동,19016
2020,4,11545630,독산3동,24503
2020,4,11545640,독산4동,15537
2020,4,11545670,시흥1동,33778
2020,4,11545680,시흥2동,21962
2020,4,11545690,시흥3동,11130
2020,4,11545700,시흥4동,20791
2020,4,11545710,시흥5동,19686
2020,4,11560515,영등포본동,21466
2020,4,11560535,영등포동,28026
2020,4,11560540,여의동,34156
2020,4,11560550,당산1동,20750
2020,4,11560560,당산2동,37551
2020,4,11560585,도림동,18248
2020,4,11560605,문래동,33159
2020,4,11560610,양평1동,17384
2020,4,11560620,양평2동,22389
2020,4,11560630,신길1동,17447
2020,4,11560650,신길3동,16891
2020,4,11560660,신길4동,10489
2020,4,11560670,신길5동,11179
2020,4,11560680,신길6동,19624
2020,4,11560690,신길7동,20286
2020,4,11560700,대림1동,14842
2020,4,11560710,대림2동,12409
2020,4,11560720,대림3동,22896
2020,4,11590510,노량진1동,32054
2020,4,11590520,노량진2동,12664
2020,4,11590530,상도1동,45153
2020,4,11590540,상도2동,27835
2020,4,11590550,상도3동,25071
2020,4,11590560,상도4동,28885
2020,4,11590605,흑석동,32306
2020,4,11590620,사당1동,23072
2020,4,11590630,사당2동,27227
2020,4,11590640,사당3동,25027
2020,4,11590650,사당4동,14426
2020,4,11590651,사당5동,14690
2020,4,11590660,대방동,38781
2020,4,11590670,신대방1동,23662
2020,4,11590680,신대방2동,20916
2020,4,11620525,보라매동,23236
2020,4,11620545,청림동,15551
2020,4,11620565,성현동,33366
2020,4,11620575,행운동,28912
2020,4,11620585,낙성대동,15664
2020,4,11620595,청룡동,34681
2020,4,11620605,은천동,33720
2020,4,11620615,중앙동,15166
2020,4,11620625,인헌동,25460
2020,4,11620630,남현동,18396
2020,4,11620645,서원동,22343
2020,4,11620655,신원동,18098
2020,4,11620665,서림동,25506
2020,4,11620685,신사동,22688
2020,4,11620695,신림동,21839
2020,4,11620715,난향동,15780
2020,4,11620725,조원동,17480
2020,4,11620735,대학동,24481
2020,4,11620745,삼성동,23760
2020,4,11620765,미성동,30979
2020,4,11620775,난곡동,27330
2020,4,11650510,서초1동,21009
2020,4,11650520,서초2동,21404
2020,4,11650530,서초3동,31930
2020,4,11650531,서초4동,31457
2020,4,11650540,잠원동,28349
2020,4,11650550,반포본동,11947
2020,4,11650560,반포1동,32298
2020,4,11650570,반포2동,16079
2020,4,11650580,반포3동,22333
2020,4,11650581,반포4동,19377
2020,4,11650590,방배본동,21099
2020,4,11650600,방배1동,17245
2020,4,11650610,방배2동,20247
2020,4,11650620,방배3동,21283
2020,4,11650621,방배4동,23722
2020,4,11650651,양재1동,44542
2020,4,11650652,양재2동,22452
2020,4,11650660,내곡동,17915
2020,4,11680510,신사동,16672
2020,4,11680521,논현1동,22994
2020,4,11680531,논현2동,21740
2020,4,11680545,압구정동,27248
2020,4,11680565,청담동,27014
2020,4,11680580,삼성1동,13407
2020,4,11680590,삼성2동,30115
2020,4,11680600,대치1동,24900
2020,4,11680610,대치2동,37565
2020,4,11680630,대치4동,20478
2020,4,11680640,역삼1동,35804
2020,4,11680650,역삼2동,36944
2020,4,11680655,도곡1동,22087
2020,4,11680656,도곡2동,33941
2020,4,11680660,개포1동,6408
2020,4,11680670,개포2동,22211
2020,4,11680690,개포4동,22529
2020,4,11680700,세곡동,44314
2020,4,11680720,일원본동,23927
2020,4,11680730,일원1동,15672
2020,4,11680740,일원2동,17642
2020,4,11680750,수서동,15241
2020,4,11710510,풍납1동,13896
2020,4,11710520,풍납2동,25501
2020,4,11710531,거여1동,12616
2020,4,11710532,거여2동,19174
2020,4,11710540,마천1동,19745
2020,4,11710550,마천2동,19564
2020,4,11710561,방이1동,16193
2020,4,11710562,방이2동,26148
2020,4,11710566,오륜동,18483
2020,4,11710570,오금동,39515
2020,4,11710580,송파1동,24810
2020,4,11710590,송파2동,20645
2020,4,11710600,석촌동,32530
2020,4,11710610,삼전동,31448
2020,4,11710620,가락본동,27076
2020,4,11710631,가락1동,27823
2020,4,11710632,가락2동,33013
2020,4,11710641,문정1동,20369
2020,4,11710642,문정2동,29877
2020,4,11710646,장지동,30000
2020,4,11710647,위례동,30548
2020,4,11710650,잠실본동,28558
2020,4,11710670,잠실2동,36151
2020,4,11710680,잠실3동,35314
2020,4,11710690,잠실4동,21711
2020,4,11710710,잠실6동,17212
2020,4,11710720,잠실7동,9882
2020,4,11740515,강일동,35390
2020,4,11740520,상일동,33197
2020,4,11740530,명일1동,26280
2020,4,11740540,명일2동,17494
2020,4,11740550,고덕1동,25955
2020,4,11740560,고덕2동,22444
2020,4,11740570,암사1동,35440
2020,4,11740580,암사2동,15439
2020,4,11740590,암사3동,18359
2020,4,11740600,천호1동,27485
2020,4,11740610,천호2동,34494
2020,4,11740620,천호3동,26573
2020,4,11740640,성내1동,20230
2020,4,11740650,성내2동,24318
2020,4,11740660,성내3동,23440
2020,4,11740685,길동,46576
2020,4,11740690,둔촌1동,24
2020,4,11740700,둔촌2동,26347
2021,1,11110515,청운효자동,12434
2021,1,11110530,사직동,9524
2021,1,11110540,삼청동,2635
2021,1,11110550,부암동,10015
2021,1,11110560,평창동,18390
2021,1,11110570,무악동,8541
2021,1,11110580,교남동,10466
2021,1,11110600,가회동,4325
2021,1,11110615,종로1?2?3?4가동,7242
2021,1,11110630,종로5?6가동,5219
2021,1,11110640,이화동,7603
2021,1,11110650,혜화동,16799
2021,1,11110670,창신1동,5129
2021,1,11110680,창신2동,8326
2021,1,11110690,창신3동,6921
2021,1,11110700,숭인1동,6080
2021,1,11110710,숭인2동,9700
2021,1,11140520,소공동,2073
2021,1,11140540,회현동,5124
2021,1,11140550,명동,2766
2021,1,11140570,필동,4038
2021,1,11140580,장충동,4665
2021,1,11140590,광희동,5204
2021,1,11140605,을지로동,1959
2021,1,11140615,신당동,7698
2021,1,11140625,다산동,14154
2021,1,11140635,약수동,17127
2021,1,11140645,청구동,14045
2021,1,11140650,신당5동,10518
2021,1,11140665,동화동,10659
2021,1,11140670,황학동,12570
2021,1,11140680,중림동,12288
2021,1,11170510,후암동,17736
2021,1,11170520,용산2가동,9925
2021,1,11170530,남영동,7618
2021,1,11170555,청파동,19837
2021,1,11170560,원효로1동,16085
2021,1,11170570,원효로2동,14197
2021,1,11170580,효창동,10191
2021,1,11170590,용문동,12297
2021,1,11170625,한강로동,19846
2021,1,11170630,이촌1동,28160
2021,1,11170640,이촌2동,8729
2021,1,11170650,이태원1동,6926
2021,1,11170660,이태원2동,9269
2021,1,11170685,한남동,21151
2021,1,11170690,서빙고동,13196
2021,1,11170700,보광동,14218
2021,1,11200520,왕십리2동,17081
2021,1,11200535,왕십리도선동,27086
2021,1,11200540,마장동,22773
2021,1,11200550,사근동,11920
2021,1,11200560,행당1동,14071
2021,1,11200570,행당2동,24054
2021,1,11200580,응봉동,15758
2021,1,11200590,금호1가동,15703
2021,1,11200615,금호2?3가동,23406
2021,1,11200620,금호4가동,14708
2021,1,11200645,옥수동,26675
2021,1,11200650,성수1가1동,16575
2021,1,11200660,성수1가2동,13438
2021,1,11200670,성수2가1동,16593
2021,1,11200690,성수2가3동,11147
2021,1,11200720,송정동,10729
2021,1,11200790,용답동,11806
2021,1,11215710,화양동,22632
2021,1,11215730,군자동,19923
2021,1,11215740,중곡1동,16176
2021,1,11215750,중곡2동,21787
2021,1,11215760,중곡3동,16644
2021,1,11215770,중곡4동,29181
2021,1,11215780,능동,11615
2021,1,11215810,광장동,35430
2021,1,11215820,자양1동,22775
2021,1,11215830,자양2동,25646
2021,1,11215840,자양3동,28690
2021,1,11215847,자양4동,17745
2021,1,11215850,구의1동,22038
2021,1,11215860,구의2동,26958
2021,1,11215870,구의3동,29306
2021,1,11230536,용신동,31118
2021,1,11230545,제기동,24935
2021,1,11230560,전농1동,30150
2021,1,11230570,전농2동,19195
2021,1,11230600,답십리1동,29090
2021,1,11230610,답십리2동,29220
2021,1,11230650,장안1동,38693
2021,1,11230660,장안2동,33005
2021,1,11230705,청량리동,19830
2021,1,11230710,회기동,10447
2021,1,11230720,휘경1동,13616
2021,1,11230730,휘경2동,24296
2021,1,11230740,이문1동,18532
2021,1,11230750,이문2동,20461
2021,1,11260520,면목2동,24773
2021,1,11260540,면목4동,18750
2021,1,11260550,면목5동,15170
2021,1,11260565,면목본동,34313
2021,1,11260570,면목7동,22366
2021,1,11260575,면목3?8동,25508
2021,1,11260580,상봉1동,24775
2021,1,11260590,상봉2동,19882
2021,1,11260600,중화1동,20232
2021,1,11260610,중화2동,25562
2021,1,11260620,묵1동,35402
2021,1,11260630,묵2동,19446
2021,1,11260655,망우본동,30392
2021,1,11260660,망우3동,17107
2021,1,11260680,신내1동,39688
2021,1,11260690,신내2동,21208
2021,1,11290525,성북동,16832
2021,1,11290555,삼선동,23545
2021,1,11290575,동선동,15583
2021,1,11290580,돈암1동,15288
2021,1,11290590,돈암2동,24591
2021,1,11290600,안암동,14908
2021,1,11290610,보문동,15749
2021,1,11290620,정릉1동,18647
2021,1,11290630,정릉2동,23495
2021,1,11290640,정릉3동,15532
2021,1,11290650,정릉4동,25601
2021,1,11290660,길음1동,36397
2021,1,11290685,길음2동,17041
2021,1,11290705,종암동,39773
2021,1,11290715,월곡1동,26920
2021,1,11290725,월곡2동,19925
2021,1,11290760,장위1동,20207
2021,1,11290770,장위2동,13848
2021,1,11290780,장위3동,17221
2021,1,11290810,석관동,35589
2021,1,11305534,삼양동,24555
2021,1,11305535,미아동,22217
2021,1,11305545,송중동,30349
2021,1,11305555,송천동,27466
2021,1,11305575,삼각산동,31996
2021,1,11305595,번1동,19057
2021,1,11305603,번2동,16440
2021,1,11305608,번3동,17545
2021,1,11305615,수유1동,21236
2021,1,11305625,수유2동,21476
2021,1,11305635,수유3동,23512
2021,1,11305645,우이동,20955
2021,1,11305660,인수동,31311
2021,1,11320511,창1동,25241
2021,1,11320512,창2동,29648
2021,1,11320513,창3동,14305
2021,1,11320514,창4동,27197
2021,1,11320515,창5동,25203
2021,1,11320521,도봉1동,21653
2021,1,11320522,도봉2동,27800
2021,1,11320660,쌍문1동,21794
2021,1,11320670,쌍문2동,19253
2021,1,11320680,쌍문3동,16762
2021,1,11320681,쌍문4동,19259
2021,1,11320690,방학1동,28975
2021,1,11320700,방학2동,20278
2021,1,11320710,방학3동,27895
2021,1,11350560,월계1동,22454
2021,1,11350570,월계2동,27466
2021,1,11350580,월계3동,30593
2021,1,11350595,공릉1동,37700
2021,1,11350600,공릉2동,39784
2021,1,11350611,하계1동,27479
2021,1,11350612,하계2동,22673
2021,1,11350619,중계본동,24840
2021,1,11350621,중계1동,27473
2021,1,11350624,중계4동,20700
2021,1,11350625,중계2?3동,35461
2021,1,11350630,상계1동,39064
2021,1,11350640,상계2동,20557
2021,1,11350665,상계3?4동,27081
2021,1,11350670,상계5동,24691
2021,1,11350695,상계6?7동,33550
2021,1,11350700,상계8동,22935
2021,1,11350710,상계9동,21136
2021,1,11350720,상계10동,17437
2021,1,11380510,녹번동,37380
2021,1,11380520,불광1동,39732
2021,1,11380530,불광2동,28437
2021,1,11380551,갈현1동,23146
2021,1,11380552,갈현2동,28872
2021,1,11380560,구산동,32750
2021,1,11380570,대조동,27235
2021,1,11380580,응암1동,30938
2021,1,11380590,응암2동,27580
2021,1,11380600,응암3동,25229
2021,1,11380625,역촌동,46566
2021,1,11380631,신사1동,27543
2021,1,11380632,신사2동,20812
2021,1,11380640,증산동,15338
2021,1,11380650,수색동,11132
2021,1,11380690,진관동,57020
2021,1,11410520,천연동,17742
2021,1,11410555,북아현동,16643
2021,1,11410565,충현동,20756
2021,1,11410585,신촌동,19272
2021,1,11410615,연희동,36200
2021,1,11410620,홍제1동,24329
2021,1,11410640,홍제3동,15810
2021,1,11410655,홍제2동,14233
2021,1,11410660,홍은1동,22956
2021,1,11410685,홍은2동,26960
2021,1,11410690,남가좌1동,15900
2021,1,11410700,남가좌2동,30036
2021,1,11410710,북가좌1동,18445
2021,1,11410720,북가좌2동,32607
2021,1,11440555,아현동,25772
2021,1,11440565,공덕동,37964
2021,1,11440585,도화동,21763
2021,1,11440590,용강동,21842
2021,1,11440600,대흥동,14388
2021,1,11440610,염리동,12125
2021,1,11440630,신수동,23146
2021,1,11440655,서강동,24664
2021,1,11440660,서교동,23682
2021,1,11440680,합정동,19846
2021,1,11440690,망원1동,20802
2021,1,11440700,망원2동,19023
2021,1,11440710,연남동,15575
2021,1,11440720,성산1동,19357
2021,1,11440730,성산2동,40394
2021,1,11440740,상암동,31404
2021,1,11470510,목1동,31563
2021,1,11470520,목2동,30445
2021,1,11470530,목3동,22470
2021,1,11470540,목4동,25946
2021,1,11470550,목5동,42205
2021,1,11470560,신월1동,20959
2021,1,11470570,신월2동,21351
2021,1,11470580,신월3동,15749
2021,1,11470590,신월4동,18411
2021,1,11470600,신월5동,15055
2021,1,11470610,신월6동,13741
2021,1,11470611,신월7동,20514
2021,1,11470620,신정1동,20964
2021,1,11470630,신정2동,20051
2021,1,11470640,신정3동,46374
2021,1,11470650,신정4동,33533
2021,1,11470670,신정6동,25017
2021,1,11470680,신정7동,29891
2021,1,11500510,염창동,41853
2021,1,11500520,등촌1동,24118
2021,1,11500530,등촌2동,21104
2021,1,11500535,등촌3동,31490
2021,1,11500540,화곡1동,51115
2021,1,11500550,화곡2동,17836
2021,1,11500560,화곡3동,21443
2021,1,11500570,화곡4동,20867
2021,1,11500590,화곡본동,38372
2021,1,11500591,화곡6동,24230
2021,1,11500593,화곡8동,24746
2021,1,11500603,가양1동,34206
2021,1,11500604,가양2동,14520
2021,1,11500605,가양3동,15544
2021,1,11500611,발산1동,37403
2021,1,11500615,우장산동,43678
2021,1,11500620,공항동,26929
2021,1,11500630,방화1동,44340
2021,1,11500640,방화2동,23107
2021,1,11500641,방화3동,23471
2021,1,11530510,신도림동,36197
2021,1,11530520,구로1동,21220
2021,1,11530530,구로2동,24606
2021,1,11530540,구로3동,23853
2021,1,11530550,구로4동,20378
2021,1,11530560,구로5동,29372
2021,1,11530595,가리봉동,9271
2021,1,11530720,고척1동,23146
2021,1,11530730,고척2동,27366
2021,1,11530740,개봉1동,34336
2021,1,11530750,개봉2동,31775
2021,1,11530760,개봉3동,20845
2021,1,11530770,오류1동,22669
2021,1,11530780,오류2동,39127
2021,1,11530790,수궁동,23972
2021,1,11530800,항동,16279
2021,1,11545510,가산동,23050
2021,1,11545610,독산1동,42270
2021,1,11545620,독산2동,19016
2021,1,11545630,독산3동,24503
2021,1,11545640,독산4동,15537
2021,1,11545670,시흥1동,33778
2021,1,11545680,시흥2동,21962
2021,1,11545690,시흥3동,11130
2021,1,11545700,시흥4동,20791
2021,1,11545710,시흥5동,19686
2021,1,11560515,영등포본동,21466
2021,1,11560535,영등포동,28026
2021,1,11560540,여의동,34156
2021,1,11560550,당산1동,20750
2021,1,11560560,당산2동,37551
2021,1,11560585,도림동,18248
2021,1,11560605,문래동,33159
2021,1,11560610,양평1동,17384
2021,1,11560620,양평2동,22389
2021,1,11560630,신길1동,17447
2021,1,11560650,신길3동,16891
2021,1,11560660,신길4동,10489
2021,1,11560670,신길5동,11179
2021,1,11560680,신길6동,19624
2021,1,11560690,신길7동,20286
2021,1,11560700,대림1동,14842
2021,1,11560710,대림2동,12409
2021,1,11560720,대림3동,22896
2021,1,11590510,노량진1동,32054
2021,1,11590520,노량진2동,12664
2021,1,11590530,상도1동,45153
2021,1,11590540,상도2동,27835
2021,1,11590550,상도3동,25071
2021,1,11590560,상도4동,28885
2021,1,11590605,흑석동,32306
2021,1,11590620,사당1동,23072
2021,1,11590630,사당2동,27227
2021,1,11590640,사당3동,25027
2021,1,11590650,사당4동,14426
2021,1,11590651,사당5동,14690
2021,1,11590660,대방동,38781
2021,1,11590670,신대방1동,23662
2021,1,11590680,신대방2동,20916
2021,1,11620525,보라매동,23236
2021,1,11620545,청림동,15551
2021,1,11620565,성현동,33366
2021,1,11620575,행운동,28912
2021,1,11620585,낙성대동,15664
2021,1,11620595,청룡동,34681
2021,1,11620605,은천동,33720
2021,1,11620615,중앙동,15166
2021,1,11620625,인헌동,25460
2021,1,11620630,남현동,18396
2021,1,11620645,서원동,22343
2021,1,11620655,신원동,18098
2021,1,11620665,서림동,25506
2021,1,11620685,신사동,22688
2021,1,11620695,신림동,21839
2021,1,11620715,난향동,15780
2021,1,11620725,조원동,17480
2021,1,11620735,대학동,24481
2021,1,11620745,삼성동,23760
2021,1,11620765,미성동,30979
2021,1,11620775,난곡동,27330
2021,1,11650510,서초1동,21009
2021,1,11650520,서초2동,21404
2021,1,11650530,서초3동,31930
2021,1,11650531,서초4동,31457
2021,1,11650540,잠원동,28349
2021,1,11650550,반포본동,11947
2021,1,11650560,반포1동,32298
2021,1,11650570,반포2동,16079
2021,1,11650580,반포3동,22333
2021,1,11650581,반포4동,19377
2021,1,11650590,방배본동,21099
2021,1,11650600,방배1동,17245
2021,1,11650610,방배2동,20247
2021,1,11650620,방배3동,21283
2021,1,11650621,방배4동,23722
2021,1,11650651,양재1동,44542
2021,1,11650652,양재2동,22452
2021,1,11650660,내곡동,17915
2021,1,11680510,신사동,16672
2021,1,11680521,논현1동,22994
2021,1,11680531,논현2동,21740
2021,1,11680545,압구정동,27248
2021,1,11680565,청담동,27014
2021,1,11680580,삼성1동,13407
2021,1,11680590,삼성2동,30115
2021,1,11680600,대치1동,24900
2021,1,11680610,대치2동,37565
2021,1,11680630,대치4동,20478
2021,1,11680640,역삼1동,35804
2021,1,11680650,역삼2동,36944
2021,1,11680655,도곡1동,22087
2021,1,11680656,도곡2동,33941
2021,1,11680660,개포1동,6408
2021,1,11680670,개포2동,22211
2021,1,11680690,개포4동,22529
2021,1,11680700,세곡동,44314
2021,1,11680720,일원본동,23927
2021,1,11680730,일원1동,15672
2021,1,11680740,일원2동,17642
2021,1,11680750,수서동,15241
2021,1,11710510,풍납1동,13896
2021,1,11710520,풍납2동,25501
2021,1,11710531,거여1동,12616
2021,1,11710532,거여2동,19174
2021,1,11710540,마천1동,19745
2021,1,11710550,마천2동,19564
2021,1,11710561,방이1동,16193
2021,1,11710562,방이2동,26148
2021,1,11710566,오륜동,18483
2021,1,11710570,오금동,39515
2021,1,11710580,송파1동,24810
2021,1,11710590,송파2동,20645
2021,1,11710600,석촌동,32530
2021,1,11710610,삼전동,31448
2021,1,11710620,가락본동,27076
2021,1,11710631,가락1동,27823
2021,1,11710632,가락2동,33013
2021,1,11710641,문정1동,20369
2021,1,11710642,문정2동,29877
2021,1,11710646,장지동,30000
2021,1,11710647,위례동,30548
2021,1,11710650,잠실본동,28558
2021,1,11710670,잠실2동,36151
2021,1,11710680,잠실3동,35314
2021,1,11710690,잠실4동,21711
2021,1,11710710,잠실6동,17212
2021,1,11710720,잠실7동,9882
2021,1,11740515,강일동,35390
2021,1,11740520,상일동,33197
2021,1,11740530,명일1동,26280
2021,1,11740540,명일2동,17494
2021,1,11740550,고덕1동,25955
2021,1,11740560,고덕2동,22444
2021,1,11740570,암사1동,35440
2021,1,11740580,암사2동,15439
2021,1,11740590,암사3동,18359
2021,1,11740600,천호1동,27485
2021,1,11740610,천호2동,34494
2021,1,11740620,천호3동,26573
2021,1,11740640,성내1동,20230
2021,1,11740650,성내2동,24318
2021,1,11740660,성내3동,23440
2021,1,11740685,길동,46576
2021,1,11740690,둔촌1동,24
2021,1,11740700,둔촌2동,26347
2021,2,11110515,청운효자동,12434
2021,2,11110530,사직동,9524
2021,2,11110540,삼청동,2635
2021,2,11110550,부암동,10015
2021,2,11110560,평창동,18390
2021,2,11110570,무악동,8541
2021,2,11110580,교남동,10466
2021,2,11110600,가회동,4325
2021,2,11110615,종로1?2?3?4가동,7242
2021,2,11110630,종로5?6가동,5219
2021,2,11110640,이화동,7603
2021,2,11110650,혜화동,16799
2021,2,11110670,창신1동,5129
2021,2,11110680,창신2동,8326
2021,2,11110690,창신3동,6921
2021,2,11110700,숭인1동,6080
2021,2,11110710,숭인2동,9700
2021,2,11140520,소공동,2073
2021,2,11140540,회현동,5124
2021,2,11140550,명동,2766
2021,2,11140570,필동,4038
2021,2,11140580,장충동,4665
2021,2,11140590,광희동,5204
2021,2,11140605,을지로동,1959
2021,2,11140615,신당동,7698
2021,2,11140625,다산동,14154
2021,2,11140635,약수동,17127
2021,2,11140645,청구동,14045
2021,2,11140650,신당5동,10518
2021,2,11140665,동화동,10659
2021,2,11140670,황학동,12570
2021,2,11140680,중림동,12288
2021,2,11170510,후암동,17736
2021,2,11170520,용산2가동,9925
2021,2,11170530,남영동,7618
2021,2,11170555,청파동,19837
2021,2,11170560,원효로1동,16085
2021,2,11170570,원효로2동,14197
2021,2,11170580,효창동,10191
2021,2,11170590,용문동,12297
2021,2,11170625,한강로동,19846
2021,2,11170630,이촌1동,28160
2021,2,11170640,이촌2동,8729
2021,2,11170650,이태원1동,6926
2021,2,11170660,이태원2동,9269
2021,2,11170685,한남동,21151
2021,2,11170690,서빙고동,13196
2021,2,11170700,보광동,14218
2021,2,11200520,왕십리2동,17081
2021,2,11200535,왕십리도선동,27086
2021,2,11200540,마장동,22773
2021,2,11200550,사근동,11920
2021,2,11200560,행당1동,14071
2021,2,11200570,행당2동,24054
2021,2,11200580,응봉동,15758
2021,2,11200590,금호1가동,15703
2021,2,11200615,금호2?3가동,23406
2021,2,11200620,금호4가동,14708
2021,2,11200645,옥수동,26675
2021,2,11200650,성수1가1동,16575
2021,2,11200660,성수1가2동,13438
2021,2,11200670,성수2가1동,16593
2021,2,11200690,성수2가3동,11147
2021,2,11200720,송정동,10729
2021,2,11200790,용답동,11806
2021,2,11215710,화양동,22632
2021,2,11215730,군자동,19923
2021,2,11215740,중곡1동,16176
2021,2,11215750,중곡2동,21787
2021,2,11215760,중곡3동,16644
2021,2,11215770,중곡4동,29181
2021,2,11215780,능동,11615
2021,2,11215810,광장동,35430
2021,2,11215820,자양1동,22775
2021,2,11215830,자양2동,25646
2021,2,11215840,자양3동,28690
2021,2,11215847,자양4동,17745
2021,2,11215850,구의1동,22038
2021,2,11215860,구의2동,26958
2021,2,11215870,구의3동,29306
2021,2,11230536,용신동,31118
2021,2,11230545,제기동,24935
2021,2,11230560,전농1동,30150
2021,2,11230570,전농2동,19195
2021,2,11230600,답십리1동,29090
2021,2,11230610,답십리2동,29220
2021,2,11230650,장안1동,38693
2021,2,11230660,장안2동,33005
2021,2,11230705,청량리동,19830
2021,2,11230710,회기동,10447
2021,2,11230720,휘경1동,13616
2021,2,11230730,휘경2동,24296
2021,2,11230740,이문1동,18532
2021,2,11230750,이문2동,20461
2021,2,11260520,면목2동,24773
2021,2,11260540,면목4동,18750
2021,2,11260550,면목5동,15170
2021,2,11260565,면목본동,34313
2021,2,11260570,면목7동,22366
2021,2,11260575,면목3?8동,25508
2021,2,11260580,상봉1동,24775
2021,2,11260590,상봉2동,19882
2021,2,11260600,중화1동,20232
2021,2,11260610,중화2동,25562
2021,2,11260620,묵1동,35402
2021,2,11260630,묵2동,19446
2021,2,11260655,망우본동,30392
2021,2,11260660,망우3동,17107
2021,2,11260680,신내1동,39688
2021,2,11260690,신내2동,21208
2021,2,11290525,성북동,16832
2021,2,11290555,삼선동,23545
2021,2,11290575,동선동,15583
2021,2,11290580,돈암1동,15288
2021,2,11290590,돈암2동,24591
2021,2,11290600,안암동,14908
2021,2,11290610,보문동,15749
2021,2,11290620,정릉1동,18647
2021,2,11290630,정릉2동,23495
2021,2,11290640,정릉3동,15532
2021,2,11290650,정릉4동,25601
2021,2,11290660,길음1동,36397
2021,2,11290685,길음2동,17041
2021,2,11290705,종암동,39773
2021,2,11290715,월곡1동,26920
2021,2,11290725,월곡2동,19925
2021,2,11290760,장위1동,20207
2021,2,11290770,장위2동,13848
2021,2,11290780,장위3동,17221
2021,2,11290810,석관동,35589
2021,2,11305534,삼양동,24555
2021,2,11305535,미아동,22217
2021,2,11305545,송중동,30349
2021,2,11305555,송천동,27466
2021,2,11305575,삼각산동,31996
2021,2,11305595,번1동,19057
2021,2,11305603,번2동,16440
2021,2,11305608,번3동,17545
2021,2,11305615,수유1동,21236
2021,2,11305625,수유2동,21476
2021,2,11305635,수유3동,23512
2021,2,11305645,우이동,20955
2021,2,11305660,인수동,31311
2021,2,11320511,창1동,25241
2021,2,11320512,창2동,29648
2021,2,11320513,창3동,14305
2021,2,11320514,창4동,27197
2021,2,11320515,창5동,25203
2021,2,11320521,도봉1동,21653
2021,2,11320522,도봉2동,27800
2021,2,11320660,쌍문1동,21794
2021,2,11320670,쌍문2동,19253
2021,2,11320680,쌍문3동,16762
2021,2,11320681,쌍문4동,19259
2021,2,11320690,방학1동,28975
2021,2,11320700,방학2동,20278
2021,2,11320710,방학3동,27895
2021,2,11350560,월계1동,22454
2021,2,11350570,월계2동,27466
2021,2,11350580,월계3동,30593
2021,2,11350595,공릉1동,37700
2021,2,11350600,공릉2동,39784
2021,2,11350611,하계1동,27479
2021,2,11350612,하계2동,22673
2021,2,11350619,중계본동,24840
2021,2,11350621,중계1동,27473
2021,2,11350624,중계4동,20700
2021,2,11350625,중계2?3동,35461
2021,2,11350630,상계1동,39064
2021,2,11350640,상계2동,20557
2021,2,11350665,상계3?4동,27081
2021,2,11350670,상계5동,24691
2021,2,11350695,상계6?7동,33550
2021,2,11350700,상계8동,22935
2021,2,11350710,상계9동,21136
2021,2,11350720,상계10동,17437
2021,2,11380510,녹번동,37380
2021,2,11380520,불광1동,39732
2021,2,11380530,불광2동,28437
2021,2,11380551,갈현1동,23146
2021,2,11380552,갈현2동,28872
2021,2,11380560,구산동,32750
2021,2,11380570,대조동,27235
2021,2,11380580,응암1동,30938
2021,2,11380590,응암2동,27580
2021,2,11380600,응암3동,25229
2021,2,11380625,역촌동,46566
2021,2,11380631,신사1동,27543
2021,2,11380632,신사2동,20812
2021,2,11380640,증산동,15338
2021,2,11380650,수색동,11132
2021,2,11380690,진관동,57020
2021,2,11410520,천연동,17742
2021,2,11410555,북아현동,16643
2021,2,11410565,충현동,20756
2021,2,11410585,신촌동,19272
2021,2,11410615,연희동,36200
2021,2,11410620,홍제1동,24329
2021,2,11410640,홍제3동,15810
2021,2,11410655,홍제2동,14233
2021,2,11410660,홍은1동,22956
2021,2,11410685,홍은2동,26960
2021,2,11410690,남가좌1동,15900
2021,2,11410700,남가좌2동,30036
2021,2,11410710,북가좌1동,18445
2021,2,11410720,북가좌2동,32607
2021,2,11440555,아현동,25772
2021,2,11440565,공덕동,37964
2021,2,11440585,도화동,21763
2021,2,11440590,용강동,21842
2021,2,11440600,대흥동,14388
2021,2,11440610,염리동,12125
2021,2,11440630,신수동,23146
2021,2,11440655,서강동,24664
2021,2,11440660,서교동,23682
2021,2,11440680,합정동,19846
2021,2,11440690,망원1동,20802
2021,2,11440700,망원2동,19023
2021,2,11440710,연남동,15575
2021,2,11440720,성산1동,19357
2021,2,11440730,성산2동,40394
2021,2,11440740,상암동,31404
2021,2,11470510,목1동,31563
2021,2,11470520,목2동,30445
2021,2,11470530,목3동,22470
2021,2,11470540,목4동,25946
2021,2,11470550,목5동,42205
2021,2,11470560,신월1동,20959
2021,2,11470570,신월2동,21351
2021,2,11470580,신월3동,15749
2021,2,11470590,신월4동,18411
2021,2,11470600,신월5동,15055
2021,2,11470610,신월6동,13741
2021,2,11470611,신월7동,20514
2021,2,11470620,신정1동,20964
2021,2,11470630,신정2동,20051
2021,2,11470640,신정3동,46374
2021,2,11470650,신정4동,33533
2021,2,11470670,신정6동,25017
2021,2,11470680,신정7동,29891
2021,2,11500510,염창동,41853
2021,2,11500520,등촌1동,24118
2021,2,11500530,등촌2동,21104
2021,2,11500535,등촌3동,31490
2021,2,11500540,화곡1동,51115
2021,2,11500550,화곡2동,17836
2021,2,11500560,화곡3동,21443
2021,2,11500570,화곡4동,20867
2021,2,11500590,화곡본동,38372
2021,2,11500591,화곡6동,24230
2021,2,11500593,화곡8동,24746
2021,2,11500603,가양1동,34206
2021,2,11500604,가양2동,14520
2021,2,11500605,가양3동,15544
2021,2,11500611,발산1동,37403
2021,2,11500615,우장산동,43678
2021,2,11500620,공항동,26929
2021,2,11500630,방화1동,44340
2021,2,11500640,방화2동,23107
2021,2,11500641,방화3동,23471
2021,2,11530510,신도림동,36197
2021,2,11530520,구로1동,21220
2021,2,11530530,구로2동,24606
2021,2,11530540,구로3동,23853
2021,2,11530550,구로4동,20378
2021,2,11530560,구로5동,29372
2021,2,11530595,가리봉동,9271
2021,2,11530720,고척1동,23146
2021,2,11530730,고척2동,27366
2021,2,11530740,개봉1동,34336
2021,2,11530750,개봉2동,31775
2021,2,11530760,개봉3동,20845
2021,2,11530770,오류1동,22669
2021,2,11530780,오류2동,39127
2021,2,11530790,수궁동,23972
2021,2,11530800,항동,16279
2021,2,11545510,가산동,23050
2021,2,11545610,독산1동,42270
2021,2,11545620,독산2동,19016
2021,2,11545630,독산3동,24503
2021,2,11545640,독산4동,15537
2021,2,11545670,시흥1동,33778
2021,2,11545680,시흥2동,21962
2021,2,11545690,시흥3동,11130
2021,2,11545700,시흥4동,20791
2021,2,11545710,시흥5동,19686
2021,2,11560515,영등포본동,21466
2021,2,11560535,영등포동,28026
2021,2,11560540,여의동,34156
2021,2,11560550,당산1동,20750
2021,2,11560560,당산2동,37551
2021,2,11560585,도림동,18248
2021,2,11560605,문래동,33159
2021,2,11560610,양평1동,17384
2021,2,11560620,양평2동,22389
2021,2,11560630,신길1동,17447
2021,2,11560650,신길3동,16891
2021,2,11560660,신길4동,10489
2021,2,11560670,신길5동,11179
2021,2,11560680,신길6동,19624
2021,2,11560690,신길7동,20286
2021,2,11560700,대림1동,14842
2021,2,11560710,대림2동,12409
2021,2,11560720,대림3동,22896
2021,2,11590510,노량진1동,32054
2021,2,11590520,노량진2동,12664
2021,2,11590530,상도1동,45153
2021,2,11590540,상도2동,27835
2021,2,11590550,상도3동,25071
2021,2,11590560,상도4동,28885
2021,2,11590605,흑석동,32306
2021,2,11590620,사당1동,23072
2021,2,11590630,사당2동,27227
2021,2,11590640,사당3동,25027
2021,2,11590650,사당4동,14426
2021,2,11590651,사당5동,14690
2021,2,11590660,대방동,38781
2021,2,11590670,신대방1동,23662
2021,2,11590680,신대방2동,20916
2021,2,11620525,보라매동,23236
2021,2,11620545,청림동,15551
2021,2,11620565,성현동,33366
2021,2,11620575,행운동,28912
2021,2,11620585,낙성대동,15664
2021,2,11620595,청룡동,34681
2021,2,11620605,은천동,33720
2021,2,11620615,중앙동,15166
2021,2,11620625,인헌동,25460
2021,2,11620630,남현동,18396
2021,2,11620645,서원동,22343
2021,2,11620655,신원동,18098
2021,2,11620665,서림동,25506
2021,2,11620685,신사동,22688
2021,2,11620695,신림동,21839
2021,2,11620715,난향동,15780
2021,2,11620725,조원동,17480
2021,2,11620735,대학동,24481
2021,2,11620745,삼성동,23760
2021,2,11620765,미성동,30979
2021,2,11620775,난곡동,27330
2021,2,11650510,서초1동,21009
2021,2,11650520,서초2동,21404
2021,2,11650530,서초3동,31930
2021,2,11650531,서초4동,31457
2021,2,11650540,잠원동,28349
2021,2,11650550,반포본동,11947
2021,2,11650560,반포1동,32298
2021,2,11650570,반포2동,16079
2021,2,11650580,반포3동,22333
2021,2,11650581,반포4동,19377
2021,2,11650590,방배본동,21099
2021,2,11650600,방배1동,17245
2021,2,11650610,방배2동,20247
2021,2,11650620,방배3동,21283
2021,2,11650621,방배4동,23722
2021,2,11650651,양재1동,44542
2021,2,11650652,양재2동,22452
2021,2,11650660,내곡동,17915
2021,2,11680510,신사동,16672
2021,2,11680521,논현1동,22994
2021,2,11680531,논현2동,21740
2021,2,11680545,압구정동,27248
2021,2,11680565,청담동,27014
2021,2,11680580,삼성1동,13407
2021,2,11680590,삼성2동,30115
2021,2,11680600,대치1동,24900
2021,2,11680610,대치2동,37565
2021,2,11680630,대치4동,20478
2021,2,11680640,역삼1동,35804
2021,2,11680650,역삼2동,36944
2021,2,11680655,도곡1동,22087
2021,2,11680656,도곡2동,33941
2021,2,11680660,개포1동,6408
2021,2,11680670,개포2동,22211
2021,2,11680690,개포4동,22529
2021,2,11680700,세곡동,44314
2021,2,11680720,일원본동,23927
2021,2,11680730,일원1동,15672
2021,2,11680740,일원2동,17642
2021,2,11680750,수서동,15241
2021,2,11710510,풍납1동,13896
2021,2,11710520,풍납2동,25501
2021,2,11710531,거여1동,12616
2021,2,11710532,거여2동,19174
2021,2,11710540,마천1동,19745
2021,2,11710550,마천2동,19564
2021,2,11710561,방이1동,16193
2021,2,11710562,방이2동,26148
2021,2,11710566,오륜동,18483
2021,2,11710570,오금동,39515
2021,2,11710580,송파1동,24810
2021,2,11710590,송파2동,20645
2021,2,11710600,석촌동,32530
2021,2,11710610,삼전동,31448
2021,2,11710620,가락본동,27076
2021,2,11710631,가락1동,27823
2021,2,11710632,가락2동,33013
2021,2,11710641,문정1동,20369
2021,2,11710642,문정2동,29877
2021,2,11710646,장지동,30000
2021,2,11710647,위례동,30548
2021,2,11710650,잠실본동,28558
2021,2,11710670,잠실2동,36151
2021,2,11710680,잠실3동,35314
2021,2,11710690,잠실4동,21711
2021,2,11710710,잠실6동,17212
2021,2,11710720,잠실7동,9882
2021,2,11740515,강일동,35390
2021,2,11740520,상일동,33197
2021,2,11740530,명일1동,26280
2021,2,11740540,명일2동,17494
2021,2,11740550,고덕1동,25955
2021,2,11740560,고덕2동,22444
2021,2,11740570,암사1동,35440
2021,2,11740580,암사2동,15439
2021,2,11740590,암사3동,18359
2021,2,11740600,천호1동,27485
2021,2,11740610,천호2동,34494
2021,2,11740620,천호3동,26573
2021,2,11740640,성내1동,20230
2021,2,11740650,성내2동,24318
2021,2,11740660,성내3동,23440
2021,2,11740685,길동,46576
2021,2,11740690,둔촌1동,24
2021,2,11740700,둔촌2동,26347
2021,3,11110515,청운효자동,12434
2021,3,11110530,사직동,9524
2021,3,11110540,삼청동,2635
2021,3,11110550,부암동,10015
2021,3,11110560,평창동,18390
2021,3,11110570,무악동,8541
2021,3,11110580,교남동,10466
2021,3,11110600,가회동,4325
2021,3,11110615,종로1?2?3?4가동,7242
2021,3,11110630,종로5?6가동,5219
2021,3,11110640,이화동,7603
2021,3,11110650,혜화동,16799
2021,3,11110670,창신1동,5129
2021,3,11110680,창신2동,8326
2021,3,11110690,창신3동,6921
2021,3,11110700,숭인1동,6080
2021,3,11110710,숭인2동,9700
2021,3,11140520,소공동,2073
2021,3,11140540,회현동,5124
2021,3,11140550,명동,2766
2021,3,11140570,필동,4038
2021,3,11140580,장충동,4665
2021,3,11140590,광희동,5204
2021,3,11140605,을지로동,1959
2021,3,11140615,신당동,7698
2021,3,11140625,다산동,14154
2021,3,11140635,약수동,17127
2021,3,11140645,청구동,14045
2021,3,11140650,신당5동,10518
2021,3,11140665,동화동,10659
2021,3,11140670,황학동,12570
2021,3,11140680,중림동,12288
2021,3,11170510,후암동,17736
2021,3,11170520,용산2가동,9925
2021,3,11170530,남영동,7618
2021,3,11170555,청파동,19837
2021,3,11170560,원효로1동,16085
2021,3,11170570,원효로2동,14197
2021,3,11170580,효창동,10191
2021,3,11170590,용문동,12297
2021,3,11170625,한강로동,19846
2021,3,11170630,이촌1동,28160
2021,3,11170640,이촌2동,8729
2021,3,11170650,이태원1동,6926
2021,3,11170660,이태원2동,9269
2021,3,11170685,한남동,21151
2021,3,11170690,서빙고동,13196
2021,3,11170700,보광동,14218
2021,3,11200520,왕십리2동,17081
2021,3,11200535,왕십리도선동,27086
2021,3,11200540,마장동,22773
2021,3,11200550,사근동,11920
2021,3,11200560,행당1동,14071
2021,3,11200570,행당2동,24054
2021,3,11200580,응봉동,15758
2021,3,11200590,금호1가동,15703
2021,3,11200615,금호2?3가동,23406
2021,3,11200620,금호4가동,14708
2021,3,11200645,옥수동,26675
2021,3,11200650,성수1가1동,16575
2021,3,11200660,성수1가2동,13438
2021,3,11200670,성수2가1동,16593
2021,3,11200690,성수2가3동,11147
2021,3,11200720,송정동,10729
2021,3,11200790,용답동,11806
2021,3,11215710,화양동,22632
2021,3,11215730,군자동,19923
2021,3,11215740,중곡1동,16176
2021,3,11215750,중곡2동,21787
2021,3,11215760,중곡3동,16644
2021,3,11215770,중곡4동,29181
2021,3,11215780,능동,11615
2021,3,11215810,광장동,35430
2021,3,11215820,자양1동,22775
2021,3,11215830,자양2동,25646
2021,3,11215840,자양3동,28690
2021,3,11215847,자양4동,17745
2021,3,11215850,구의1동,22038
2021,3,11215860,구의2동,26958
2021,3,11215870,구의3동,29306
2021,3,11230536,용신동,31118
2021,3,11230545,제기동,24935
2021,3,11230560,전농1동,30150
2021,3,11230570,전농2동,19195
2021,3,11230600,답십리1동,29090
2021,3,11230610,답십리2동,29220
2021,3,11230650,장안1동,38693
2021,3,11230660,장안2동,33005
2021,3,11230705,청량리동,19830
2021,3,11230710,회기동,10447
2021,3,11230720,휘경1동,13616
2021,3,11230730,휘경2동,24296
2021,3,11230740,이문1동,18532
2021,3,11230750,이문2동,20461
2021,3,11260520,면목2동,24773
2021,3,11260540,면목4동,18750
2021,3,11260550,면목5동,15170
2021,3,11260565,면목본동,34313
2021,3,11260570,면목7동,22366
2021,3,11260575,면목3?8동,25508
2021,3,11260580,상봉1동,24775
2021,3,11260590,상봉2동,19882
2021,3,11260600,중화1동,20232
2021,3,11260610,중화2동,25562
2021,3,11260620,묵1동,35402
2021,3,11260630,묵2동,19446
2021,3,11260655,망우본동,30392
2021,3,11260660,망우3동,17107
2021,3,11260680,신내1동,39688
2021,3,11260690,신내2동,21208
2021,3,11290525,성북동,16832
2021,3,11290555,삼선동,23545
2021,3,11290575,동선동,15583
2021,3,11290580,돈암1동,15288
2021,3,11290590,돈암2동,24591
2021,3,11290600,안암동,14908
2021,3,11290610,보문동,15749
2021,3,11290620,정릉1동,18647
2021,3,11290630,정릉2동,23495
2021,3,11290640,정릉3동,15532
2021,3,11290650,정릉4동,25601
2021,3,11290660,길음1동,36397
2021,3,11290685,길음2동,17041
2021,3,11290705,종암동,39773
2021,3,11290715,월곡1동,26920
2021,3,11290725,월곡2동,19925
2021,3,11290760,장위1동,20207
2021,3,11290770,장위2동,13848
2021,3,11290780,장위3동,17221
2021,3,11290810,석관동,35589
2021,3,11305534,삼양동,24555
2021,3,11305535,미아동,22217
2021,3,11305545,송중동,30349
2021,3,11305555,송천동,27466
2021,3,11305575,삼각산동,31996
2021,3,11305595,번1동,19057
2021,3,11305603,번2동,16440
2021,3,11305608,번3동,17545
2021,3,11305615,수유1동,21236
2021,3,11305625,수유2동,21476
2021,3,11305635,수유3동,23512
2021,3,11305645,우이동,20955
2021,3,11305660,인수동,31311
2021,3,11320511,창1동,25241
2021,3,11320512,창2동,29648
2021,3,11320513,창3동,14305
2021,3,11320514,창4동,27197
2021,3,11320515,창5동,25203
2021,3,11320521,도봉1동,21653
2021,3,11320522,도봉2동,27800
2021,3,11320660,쌍문1동,21794
2021,3,11320670,쌍문2동,19253
2021,3,11320680,쌍문3동,16762
2021,3,11320681,쌍문4동,19259
2021,3,11320690,방학1동,28975
2021,3,11320700,방학2동,20278
2021,3,11320710,방학3동,27895
2021,3,11350560,월계1동,22454
2021,3,11350570,월계2동,27466
2021,3,11350580,월계3동,30593
2021,3,11350595,공릉1동,37700
2021,3,11350600,공릉2동,39784
2021,3,11350611,하계1동,27479
2021,3,11350612,하계2동,22673
2021,3,11350619,중계본동,24840
2021,3,11350621,중계1동,27473
2021,3,11350624,중계4동,20700
2021,3,11350625,중계2?3동,35461
2021,3,11350630,상계1동,39064
2021,3,11350640,상계2동,20557
2021,3,11350665,상계3?4동,27081
2021,3,11350670,상계5동,24691
2021,3,11350695,상계6?7동,33550
2021,3,11350700,상계8동,22935
2021,3,11350710,상계9동,21136
2021,3,11350720,상계10동,17437
2021,3,11380510,녹번동,37380
2021,3,11380520,불광1동,39732
2021,3,11380530,불광2동,28437
2021,3,11380551,갈현1동,23146
2021,3,11380552,갈현2동,28872
2021,3,11380560,구산동,32750
2021,3,11380570,대조동,27235
2021,3,11380580,응암1동,30938
2021,3,11380590,응암2동,27580
2021,3,11380600,응암3동,25229
2021,3,11380625,역촌동,46566
2021,3,11380631,신사1동,27543
2021,3,11380632,신사2동,20812
2021,3,11380640,증산동,15338
2021,3,11380650,수색동,11132
2021,3,11380690,진관동,57020
2021,3,11410520,천연동,17742
2021,3,11410555,북아현동,16643
2021,3,11410565,충현동,20756
2021,3,11410585,신촌동,19272
2021,3,11410615,연희동,36200
2021,3,11410620,홍제1동,24329
2021,3,11410640,홍제3동,15810
2021,3,11410655,홍제2동,14233
2021,3,11410660,홍은1동,22956
2021,3,11410685,홍은2동,26960
2021,3,11410690,남가좌1동,15900
2021,3,11410700,남가좌2동,30036
2021,3,11410710,북가좌1동,18445
2021,3,11410720,북가좌2동,32607
2021,3,11440555,아현동,25772
2021,3,11440565,공덕동,37964
2021,3,11440585,도화동,21763
2021,3,11440590,용강동,21842
2021,3,11440600,대흥동,14388
2021,3,11440610,염리동,12125
2021,3,11440630,신수동,23146
2021,3,11440655,서강동,24664
2021,3,11440660,서교동,23682
2021,3,11440680,합정동,19846
2021,3,11440690,망원1동,20802
2021,3,11440700,망원2동,19023
2021,3,11440710,연남동,15575
2021,3,11440720,성산1동,19357
2021,3,11440730,성산2동,40394
2021,3,11440740,상암동,31404
2021,3,11470510,목1동,31563
2021,3,11470520,목2동,30445
2021,3,11470530,목3동,22470
2021,3,11470540,목4동,25946
2021,3,11470550,목5동,42205
2021,3,11470560,신월1동,20959
2021,3,11470570,신월2동,21351
2021,3,11470580,신월3동,15749
2021,3,11470590,신월4동,18411
2021,3,11470600,신월5동,15055
2021,3,11470610,신월6동,13741
2021,3,11470611,신월7동,20514
2021,3,11470620,신정1동,20964
2021,3,11470630,신정2동,20051
2021,3,11470640,신정3동,46374
2021,3,11470650,신정4동,33533
2021,3,11470670,신정6동,25017
2021,3,11470680,신정7동,29891
2021,3,11500510,염창동,41853
2021,3,11500520,등촌1동,24118
2021,3,11500530,등촌2동,21104
2021,3,11500535,등촌3동,31490
2021,3,11500540,화곡1동,51115
2021,3,11500550,화곡2동,17836
2021,3,11500560,화곡3동,21443
2021,3,11500570,화곡4동,20867
2021,3,11500590,화곡본동,38372
2021,3,11500591,화곡6동,24230
2021,3,11500593,화곡8동,24746
2021,3,11500603,가양1동,34206
2021,3,11500604,가양2동,14520
2021,3,11500605,가양3동,15544
2021,3,11500611,발산1동,37403
2021,3,11500615,우장산동,43678
2021,3,11500620,공항동,26929
2021,3,11500630,방화1동,44340
2021,3,11500640,방화2동,23107
2021,3,11500641,방화3동,23471
2021,3,11530510,신도림동,36197
2021,3,11530520,구로1동,21220
2021,3,11530530,구로2동,24606
2021,3,11530540,구로3동,23853
2021,3,11530550,구로4동,20378
2021,3,11530560,구로5동,29372
2021,3,11530595,가리봉동,9271
2021,3,11530720,고척1동,23146
2021,3,11530730,고척2동,27366
2021,3,11530740,개봉1동,34336
2021,3,11530750,개봉2동,31775
2021,3,11530760,개봉3동,20845
2021,3,11530770,오류1동,22669
2021,3,11530780,오류2동,39127
2021,3,11530790,수궁동,23972
2021,3,11530800,항동,16279
2021,3,11545510,가산동,23050
2021,3,11545610,독산1동,42270
2021,3,11545620,독산2동,19016
2021,3,11545630,독산3동,24503
2021,3,11545640,독산4동,15537
2021,3,11545670,시흥1동,33778
2021,3,11545680,시흥2동,21962
2021,3,11545690,시흥3동,11130
2021,3,11545700,시흥4동,20791
2021,3,11545710,시흥5동,19686
2021,3,11560515,영등포본동,21466
2021,3,11560535,영등포동,28026
2021,3,11560540,여의동,34156
2021,3,11560550,당산1동,20750
2021,3,11560560,당산2동,37551
2021,3,11560585,도림동,18248
2021,3,11560605,문래동,33159
2021,3,11560610,양평1동,17384
2021,3,11560620,양평2동,22389
2021,3,11560630,신길1동,17447
2021,3,11560650,신길3동,16891
2021,3,11560660,신길4동,10489
2021,3,11560670,신길5동,11179
2021,3,11560680,신길6동,19624
2021,3,11560690,신길7동,20286
2021,3,11560700,대림1동,14842
2021,3,11560710,대림2동,12409
2021,3,11560720,대림3동,22896
2021,3,11590510,노량진1동,32054
2021,3,11590520,노량진2동,12664
2021,3,11590530,상도1동,45153
2021,3,11590540,상도2동,27835
2021,3,11590550,상도3동,25071
2021,3,11590560,상도4동,28885
2021,3,11590605,흑석동,32306
2021,3,11590620,사당1동,23072
2021,3,11590630,사당2동,27227
2021,3,11590640,사당3동,25027
2021,3,11590650,사당4동,14426
2021,3,11590651,사당5동,14690
2021,3,11590660,대방동,38781
2021,3,11590670,신대방1동,23662
2021,3,11590680,신대방2동,20916
2021,3,11620525,보라매동,23236
2021,3,11620545,청림동,15551
2021,3,11620565,성현동,33366
2021,3,11620575,행운동,28912
2021,3,11620585,낙성대동,15664
2021,3,11620595,청룡동,34681
2021,3,11620605,은천동,33720
2021,3,11620615,중앙동,15166
2021,3,11620625,인헌동,25460
2021,3,11620630,남현동,18396
2021,3,11620645,서원동,22343
2021,3,11620655,신원동,18098
2021,3,11620665,서림동,25506
2021,3,11620685,신사동,22688
2021,3,11620695,신림동,21839
2021,3,11620715,난향동,15780
2021,3,11620725,조원동,17480
2021,3,11620735,대학동,24481
2021,3,11620745,삼성동,23760
2021,3,11620765,미성동,30979
2021,3,11620775,난곡동,27330
2021,3,11650510,서초1동,21009
2021,3,11650520,서초2동,21404
2021,3,11650530,서초3동,31930
2021,3,11650531,서초4동,31457
2021,3,11650540,잠원동,28349
2021,3,11650550,반포본동,11947
2021,3,11650560,반포1동,32298
2021,3,11650570,반포2동,16079
2021,3,11650580,반포3동,22333
2021,3,11650581,반포4동,19377
2021,3,11650590,방배본동,21099
2021,3,11650600,방배1동,17245
2021,3,11650610,방배2동,20247
2021,3,11650620,방배3동,21283
2021,3,11650621,방배4동,23722
2021,3,11650651,양재1동,44542
2021,3,11650652,양재2동,22452
2021,3,11650660,내곡동,17915
2021,3,11680510,신사동,16672
2021,3,11680521,논현1동,22994
2021,3,11680531,논현2동,21740
2021,3,11680545,압구정동,27248
2021,3,11680565,청담동,27014
2021,3,11680580,삼성1동,13407
2021,3,11680590,삼성2동,30115
2021,3,11680600,대치1동,24900
2021,3,11680610,대치2동,37565
2021,3,11680630,대치4동,20478
2021,3,11680640,역삼1동,35804
2021,3,11680650,역삼2동,36944
2021,3,11680655,도곡1동,22087
2021,3,11680656,도곡2동,33941
2021,3,11680660,개포1동,6408
2021,3,11680670,개포2동,22211
2021,3,11680690,개포4동,22529
2021,3,11680700,세곡동,44314
2021,3,11680720,일원본동,23927
2021,3,11680730,일원1동,15672
2021,3,11680740,일원2동,17642
2021,3,11680750,수서동,15241
2021,3,11710510,풍납1동,13896
2021,3,11710520,풍납2동,25501
2021,3,11710531,거여1동,12616
2021,3,11710532,거여2동,19174
2021,3,11710540,마천1동,19745
2021,3,11710550,마천2동,19564
2021,3,11710561,방이1동,16193
2021,3,11710562,방이2동,26148
2021,3,11710566,오륜동,18483
2021,3,11710570,오금동,39515
2021,3,11710580,송파1동,24810
2021,3,11710590,송파2동,20645
2021,3,11710600,석촌동,32530
2021,3,11710610,삼전동,31448
2021,3,11710620,가락본동,27076
2021,3,11710631,가락1동,27823
2021,3,11710632,가락2동,33013
2021,3,11710641,문정1동,20369
2021,3,11710642,문정2동,29877
2021,3,11710646,장지동,30000
2021,3,11710647,위례동,30548
2021,3,11710650,잠실본동,28558
2021,3,11710670,잠실2동,36151
2021,3,11710680,잠실3동,35314
2021,3,11710690,잠실4동,21711
2021,3,11710710,잠실6동,17212
2021,3,11710720,잠실7동,9882
2021,3,11740515,강일동,35390
2021,3,11740520,상일동,33197
2021,3,11740530,명일1동,26280
2021,3,11740540,명일2동,17494
2021,3,11740550,고덕1동,25955
2021,3,11740560,고덕2동,22444
2021,3,11740570,암사1동,35440
2021,3,11740580,암사2동,15439
2021,3,11740590,암사3동,18359
2021,3,11740600,천호1동,27485
2021,3,11740610,천호2동,34494
2021,3,11740620,천호3동,26573
2021,3,11740640,성내1동,20230
2021,3,11740650,성내2동,24318
2021,3,11740660,성내3동,23440
2021,3,11740685,길동,46576
2021,3,11740690,둔촌1동,24
2021,3,11740700,둔촌2동,26347
2021,4,11110515,청운효자동,12434
2021,4,11110530,사직동,9524
2021,4,11110540,삼청동,2635
2021,4,11110550,부암동,10015
2021,4,11110560,평창동,18390
2021,4,11110570,무악동,8541
2021,4,11110580,교남동,10466
2021,4,11110600,가회동,4325
2021,4,11110615,종로1?2?3?4가동,7242
2021,4,11110630,종로5?6가동,5219
2021,4,11110640,이화동,7603
2021,4,11110650,혜화동,16799
2021,4,11110670,창신1동,5129
2021,4,11110680,창신2동,8326
2021,4,11110690,창신3동,6921
2021,4,11110700,숭인1동,6080
2021,4,11110710,숭인2동,9700
2021,4,11140520,소공동,2073
2021,4,11140540,회현동,5124
2021,4,11140550,명동,2766
2021,4,11140570,필동,4038
2021,4,11140580,장충동,4665
2021,4,11140590,광희동,5204
2021,4,11140605,을지로동,1959
2021,4,11140615,신당동,7698
2021,4,11140625,다산동,14154
2021,4,11140635,약수동,17127
2021,4,11140645,청구동,14045
2021,4,11140650,신당5동,10518
2021,4,11140665,동화동,10659
2021,4,11140670,황학동,12570
2021,4,11140680,중림동,12288
2021,4,11170510,후암동,17736
2021,4,11170520,용산2가동,9925
2021,4,11170530,남영동,7618
2021,4,11170555,청파동,19837
2021,4,11170560,원효로1동,16085
2021,4,11170570,원효로2동,14197
2021,4,11170580,효창동,10191
2021,4,11170590,용문동,12297
2021,4,11170625,한강로동,19846
2021,4,11170630,이촌1동,28160
2021,4,11170640,이촌2동,8729
2021,4,11170650,이태원1동,6926
2021,4,11170660,이태원2동,9269
2021,4,11170685,한남동,21151
2021,4,11170690,서빙고동,13196
2021,4,11170700,보광동,14218
2021,4,11200520,왕십리2동,17081
2021,4,11200535,왕십리도선동,27086
2021,4,11200540,마장동,22773
2021,4,11200550,사근동,11920
2021,4,11200560,행당1동,14071
2021,4,11200570,행당2동,24054
2021,4,11200580,응봉동,15758
2021,4,11200590,금호1가동,15703
2021,4,11200615,금호2?3가동,23406
2021,4,11200620,금호4가동,14708
2021,4,11200645,옥수동,26675
2021,4,11200650,성수1가1동,16575
2021,4,11200660,성수1가2동,13438
2021,4,11200670,성수2가1동,16593
2021,4,11200690,성수2가3동,11147
2021,4,11200720,송정동,10729
2021,4,11200790,용답동,11806
2021,4,11215710,화양동,22632
2021,4,11215730,군자동,19923
2021,4,11215740,중곡1동,16176
2021,4,11215750,중곡2동,21787
2021,4,11215760,중곡3동,16644
2021,4,11215770,중곡4동,29181
2021,4,11215780,능동,11615
2021,4,11215810,광장동,35430
2021,4,11215820,자양1동,22775
2021,4,11215830,자양2동,25646
2021,4,11215840,자양3동,28690
2021,4,11215847,자양4동,17745
2021,4,11215850,구의1동,22038
2021,4,11215860,구의2동,26958
2021,4,11215870,구의3동,29306
2021,4,11230536,용신동,31118
2021,4,11230545,제기동,24935
2021,4,11230560,전농1동,30150
2021,4,11230570,전농2동,19195
2021,4,11230600,답십리1동,29090
2021,4,11230610,답십리2동,29220
2021,4,11230650,장안1동,38693
2021,4,11230660,장안2동,33005
2021,4,11230705,청량리동,19830
2021,4,11230710,회기동,10447
2021,4,11230720,휘경1동,13616
2021,4,11230730,휘경2동,24296
2021,4,11230740,이문1동,18532
2021,4,11230750,이문2동,20461
2021,4,11260520,면목2동,24773
2021,4,11260540,면목4동,18750
2021,4,11260550,면목5동,15170
2021,4,11260565,면목본동,34313
2021,4,11260570,면목7동,22366
2021,4,11260575,면목3?8동,25508
2021,4,11260580,상봉1동,24775
2021,4,11260590,상봉2동,19882
2021,4,11260600,중화1동,20232
2021,4,11260610,중화2동,25562
2021,4,11260620,묵1동,35402
2021,4,11260630,묵2동,19446
2021,4,11260655,망우본동,30392
2021,4,11260660,망우3동,17107
2021,4,11260680,신내1동,39688
2021,4,11260690,신내2동,21208
2021,4,11290525,성북동,16832
2021,4,11290555,삼선동,23545
2021,4,11290575,동선동,15583
2021,4,11290580,돈암1동,15288
2021,4,11290590,돈암2동,24591
2021,4,11290600,안암동,14908
2021,4,11290610,보문동,15749
2021,4,11290620,정릉1동,18647
2021,4,11290630,정릉2동,23495
2021,4,11290640,정릉3동,15532
2021,4,11290650,정릉4동,25601
2021,4,11290660,길음1동,36397
2021,4,11290685,길음2동,17041
2021,4,11290705,종암동,39773
2021,4,11290715,월곡1동,26920
2021,4,11290725,월곡2동,19925
2021,4,11290760,장위1동,20207
2021,4,11290770,장위2동,13848
2021,4,11290780,장위3동,17221
2021,4,11290810,석관동,35589
2021,4,11305534,삼양동,24555
2021,4,11305535,미아동,22217
2021,4,11305545,송중동,30349
2021,4,11305555,송천동,27466
2021,4,11305575,삼각산동,31996
2021,4,11305595,번1동,19057
2021,4,11305603,번2동,16440
2021,4,11305608,번3동,17545
2021,4,11305615,수유1동,21236
2021,4,11305625,수유2동,21476
2021,4,11305635,수유3동,23512
2021,4,11305645,우이동,20955
2021,4,11305660,인수동,31311
2021,4,11320511,창1동,25241
2021,4,11320512,창2동,29648
2021,4,11320513,창3동,14305
2021,4,11320514,창4동,27197
2021,4,11320515,창5동,25203
2021,4,11320521,도봉1동,21653
2021,4,11320522,도봉2동,27800
2021,4,11320660,쌍문1동,21794
2021,4,11320670,쌍문2동,19253
2021,4,11320680,쌍문3동,16762
2021,4,11320681,쌍문4동,19259
2021,4,11320690,방학1동,28975
2021,4,11320700,방학2동,20278
2021,4,11320710,방학3동,27895
2021,4,11350560,월계1동,22454
2021,4,11350570,월계2동,27466
2021,4,11350580,월계3동,30593
2021,4,11350595,공릉1동,37700
2021,4,11350600,공릉2동,39784
2021,4,11350611,하계1동,27479
2021,4,11350612,하계2동,22673
2021,4,11350619,중계본동,24840
2021,4,11350621,중계1동,27473
2021,4,11350624,중계4동,20700
2021,4,11350625,중계2?3동,35461
2021,4,11350630,상계1동,39064
2021,4,11350640,상계2동,20557
2021,4,11350665,상계3?4동,27081
2021,4,11350670,상계5동,24691
2021,4,11350695,상계6?7동,33550
2021,4,11350700,상계8동,22935
2021,4,11350710,상계9동,21136
2021,4,11350720,상계10동,17437
2021,4,11380510,녹번동,37380
2021,4,11380520,불광1동,39732
2021,4,11380530,불광2동,28437
2021,4,11380551,갈현1동,23146
2021,4,11380552,갈현2동,28872
2021,4,11380560,구산동,32750
2021,4,11380570,대조동,27235
2021,4,11380580,응암1동,30938
2021,4,11380590,응암2동,27580
2021,4,11380600,응암3동,25229
2021,4,11380625,역촌동,46566
2021,4,11380631,신사1동,27543
2021,4,11380632,신사2동,20812
2021,4,11380640,증산동,15338
2021,4,11380650,수색동,11132
2021,4,11380690,진관동,57020
2021,4,11410520,천연동,17742
2021,4,11410555,북아현동,16643
2021,4,11410565,충현동,20756
2021,4,11410585,신촌동,19272
2021,4,11410615,연희동,36200
2021,4,11410620,홍제1동,24329
2021,4,11410640,홍제3동,15810
2021,4,11410655,홍제2동,14233
2021,4,11410660,홍은1동,22956
2021,4,11410685,홍은2동,26960
2021,4,11410690,남가좌1동,15900
2021,4,11410700,남가좌2동,30036
2021,4,11410710,북가좌1동,18445
2021,4,11410720,북가좌2동,32607
2021,4,11440555,아현동,25772
2021,4,11440565,공덕동,37964
2021,4,11440585,도화동,21763
2021,4,11440590,용강동,21842
2021,4,11440600,대흥동,14388
2021,4,11440610,염리동,12125
2021,4,11440630,신수동,23146
2021,4,11440655,서강동,24664
2021,4,11440660,서교동,23682
2021,4,11440680,합정동,19846
2021,4,11440690,망원1동,20802
2021,4,11440700,망원2동,19023
2021,4,11440710,연남동,15575
2021,4,11440720,성산1동,19357
2021,4,11440730,성산2동,40394
2021,4,11440740,상암동,31404
2021,4,11470510,목1동,31563
2021,4,11470520,목2동,30445
2021,4,11470530,목3동,22470
2021,4,11470540,목4동,25946
2021,4,11470550,목5동,42205
2021,4,11470560,신월1동,20959
2021,4,11470570,신월2동,21351
2021,4,11470580,신월3동,15749
2021,4,11470590,신월4동,18411
2021,4,11470600,신월5동,15055
2021,4,11470610,신월6동,13741
2021,4,11470611,신월7동,20514
2021,4,11470620,신정1동,20964
2021,4,11470630,신정2동,20051
2021,4,11470640,신정3동,46374
2021,4,11470650,신정4동,33533
2021,4,11470670,신정6동,25017
2021,4,11470680,신정7동,29891
2021,4,11500510,염창동,41853
2021,4,11500520,등촌1동,24118
2021,4,11500530,등촌2동,21104
2021,4,11500535,등촌3동,31490
2021,4,11500540,화곡1동,51115
2021,4,11500550,화곡2동,17836
2021,4,11500560,화곡3동,21443
2021,4,11500570,화곡4동,20867
2021,4,11500590,화곡본동,38372
2021,4,11500591,화곡6동,24230
2021,4,11500593,화곡8동,24746
2021,4,11500603,가양1동,34206
2021,4,11500604,가양2동,14520
2021,4,11500605,가양3동,15544
2021,4,11500611,발산1동,37403
2021,4,11500615,우장산동,43678
2021,4,11500620,공항동,26929
2021,4,11500630,방화1동,44340
2021,4,11500640,방화2동,23107
2021,4,11500641,방화3동,23471
2021,4,11530510,신도림동,36197
2021,4,11530520,구로1동,21220
2021,4,11530530,구로2동,24606
2021,4,11530540,구로3동,23853
2021,4,11530550,구로4동,20378
2021,4,11530560,구로5동,29372
2021,4,11530595,가리봉동,9271
2021,4,11530720,고척1동,23146
2021,4,11530730,고척2동,27366
2021,4,11530740,개봉1동,34336
2021,4,11530750,개봉2동,31775
2021,4,11530760,개봉3동,20845
2021,4,11530770,오류1동,22669
2021,4,11530780,오류2동,39127
2021,4,11530790,수궁동,23972
2021,4,11530800,항동,16279
2021,4,11545510,가산동,23050
2021,4,11545610,독산1동,42270
2021,4,11545620,독산2동,19016
2021,4,11545630,독산3동,24503
2021,4,11545640,독산4동,15537
2021,4,11545670,시흥1동,33778
2021,4,11545680,시흥2동,21962
2021,4,11545690,시흥3동,11130
2021,4,11545700,시흥4동,20791
2021,4,11545710,시흥5동,19686
2021,4,11560515,영등포본동,21466
2021,4,11560535,영등포동,28026
2021,4,11560540,여의동,34156
2021,4,11560550,당산1동,20750
2021,4,11560560,당산2동,37551
2021,4,11560585,도림동,18248
2021,4,11560605,문래동,33159
2021,4,11560610,양평1동,17384
2021,4,11560620,양평2동,22389
2021,4,11560630,신길1동,17447
2021,4,11560650,신길3동,16891
2021,4,11560660,신길4동,10489
2021,4,11560670,신길5동,11179
2021,4,11560680,신길6동,19624
2021,4,11560690,신길7동,20286
2021,4,11560700,대림1동,14842
2021,4,11560710,대림2동,12409
2021,4,11560720,대림3동,22896
2021,4,11590510,노량진1동,32054
2021,4,11590520,노량진2동,12664
2021,4,11590530,상도1동,45153
2021,4,11590540,상도2동,27835
2021,4,11590550,상도3동,25071
2021,4,11590560,상도4동,28885
2021,4,11590605,흑석동,32306
2021,4,11590620,사당1동,23072
2021,4,11590630,사당2동,27227
2021,4,11590640,사당3동,25027
2021,4,11590650,사당4동,14426
2021,4,11590651,사당5동,14690
2021,4,11590660,대방동,38781
2021,4,11590670,신대방1동,23662
2021,4,11590680,신대방2동,20916
2021,4,11620525,보라매동,23236
2021,4,11620545,청림동,15551
2021,4,11620565,성현동,33366
2021,4,11620575,행운동,28912
2021,4,11620585,낙성대동,15664
2021,4,11620595,청룡동,34681
2021,4,11620605,은천동,33720
2021,4,11620615,중앙동,15166
2021,4,11620625,인헌동,25460
2021,4,11620630,남현동,18396
2021,4,11620645,서원동,22343
2021,4,11620655,신원동,18098
2021,4,11620665,서림동,25506
2021,4,11620685,신사동,22688
2021,4,11620695,신림동,21839
2021,4,11620715,난향동,15780
2021,4,11620725,조원동,17480
2021,4,11620735,대학동,24481
2021,4,11620745,삼성동,23760
2021,4,11620765,미성동,30979
2021,4,11620775,난곡동,27330
2021,4,11650510,서초1동,21009
2021,4,11650520,서초2동,21404
2021,4,11650530,서초3동,31930
2021,4,11650531,서초4동,31457
2021,4,11650540,잠원동,28349
2021,4,11650550,반포본동,11947
2021,4,11650560,반포1동,32298
2021,4,11650570,반포2동,16079
2021,4,11650580,반포3동,22333
2021,4,11650581,반포4동,19377
2021,4,11650590,방배본동,21099
2021,4,11650600,방배1동,17245
2021,4,11650610,방배2동,20247
2021,4,11650620,방배3동,21283
2021,4,11650621,방배4동,23722
2021,4,11650651,양재1동,44542
2021,4,11650652,양재2동,22452
2021,4,11650660,내곡동,17915
2021,4,11680510,신사동,16672
2021,4,11680521,논현1동,22994
2021,4,11680531,논현2동,21740
2021,4,11680545,압구정동,27248
2021,4,11680565,청담동,27014
2021,4,11680580,삼성1동,13407
2021,4,11680590,삼성2동,30115
2021,4,11680600,대치1동,24900
2021,4,11680610,대치2동,37565
2021,4,11680630,대치4동,20478
2021,4,11680640,역삼1동,35804
2021,4,11680650,역삼2동,36944
2021,4,11680655,도곡1동,22087
2021,4,11680656,도곡2동,33941
2021,4,11680660,개포1동,6408
2021,4,11680670,개포2동,22211
2021,4,11680690,개포4동,22529
2021,4,11680700,세곡동,44314
2021,4,11680720,일원본동,23927
2021,4,11680730,일원1동,15672
2021,4,11680740,일원2동,17642
2021,4,11680750,수서동,15241
2021,4,11710510,풍납1동,13896
2021,4,11710520,풍납2동,25501
2021,4,11710531,거여1동,12616
2021,4,11710532,거여2동,19174
2021,4,11710540,마천1동,19745
2021,4,11710550,마천2동,19564
2021,4,11710561,방이1동,16193
2021,4,11710562,방이2동,26148
2021,4,11710566,오륜동,18483
2021,4,11710570,오금동,39515
2021,4,11710580,송파1동,24810
2021,4,11710590,송파2동,20645
2021,4,11710600,석촌동,32530
2021,4,11710610,삼전동,31448
2021,4,11710620,가락본동,27076
2021,4,11710631,가락1동,27823
2021,4,11710632,가락2동,33013
2021,4,11710641,문정1동,20369
2021,4,11710642,문정2동,29877
2021,4,11710646,장지동,30000
2021,4,11710647,위례동,30548
2021,4,11710650,잠실본동,28558
2021,4,11710670,잠실2동,36151
2021,4,11710680,잠실3동,35314
2021,4,11710690,잠실4동,21711
2021,4,11710710,잠실6동,17212
2021,4,11710720,잠실7동,9882
2021,4,11740515,강일동,35390
2021,4,11740520,상일동,33197
2021,4,11740530,명일1동,26280
2021,4,11740540,명일2동,17494
2021,4,11740550,고덕1동,25955
2021,4,11740560,고덕2동,22444
2021,4,11740570,암사1동,35440
2021,4,11740580,암사2동,15439
2021,4,11740590,암사3동,18359
2021,4,11740600,천호1동,27485
2021,4,11740610,천호2동,34494
2021,4,11740620,천호3동,26573
2021,4,11740640,성내1동,20230
2021,4,11740650,성내2동,24318
2021,4,11740660,성내3동,23440
2021,4,11740685,길동,46576
2021,4,11740690,둔촌1동,24
2021,4,11740700,둔촌2동,26347
2022,1,11110515,청운효자동,12434
2022,1,11110530,사직동,9524
2022,1,11110540,삼청동,2635
2022,1,11110550,부암동,10015
2022,1,11110560,평창동,18390
2022,1,11110570,무악동,8541
2022,1,11110580,교남동,10466
2022,1,11110600,가회동,4325
2022,1,11110615,종로1?2?3?4가동,7242
2022,1,11110630,종로5?6가동,5219
2022,1,11110640,이화동,7603
2022,1,11110650,혜화동,16799
2022,1,11110670,창신1동,5129
2022,1,11110680,창신2동,8326
2022,1,11110690,창신3동,6921
2022,1,11110700,숭인1동,6080
2022,1,11110710,숭인2동,9700
2022,1,11140520,소공동,2073
2022,1,11140540,회현동,5124
2022,1,11140550,명동,2766
2022,1,11140570,필동,4038
2022,1,11140580,장충동,4665
2022,1,11140590,광희동,5204
2022,1,11140605,을지로동,1959
2022,1,11140615,신당동,7698
2022,1,11140625,다산동,14154
2022,1,11140635,약수동,17127
2022,1,11140645,청구동,14045
2022,1,11140650,신당5동,10518
2022,1,11140665,동화동,10659
2022,1,11140670,황학동,12570
2022,1,11140680,중림동,12288
2022,1,11170510,후암동,17736
2022,1,11170520,용산2가동,9925
2022,1,11170530,남영동,7618
2022,1,11170555,청파동,19837
2022,1,11170560,원효로1동,16085
2022,1,11170570,원효로2동,14197
2022,1,11170580,효창동,10191
2022,1,11170590,용문동,12297
2022,1,11170625,한강로동,19846
2022,1,11170630,이촌1동,28160
2022,1,11170640,이촌2동,8729
2022,1,11170650,이태원1동,6926
2022,1,11170660,이태원2동,9269
2022,1,11170685,한남동,21151
2022,1,11170690,서빙고동,13196
2022,1,11170700,보광동,14218
2022,1,11200520,왕십리2동,17081
2022,1,11200535,왕십리도선동,27086
2022,1,11200540,마장동,22773
2022,1,11200550,사근동,11920
2022,1,11200560,행당1동,14071
2022,1,11200570,행당2동,24054
2022,1,11200580,응봉동,15758
2022,1,11200590,금호1가동,15703
2022,1,11200615,금호2?3가동,23406
2022,1,11200620,금호4가동,14708
2022,1,11200645,옥수동,26675
2022,1,11200650,성수1가1동,16575
2022,1,11200660,성수1가2동,13438
2022,1,11200670,성수2가1동,16593
2022,1,11200690,성수2가3동,11147
2022,1,11200720,송정동,10729
2022,1,11200790,용답동,11806
2022,1,11215710,화양동,22632
2022,1,11215730,군자동,19923
2022,1,11215740,중곡1동,16176
2022,1,11215750,중곡2동,21787
2022,1,11215760,중곡3동,16644
2022,1,11215770,중곡4동,29181
2022,1,11215780,능동,11615
2022,1,11215810,광장동,35430
2022,1,11215820,자양1동,22775
2022,1,11215830,자양2동,25646
2022,1,11215840,자양3동,28690
2022,1,11215847,자양4동,17745
2022,1,11215850,구의1동,22038
2022,1,11215860,구의2동,26958
2022,1,11215870,구의3동,29306
2022,1,11230536,용신동,31118
2022,1,11230545,제기동,24935
2022,1,11230560,전농1동,30150
2022,1,11230570,전농2동,19195
2022,1,11230600,답십리1동,29090
2022,1,11230610,답십리2동,29220
2022,1,11230650,장안1동,38693
2022,1,11230660,장안2동,33005
2022,1,11230705,청량리동,19830
2022,1,11230710,회기동,10447
2022,1,11230720,휘경1동,13616
2022,1,11230730,휘경2동,24296
2022,1,11230740,이문1동,18532
2022,1,11230750,이문2동,20461
2022,1,11260520,면목2동,24773
2022,1,11260540,면목4동,18750
2022,1,11260550,면목5동,15170
2022,1,11260565,면목본동,34313
2022,1,11260570,면목7동,22366
2022,1,11260575,면목3?8동,25508
2022,1,11260580,상봉1동,24775
2022,1,11260590,상봉2동,19882
2022,1,11260600,중화1동,20232
2022,1,11260610,중화2동,25562
2022,1,11260620,묵1동,35402
2022,1,11260630,묵2동,19446
2022,1,11260655,망우본동,30392
2022,1,11260660,망우3동,17107
2022,1,11260680,신내1동,39688
2022,1,11260690,신내2동,21208
2022,1,11290525,성북동,16832
2022,1,11290555,삼선동,23545
2022,1,11290575,동선동,15583
2022,1,11290580,돈암1동,15288
2022,1,11290590,돈암2동,24591
2022,1,11290600,안암동,14908
2022,1,11290610,보문동,15749
2022,1,11290620,정릉1동,18647
2022,1,11290630,정릉2동,23495
2022,1,11290640,정릉3동,15532
2022,1,11290650,정릉4동,25601
2022,1,11290660,길음1동,36397
2022,1,11290685,길음2동,17041
2022,1,11290705,종암동,39773
2022,1,11290715,월곡1동,26920
2022,1,11290725,월곡2동,19925
2022,1,11290760,장위1동,20207
2022,1,11290770,장위2동,13848
2022,1,11290780,장위3동,17221
2022,1,11290810,석관동,35589
2022,1,11305534,삼양동,24555
2022,1,11305535,미아동,22217
2022,1,11305545,송중동,30349
2022,1,11305555,송천동,27466
2022,1,11305575,삼각산동,31996
2022,1,11305595,번1동,19057
2022,1,11305603,번2동,16440
2022,1,11305608,번3동,17545
2022,1,11305615,수유1동,21236
2022,1,11305625,수유2동,21476
2022,1,11305635,수유3동,23512
2022,1,11305645,우이동,20955
2022,1,11305660,인수동,31311
2022,1,11320511,창1동,25241
2022,1,11320512,창2동,29648
2022,1,11320513,창3동,14305
2022,1,11320514,창4동,27197
2022,1,11320515,창5동,25203
2022,1,11320521,도봉1동,21653
2022,1,11320522,도봉2동,27800
2022,1,11320660,쌍문1동,21794
2022,1,11320670,쌍문2동,19253
2022,1,11320680,쌍문3동,16762
2022,1,11320681,쌍문4동,19259
2022,1,11320690,방학1동,28975
2022,1,11320700,방학2동,20278
2022,1,11320710,방학3동,27895
2022,1,11350560,월계1동,22454
2022,1,11350570,월계2동,27466
2022,1,11350580,월계3동,30593
2022,1,11350595,공릉1동,37700
2022,1,11350600,공릉2동,39784
2022,1,11350611,하계1동,27479
2022,1,11350612,하계2동,22673
2022,1,11350619,중계본동,24840
2022,1,11350621,중계1동,27473
2022,1,11350624,중계4동,20700
2022,1,11350625,중계2?3동,35461
2022,1,11350630,상계1동,39064
2022,1,11350640,상계2동,20557
2022,1,11350665,상계3?4동,27081
2022,1,11350670,상계5동,24691
2022,1,11350695,상계6?7동,33550
2022,1,11350700,상계8동,22935
2022,1,11350710,상계9동,21136
2022,1,11350720,상계10동,17437
2022,1,11380510,녹번동,37380
2022,1,11380520,불광1동,39732
2022,1,11380530,불광2동,28437
2022,1,11380551,갈현1동,23146
2022,1,11380552,갈현2동,28872
2022,1,11380560,구산동,32750
2022,1,11380570,대조동,27235
2022,1,11380580,응암1동,30938
2022,1,11380590,응암2동,27580
2022,1,11380600,응암3동,25229
2022,1,11380625,역촌동,46566
2022,1,11380631,신사1동,27543
2022,1,11380632,신사2동,20812
2022,1,11380640,증산동,15338
2022,1,11380650,수색동,11132
2022,1,11380690,진관동,57020
2022,1,11410520,천연동,17742
2022,1,11410555,북아현동,16643
2022,1,11410565,충현동,20756
2022,1,11410585,신촌동,19272
2022,1,11410615,연희동,36200
2022,1,11410620,홍제1동,24329
2022,1,11410640,홍제3동,15810
2022,1,11410655,홍제2동,14233
2022,1,11410660,홍은1동,22956
2022,1,11410685,홍은2동,26960
2022,1,11410690,남가좌1동,15900
2022,1,11410700,남가좌2동,30036
2022,1,11410710,북가좌1동,18445
2022,1,11410720,북가좌2동,32607
2022,1,11440555,아현동,25772
2022,1,11440565,공덕동,37964
2022,1,11440585,도화동,21763
2022,1,11440590,용강동,21842
2022,1,11440600,대흥동,14388
2022,1,11440610,염리동,12125
2022,1,11440630,신수동,23146
2022,1,11440655,서강동,24664
2022,1,11440660,서교동,23682
2022,1,11440680,합정동,19846
2022,1,11440690,망원1동,20802
2022,1,11440700,망원2동,19023
2022,1,11440710,연남동,15575
2022,1,11440720,성산1동,19357
2022,1,11440730,성산2동,40394
2022,1,11440740,상암동,31404
2022,1,11470510,목1동,31563
2022,1,11470520,목2동,30445
2022,1,11470530,목3동,22470
2022,1,11470540,목4동,25946
2022,1,11470550,목5동,42205
2022,1,11470560,신월1동,20959
2022,1,11470570,신월2동,21351
2022,1,11470580,신월3동,15749
2022,1,11470590,신월4동,18411
2022,1,11470600,신월5동,15055
2022,1,11470610,신월6동,13741
2022,1,11470611,신월7동,20514
2022,1,11470620,신정1동,20964
2022,1,11470630,신정2동,20051
2022,1,11470640,신정3동,46374
2022,1,11470650,신정4동,33533
2022,1,11470670,신정6동,25017
2022,1,11470680,신정7동,29891
2022,1,11500510,염창동,41853
2022,1,11500520,등촌1동,24118
2022,1,11500530,등촌2동,21104
2022,1,11500535,등촌3동,31490
2022,1,11500540,화곡1동,51115
2022,1,11500550,화곡2동,17836
2022,1,11500560,화곡3동,21443
2022,1,11500570,화곡4동,20867
2022,1,11500590,화곡본동,38372
2022,1,11500591,화곡6동,24230
2022,1,11500593,화곡8동,24746
2022,1,11500603,가양1동,34206
2022,1,11500604,가양2동,14520
2022,1,11500605,가양3동,15544
2022,1,11500611,발산1동,37403
2022,1,11500615,우장산동,43678
2022,1,11500620,공항동,26929
2022,1,11500630,방화1동,44340
2022,1,11500640,방화2동,23107
2022,1,11500641,방화3동,23471
2022,1,11530510,신도림동,36197
2022,1,11530520,구로1동,21220
2022,1,11530530,구로2동,24606
2022,1,11530540,구로3동,23853
2022,1,11530550,구로4동,20378
2022,1,11530560,구로5동,29372
2022,1,11530595,가리봉동,9271
2022,1,11530720,고척1동,23146
2022,1,11530730,고척2동,27366
2022,1,11530740,개봉1동,34336
2022,1,11530750,개봉2동,31775
2022,1,11530760,개봉3동,20845
2022,1,11530770,오류1동,22669
2022,1,11530780,오류2동,39127
2022,1,11530790,수궁동,23972
2022,1,11530800,항동,16279
2022,1,11545510,가산동,23050
2022,1,11545610,독산1동,42270
2022,1,11545620,독산2동,19016
2022,1,11545630,독산3동,24503
2022,1,11545640,독산4동,15537
2022,1,11545670,시흥1동,33778
2022,1,11545680,시흥2동,21962
2022,1,11545690,시흥3동,11130
2022,1,11545700,시흥4동,20791
2022,1,11545710,시흥5동,19686
2022,1,11560515,영등포본동,21466
2022,1,11560535,영등포동,28026
2022,1,11560540,여의동,34156
2022,1,11560550,당산1동,20750
2022,1,11560560,당산2동,37551
2022,1,11560585,도림동,18248
2022,1,11560605,문래동,33159
2022,1,11560610,양평1동,17384
2022,1,11560620,양평2동,22389
2022,1,11560630,신길1동,17447
2022,1,11560650,신길3동,16891
2022,1,11560660,신길4동,10489
2022,1,11560670,신길5동,11179
2022,1,11560680,신길6동,19624
2022,1,11560690,신길7동,20286
2022,1,11560700,대림1동,14842
2022,1,11560710,대림2동,12409
2022,1,11560720,대림3동,22896
2022,1,11590510,노량진1동,32054
2022,1,11590520,노량진2동,12664
2022,1,11590530,상도1동,45153
2022,1,11590540,상도2동,27835
2022,1,11590550,상도3동,25071
2022,1,11590560,상도4동,28885
2022,1,11590605,흑석동,32306
2022,1,11590620,사당1동,23072
2022,1,11590630,사당2동,27227
2022,1,11590640,사당3동,25027
2022,1,11590650,사당4동,14426
2022,1,11590651,사당5동,14690
2022,1,11590660,대방동,38781
2022,1,11590670,신대방1동,23662
2022,1,11590680,신대방2동,20916
2022,1,11620525,보라매동,23236
2022,1,11620545,청림동,15551
2022,1,11620565,성현동,33366
2022,1,11620575,행운동,28912
2022,1,11620585,낙성대동,15664
2022,1,11620595,청룡동,34681
2022,1,11620605,은천동,33720
2022,1,11620615,중앙동,15166
2022,1,11620625,인헌동,25460
2022,1,11620630,남현동,18396
2022,1,11620645,서원동,22343
2022,1,11620655,신원동,18098
2022,1,11620665,서림동,25506
2022,1,11620685,신사동,22688
2022,1,11620695,신림동,21839
2022,1,11620715,난향동,15780
2022,1,11620725,조원동,17480
2022,1,11620735,대학동,24481
2022,1,11620745,삼성동,23760
2022,1,11620765,미성동,30979
2022,1,11620775,난곡동,27330
2022,1,11650510,서초1동,21009
2022,1,11650520,서초2동,21404
2022,1,11650530,서초3동,31930
2022,1,11650531,서초4동,31457
2022,1,11650540,잠원동,28349
2022,1,11650550,반포본동,11947
2022,1,11650560,반포1동,32298
2022,1,11650570,반포2동,16079
2022,1,11650580,반포3동,22333
2022,1,11650581,반포4동,19377
2022,1,11650590,방배본동,21099
2022,1,11650600,방배1동,17245
2022,1,11650610,방배2동,20247
2022,1,11650620,방배3동,21283
2022,1,11650621,방배4동,23722
2022,1,11650651,양재1동,44542
2022,1,11650652,양재2동,22452
2022,1,11650660,내곡동,17915
2022,1,11680510,신사동,16672
2022,1,11680521,논현1동,22994
2022,1,11680531,논현2동,21740
2022,1,11680545,압구정동,27248
2022,1,11680565,청담동,27014
2022,1,11680580,삼성1동,13407
2022,1,11680590,삼성2동,30115
2022,1,11680600,대치1동,24900
2022,1,11680610,대치2동,37565
2022,1,11680630,대치4동,20478
2022,1,11680640,역삼1동,35804
2022,1,11680650,역삼2동,36944
2022,1,11680655,도곡1동,22087
2022,1,11680656,도곡2동,33941
2022,1,11680660,개포1동,6408
2022,1,11680670,개포2동,22211
2022,1,11680690,개포4동,22529
2022,1,11680700,세곡동,44314
2022,1,11680720,일원본동,23927
2022,1,11680730,일원1동,15672
2022,1,11680740,일원2동,17642
2022,1,11680750,수서동,15241
2022,1,11710510,풍납1동,13896
2022,1,11710520,풍납2동,25501
2022,1,11710531,거여1동,12616
2022,1,11710532,거여2동,19174
2022,1,11710540,마천1동,19745
2022,1,11710550,마천2동,19564
2022,1,11710561,방이1동,16193
2022,1,11710562,방이2동,26148
2022,1,11710566,오륜동,18483
2022,1,11710570,오금동,39515
2022,1,11710580,송파1동,24810
2022,1,11710590,송파2동,20645
2022,1,11710600,석촌동,32530
2022,1,11710610,삼전동,31448
2022,1,11710620,가락본동,27076
2022,1,11710631,가락1동,27823
2022,1,11710632,가락2동,33013
2022,1,11710641,문정1동,20369
2022,1,11710642,문정2동,29877
2022,1,11710646,장지동,30000
2022,1,11710647,위례동,30548
2022,1,11710650,잠실본동,28558
2022,1,11710670,잠실2동,36151
2022,1,11710680,잠실3동,35314
2022,1,11710690,잠실4동,21711
2022,1,11710710,잠실6동,17212
2022,1,11710720,잠실7동,9882
2022,1,11740515,강일동,35390
2022,1,11740520,상일동,33197
2022,1,11740530,명일1동,26280
2022,1,11740540,명일2동,17494
2022,1,11740550,고덕1동,25955
2022,1,11740560,고덕2동,22444
2022,1,11740570,암사1동,35440
2022,1,11740580,암사2동,15439
2022,1,11740590,암사3동,18359
2022,1,11740600,천호1동,27485
2022,1,11740610,천호2동,34494
2022,1,11740620,천호3동,26573
2022,1,11740640,성내1동,20230
2022,1,11740650,성내2동,24318
2022,1,11740660,성내3동,23440
2022,1,11740685,길동,46576
2022,1,11740690,둔촌1동,24
2022,1,11740700,둔촌2동,26347
2022,2,11110515,청운효자동,12434
2022,2,11110530,사직동,9524
2022,2,11110540,삼청동,2635
2022,2,11110550,부암동,10015
2022,2,11110560,평창동,18390
2022,2,11110570,무악동,8541
2022,2,11110580,교남동,10466
2022,2,11110600,가회동,4325
2022,2,11110615,종로1?2?3?4가동,7242
2022,2,11110630,종로5?6가동,5219
2022,2,11110640,이화동,7603
2022,2,11110650,혜화동,16799
2022,2,11110670,창신1동,5129
2022,2,11110680,창신2동,8326
2022,2,11110690,창신3동,6921
2022,2,11110700,숭인1동,6080
2022,2,11110710,숭인2동,9700
2022,2,11140520,소공동,2073
2022,2,11140540,회현동,5124
2022,2,11140550,명동,2766
2022,2,11140570,필동,4038
2022,2,11140580,장충동,4665
2022,2,11140590,광희동,5204
2022,2,11140605,을지로동,1959
2022,2,11140615,신당동,7698
2022,2,11140625,다산동,14154
2022,2,11140635,약수동,17127
2022,2,11140645,청구동,14045
2022,2,11140650,신당5동,10518
2022,2,11140665,동화동,10659
2022,2,11140670,황학동,12570
2022,2,11140680,중림동,12288
2022,2,11170510,후암동,17736
2022,2,11170520,용산2가동,9925
2022,2,11170530,남영동,7618
2022,2,11170555,청파동,19837
2022,2,11170560,원효로1동,16085
2022,2,11170570,원효로2동,14197
2022,2,11170580,효창동,10191
2022,2,11170590,용문동,12297
2022,2,11170625,한강로동,19846
2022,2,11170630,이촌1동,28160
2022,2,11170640,이촌2동,8729
2022,2,11170650,이태원1동,6926
2022,2,11170660,이태원2동,9269
2022,2,11170685,한남동,21151
2022,2,11170690,서빙고동,13196
2022,2,11170700,보광동,14218
2022,2,11200520,왕십리2동,17081
2022,2,11200535,왕십리도선동,27086
2022,2,11200540,마장동,22773
2022,2,11200550,사근동,11920
2022,2,11200560,행당1동,14071
2022,2,11200570,행당2동,24054
2022,2,11200580,응봉동,15758
2022,2,11200590,금호1가동,15703
2022,2,11200615,금호2?3가동,23406
2022,2,11200620,금호4가동,14708
2022,2,11200645,옥수동,26675
2022,2,11200650,성수1가1동,16575
2022,2,11200660,성수1가2동,13438
2022,2,11200670,성수2가1동,16593
2022,2,11200690,성수2가3동,11147
2022,2,11200720,송정동,10729
2022,2,11200790,용답동,11806
2022,2,11215710,화양동,22632
2022,2,11215730,군자동,19923
2022,2,11215740,중곡1동,16176
2022,2,11215750,중곡2동,21787
2022,2,11215760,중곡3동,16644
2022,2,11215770,중곡4동,29181
2022,2,11215780,능동,11615
2022,2,11215810,광장동,35430
2022,2,11215820,자양1동,22775
2022,2,11215830,자양2동,25646
2022,2,11215840,자양3동,28690
2022,2,11215847,자양4동,17745
2022,2,11215850,구의1동,22038
2022,2,11215860,구의2동,26958
2022,2,11215870,구의3동,29306
2022,2,11230536,용신동,31118
2022,2,11230545,제기동,24935
2022,2,11230560,전농1동,30150
2022,2,11230570,전농2동,19195
2022,2,11230600,답십리1동,29090
2022,2,11230610,답십리2동,29220
2022,2,11230650,장안1동,38693
2022,2,11230660,장안2동,33005
2022,2,11230705,청량리동,19830
2022,2,11230710,회기동,10447
2022,2,11230720,휘경1동,13616
2022,2,11230730,휘경2동,24296
2022,2,11230740,이문1동,18532
2022,2,11230750,이문2동,20461
2022,2,11260520,면목2동,24773
2022,2,11260540,면목4동,18750
2022,2,11260550,면목5동,15170
2022,2,11260565,면목본동,34313
2022,2,11260570,면목7동,22366
2022,2,11260575,면목3?8동,25508
2022,2,11260580,상봉1동,24775
2022,2,11260590,상봉2동,19882
2022,2,11260600,중화1동,20232
2022,2,11260610,중화2동,25562
2022,2,11260620,묵1동,35402
2022,2,11260630,묵2동,19446
2022,2,11260655,망우본동,30392
2022,2,11260660,망우3동,17107
2022,2,11260680,신내1동,39688
2022,2,11260690,신내2동,21208
2022,2,11290525,성북동,16832
2022,2,11290555,삼선동,23545
2022,2,11290575,동선동,15583
2022,2,11290580,돈암1동,15288
2022,2,11290590,돈암2동,24591
2022,2,11290600,안암동,14908
2022,2,11290610,보문동,15749
2022,2,11290620,정릉1동,18647
2022,2,11290630,정릉2동,23495
2022,2,11290640,정릉3동,15532
2022,2,11290650,정릉4동,25601
2022,2,11290660,길음1동,36397
2022,2,11290685,길음2동,17041
2022,2,11290705,종암동,39773
2022,2,11290715,월곡1동,26920
2022,2,11290725,월곡2동,19925
2022,2,11290760,장위1동,20207
2022,2,11290770,장위2동,13848
2022,2,11290780,장위3동,17221
2022,2,11290810,석관동,35589
2022,2,11305534,삼양동,24555
2022,2,11305535,미아동,22217
2022,2,11305545,송중동,30349
2022,2,11305555,송천동,27466
2022,2,11305575,삼각산동,31996
2022,2,11305595,번1동,19057
2022,2,11305603,번2동,16440
2022,2,11305608,번3동,17545
2022,2,11305615,수유1동,21236
2022,2,11305625,수유2동,21476
2022,2,11305635,수유3동,23512
2022,2,11305645,우이동,20955
2022,2,11305660,인수동,31311
2022,2,11320511,창1동,25241
2022,2,11320512,창2동,29648
2022,2,11320513,창3동,14305
2022,2,11320514,창4동,27197
2022,2,11320515,창5동,25203
2022,2,11320521,도봉1동,21653
2022,2,11320522,도봉2동,27800
2022,2,11320660,쌍문1동,21794
2022,2,11320670,쌍문2동,19253
2022,2,11320680,쌍문3동,16762
2022,2,11320681,쌍문4동,19259
2022,2,11320690,방학1동,28975
2022,2,11320700,방학2동,20278
2022,2,11320710,방학3동,27895
2022,2,11350560,월계1동,22454
2022,2,11350570,월계2동,27466
2022,2,11350580,월계3동,30593
2022,2,11350595,공릉1동,37700
2022,2,11350600,공릉2동,39784
2022,2,11350611,하계1동,27479
2022,2,11350612,하계2동,22673
2022,2,11350619,중계본동,24840
2022,2,11350621,중계1동,27473
2022,2,11350624,중계4동,20700
2022,2,11350625,중계2?3동,35461
2022,2,11350630,상계1동,39064
2022,2,11350640,상계2동,20557
2022,2,11350665,상계3?4동,27081
2022,2,11350670,상계5동,24691
2022,2,11350695,상계6?7동,33550
2022,2,11350700,상계8동,22935
2022,2,11350710,상계9동,21136
2022,2,11350720,상계10동,17437
2022,2,11380510,녹번동,37380
2022,2,11380520,불광1동,39732
2022,2,11380530,불광2동,28437
2022,2,11380551,갈현1동,23146
2022,2,11380552,갈현2동,28872
2022,2,11380560,구산동,32750
2022,2,11380570,대조동,27235
2022,2,11380580,응암1동,30938
2022,2,11380590,응암2동,27580
2022,2,11380600,응암3동,25229
2022,2,11380625,역촌동,46566
2022,2,11380631,신사1동,27543
2022,2,11380632,신사2동,20812
2022,2,11380640,증산동,15338
2022,2,11380650,수색동,11132
2022,2,11380690,진관동,57020
2022,2,11410520,천연동,17742
2022,2,11410555,북아현동,16643
2022,2,11410565,충현동,20756
2022,2,11410585,신촌동,19272
2022,2,11410615,연희동,36200
2022,2,11410620,홍제1동,24329
2022,2,11410640,홍제3동,15810
2022,2,11410655,홍제2동,14233
2022,2,11410660,홍은1동,22956
2022,2,11410685,홍은2동,26960
2022,2,11410690,남가좌1동,15900
2022,2,11410700,남가좌2동,30036
2022,2,11410710,북가좌1동,18445
2022,2,11410720,북가좌2동,32607
2022,2,11440555,아현동,25772
2022,2,11440565,공덕동,37964
2022,2,11440585,도화동,21763
2022,2,11440590,용강동,21842
2022,2,11440600,대흥동,14388
2022,2,11440610,염리동,12125
2022,2,11440630,신수동,23146
2022,2,11440655,서강동,24664
2022,2,11440660,서교동,23682
2022,2,11440680,합정동,19846
2022,2,11440690,망원1동,20802
2022,2,11440700,망원2동,19023
2022,2,11440710,연남동,15575
2022,2,11440720,성산1동,19357
2022,2,11440730,성산2동,40394
2022,2,11440740,상암동,31404
2022,2,11470510,목1동,31563
2022,2,11470520,목2동,30445
2022,2,11470530,목3동,22470
2022,2,11470540,목4동,25946
2022,2,11470550,목5동,42205
2022,2,11470560,신월1동,20959
2022,2,11470570,신월2동,21351
2022,2,11470580,신월3동,15749
2022,2,11470590,신월4동,18411
2022,2,11470600,신월5동,15055
2022,2,11470610,신월6동,13741
2022,2,11470611,신월7동,20514
2022,2,11470620,신정1동,20964
2022,2,11470630,신정2동,20051
2022,2,11470640,신정3동,46374
2022,2,11470650,신정4동,33533
2022,2,11470670,신정6동,25017
2022,2,11470680,신정7동,29891
2022,2,11500510,염창동,41853
2022,2,11500520,등촌1동,24118
2022,2,11500530,등촌2동,21104
2022,2,11500535,등촌3동,31490
2022,2,11500540,화곡1동,51115
2022,2,11500550,화곡2동,17836
2022,2,11500560,화곡3동,21443
2022,2,11500570,화곡4동,20867
2022,2,11500590,화곡본동,38372
2022,2,11500591,화곡6동,24230
2022,2,11500593,화곡8동,24746
2022,2,11500603,가양1동,34206
2022,2,11500604,가양2동,14520
2022,2,11500605,가양3동,15544
2022,2,11500611,발산1동,37403
2022,2,11500615,우장산동,43678
2022,2,11500620,공항동,26929
2022,2,11500630,방화1동,44340
2022,2,11500640,방화2동,23107
2022,2,11500641,방화3동,23471
2022,2,11530510,신도림동,36197
2022,2,11530520,구로1동,21220
2022,2,11530530,구로2동,24606
2022,2,11530540,구로3동,23853
2022,2,11530550,구로4동,20378
2022,2,11530560,구로5동,29372
2022,2,11530595,가리봉동,9271
2022,2,11530720,고척1동,23146
2022,2,11530730,고척2동,27366
2022,2,11530740,개봉1동,34336
2022,2,11530750,개봉2동,31775
2022,2,11530760,개봉3동,20845
2022,2,11530770,오류1동,22669
2022,2,11530780,오류2동,39127
2022,2,11530790,수궁동,23972
2022,2,11530800,항동,16279
2022,2,11545510,가산동,23050
2022,2,11545610,독산1동,42270
2022,2,11545620,독산2동,19016
2022,2,11545630,독산3동,24503
2022,2,11545640,독산4동,15537
2022,2,11545670,시흥1동,33778
2022,2,11545680,시흥2동,21962
2022,2,11545690,시흥3동,11130
2022,2,11545700,시흥4동,20791
2022,2,11545710,시흥5동,19686
2022,2,11560515,영등포본동,21466
2022,2,11560535,영등포동,28026
2022,2,11560540,여의동,34156
2022,2,11560550,당산1동,20750
2022,2,11560560,당산2동,37551
2022,2,11560585,도림동,18248
2022,2,11560605,문래동,33159
2022,2,11560610,양평1동,17384
2022,2,11560620,양평2동,22389
2022,2,11560630,신길1동,17447
2022,2,11560650,신길3동,16891
2022,2,11560660,신길4동,10489
2022,2,11560670,신길5동,11179
2022,2,11560680,신길6동,19624
2022,2,11560690,신길7동,20286
2022,2,11560700,대림1동,14842
2022,2,11560710,대림2동,12409
2022,2,11560720,대림3동,22896
2022,2,11590510,노량진1동,32054
2022,2,11590520,노량진2동,12664
2022,2,11590530,상도1동,45153
2022,2,11590540,상도2동,27835
2022,2,11590550,상도3동,25071
2022,2,11590560,상도4동,28885
2022,2,11590605,흑석동,32306
2022,2,11590620,사당1동,23072
2022,2,11590630,사당2동,27227
2022,2,11590640,사당3동,25027
2022,2,11590650,사당4동,14426
2022,2,11590651,사당5동,14690
2022,2,11590660,대방동,38781
2022,2,11590670,신대방1동,23662
2022,2,11590680,신대방2동,20916
2022,2,11620525,보라매동,23236
2022,2,11620545,청림동,15551
2022,2,11620565,성현동,33366
2022,2,11620575,행운동,28912
2022,2,11620585,낙성대동,15664
2022,2,11620595,청룡동,34681
2022,2,11620605,은천동,33720
2022,2,11620615,중앙동,15166
2022,2,11620625,인헌동,25460
2022,2,11620630,남현동,18396
2022,2,11620645,서원동,22343
2022,2,11620655,신원동,18098
2022,2,11620665,서림동,25506
2022,2,11620685,신사동,22688
2022,2,11620695,신림동,21839
2022,2,11620715,난향동,15780
2022,2,11620725,조원동,17480
2022,2,11620735,대학동,24481
2022,2,11620745,삼성동,23760
2022,2,11620765,미성동,30979
2022,2,11620775,난곡동,27330
2022,2,11650510,서초1동,21009
2022,2,11650520,서초2동,21404
2022,2,11650530,서초3동,31930
2022,2,11650531,서초4동,31457
2022,2,11650540,잠원동,28349
2022,2,11650550,반포본동,11947
2022,2,11650560,반포1동,32298
2022,2,11650570,반포2동,16079
2022,2,11650580,반포3동,22333
2022,2,11650581,반포4동,19377
2022,2,11650590,방배본동,21099
2022,2,11650600,방배1동,17245
2022,2,11650610,방배2동,20247
2022,2,11650620,방배3동,21283
2022,2,11650621,방배4동,23722
2022,2,11650651,양재1동,44542
2022,2,11650652,양재2동,22452
2022,2,11650660,내곡동,17915
2022,2,11680510,신사동,16672
2022,2,11680521,논현1동,22994
2022,2,11680531,논현2동,21740
2022,2,11680545,압구정동,27248
2022,2,11680565,청담동,27014
2022,2,11680580,삼성1동,13407
2022,2,11680590,삼성2동,30115
2022,2,11680600,대치1동,24900
2022,2,11680610,대치2동,37565
2022,2,11680630,대치4동,20478
2022,2,11680640,역삼1동,35804
2022,2,11680650,역삼2동,36944
2022,2,11680655,도곡1동,22087
2022,2,11680656,도곡2동,33941
2022,2,11680660,개포1동,6408
2022,2,11680670,개포2동,22211
2022,2,11680690,개포4동,22529
2022,2,11680700,세곡동,44314
2022,2,11680720,일원본동,23927
2022,2,11680730,일원1동,15672
2022,2,11680740,일원2동,17642
2022,2,11680750,수서동,15241
2022,2,11710510,풍납1동,13896
2022,2,11710520,풍납2동,25501
2022,2,11710531,거여1동,12616
2022,2,11710532,거여2동,19174
2022,2,11710540,마천1동,19745
2022,2,11710550,마천2동,19564
2022,2,11710561,방이1동,16193
2022,2,11710562,방이2동,26148
2022,2,11710566,오륜동,18483
2022,2,11710570,오금동,39515
2022,2,11710580,송파1동,24810
2022,2,11710590,송파2동,20645
2022,2,11710600,석촌동,32530
2022,2,11710610,삼전동,31448
2022,2,11710620,가락본동,27076
2022,2,11710631,가락1동,27823
2022,2,11710632,가락2동,33013
2022,2,11710641,문정1동,20369
2022,2,11710642,문정2동,29877
2022,2,11710646,장지동,30000
2022,2,11710647,위례동,30548
2022,2,11710650,잠실본동,28558
2022,2,11710670,잠실2동,36151
2022,2,11710680,잠실3동,35314
2022,2,11710690,잠실4동,21711
2022,2,11710710,잠실6동,17212
2022,2,11710720,잠실7동,9882
2022,2,11740515,강일동,35390
2022,2,11740520,상일동,33197
2022,2,11740530,명일1동,26280
2022,2,11740540,명일2동,17494
2022,2,11740550,고덕1동,25955
2022,2,11740560,고덕2동,22444
2022,2,11740570,암사1동,35440
2022,2,11740580,암사2동,15439
2022,2,11740590,암사3동,18359
2022,2,11740600,천호1동,27485
2022,2,11740610,천호2동,34494
2022,2,11740620,천호3동,26573
2022,2,11740640,성내1동,20230
2022,2,11740650,성내2동,24318
2022,2,11740660,성내3동,23440
2022,2,11740685,길동,46576
2022,2,11740690,둔촌1동,24
2022,2,11740700,둔촌2동,26347
2022,3,11110515,청운효자동,12434
2022,3,11110530,사직동,9524
2022,3,11110540,삼청동,2635
2022,3,11110550,부암동,10015
2022,3,11110560,평창동,18390
2022,3,11110570,무악동,8541
2022,3,11110580,교남동,10466
2022,3,11110600,가회동,4325
2022,3,11110615,종로1?2?3?4가동,7242
2022,3,11110630,종로5?6가동,5219
2022,3,11110640,이화동,7603
2022,3,11110650,혜화동,16799
2022,3,11110670,창신1동,5129
2022,3,11110680,창신2동,8326
2022,3,11110690,창신3동,6921
2022,3,11110700,숭인1동,6080
2022,3,11110710,숭인2동,9700
2022,3,11140520,소공동,2073
2022,3,11140540,회현동,5124
2022,3,11140550,명동,2766
2022,3,11140570,필동,4038
2022,3,11140580,장충동,4665
2022,3,11140590,광희동,5204
2022,3,11140605,을지로동,1959
2022,3,11140615,신당동,7698
2022,3,11140625,다산동,14154
2022,3,11140635,약수동,17127
2022,3,11140645,청구동,14045
2022,3,11140650,신당5동,10518
2022,3,11140665,동화동,10659
2022,3,11140670,황학동,12570
2022,3,11140680,중림동,12288
2022,3,11170510,후암동,17736
2022,3,11170520,용산2가동,9925
2022,3,11170530,남영동,7618
2022,3,11170555,청파동,19837
2022,3,11170560,원효로1동,16085
2022,3,11170570,원효로2동,14197
2022,3,11170580,효창동,10191
2022,3,11170590,용문동,12297
2022,3,11170625,한강로동,19846
2022,3,11170630,이촌1동,28160
2022,3,11170640,이촌2동,8729
2022,3,11170650,이태원1동,6926
2022,3,11170660,이태원2동,9269
2022,3,11170685,한남동,21151
2022,3,11170690,서빙고동,13196
2022,3,11170700,보광동,14218
2022,3,11200520,왕십리2동,17081
2022,3,11200535,왕십리도선동,27086
2022,3,11200540,마장동,22773
2022,3,11200550,사근동,11920
2022,3,11200560,행당1동,14071
2022,3,11200570,행당2동,24054
2022,3,11200580,응봉동,15758
2022,3,11200590,금호1가동,15703
2022,3,11200615,금호2?3가동,23406
2022,3,11200620,금호4가동,14708
2022,3,11200645,옥수동,26675
2022,3,11200650,성수1가1동,16575
2022,3,11200660,성수1가2동,13438
2022,3,11200670,성수2가1동,16593
2022,3,11200690,성수2가3동,11147
2022,3,11200720,송정동,10729
2022,3,11200790,용답동,11806
2022,3,11215710,화양동,22632
2022,3,11215730,군자동,19923
2022,3,11215740,중곡1동,16176
2022,3,11215750,중곡2동,21787
2022,3,11215760,중곡3동,16644
2022,3,11215770,중곡4동,29181
2022,3,11215780,능동,11615
2022,3,11215810,광장동,35430
2022,3,11215820,자양1동,22775
2022,3,11215830,자양2동,25646
2022,3,11215840,자양3동,28690
2022,3,11215847,자양4동,17745
2022,3,11215850,구의1동,22038
2022,3,11215860,구의2동,26958
2022,3,11215870,구의3동,29306
2022,3,11230536,용신동,31118
2022,3,11230545,제기동,24935
2022,3,11230560,전농1동,30150
2022,3,11230570,전농2동,19195
2022,3,11230600,답십리1동,29090
2022,3,11230610,답십리2동,29220
2022,3,11230650,장안1동,38693
2022,3,11230660,장안2동,33005
2022,3,11230705,청량리동,19830
2022,3,11230710,회기동,10447
2022,3,11230720,휘경1동,13616
2022,3,11230730,휘경2동,24296
2022,3,11230740,이문1동,18532
2022,3,11230750,이문2동,20461
2022,3,11260520,면목2동,24773
2022,3,11260540,면목4동,18750
2022,3,11260550,면목5동,15170
2022,3,11260565,면목본동,34313
2022,3,11260570,면목7동,22366
2022,3,11260575,면목3?8동,25508
2022,3,11260580,상봉1동,24775
2022,3,11260590,상봉2동,19882
2022,3,11260600,중화1동,20232
2022,3,11260610,중화2동,25562
2022,3,11260620,묵1동,35402
2022,3,11260630,묵2동,19446
2022,3,11260655,망우본동,30392
2022,3,11260660,망우3동,17107
2022,3,11260680,신내1동,39688
2022,3,11260690,신내2동,21208
2022,3,11290525,성북동,16832
2022,3,11290555,삼선동,23545
2022,3,11290575,동선동,15583
2022,3,11290580,돈암1동,15288
2022,3,11290590,돈암2동,24591
2022,3,11290600,안암동,14908
2022,3,11290610,보문동,15749
2022,3,11290620,정릉1동,18647
2022,3,11290630,정릉2동,23495
2022,3,11290640,정릉3동,15532
2022,3,11290650,정릉4동,25601
2022,3,11290660,길음1동,36397
2022,3,11290685,길음2동,17041
2022,3,11290705,종암동,39773
2022,3,11290715,월곡1동,26920
2022,3,11290725,월곡2동,19925
2022,3,11290760,장위1동,20207
2022,3,11290770,장위2동,13848
2022,3,11290780,장위3동,17221
2022,3,11290810,석관동,35589
2022,3,11305534,삼양동,24555
2022,3,11305535,미아동,22217
2022,3,11305545,송중동,30349
2022,3,11305555,송천동,27466
2022,3,11305575,삼각산동,31996
2022,3,11305595,번1동,19057
2022,3,11305603,번2동,16440
2022,3,11305608,번3동,17545
2022,3,11305615,수유1동,21236
2022,3,11305625,수유2동,21476
2022,3,11305635,수유3동,23512
2022,3,11305645,우이동,20955
2022,3,11305660,인수동,31311
2022,3,11320511,창1동,25241
2022,3,11320512,창2동,29648
2022,3,11320513,창3동,14305
2022,3,11320514,창4동,27197
2022,3,11320515,창5동,25203
2022,3,11320521,도봉1동,21653
2022,3,11320522,도봉2동,27800
2022,3,11320660,쌍문1동,21794
2022,3,11320670,쌍문2동,19253
2022,3,11320680,쌍문3동,16762
2022,3,11320681,쌍문4동,19259
2022,3,11320690,방학1동,28975
2022,3,11320700,방학2동,20278
2022,3,11320710,방학3동,27895
2022,3,11350560,월계1동,22454
2022,3,11350570,월계2동,27466
2022,3,11350580,월계3동,30593
2022,3,11350595,공릉1동,37700
2022,3,11350600,공릉2동,39784
2022,3,11350611,하계1동,27479
2022,3,11350612,하계2동,22673
2022,3,11350619,중계본동,24840
2022,3,11350621,중계1동,27473
2022,3,11350624,중계4동,20700
2022,3,11350625,중계2?3동,35461
2022,3,11350630,상계1동,39064
2022,3,11350640,상계2동,20557
2022,3,11350665,상계3?4동,27081
2022,3,11350670,상계5동,24691
2022,3,11350695,상계6?7동,33550
2022,3,11350700,상계8동,22935
2022,3,11350710,상계9동,21136
2022,3,11350720,상계10동,17437
2022,3,11380510,녹번동,37380
2022,3,11380520,불광1동,39732
2022,3,11380530,불광2동,28437
2022,3,11380551,갈현1동,23146
2022,3,11380552,갈현2동,28872
2022,3,11380560,구산동,32750
2022,3,11380570,대조동,27235
2022,3,11380580,응암1동,30938
2022,3,11380590,응암2동,27580
2022,3,11380600,응암3동,25229
2022,3,11380625,역촌동,46566
2022,3,11380631,신사1동,27543
2022,3,11380632,신사2동,20812
2022,3,11380640,증산동,15338
2022,3,11380650,수색동,11132
2022,3,11380690,진관동,57020
2022,3,11410520,천연동,17742
2022,3,11410555,북아현동,16643
2022,3,11410565,충현동,20756
2022,3,11410585,신촌동,19272
2022,3,11410615,연희동,36200
2022,3,11410620,홍제1동,24329
2022,3,11410640,홍제3동,15810
2022,3,11410655,홍제2동,14233
2022,3,11410660,홍은1동,22956
2022,3,11410685,홍은2동,26960
2022,3,11410690,남가좌1동,15900
2022,3,11410700,남가좌2동,30036
2022,3,11410710,북가좌1동,18445
2022,3,11410720,북가좌2동,32607
2022,3,11440555,아현동,25772
2022,3,11440565,공덕동,37964
2022,3,11440585,도화동,21763
2022,3,11440590,용강동,21842
2022,3,11440600,대흥동,14388
2022,3,11440610,염리동,12125
2022,3,11440630,신수동,23146
2022,3,11440655,서강동,24664
2022,3,11440660,서교동,23682
2022,3,11440680,합정동,19846
2022,3,11440690,망원1동,20802
2022,3,11440700,망원2동,19023
2022,3,11440710,연남동,15575
2022,3,11440720,성산1동,19357
2022,3,11440730,성산2동,40394
2022,3,11440740,상암동,31404
2022,3,11470510,목1동,31563
2022,3,11470520,목2동,30445
2022,3,11470530,목3동,22470
2022,3,11470540,목4동,25946
2022,3,11470550,목5동,42205
2022,3,11470560,신월1동,20959
2022,3,11470570,신월2동,21351
2022,3,11470580,신월3동,15749
2022,3,11470590,신월4동,18411
2022,3,11470600,신월5동,15055
2022,3,11470610,신월6동,13741
2022,3,11470611,신월7동,20514
2022,3,11470620,신정1동,20964
2022,3,11470630,신정2동,20051
2022,3,11470640,신정3동,46374
2022,3,11470650,신정4동,33533
2022,3,11470670,신정6동,25017
2022,3,11470680,신정7동,29891
2022,3,11500510,염창동,41853
2022,3,11500520,등촌1동,24118
2022,3,11500530,등촌2동,21104
2022,3,11500535,등촌3동,31490
2022,3,11500540,화곡1동,51115
2022,3,11500550,화곡2동,17836
2022,3,11500560,화곡3동,21443
2022,3,11500570,화곡4동,20867
2022,3,11500590,화곡본동,38372
2022,3,11500591,화곡6동,24230
2022,3,11500593,화곡8동,24746
2022,3,11500603,가양1동,34206
2022,3,11500604,가양2동,14520
2022,3,11500605,가양3동,15544
2022,3,11500611,발산1동,37403
2022,3,11500615,우장산동,43678
2022,3,11500620,공항동,26929
2022,3,11500630,방화1동,44340
2022,3,11500640,방화2동,23107
2022,3,11500641,방화3동,23471
2022,3,11530510,신도림동,36197
2022,3,11530520,구로1동,21220
2022,3,11530530,구로2동,24606
2022,3,11530540,구로3동,23853
2022,3,11530550,구로4동,20378
2022,3,11530560,구로5동,29372
2022,3,11530595,가리봉동,9271
2022,3,11530720,고척1동,23146
2022,3,11530730,고척2동,27366
2022,3,11530740,개봉1동,34336
2022,3,11530750,개봉2동,31775
2022,3,11530760,개봉3동,20845
2022,3,11530770,오류1동,22669
2022,3,11530780,오류2동,39127
2022,3,11530790,수궁동,23972
2022,3,11530800,항동,16279
2022,3,11545510,가산동,23050
2022,3,11545610,독산1동,42270
2022,3,11545620,독산2동,19016
2022,3,11545630,독산3동,24503
2022,3,11545640,독산4동,15537
2022,3,11545670,시흥1동,33778
2022,3,11545680,시흥2동,21962
2022,3,11545690,시흥3동,11130
2022,3,11545700,시흥4동,20791
2022,3,11545710,시흥5동,19686
2022,3,11560515,영등포본동,21466
2022,3,11560535,영등포동,28026
2022,3,11560540,여의동,34156
2022,3,11560550,당산1동,20750
2022,3,11560560,당산2동,37551
2022,3,11560585,도림동,18248
2022,3,11560605,문래동,33159
2022,3,11560610,양평1동,17384
2022,3,11560620,양평2동,22389
2022,3,11560630,신길1동,17447
2022,3,11560650,신길3동,16891
2022,3,11560660,신길4동,10489
2022,3,11560670,신길5동,11179
2022,3,11560680,신길6동,19624
2022,3,11560690,신길7동,20286
2022,3,11560700,대림1동,14842
2022,3,11560710,대림2동,12409
2022,3,11560720,대림3동,22896
2022,3,11590510,노량진1동,32054
2022,3,11590520,노량진2동,12664
2022,3,11590530,상도1동,45153
2022,3,11590540,상도2동,27835
2022,3,11590550,상도3동,25071
2022,3,11590560,상도4동,28885
2022,3,11590605,흑석동,32306
2022,3,11590620,사당1동,23072
2022,3,11590630,사당2동,27227
2022,3,11590640,사당3동,25027
2022,3,11590650,사당4동,14426
2022,3,11590651,사당5동,14690
2022,3,11590660,대방동,38781
2022,3,11590670,신대방1동,23662
2022,3,11590680,신대방2동,20916
2022,3,11620525,보라매동,23236
2022,3,11620545,청림동,15551
2022,3,11620565,성현동,33366
2022,3,11620575,행운동,28912
2022,3,11620585,낙성대동,15664
2022,3,11620595,청룡동,34681
2022,3,11620605,은천동,33720
2022,3,11620615,중앙동,15166
2022,3,11620625,인헌동,25460
2022,3,11620630,남현동,18396
2022,3,11620645,서원동,22343
2022,3,11620655,신원동,18098
2022,3,11620665,서림동,25506
2022,3,11620685,신사동,22688
2022,3,11620695,신림동,21839
2022,3,11620715,난향동,15780
2022,3,11620725,조원동,17480
2022,3,11620735,대학동,24481
2022,3,11620745,삼성동,23760
2022,3,11620765,미성동,30979
2022,3,11620775,난곡동,27330
2022,3,11650510,서초1동,21009
2022,3,11650520,서초2동,21404
2022,3,11650530,서초3동,31930
2022,3,11650531,서초4동,31457
2022,3,11650540,잠원동,28349
2022,3,11650550,반포본동,11947
2022,3,11650560,반포1동,32298
2022,3,11650570,반포2동,16079
2022,3,11650580,반포3동,22333
2022,3,11650581,반포4동,19377
2022,3,11650590,방배본동,21099
2022,3,11650600,방배1동,17245
2022,3,11650610,방배2동,20247
2022,3,11650620,방배3동,21283
2022,3,11650621,방배4동,23722
2022,3,11650651,양재1동,44542
2022,3,11650652,양재2동,22452
2022,3,11650660,내곡동,17915
2022,3,11680510,신사동,16672
2022,3,11680521,논현1동,22994
2022,3,11680531,논현2동,21740
2022,3,11680545,압구정동,27248
2022,3,11680565,청담동,27014
2022,3,11680580,삼성1동,13407
2022,3,11680590,삼성2동,30115
2022,3,11680600,대치1동,24900
2022,3,11680610,대치2동,37565
2022,3,11680630,대치4동,20478
2022,3,11680640,역삼1동,35804
2022,3,11680650,역삼2동,36944
2022,3,11680655,도곡1동,22087
2022,3,11680656,도곡2동,33941
2022,3,11680660,개포1동,6408
2022,3,11680670,개포2동,22211
2022,3,11680690,개포4동,22529
2022,3,11680700,세곡동,44314
2022,3,11680720,일원본동,23927
2022,3,11680730,일원1동,15672
2022,3,11680740,일원2동,17642
2022,3,11680750,수서동,15241
2022,3,11710510,풍납1동,13896
2022,3,11710520,풍납2동,25501
2022,3,11710531,거여1동,12616
2022,3,11710532,거여2동,19174
2022,3,11710540,마천1동,19745
2022,3,11710550,마천2동,19564
2022,3,11710561,방이1동,16193
2022,3,11710562,방이2동,26148
2022,3,11710566,오륜동,18483
2022,3,11710570,오금동,39515
2022,3,11710580,송파1동,24810
2022,3,11710590,송파2동,20645
2022,3,11710600,석촌동,32530
2022,3,11710610,삼전동,31448
2022,3,11710620,가락본동,27076
2022,3,11710631,가락1동,27823
2022,3,11710632,가락2동,33013
2022,3,11710641,문정1동,20369
2022,3,11710642,문정2동,29877
2022,3,11710646,장지동,30000
2022,3,11710647,위례동,30548
2022,3,11710650,잠실본동,28558
2022,3,11710670,잠실2동,36151
2022,3,11710680,잠실3동,35314
2022,3,11710690,잠실4동,21711
2022,3,11710710,잠실6동,17212
2022,3,11710720,잠실7동,9882
2022,3,11740515,강일동,35390
2022,3,11740520,상일동,33197
2022,3,11740530,명일1동,26280
2022,3,11740540,명일2동,17494
2022,3,11740550,고덕1동,25955
2022,3,11740560,고덕2동,22444
2022,3,11740570,암사1동,35440
2022,3,11740580,암사2동,15439
2022,3,11740590,암사3동,18359
2022,3,11740600,천호1동,27485
2022,3,11740610,천호2동,34494
2022,3,11740620,천호3동,26573
2022,3,11740640,성내1동,20230
2022,3,11740650,성내2동,24318
2022,3,11740660,성내3동,23440
2022,3,11740685,길동,46576
2022,3,11740690,둔촌1동,24
2022,3,11740700,둔촌2동,26347
2022,4,11110515,청운효자동,13009
2022,4,11110530,사직동,8486
2022,4,11110540,삼청동,2597
2022,4,11110550,부암동,9744
2022,4,11110560,평창동,17852
2022,4,11110570,무악동,8491
2022,4,11110580,교남동,4425
2022,4,11110600,가회동,4350
2022,4,11110615,종로1?2?3?4가동,7051
2022,4,11110630,종로5?6가동,5316
2022,4,11110640,이화동,8190
2022,4,11110650,혜화동,16276
2022,4,11110670,창신1동,5666
2022,4,11110680,창신2동,9581
2022,4,11110690,창신3동,6905
2022,4,11110700,숭인1동,5812
2022,4,11110710,숭인2동,9149
2022,4,11140520,소공동,1350
2022,4,11140540,회현동,4305
2022,4,11140550,명동,2450
2022,4,11140570,필동,3851
2022,4,11140580,장충동,4951
2022,4,11140590,광희동,4896
2022,4,11140605,을지로동,1457
2022,4,11140615,신당동,7105
2022,4,11140625,다산동,15434
2022,4,11140635,약수동,18461
2022,4,11140645,청구동,15318
2022,4,11140650,신당5동,9927
2022,4,11140665,동화동,11648
2022,4,11140670,황학동,11965
2022,4,11140680,중림동,8328
2022,4,11170510,후암동,18208
2022,4,11170520,용산2가동,10876
2022,4,11170530,남영동,6632
2022,4,11170555,청파동,20375
2022,4,11170560,원효로1동,12933
2022,4,11170570,원효로2동,14528
2022,4,11170580,효창동,9063
2022,4,11170590,용문동,12606
2022,4,11170625,한강로동,12463
2022,4,11170630,이촌1동,28057
2022,4,11170640,이촌2동,9521
2022,4,11170650,이태원1동,7126
2022,4,11170660,이태원2동,9481
2022,4,11170685,한남동,19536
2022,4,11170690,서빙고동,13291
2022,4,11170700,보광동,14985
2022,4,11200520,왕십리2동,16917
2022,4,11200535,왕십리도선동,19658
2022,4,11200540,마장동,22343
2022,4,11200550,사근동,10998
2022,4,11200560,행당1동,11784
2022,4,11200570,행당2동,26603
2022,4,11200580,응봉동,16178
2022,4,11200590,금호1가동,13659
2022,4,11200615,금호2?3가동,24420
2022,4,11200620,금호4가동,14290
2022,4,11200645,옥수동,23133
2022,4,11200650,성수1가1동,16029
2022,4,11200660,성수1가2동,14754
2022,4,11200670,성수2가1동,18477
2022,4,11200690,성수2가3동,10873
2022,4,11200720,송정동,11173
2022,4,11200790,용답동,15032
2022,4,11215710,화양동,20588
2022,4,11215730,군자동,19686
2022,4,11215740,중곡1동,15381
2022,4,11215750,중곡2동,22019
2022,4,11215760,중곡3동,17505
2022,4,11215770,중곡4동,30966
2022,4,11215780,능동,11129
2022,4,11215810,광장동,33732
2022,4,11215820,자양1동,21955
2022,4,11215830,자양2동,25781
2022,4,11215840,자양3동,28608
2022,4,11215847,자양4동,19042
2022,4,11215850,구의1동,22151
2022,4,11215860,구의2동,24579
2022,4,11215870,구의3동,28444
2022,4,11230536,용신동,25063
2022,4,11230545,제기동,23990
2022,4,11230560,전농1동,28613
2022,4,11230570,전농2동,20201
2022,4,11230600,답십리1동,23777
2022,4,11230610,답십리2동,29117
2022,4,11230650,장안1동,36646
2022,4,11230660,장안2동,29924
2022,4,11230705,청량리동,19581
2022,4,11230710,회기동,10009
2022,4,11230720,휘경1동,12887
2022,4,11230730,휘경2동,23906
2022,4,11230740,이문1동,18250
2022,4,11230750,이문2동,21209
2022,4,11260520,면목2동,26072
2022,4,11260540,면목4동,20660
2022,4,11260550,면목5동,9670
2022,4,11260565,면목본동,34196
2022,4,11260570,면목7동,22266
2022,4,11260575,면목3?8동,24806
2022,4,11260580,상봉1동,25886
2022,4,11260590,상봉2동,17233
2022,4,11260600,중화1동,20211
2022,4,11260610,중화2동,26132
2022,4,11260620,묵1동,34443
2022,4,11260630,묵2동,18734
2022,4,11260655,망우본동,31010
2022,4,11260660,망우3동,17398
2022,4,11260680,신내1동,40914
2022,4,11260690,신내2동,23997
2022,4,11290525,성북동,16414
2022,4,11290555,삼선동,23746
2022,4,11290575,동선동,15848
2022,4,11290580,돈암1동,15258
2022,4,11290590,돈암2동,23961
2022,4,11290600,안암동,5435
2022,4,11290610,보문동,12473
2022,4,11290620,정릉1동,18977
2022,4,11290630,정릉2동,23438
2022,4,11290640,정릉3동,14792
2022,4,11290650,정릉4동,27377
2022,4,11290660,길음1동,38001
2022,4,11290685,길음2동,11218
2022,4,11290705,종암동,38996
2022,4,11290715,월곡1동,27636
2022,4,11290725,월곡2동,20500
2022,4,11290760,장위1동,20012
2022,4,11290770,장위2동,14714
2022,4,11290780,장위3동,10387
2022,4,11290810,석관동,33174
2022,4,11305534,삼양동,26436
2022,4,11305535,미아동,22868
2022,4,11305545,송중동,27542
2022,4,11305555,송천동,28896
2022,4,11305575,삼각산동,34820
2022,4,11305595,번1동,19824
2022,4,11305603,번2동,18104
2022,4,11305608,번3동,20018
2022,4,11305615,수유1동,21607
2022,4,11305625,수유2동,21671
2022,4,11305635,수유3동,23645
2022,4,11305645,우이동,20289
2022,4,11305660,인수동,31270
2022,4,11320511,창1동,27262
2022,4,11320512,창2동,30878
2022,4,11320513,창3동,15312
2022,4,11320514,창4동,30025
2022,4,11320515,창5동,26631
2022,4,11320521,도봉1동,22048
2022,4,11320522,도봉2동,28223
2022,4,11320660,쌍문1동,21760
2022,4,11320670,쌍문2동,20146
2022,4,11320680,쌍문3동,17430
2022,4,11320681,쌍문4동,19452
2022,4,11320690,방학1동,30854
2022,4,11320700,방학2동,21677
2022,4,11320710,방학3동,29657
2022,4,11350560,월계1동,22187
2022,4,11350570,월계2동,27157
2022,4,11350580,월계3동,33913
2022,4,11350595,공릉1동,37367
2022,4,11350600,공릉2동,41090
2022,4,11350611,하계1동,28983
2022,4,11350612,하계2동,25187
2022,4,11350619,중계본동,26352
2022,4,11350621,중계1동,29087
2022,4,11350624,중계4동,21511
2022,4,11350625,중계2?3동,39546
2022,4,11350630,상계1동,41426
2022,4,11350640,상계2동,21559
2022,4,11350665,상계3?4동,27744
2022,4,11350670,상계5동,27306
2022,4,11350695,상계6?7동,36633
2022,4,11350700,상계8동,26740
2022,4,11350710,상계9동,23749
2022,4,11350720,상계10동,17781
2022,4,11380510,녹번동,31623
2022,4,11380520,불광1동,42306
2022,4,11380530,불광2동,28518
2022,4,11380551,갈현1동,24611
2022,4,11380552,갈현2동,28906
2022,4,11380560,구산동,31839
2022,4,11380570,대조동,30107
2022,4,11380580,응암1동,25166
2022,4,11380590,응암2동,17038
2022,4,11380600,응암3동,26254
2022,4,11380625,역촌동,48771
2022,4,11380631,신사1동,27669
2022,4,11380632,신사2동,21138
2022,4,11380640,증산동,15115
2022,4,11380650,수색동,7827
2022,4,11380690,진관동,50293
2022,4,11410520,천연동,19842
2022,4,11410555,북아현동,9826
2022,4,11410565,충현동,17627
2022,4,11410585,신촌동,17521
2022,4,11410615,연희동,37904
2022,4,11410620,홍제1동,22602
2022,4,11410640,홍제3동,16314
2022,4,11410655,홍제2동,15218
2022,4,11410660,홍은1동,20855
2022,4,11410685,홍은2동,27823
2022,4,11410690,남가좌1동,15986
2022,4,11410700,남가좌2동,22912
2022,4,11410710,북가좌1동,19466
2022,4,11410720,북가좌2동,34442
2022,4,11440555,아현동,21498
2022,4,11440565,공덕동,37133
2022,4,11440585,도화동,22198
2022,4,11440590,용강동,20469
2022,4,11440600,대흥동,11549
2022,4,11440610,염리동,10246
2022,4,11440630,신수동,21438
2022,4,11440655,서강동,25284
2022,4,11440660,서교동,24372
2022,4,11440680,합정동,18775
2022,4,11440690,망원1동,21608
2022,4,11440700,망원2동,19167
2022,4,11440710,연남동,17597
2022,4,11440720,성산1동,19859
2022,4,11440730,성산2동,36249
2022,4,11440740,상암동,33829
2022,4,11470510,목1동,27807
2022,4,11470520,목2동,31200
2022,4,11470530,목3동,21251
2022,4,11470540,목4동,26950
2022,4,11470550,목5동,44710
2022,4,11470560,신월1동,21328
2022,4,11470570,신월2동,22442
2022,4,11470580,신월3동,16840
2022,4,11470590,신월4동,18943
2022,4,11470600,신월5동,15293
2022,4,11470610,신월6동,6659
2022,4,11470611,신월7동,23403
2022,4,11470620,신정1동,21578
2022,4,11470630,신정2동,21607
2022,4,11470640,신정3동,47275
2022,4,11470650,신정4동,34659
2022,4,11470670,신정6동,26460
2022,4,11470680,신정7동,31798
2022,4,11500510,염창동,40707
2022,4,11500520,등촌1동,21207
2022,4,11500530,등촌2동,21918
2022,4,11500535,등촌3동,34687
2022,4,11500540,화곡1동,51684
2022,4,11500550,화곡2동,19772
2022,4,11500560,화곡3동,23012
2022,4,11500570,화곡4동,22351
2022,4,11500590,화곡본동,36422
2022,4,11500591,화곡6동,24725
2022,4,11500593,화곡8동,26703
2022,4,11500603,가양1동,26585
2022,4,11500604,가양2동,16549
2022,4,11500605,가양3동,17796
2022,4,11500611,발산1동,39598
2022,4,11500615,우장산동,46018
2022,4,11500620,공항동,21949
2022,4,11500630,방화1동,44245
2022,4,11500640,방화2동,23158
2022,4,11500641,방화3동,25941
2022,4,11530510,신도림동,37145
2022,4,11530520,구로1동,20644
2022,4,11530530,구로2동,27306
2022,4,11530540,구로3동,26146
2022,4,11530550,구로4동,22308
2022,4,11530560,구로5동,29629
2022,4,11530595,가리봉동,10098
2022,4,11530720,고척1동,24431
2022,4,11530730,고척2동,28625
2022,4,11530740,개봉1동,32447
2022,4,11530750,개봉2동,34282
2022,4,11530760,개봉3동,20217
2022,4,11530770,오류1동,20637
2022,4,11530780,오류2동,41924
2022,4,11530790,수궁동,25143
2022,4,11530800,항동,2568
2022,4,11545510,가산동,18712
2022,4,11545610,독산1동,29172
2022,4,11545620,독산2동,20805
2022,4,11545630,독산3동,24757
2022,4,11545640,독산4동,16891
2022,4,11545670,시흥1동,34306
2022,4,11545680,시흥2동,23869
2022,4,11545690,시흥3동,10878
2022,4,11545700,시흥4동,21890
2022,4,11545710,시흥5동,18790
2022,4,11560515,영등포본동,22836
2022,4,11560535,영등포동,17225
2022,4,11560540,여의동,28793
2022,4,11560550,당산1동,20148
2022,4,11560560,당산2동,33422
2022,4,11560585,도림동,19997
2022,4,11560605,문래동,32692
2022,4,11560610,양평1동,17070
2022,4,11560620,양평2동,22099
2022,4,11560630,신길1동,17202
2022,4,11560650,신길3동,16658
2022,4,11560660,신길4동,9364
2022,4,11560670,신길5동,9645
2022,4,11560680,신길6동,16987
2022,4,11560690,신길7동,12751
2022,4,11560700,대림1동,13474
2022,4,11560710,대림2동,13629
2022,4,11560720,대림3동,24878
2022,4,11590510,노량진1동,30860
2022,4,11590520,노량진2동,13262
2022,4,11590530,상도1동,46157
2022,4,11590540,상도2동,24850
2022,4,11590550,상도3동,25055
2022,4,11590560,상도4동,28952
2022,4,11590605,흑석동,29016
2022,4,11590620,사당1동,22033
2022,4,11590630,사당2동,28458
2022,4,11590640,사당3동,23901
2022,4,11590650,사당4동,14300
2022,4,11590651,사당5동,11517
2022,4,11590660,대방동,39072
2022,4,11590670,신대방1동,25113
2022,4,11590680,신대방2동,19143
2022,4,11620525,보라매동,24290
2022,4,11620545,청림동,17325
2022,4,11620565,성현동,32568
2022,4,11620575,행운동,25488
2022,4,11620585,낙성대동,15762
2022,4,11620595,청룡동,27130
2022,4,11620605,은천동,34935
2022,4,11620615,중앙동,14535
2022,4,11620625,인헌동,27630
2022,4,11620630,남현동,18394
2022,4,11620645,서원동,22834
2022,4,11620655,신원동,18403
2022,4,11620665,서림동,24645
2022,4,11620685,신사동,23022
2022,4,11620695,신림동,19935
2022,4,11620715,난향동,17130
2022,4,11620725,조원동,17088
2022,4,11620735,대학동,22444
2022,4,11620745,삼성동,25864
2022,4,11620765,미성동,30775
2022,4,11620775,난곡동,29317
2022,4,11650510,서초1동,20781
2022,4,11650520,서초2동,17183
2022,4,11650530,서초3동,25750
2022,4,11650531,서초4동,26577
2022,4,11650540,잠원동,26523
2022,4,11650550,반포본동,12869
2022,4,11650560,반포1동,28508
2022,4,11650570,반포2동,12641
2022,4,11650580,반포3동,17389
2022,4,11650581,반포4동,19165
2022,4,11650590,방배본동,21003
2022,4,11650600,방배1동,17063
2022,4,11650610,방배2동,20416
2022,4,11650620,방배3동,21866
2022,4,11650621,방배4동,22692
2022,4,11650651,양재1동,47758
2022,4,11650652,양재2동,23406
2022,4,11650660,내곡동,18416
2022,4,11680510,신사동,18137
2022,4,11680521,논현1동,23747
2022,4,11680531,논현2동,21289
2022,4,11680545,압구정동,28557
2022,4,11680565,청담동,30253
2022,4,11680580,삼성1동,12969
2022,4,11680590,삼성2동,29555
2022,4,11680600,대치1동,24865
2022,4,11680610,대치2동,40398
2022,4,11680630,대치4동,20756
2022,4,11680640,역삼1동,35231
2022,4,11680650,역삼2동,36291
2022,4,11680655,도곡1동,21644
2022,4,11680656,도곡2동,24138
2022,4,11680660,개포1동,6308
2022,4,11680670,개포2동,14194
2022,4,11680690,개포4동,18031
2022,4,11680700,세곡동,42164
2022,4,11680720,일원본동,25466
2022,4,11680730,일원1동,17211
2022,4,11680740,일원2동,15370
2022,4,11680750,수서동,16178
2022,4,11710510,풍납1동,15603
2022,4,11710520,풍납2동,23982
2022,4,11710531,거여1동,11495
2022,4,11710532,거여2동,17995
2022,4,11710540,마천1동,22624
2022,4,11710550,마천2동,19813
2022,4,11710561,방이1동,16181
2022,4,11710562,방이2동,24312
2022,4,11710566,오륜동,19267
2022,4,11710570,오금동,36272
2022,4,11710580,송파1동,26130
2022,4,11710590,송파2동,21811
2022,4,11710600,석촌동,34527
2022,4,11710610,삼전동,33572
2022,4,11710620,가락본동,27265
2022,4,11710631,가락1동,735
2022,4,11710632,가락2동,31488
2022,4,11710641,문정1동,21688
2022,4,11710642,문정2동,19802
2022,4,11710646,장지동,32060
2022,4,11710647,위례동,17776
2022,4,11710650,잠실본동,29377
2022,4,11710670,잠실2동,37790
2022,4,11710680,잠실3동,37310
2022,4,11710690,잠실4동,22970
2022,4,11710710,잠실6동,16882
2022,4,11710720,잠실7동,10540
2022,4,11740515,강일동,34450
2022,4,11740520,상일동,8782
2022,4,11740530,명일1동,23041
2022,4,11740540,명일2동,18340
2022,4,11740550,고덕1동,16057
2022,4,11740560,고덕2동,8110
2022,4,11740570,암사1동,35414
2022,4,11740580,암사2동,14123
2022,4,11740590,암사3동,19270
2022,4,11740600,천호1동,28380
2022,4,11740610,천호2동,30887
2022,4,11740620,천호3동,21563
2022,4,11740640,성내1동,19174
2022,4,11740650,성내2동,24045
2022,4,11740660,성내3동,23172
2022,4,11740685,길동,46207
2022,4,11740690,둔촌1동,25
2022,4,11740700,둔촌2동,27231
2023,1,11110515,청운효자동,13009
2023,1,11110530,사직동,8486
2023,1,11110540,삼청동,2597
2023,1,11110550,부암동,9744
2023,1,11110560,평창동,17852
2023,1,11110570,무악동,8491
2023,1,11110580,교남동,4425
2023,1,11110600,가회동,4350
2023,1,11110615,종로1?2?3?4가동,7051
2023,1,11110630,종로5?6가동,5316
2023,1,11110640,이화동,8190
2023,1,11110650,혜화동,16276
2023,1,11110670,창신1동,5666
2023,1,11110680,창신2동,9581
2023,1,11110690,창신3동,6905
2023,1,11110700,숭인1동,5812
2023,1,11110710,숭인2동,9149
2023,1,11140520,소공동,1350
2023,1,11140540,회현동,4305
2023,1,11140550,명동,2450
2023,1,11140570,필동,3851
2023,1,11140580,장충동,4951
2023,1,11140590,광희동,4896
2023,1,11140605,을지로동,1457
2023,1,11140615,신당동,7105
2023,1,11140625,다산동,15434
2023,1,11140635,약수동,18461
2023,1,11140645,청구동,15318
2023,1,11140650,신당5동,9927
2023,1,11140665,동화동,11648
2023,1,11140670,황학동,11965
2023,1,11140680,중림동,8328
2023,1,11170510,후암동,18208
2023,1,11170520,용산2가동,10876
2023,1,11170530,남영동,6632
2023,1,11170555,청파동,20375
2023,1,11170560,원효로1동,12933
2023,1,11170570,원효로2동,14528
2023,1,11170580,효창동,9063
2023,1,11170590,용문동,12606
2023,1,11170625,한강로동,12463
2023,1,11170630,이촌1동,28057
2023,1,11170640,이촌2동,9521
2023,1,11170650,이태원1동,7126
2023,1,11170660,이태원2동,9481
2023,1,11170685,한남동,19536
2023,1,11170690,서빙고동,13291
2023,1,11170700,보광동,14985
2023,1,11200520,왕십리2동,16917
2023,1,11200535,왕십리도선동,19658
2023,1,11200540,마장동,22343
2023,1,11200550,사근동,10998
2023,1,11200560,행당1동,11784
2023,1,11200570,행당2동,26603
2023,1,11200580,응봉동,16178
2023,1,11200590,금호1가동,13659
2023,1,11200615,금호2?3가동,24420
2023,1,11200620,금호4가동,14290
2023,1,11200645,옥수동,23133
2023,1,11200650,성수1가1동,16029
2023,1,11200660,성수1가2동,14754
2023,1,11200670,성수2가1동,18477
2023,1,11200690,성수2가3동,10873
2023,1,11200720,송정동,11173
2023,1,11200790,용답동,15032
2023,1,11215710,화양동,20588
2023,1,11215730,군자동,19686
2023,1,11215740,중곡1동,15381
2023,1,11215750,중곡2동,22019
2023,1,11215760,중곡3동,17505
2023,1,11215770,중곡4동,30966
2023,1,11215780,능동,11129
2023,1,11215810,광장동,33732
2023,1,11215820,자양1동,21955
2023,1,11215830,자양2동,25781
2023,1,11215840,자양3동,28608
2023,1,11215847,자양4동,19042
2023,1,11215850,구의1동,22151
2023,1,11215860,구의2동,24579
2023,1,11215870,구의3동,28444
2023,1,11230536,용신동,25063
2023,1,11230545,제기동,23990
2023,1,11230560,전농1동,28613
2023,1,11230570,전농2동,20201
2023,1,11230600,답십리1동,23777
2023,1,11230610,답십리2동,29117
2023,1,11230650,장안1동,36646
2023,1,11230660,장안2동,29924
2023,1,11230705,청량리동,19581
2023,1,11230710,회기동,10009
2023,1,11230720,휘경1동,12887
2023,1,11230730,휘경2동,23906
2023,1,11230740,이문1동,18250
2023,1,11230750,이문2동,21209
2023,1,11260520,면목2동,26072
2023,1,11260540,면목4동,20660
2023,1,11260550,면목5동,9670
2023,1,11260565,면목본동,34196
2023,1,11260570,면목7동,22266
2023,1,11260575,면목3?8동,24806
2023,1,11260580,상봉1동,25886
2023,1,11260590,상봉2동,17233
2023,1,11260600,중화1동,20211
2023,1,11260610,중화2동,26132
2023,1,11260620,묵1동,34443
2023,1,11260630,묵2동,18734
2023,1,11260655,망우본동,31010
2023,1,11260660,망우3동,17398
2023,1,11260680,신내1동,40914
2023,1,11260690,신내2동,23997
2023,1,11290525,성북동,16414
2023,1,11290555,삼선동,23746
2023,1,11290575,동선동,15848
2023,1,11290580,돈암1동,15258
2023,1,11290590,돈암2동,23961
2023,1,11290600,안암동,5435
2023,1,11290610,보문동,12473
2023,1,11290620,정릉1동,18977
2023,1,11290630,정릉2동,23438
2023,1,11290640,정릉3동,14792
2023,1,11290650,정릉4동,27377
2023,1,11290660,길음1동,38001
2023,1,11290685,길음2동,11218
2023,1,11290705,종암동,38996
2023,1,11290715,월곡1동,27636
2023,1,11290725,월곡2동,20500
2023,1,11290760,장위1동,20012
2023,1,11290770,장위2동,14714
2023,1,11290780,장위3동,10387
2023,1,11290810,석관동,33174
2023,1,11305534,삼양동,26436
2023,1,11305535,미아동,22868
2023,1,11305545,송중동,27542
2023,1,11305555,송천동,28896
2023,1,11305575,삼각산동,34820
2023,1,11305595,번1동,19824
2023,1,11305603,번2동,18104
2023,1,11305608,번3동,20018
2023,1,11305615,수유1동,21607
2023,1,11305625,수유2동,21671
2023,1,11305635,수유3동,23645
2023,1,11305645,우이동,20289
2023,1,11305660,인수동,31270
2023,1,11320511,창1동,27262
2023,1,11320512,창2동,30878
2023,1,11320513,창3동,15312
2023,1,11320514,창4동,30025
2023,1,11320515,창5동,26631
2023,1,11320521,도봉1동,22048
2023,1,11320522,도봉2동,28223
2023,1,11320660,쌍문1동,21760
2023,1,11320670,쌍문2동,20146
2023,1,11320680,쌍문3동,17430
2023,1,11320681,쌍문4동,19452
2023,1,11320690,방학1동,30854
2023,1,11320700,방학2동,21677
2023,1,11320710,방학3동,29657
2023,1,11350560,월계1동,22187
2023,1,11350570,월계2동,27157
2023,1,11350580,월계3동,33913
2023,1,11350595,공릉1동,37367
2023,1,11350600,공릉2동,41090
2023,1,11350611,하계1동,28983
2023,1,11350612,하계2동,25187
2023,1,11350619,중계본동,26352
2023,1,11350621,중계1동,29087
2023,1,11350624,중계4동,21511
2023,1,11350625,중계2?3동,39546
2023,1,11350630,상계1동,41426
2023,1,11350640,상계2동,21559
2023,1,11350665,상계3?4동,27744
2023,1,11350670,상계5동,27306
2023,1,11350695,상계6?7동,36633
2023,1,11350700,상계8동,26740
2023,1,11350710,상계9동,23749
2023,1,11350720,상계10동,17781
2023,1,11380510,녹번동,31623
2023,1,11380520,불광1동,42306
2023,1,11380530,불광2동,28518
2023,1,11380551,갈현1동,24611
2023,1,11380552,갈현2동,28906
2023,1,11380560,구산동,31839
2023,1,11380570,대조동,30107
2023,1,11380580,응암1동,25166
2023,1,11380590,응암2동,17038
2023,1,11380600,응암3동,26254
2023,1,11380625,역촌동,48771
2023,1,11380631,신사1동,27669
2023,1,11380632,신사2동,21138
2023,1,11380640,증산동,15115
2023,1,11380650,수색동,7827
2023,1,11380690,진관동,50293
2023,1,11410520,천연동,19842
2023,1,11410555,북아현동,9826
2023,1,11410565,충현동,17627
2023,1,11410585,신촌동,17521
2023,1,11410615,연희동,37904
2023,1,11410620,홍제1동,22602
2023,1,11410640,홍제3동,16314
2023,1,11410655,홍제2동,15218
2023,1,11410660,홍은1동,20855
2023,1,11410685,홍은2동,27823
2023,1,11410690,남가좌1동,15986
2023,1,11410700,남가좌2동,22912
2023,1,11410710,북가좌1동,19466
2023,1,11410720,북가좌2동,34442
2023,1,11440555,아현동,21498
2023,1,11440565,공덕동,37133
2023,1,11440585,도화동,22198
2023,1,11440590,용강동,20469
2023,1,11440600,대흥동,11549
2023,1,11440610,염리동,10246
2023,1,11440630,신수동,21438
2023,1,11440655,서강동,25284
2023,1,11440660,서교동,24372
2023,1,11440680,합정동,18775
2023,1,11440690,망원1동,21608
2023,1,11440700,망원2동,19167
2023,1,11440710,연남동,17597
2023,1,11440720,성산1동,19859
2023,1,11440730,성산2동,36249
2023,1,11440740,상암동,33829
2023,1,11470510,목1동,27807
2023,1,11470520,목2동,31200
2023,1,11470530,목3동,21251
2023,1,11470540,목4동,26950
2023,1,11470550,목5동,44710
2023,1,11470560,신월1동,21328
2023,1,11470570,신월2동,22442
2023,1,11470580,신월3동,16840
2023,1,11470590,신월4동,18943
2023,1,11470600,신월5동,15293
2023,1,11470610,신월6동,6659
2023,1,11470611,신월7동,23403
2023,1,11470620,신정1동,21578
2023,1,11470630,신정2동,21607
2023,1,11470640,신정3동,47275
2023,1,11470650,신정4동,34659
2023,1,11470670,신정6동,26460
2023,1,11470680,신정7동,31798
2023,1,11500510,염창동,40707
2023,1,11500520,등촌1동,21207
2023,1,11500530,등촌2동,21918
2023,1,11500535,등촌3동,34687
2023,1,11500540,화곡1동,51684
2023,1,11500550,화곡2동,19772
2023,1,11500560,화곡3동,23012
2023,1,11500570,화곡4동,22351
2023,1,11500590,화곡본동,36422
2023,1,11500591,화곡6동,24725
2023,1,11500593,화곡8동,26703
2023,1,11500603,가양1동,26585
2023,1,11500604,가양2동,16549
2023,1,11500605,가양3동,17796
2023,1,11500611,발산1동,39598
2023,1,11500615,우장산동,46018
2023,1,11500620,공항동,21949
2023,1,11500630,방화1동,44245
2023,1,11500640,방화2동,23158
2023,1,11500641,방화3동,25941
2023,1,11530510,신도림동,37145
2023,1,11530520,구로1동,20644
2023,1,11530530,구로2동,27306
2023,1,11530540,구로3동,26146
2023,1,11530550,구로4동,22308
2023,1,11530560,구로5동,29629
2023,1,11530595,가리봉동,10098
2023,1,11530720,고척1동,24431
2023,1,11530730,고척2동,28625
2023,1,11530740,개봉1동,32447
2023,1,11530750,개봉2동,34282
2023,1,11530760,개봉3동,20217
2023,1,11530770,오류1동,20637
2023,1,11530780,오류2동,41924
2023,1,11530790,수궁동,25143
2023,1,11530800,항동,2568
2023,1,11545510,가산동,18712
2023,1,11545610,독산1동,29172
2023,1,11545620,독산2동,20805
2023,1,11545630,독산3동,24757
2023,1,11545640,독산4동,16891
2023,1,11545670,시흥1동,34306
2023,1,11545680,시흥2동,23869
2023,1,11545690,시흥3동,10878
2023,1,11545700,시흥4동,21890
2023,1,11545710,시흥5동,18790
2023,1,11560515,영등포본동,22836
2023,1,11560535,영등포동,17225
2023,1,11560540,여의동,28793
2023,1,11560550,당산1동,20148
2023,1,11560560,당산2동,33422
2023,1,11560585,도림동,19997
2023,1,11560605,문래동,32692
2023,1,11560610,양평1동,17070
2023,1,11560620,양평2동,22099
2023,1,11560630,신길1동,17202
2023,1,11560650,신길3동,16658
2023,1,11560660,신길4동,9364
2023,1,11560670,신길5동,9645
2023,1,11560680,신길6동,16987
2023,1,11560690,신길7동,12751
2023,1,11560700,대림1동,13474
2023,1,11560710,대림2동,13629
2023,1,11560720,대림3동,24878
2023,1,11590510,노량진1동,30860
2023,1,11590520,노량진2동,13262
2023,1,11590530,상도1동,46157
2023,1,11590540,상도2동,24850
2023,1,11590550,상도3동,25055
2023,1,11590560,상도4동,28952
2023,1,11590605,흑석동,29016
2023,1,11590620,사당1동,22033
2023,1,11590630,사당2동,28458
2023,1,11590640,사당3동,23901
2023,1,11590650,사당4동,14300
2023,1,11590651,사당5동,11517
2023,1,11590660,대방동,39072
2023,1,11590670,신대방1동,25113
2023,1,11590680,신대방2동,19143
2023,1,11620525,보라매동,24290
2023,1,11620545,청림동,17325
2023,1,11620565,성현동,32568
2023,1,11620575,행운동,25488
2023,1,11620585,낙성대동,15762
2023,1,11620595,청룡동,27130
2023,1,11620605,은천동,34935
2023,1,11620615,중앙동,14535
2023,1,11620625,인헌동,27630
2023,1,11620630,남현동,18394
2023,1,11620645,서원동,22834
2023,1,11620655,신원동,18403
2023,1,11620665,서림동,24645
2023,1,11620685,신사동,23022
2023,1,11620695,신림동,19935
2023,1,11620715,난향동,17130
2023,1,11620725,조원동,17088
2023,1,11620735,대학동,22444
2023,1,11620745,삼성동,25864
2023,1,11620765,미성동,30775
2023,1,11620775,난곡동,29317
2023,1,11650510,서초1동,20781
2023,1,11650520,서초2동,17183
2023,1,11650530,서초3동,25750
2023,1,11650531,서초4동,26577
2023,1,11650540,잠원동,26523
2023,1,11650550,반포본동,12869
2023,1,11650560,반포1동,28508
2023,1,11650570,반포2동,12641
2023,1,11650580,반포3동,17389
2023,1,11650581,반포4동,19165
2023,1,11650590,방배본동,21003
2023,1,11650600,방배1동,17063
2023,1,11650610,방배2동,20416
2023,1,11650620,방배3동,21866
2023,1,11650621,방배4동,22692
2023,1,11650651,양재1동,47758
2023,1,11650652,양재2동,23406
2023,1,11650660,내곡동,18416
2023,1,11680510,신사동,18137
2023,1,11680521,논현1동,23747
2023,1,11680531,논현2동,21289
2023,1,11680545,압구정동,28557
2023,1,11680565,청담동,30253
2023,1,11680580,삼성1동,12969
2023,1,11680590,삼성2동,29555
2023,1,11680600,대치1동,24865
2023,1,11680610,대치2동,40398
2023,1,11680630,대치4동,20756
2023,1,11680640,역삼1동,35231
2023,1,11680650,역삼2동,36291
2023,1,11680655,도곡1동,21644
2023,1,11680656,도곡2동,24138
2023,1,11680660,개포1동,6308
2023,1,11680670,개포2동,14194
2023,1,11680690,개포4동,18031
2023,1,11680700,세곡동,42164
2023,1,11680720,일원본동,25466
2023,1,11680730,일원1동,17211
2023,1,11680740,일원2동,15370
2023,1,11680750,수서동,16178
2023,1,11710510,풍납1동,15603
2023,1,11710520,풍납2동,23982
2023,1,11710531,거여1동,11495
2023,1,11710532,거여2동,17995
2023,1,11710540,마천1동,22624
2023,1,11710550,마천2동,19813
2023,1,11710561,방이1동,16181
2023,1,11710562,방이2동,24312
2023,1,11710566,오륜동,19267
2023,1,11710570,오금동,36272
2023,1,11710580,송파1동,26130
2023,1,11710590,송파2동,21811
2023,1,11710600,석촌동,34527
2023,1,11710610,삼전동,33572
2023,1,11710620,가락본동,27265
2023,1,11710631,가락1동,735
2023,1,11710632,가락2동,31488
2023,1,11710641,문정1동,21688
2023,1,11710642,문정2동,19802
2023,1,11710646,장지동,32060
2023,1,11710647,위례동,17776
2023,1,11710650,잠실본동,29377
2023,1,11710670,잠실2동,37790
2023,1,11710680,잠실3동,37310
2023,1,11710690,잠실4동,22970
2023,1,11710710,잠실6동,16882
2023,1,11710720,잠실7동,10540
2023,1,11740515,강일동,34450
2023,1,11740520,상일동,8782
2023,1,11740530,명일1동,23041
2023,1,11740540,명일2동,18340
2023,1,11740550,고덕1동,16057
2023,1,11740560,고덕2동,8110
2023,1,11740570,암사1동,35414
2023,1,11740580,암사2동,14123
2023,1,11740590,암사3동,19270
2023,1,11740600,천호1동,28380
2023,1,11740610,천호2동,30887
2023,1,11740620,천호3동,21563
2023,1,11740640,성내1동,19174
2023,1,11740650,성내2동,24045
2023,1,11740660,성내3동,23172
2023,1,11740685,길동,46207
2023,1,11740690,둔촌1동,25
2023,1,11740700,둔촌2동,27231
2023,2,11110515,청운효자동,13009
2023,2,11110530,사직동,8486
2023,2,11110540,삼청동,2597
2023,2,11110550,부암동,9744
2023,2,11110560,평창동,17852
2023,2,11110570,무악동,8491
2023,2,11110580,교남동,4425
2023,2,11110600,가회동,4350
2023,2,11110615,종로1?2?3?4가동,7051
2023,2,11110630,종로5?6가동,5316
2023,2,11110640,이화동,8190
2023,2,11110650,혜화동,16276
2023,2,11110670,창신1동,5666
2023,2,11110680,창신2동,9581
2023,2,11110690,창신3동,6905
2023,2,11110700,숭인1동,5812
2023,2,11110710,숭인2동,9149
2023,2,11140520,소공동,1350
2023,2,11140540,회현동,4305
2023,2,11140550,명동,2450
2023,2,11140570,필동,3851
2023,2,11140580,장충동,4951
2023,2,11140590,광희동,4896
2023,2,11140605,을지로동,1457
2023,2,11140615,신당동,7105
2023,2,11140625,다산동,15434
2023,2,11140635,약수동,18461
2023,2,11140645,청구동,15318
2023,2,11140650,신당5동,9927
2023,2,11140665,동화동,11648
2023,2,11140670,황학동,11965
2023,2,11140680,중림동,8328
2023,2,11170510,후암동,18208
2023,2,11170520,용산2가동,10876
2023,2,11170530,남영동,6632
2023,2,11170555,청파동,20375
2023,2,11170560,원효로1동,12933
2023,2,11170570,원효로2동,14528
2023,2,11170580,효창동,9063
2023,2,11170590,용문동,12606
2023,2,11170625,한강로동,12463
2023,2,11170630,이촌1동,28057
2023,2,11170640,이촌2동,9521
2023,2,11170650,이태원1동,7126
2023,2,11170660,이태원2동,9481
2023,2,11170685,한남동,19536
2023,2,11170690,서빙고동,13291
2023,2,11170700,보광동,14985
2023,2,11200520,왕십리2동,16917
2023,2,11200535,왕십리도선동,19658
2023,2,11200540,마장동,22343
2023,2,11200550,사근동,10998
2023,2,11200560,행당1동,11784
2023,2,11200570,행당2동,26603
2023,2,11200580,응봉동,16178
2023,2,11200590,금호1가동,13659
2023,2,11200615,금호2?3가동,24420
2023,2,11200620,금호4가동,14290
2023,2,11200645,옥수동,23133
2023,2,11200650,성수1가1동,16029
2023,2,11200660,성수1가2동,14754
2023,2,11200670,성수2가1동,18477
2023,2,11200690,성수2가3동,10873
2023,2,11200720,송정동,11173
2023,2,11200790,용답동,15032
2023,2,11215710,화양동,20588
2023,2,11215730,군자동,19686
2023,2,11215740,중곡1동,15381
2023,2,11215750,중곡2동,22019
2023,2,11215760,중곡3동,17505
2023,2,11215770,중곡4동,30966
2023,2,11215780,능동,11129
2023,2,11215810,광장동,33732
2023,2,11215820,자양1동,21955
2023,2,11215830,자양2동,25781
2023,2,11215840,자양3동,28608
2023,2,11215847,자양4동,19042
2023,2,11215850,구의1동,22151
2023,2,11215860,구의2동,24579
2023,2,11215870,구의3동,28444
2023,2,11230536,용신동,25063
2023,2,11230545,제기동,23990
2023,2,11230560,전농1동,28613
2023,2,11230570,전농2동,20201
2023,2,11230600,답십리1동,23777
2023,2,11230610,답십리2동,29117
2023,2,11230650,장안1동,36646
2023,2,11230660,장안2동,29924
2023,2,11230705,청량리동,19581
2023,2,11230710,회기동,10009
2023,2,11230720,휘경1동,12887
2023,2,11230730,휘경2동,23906
2023,2,11230740,이문1동,18250
2023,2,11230750,이문2동,21209
2023,2,11260520,면목2동,26072
2023,2,11260540,면목4동,20660
2023,2,11260550,면목5동,9670
2023,2,11260565,면목본동,34196
2023,2,11260570,면목7동,22266
2023,2,11260575,면목3?8동,24806
2023,2,11260580,상봉1동,25886
2023,2,11260590,상봉2동,17233
2023,2,11260600,중화1동,20211
2023,2,11260610,중화2동,26132
2023,2,11260620,묵1동,34443
2023,2,11260630,묵2동,18734
2023,2,11260655,망우본동,31010
2023,2,11260660,망우3동,17398
2023,2,11260680,신내1동,40914
2023,2,11260690,신내2동,23997
2023,2,11290525,성북동,16414
2023,2,11290555,삼선동,23746
2023,2,11290575,동선동,15848
2023,2,11290580,돈암1동,15258
2023,2,11290590,돈암2동,23961
2023,2,11290600,안암동,5435
2023,2,11290610,보문동,12473
2023,2,11290620,정릉1동,18977
2023,2,11290630,정릉2동,23438
2023,2,11290640,정릉3동,14792
2023,2,11290650,정릉4동,27377
2023,2,11290660,길음1동,38001
2023,2,11290685,길음2동,11218
2023,2,11290705,종암동,38996
2023,2,11290715,월곡1동,27636
2023,2,11290725,월곡2동,20500
2023,2,11290760,장위1동,20012
2023,2,11290770,장위2동,14714
2023,2,11290780,장위3동,10387
2023,2,11290810,석관동,33174
2023,2,11305534,삼양동,26436
2023,2,11305535,미아동,22868
2023,2,11305545,송중동,27542
2023,2,11305555,송천동,28896
2023,2,11305575,삼각산동,34820
2023,2,11305595,번1동,19824
2023,2,11305603,번2동,18104
2023,2,11305608,번3동,20018
2023,2,11305615,수유1동,21607
2023,2,11305625,수유2동,21671
2023,2,11305635,수유3동,23645
2023,2,11305645,우이동,20289
2023,2,11305660,인수동,31270
2023,2,11320511,창1동,27262
2023,2,11320512,창2동,30878
2023,2,11320513,창3동,15312
2023,2,11320514,창4동,30025
2023,2,11320515,창5동,26631
2023,2,11320521,도봉1동,22048
2023,2,11320522,도봉2동,28223
2023,2,11320660,쌍문1동,21760
2023,2,11320670,쌍문2동,20146
2023,2,11320680,쌍문3동,17430
2023,2,11320681,쌍문4동,19452
2023,2,11320690,방학1동,30854
2023,2,11320700,방학2동,21677
2023,2,11320710,방학3동,29657
2023,2,11350560,월계1동,22187
2023,2,11350570,월계2동,27157
2023,2,11350580,월계3동,33913
2023,2,11350595,공릉1동,37367
2023,2,11350600,공릉2동,41090
2023,2,11350611,하계1동,28983
2023,2,11350612,하계2동,25187
2023,2,11350619,중계본동,26352
2023,2,11350621,중계1동,29087
2023,2,11350624,중계4동,21511
2023,2,11350625,중계2?3동,39546
2023,2,11350630,상계1동,41426
2023,2,11350640,상계2동,21559
2023,2,11350665,상계3?4동,27744
2023,2,11350670,상계5동,27306
2023,2,11350695,상계6?7동,36633
2023,2,11350700,상계8동,26740
2023,2,11350710,상계9동,23749
2023,2,11350720,상계10동,17781
2023,2,11380510,녹번동,31623
2023,2,11380520,불광1동,42306
2023,2,11380530,불광2동,28518
2023,2,11380551,갈현1동,24611
2023,2,11380552,갈현2동,28906
2023,2,11380560,구산동,31839
2023,2,11380570,대조동,30107
2023,2,11380580,응암1동,25166
2023,2,11380590,응암2동,17038
2023,2,11380600,응암3동,26254
2023,2,11380625,역촌동,48771
2023,2,11380631,신사1동,27669
2023,2,11380632,신사2동,21138
2023,2,11380640,증산동,15115
2023,2,11380650,수색동,7827
2023,2,11380690,진관동,50293
2023,2,11410520,천연동,19842
2023,2,11410555,북아현동,9826
2023,2,11410565,충현동,17627
2023,2,11410585,신촌동,17521
2023,2,11410615,연희동,37904
2023,2,11410620,홍제1동,22602
2023,2,11410640,홍제3동,16314
2023,2,11410655,홍제2동,15218
2023,2,11410660,홍은1동,20855
2023,2,11410685,홍은2동,27823
2023,2,11410690,남가좌1동,15986
2023,2,11410700,남가좌2동,22912
2023,2,11410710,북가좌1동,19466
2023,2,11410720,북가좌2동,34442
2023,2,11440555,아현동,21498
2023,2,11440565,공덕동,37133
2023,2,11440585,도화동,22198
2023,2,11440590,용강동,20469
2023,2,11440600,대흥동,11549
2023,2,11440610,염리동,10246
2023,2,11440630,신수동,21438
2023,2,11440655,서강동,25284
2023,2,11440660,서교동,24372
2023,2,11440680,합정동,18775
2023,2,11440690,망원1동,21608
2023,2,11440700,망원2동,19167
2023,2,11440710,연남동,17597
2023,2,11440720,성산1동,19859
2023,2,11440730,성산2동,36249
2023,2,11440740,상암동,33829
2023,2,11470510,목1동,27807
2023,2,11470520,목2동,31200
2023,2,11470530,목3동,21251
2023,2,11470540,목4동,26950
2023,2,11470550,목5동,44710
2023,2,11470560,신월1동,21328
2023,2,11470570,신월2동,22442
2023,2,11470580,신월3동,16840
2023,2,11470590,신월4동,18943
2023,2,11470600,신월5동,15293
2023,2,11470610,신월6동,6659
2023,2,11470611,신월7동,23403
2023,2,11470620,신정1동,21578
2023,2,11470630,신정2동,21607
2023,2,11470640,신정3동,47275
2023,2,11470650,신정4동,34659
2023,2,11470670,신정6동,26460
2023,2,11470680,신정7동,31798
2023,2,11500510,염창동,40707
2023,2,11500520,등촌1동,21207
2023,2,11500530,등촌2동,21918
2023,2,11500535,등촌3동,34687
2023,2,11500540,화곡1동,51684
2023,2,11500550,화곡2동,19772
2023,2,11500560,화곡3동,23012
2023,2,11500570,화곡4동,22351
2023,2,11500590,화곡본동,36422
2023,2,11500591,화곡6동,24725
2023,2,11500593,화곡8동,26703
2023,2,11500603,가양1동,26585
2023,2,11500604,가양2동,16549
2023,2,11500605,가양3동,17796
2023,2,11500611,발산1동,39598
2023,2,11500615,우장산동,46018
2023,2,11500620,공항동,21949
2023,2,11500630,방화1동,44245
2023,2,11500640,방화2동,23158
2023,2,11500641,방화3동,25941
2023,2,11530510,신도림동,37145
2023,2,11530520,구로1동,20644
2023,2,11530530,구로2동,27306
2023,2,11530540,구로3동,26146
2023,2,11530550,구로4동,22308
2023,2,11530560,구로5동,29629
2023,2,11530595,가리봉동,10098
2023,2,11530720,고척1동,24431
2023,2,11530730,고척2동,28625
2023,2,11530740,개봉1동,32447
2023,2,11530750,개봉2동,34282
2023,2,11530760,개봉3동,20217
2023,2,11530770,오류1동,20637
2023,2,11530780,오류2동,41924
2023,2,11530790,수궁동,25143
2023,2,11530800,항동,2568
2023,2,11545510,가산동,18712
2023,2,11545610,독산1동,29172
2023,2,11545620,독산2동,20805
2023,2,11545630,독산3동,24757
2023,2,11545640,독산4동,16891
2023,2,11545670,시흥1동,34306
2023,2,11545680,시흥2동,23869
2023,2,11545690,시흥3동,10878
2023,2,11545700,시흥4동,21890
2023,2,11545710,시흥5동,18790
2023,2,11560515,영등포본동,22836
2023,2,11560535,영등포동,17225
2023,2,11560540,여의동,28793
2023,2,11560550,당산1동,20148
2023,2,11560560,당산2동,33422
2023,2,11560585,도림동,19997
2023,2,11560605,문래동,32692
2023,2,11560610,양평1동,17070
2023,2,11560620,양평2동,22099
2023,2,11560630,신길1동,17202
2023,2,11560650,신길3동,16658
2023,2,11560660,신길4동,9364
2023,2,11560670,신길5동,9645
2023,2,11560680,신길6동,16987
2023,2,11560690,신길7동,12751
2023,2,11560700,대림1동,13474
2023,2,11560710,대림2동,13629
2023,2,11560720,대림3동,24878
2023,2,11590510,노량진1동,30860
2023,2,11590520,노량진2동,13262
2023,2,11590530,상도1동,46157
2023,2,11590540,상도2동,24850
2023,2,11590550,상도3동,25055
2023,2,11590560,상도4동,28952
2023,2,11590605,흑석동,29016
2023,2,11590620,사당1동,22033
2023,2,11590630,사당2동,28458
2023,2,11590640,사당3동,23901
2023,2,11590650,사당4동,14300
2023,2,11590651,사당5동,11517
2023,2,11590660,대방동,39072
2023,2,11590670,신대방1동,25113
2023,2,11590680,신대방2동,19143
2023,2,11620525,보라매동,24290
2023,2,11620545,청림동,17325
2023,2,11620565,성현동,32568
2023,2,11620575,행운동,25488
2023,2,11620585,낙성대동,15762
2023,2,11620595,청룡동,27130
2023,2,11620605,은천동,34935
2023,2,11620615,중앙동,14535
2023,2,11620625,인헌동,27630
2023,2,11620630,남현동,18394
2023,2,11620645,서원동,22834
2023,2,11620655,신원동,18403
2023,2,11620665,서림동,24645
2023,2,11620685,신사동,23022
2023,2,11620695,신림동,19935
2023,2,11620715,난향동,17130
2023,2,11620725,조원동,17088
2023,2,11620735,대학동,22444
2023,2,11620745,삼성동,25864
2023,2,11620765,미성동,30775
2023,2,11620775,난곡동,29317
2023,2,11650510,서초1동,20781
2023,2,11650520,서초2동,17183
2023,2,11650530,서초3동,25750
2023,2,11650531,서초4동,26577
2023,2,11650540,잠원동,26523
2023,2,11650550,반포본동,12869
2023,2,11650560,반포1동,28508
2023,2,11650570,반포2동,12641
2023,2,11650580,반포3동,17389
2023,2,11650581,반포4동,19165
2023,2,11650590,방배본동,21003
2023,2,11650600,방배1동,17063
2023,2,11650610,방배2동,20416
2023,2,11650620,방배3동,21866
2023,2,11650621,방배4동,22692
2023,2,11650651,양재1동,47758
2023,2,11650652,양재2동,23406
2023,2,11650660,내곡동,18416
2023,2,11680510,신사동,18137
2023,2,11680521,논현1동,23747
2023,2,11680531,논현2동,21289
2023,2,11680545,압구정동,28557
2023,2,11680565,청담동,30253
2023,2,11680580,삼성1동,12969
2023,2,11680590,삼성2동,29555
2023,2,11680600,대치1동,24865
2023,2,11680610,대치2동,40398
2023,2,11680630,대치4동,20756
2023,2,11680640,역삼1동,35231
2023,2,11680650,역삼2동,36291
2023,2,11680655,도곡1동,21644
2023,2,11680656,도곡2동,24138
2023,2,11680660,개포1동,6308
2023,2,11680670,개포2동,14194
2023,2,11680690,개포4동,18031
2023,2,11680700,세곡동,42164
2023,2,11680720,일원본동,25466
2023,2,11680730,일원1동,17211
2023,2,11680740,일원2동,15370
2023,2,11680750,수서동,16178
2023,2,11710510,풍납1동,15603
2023,2,11710520,풍납2동,23982
2023,2,11710531,거여1동,11495
2023,2,11710532,거여2동,17995
2023,2,11710540,마천1동,22624
2023,2,11710550,마천2동,19813
2023,2,11710561,방이1동,16181
2023,2,11710562,방이2동,24312
2023,2,11710566,오륜동,19267
2023,2,11710570,오금동,36272
2023,2,11710580,송파1동,26130
2023,2,11710590,송파2동,21811
2023,2,11710600,석촌동,34527
2023,2,11710610,삼전동,33572
2023,2,11710620,가락본동,27265
2023,2,11710631,가락1동,735
2023,2,11710632,가락2동,31488
2023,2,11710641,문정1동,21688
2023,2,11710642,문정2동,19802
2023,2,11710646,장지동,32060
2023,2,11710647,위례동,17776
2023,2,11710650,잠실본동,29377
2023,2,11710670,잠실2동,37790
2023,2,11710680,잠실3동,37310
2023,2,11710690,잠실4동,22970
2023,2,11710710,잠실6동,16882
2023,2,11710720,잠실7동,10540
2023,2,11740515,강일동,34450
2023,2,11740520,상일동,8782
2023,2,11740530,명일1동,23041
2023,2,11740540,명일2동,18340
2023,2,11740550,고덕1동,16057
2023,2,11740560,고덕2동,8110
2023,2,11740570,암사1동,35414
2023,2,11740580,암사2동,14123
2023,2,11740590,암사3동,19270
2023,2,11740600,천호1동,28380
2023,2,11740610,천호2동,30887
2023,2,11740620,천호3동,21563
2023,2,11740640,성내1동,19174
2023,2,11740650,성내2동,24045
2023,2,11740660,성내3동,23172
2023,2,11740685,길동,46207
2023,2,11740690,둔촌1동,25
2023,2,11740700,둔촌2동,27231
2023,3,11110515,청운효자동,13009
2023,3,11110530,사직동,8486
2023,3,11110540,삼청동,2597
2023,3,11110550,부암동,9744
2023,3,11110560,평창동,17852
2023,3,11110570,무악동,8491
2023,3,11110580,교남동,4425
2023,3,11110600,가회동,4350
2023,3,11110615,종로1?2?3?4가동,7051
2023,3,11110630,종로5?6가동,5316
2023,3,11110640,이화동,8190
2023,3,11110650,혜화동,16276
2023,3,11110670,창신1동,5666
2023,3,11110680,창신2동,9581
2023,3,11110690,창신3동,6905
2023,3,11110700,숭인1동,5812
2023,3,11110710,숭인2동,9149
2023,3,11140520,소공동,1350
2023,3,11140540,회현동,4305
2023,3,11140550,명동,2450
2023,3,11140570,필동,3851
2023,3,11140580,장충동,4951
2023,3,11140590,광희동,4896
2023,3,11140605,을지로동,1457
2023,3,11140615,신당동,7105
2023,3,11140625,다산동,15434
2023,3,11140635,약수동,18461
2023,3,11140645,청구동,15318
2023,3,11140650,신당5동,9927
2023,3,11140665,동화동,11648
2023,3,11140670,황학동,11965
2023,3,11140680,중림동,8328
2023,3,11170510,후암동,18208
2023,3,11170520,용산2가동,10876
2023,3,11170530,남영동,6632
2023,3,11170555,청파동,20375
2023,3,11170560,원효로1동,12933
2023,3,11170570,원효로2동,14528
2023,3,11170580,효창동,9063
2023,3,11170590,용문동,12606
2023,3,11170625,한강로동,12463
2023,3,11170630,이촌1동,28057
2023,3,11170640,이촌2동,9521
2023,3,11170650,이태원1동,7126
2023,3,11170660,이태원2동,9481
2023,3,11170685,한남동,19536
2023,3,11170690,서빙고동,13291
2023,3,11170700,보광동,14985
2023,3,11200520,왕십리2동,16917
2023,3,11200535,왕십리도선동,19658
2023,3,11200540,마장동,22343
2023,3,11200550,사근동,10998
2023,3,11200560,행당1동,11784
2023,3,11200570,행당2동,26603
2023,3,11200580,응봉동,16178
2023,3,11200590,금호1가동,13659
2023,3,11200615,금호2?3가동,24420
2023,3,11200620,금호4가동,14290
2023,3,11200645,옥수동,23133
2023,3,11200650,성수1가1동,16029
2023,3,11200660,성수1가2동,14754
2023,3,11200670,성수2가1동,18477
2023,3,11200690,성수2가3동,10873
2023,3,11200720,송정동,11173
2023,3,11200790,용답동,15032
2023,3,11215710,화양동,20588
2023,3,11215730,군자동,19686
2023,3,11215740,중곡1동,15381
2023,3,11215750,중곡2동,22019
2023,3,11215760,중곡3동,17505
2023,3,11215770,중곡4동,30966
2023,3,11215780,능동,11129
2023,3,11215810,광장동,33732
2023,3,11215820,자양1동,21955
2023,3,11215830,자양2동,25781
2023,3,11215840,자양3동,28608
2023,3,11215847,자양4동,19042
2023,3,11215850,구의1동,22151
2023,3,11215860,구의2동,24579
2023,3,11215870,구의3동,28444
2023,3,11230536,용신동,25063
2023,3,11230545,제기동,23990
2023,3,11230560,전농1동,28613
2023,3,11230570,전농2동,20201
2023,3,11230600,답십리1동,23777
2023,3,11230610,답십리2동,29117
2023,3,11230650,장안1동,36646
2023,3,11230660,장안2동,29924
2023,3,11230705,청량리동,19581
2023,3,11230710,회기동,10009
2023,3,11230720,휘경1동,12887
2023,3,11230730,휘경2동,23906
2023,3,11230740,이문1동,18250
2023,3,11230750,이문2동,21209
2023,3,11260520,면목2동,26072
2023,3,11260540,면목4동,20660
2023,3,11260550,면목5동,9670
2023,3,11260565,면목본동,34196
2023,3,11260570,면목7동,22266
2023,3,11260575,면목3?8동,24806
2023,3,11260580,상봉1동,25886
2023,3,11260590,상봉2동,17233
2023,3,11260600,중화1동,20211
2023,3,11260610,중화2동,26132
2023,3,11260620,묵1동,34443
2023,3,11260630,묵2동,18734
2023,3,11260655,망우본동,31010
2023,3,11260660,망우3동,17398
2023,3,11260680,신내1동,40914
2023,3,11260690,신내2동,23997
2023,3,11290525,성북동,16414
2023,3,11290555,삼선동,23746
2023,3,11290575,동선동,15848
2023,3,11290580,돈암1동,15258
2023,3,11290590,돈암2동,23961
2023,3,11290600,안암동,5435
2023,3,11290610,보문동,12473
2023,3,11290620,정릉1동,18977
2023,3,11290630,정릉2동,23438
2023,3,11290640,정릉3동,14792
2023,3,11290650,정릉4동,27377
2023,3,11290660,길음1동,38001
2023,3,11290685,길음2동,11218
2023,3,11290705,종암동,38996
2023,3,11290715,월곡1동,27636
2023,3,11290725,월곡2동,20500
2023,3,11290760,장위1동,20012
2023,3,11290770,장위2동,14714
2023,3,11290780,장위3동,10387
2023,3,11290810,석관동,33174
2023,3,11305534,삼양동,26436
2023,3,11305535,미아동,22868
2023,3,11305545,송중동,27542
2023,3,11305555,송천동,28896
2023,3,11305575,삼각산동,34820
2023,3,11305595,번1동,19824
2023,3,11305603,번2동,18104
2023,3,11305608,번3동,20018
2023,3,11305615,수유1동,21607
2023,3,11305625,수유2동,21671
2023,3,11305635,수유3동,23645
2023,3,11305645,우이동,20289
2023,3,11305660,인수동,31270
2023,3,11320511,창1동,27262
2023,3,11320512,창2동,30878
2023,3,11320513,창3동,15312
2023,3,11320514,창4동,30025
2023,3,11320515,창5동,26631
2023,3,11320521,도봉1동,22048
2023,3,11320522,도봉2동,28223
2023,3,11320660,쌍문1동,21760
2023,3,11320670,쌍문2동,20146
2023,3,11320680,쌍문3동,17430
2023,3,11320681,쌍문4동,19452
2023,3,11320690,방학1동,30854
2023,3,11320700,방학2동,21677
2023,3,11320710,방학3동,29657
2023,3,11350560,월계1동,22187
2023,3,11350570,월계2동,27157
2023,3,11350580,월계3동,33913
2023,3,11350595,공릉1동,37367
2023,3,11350600,공릉2동,41090
2023,3,11350611,하계1동,28983
2023,3,11350612,하계2동,25187
2023,3,11350619,중계본동,26352
2023,3,11350621,중계1동,29087
2023,3,11350624,중계4동,21511
2023,3,11350625,중계2?3동,39546
2023,3,11350630,상계1동,41426
2023,3,11350640,상계2동,21559
2023,3,11350665,상계3?4동,27744
2023,3,11350670,상계5동,27306
2023,3,11350695,상계6?7동,36633
2023,3,11350700,상계8동,26740
2023,3,11350710,상계9동,23749
2023,3,11350720,상계10동,17781
2023,3,11380510,녹번동,31623
2023,3,11380520,불광1동,42306
2023,3,11380530,불광2동,28518
2023,3,11380551,갈현1동,24611
2023,3,11380552,갈현2동,28906
2023,3,11380560,구산동,31839
2023,3,11380570,대조동,30107
2023,3,11380580,응암1동,25166
2023,3,11380590,응암2동,17038
2023,3,11380600,응암3동,26254
2023,3,11380625,역촌동,48771
2023,3,11380631,신사1동,27669
2023,3,11380632,신사2동,21138
2023,3,11380640,증산동,15115
2023,3,11380650,수색동,7827
2023,3,11380690,진관동,50293
2023,3,11410520,천연동,19842
2023,3,11410555,북아현동,9826
2023,3,11410565,충현동,17627
2023,3,11410585,신촌동,17521
2023,3,11410615,연희동,37904
2023,3,11410620,홍제1동,22602
2023,3,11410640,홍제3동,16314
2023,3,11410655,홍제2동,15218
2023,3,11410660,홍은1동,20855
2023,3,11410685,홍은2동,27823
2023,3,11410690,남가좌1동,15986
2023,3,11410700,남가좌2동,22912
2023,3,11410710,북가좌1동,19466
2023,3,11410720,북가좌2동,34442
2023,3,11440555,아현동,21498
2023,3,11440565,공덕동,37133
2023,3,11440585,도화동,22198
2023,3,11440590,용강동,20469
2023,3,11440600,대흥동,11549
2023,3,11440610,염리동,10246
2023,3,11440630,신수동,21438
2023,3,11440655,서강동,25284
2023,3,11440660,서교동,24372
2023,3,11440680,합정동,18775
2023,3,11440690,망원1동,21608
2023,3,11440700,망원2동,19167
2023,3,11440710,연남동,17597
2023,3,11440720,성산1동,19859
2023,3,11440730,성산2동,36249
2023,3,11440740,상암동,33829
2023,3,11470510,목1동,27807
2023,3,11470520,목2동,31200
2023,3,11470530,목3동,21251
2023,3,11470540,목4동,26950
2023,3,11470550,목5동,44710
2023,3,11470560,신월1동,21328
2023,3,11470570,신월2동,22442
2023,3,11470580,신월3동,16840
2023,3,11470590,신월4동,18943
2023,3,11470600,신월5동,15293
2023,3,11470610,신월6동,6659
2023,3,11470611,신월7동,23403
2023,3,11470620,신정1동,21578
2023,3,11470630,신정2동,21607
2023,3,11470640,신정3동,47275
2023,3,11470650,신정4동,34659
2023,3,11470670,신정6동,26460
2023,3,11470680,신정7동,31798
2023,3,11500510,염창동,40707
2023,3,11500520,등촌1동,21207
2023,3,11500530,등촌2동,21918
2023,3,11500535,등촌3동,34687
2023,3,11500540,화곡1동,51684
2023,3,11500550,화곡2동,19772
2023,3,11500560,화곡3동,23012
2023,3,11500570,화곡4동,22351
2023,3,11500590,화곡본동,36422
2023,3,11500591,화곡6동,24725
2023,3,11500593,화곡8동,26703
2023,3,11500603,가양1동,26585
2023,3,11500604,가양2동,16549
2023,3,11500605,가양3동,17796
2023,3,11500611,발산1동,39598
2023,3,11500615,우장산동,46018
2023,3,11500620,공항동,21949
2023,3,11500630,방화1동,44245
2023,3,11500640,방화2동,23158
2023,3,11500641,방화3동,25941
2023,3,11530510,신도림동,37145
2023,3,11530520,구로1동,20644
2023,3,11530530,구로2동,27306
2023,3,11530540,구로3동,26146
2023,3,11530550,구로4동,22308
2023,3,11530560,구로5동,29629
2023,3,11530595,가리봉동,10098
2023,3,11530720,고척1동,24431
2023,3,11530730,고척2동,28625
2023,3,11530740,개봉1동,32447
2023,3,11530750,개봉2동,34282
2023,3,11530760,개봉3동,20217
2023,3,11530770,오류1동,20637
2023,3,11530780,오류2동,41924
2023,3,11530790,수궁동,25143
2023,3,11530800,항동,2568
2023,3,11545510,가산동,18712
2023,3,11545610,독산1동,29172
2023,3,11545620,독산2동,20805
2023,3,11545630,독산3동,24757
2023,3,11545640,독산4동,16891
2023,3,11545670,시흥1동,34306
2023,3,11545680,시흥2동,23869
2023,3,11545690,시흥3동,10878
2023,3,11545700,시흥4동,21890
2023,3,11545710,시흥5동,18790
2023,3,11560515,영등포본동,22836
2023,3,11560535,영등포동,17225
2023,3,11560540,여의동,28793
2023,3,11560550,당산1동,20148
2023,3,11560560,당산2동,33422
2023,3,11560585,도림동,19997
2023,3,11560605,문래동,32692
2023,3,11560610,양평1동,17070
2023,3,11560620,양평2동,22099
2023,3,11560630,신길1동,17202
2023,3,11560650,신길3동,16658
2023,3,11560660,신길4동,9364
2023,3,11560670,신길5동,9645
2023,3,11560680,신길6동,16987
2023,3,11560690,신길7동,12751
2023,3,11560700,대림1동,13474
2023,3,11560710,대림2동,13629
2023,3,11560720,대림3동,24878
2023,3,11590510,노량진1동,30860
2023,3,11590520,노량진2동,13262
2023,3,11590530,상도1동,46157
2023,3,11590540,상도2동,24850
2023,3,11590550,상도3동,25055
2023,3,11590560,상도4동,28952
2023,3,11590605,흑석동,29016
2023,3,11590620,사당1동,22033
2023,3,11590630,사당2동,28458
2023,3,11590640,사당3동,23901
2023,3,11590650,사당4동,14300
2023,3,11590651,사당5동,11517
2023,3,11590660,대방동,39072
2023,3,11590670,신대방1동,25113
2023,3,11590680,신대방2동,19143
2023,3,11620525,보라매동,24290
2023,3,11620545,청림동,17325
2023,3,11620565,성현동,32568
2023,3,11620575,행운동,25488
2023,3,11620585,낙성대동,15762
2023,3,11620595,청룡동,27130
2023,3,11620605,은천동,34935
2023,3,11620615,중앙동,14535
2023,3,11620625,인헌동,27630
2023,3,11620630,남현동,18394
2023,3,11620645,서원동,22834
2023,3,11620655,신원동,18403
2023,3,11620665,서림동,24645
2023,3,11620685,신사동,23022
2023,3,11620695,신림동,19935
2023,3,11620715,난향동,17130
2023,3,11620725,조원동,17088
2023,3,11620735,대학동,22444
2023,3,11620745,삼성동,25864
2023,3,11620765,미성동,30775
2023,3,11620775,난곡동,29317
2023,3,11650510,서초1동,20781
2023,3,11650520,서초2동,17183
2023,3,11650530,서초3동,25750
2023,3,11650531,서초4동,26577
2023,3,11650540,잠원동,26523
2023,3,11650550,반포본동,12869
2023,3,11650560,반포1동,28508
2023,3,11650570,반포2동,12641
2023,3,11650580,반포3동,17389
2023,3,11650581,반포4동,19165
2023,3,11650590,방배본동,21003
2023,3,11650600,방배1동,17063
2023,3,11650610,방배2동,20416
2023,3,11650620,방배3동,21866
2023,3,11650621,방배4동,22692
2023,3,11650651,양재1동,47758
2023,3,11650652,양재2동,23406
2023,3,11650660,내곡동,18416
2023,3,11680510,신사동,18137
2023,3,11680521,논현1동,23747
2023,3,11680531,논현2동,21289
2023,3,11680545,압구정동,28557
2023,3,11680565,청담동,30253
2023,3,11680580,삼성1동,12969
2023,3,11680590,삼성2동,29555
2023,3,11680600,대치1동,24865
2023,3,11680610,대치2동,40398
2023,3,11680630,대치4동,20756
2023,3,11680640,역삼1동,35231
2023,3,11680650,역삼2동,36291
2023,3,11680655,도곡1동,21644
2023,3,11680656,도곡2동,24138
2023,3,11680660,개포1동,6308
2023,3,11680670,개포2동,14194
2023,3,11680690,개포4동,18031
2023,3,11680700,세곡동,42164
2023,3,11680720,일원본동,25466
2023,3,11680730,일원1동,17211
2023,3,11680740,일원2동,15370
2023,3,11680750,수서동,16178
2023,3,11710510,풍납1동,15603
2023,3,11710520,풍납2동,23982
2023,3,11710531,거여1동,11495
2023,3,11710532,거여2동,17995
2023,3,11710540,마천1동,22624
2023,3,11710550,마천2동,19813
2023,3,11710561,방이1동,16181
2023,3,11710562,방이2동,24312
2023,3,11710566,오륜동,19267
2023,3,11710570,오금동,36272
2023,3,11710580,송파1동,26130
2023,3,11710590,송파2동,21811
2023,3,11710600,석촌동,34527
2023,3,11710610,삼전동,33572
2023,3,11710620,가락본동,27265
2023,3,11710631,가락1동,735
2023,3,11710632,가락2동,31488
2023,3,11710641,문정1동,21688
2023,3,11710642,문정2동,19802
2023,3,11710646,장지동,32060
2023,3,11710647,위례동,17776
2023,3,11710650,잠실본동,29377
2023,3,11710670,잠실2동,37790
2023,3,11710680,잠실3동,37310
2023,3,11710690,잠실4동,22970
2023,3,11710710,잠실6동,16882
2023,3,11710720,잠실7동,10540
2023,3,11740515,강일동,34450
2023,3,11740520,상일동,8782
2023,3,11740530,명일1동,23041
2023,3,11740540,명일2동,18340
2023,3,11740550,고덕1동,16057
2023,3,11740560,고덕2동,8110
2023,3,11740570,암사1동,35414
2023,3,11740580,암사2동,14123
2023,3,11740590,암사3동,19270
2023,3,11740600,천호1동,28380
2023,3,11740610,천호2동,30887
2023,3,11740620,천호3동,21563
2023,3,11740640,성내1동,19174
2023,3,11740650,성내2동,24045
2023,3,11740660,성내3동,23172
2023,3,11740685,길동,46207
2023,3,11740690,둔촌1동,25
2023,3,11740700,둔촌2동,27231
2023,4,11110515,청운효자동,11328
2023,4,11110530,사직동,8992
2023,4,11110540,삼청동,2247
2023,4,11110550,부암동,9034
2023,4,11110560,평창동,17366
2023,4,11110570,무악동,7963
2023,4,11110580,교남동,9715
2023,4,11110600,가회동,3849
2023,4,11110615,종로1?2?3?4가동,6658
2023,4,11110630,종로5?6가동,5376
2023,4,11110640,이화동,6891
2023,4,11110650,혜화동,15833
2023,4,11110670,창신1동,4523
2023,4,11110680,창신2동,7511
2023,4,11110690,창신3동,6338
2023,4,11110700,숭인1동,5768
2023,4,11110710,숭인2동,9499
2023,4,11140520,소공동,2178
2023,4,11140540,회현동,4380
2023,4,11140550,명동,2392
2023,4,11140570,필동,4012
2023,4,11140580,장충동,4549
2023,4,11140590,광희동,5676
2023,4,11140605,을지로동,3208
2023,4,11140615,신당동,7385
2023,4,11140625,다산동,13221
2023,4,11140635,약수동,16086
2023,4,11140645,청구동,12955
2023,4,11140650,신당5동,10151
2023,4,11140665,동화동,9941
2023,4,11140670,황학동,12685
2023,4,11140680,중림동,12142
2023,4,11170510,후암동,16020
2023,4,11170520,용산2가동,8866
2023,4,11170530,남영동,6819
2023,4,11170555,청파동,18842
2023,4,11170560,원효로1동,16956
2023,4,11170570,원효로2동,13626
2023,4,11170580,효창동,10665
2023,4,11170590,용문동,11380
2023,4,11170625,한강로동,20977
2023,4,11170630,이촌1동,24933
2023,4,11170640,이촌2동,7870
2023,4,11170650,이태원1동,6015
2023,4,11170660,이태원2동,8657
2023,4,11170685,한남동,17711
2023,4,11170690,서빙고동,12443
2023,4,11170700,보광동,11134
2023,4,11200520,왕십리2동,15974
2023,4,11200535,왕십리도선동,26181
2023,4,11200540,마장동,21556
2023,4,11200550,사근동,11936
2023,4,11200560,행당1동,13629
2023,4,11200570,행당2동,22851
2023,4,11200580,응봉동,14940
2023,4,11200590,금호1가동,14750
2023,4,11200615,금호2?3가동,21946
2023,4,11200620,금호4가동,14142
2023,4,11200645,옥수동,25399
2023,4,11200650,성수1가1동,15394
2023,4,11200660,성수1가2동,11932
2023,4,11200670,성수2가1동,14544
2023,4,11200690,성수2가3동,10021
2023,4,11200720,송정동,9719
2023,4,11200790,용답동,11809
2023,4,11215710,화양동,24821
2023,4,11215730,군자동,19048
2023,4,11215740,중곡1동,15218
2023,4,11215750,중곡2동,20512
2023,4,11215760,중곡3동,15681
2023,4,11215770,중곡4동,27499
2023,4,11215780,능동,11053
2023,4,11215810,광장동,33964
2023,4,11215820,자양1동,21795
2023,4,11215830,자양2동,23591
2023,4,11215840,자양3동,27193
2023,4,11215847,자양4동,19815
2023,4,11215850,구의1동,21448
2023,4,11215860,구의2동,25468
2023,4,11215870,구의3동,27836
2023,4,11230536,용신동,38362
2023,4,11230545,제기동,22962
2023,4,11230560,전농1동,32107
2023,4,11230570,전농2동,17954
2023,4,11230600,답십리1동,27834
2023,4,11230610,답십리2동,27467
2023,4,11230650,장안1동,37191
2023,4,11230660,장안2동,32376
2023,4,11230705,청량리동,18688
2023,4,11230710,회기동,10313
2023,4,11230720,휘경1동,13580
2023,4,11230730,휘경2동,24158
2023,4,11230740,이문1동,17724
2023,4,11230750,이문2동,19385
2023,4,11260520,면목2동,23580
2023,4,11260540,면목4동,18121
2023,4,11260550,면목5동,14564
2023,4,11260565,면목본동,32648
2023,4,11260570,면목7동,21190
2023,4,11260575,면목3?8동,24375
2023,4,11260580,상봉1동,23195
2023,4,11260590,상봉2동,20258
2023,4,11260600,중화1동,18698
2023,4,11260610,중화2동,23768
2023,4,11260620,묵1동,33661
2023,4,11260630,묵2동,18004
2023,4,11260655,망우본동,36438
2023,4,11260660,망우3동,15615
2023,4,11260680,신내1동,37757
2023,4,11260690,신내2동,19675
2023,4,11290525,성북동,15875
2023,4,11290555,삼선동,22125
2023,4,11290575,동선동,14977
2023,4,11290580,돈암1동,14260
2023,4,11290590,돈암2동,23417
2023,4,11290600,안암동,14869
2023,4,11290610,보문동,16145
2023,4,11290620,정릉1동,17732
2023,4,11290630,정릉2동,22510
2023,4,11290640,정릉3동,14934
2023,4,11290650,정릉4동,24009
2023,4,11290660,길음1동,34792
2023,4,11290685,길음2동,21666
2023,4,11290705,종암동,37648
2023,4,11290715,월곡1동,25580
2023,4,11290725,월곡2동,18900
2023,4,11290760,장위1동,23354
2023,4,11290770,장위2동,13080
2023,4,11290780,장위3동,15519
2023,4,11290810,석관동,33768
2023,4,11305534,삼양동,22402
2023,4,11305535,미아동,20841
2023,4,11305545,송중동,28576
2023,4,11305555,송천동,24748
2023,4,11305575,삼각산동,30604
2023,4,11305595,번1동,17358
2023,4,11305603,번2동,14866
2023,4,11305608,번3동,16356
2023,4,11305615,수유1동,19842
2023,4,11305625,수유2동,20502
2023,4,11305635,수유3동,22988
2023,4,11305645,우이동,19766
2023,4,11305660,인수동,29069
2023,4,11320511,창1동,23774
2023,4,11320512,창2동,28172
2023,4,11320513,창3동,13163
2023,4,11320514,창4동,26168
2023,4,11320515,창5동,23884
2023,4,11320521,도봉1동,20030
2023,4,11320522,도봉2동,25990
2023,4,11320660,쌍문1동,20484
2023,4,11320670,쌍문2동,17905
2023,4,11320680,쌍문3동,16449
2023,4,11320681,쌍문4동,18061
2023,4,11320690,방학1동,27745
2023,4,11320700,방학2동,18535
2023,4,11320710,방학3동,26077
2023,4,11350560,월계1동,20526
2023,4,11350570,월계2동,25485
2023,4,11350580,월계3동,28721
2023,4,11350595,공릉1동,35959
2023,4,11350600,공릉2동,41435
2023,4,11350611,하계1동,26128
2023,4,11350612,하계2동,21306
2023,4,11350619,중계본동,23040
2023,4,11350621,중계1동,26318
2023,4,11350624,중계4동,19114
2023,4,11350625,중계2?3동,32502
2023,4,11350630,상계1동,36834
2023,4,11350640,상계2동,19105
2023,4,11350665,상계3?4동,27489
2023,4,11350670,상계5동,22979
2023,4,11350695,상계6?7동,31400
2023,4,11350700,상계8동,21848
2023,4,11350710,상계9동,19664
2023,4,11350720,상계10동,18184
2023,4,11380510,녹번동,36092
2023,4,11380520,불광1동,37509
2023,4,11380530,불광2동,26600
2023,4,11380551,갈현1동,14470
2023,4,11380552,갈현2동,27415
2023,4,11380560,구산동,31429
2023,4,11380570,대조동,27359
2023,4,11380580,응암1동,32659
2023,4,11380590,응암2동,27329
2023,4,11380600,응암3동,23429
2023,4,11380625,역촌동,43767
2023,4,11380631,신사1동,26462
2023,4,11380632,신사2동,18907
2023,4,11380640,증산동,18240
2023,4,11380650,수색동,20440
2023,4,11380690,진관동,54368
2023,4,11410520,천연동,16547
2023,4,11410555,북아현동,15401
2023,4,11410565,충현동,19682
2023,4,11410585,신촌동,20135
2023,4,11410615,연희동,33724
2023,4,11410620,홍제1동,24704
2023,4,11410640,홍제3동,17665
2023,4,11410655,홍제2동,13186
2023,4,11410660,홍은1동,22158
2023,4,11410685,홍은2동,28505
2023,4,11410690,남가좌1동,16699
2023,4,11410700,남가좌2동,29083
2023,4,11410710,북가좌1동,17563
2023,4,11410720,북가좌2동,30673
2023,4,11440555,아현동,28335
2023,4,11440565,공덕동,36426
2023,4,11440585,도화동,20443
2023,4,11440590,용강동,21098
2023,4,11440600,대흥동,14719
2023,4,11440610,염리동,16719
2023,4,11440630,신수동,22046
2023,4,11440655,서강동,24556
2023,4,11440660,서교동,24037
2023,4,11440680,합정동,16310
2023,4,11440690,망원1동,19151
2023,4,11440700,망원2동,17917
2023,4,11440710,연남동,14202
2023,4,11440720,성산1동,18543
2023,4,11440730,성산2동,38537
2023,4,11440740,상암동,29662
2023,4,11470510,목1동,30276
2023,4,11470520,목2동,28816
2023,4,11470530,목3동,21206
2023,4,11470540,목4동,24428
2023,4,11470550,목5동,40702
2023,4,11470560,신월1동,19365
2023,4,11470570,신월2동,20779
2023,4,11470580,신월3동,14261
2023,4,11470590,신월4동,17445
2023,4,11470600,신월5동,13979
2023,4,11470610,신월6동,13867
2023,4,11470611,신월7동,18588
2023,4,11470620,신정1동,19716
2023,4,11470630,신정2동,18773
2023,4,11470640,신정3동,49523
2023,4,11470650,신정4동,31687
2023,4,11470670,신정6동,23959
2023,4,11470680,신정7동,28275
2023,4,11500510,염창동,41250
2023,4,11500520,등촌1동,24933
2023,4,11500530,등촌2동,19312
2023,4,11500535,등촌3동,29390
2023,4,11500540,화곡1동,50743
2023,4,11500550,화곡2동,17041
2023,4,11500560,화곡3동,21093
2023,4,11500570,화곡4동,19720
2023,4,11500590,화곡본동,32956
2023,4,11500591,화곡6동,24357
2023,4,11500593,화곡8동,23468
2023,4,11500603,가양1동,33880
2023,4,11500604,가양2동,13460
2023,4,11500605,가양3동,14189
2023,4,11500611,발산1동,35643
2023,4,11500615,우장산동,43709
2023,4,11500620,공항동,29436
2023,4,11500630,방화1동,41828
2023,4,11500640,방화2동,22596
2023,4,11500641,방화3동,21991
2023,4,11530510,신도림동,35977
2023,4,11530520,구로1동,20519
2023,4,11530530,구로2동,22380
2023,4,11530540,구로3동,23287
2023,4,11530550,구로4동,18646
2023,4,11530560,구로5동,28952
2023,4,11530595,가리봉동,8713
2023,4,11530720,고척1동,26314
2023,4,11530730,고척2동,25749
2023,4,11530740,개봉1동,33122
2023,4,11530750,개봉2동,29724
2023,4,11530760,개봉3동,19544
2023,4,11530770,오류1동,22559
2023,4,11530780,오류2동,37281
2023,4,11530790,수궁동,22707
2023,4,11530800,항동,16335
2023,4,11545510,가산동,24622
2023,4,11545610,독산1동,45720
2023,4,11545620,독산2동,17737
2023,4,11545630,독산3동,23433
2023,4,11545640,독산4동,14511
2023,4,11545670,시흥1동,32115
2023,4,11545680,시흥2동,20564
2023,4,11545690,시흥3동,10153
2023,4,11545700,시흥4동,19366
2023,4,11545710,시흥5동,18167
2023,4,11560515,영등포본동,20784
2023,4,11560535,영등포동,29839
2023,4,11560540,여의동,33346
2023,4,11560550,당산1동,20951
2023,4,11560560,당산2동,36667
2023,4,11560585,도림동,17562
2023,4,11560605,문래동,32022
2023,4,11560610,양평1동,18114
2023,4,11560620,양평2동,22288
2023,4,11560630,신길1동,19314
2023,4,11560650,신길3동,15950
2023,4,11560660,신길4동,10315
2023,4,11560670,신길5동,9947
2023,4,11560680,신길6동,19493
2023,4,11560690,신길7동,19779
2023,4,11560700,대림1동,13711
2023,4,11560710,대림2동,11730
2023,4,11560720,대림3동,21488
2023,4,11590510,노량진1동,32005
2023,4,11590520,노량진2동,10181
2023,4,11590530,상도1동,44464
2023,4,11590540,상도2동,27084
2023,4,11590550,상도3동,23844
2023,4,11590560,상도4동,27609
2023,4,11590605,흑석동,29907
2023,4,11590620,사당1동,22415
2023,4,11590630,사당2동,27151
2023,4,11590640,사당3동,23686
2023,4,11590650,사당4동,13771
2023,4,11590651,사당5동,14118
2023,4,11590660,대방동,35620
2023,4,11590670,신대방1동,23282
2023,4,11590680,신대방2동,22684
2023,4,11620525,보라매동,23092
2023,4,11620545,청림동,14726
2023,4,11620565,성현동,28222
2023,4,11620575,행운동,28758
2023,4,11620585,낙성대동,17211
2023,4,11620595,청룡동,35627
2023,4,11620605,은천동,32359
2023,4,11620615,중앙동,15126
2023,4,11620625,인헌동,25385
2023,4,11620630,남현동,17668
2023,4,11620645,서원동,22908
2023,4,11620655,신원동,17484
2023,4,11620665,서림동,23319
2023,4,11620685,신사동,21969
2023,4,11620695,신림동,22622
2023,4,11620715,난향동,14726
2023,4,11620725,조원동,19598
2023,4,11620735,대학동,24237
2023,4,11620745,삼성동,19970
2023,4,11620765,미성동,29526
2023,4,11620775,난곡동,25257
2023,4,11650510,서초1동,20154
2023,4,11650520,서초2동,24636
2023,4,11650530,서초3동,31862
2023,4,11650531,서초4동,30281
2023,4,11650540,잠원동,26800
2023,4,11650550,반포본동,117
2023,4,11650560,반포1동,33740
2023,4,11650570,반포2동,23322
2023,4,11650580,반포3동,23761
2023,4,11650581,반포4동,18474
2023,4,11650590,방배본동,20401
2023,4,11650600,방배1동,16479
2023,4,11650610,방배2동,18010
2023,4,11650620,방배3동,15757
2023,4,11650621,방배4동,22754
2023,4,11650651,양재1동,41970
2023,4,11650652,양재2동,21157
2023,4,11650660,내곡동,17000
2023,4,11680510,신사동,15436
2023,4,11680521,논현1동,20996
2023,4,11680531,논현2동,20369
2023,4,11680545,압구정동,26119
2023,4,11680565,청담동,24535
2023,4,11680580,삼성1동,12134
2023,4,11680590,삼성2동,30579
2023,4,11680600,대치1동,23878
2023,4,11680610,대치2동,38212
2023,4,11680630,대치4동,18614
2023,4,11680640,역삼1동,34082
2023,4,11680650,역삼2동,36348
2023,4,11680655,도곡1동,20005
2023,4,11680656,도곡2동,32648
2023,4,11680660,개포1동,6765
2023,4,11680670,개포2동,41708
2023,4,11680690,개포4동,23151
2023,4,11680700,세곡동,45513
2023,4,11680720,일원본동,22796
2023,4,11680730,일원1동,14550
2023,4,11680740,일원2동,16833
2023,4,11680750,수서동,14026
2023,4,11710510,풍납1동,11750
2023,4,11710520,풍납2동,23552
2023,4,11710531,거여1동,12011
2023,4,11710532,거여2동,23596
2023,4,11710540,마천1동,17982
2023,4,11710550,마천2동,17575
2023,4,11710561,방이1동,15091
2023,4,11710562,방이2동,26094
2023,4,11710566,오륜동,17799
2023,4,11710570,오금동,37341
2023,4,11710580,송파1동,23353
2023,4,11710590,송파2동,18476
2023,4,11710600,석촌동,30682
2023,4,11710610,삼전동,29062
2023,4,11710620,가락본동,25171
2023,4,11710631,가락1동,27469
2023,4,11710632,가락2동,31181
2023,4,11710641,문정1동,19502
2023,4,11710642,문정2동,28782
2023,4,11710646,장지동,28473
2023,4,11710647,위례동,44857
2023,4,11710650,잠실본동,27731
2023,4,11710670,잠실2동,34909
2023,4,11710680,잠실3동,33805
2023,4,11710690,잠실4동,21192
2023,4,11710710,잠실6동,16514
2023,4,11710720,잠실7동,9419
2023,4,11740515,강일동,44257
2023,4,11740520,상일동,39307
2023,4,11740530,명일1동,25279
2023,4,11740540,명일2동,17034
2023,4,11740550,고덕1동,23932
2023,4,11740560,고덕2동,22684
2023,4,11740570,암사1동,33825
2023,4,11740580,암사2동,14825
2023,4,11740590,암사3동,17136
2023,4,11740600,천호1동,25942
2023,4,11740610,천호2동,32694
2023,4,11740620,천호3동,25969
2023,4,11740640,성내1동,19392
2023,4,11740650,성내2동,23452
2023,4,11740660,성내3동,22433
2023,4,11740685,길동,44395
2023,4,11740690,둔촌1동,16
2023,4,11740700,둔촌2동,24228
2024,1,11110515,청운효자동,11328
2024,1,11110530,사직동,8992
2024,1,11110540,삼청동,2247
2024,1,11110550,부암동,9034
2024,1,11110560,평창동,17366
2024,1,11110570,무악동,7963
2024,1,11110580,교남동,9715
2024,1,11110600,가회동,3849
2024,1,11110615,종로1?2?3?4가동,6658
2024,1,11110630,종로5?6가동,5376
2024,1,11110640,이화동,6891
2024,1,11110650,혜화동,15833
2024,1,11110670,창신1동,4523
2024,1,11110680,창신2동,7511
2024,1,11110690,창신3동,6338
2024,1,11110700,숭인1동,5768
2024,1,11110710,숭인2동,9499
2024,1,11140520,소공동,2178
2024,1,11140540,회현동,4380
2024,1,11140550,명동,2392
2024,1,11140570,필동,4012
2024,1,11140580,장충동,4549
2024,1,11140590,광희동,5676
2024,1,11140605,을지로동,3208
2024,1,11140615,신당동,7385
2024,1,11140625,다산동,13221
2024,1,11140635,약수동,16086
2024,1,11140645,청구동,12955
2024,1,11140650,신당5동,10151
2024,1,11140665,동화동,9941
2024,1,11140670,황학동,12685
2024,1,11140680,중림동,12142
2024,1,11170510,후암동,16020
2024,1,11170520,용산2가동,8866
2024,1,11170530,남영동,6819
2024,1,11170555,청파동,18842
2024,1,11170560,원효로1동,16956
2024,1,11170570,원효로2동,13626
2024,1,11170580,효창동,10665
2024,1,11170590,용문동,11380
2024,1,11170625,한강로동,20977
2024,1,11170630,이촌1동,24933
2024,1,11170640,이촌2동,7870
2024,1,11170650,이태원1동,6015
2024,1,11170660,이태원2동,8657
2024,1,11170685,한남동,17711
2024,1,11170690,서빙고동,12443
2024,1,11170700,보광동,11134
2024,1,11200520,왕십리2동,15974
2024,1,11200535,왕십리도선동,26181
2024,1,11200540,마장동,21556
2024,1,11200550,사근동,11936
2024,1,11200560,행당1동,13629
2024,1,11200570,행당2동,22851
2024,1,11200580,응봉동,14940
2024,1,11200590,금호1가동,14750
2024,1,11200615,금호2?3가동,21946
2024,1,11200620,금호4가동,14142
2024,1,11200645,옥수동,25399
2024,1,11200650,성수1가1동,15394
2024,1,11200660,성수1가2동,11932
2024,1,11200670,성수2가1동,14544
2024,1,11200690,성수2가3동,10021
2024,1,11200720,송정동,9719
2024,1,11200790,용답동,11809
2024,1,11215710,화양동,24821
2024,1,11215730,군자동,19048
2024,1,11215740,중곡1동,15218
2024,1,11215750,중곡2동,20512
2024,1,11215760,중곡3동,15681
2024,1,11215770,중곡4동,27499
2024,1,11215780,능동,11053
2024,1,11215810,광장동,33964
2024,1,11215820,자양1동,21795
2024,1,11215830,자양2동,23591
2024,1,11215840,자양3동,27193
2024,1,11215847,자양4동,19815
2024,1,11215850,구의1동,21448
2024,1,11215860,구의2동,25468
2024,1,11215870,구의3동,27836
2024,1,11230536,용신동,38362
2024,1,11230545,제기동,22962
2024,1,11230560,전농1동,32107
2024,1,11230570,전농2동,17954
2024,1,11230600,답십리1동,27834
2024,1,11230610,답십리2동,27467
2024,1,11230650,장안1동,37191
2024,1,11230660,장안2동,32376
2024,1,11230705,청량리동,18688
2024,1,11230710,회기동,10313
2024,1,11230720,휘경1동,13580
2024,1,11230730,휘경2동,24158
2024,1,11230740,이문1동,17724
2024,1,11230750,이문2동,19385
2024,1,11260520,면목2동,23580
2024,1,11260540,면목4동,18121
2024,1,11260550,면목5동,14564
2024,1,11260565,면목본동,32648
2024,1,11260570,면목7동,21190
2024,1,11260575,면목3?8동,24375
2024,1,11260580,상봉1동,23195
2024,1,11260590,상봉2동,20258
2024,1,11260600,중화1동,18698
2024,1,11260610,중화2동,23768
2024,1,11260620,묵1동,33661
2024,1,11260630,묵2동,18004
2024,1,11260655,망우본동,36438
2024,1,11260660,망우3동,15615
2024,1,11260680,신내1동,37757
2024,1,11260690,신내2동,19675
2024,1,11290525,성북동,15875
2024,1,11290555,삼선동,22125
2024,1,11290575,동선동,14977
2024,1,11290580,돈암1동,14260
2024,1,11290590,돈암2동,23417
2024,1,11290600,안암동,14869
2024,1,11290610,보문동,16145
2024,1,11290620,정릉1동,17732
2024,1,11290630,정릉2동,22510
2024,1,11290640,정릉3동,14934
2024,1,11290650,정릉4동,24009
2024,1,11290660,길음1동,34792
2024,1,11290685,길음2동,21666
2024,1,11290705,종암동,37648
2024,1,11290715,월곡1동,25580
2024,1,11290725,월곡2동,18900
2024,1,11290760,장위1동,23354
2024,1,11290770,장위2동,13080
2024,1,11290780,장위3동,15519
2024,1,11290810,석관동,33768
2024,1,11305534,삼양동,22402
2024,1,11305535,미아동,20841
2024,1,11305545,송중동,28576
2024,1,11305555,송천동,24748
2024,1,11305575,삼각산동,30604
2024,1,11305595,번1동,17358
2024,1,11305603,번2동,14866
2024,1,11305608,번3동,16356
2024,1,11305615,수유1동,19842
2024,1,11305625,수유2동,20502
2024,1,11305635,수유3동,22988
2024,1,11305645,우이동,19766
2024,1,11305660,인수동,29069
2024,1,11320511,창1동,23774
2024,1,11320512,창2동,28172
2024,1,11320513,창3동,13163
2024,1,11320514,창4동,26168
2024,1,11320515,창5동,23884
2024,1,11320521,도봉1동,20030
2024,1,11320522,도봉2동,25990
2024,1,11320660,쌍문1동,20484
2024,1,11320670,쌍문2동,17905
2024,1,11320680,쌍문3동,16449
2024,1,11320681,쌍문4동,18061
2024,1,11320690,방학1동,27745
2024,1,11320700,방학2동,18535
2024,1,11320710,방학3동,26077
2024,1,11350560,월계1동,20526
2024,1,11350570,월계2동,25485
2024,1,11350580,월계3동,28721
2024,1,11350595,공릉1동,35959
2024,1,11350600,공릉2동,41435
2024,1,11350611,하계1동,26128
2024,1,11350612,하계2동,21306
2024,1,11350619,중계본동,23040
2024,1,11350621,중계1동,26318
2024,1,11350624,중계4동,19114
2024,1,11350625,중계2?3동,32502
2024,1,11350630,상계1동,36834
2024,1,11350640,상계2동,19105
2024,1,11350665,상계3?4동,27489
2024,1,11350670,상계5동,22979
2024,1,11350695,상계6?7동,31400
2024,1,11350700,상계8동,21848
2024,1,11350710,상계9동,19664
2024,1,11350720,상계10동,18184
2024,1,11380510,녹번동,36092
2024,1,11380520,불광1동,37509
2024,1,11380530,불광2동,26600
2024,1,11380551,갈현1동,14470
2024,1,11380552,갈현2동,27415
2024,1,11380560,구산동,31429
2024,1,11380570,대조동,27359
2024,1,11380580,응암1동,32659
2024,1,11380590,응암2동,27329
2024,1,11380600,응암3동,23429
2024,1,11380625,역촌동,43767
2024,1,11380631,신사1동,26462
2024,1,11380632,신사2동,18907
2024,1,11380640,증산동,18240
2024,1,11380650,수색동,20440
2024,1,11380690,진관동,54368
2024,1,11410520,천연동,16547
2024,1,11410555,북아현동,15401
2024,1,11410565,충현동,19682
2024,1,11410585,신촌동,20135
2024,1,11410615,연희동,33724
2024,1,11410620,홍제1동,24704
2024,1,11410640,홍제3동,17665
2024,1,11410655,홍제2동,13186
2024,1,11410660,홍은1동,22158
2024,1,11410685,홍은2동,28505
2024,1,11410690,남가좌1동,16699
2024,1,11410700,남가좌2동,29083
2024,1,11410710,북가좌1동,17563
2024,1,11410720,북가좌2동,30673
2024,1,11440555,아현동,28335
2024,1,11440565,공덕동,36426
2024,1,11440585,도화동,20443
2024,1,11440590,용강동,21098
2024,1,11440600,대흥동,14719
2024,1,11440610,염리동,16719
2024,1,11440630,신수동,22046
2024,1,11440655,서강동,24556
2024,1,11440660,서교동,24037
2024,1,11440680,합정동,16310
2024,1,11440690,망원1동,19151
2024,1,11440700,망원2동,17917
2024,1,11440710,연남동,14202
2024,1,11440720,성산1동,18543
2024,1,11440730,성산2동,38537
2024,1,11440740,상암동,29662
2024,1,11470510,목1동,30276
2024,1,11470520,목2동,28816
2024,1,11470530,목3동,21206
2024,1,11470540,목4동,24428
2024,1,11470550,목5동,40702
2024,1,11470560,신월1동,19365
2024,1,11470570,신월2동,20779
2024,1,11470580,신월3동,14261
2024,1,11470590,신월4동,17445
2024,1,11470600,신월5동,13979
2024,1,11470610,신월6동,13867
2024,1,11470611,신월7동,18588
2024,1,11470620,신정1동,19716
2024,1,11470630,신정2동,18773
2024,1,11470640,신정3동,49523
2024,1,11470650,신정4동,31687
2024,1,11470670,신정6동,23959
2024,1,11470680,신정7동,28275
2024,1,11500510,염창동,41250
2024,1,11500520,등촌1동,24933
2024,1,11500530,등촌2동,19312
2024,1,11500535,등촌3동,29390
2024,1,11500540,화곡1동,50743
2024,1,11500550,화곡2동,17041
2024,1,11500560,화곡3동,21093
2024,1,11500570,화곡4동,19720
2024,1,11500590,화곡본동,32956
2024,1,11500591,화곡6동,24357
2024,1,11500593,화곡8동,23468
2024,1,11500603,가양1동,33880
2024,1,11500604,가양2동,13460
2024,1,11500605,가양3동,14189
2024,1,11500611,발산1동,35643
2024,1,11500615,우장산동,43709
2024,1,11500620,공항동,29436
2024,1,11500630,방화1동,41828
2024,1,11500640,방화2동,22596
2024,1,11500641,방화3동,21991
2024,1,11530510,신도림동,35977
2024,1,11530520,구로1동,20519
2024,1,11530530,구로2동,22380
2024,1,11530540,구로3동,23287
2024,1,11530550,구로4동,18646
2024,1,11530560,구로5동,28952
2024,1,11530595,가리봉동,8713
2024,1,11530720,고척1동,26314
2024,1,11530730,고척2동,25749
2024,1,11530740,개봉1동,33122
2024,1,11530750,개봉2동,29724
2024,1,11530760,개봉3동,19544
2024,1,11530770,오류1동,22559
2024,1,11530780,오류2동,37281
2024,1,11530790,수궁동,22707
2024,1,11530800,항동,16335
2024,1,11545510,가산동,24622
2024,1,11545610,독산1동,45720
2024,1,11545620,독산2동,17737
2024,1,11545630,독산3동,23433
2024,1,11545640,독산4동,14511
2024,1,11545670,시흥1동,32115
2024,1,11545680,시흥2동,20564
2024,1,11545690,시흥3동,10153
2024,1,11545700,시흥4동,19366
2024,1,11545710,시흥5동,18167
2024,1,11560515,영등포본동,20784
2024,1,11560535,영등포동,29839
2024,1,11560540,여의동,33346
2024,1,11560550,당산1동,20951
2024,1,11560560,당산2동,36667
2024,1,11560585,도림동,17562
2024,1,11560605,문래동,32022
2024,1,11560610,양평1동,18114
2024,1,11560620,양평2동,22288
2024,1,11560630,신길1동,19314
2024,1,11560650,신길3동,15950
2024,1,11560660,신길4동,10315
2024,1,11560670,신길5동,9947
2024,1,11560680,신길6동,19493
2024,1,11560690,신길7동,19779
2024,1,11560700,대림1동,13711
2024,1,11560710,대림2동,11730
2024,1,11560720,대림3동,21488
2024,1,11590510,노량진1동,32005
2024,1,11590520,노량진2동,10181
2024,1,11590530,상도1동,44464
2024,1,11590540,상도2동,27084
2024,1,11590550,상도3동,23844
2024,1,11590560,상도4동,27609
2024,1,11590605,흑석동,29907
2024,1,11590620,사당1동,22415
2024,1,11590630,사당2동,27151
2024,1,11590640,사당3동,23686
2024,1,11590650,사당4동,13771
2024,1,11590651,사당5동,14118
2024,1,11590660,대방동,35620
2024,1,11590670,신대방1동,23282
2024,1,11590680,신대방2동,22684
2024,1,11620525,보라매동,23092
2024,1,11620545,청림동,14726
2024,1,11620565,성현동,28222
2024,1,11620575,행운동,28758
2024,1,11620585,낙성대동,17211
2024,1,11620595,청룡동,35627
2024,1,11620605,은천동,32359
2024,1,11620615,중앙동,15126
2024,1,11620625,인헌동,25385
2024,1,11620630,남현동,17668
2024,1,11620645,서원동,22908
2024,1,11620655,신원동,17484
2024,1,11620665,서림동,23319
2024,1,11620685,신사동,21969
2024,1,11620695,신림동,22622
2024,1,11620715,난향동,14726
2024,1,11620725,조원동,19598
2024,1,11620735,대학동,24237
2024,1,11620745,삼성동,19970
2024,1,11620765,미성동,29526
2024,1,11620775,난곡동,25257
2024,1,11650510,서초1동,20154
2024,1,11650520,서초2동,24636
2024,1,11650530,서초3동,31862
2024,1,11650531,서초4동,30281
2024,1,11650540,잠원동,26800
2024,1,11650550,반포본동,117
2024,1,11650560,반포1동,33740
2024,1,11650570,반포2동,23322
2024,1,11650580,반포3동,23761
2024,1,11650581,반포4동,18474
2024,1,11650590,방배본동,20401
2024,1,11650600,방배1동,16479
2024,1,11650610,방배2동,18010
2024,1,11650620,방배3동,15757
2024,1,11650621,방배4동,22754
2024,1,11650651,양재1동,41970
2024,1,11650652,양재2동,21157
2024,1,11650660,내곡동,17000
2024,1,11680510,신사동,15436
2024,1,11680521,논현1동,20996
2024,1,11680531,논현2동,20369
2024,1,11680545,압구정동,26119
2024,1,11680565,청담동,24535
2024,1,11680580,삼성1동,12134
2024,1,11680590,삼성2동,30579
2024,1,11680600,대치1동,23878
2024,1,11680610,대치2동,38212
2024,1,11680630,대치4동,18614
2024,1,11680640,역삼1동,34082
2024,1,11680650,역삼2동,36348
2024,1,11680655,도곡1동,20005
2024,1,11680656,도곡2동,32648
2024,1,11680660,개포1동,6765
2024,1,11680670,개포2동,41708
2024,1,11680690,개포4동,23151
2024,1,11680700,세곡동,45513
2024,1,11680720,일원본동,22796
2024,1,11680730,일원1동,14550
2024,1,11680740,일원2동,16833
2024,1,11680750,수서동,14026
2024,1,11710510,풍납1동,11750
2024,1,11710520,풍납2동,23552
2024,1,11710531,거여1동,12011
2024,1,11710532,거여2동,23596
2024,1,11710540,마천1동,17982
2024,1,11710550,마천2동,17575
2024,1,11710561,방이1동,15091
2024,1,11710562,방이2동,26094
2024,1,11710566,오륜동,17799
2024,1,11710570,오금동,37341
2024,1,11710580,송파1동,23353
2024,1,11710590,송파2동,18476
2024,1,11710600,석촌동,30682
2024,1,11710610,삼전동,29062
2024,1,11710620,가락본동,25171
2024,1,11710631,가락1동,27469
2024,1,11710632,가락2동,31181
2024,1,11710641,문정1동,19502
2024,1,11710642,문정2동,28782
2024,1,11710646,장지동,28473
2024,1,11710647,위례동,44857
2024,1,11710650,잠실본동,27731
2024,1,11710670,잠실2동,34909
2024,1,11710680,잠실3동,33805
2024,1,11710690,잠실4동,21192
2024,1,11710710,잠실6동,16514
2024,1,11710720,잠실7동,9419
2024,1,11740515,강일동,44257
2024,1,11740520,상일동,39307
2024,1,11740530,명일1동,25279
2024,1,11740540,명일2동,17034
2024,1,11740550,고덕1동,23932
2024,1,11740560,고덕2동,22684
2024,1,11740570,암사1동,33825
2024,1,11740580,암사2동,14825
2024,1,11740590,암사3동,17136
2024,1,11740600,천호1동,25942
2024,1,11740610,천호2동,32694
2024,1,11740620,천호3동,25969
2024,1,11740640,성내1동,19392
2024,1,11740650,성내2동,23452
2024,1,11740660,성내3동,22433
2024,1,11740685,길동,44395
2024,1,11740690,둔촌1동,16
2024,1,11740700,둔촌2동,24228
2024,2,11110515,청운효자동,11328
2024,2,11110530,사직동,8992
2024,2,11110540,삼청동,2247
2024,2,11110550,부암동,9034
2024,2,11110560,평창동,17366
2024,2,11110570,무악동,7963
2024,2,11110580,교남동,9715
2024,2,11110600,가회동,3849
2024,2,11110615,종로1?2?3?4가동,6658
2024,2,11110630,종로5?6가동,5376
2024,2,11110640,이화동,6891
2024,2,11110650,혜화동,15833
2024,2,11110670,창신1동,4523
2024,2,11110680,창신2동,7511
2024,2,11110690,창신3동,6338
2024,2,11110700,숭인1동,5768
2024,2,11110710,숭인2동,9499
2024,2,11140520,소공동,2178
2024,2,11140540,회현동,4380
2024,2,11140550,명동,2392
2024,2,11140570,필동,4012
2024,2,11140580,장충동,4549
2024,2,11140590,광희동,5676
2024,2,11140605,을지로동,3208
2024,2,11140615,신당동,7385
2024,2,11140625,다산동,13221
2024,2,11140635,약수동,16086
2024,2,11140645,청구동,12955
2024,2,11140650,신당5동,10151
2024,2,11140665,동화동,9941
2024,2,11140670,황학동,12685
2024,2,11140680,중림동,12142
2024,2,11170510,후암동,16020
2024,2,11170520,용산2가동,8866
2024,2,11170530,남영동,6819
2024,2,11170555,청파동,18842
2024,2,11170560,원효로1동,16956
2024,2,11170570,원효로2동,13626
2024,2,11170580,효창동,10665
2024,2,11170590,용문동,11380
2024,2,11170625,한강로동,20977
2024,2,11170630,이촌1동,24933
2024,2,11170640,이촌2동,7870
2024,2,11170650,이태원1동,6015
2024,2,11170660,이태원2동,8657
2024,2,11170685,한남동,17711
2024,2,11170690,서빙고동,12443
2024,2,11170700,보광동,11134
2024,2,11200520,왕십리2동,15974
2024,2,11200535,왕십리도선동,26181
2024,2,11200540,마장동,21556
2024,2,11200550,사근동,11936
2024,2,11200560,행당1동,13629
2024,2,11200570,행당2동,22851
2024,2,11200580,응봉동,14940
2024,2,11200590,금호1가동,14750
2024,2,11200615,금호2?3가동,21946
2024,2,11200620,금호4가동,14142
2024,2,11200645,옥수동,25399
2024,2,11200650,성수1가1동,15394
2024,2,11200660,성수1가2동,11932
2024,2,11200670,성수2가1동,14544
2024,2,11200690,성수2가3동,10021
2024,2,11200720,송정동,9719
2024,2,11200790,용답동,11809
2024,2,11215710,화양동,24821
2024,2,11215730,군자동,19048
2024,2,11215740,중곡1동,15218
2024,2,11215750,중곡2동,20512
2024,2,11215760,중곡3동,15681
2024,2,11215770,중곡4동,27499
2024,2,11215780,능동,11053
2024,2,11215810,광장동,33964
2024,2,11215820,자양1동,21795
2024,2,11215830,자양2동,23591
2024,2,11215840,자양3동,27193
2024,2,11215847,자양4동,19815
2024,2,11215850,구의1동,21448
2024,2,11215860,구의2동,25468
2024,2,11215870,구의3동,27836
2024,2,11230536,용신동,38362
2024,2,11230545,제기동,22962
2024,2,11230560,전농1동,32107
2024,2,11230570,전농2동,17954
2024,2,11230600,답십리1동,27834
2024,2,11230610,답십리2동,27467
2024,2,11230650,장안1동,37191
2024,2,11230660,장안2동,32376
2024,2,11230705,청량리동,18688
2024,2,11230710,회기동,10313
2024,2,11230720,휘경1동,13580
2024,2,11230730,휘경2동,24158
2024,2,11230740,이문1동,17724
2024,2,11230750,이문2동,19385
2024,2,11260520,면목2동,23580
2024,2,11260540,면목4동,18121
2024,2,11260550,면목5동,14564
2024,2,11260565,면목본동,32648
2024,2,11260570,면목7동,21190
2024,2,11260575,면목3?8동,24375
2024,2,11260580,상봉1동,23195
2024,2,11260590,상봉2동,20258
2024,2,11260600,중화1동,18698
2024,2,11260610,중화2동,23768
2024,2,11260620,묵1동,33661
2024,2,11260630,묵2동,18004
2024,2,11260655,망우본동,36438
2024,2,11260660,망우3동,15615
2024,2,11260680,신내1동,37757
2024,2,11260690,신내2동,19675
2024,2,11290525,성북동,15875
2024,2,11290555,삼선동,22125
2024,2,11290575,동선동,14977
2024,2,11290580,돈암1동,14260
2024,2,11290590,돈암2동,23417
2024,2,11290600,안암동,14869
2024,2,11290610,보문동,16145
2024,2,11290620,정릉1동,17732
2024,2,11290630,정릉2동,22510
2024,2,11290640,정릉3동,14934
2024,2,11290650,정릉4동,24009
2024,2,11290660,길음1동,34792
2024,2,11290685,길음2동,21666
2024,2,11290705,종암동,37648
2024,2,11290715,월곡1동,25580
2024,2,11290725,월곡2동,18900
2024,2,11290760,장위1동,23354
2024,2,11290770,장위2동,13080
2024,2,11290780,장위3동,15519
2024,2,11290810,석관동,33768
2024,2,11305534,삼양동,22402
2024,2,11305535,미아동,20841
2024,2,11305545,송중동,28576
2024,2,11305555,송천동,24748
2024,2,11305575,삼각산동,30604
2024,2,11305595,번1동,17358
2024,2,11305603,번2동,14866
2024,2,11305608,번3동,16356
2024,2,11305615,수유1동,19842
2024,2,11305625,수유2동,20502
2024,2,11305635,수유3동,22988
2024,2,11305645,우이동,19766
2024,2,11305660,인수동,29069
2024,2,11320511,창1동,23774
2024,2,11320512,창2동,28172
2024,2,11320513,창3동,13163
2024,2,11320514,창4동,26168
2024,2,11320515,창5동,23884
2024,2,11320521,도봉1동,20030
2024,2,11320522,도봉2동,25990
2024,2,11320660,쌍문1동,20484
2024,2,11320670,쌍문2동,17905
2024,2,11320680,쌍문3동,16449
2024,2,11320681,쌍문4동,18061
2024,2,11320690,방학1동,27745
2024,2,11320700,방학2동,18535
2024,2,11320710,방학3동,26077
2024,2,11350560,월계1동,20526
2024,2,11350570,월계2동,25485
2024,2,11350580,월계3동,28721
2024,2,11350595,공릉1동,35959
2024,2,11350600,공릉2동,41435
2024,2,11350611,하계1동,26128
2024,2,11350612,하계2동,21306
2024,2,11350619,중계본동,23040
2024,2,11350621,중계1동,26318
2024,2,11350624,중계4동,19114
2024,2,11350625,중계2?3동,32502
2024,2,11350630,상계1동,36834
2024,2,11350640,상계2동,19105
2024,2,11350665,상계3?4동,27489
2024,2,11350670,상계5동,22979
2024,2,11350695,상계6?7동,31400
2024,2,11350700,상계8동,21848
2024,2,11350710,상계9동,19664
2024,2,11350720,상계10동,18184
2024,2,11380510,녹번동,36092
2024,2,11380520,불광1동,37509
2024,2,11380530,불광2동,26600
2024,2,11380551,갈현1동,14470
2024,2,11380552,갈현2동,27415
2024,2,11380560,구산동,31429
2024,2,11380570,대조동,27359
2024,2,11380580,응암1동,32659
2024,2,11380590,응암2동,27329
2024,2,11380600,응암3동,23429
2024,2,11380625,역촌동,43767
2024,2,11380631,신사1동,26462
2024,2,11380632,신사2동,18907
2024,2,11380640,증산동,18240
2024,2,11380650,수색동,20440
2024,2,11380690,진관동,54368
2024,2,11410520,천연동,16547
2024,2,11410555,북아현동,15401
2024,2,11410565,충현동,19682
2024,2,11410585,신촌동,20135
2024,2,11410615,연희동,33724
2024,2,11410620,홍제1동,24704
2024,2,11410640,홍제3동,17665
2024,2,11410655,홍제2동,13186
2024,2,11410660,홍은1동,22158
2024,2,11410685,홍은2동,28505
2024,2,11410690,남가좌1동,16699
2024,2,11410700,남가좌2동,29083
2024,2,11410710,북가좌1동,17563
2024,2,11410720,북가좌2동,30673
2024,2,11440555,아현동,28335
2024,2,11440565,공덕동,36426
2024,2,11440585,도화동,20443
2024,2,11440590,용강동,21098
2024,2,11440600,대흥동,14719
2024,2,11440610,염리동,16719
2024,2,11440630,신수동,22046
2024,2,11440655,서강동,24556
2024,2,11440660,서교동,24037
2024,2,11440680,합정동,16310
2024,2,11440690,망원1동,19151
2024,2,11440700,망원2동,17917
2024,2,11440710,연남동,14202
2024,2,11440720,성산1동,18543
2024,2,11440730,성산2동,38537
2024,2,11440740,상암동,29662
2024,2,11470510,목1동,30276
2024,2,11470520,목2동,28816
2024,2,11470530,목3동,21206
2024,2,11470540,목4동,24428
2024,2,11470550,목5동,40702
2024,2,11470560,신월1동,19365
2024,2,11470570,신월2동,20779
2024,2,11470580,신월3동,14261
2024,2,11470590,신월4동,17445
2024,2,11470600,신월5동,13979
2024,2,11470610,신월6동,13867
2024,2,11470611,신월7동,18588
2024,2,11470620,신정1동,19716
2024,2,11470630,신정2동,18773
2024,2,11470640,신정3동,49523
2024,2,11470650,신정4동,31687
2024,2,11470670,신정6동,23959
2024,2,11470680,신정7동,28275
2024,2,11500510,염창동,41250
2024,2,11500520,등촌1동,24933
2024,2,11500530,등촌2동,19312
2024,2,11500535,등촌3동,29390
2024,2,11500540,화곡1동,50743
2024,2,11500550,화곡2동,17041
2024,2,11500560,화곡3동,21093
2024,2,11500570,화곡4동,19720
2024,2,11500590,화곡본동,32956
2024,2,11500591,화곡6동,24357
2024,2,11500593,화곡8동,23468
2024,2,11500603,가양1동,33880
2024,2,11500604,가양2동,13460
2024,2,11500605,가양3동,14189
2024,2,11500611,발산1동,35643
2024,2,11500615,우장산동,43709
2024,2,11500620,공항동,29436
2024,2,11500630,방화1동,41828
2024,2,11500640,방화2동,22596
2024,2,11500641,방화3동,21991
2024,2,11530510,신도림동,35977
2024,2,11530520,구로1동,20519
2024,2,11530530,구로2동,22380
2024,2,11530540,구로3동,23287
2024,2,11530550,구로4동,18646
2024,2,11530560,구로5동,28952
2024,2,11530595,가리봉동,8713
2024,2,11530720,고척1동,26314
2024,2,11530730,고척2동,25749
2024,2,11530740,개봉1동,33122
2024,2,11530750,개봉2동,29724
2024,2,11530760,개봉3동,19544
2024,2,11530770,오류1동,22559
2024,2,11530780,오류2동,37281
2024,2,11530790,수궁동,22707
2024,2,11530800,항동,16335
2024,2,11545510,가산동,24622
2024,2,11545610,독산1동,45720
2024,2,11545620,독산2동,17737
2024,2,11545630,독산3동,23433
2024,2,11545640,독산4동,14511
2024,2,11545670,시흥1동,32115
2024,2,11545680,시흥2동,20564
2024,2,11545690,시흥3동,10153
2024,2,11545700,시흥4동,19366
2024,2,11545710,시흥5동,18167
2024,2,11560515,영등포본동,20784
2024,2,11560535,영등포동,29839
2024,2,11560540,여의동,33346
2024,2,11560550,당산1동,20951
2024,2,11560560,당산2동,36667
2024,2,11560585,도림동,17562
2024,2,11560605,문래동,32022
2024,2,11560610,양평1동,18114
2024,2,11560620,양평2동,22288
2024,2,11560630,신길1동,19314
2024,2,11560650,신길3동,15950
2024,2,11560660,신길4동,10315
2024,2,11560670,신길5동,9947
2024,2,11560680,신길6동,19493
2024,2,11560690,신길7동,19779
2024,2,11560700,대림1동,13711
2024,2,11560710,대림2동,11730
2024,2,11560720,대림3동,21488
2024,2,11590510,노량진1동,32005
2024,2,11590520,노량진2동,10181
2024,2,11590530,상도1동,44464
2024,2,11590540,상도2동,27084
2024,2,11590550,상도3동,23844
2024,2,11590560,상도4동,27609
2024,2,11590605,흑석동,29907
2024,2,11590620,사당1동,22415
2024,2,11590630,사당2동,27151
2024,2,11590640,사당3동,23686
2024,2,11590650,사당4동,13771
2024,2,11590651,사당5동,14118
2024,2,11590660,대방동,35620
2024,2,11590670,신대방1동,23282
2024,2,11590680,신대방2동,22684
2024,2,11620525,보라매동,23092
2024,2,11620545,청림동,14726
2024,2,11620565,성현동,28222
2024,2,11620575,행운동,28758
2024,2,11620585,낙성대동,17211
2024,2,11620595,청룡동,35627
2024,2,11620605,은천동,32359
2024,2,11620615,중앙동,15126
2024,2,11620625,인헌동,25385
2024,2,11620630,남현동,17668
2024,2,11620645,서원동,22908
2024,2,11620655,신원동,17484
2024,2,11620665,서림동,23319
2024,2,11620685,신사동,21969
2024,2,11620695,신림동,22622
2024,2,11620715,난향동,14726
2024,2,11620725,조원동,19598
2024,2,11620735,대학동,24237
2024,2,11620745,삼성동,19970
2024,2,11620765,미성동,29526
2024,2,11620775,난곡동,25257
2024,2,11650510,서초1동,20154
2024,2,11650520,서초2동,24636
2024,2,11650530,서초3동,31862
2024,2,11650531,서초4동,30281
2024,2,11650540,잠원동,26800
2024,2,11650550,반포본동,117
2024,2,11650560,반포1동,33740
2024,2,11650570,반포2동,23322
2024,2,11650580,반포3동,23761
2024,2,11650581,반포4동,18474
2024,2,11650590,방배본동,20401
2024,2,11650600,방배1동,16479
2024,2,11650610,방배2동,18010
2024,2,11650620,방배3동,15757
2024,2,11650621,방배4동,22754
2024,2,11650651,양재1동,41970
2024,2,11650652,양재2동,21157
2024,2,11650660,내곡동,17000
2024,2,11680510,신사동,15436
2024,2,11680521,논현1동,20996
2024,2,11680531,논현2동,20369
2024,2,11680545,압구정동,26119
2024,2,11680565,청담동,24535
2024,2,11680580,삼성1동,12134
2024,2,11680590,삼성2동,30579
2024,2,11680600,대치1동,23878
2024,2,11680610,대치2동,38212
2024,2,11680630,대치4동,18614
2024,2,11680640,역삼1동,34082
2024,2,11680650,역삼2동,36348
2024,2,11680655,도곡1동,20005
2024,2,11680656,도곡2동,32648
2024,2,11680660,개포1동,6765
2024,2,11680670,개포2동,41708
2024,2,11680690,개포4동,23151
2024,2,11680700,세곡동,45513
2024,2,11680720,일원본동,22796
2024,2,11680730,일원1동,14550
2024,2,11680740,일원2동,16833
2024,2,11680750,수서동,14026
2024,2,11710510,풍납1동,11750
2024,2,11710520,풍납2동,23552
2024,2,11710531,거여1동,12011
2024,2,11710532,거여2동,23596
2024,2,11710540,마천1동,17982
2024,2,11710550,마천2동,17575
2024,2,11710561,방이1동,15091
2024,2,11710562,방이2동,26094
2024,2,11710566,오륜동,17799
2024,2,11710570,오금동,37341
2024,2,11710580,송파1동,23353
2024,2,11710590,송파2동,18476
2024,2,11710600,석촌동,30682
2024,2,11710610,삼전동,29062
2024,2,11710620,가락본동,25171
2024,2,11710631,가락1동,27469
2024,2,11710632,가락2동,31181
2024,2,11710641,문정1동,19502
2024,2,11710642,문정2동,28782
2024,2,11710646,장지동,28473
2024,2,11710647,위례동,44857
2024,2,11710650,잠실본동,27731
2024,2,11710670,잠실2동,34909
2024,2,11710680,잠실3동,33805
2024,2,11710690,잠실4동,21192
2024,2,11710710,잠실6동,16514
2024,2,11710720,잠실7동,9419
2024,2,11740515,강일동,44257
2024,2,11740520,상일동,39307
2024,2,11740530,명일1동,25279
2024,2,11740540,명일2동,17034
2024,2,11740550,고덕1동,23932
2024,2,11740560,고덕2동,22684
2024,2,11740570,암사1동,33825
2024,2,11740580,암사2동,14825
2024,2,11740590,암사3동,17136
2024,2,11740600,천호1동,25942
2024,2,11740610,천호2동,32694
2024,2,11740620,천호3동,25969
2024,2,11740640,성내1동,19392
2024,2,11740650,성내2동,23452
2024,2,11740660,성내3동,22433
2024,2,11740685,길동,44395
2024,2,11740690,둔촌1동,16
2024,2,11740700,둔촌2동,24228
2024,3,11110515,청운효자동,11328
2024,3,11110530,사직동,8992
2024,3,11110540,삼청동,2247
2024,3,11110550,부암동,9034
2024,3,11110560,평창동,17366
2024,3,11110570,무악동,7963
2024,3,11110580,교남동,9715
2024,3,11110600,가회동,3849
2024,3,11110615,종로1?2?3?4가동,6658
2024,3,11110630,종로5?6가동,5376
2024,3,11110640,이화동,6891
2024,3,11110650,혜화동,15833
2024,3,11110670,창신1동,4523
2024,3,11110680,창신2동,7511
2024,3,11110690,창신3동,6338
2024,3,11110700,숭인1동,5768
2024,3,11110710,숭인2동,9499
2024,3,11140520,소공동,2178
2024,3,11140540,회현동,4380
2024,3,11140550,명동,2392
2024,3,11140570,필동,4012
2024,3,11140580,장충동,4549
2024,3,11140590,광희동,5676
2024,3,11140605,을지로동,3208
2024,3,11140615,신당동,7385
2024,3,11140625,다산동,13221
2024,3,11140635,약수동,16086
2024,3,11140645,청구동,12955
2024,3,11140650,신당5동,10151
2024,3,11140665,동화동,9941
2024,3,11140670,황학동,12685
2024,3,11140680,중림동,12142
2024,3,11170510,후암동,16020
2024,3,11170520,용산2가동,8866
2024,3,11170530,남영동,6819
2024,3,11170555,청파동,18842
2024,3,11170560,원효로1동,16956
2024,3,11170570,원효로2동,13626
2024,3,11170580,효창동,10665
2024,3,11170590,용문동,11380
2024,3,11170625,한강로동,20977
2024,3,11170630,이촌1동,24933
2024,3,11170640,이촌2동,7870
2024,3,11170650,이태원1동,6015
2024,3,11170660,이태원2동,8657
2024,3,11170685,한남동,17711
2024,3,11170690,서빙고동,12443
2024,3,11170700,보광동,11134
2024,3,11200520,왕십리2동,15974
2024,3,11200535,왕십리도선동,26181
2024,3,11200540,마장동,21556
2024,3,11200550,사근동,11936
2024,3,11200560,행당1동,13629
2024,3,11200570,행당2동,22851
2024,3,11200580,응봉동,14940
2024,3,11200590,금호1가동,14750
2024,3,11200615,금호2?3가동,21946
2024,3,11200620,금호4가동,14142
2024,3,11200645,옥수동,25399
2024,3,11200650,성수1가1동,15394
2024,3,11200660,성수1가2동,11932
2024,3,11200670,성수2가1동,14544
2024,3,11200690,성수2가3동,10021
2024,3,11200720,송정동,9719
2024,3,11200790,용답동,11809
2024,3,11215710,화양동,24821
2024,3,11215730,군자동,19048
2024,3,11215740,중곡1동,15218
2024,3,11215750,중곡2동,20512
2024,3,11215760,중곡3동,15681
2024,3,11215770,중곡4동,27499
2024,3,11215780,능동,11053
2024,3,11215810,광장동,33964
2024,3,11215820,자양1동,21795
2024,3,11215830,자양2동,23591
2024,3,11215840,자양3동,27193
2024,3,11215847,자양4동,19815
2024,3,11215850,구의1동,21448
2024,3,11215860,구의2동,25468
2024,3,11215870,구의3동,27836
2024,3,11230536,용신동,38362
2024,3,11230545,제기동,22962
2024,3,11230560,전농1동,32107
2024,3,11230570,전농2동,17954
2024,3,11230600,답십리1동,27834
2024,3,11230610,답십리2동,27467
2024,3,11230650,장안1동,37191
2024,3,11230660,장안2동,32376
2024,3,11230705,청량리동,18688
2024,3,11230710,회기동,10313
2024,3,11230720,휘경1동,13580
2024,3,11230730,휘경2동,24158
2024,3,11230740,이문1동,17724
2024,3,11230750,이문2동,19385
2024,3,11260520,면목2동,23580
2024,3,11260540,면목4동,18121
2024,3,11260550,면목5동,14564
2024,3,11260565,면목본동,32648
2024,3,11260570,면목7동,21190
2024,3,11260575,면목3?8동,24375
2024,3,11260580,상봉1동,23195
2024,3,11260590,상봉2동,20258
2024,3,11260600,중화1동,18698
2024,3,11260610,중화2동,23768
2024,3,11260620,묵1동,33661
2024,3,11260630,묵2동,18004
2024,3,11260655,망우본동,36438
2024,3,11260660,망우3동,15615
2024,3,11260680,신내1동,37757
2024,3,11260690,신내2동,19675
2024,3,11290525,성북동,15875
2024,3,11290555,삼선동,22125
2024,3,11290575,동선동,14977
2024,3,11290580,돈암1동,14260
2024,3,11290590,돈암2동,23417
2024,3,11290600,안암동,14869
2024,3,11290610,보문동,16145
2024,3,11290620,정릉1동,17732
2024,3,11290630,정릉2동,22510
2024,3,11290640,정릉3동,14934
2024,3,11290650,정릉4동,24009
2024,3,11290660,길음1동,34792
2024,3,11290685,길음2동,21666
2024,3,11290705,종암동,37648
2024,3,11290715,월곡1동,25580
2024,3,11290725,월곡2동,18900
2024,3,11290760,장위1동,23354
2024,3,11290770,장위2동,13080
2024,3,11290780,장위3동,15519
2024,3,11290810,석관동,33768
2024,3,11305534,삼양동,22402
2024,3,11305535,미아동,20841
2024,3,11305545,송중동,28576
2024,3,11305555,송천동,24748
2024,3,11305575,삼각산동,30604
2024,3,11305595,번1동,17358
2024,3,11305603,번2동,14866
2024,3,11305608,번3동,16356
2024,3,11305615,수유1동,19842
2024,3,11305625,수유2동,20502
2024,3,11305635,수유3동,22988
2024,3,11305645,우이동,19766
2024,3,11305660,인수동,29069
2024,3,11320511,창1동,23774
2024,3,11320512,창2동,28172
2024,3,11320513,창3동,13163
2024,3,11320514,창4동,26168
2024,3,11320515,창5동,23884
2024,3,11320521,도봉1동,20030
2024,3,11320522,도봉2동,25990
2024,3,11320660,쌍문1동,20484
2024,3,11320670,쌍문2동,17905
2024,3,11320680,쌍문3동,16449
2024,3,11320681,쌍문4동,18061
2024,3,11320690,방학1동,27745
2024,3,11320700,방학2동,18535
2024,3,11320710,방학3동,26077
2024,3,11350560,월계1동,20526
2024,3,11350570,월계2동,25485
2024,3,11350580,월계3동,28721
2024,3,11350595,공릉1동,35959
2024,3,11350600,공릉2동,41435
2024,3,11350611,하계1동,26128
2024,3,11350612,하계2동,21306
2024,3,11350619,중계본동,23040
2024,3,11350621,중계1동,26318
2024,3,11350624,중계4동,19114
2024,3,11350625,중계2?3동,32502
2024,3,11350630,상계1동,36834
2024,3,11350640,상계2동,19105
2024,3,11350665,상계3?4동,27489
2024,3,11350670,상계5동,22979
2024,3,11350695,상계6?7동,31400
2024,3,11350700,상계8동,21848
2024,3,11350710,상계9동,19664
2024,3,11350720,상계10동,18184
2024,3,11380510,녹번동,36092
2024,3,11380520,불광1동,37509
2024,3,11380530,불광2동,26600
2024,3,11380551,갈현1동,14470
2024,3,11380552,갈현2동,27415
2024,3,11380560,구산동,31429
2024,3,11380570,대조동,27359
2024,3,11380580,응암1동,32659
2024,3,11380590,응암2동,27329
2024,3,11380600,응암3동,23429
2024,3,11380625,역촌동,43767
2024,3,11380631,신사1동,26462
2024,3,11380632,신사2동,18907
2024,3,11380640,증산동,18240
2024,3,11380650,수색동,20440
2024,3,11380690,진관동,54368
2024,3,11410520,천연동,16547
2024,3,11410555,북아현동,15401
2024,3,11410565,충현동,19682
2024,3,11410585,신촌동,20135
2024,3,11410615,연희동,33724
2024,3,11410620,홍제1동,24704
2024,3,11410640,홍제3동,17665
2024,3,11410655,홍제2동,13186
2024,3,11410660,홍은1동,22158
2024,3,11410685,홍은2동,28505
2024,3,11410690,남가좌1동,16699
2024,3,11410700,남가좌2동,29083
2024,3,11410710,북가좌1동,17563
2024,3,11410720,북가좌2동,30673
2024,3,11440555,아현동,28335
2024,3,11440565,공덕동,36426
2024,3,11440585,도화동,20443
2024,3,11440590,용강동,21098
2024,3,11440600,대흥동,14719
2024,3,11440610,염리동,16719
2024,3,11440630,신수동,22046
2024,3,11440655,서강동,24556
2024,3,11440660,서교동,24037
2024,3,11440680,합정동,16310
2024,3,11440690,망원1동,19151
2024,3,11440700,망원2동,17917
2024,3,11440710,연남동,14202
2024,3,11440720,성산1동,18543
2024,3,11440730,성산2동,38537
2024,3,11440740,상암동,29662
2024,3,11470510,목1동,30276
2024,3,11470520,목2동,28816
2024,3,11470530,목3동,21206
2024,3,11470540,목4동,24428
2024,3,11470550,목5동,40702
2024,3,11470560,신월1동,19365
2024,3,11470570,신월2동,20779
2024,3,11470580,신월3동,14261
2024,3,11470590,신월4동,17445
2024,3,11470600,신월5동,13979
2024,3,11470610,신월6동,13867
2024,3,11470611,신월7동,18588
2024,3,11470620,신정1동,19716
2024,3,11470630,신정2동,18773
2024,3,11470640,신정3동,49523
2024,3,11470650,신정4동,31687
2024,3,11470670,신정6동,23959
2024,3,11470680,신정7동,28275
2024,3,11500510,염창동,41250
2024,3,11500520,등촌1동,24933
2024,3,11500530,등촌2동,19312
2024,3,11500535,등촌3동,29390
2024,3,11500540,화곡1동,50743
2024,3,11500550,화곡2동,17041
2024,3,11500560,화곡3동,21093
2024,3,11500570,화곡4동,19720
2024,3,11500590,화곡본동,32956
2024,3,11500591,화곡6동,24357
2024,3,11500593,화곡8동,23468
2024,3,11500603,가양1동,33880
2024,3,11500604,가양2동,13460
2024,3,11500605,가양3동,14189
2024,3,11500611,발산1동,35643
2024,3,11500615,우장산동,43709
2024,3,11500620,공항동,29436
2024,3,11500630,방화1동,41828
2024,3,11500640,방화2동,22596
2024,3,11500641,방화3동,21991
2024,3,11530510,신도림동,35977
2024,3,11530520,구로1동,20519
2024,3,11530530,구로2동,22380
2024,3,11530540,구로3동,23287
2024,3,11530550,구로4동,18646
2024,3,11530560,구로5동,28952
2024,3,11530595,가리봉동,8713
2024,3,11530720,고척1동,26314
2024,3,11530730,고척2동,25749
2024,3,11530740,개봉1동,33122
2024,3,11530750,개봉2동,29724
2024,3,11530760,개봉3동,19544
2024,3,11530770,오류1동,22559
2024,3,11530780,오류2동,37281
2024,3,11530790,수궁동,22707
2024,3,11530800,항동,16335
2024,3,11545510,가산동,24622
2024,3,11545610,독산1동,45720
2024,3,11545620,독산2동,17737
2024,3,11545630,독산3동,23433
2024,3,11545640,독산4동,14511
2024,3,11545670,시흥1동,32115
2024,3,11545680,시흥2동,20564
2024,3,11545690,시흥3동,10153
2024,3,11545700,시흥4동,19366
2024,3,11545710,시흥5동,18167
2024,3,11560515,영등포본동,20784
2024,3,11560535,영등포동,29839
2024,3,11560540,여의동,33346
2024,3,11560550,당산1동,20951
2024,3,11560560,당산2동,36667
2024,3,11560585,도림동,17562
2024,3,11560605,문래동,32022
2024,3,11560610,양평1동,18114
2024,3,11560620,양평2동,22288
2024,3,11560630,신길1동,19314
2024,3,11560650,신길3동,15950
2024,3,11560660,신길4동,10315
2024,3,11560670,신길5동,9947
2024,3,11560680,신길6동,19493
2024,3,11560690,신길7동,19779
2024,3,11560700,대림1동,13711
2024,3,11560710,대림2동,11730
2024,3,11560720,대림3동,21488
2024,3,11590510,노량진1동,32005
2024,3,11590520,노량진2동,10181
2024,3,11590530,상도1동,44464
2024,3,11590540,상도2동,27084
2024,3,11590550,상도3동,23844
2024,3,11590560,상도4동,27609
2024,3,11590605,흑석동,29907
2024,3,11590620,사당1동,22415
2024,3,11590630,사당2동,27151
2024,3,11590640,사당3동,23686
2024,3,11590650,사당4동,13771
2024,3,11590651,사당5동,14118
2024,3,11590660,대방동,35620
2024,3,11590670,신대방1동,23282
2024,3,11590680,신대방2동,22684
2024,3,11620525,보라매동,23092
2024,3,11620545,청림동,14726
2024,3,11620565,성현동,28222
2024,3,11620575,행운동,28758
2024,3,11620585,낙성대동,17211
2024,3,11620595,청룡동,35627
2024,3,11620605,은천동,32359
2024,3,11620615,중앙동,15126
2024,3,11620625,인헌동,25385
2024,3,11620630,남현동,17668
2024,3,11620645,서원동,22908
2024,3,11620655,신원동,17484
2024,3,11620665,서림동,23319
2024,3,11620685,신사동,21969
2024,3,11620695,신림동,22622
2024,3,11620715,난향동,14726
2024,3,11620725,조원동,19598
2024,3,11620735,대학동,24237
2024,3,11620745,삼성동,19970
2024,3,11620765,미성동,29526
2024,3,11620775,난곡동,25257
2024,3,11650510,서초1동,20154
2024,3,11650520,서초2동,24636
2024,3,11650530,서초3동,31862
2024,3,11650531,서초4동,30281
2024,3,11650540,잠원동,26800
2024,3,11650550,반포본동,117
2024,3,11650560,반포1동,33740
2024,3,11650570,반포2동,23322
2024,3,11650580,반포3동,23761
2024,3,11650581,반포4동,18474
2024,3,11650590,방배본동,20401
2024,3,11650600,방배1동,16479
2024,3,11650610,방배2동,18010
2024,3,11650620,방배3동,15757
2024,3,11650621,방배4동,22754
2024,3,11650651,양재1동,41970
2024,3,11650652,양재2동,21157
2024,3,11650660,내곡동,17000
2024,3,11680510,신사동,15436
2024,3,11680521,논현1동,20996
2024,3,11680531,논현2동,20369
2024,3,11680545,압구정동,26119
2024,3,11680565,청담동,24535
2024,3,11680580,삼성1동,12134
2024,3,11680590,삼성2동,30579
2024,3,11680600,대치1동,23878
2024,3,11680610,대치2동,38212
2024,3,11680630,대치4동,18614
2024,3,11680640,역삼1동,34082
2024,3,11680650,역삼2동,36348
2024,3,11680655,도곡1동,20005
2024,3,11680656,도곡2동,32648
2024,3,11680660,개포1동,6765
2024,3,11680670,개포2동,41708
2024,3,11680690,개포4동,23151
2024,3,11680700,세곡동,45513
2024,3,11680720,일원본동,22796
2024,3,11680730,일원1동,14550
2024,3,11680740,일원2동,16833
2024,3,11680750,수서동,14026
2024,3,11710510,풍납1동,11750
2024,3,11710520,풍납2동,23552
2024,3,11710531,거여1동,12011
2024,3,11710532,거여2동,23596
2024,3,11710540,마천1동,17982
2024,3,11710550,마천2동,17575
2024,3,11710561,방이1동,15091
2024,3,11710562,방이2동,26094
2024,3,11710566,오륜동,17799
2024,3,11710570,오금동,37341
2024,3,11710580,송파1동,23353
2024,3,11710590,송파2동,18476
2024,3,11710600,석촌동,30682
2024,3,11710610,삼전동,29062
2024,3,11710620,가락본동,25171
2024,3,11710631,가락1동,27469
2024,3,11710632,가락2동,31181
2024,3,11710641,문정1동,19502
2024,3,11710642,문정2동,28782
2024,3,11710646,장지동,28473
2024,3,11710647,위례동,44857
2024,3,11710650,잠실본동,27731
2024,3,11710670,잠실2동,34909
2024,3,11710680,잠실3동,33805
2024,3,11710690,잠실4동,21192
2024,3,11710710,잠실6동,16514
2024,3,11710720,잠실7동,9419
2024,3,11740515,강일동,44257
2024,3,11740520,상일동,39307
2024,3,11740530,명일1동,25279
2024,3,11740540,명일2동,17034
2024,3,11740550,고덕1동,23932
2024,3,11740560,고덕2동,22684
2024,3,11740570,암사1동,33825
2024,3,11740580,암사2동,14825
2024,3,11740590,암사3동,17136
2024,3,11740600,천호1동,25942
2024,3,11740610,천호2동,32694
2024,3,11740620,천호3동,25969
2024,3,11740640,성내1동,19392
2024,3,11740650,성내2동,23452
2024,3,11740660,성내3동,22433
2024,3,11740685,길동,44395
2024,3,11740690,둔촌1동,16
2024,3,11740700,둔촌2동,24228
2024,4,11110515,청운효자동,11328
2024,4,11110530,사직동,8992
2024,4,11110540,삼청동,2247
2024,4,11110550,부암동,9034
2024,4,11110560,평창동,17366
2024,4,11110570,무악동,7963
2024,4,11110580,교남동,9715
2024,4,11110600,가회동,3849
2024,4,11110615,종로1?2?3?4가동,6658
2024,4,11110630,종로5?6가동,5376
2024,4,11110640,이화동,6891
2024,4,11110650,혜화동,15833
2024,4,11110670,창신1동,4523
2024,4,11110680,창신2동,7511
2024,4,11110690,창신3동,6338
2024,4,11110700,숭인1동,5768
2024,4,11110710,숭인2동,9499
2024,4,11140520,소공동,2178
2024,4,11140540,회현동,4380
2024,4,11140550,명동,2392
2024,4,11140570,필동,4012
2024,4,11140580,장충동,4549
2024,4,11140590,광희동,5676
2024,4,11140605,을지로동,3208
2024,4,11140615,신당동,7385
2024,4,11140625,다산동,13221
2024,4,11140635,약수동,16086
2024,4,11140645,청구동,12955
2024,4,11140650,신당5동,10151
2024,4,11140665,동화동,9941
2024,4,11140670,황학동,12685
2024,4,11140680,중림동,12142
2024,4,11170510,후암동,16020
2024,4,11170520,용산2가동,8866
2024,4,11170530,남영동,6819
2024,4,11170555,청파동,18842
2024,4,11170560,원효로1동,16956
2024,4,11170570,원효로2동,13626
2024,4,11170580,효창동,10665
2024,4,11170590,용문동,11380
2024,4,11170625,한강로동,20977
2024,4,11170630,이촌1동,24933
2024,4,11170640,이촌2동,7870
2024,4,11170650,이태원1동,6015
2024,4,11170660,이태원2동,8657
2024,4,11170685,한남동,17711
2024,4,11170690,서빙고동,12443
2024,4,11170700,보광동,11134
2024,4,11200520,왕십리2동,15974
2024,4,11200535,왕십리도선동,26181
2024,4,11200540,마장동,21556
2024,4,11200550,사근동,11936
2024,4,11200560,행당1동,13629
2024,4,11200570,행당2동,22851
2024,4,11200580,응봉동,14940
2024,4,11200590,금호1가동,14750
2024,4,11200615,금호2?3가동,21946
2024,4,11200620,금호4가동,14142
2024,4,11200645,옥수동,25399
2024,4,11200650,성수1가1동,15394
2024,4,11200660,성수1가2동,11932
2024,4,11200670,성수2가1동,14544
2024,4,11200690,성수2가3동,10021
2024,4,11200720,송정동,9719
2024,4,11200790,용답동,11809
2024,4,11215710,화양동,24821
2024,4,11215730,군자동,19048
2024,4,11215740,중곡1동,15218
2024,4,11215750,중곡2동,20512
2024,4,11215760,중곡3동,15681
2024,4,11215770,중곡4동,27499
2024,4,11215780,능동,11053
2024,4,11215810,광장동,33964
2024,4,11215820,자양1동,21795
2024,4,11215830,자양2동,23591
2024,4,11215840,자양3동,27193
2024,4,11215847,자양4동,19815
2024,4,11215850,구의1동,21448
2024,4,11215860,구의2동,25468
2024,4,11215870,구의3동,27836
2024,4,11230536,용신동,38362
2024,4,11230545,제기동,22962
2024,4,11230560,전농1동,32107
2024,4,11230570,전농2동,17954
2024,4,11230600,답십리1동,27834
2024,4,11230610,답십리2동,27467
2024,4,11230650,장안1동,37191
2024,4,11230660,장안2동,32376
2024,4,11230705,청량리동,18688
2024,4,11230710,회기동,10313
2024,4,11230720,휘경1동,13580
2024,4,11230730,휘경2동,24158
2024,4,11230740,이문1동,17724
2024,4,11230750,이문2동,19385
2024,4,11260520,면목2동,23580
2024,4,11260540,면목4동,18121
2024,4,11260550,면목5동,14564
2024,4,11260565,면목본동,32648
2024,4,11260570,면목7동,21190
2024,4,11260575,면목3?8동,24375
2024,4,11260580,상봉1동,23195
2024,4,11260590,상봉2동,20258
2024,4,11260600,중화1동,18698
2024,4,11260610,중화2동,23768
2024,4,11260620,묵1동,33661
2024,4,11260630,묵2동,18004
2024,4,11260655,망우본동,36438
2024,4,11260660,망우3동,15615
2024,4,11260680,신내1동,37757
2024,4,11260690,신내2동,19675
2024,4,11290525,성북동,15875
2024,4,11290555,삼선동,22125
2024,4,11290575,동선동,14977
2024,4,11290580,돈암1동,14260
2024,4,11290590,돈암2동,23417
2024,4,11290600,안암동,14869
2024,4,11290610,보문동,16145
2024,4,11290620,정릉1동,17732
2024,4,11290630,정릉2동,22510
2024,4,11290640,정릉3동,14934
2024,4,11290650,정릉4동,24009
2024,4,11290660,길음1동,34792
2024,4,11290685,길음2동,21666
2024,4,11290705,종암동,37648
2024,4,11290715,월곡1동,25580
2024,4,11290725,월곡2동,18900
2024,4,11290760,장위1동,23354
2024,4,11290770,장위2동,13080
2024,4,11290780,장위3동,15519
2024,4,11290810,석관동,33768
2024,4,11305534,삼양동,22402
2024,4,11305535,미아동,20841
2024,4,11305545,송중동,28576
2024,4,11305555,송천동,24748
2024,4,11305575,삼각산동,30604
2024,4,11305595,번1동,17358
2024,4,11305603,번2동,14866
2024,4,11305608,번3동,16356
2024,4,11305615,수유1동,19842
2024,4,11305625,수유2동,20502
2024,4,11305635,수유3동,22988
2024,4,11305645,우이동,19766
2024,4,11305660,인수동,29069
2024,4,11320511,창1동,23774
2024,4,11320512,창2동,28172
2024,4,11320513,창3동,13163
2024,4,11320514,창4동,26168
2024,4,11320515,창5동,23884
2024,4,11320521,도봉1동,20030
2024,4,11320522,도봉2동,25990
2024,4,11320660,쌍문1동,20484
2024,4,11320670,쌍문2동,17905
2024,4,11320680,쌍문3동,16449
2024,4,11320681,쌍문4동,18061
2024,4,11320690,방학1동,27745
2024,4,11320700,방학2동,18535
2024,4,11320710,방학3동,26077
2024,4,11350560,월계1동,20526
2024,4,11350570,월계2동,25485
2024,4,11350580,월계3동,28721
2024,4,11350595,공릉1동,35959
2024,4,11350600,공릉2동,41435
2024,4,11350611,하계1동,26128
2024,4,11350612,하계2동,21306
2024,4,11350619,중계본동,23040
2024,4,11350621,중계1동,26318
2024,4,11350624,중계4동,19114
2024,4,11350625,중계2?3동,32502
2024,4,11350630,상계1동,36834
2024,4,11350640,상계2동,19105
2024,4,11350665,상계3?4동,27489
2024,4,11350670,상계5동,22979
2024,4,11350695,상계6?7동,31400
2024,4,11350700,상계8동,21848
2024,4,11350710,상계9동,19664
2024,4,11350720,상계10동,18184
2024,4,11380510,녹번동,36092
2024,4,11380520,불광1동,37509
2024,4,11380530,불광2동,26600
2024,4,11380551,갈현1동,14470
2024,4,11380552,갈현2동,27415
2024,4,11380560,구산동,31429
2024,4,11380570,대조동,27359
2024,4,11380580,응암1동,32659
2024,4,11380590,응암2동,27329
2024,4,11380600,응암3동,23429
2024,4,11380625,역촌동,43767
2024,4,11380631,신사1동,26462
2024,4,11380632,신사2동,18907
2024,4,11380640,증산동,18240
2024,4,11380650,수색동,20440
2024,4,11380690,진관동,54368
2024,4,11410520,천연동,16547
2024,4,11410555,북아현동,15401
2024,4,11410565,충현동,19682
2024,4,11410585,신촌동,20135
2024,4,11410615,연희동,33724
2024,4,11410620,홍제1동,24704
2024,4,11410640,홍제3동,17665
2024,4,11410655,홍제2동,13186
2024,4,11410660,홍은1동,22158
2024,4,11410685,홍은2동,28505
2024,4,11410690,남가좌1동,16699
2024,4,11410700,남가좌2동,29083
2024,4,11410710,북가좌1동,17563
2024,4,11410720,북가좌2동,30673
2024,4,11440555,아현동,28335
2024,4,11440565,공덕동,36426
2024,4,11440585,도화동,20443
2024,4,11440590,용강동,21098
2024,4,11440600,대흥동,14719
2024,4,11440610,염리동,16719
2024,4,11440630,신수동,22046
2024,4,11440655,서강동,24556
2024,4,11440660,서교동,24037
2024,4,11440680,합정동,16310
2024,4,11440690,망원1동,19151
2024,4,11440700,망원2동,17917
2024,4,11440710,연남동,14202
2024,4,11440720,성산1동,18543
2024,4,11440730,성산2동,38537
2024,4,11440740,상암동,29662
2024,4,11470510,목1동,30276
2024,4,11470520,목2동,28816
2024,4,11470530,목3동,21206
2024,4,11470540,목4동,24428
2024,4,11470550,목5동,40702
2024,4,11470560,신월1동,19365
2024,4,11470570,신월2동,20779
2024,4,11470580,신월3동,14261
2024,4,11470590,신월4동,17445
2024,4,11470600,신월5동,13979
2024,4,11470610,신월6동,13867
2024,4,11470611,신월7동,18588
2024,4,11470620,신정1동,19716
2024,4,11470630,신정2동,18773
2024,4,11470640,신정3동,49523
2024,4,11470650,신정4동,31687
2024,4,11470670,신정6동,23959
2024,4,11470680,신정7동,28275
2024,4,11500510,염창동,41250
2024,4,11500520,등촌1동,24933
2024,4,11500530,등촌2동,19312
2024,4,11500535,등촌3동,29390
2024,4,11500540,화곡1동,50743
2024,4,11500550,화곡2동,17041
2024,4,11500560,화곡3동,21093
2024,4,11500570,화곡4동,19720
2024,4,11500590,화곡본동,32956
2024,4,11500591,화곡6동,24357
2024,4,11500593,화곡8동,23468
2024,4,11500603,가양1동,33880
2024,4,11500604,가양2동,13460
2024,4,11500605,가양3동,14189
2024,4,11500611,발산1동,35643
2024,4,11500615,우장산동,43709
2024,4,11500620,공항동,29436
2024,4,11500630,방화1동,41828
2024,4,11500640,방화2동,22596
2024,4,11500641,방화3동,21991
2024,4,11530510,신도림동,35977
2024,4,11530520,구로1동,20519
2024,4,11530530,구로2동,22380
2024,4,11530540,구로3동,23287
2024,4,11530550,구로4동,18646
2024,4,11530560,구로5동,28952
2024,4,11530595,가리봉동,8713
2024,4,11530720,고척1동,26314
2024,4,11530730,고척2동,25749
2024,4,11530740,개봉1동,33122
2024,4,11530750,개봉2동,29724
2024,4,11530760,개봉3동,19544
2024,4,11530770,오류1동,22559
2024,4,11530780,오류2동,37281
2024,4,11530790,수궁동,22707
2024,4,11530800,항동,16335
2024,4,11545510,가산동,24622
2024,4,11545610,독산1동,45720
2024,4,11545620,독산2동,17737
2024,4,11545630,독산3동,23433
2024,4,11545640,독산4동,14511
2024,4,11545670,시흥1동,32115
2024,4,11545680,시흥2동,20564
2024,4,11545690,시흥3동,10153
2024,4,11545700,시흥4동,19366
2024,4,11545710,시흥5동,18167
2024,4,11560515,영등포본동,20784
2024,4,11560535,영등포동,29839
2024,4,11560540,여의동,33346
2024,4,11560550,당산1동,20951
2024,4,11560560,당산2동,36667
2024,4,11560585,도림동,17562
2024,4,11560605,문래동,32022
2024,4,11560610,양평1동,18114
2024,4,11560620,양평2동,22288
2024,4,11560630,신길1동,19314
2024,4,11560650,신길3동,15950
2024,4,11560660,신길4동,10315
2024,4,11560670,신길5동,9947
2024,4,11560680,신길6동,19493
2024,4,11560690,신길7동,19779
2024,4,11560700,대림1동,13711
2024,4,11560710,대림2동,11730
2024,4,11560720,대림3동,21488
2024,4,11590510,노량진1동,32005
2024,4,11590520,노량진2동,10181
2024,4,11590530,상도1동,44464
2024,4,11590540,상도2동,27084
2024,4,11590550,상도3동,23844
2024,4,11590560,상도4동,27609
2024,4,11590605,흑석동,29907
2024,4,11590620,사당1동,22415
2024,4,11590630,사당2동,27151
2024,4,11590640,사당3동,23686
2024,4,11590650,사당4동,13771
2024,4,11590651,사당5동,14118
2024,4,11590660,대방동,35620
2024,4,11590670,신대방1동,23282
2024,4,11590680,신대방2동,22684
2024,4,11620525,보라매동,23092
2024,4,11620545,청림동,14726
2024,4,11620565,성현동,28222
2024,4,11620575,행운동,28758
2024,4,11620585,낙성대동,17211
2024,4,11620595,청룡동,35627
2024,4,11620605,은천동,32359
2024,4,11620615,중앙동,15126
2024,4,11620625,인헌동,25385
2024,4,11620630,남현동,17668
2024,4,11620645,서원동,22908
2024,4,11620655,신원동,17484
2024,4,11620665,서림동,23319
2024,4,11620685,신사동,21969
2024,4,11620695,신림동,22622
2024,4,11620715,난향동,14726
2024,4,11620725,조원동,19598
2024,4,11620735,대학동,24237
2024,4,11620745,삼성동,19970
2024,4,11620765,미성동,29526
2024,4,11620775,난곡동,25257
2024,4,11650510,서초1동,20154
2024,4,11650520,서초2동,24636
2024,4,11650530,서초3동,31862
2024,4,11650531,서초4동,30281
2024,4,11650540,잠원동,26800
2024,4,11650550,반포본동,117
2024,4,11650560,반포1동,33740
2024,4,11650570,반포2동,23322
2024,4,11650580,반포3동,23761
2024,4,11650581,반포4동,18474
2024,4,11650590,방배본동,20401
2024,4,11650600,방배1동,16479
2024,4,11650610,방배2동,18010
2024,4,11650620,방배3동,15757
2024,4,11650621,방배4동,22754
2024,4,11650651,양재1동,41970
2024,4,11650652,양재2동,21157
2024,4,11650660,내곡동,17000
2024,4,11680510,신사동,15436
2024,4,11680521,논현1동,20996
2024,4,11680531,논현2동,20369
2024,4,11680545,압구정동,26119
2024,4,11680565,청담동,24535
2024,4,11680580,삼성1동,12134
2024,4,11680590,삼성2동,30579
2024,4,11680600,대치1동,23878
2024,4,11680610,대치2동,38212
2024,4,11680630,대치4동,18614
2024,4,11680640,역삼1동,34082
2024,4,11680650,역삼2동,36348
2024,4,11680655,도곡1동,20005
2024,4,11680656,도곡2동,32648
2024,4,11680660,개포1동,6765
2024,4,11680670,개포2동,41708
2024,4,11680690,개포4동,23151
2024,4,11680700,세곡동,45513
2024,4,11680720,일원본동,22796
2024,4,11680730,일원1동,14550
2024,4,11680740,일원2동,16833
2024,4,11680750,수서동,14026
2024,4,11710510,풍납1동,11750
2024,4,11710520,풍납2동,23552
2024,4,11710531,거여1동,12011
2024,4,11710532,거여2동,23596
2024,4,11710540,마천1동,17982
2024,4,11710550,마천2동,17575
2024,4,11710561,방이1동,15091
2024,4,11710562,방이2동,26094
2024,4,11710566,오륜동,17799
2024,4,11710570,오금동,37341
2024,4,11710580,송파1동,23353
2024,4,11710590,송파2동,18476
2024,4,11710600,석촌동,30682
2024,4,11710610,삼전동,29062
2024,4,11710620,가락본동,25171
2024,4,11710631,가락1동,27469
2024,4,11710632,가락2동,31181
2024,4,11710641,문정1동,19502
2024,4,11710642,문정2동,28782
2024,4,11710646,장지동,28473
2024,4,11710647,위례동,44857
2024,4,11710650,잠실본동,27731
2024,4,11710670,잠실2동,34909
2024,4,11710680,잠실3동,33805
2024,4,11710690,잠실4동,21192
2024,4,11710710,잠실6동,16514
2024,4,11710720,잠실7동,9419
2024,4,11740515,강일동,44257
2024,4,11740520,상일동,39307
2024,4,11740530,명일1동,25279
2024,4,11740540,명일2동,17034
2024,4,11740550,고덕1동,23932
2024,4,11740560,고덕2동,22684
2024,4,11740570,암사1동,33825
2024,4,11740580,암사2동,14825
2024,4,11740590,암사3동,17136
2024,4,11740600,천호1동,25942
2024,4,11740610,천호2동,32694
2024,4,11740620,천호3동,25969
2024,4,11740640,성내1동,19392
2024,4,11740650,성내2동,23452
2024,4,11740660,성내3동,22433
2024,4,11740685,길동,44395
2024,4,11740690,둔촌1동,16
2024,4,11740700,둔촌2동,24228
2025,1,11110515,청운효자동,11328
2025,1,11110530,사직동,8992
2025,1,11110540,삼청동,2247
2025,1,11110550,부암동,9034
2025,1,11110560,평창동,17366
2025,1,11110570,무악동,7963
2025,1,11110580,교남동,9715
2025,1,11110600,가회동,3849
2025,1,11110615,종로1?2?3?4가동,6658
2025,1,11110630,종로5?6가동,5376
2025,1,11110640,이화동,6891
2025,1,11110650,혜화동,15833
2025,1,11110670,창신1동,4523
2025,1,11110680,창신2동,7511
2025,1,11110690,창신3동,6338
2025,1,11110700,숭인1동,5768
2025,1,11110710,숭인2동,9499
2025,1,11140520,소공동,2178
2025,1,11140540,회현동,4380
2025,1,11140550,명동,2392
2025,1,11140570,필동,4012
2025,1,11140580,장충동,4549
2025,1,11140590,광희동,5676
2025,1,11140605,을지로동,3208
2025,1,11140615,신당동,7385
2025,1,11140625,다산동,13221
2025,1,11140635,약수동,16086
2025,1,11140645,청구동,12955
2025,1,11140650,신당5동,10151
2025,1,11140665,동화동,9941
2025,1,11140670,황학동,12685
2025,1,11140680,중림동,12142
2025,1,11170510,후암동,16020
2025,1,11170520,용산2가동,8866
2025,1,11170530,남영동,6819
2025,1,11170555,청파동,18842
2025,1,11170560,원효로1동,16956
2025,1,11170570,원효로2동,13626
2025,1,11170580,효창동,10665
2025,1,11170590,용문동,11380
2025,1,11170625,한강로동,20977
2025,1,11170630,이촌1동,24933
2025,1,11170640,이촌2동,7870
2025,1,11170650,이태원1동,6015
2025,1,11170660,이태원2동,8657
2025,1,11170685,한남동,17711
2025,1,11170690,서빙고동,12443
2025,1,11170700,보광동,11134
2025,1,11200520,왕십리2동,15974
2025,1,11200535,왕십리도선동,26181
2025,1,11200540,마장동,21556
2025,1,11200550,사근동,11936
2025,1,11200560,행당1동,13629
2025,1,11200570,행당2동,22851
2025,1,11200580,응봉동,14940
2025,1,11200590,금호1가동,14750
2025,1,11200615,금호2?3가동,21946
2025,1,11200620,금호4가동,14142
2025,1,11200645,옥수동,25399
2025,1,11200650,성수1가1동,15394
2025,1,11200660,성수1가2동,11932
2025,1,11200670,성수2가1동,14544
2025,1,11200690,성수2가3동,10021
2025,1,11200720,송정동,9719
2025,1,11200790,용답동,11809
2025,1,11215710,화양동,24821
2025,1,11215730,군자동,19048
2025,1,11215740,중곡1동,15218
2025,1,11215750,중곡2동,20512
2025,1,11215760,중곡3동,15681
2025,1,11215770,중곡4동,27499
2025,1,11215780,능동,11053
2025,1,11215810,광장동,33964
2025,1,11215820,자양1동,21795
2025,1,11215830,자양2동,23591
2025,1,11215840,자양3동,27193
2025,1,11215847,자양4동,19815
2025,1,11215850,구의1동,21448
2025,1,11215860,구의2동,25468
2025,1,11215870,구의3동,27836
2025,1,11230536,용신동,38362
2025,1,11230545,제기동,22962
2025,1,11230560,전농1동,32107
2025,1,11230570,전농2동,17954
2025,1,11230600,답십리1동,27834
2025,1,11230610,답십리2동,27467
2025,1,11230650,장안1동,37191
2025,1,11230660,장안2동,32376
2025,1,11230705,청량리동,18688
2025,1,11230710,회기동,10313
2025,1,11230720,휘경1동,13580
2025,1,11230730,휘경2동,24158
2025,1,11230740,이문1동,17724
2025,1,11230750,이문2동,19385
2025,1,11260520,면목2동,23580
2025,1,11260540,면목4동,18121
2025,1,11260550,면목5동,14564
2025,1,11260565,면목본동,32648
2025,1,11260570,면목7동,21190
2025,1,11260575,면목3?8동,24375
2025,1,11260580,상봉1동,23195
2025,1,11260590,상봉2동,20258
2025,1,11260600,중화1동,18698
2025,1,11260610,중화2동,23768
2025,1,11260620,묵1동,33661
2025,1,11260630,묵2동,18004
2025,1,11260655,망우본동,36438
2025,1,11260660,망우3동,15615
2025,1,11260680,신내1동,37757
2025,1,11260690,신내2동,19675
2025,1,11290525,성북동,15875
2025,1,11290555,삼선동,22125
2025,1,11290575,동선동,14977
2025,1,11290580,돈암1동,14260
2025,1,11290590,돈암2동,23417
2025,1,11290600,안암동,14869
2025,1,11290610,보문동,16145
2025,1,11290620,정릉1동,17732
2025,1,11290630,정릉2동,22510
2025,1,11290640,정릉3동,14934
2025,1,11290650,정릉4동,24009
2025,1,11290660,길음1동,34792
2025,1,11290685,길음2동,21666
2025,1,11290705,종암동,37648
2025,1,11290715,월곡1동,25580
2025,1,11290725,월곡2동,18900
2025,1,11290760,장위1동,23354
2025,1,11290770,장위2동,13080
2025,1,11290780,장위3동,15519
2025,1,11290810,석관동,33768
2025,1,11305534,삼양동,22402
2025,1,11305535,미아동,20841
2025,1,11305545,송중동,28576
2025,1,11305555,송천동,24748
2025,1,11305575,삼각산동,30604
2025,1,11305595,번1동,17358
2025,1,11305603,번2동,14866
2025,1,11305608,번3동,16356
2025,1,11305615,수유1동,19842
2025,1,11305625,수유2동,20502
2025,1,11305635,수유3동,22988
2025,1,11305645,우이동,19766
2025,1,11305660,인수동,29069
2025,1,11320511,창1동,23774
2025,1,11320512,창2동,28172
2025,1,11320513,창3동,13163
2025,1,11320514,창4동,26168
2025,1,11320515,창5동,23884
2025,1,11320521,도봉1동,20030
2025,1,11320522,도봉2동,25990
2025,1,11320660,쌍문1동,20484
2025,1,11320670,쌍문2동,17905
2025,1,11320680,쌍문3동,16449
2025,1,11320681,쌍문4동,18061
2025,1,11320690,방학1동,27745
2025,1,11320700,방학2동,18535
2025,1,11320710,방학3동,26077
2025,1,11350560,월계1동,20526
2025,1,11350570,월계2동,25485
2025,1,11350580,월계3동,28721
2025,1,11350595,공릉1동,35959
2025,1,11350600,공릉2동,41435
2025,1,11350611,하계1동,26128
2025,1,11350612,하계2동,21306
2025,1,11350619,중계본동,23040
2025,1,11350621,중계1동,26318
2025,1,11350624,중계4동,19114
2025,1,11350625,중계2?3동,32502
2025,1,11350630,상계1동,36834
2025,1,11350640,상계2동,19105
2025,1,11350665,상계3?4동,27489
2025,1,11350670,상계5동,22979
2025,1,11350695,상계6?7동,31400
2025,1,11350700,상계8동,21848
2025,1,11350710,상계9동,19664
2025,1,11350720,상계10동,18184
2025,1,11380510,녹번동,36092
2025,1,11380520,불광1동,37509
2025,1,11380530,불광2동,26600
2025,1,11380551,갈현1동,14470
2025,1,11380552,갈현2동,27415
2025,1,11380560,구산동,31429
2025,1,11380570,대조동,27359
2025,1,11380580,응암1동,32659
2025,1,11380590,응암2동,27329
2025,1,11380600,응암3동,23429
2025,1,11380625,역촌동,43767
2025,1,11380631,신사1동,26462
2025,1,11380632,신사2동,18907
2025,1,11380640,증산동,18240
2025,1,11380650,수색동,20440
2025,1,11380690,진관동,54368
2025,1,11410520,천연동,16547
2025,1,11410555,북아현동,15401
2025,1,11410565,충현동,19682
2025,1,11410585,신촌동,20135
2025,1,11410615,연희동,33724
2025,1,11410620,홍제1동,24704
2025,1,11410640,홍제3동,17665
2025,1,11410655,홍제2동,13186
2025,1,11410660,홍은1동,22158
2025,1,11410685,홍은2동,28505
2025,1,11410690,남가좌1동,16699
2025,1,11410700,남가좌2동,29083
2025,1,11410710,북가좌1동,17563
2025,1,11410720,북가좌2동,30673
2025,1,11440555,아현동,28335
2025,1,11440565,공덕동,36426
2025,1,11440585,도화동,20443
2025,1,11440590,용강동,21098
2025,1,11440600,대흥동,14719
2025,1,11440610,염리동,16719
2025,1,11440630,신수동,22046
2025,1,11440655,서강동,24556
2025,1,11440660,서교동,24037
2025,1,11440680,합정동,16310
2025,1,11440690,망원1동,19151
2025,1,11440700,망원2동,17917
2025,1,11440710,연남동,14202
2025,1,11440720,성산1동,18543
2025,1,11440730,성산2동,38537
2025,1,11440740,상암동,29662
2025,1,11470510,목1동,30276
2025,1,11470520,목2동,28816
2025,1,11470530,목3동,21206
2025,1,11470540,목4동,24428
2025,1,11470550,목5동,40702
2025,1,11470560,신월1동,19365
2025,1,11470570,신월2동,20779
2025,1,11470580,신월3동,14261
2025,1,11470590,신월4동,17445
2025,1,11470600,신월5동,13979
2025,1,11470610,신월6동,13867
2025,1,11470611,신월7동,18588
2025,1,11470620,신정1동,19716
2025,1,11470630,신정2동,18773
2025,1,11470640,신정3동,49523
2025,1,11470650,신정4동,31687
2025,1,11470670,신정6동,23959
2025,1,11470680,신정7동,28275
2025,1,11500510,염창동,41250
2025,1,11500520,등촌1동,24933
2025,1,11500530,등촌2동,19312
2025,1,11500535,등촌3동,29390
2025,1,11500540,화곡1동,50743
2025,1,11500550,화곡2동,17041
2025,1,11500560,화곡3동,21093
2025,1,11500570,화곡4동,19720
2025,1,11500590,화곡본동,32956
2025,1,11500591,화곡6동,24357
2025,1,11500593,화곡8동,23468
2025,1,11500603,가양1동,33880
2025,1,11500604,가양2동,13460
2025,1,11500605,가양3동,14189
2025,1,11500611,발산1동,35643
2025,1,11500615,우장산동,43709
2025,1,11500620,공항동,29436
2025,1,11500630,방화1동,41828
2025,1,11500640,방화2동,22596
2025,1,11500641,방화3동,21991
2025,1,11530510,신도림동,35977
2025,1,11530520,구로1동,20519
2025,1,11530530,구로2동,22380
2025,1,11530540,구로3동,23287
2025,1,11530550,구로4동,18646
2025,1,11530560,구로5동,28952
2025,1,11530595,가리봉동,8713
2025,1,11530720,고척1동,26314
2025,1,11530730,고척2동,25749
2025,1,11530740,개봉1동,33122
2025,1,11530750,개봉2동,29724
2025,1,11530760,개봉3동,19544
2025,1,11530770,오류1동,22559
2025,1,11530780,오류2동,37281
2025,1,11530790,수궁동,22707
2025,1,11530800,항동,16335
2025,1,11545510,가산동,24622
2025,1,11545610,독산1동,45720
2025,1,11545620,독산2동,17737
2025,1,11545630,독산3동,23433
2025,1,11545640,독산4동,14511
2025,1,11545670,시흥1동,32115
2025,1,11545680,시흥2동,20564
2025,1,11545690,시흥3동,10153
2025,1,11545700,시흥4동,19366
2025,1,11545710,시흥5동,18167
2025,1,11560515,영등포본동,20784
2025,1,11560535,영등포동,29839
2025,1,11560540,여의동,33346
2025,1,11560550,당산1동,20951
2025,1,11560560,당산2동,36667
2025,1,11560585,도림동,17562
2025,1,11560605,문래동,32022
2025,1,11560610,양평1동,18114
2025,1,11560620,양평2동,22288
2025,1,11560630,신길1동,19314
2025,1,11560650,신길3동,15950
2025,1,11560660,신길4동,10315
2025,1,11560670,신길5동,9947
2025,1,11560680,신길6동,19493
2025,1,11560690,신길7동,19779
2025,1,11560700,대림1동,13711
2025,1,11560710,대림2동,11730
2025,1,11560720,대림3동,21488
2025,1,11590510,노량진1동,32005
2025,1,11590520,노량진2동,10181
2025,1,11590530,상도1동,44464
2025,1,11590540,상도2동,27084
2025,1,11590550,상도3동,23844
2025,1,11590560,상도4동,27609
2025,1,11590605,흑석동,29907
2025,1,11590620,사당1동,22415
2025,1,11590630,사당2동,27151
2025,1,11590640,사당3동,23686
2025,1,11590650,사당4동,13771
2025,1,11590651,사당5동,14118
2025,1,11590660,대방동,35620
2025,1,11590670,신대방1동,23282
2025,1,11590680,신대방2동,22684
2025,1,11620525,보라매동,23092
2025,1,11620545,청림동,14726
2025,1,11620565,성현동,28222
2025,1,11620575,행운동,28758
2025,1,11620585,낙성대동,17211
2025,1,11620595,청룡동,35627
2025,1,11620605,은천동,32359
2025,1,11620615,중앙동,15126
2025,1,11620625,인헌동,25385
2025,1,11620630,남현동,17668
2025,1,11620645,서원동,22908
2025,1,11620655,신원동,17484
2025,1,11620665,서림동,23319
2025,1,11620685,신사동,21969
2025,1,11620695,신림동,22622
2025,1,11620715,난향동,14726
2025,1,11620725,조원동,19598
2025,1,11620735,대학동,24237
2025,1,11620745,삼성동,19970
2025,1,11620765,미성동,29526
2025,1,11620775,난곡동,25257
2025,1,11650510,서초1동,20154
2025,1,11650520,서초2동,24636
2025,1,11650530,서초3동,31862
2025,1,11650531,서초4동,30281
2025,1,11650540,잠원동,26800
2025,1,11650550,반포본동,117
2025,1,11650560,반포1동,33740
2025,1,11650570,반포2동,23322
2025,1,11650580,반포3동,23761
2025,1,11650581,반포4동,18474
2025,1,11650590,방배본동,20401
2025,1,11650600,방배1동,16479
2025,1,11650610,방배2동,18010
2025,1,11650620,방배3동,15757
2025,1,11650621,방배4동,22754
2025,1,11650651,양재1동,41970
2025,1,11650652,양재2동,21157
2025,1,11650660,내곡동,17000
2025,1,11680510,신사동,15436
2025,1,11680521,논현1동,20996
2025,1,11680531,논현2동,20369
2025,1,11680545,압구정동,26119
2025,1,11680565,청담동,24535
2025,1,11680580,삼성1동,12134
2025,1,11680590,삼성2동,30579
2025,1,11680600,대치1동,23878
2025,1,11680610,대치2동,38212
2025,1,11680630,대치4동,18614
2025,1,11680640,역삼1동,34082
2025,1,11680650,역삼2동,36348
2025,1,11680655,도곡1동,20005
2025,1,11680656,도곡2동,32648
2025,1,11680660,개포1동,6765
2025,1,11680670,개포2동,41708
2025,1,11680690,개포4동,23151
2025,1,11680700,세곡동,45513
2025,1,11680720,일원본동,22796
2025,1,11680730,일원1동,14550
2025,1,11680740,일원2동,16833
2025,1,11680750,수서동,14026
2025,1,11710510,풍납1동,11750
2025,1,11710520,풍납2동,23552
2025,1,11710531,거여1동,12011
2025,1,11710532,거여2동,23596
2025,1,11710540,마천1동,17982
2025,1,11710550,마천2동,17575
2025,1,11710561,방이1동,15091
2025,1,11710562,방이2동,26094
2025,1,11710566,오륜동,17799
2025,1,11710570,오금동,37341
2025,1,11710580,송파1동,23353
2025,1,11710590,송파2동,18476
2025,1,11710600,석촌동,30682
2025,1,11710610,삼전동,29062
2025,1,11710620,가락본동,25171
2025,1,11710631,가락1동,27469
2025,1,11710632,가락2동,31181
2025,1,11710641,문정1동,19502
2025,1,11710642,문정2동,28782
2025,1,11710646,장지동,28473
2025,1,11710647,위례동,44857
2025,1,11710650,잠실본동,27731
2025,1,11710670,잠실2동,34909
2025,1,11710680,잠실3동,33805
2025,1,11710690,잠실4동,21192
2025,1,11710710,잠실6동,16514
2025,1,11710720,잠실7동,9419
2025,1,11740515,강일동,44257
2025,1,11740520,상일동,39307
2025,1,11740530,명일1동,25279
2025,1,11740540,명일2동,17034
2025,1,11740550,고덕1동,23932
2025,1,11740560,고덕2동,22684
2025,1,11740570,암사1동,33825
2025,1,11740580,암사2동,14825
2025,1,11740590,암사3동,17136
2025,1,11740600,천호1동,25942
2025,1,11740610,천호2동,32694
2025,1,11740620,천호3동,25969
2025,1,11740640,성내1동,19392
2025,1,11740650,성내2동,23452
2025,1,11740660,성내3동,22433
2025,1,11740685,길동,44395
2025,1,11740690,둔촌1동,16
2025,1,11740700,둔촌2동,24228
2025,2,11110515,청운효자동,11328
2025,2,11110530,사직동,8992
2025,2,11110540,삼청동,2247
2025,2,11110550,부암동,9034
2025,2,11110560,평창동,17366
2025,2,11110570,무악동,7963
2025,2,11110580,교남동,9715
2025,2,11110600,가회동,3849
2025,2,11110615,종로1?2?3?4가동,6658
2025,2,11110630,종로5?6가동,5376
2025,2,11110640,이화동,6891
2025,2,11110650,혜화동,15833
2025,2,11110670,창신1동,4523
2025,2,11110680,창신2동,7511
2025,2,11110690,창신3동,6338
2025,2,11110700,숭인1동,5768
2025,2,11110710,숭인2동,9499
2025,2,11140520,소공동,2178
2025,2,11140540,회현동,4380
2025,2,11140550,명동,2392
2025,2,11140570,필동,4012
2025,2,11140580,장충동,4549
2025,2,11140590,광희동,5676
2025,2,11140605,을지로동,3208
2025,2,11140615,신당동,7385
2025,2,11140625,다산동,13221
2025,2,11140635,약수동,16086
2025,2,11140645,청구동,12955
2025,2,11140650,신당5동,10151
2025,2,11140665,동화동,9941
2025,2,11140670,황학동,12685
2025,2,11140680,중림동,12142
2025,2,11170510,후암동,16020
2025,2,11170520,용산2가동,8866
2025,2,11170530,남영동,6819
2025,2,11170555,청파동,18842
2025,2,11170560,원효로1동,16956
2025,2,11170570,원효로2동,13626
2025,2,11170580,효창동,10665
2025,2,11170590,용문동,11380
2025,2,11170625,한강로동,20977
2025,2,11170630,이촌1동,24933
2025,2,11170640,이촌2동,7870
2025,2,11170650,이태원1동,6015
2025,2,11170660,이태원2동,8657
2025,2,11170685,한남동,17711
2025,2,11170690,서빙고동,12443
2025,2,11170700,보광동,11134
2025,2,11200520,왕십리2동,15974
2025,2,11200535,왕십리도선동,26181
2025,2,11200540,마장동,21556
2025,2,11200550,사근동,11936
2025,2,11200560,행당1동,13629
2025,2,11200570,행당2동,22851
2025,2,11200580,응봉동,14940
2025,2,11200590,금호1가동,14750
2025,2,11200615,금호2?3가동,21946
2025,2,11200620,금호4가동,14142
2025,2,11200645,옥수동,25399
2025,2,11200650,성수1가1동,15394
2025,2,11200660,성수1가2동,11932
2025,2,11200670,성수2가1동,14544
2025,2,11200690,성수2가3동,10021
2025,2,11200720,송정동,9719
2025,2,11200790,용답동,11809
2025,2,11215710,화양동,24821
2025,2,11215730,군자동,19048
2025,2,11215740,중곡1동,15218
2025,2,11215750,중곡2동,20512
2025,2,11215760,중곡3동,15681
2025,2,11215770,중곡4동,27499
2025,2,11215780,능동,11053
2025,2,11215810,광장동,33964
2025,2,11215820,자양1동,21795
2025,2,11215830,자양2동,23591
2025,2,11215840,자양3동,27193
2025,2,11215847,자양4동,19815
2025,2,11215850,구의1동,21448
2025,2,11215860,구의2동,25468
2025,2,11215870,구의3동,27836
2025,2,11230536,용신동,38362
2025,2,11230545,제기동,22962
2025,2,11230560,전농1동,32107
2025,2,11230570,전농2동,17954
2025,2,11230600,답십리1동,27834
2025,2,11230610,답십리2동,27467
2025,2,11230650,장안1동,37191
2025,2,11230660,장안2동,32376
2025,2,11230705,청량리동,18688
2025,2,11230710,회기동,10313
2025,2,11230720,휘경1동,13580
2025,2,11230730,휘경2동,24158
2025,2,11230740,이문1동,17724
2025,2,11230750,이문2동,19385
2025,2,11260520,면목2동,23580
2025,2,11260540,면목4동,18121
2025,2,11260550,면목5동,14564
2025,2,11260565,면목본동,32648
2025,2,11260570,면목7동,21190
2025,2,11260575,면목3?8동,24375
2025,2,11260580,상봉1동,23195
2025,2,11260590,상봉2동,20258
2025,2,11260600,중화1동,18698
2025,2,11260610,중화2동,23768
2025,2,11260620,묵1동,33661
2025,2,11260630,묵2동,18004
2025,2,11260655,망우본동,36438
2025,2,11260660,망우3동,15615
2025,2,11260680,신내1동,37757
2025,2,11260690,신내2동,19675
2025,2,11290525,성북동,15875
2025,2,11290555,삼선동,22125
2025,2,11290575,동선동,14977
2025,2,11290580,돈암1동,14260
2025,2,11290590,돈암2동,23417
2025,2,11290600,안암동,14869
2025,2,11290610,보문동,16145
2025,2,11290620,정릉1동,17732
2025,2,11290630,정릉2동,22510
2025,2,11290640,정릉3동,14934
2025,2,11290650,정릉4동,24009
2025,2,11290660,길음1동,34792
2025,2,11290685,길음2동,21666
2025,2,11290705,종암동,37648
2025,2,11290715,월곡1동,25580
2025,2,11290725,월곡2동,18900
2025,2,11290760,장위1동,23354
2025,2,11290770,장위2동,13080
2025,2,11290780,장위3동,15519
2025,2,11290810,석관동,33768
2025,2,11305534,삼양동,22402
2025,2,11305535,미아동,20841
2025,2,11305545,송중동,28576
2025,2,11305555,송천동,24748
2025,2,11305575,삼각산동,30604
2025,2,11305595,번1동,17358
2025,2,11305603,번2동,14866
2025,2,11305608,번3동,16356
2025,2,11305615,수유1동,19842
2025,2,11305625,수유2동,20502
2025,2,11305635,수유3동,22988
2025,2,11305645,우이동,19766
2025,2,11305660,인수동,29069
2025,2,11320511,창1동,23774
2025,2,11320512,창2동,28172
2025,2,11320513,창3동,13163
2025,2,11320514,창4동,26168
2025,2,11320515,창5동,23884
2025,2,11320521,도봉1동,20030
2025,2,11320522,도봉2동,25990
2025,2,11320660,쌍문1동,20484
2025,2,11320670,쌍문2동,17905
2025,2,11320680,쌍문3동,16449
2025,2,11320681,쌍문4동,18061
2025,2,11320690,방학1동,27745
2025,2,11320700,방학2동,18535
2025,2,11320710,방학3동,26077
2025,2,11350560,월계1동,20526
2025,2,11350570,월계2동,25485
2025,2,11350580,월계3동,28721
2025,2,11350595,공릉1동,35959
2025,2,11350600,공릉2동,41435
2025,2,11350611,하계1동,26128
2025,2,11350612,하계2동,21306
2025,2,11350619,중계본동,23040
2025,2,11350621,중계1동,26318
2025,2,11350624,중계4동,19114
2025,2,11350625,중계2?3동,32502
2025,2,11350630,상계1동,36834
2025,2,11350640,상계2동,19105
2025,2,11350665,상계3?4동,27489
2025,2,11350670,상계5동,22979
2025,2,11350695,상계6?7동,31400
2025,2,11350700,상계8동,21848
2025,2,11350710,상계9동,19664
2025,2,11350720,상계10동,18184
2025,2,11380510,녹번동,36092
2025,2,11380520,불광1동,37509
2025,2,11380530,불광2동,26600
2025,2,11380551,갈현1동,14470
2025,2,11380552,갈현2동,27415
2025,2,11380560,구산동,31429
2025,2,11380570,대조동,27359
2025,2,11380580,응암1동,32659
2025,2,11380590,응암2동,27329
2025,2,11380600,응암3동,23429
2025,2,11380625,역촌동,43767
2025,2,11380631,신사1동,26462
2025,2,11380632,신사2동,18907
2025,2,11380640,증산동,18240
2025,2,11380650,수색동,20440
2025,2,11380690,진관동,54368
2025,2,11410520,천연동,16547
2025,2,11410555,북아현동,15401
2025,2,11410565,충현동,19682
2025,2,11410585,신촌동,20135
2025,2,11410615,연희동,33724
2025,2,11410620,홍제1동,24704
2025,2,11410640,홍제3동,17665
2025,2,11410655,홍제2동,13186
2025,2,11410660,홍은1동,22158
2025,2,11410685,홍은2동,28505
2025,2,11410690,남가좌1동,16699
2025,2,11410700,남가좌2동,29083
2025,2,11410710,북가좌1동,17563
2025,2,11410720,북가좌2동,30673
2025,2,11440555,아현동,28335
2025,2,11440565,공덕동,36426
2025,2,11440585,도화동,20443
2025,2,11440590,용강동,21098
2025,2,11440600,대흥동,14719
2025,2,11440610,염리동,16719
2025,2,11440630,신수동,22046
2025,2,11440655,서강동,24556
2025,2,11440660,서교동,24037
2025,2,11440680,합정동,16310
2025,2,11440690,망원1동,19151
2025,2,11440700,망원2동,17917
2025,2,11440710,연남동,14202
2025,2,11440720,성산1동,18543
2025,2,11440730,성산2동,38537
2025,2,11440740,상암동,29662
2025,2,11470510,목1동,30276
2025,2,11470520,목2동,28816
2025,2,11470530,목3동,21206
2025,2,11470540,목4동,24428
2025,2,11470550,목5동,40702
2025,2,11470560,신월1동,19365
2025,2,11470570,신월2동,20779
2025,2,11470580,신월3동,14261
2025,2,11470590,신월4동,17445
2025,2,11470600,신월5동,13979
2025,2,11470610,신월6동,13867
2025,2,11470611,신월7동,18588
2025,2,11470620,신정1동,19716
2025,2,11470630,신정2동,18773
2025,2,11470640,신정3동,49523
2025,2,11470650,신정4동,31687
2025,2,11470670,신정6동,23959
2025,2,11470680,신정7동,28275
2025,2,11500510,염창동,41250
2025,2,11500520,등촌1동,24933
2025,2,11500530,등촌2동,19312
2025,2,11500535,등촌3동,29390
2025,2,11500540,화곡1동,50743
2025,2,11500550,화곡2동,17041
2025,2,11500560,화곡3동,21093
2025,2,11500570,화곡4동,19720
2025,2,11500590,화곡본동,32956
2025,2,11500591,화곡6동,24357
2025,2,11500593,화곡8동,23468
2025,2,11500603,가양1동,33880
2025,2,11500604,가양2동,13460
2025,2,11500605,가양3동,14189
2025,2,11500611,발산1동,35643
2025,2,11500615,우장산동,43709
2025,2,11500620,공항동,29436
2025,2,11500630,방화1동,41828
2025,2,11500640,방화2동,22596
2025,2,11500641,방화3동,21991
2025,2,11530510,신도림동,35977
2025,2,11530520,구로1동,20519
2025,2,11530530,구로2동,22380
2025,2,11530540,구로3동,23287
2025,2,11530550,구로4동,18646
2025,2,11530560,구로5동,28952
2025,2,11530595,가리봉동,8713
2025,2,11530720,고척1동,26314
2025,2,11530730,고척2동,25749
2025,2,11530740,개봉1동,33122
2025,2,11530750,개봉2동,29724
2025,2,11530760,개봉3동,19544
2025,2,11530770,오류1동,22559
2025,2,11530780,오류2동,37281
2025,2,11530790,수궁동,22707
2025,2,11530800,항동,16335
2025,2,11545510,가산동,24622
2025,2,11545610,독산1동,45720
2025,2,11545620,독산2동,17737
2025,2,11545630,독산3동,23433
2025,2,11545640,독산4동,14511
2025,2,11545670,시흥1동,32115
2025,2,11545680,시흥2동,20564
2025,2,11545690,시흥3동,10153
2025,2,11545700,시흥4동,19366
2025,2,11545710,시흥5동,18167
2025,2,11560515,영등포본동,20784
2025,2,11560535,영등포동,29839
2025,2,11560540,여의동,33346
2025,2,11560550,당산1동,20951
2025,2,11560560,당산2동,36667
2025,2,11560585,도림동,17562
2025,2,11560605,문래동,32022
2025,2,11560610,양평1동,18114
2025,2,11560620,양평2동,22288
2025,2,11560630,신길1동,19314
2025,2,11560650,신길3동,15950
2025,2,11560660,신길4동,10315
2025,2,11560670,신길5동,9947
2025,2,11560680,신길6동,19493
2025,2,11560690,신길7동,19779
2025,2,11560700,대림1동,13711
2025,2,11560710,대림2동,11730
2025,2,11560720,대림3동,21488
2025,2,11590510,노량진1동,32005
2025,2,11590520,노량진2동,10181
2025,2,11590530,상도1동,44464
2025,2,11590540,상도2동,27084
2025,2,11590550,상도3동,23844
2025,2,11590560,상도4동,27609
2025,2,11590605,흑석동,29907
2025,2,11590620,사당1동,22415
2025,2,11590630,사당2동,27151
2025,2,11590640,사당3동,23686
2025,2,11590650,사당4동,13771
2025,2,11590651,사당5동,14118
2025,2,11590660,대방동,35620
2025,2,11590670,신대방1동,23282
2025,2,11590680,신대방2동,22684
2025,2,11620525,보라매동,23092
2025,2,11620545,청림동,14726
2025,2,11620565,성현동,28222
2025,2,11620575,행운동,28758
2025,2,11620585,낙성대동,17211
2025,2,11620595,청룡동,35627
2025,2,11620605,은천동,32359
2025,2,11620615,중앙동,15126
2025,2,11620625,인헌동,25385
2025,2,11620630,남현동,17668
2025,2,11620645,서원동,22908
2025,2,11620655,신원동,17484
2025,2,11620665,서림동,23319
2025,2,11620685,신사동,21969
2025,2,11620695,신림동,22622
2025,2,11620715,난향동,14726
2025,2,11620725,조원동,19598
2025,2,11620735,대학동,24237
2025,2,11620745,삼성동,19970
2025,2,11620765,미성동,29526
2025,2,11620775,난곡동,25257
2025,2,11650510,서초1동,20154
2025,2,11650520,서초2동,24636
2025,2,11650530,서초3동,31862
2025,2,11650531,서초4동,30281
2025,2,11650540,잠원동,26800
2025,2,11650550,반포본동,117
2025,2,11650560,반포1동,33740
2025,2,11650570,반포2동,23322
2025,2,11650580,반포3동,23761
2025,2,11650581,반포4동,18474
2025,2,11650590,방배본동,20401
2025,2,11650600,방배1동,16479
2025,2,11650610,방배2동,18010
2025,2,11650620,방배3동,15757
2025,2,11650621,방배4동,22754
2025,2,11650651,양재1동,41970
2025,2,11650652,양재2동,21157
2025,2,11650660,내곡동,17000
2025,2,11680510,신사동,15436
2025,2,11680521,논현1동,20996
2025,2,11680531,논현2동,20369
2025,2,11680545,압구정동,26119
2025,2,11680565,청담동,24535
2025,2,11680580,삼성1동,12134
2025,2,11680590,삼성2동,30579
2025,2,11680600,대치1동,23878
2025,2,11680610,대치2동,38212
2025,2,11680630,대치4동,18614
2025,2,11680640,역삼1동,34082
2025,2,11680650,역삼2동,36348
2025,2,11680655,도곡1동,20005
2025,2,11680656,도곡2동,32648
2025,2,11680660,개포1동,6765
2025,2,11680670,개포2동,41708
2025,2,11680690,개포4동,23151
2025,2,11680700,세곡동,45513
2025,2,11680720,일원본동,22796
2025,2,11680730,일원1동,14550
2025,2,11680740,일원2동,16833
2025,2,11680750,수서동,14026
2025,2,11710510,풍납1동,11750
2025,2,11710520,풍납2동,23552
2025,2,11710531,거여1동,12011
2025,2,11710532,거여2동,23596
2025,2,11710540,마천1동,17982
2025,2,11710550,마천2동,17575
2025,2,11710561,방이1동,15091
2025,2,11710562,방이2동,26094
2025,2,11710566,오륜동,17799
2025,2,11710570,오금동,37341
2025,2,11710580,송파1동,23353
2025,2,11710590,송파2동,18476
2025,2,11710600,석촌동,30682
2025,2,11710610,삼전동,29062
2025,2,11710620,가락본동,25171
2025,2,11710631,가락1동,27469
2025,2,11710632,가락2동,31181
2025,2,11710641,문정1동,19502
2025,2,11710642,문정2동,28782
2025,2,11710646,장지동,28473
2025,2,11710647,위례동,44857
2025,2,11710650,잠실본동,27731
2025,2,11710670,잠실2동,34909
2025,2,11710680,잠실3동,33805
2025,2,11710690,잠실4동,21192
2025,2,11710710,잠실6동,16514
2025,2,11710720,잠실7동,9419
2025,2,11740515,강일동,44257
2025,2,11740520,상일동,39307
2025,2,11740530,명일1동,25279
2025,2,11740540,명일2동,17034
2025,2,11740550,고덕1동,23932
2025,2,11740560,고덕2동,22684
2025,2,11740570,암사1동,33825
2025,2,11740580,암사2동,14825
2025,2,11740590,암사3동,17136
2025,2,11740600,천호1동,25942
2025,2,11740610,천호2동,32694
2025,2,11740620,천호3동,25969
2025,2,11740640,성내1동,19392
2025,2,11740650,성내2동,23452
2025,2,11740660,성내3동,22433
2025,2,11740685,길동,44395
2025,2,11740690,둔촌1동,16
2025,2,11740700,둔촌2동,24228
2025,3,11110515,청운효자동,11328
2025,3,11110530,사직동,8992
2025,3,11110540,삼청동,2247
2025,3,11110550,부암동,9034
2025,3,11110560,평창동,17366
2025,3,11110570,무악동,7963
2025,3,11110580,교남동,9715
2025,3,11110600,가회동,3849
2025,3,11110615,종로1?2?3?4가동,6658
2025,3,11110630,종로5?6가동,5376
2025,3,11110640,이화동,6891
2025,3,11110650,혜화동,15833
2025,3,11110670,창신1동,4523
2025,3,11110680,창신2동,7511
2025,3,11110690,창신3동,6338
2025,3,11110700,숭인1동,5768
2025,3,11110710,숭인2동,9499
2025,3,11140520,소공동,2178
2025,3,11140540,회현동,4380
2025,3,11140550,명동,2392
2025,3,11140570,필동,4012
2025,3,11140580,장충동,4549
2025,3,11140590,광희동,5676
2025,3,11140605,을지로동,3208
2025,3,11140615,신당동,7385
2025,3,11140625,다산동,13221
2025,3,11140635,약수동,16086
2025,3,11140645,청구동,12955
2025,3,11140650,신당5동,10151
2025,3,11140665,동화동,9941
2025,3,11140670,황학동,12685
2025,3,11140680,중림동,12142
2025,3,11170510,후암동,16020
2025,3,11170520,용산2가동,8866
2025,3,11170530,남영동,6819
2025,3,11170555,청파동,18842
2025,3,11170560,원효로1동,16956
2025,3,11170570,원효로2동,13626
2025,3,11170580,효창동,10665
2025,3,11170590,용문동,11380
2025,3,11170625,한강로동,20977
2025,3,11170630,이촌1동,24933
2025,3,11170640,이촌2동,7870
2025,3,11170650,이태원1동,6015
2025,3,11170660,이태원2동,8657
2025,3,11170685,한남동,17711
2025,3,11170690,서빙고동,12443
2025,3,11170700,보광동,11134
2025,3,11200520,왕십리2동,15974
2025,3,11200535,왕십리도선동,26181
2025,3,11200540,마장동,21556
2025,3,11200550,사근동,11936
2025,3,11200560,행당1동,13629
2025,3,11200570,행당2동,22851
2025,3,11200580,응봉동,14940
2025,3,11200590,금호1가동,14750
2025,3,11200615,금호2?3가동,21946
2025,3,11200620,금호4가동,14142
2025,3,11200645,옥수동,25399
2025,3,11200650,성수1가1동,15394
2025,3,11200660,성수1가2동,11932
2025,3,11200670,성수2가1동,14544
2025,3,11200690,성수2가3동,10021
2025,3,11200720,송정동,9719
2025,3,11200790,용답동,11809
2025,3,11215710,화양동,24821
2025,3,11215730,군자동,19048
2025,3,11215740,중곡1동,15218
2025,3,11215750,중곡2동,20512
2025,3,11215760,중곡3동,15681
2025,3,11215770,중곡4동,27499
2025,3,11215780,능동,11053
2025,3,11215810,광장동,33964
2025,3,11215820,자양1동,21795
2025,3,11215830,자양2동,23591
2025,3,11215840,자양3동,27193
2025,3,11215847,자양4동,19815
2025,3,11215850,구의1동,21448
2025,3,11215860,구의2동,25468
2025,3,11215870,구의3동,27836
2025,3,11230536,용신동,38362
2025,3,11230545,제기동,22962
2025,3,11230560,전농1동,32107
2025,3,11230570,전농2동,17954
2025,3,11230600,답십리1동,27834
2025,3,11230610,답십리2동,27467
2025,3,11230650,장안1동,37191
2025,3,11230660,장안2동,32376
2025,3,11230705,청량리동,18688
2025,3,11230710,회기동,10313
2025,3,11230720,휘경1동,13580
2025,3,11230730,휘경2동,24158
2025,3,11230740,이문1동,17724
2025,3,11230750,이문2동,19385
2025,3,11260520,면목2동,23580
2025,3,11260540,면목4동,18121
2025,3,11260550,면목5동,14564
2025,3,11260565,면목본동,32648
2025,3,11260570,면목7동,21190
2025,3,11260575,면목3?8동,24375
2025,3,11260580,상봉1동,23195
2025,3,11260590,상봉2동,20258
2025,3,11260600,중화1동,18698
2025,3,11260610,중화2동,23768
2025,3,11260620,묵1동,33661
2025,3,11260630,묵2동,18004
2025,3,11260655,망우본동,36438
2025,3,11260660,망우3동,15615
2025,3,11260680,신내1동,37757
2025,3,11260690,신내2동,19675
2025,3,11290525,성북동,15875
2025,3,11290555,삼선동,22125
2025,3,11290575,동선동,14977
2025,3,11290580,돈암1동,14260
2025,3,11290590,돈암2동,23417
2025,3,11290600,안암동,14869
2025,3,11290610,보문동,16145
2025,3,11290620,정릉1동,17732
2025,3,11290630,정릉2동,22510
2025,3,11290640,정릉3동,14934
2025,3,11290650,정릉4동,24009
2025,3,11290660,길음1동,34792
2025,3,11290685,길음2동,21666
2025,3,11290705,종암동,37648
2025,3,11290715,월곡1동,25580
2025,3,11290725,월곡2동,18900
2025,3,11290760,장위1동,23354
2025,3,11290770,장위2동,13080
2025,3,11290780,장위3동,15519
2025,3,11290810,석관동,33768
2025,3,11305534,삼양동,22402
2025,3,11305535,미아동,20841
2025,3,11305545,송중동,28576
2025,3,11305555,송천동,24748
2025,3,11305575,삼각산동,30604
2025,3,11305595,번1동,17358
2025,3,11305603,번2동,14866
2025,3,11305608,번3동,16356
2025,3,11305615,수유1동,19842
2025,3,11305625,수유2동,20502
2025,3,11305635,수유3동,22988
2025,3,11305645,우이동,19766
2025,3,11305660,인수동,29069
2025,3,11320511,창1동,23774
2025,3,11320512,창2동,28172
2025,3,11320513,창3동,13163
2025,3,11320514,창4동,26168
2025,3,11320515,창5동,23884
2025,3,11320521,도봉1동,20030
2025,3,11320522,도봉2동,25990
2025,3,11320660,쌍문1동,20484
2025,3,11320670,쌍문2동,17905
2025,3,11320680,쌍문3동,16449
2025,3,11320681,쌍문4동,18061
2025,3,11320690,방학1동,27745
2025,3,11320700,방학2동,18535
2025,3,11320710,방학3동,26077
2025,3,11350560,월계1동,20526
2025,3,11350570,월계2동,25485
2025,3,11350580,월계3동,28721
2025,3,11350595,공릉1동,35959
2025,3,11350600,공릉2동,41435
2025,3,11350611,하계1동,26128
2025,3,11350612,하계2동,21306
2025,3,11350619,중계본동,23040
2025,3,11350621,중계1동,26318
2025,3,11350624,중계4동,19114
2025,3,11350625,중계2?3동,32502
2025,3,11350630,상계1동,36834
2025,3,11350640,상계2동,19105
2025,3,11350665,상계3?4동,27489
2025,3,11350670,상계5동,22979
2025,3,11350695,상계6?7동,31400
2025,3,11350700,상계8동,21848
2025,3,11350710,상계9동,19664
2025,3,11350720,상계10동,18184
2025,3,11380510,녹번동,36092
2025,3,11380520,불광1동,37509
2025,3,11380530,불광2동,26600
2025,3,11380551,갈현1동,14470
2025,3,11380552,갈현2동,27415
2025,3,11380560,구산동,31429
2025,3,11380570,대조동,27359
2025,3,11380580,응암1동,32659
2025,3,11380590,응암2동,27329
2025,3,11380600,응암3동,23429
2025,3,11380625,역촌동,43767
2025,3,11380631,신사1동,26462
2025,3,11380632,신사2동,18907
2025,3,11380640,증산동,18240
2025,3,11380650,수색동,20440
2025,3,11380690,진관동,54368
2025,3,11410520,천연동,16547
2025,3,11410555,북아현동,15401
2025,3,11410565,충현동,19682
2025,3,11410585,신촌동,20135
2025,3,11410615,연희동,33724
2025,3,11410620,홍제1동,24704
2025,3,11410640,홍제3동,17665
2025,3,11410655,홍제2동,13186
2025,3,11410660,홍은1동,22158
2025,3,11410685,홍은2동,28505
2025,3,11410690,남가좌1동,16699
2025,3,11410700,남가좌2동,29083
2025,3,11410710,북가좌1동,17563
2025,3,11410720,북가좌2동,30673
2025,3,11440555,아현동,28335
2025,3,11440565,공덕동,36426
2025,3,11440585,도화동,20443
2025,3,11440590,용강동,21098
2025,3,11440600,대흥동,14719
2025,3,11440610,염리동,16719
2025,3,11440630,신수동,22046
2025,3,11440655,서강동,24556
2025,3,11440660,서교동,24037
2025,3,11440680,합정동,16310
2025,3,11440690,망원1동,19151
2025,3,11440700,망원2동,17917
2025,3,11440710,연남동,14202
2025,3,11440720,성산1동,18543
2025,3,11440730,성산2동,38537
2025,3,11440740,상암동,29662
2025,3,11470510,목1동,30276
2025,3,11470520,목2동,28816
2025,3,11470530,목3동,21206
2025,3,11470540,목4동,24428
2025,3,11470550,목5동,40702
2025,3,11470560,신월1동,19365
2025,3,11470570,신월2동,20779
2025,3,11470580,신월3동,14261
2025,3,11470590,신월4동,17445
2025,3,11470600,신월5동,13979
2025,3,11470610,신월6동,13867
2025,3,11470611,신월7동,18588
2025,3,11470620,신정1동,19716
2025,3,11470630,신정2동,18773
2025,3,11470640,신정3동,49523
2025,3,11470650,신정4동,31687
2025,3,11470670,신정6동,23959
2025,3,11470680,신정7동,28275
2025,3,11500510,염창동,41250
2025,3,11500520,등촌1동,24933
2025,3,11500530,등촌2동,19312
2025,3,11500535,등촌3동,29390
2025,3,11500540,화곡1동,50743
2025,3,11500550,화곡2동,17041
2025,3,11500560,화곡3동,21093
2025,3,11500570,화곡4동,19720
2025,3,11500590,화곡본동,32956
2025,3,11500591,화곡6동,24357
2025,3,11500593,화곡8동,23468
2025,3,11500603,가양1동,33880
2025,3,11500604,가양2동,13460
2025,3,11500605,가양3동,14189
2025,3,11500611,발산1동,35643
2025,3,11500615,우장산동,43709
2025,3,11500620,공항동,29436
2025,3,11500630,방화1동,41828
2025,3,11500640,방화2동,22596
2025,3,11500641,방화3동,21991
2025,3,11530510,신도림동,35977
2025,3,11530520,구로1동,20519
2025,3,11530530,구로2동,22380
2025,3,11530540,구로3동,23287
2025,3,11530550,구로4동,18646
2025,3,11530560,구로5동,28952
2025,3,11530595,가리봉동,8713
2025,3,11530720,고척1동,26314
2025,3,11530730,고척2동,25749
2025,3,11530740,개봉1동,33122
2025,3,11530750,개봉2동,29724
2025,3,11530760,개봉3동,19544
2025,3,11530770,오류1동,22559
2025,3,11530780,오류2동,37281
2025,3,11530790,수궁동,22707
2025,3,11530800,항동,16335
2025,3,11545510,가산동,24622
2025,3,11545610,독산1동,45720
2025,3,11545620,독산2동,17737
2025,3,11545630,독산3동,23433
2025,3,11545640,독산4동,14511
2025,3,11545670,시흥1동,32115
2025,3,11545680,시흥2동,20564
2025,3,11545690,시흥3동,10153
2025,3,11545700,시흥4동,19366
2025,3,11545710,시흥5동,18167
2025,3,11560515,영등포본동,20784
2025,3,11560535,영등포동,29839
2025,3,11560540,여의동,33346
2025,3,11560550,당산1동,20951
2025,3,11560560,당산2동,36667
2025,3,11560585,도림동,17562
2025,3,11560605,문래동,32022
2025,3,11560610,양평1동,18114
2025,3,11560620,양평2동,22288
2025,3,11560630,신길1동,19314
2025,3,11560650,신길3동,15950
2025,3,11560660,신길4동,10315
2025,3,11560670,신길5동,9947
2025,3,11560680,신길6동,19493
2025,3,11560690,신길7동,19779
2025,3,11560700,대림1동,13711
2025,3,11560710,대림2동,11730
2025,3,11560720,대림3동,21488
2025,3,11590510,노량진1동,32005
2025,3,11590520,노량진2동,10181
2025,3,11590530,상도1동,44464
2025,3,11590540,상도2동,27084
2025,3,11590550,상도3동,23844
2025,3,11590560,상도4동,27609
2025,3,11590605,흑석동,29907
2025,3,11590620,사당1동,22415
2025,3,11590630,사당2동,27151
2025,3,11590640,사당3동,23686
2025,3,11590650,사당4동,13771
2025,3,11590651,사당5동,14118
2025,3,11590660,대방동,35620
2025,3,11590670,신대방1동,23282
2025,3,11590680,신대방2동,22684
2025,3,11620525,보라매동,23092
2025,3,11620545,청림동,14726
2025,3,11620565,성현동,28222
2025,3,11620575,행운동,28758
2025,3,11620585,낙성대동,17211
2025,3,11620595,청룡동,35627
2025,3,11620605,은천동,32359
2025,3,11620615,중앙동,15126
2025,3,11620625,인헌동,25385
2025,3,11620630,남현동,17668
2025,3,11620645,서원동,22908
2025,3,11620655,신원동,17484
2025,3,11620665,서림동,23319
2025,3,11620685,신사동,21969
2025,3,11620695,신림동,22622
2025,3,11620715,난향동,14726
2025,3,11620725,조원동,19598
2025,3,11620735,대학동,24237
2025,3,11620745,삼성동,19970
2025,3,11620765,미성동,29526
2025,3,11620775,난곡동,25257
2025,3,11650510,서초1동,20154
2025,3,11650520,서초2동,24636
2025,3,11650530,서초3동,31862
2025,3,11650531,서초4동,30281
2025,3,11650540,잠원동,26800
2025,3,11650550,반포본동,117
2025,3,11650560,반포1동,33740
2025,3,11650570,반포2동,23322
2025,3,11650580,반포3동,23761
2025,3,11650581,반포4동,18474
2025,3,11650590,방배본동,20401
2025,3,11650600,방배1동,16479
2025,3,11650610,방배2동,18010
2025,3,11650620,방배3동,15757
2025,3,11650621,방배4동,22754
2025,3,11650651,양재1동,41970
2025,3,11650652,양재2동,21157
2025,3,11650660,내곡동,17000
2025,3,11680510,신사동,15436
2025,3,11680521,논현1동,20996
2025,3,11680531,논현2동,20369
2025,3,11680545,압구정동,26119
2025,3,11680565,청담동,24535
2025,3,11680580,삼성1동,12134
2025,3,11680590,삼성2동,30579
2025,3,11680600,대치1동,23878
2025,3,11680610,대치2동,38212
2025,3,11680630,대치4동,18614
2025,3,11680640,역삼1동,34082
2025,3,11680650,역삼2동,36348
2025,3,11680655,도곡1동,20005
2025,3,11680656,도곡2동,32648
2025,3,11680660,개포1동,6765
2025,3,11680670,개포2동,41708
2025,3,11680690,개포4동,23151
2025,3,11680700,세곡동,45513
2025,3,11680720,일원본동,22796
2025,3,11680730,일원1동,14550
2025,3,11680740,일원2동,16833
2025,3,11680750,수서동,14026
2025,3,11710510,풍납1동,11750
2025,3,11710520,풍납2동,23552
2025,3,11710531,거여1동,12011
2025,3,11710532,거여2동,23596
2025,3,11710540,마천1동,17982
2025,3,11710550,마천2동,17575
2025,3,11710561,방이1동,15091
2025,3,11710562,방이2동,26094
2025,3,11710566,오륜동,17799
2025,3,11710570,오금동,37341
2025,3,11710580,송파1동,23353
2025,3,11710590,송파2동,18476
2025,3,11710600,석촌동,30682
2025,3,11710610,삼전동,29062
2025,3,11710620,가락본동,25171
2025,3,11710631,가락1동,27469
2025,3,11710632,가락2동,31181
2025,3,11710641,문정1동,19502
2025,3,11710642,문정2동,28782
2025,3,11710646,장지동,28473
2025,3,11710647,위례동,44857
2025,3,11710650,잠실본동,27731
2025,3,11710670,잠실2동,34909
2025,3,11710680,잠실3동,33805
2025,3,11710690,잠실4동,21192
2025,3,11710710,잠실6동,16514
2025,3,11710720,잠실7동,9419
2025,3,11740515,강일동,44257
2025,3,11740520,상일동,39307
2025,3,11740530,명일1동,25279
2025,3,11740540,명일2동,17034
2025,3,11740550,고덕1동,23932
2025,3,11740560,고덕2동,22684
2025,3,11740570,암사1동,33825
2025,3,11740580,암사2동,14825
2025,3,11740590,암사3동,17136
2025,3,11740600,천호1동,25942
2025,3,11740610,천호2동,32694
2025,3,11740620,천호3동,25969
2025,3,11740640,성내1동,19392
2025,3,11740650,성내2동,23452
2025,3,11740660,성내3동,22433
2025,3,11740685,길동,44395
2025,3,11740690,둔촌1동,16
2025,3,11740700,둔촌2동,24228
