연도,분기,행정동_코드,행정동_코드_명,총_직장_인구_수
2020,1,11710631,가락1동,5894
2020,1,11710632,가락2동,6848
2020,1,11710620,가락본동,25135
2020,1,11530595,가리봉동,899
2020,1,11545510,가산동,83042
2020,1,11500603,가양1동,1410
2020,1,11500605,가양3동,245
2020,1,11110600,가회동,11063
2020,1,11380551,갈현1동,2296
2020,1,11380552,갈현2동,2994
2020,1,11740515,강일동,125
2020,1,11530740,개봉1동,2776
2020,1,11530750,개봉2동,5442
2020,1,11530760,개봉3동,1537
2020,1,11680660,개포1동,2438
2020,1,11680670,개포2동,5146
2020,1,11680690,개포4동,8263
2020,1,11710531,거여1동,2854
2020,1,11710532,거여2동,1310
2020,1,11740550,고덕1동,1016
2020,1,11740560,고덕2동,1088
2020,1,11530720,고척1동,2691
2020,1,11530730,고척2동,1771
2020,1,11440565,공덕동,9194
2020,1,11350595,공릉1동,4836
2020,1,11350600,공릉2동,820
2020,1,11500620,공항동,5401
2020,1,11215810,광장동,5066
2020,1,11140590,광희동,55742
2020,1,11110580,교남동,713
2020,1,11530530,구로2동,11964
2020,1,11530540,구로3동,51508
2020,1,11530550,구로4동,1713
2020,1,11530560,구로5동,12772
2020,1,11380560,구산동,1608
2020,1,11215850,구의1동,3413
2020,1,11215860,구의2동,2134
2020,1,11215870,구의3동,9125
2020,1,11215730,군자동,1356
2020,1,11200590,금호1가동,1349
2020,1,11200615,금호2?3가동,447
2020,1,11200620,금호4가동,691
2020,1,11740685,길동,8576
2020,1,11290660,길음1동,3041
2020,1,11290685,길음2동,453
2020,1,11620585,낙성대동,5211
2020,1,11620775,난곡동,991
2020,1,11620715,난향동,544
2020,1,11410690,남가좌1동,951
2020,1,11410700,남가좌2동,1164
2020,1,11170530,남영동,16176
2020,1,11620630,남현동,3384
2020,1,11650660,내곡동,1650
2020,1,11590510,노량진1동,4261
2020,1,11590520,노량진2동,4451
2020,1,11380510,녹번동,2744
2020,1,11680521,논현1동,40704
2020,1,11680531,논현2동,51265
2020,1,11215780,능동,1369
2020,1,11140625,다산동,6255
2020,1,11230600,답십리1동,2044
2020,1,11230610,답십리2동,2483
2020,1,11560550,당산1동,6754
2020,1,11560560,당산2동,11843
2020,1,11560700,대림1동,1494
2020,1,11560710,대림2동,3767
2020,1,11560720,대림3동,4922
2020,1,11590660,대방동,7997
2020,1,11380570,대조동,2231
2020,1,11680600,대치1동,16783
2020,1,11680610,대치2동,85188
2020,1,11680630,대치4동,33175
2020,1,11620735,대학동,939
2020,1,11440600,대흥동,3225
2020,1,11680655,도곡1동,31446
2020,1,11680656,도곡2동,88264
2020,1,11560585,도림동,706
2020,1,11320521,도봉1동,1718
2020,1,11320522,도봉2동,748
2020,1,11440585,도화동,12438
2020,1,11545610,독산1동,11846
2020,1,11545620,독산2동,1367
2020,1,11545630,독산3동,3618
2020,1,11545640,독산4동,1482
2020,1,11290580,돈암1동,103
2020,1,11290590,돈암2동,431
2020,1,11290575,동선동,2112
2020,1,11140665,동화동,1183
2020,1,11740700,둔촌2동,2842
2020,1,11500520,등촌1동,5201
2020,1,11500530,등촌2동,2566
2020,1,11500535,등촌3동,13486
2020,1,11200540,마장동,6773
2020,1,11710540,마천1동,622
2020,1,11710550,마천2동,1635
2020,1,11260660,망우3동,423
2020,1,11260655,망우본동,1589
2020,1,11440690,망원1동,2980
2020,1,11440700,망원2동,4621
2020,1,11260520,면목2동,1066
2020,1,11260575,면목3?8동,1713
2020,1,11260540,면목4동,769
2020,1,11260550,면목5동,991
2020,1,11260570,면목7동,946
2020,1,11260565,면목본동,1335
2020,1,11140550,명동,123928
2020,1,11740530,명일1동,3780
2020,1,11740540,명일2동,2521
2020,1,11470510,목1동,13488
2020,1,11470520,목2동,2860
2020,1,11470530,목3동,1685
2020,1,11470540,목4동,2011
2020,1,11470550,목5동,15306
2020,1,11110570,무악동,451
2020,1,11260620,묵1동,912
2020,1,11260630,묵2동,1390
2020,1,11560605,문래동,57767
2020,1,11710641,문정1동,31693
2020,1,11710642,문정2동,30105
2020,1,11620765,미성동,3064
2020,1,11305535,미아동,1214
2020,1,11650560,반포1동,6436
2020,1,11650570,반포2동,1948
2020,1,11650580,반포3동,3165
2020,1,11650581,반포4동,58955
2020,1,11650550,반포본동,11263
2020,1,11500611,발산1동,2302
2020,1,11650600,방배1동,18441
2020,1,11650610,방배2동,12555
2020,1,11650620,방배3동,14532
2020,1,11650621,방배4동,15638
2020,1,11650590,방배본동,22144
2020,1,11710561,방이1동,8614
2020,1,11710562,방이2동,40875
2020,1,11320690,방학1동,3094
2020,1,11320700,방학2동,810
2020,1,11320710,방학3동,1081
2020,1,11500630,방화1동,4187
2020,1,11500640,방화2동,2319
2020,1,11500641,방화3동,2527
2020,1,11305595,번1동,2250
2020,1,11305603,번2동,337
2020,1,11305608,번3동,207
2020,1,11170700,보광동,565
2020,1,11620525,보라매동,1634
2020,1,11290610,보문동,3276
2020,1,11110550,부암동,1514
2020,1,11410710,북가좌1동,422
2020,1,11410720,북가좌2동,1307
2020,1,11410555,북아현동,1204
2020,1,11380520,불광1동,2010
2020,1,11380530,불광2동,2110
2020,1,11200550,사근동,409
2020,1,11590620,사당1동,3764
2020,1,11590630,사당2동,1976
2020,1,11590640,사당3동,919
2020,1,11590650,사당4동,1255
2020,1,11590651,사당5동,1460
2020,1,11110530,사직동,44477
2020,1,11305575,삼각산동,335
2020,1,11290555,삼선동,4636
2020,1,11680580,삼성1동,159167
2020,1,11680590,삼성2동,58014
2020,1,11620745,삼성동,879
2020,1,11305534,삼양동,462
2020,1,11710610,삼전동,4176
2020,1,11110540,삼청동,3911
2020,1,11350720,상계10동,344
2020,1,11350630,상계1동,3699
2020,1,11350640,상계2동,2183
2020,1,11350665,상계3?4동,652
2020,1,11350670,상계5동,1190
2020,1,11350695,상계6?7동,3980
2020,1,11350700,상계8동,448
2020,1,11350710,상계9동,1010
2020,1,11590530,상도1동,3561
2020,1,11590540,상도2동,992
2020,1,11590550,상도3동,887
2020,1,11590560,상도4동,1118
2020,1,11260580,상봉1동,1704
2020,1,11260590,상봉2동,4761
2020,1,11440740,상암동,11981
2020,1,11740520,상일동,1247
2020,1,11440655,서강동,3646
2020,1,11440660,서교동,26294
2020,1,11620665,서림동,1454
2020,1,11170690,서빙고동,7218
2020,1,11620645,서원동,2333
2020,1,11650510,서초1동,41803
2020,1,11650520,서초2동,58613
2020,1,11650530,서초3동,58156
2020,1,11650531,서초4동,34217
2020,1,11290810,석관동,2897
2020,1,11710600,석촌동,9563
2020,1,11740640,성내1동,13172
2020,1,11740650,성내2동,2007
2020,1,11740660,성내3동,4156
2020,1,11290525,성북동,15551
2020,1,11440720,성산1동,4650
2020,1,11440730,성산2동,1375
2020,1,11200650,성수1가1동,2148
2020,1,11200660,성수1가2동,5342
2020,1,11200670,성수2가1동,7914
2020,1,11200690,성수2가3동,22685
2020,1,11620565,성현동,1543
2020,1,11680700,세곡동,471
2020,1,11140520,소공동,94203
2020,1,11200720,송정동,878
2020,1,11305545,송중동,1450
2020,1,11305555,송천동,926
2020,1,11710580,송파1동,9040
2020,1,11710590,송파2동,5656
2020,1,11530790,수궁동,1792
2020,1,11380650,수색동,242
2020,1,11680750,수서동,15479
2020,1,11305615,수유1동,1218
2020,1,11305625,수유2동,1248
2020,1,11305635,수유3동,3045
2020,1,11110700,숭인1동,307
2020,1,11110710,숭인2동,1662
2020,1,11545670,시흥1동,4261
2020,1,11545680,시흥2동,748
2020,1,11545690,시흥3동,1739
2020,1,11545700,시흥4동,1232
2020,1,11545710,시흥5동,1359
2020,1,11560630,신길1동,2688
2020,1,11560650,신길3동,622
2020,1,11560660,신길4동,593
2020,1,11560670,신길5동,793
2020,1,11560680,신길6동,1813
2020,1,11560690,신길7동,2410
2020,1,11260680,신내1동,1973
2020,1,11260690,신내2동,464
2020,1,11140650,신당5동,768
2020,1,11140615,신당동,5611
2020,1,11590670,신대방1동,3893
2020,1,11590680,신대방2동,12684
2020,1,11530510,신도림동,9462
2020,1,11620695,신림동,1706
2020,1,11380631,신사1동,1161
2020,1,11380632,신사2동,1019
2020,1,11680510,신사동,26882
2020,1,11620685,신사동,3698
2020,1,11440630,신수동,2488
2020,1,11620655,신원동,628
2020,1,11470560,신월1동,2132
2020,1,11470570,신월2동,1814
2020,1,11470580,신월3동,1121
2020,1,11470590,신월4동,1289
2020,1,11470600,신월5동,1632
2020,1,11470610,신월6동,811
2020,1,11470611,신월7동,2779
2020,1,11470620,신정1동,7889
2020,1,11470630,신정2동,11584
2020,1,11470640,신정3동,2687
2020,1,11470650,신정4동,5283
2020,1,11470680,신정7동,405
2020,1,11410585,신촌동,2172
2020,1,11320660,쌍문1동,812
2020,1,11320670,쌍문2동,998
2020,1,11320680,쌍문3동,1107
2020,1,11320681,쌍문4동,160
2020,1,11440555,아현동,5728
2020,1,11290600,안암동,1991
2020,1,11740570,암사1동,2792
2020,1,11740580,암사2동,1930
2020,1,11680545,압구정동,40822
2020,1,11140635,약수동,10940
2020,1,11650651,양재1동,25511
2020,1,11650652,양재2동,30435
2020,1,11560610,양평1동,8907
2020,1,11560620,양평2동,12582
2020,1,11560540,여의동,192384
2020,1,11680640,역삼1동,168845
2020,1,11680650,역삼2동,48392
2020,1,11380625,역촌동,3262
2020,1,11440710,연남동,2839
2020,1,11410615,연희동,8633
2020,1,11440610,염리동,1979
2020,1,11500510,염창동,2992
2020,1,11560535,영등포동,13344
2020,1,11560515,영등포본동,4029
2020,1,11710570,오금동,22928
2020,1,11530770,오류1동,3354
2020,1,11530780,오류2동,695
2020,1,11710566,오륜동,13441
2020,1,11200645,옥수동,1764
2020,1,11200520,왕십리2동,1070
2020,1,11200535,왕십리도선동,3787
2020,1,11440590,용강동,10604
2020,1,11200790,용답동,2792
2020,1,11170590,용문동,2388
2020,1,11170520,용산2가동,583
2020,1,11230536,용신동,19195
2020,1,11305645,우이동,1638
2020,1,11500615,우장산동,3447
2020,1,11170560,원효로1동,2742
2020,1,11170570,원효로2동,2765
2020,1,11350560,월계1동,1344
2020,1,11350570,월계2동,163
2020,1,11350580,월계3동,190
2020,1,11290715,월곡1동,1385
2020,1,11290725,월곡2동,2501
2020,1,11620605,은천동,1054
2020,1,11140605,을지로동,15882
2020,1,11200580,응봉동,583
2020,1,11380580,응암1동,2343
2020,1,11380590,응암2동,435
2020,1,11380600,응암3동,1607
2020,1,11230740,이문1동,1134
2020,1,11230750,이문2동,200
2020,1,11170630,이촌1동,5274
2020,1,11170640,이촌2동,1547
2020,1,11170650,이태원1동,22194
2020,1,11170660,이태원2동,1112
2020,1,11110640,이화동,1569
2020,1,11305660,인수동,3004
2020,1,11620625,인헌동,1416
2020,1,11680730,일원1동,1708
2020,1,11215820,자양1동,8810
2020,1,11215830,자양2동,2177
2020,1,11215840,자양3동,2008
2020,1,11215847,자양4동,849
2020,1,11710670,잠실2동,3796
2020,1,11710680,잠실3동,33924
2020,1,11710690,잠실4동,3061
2020,1,11710710,잠실6동,51676
2020,1,11710650,잠실본동,9082
2020,1,11650540,잠원동,13663
2020,1,11230650,장안1동,9958
2020,1,11230660,장안2동,5242
2020,1,11290760,장위1동,505
2020,1,11290770,장위2동,770
2020,1,11290780,장위3동,189
2020,1,11710646,장지동,5460
2020,1,11140580,장충동,7351
2020,1,11230560,전농1동,1128
2020,1,11230570,전농2동,1183
2020,1,11290620,정릉1동,751
2020,1,11290630,정릉2동,1097
2020,1,11290640,정릉3동,427
2020,1,11290650,정릉4동,1116
2020,1,11230545,제기동,4848
2020,1,11620725,조원동,2959
2020,1,11110615,종로1?2?3?4가동,116875
2020,1,11110630,종로5?6가동,22052
2020,1,11290705,종암동,15832
2020,1,11350621,중계1동,982
2020,1,11350625,중계2?3동,1438
2020,1,11350624,중계4동,1169
2020,1,11350619,중계본동,921
2020,1,11215740,중곡1동,4120
2020,1,11215750,중곡2동,2261
2020,1,11215760,중곡3동,860
2020,1,11215770,중곡4동,3137
2020,1,11140680,중림동,3099
2020,1,11620615,중앙동,1225
2020,1,11260600,중화1동,1187
2020,1,11260610,중화2동,864
2020,1,11380640,증산동,2105
2020,1,11380690,진관동,767
2020,1,11320511,창1동,837
2020,1,11320512,창2동,1231
2020,1,11320513,창3동,624
2020,1,11320514,창4동,1594
2020,1,11320515,창5동,5200
2020,1,11110670,창신1동,2120
2020,1,11110680,창신2동,243
2020,1,11110690,창신3동,99
2020,1,11410520,천연동,1096
2020,1,11740600,천호1동,1929
2020,1,11740610,천호2동,3320
2020,1,11740620,천호3동,1366
2020,1,11140645,청구동,1894
2020,1,11680565,청담동,54591
2020,1,11230705,청량리동,2822
2020,1,11620595,청룡동,3302
2020,1,11620545,청림동,444
2020,1,11110515,청운효자동,6476
2020,1,11170555,청파동,3050
2020,1,11410565,충현동,11021
2020,1,11110560,평창동,12926
2020,1,11710510,풍납1동,716
2020,1,11710520,풍납2동,531
2020,1,11140570,필동,11974
2020,1,11350611,하계1동,554
2020,1,11170625,한강로동,42930
2020,1,11170685,한남동,35228
2020,1,11440680,합정동,5349
2020,1,11200560,행당1동,1608
2020,1,11200570,행당2동,9
2020,1,11620575,행운동,1996
2020,1,11110650,혜화동,4395
2020,1,11410660,홍은1동,2623
2020,1,11410685,홍은2동,1454
2020,1,11410620,홍제1동,1698
2020,1,11410655,홍제2동,361
2020,1,11410640,홍제3동,875
2020,1,11500540,화곡1동,4483
2020,1,11500550,화곡2동,1437
2020,1,11500560,화곡3동,3751
2020,1,11500570,화곡4동,2206
2020,1,11500591,화곡6동,7410
2020,1,11500593,화곡8동,1848
2020,1,11500590,화곡본동,2282
2020,1,11215710,화양동,1335
2020,1,11140670,황학동,774
2020,1,11230710,회기동,179
2020,1,11140540,회현동,74892
2020,1,11170580,효창동,1251
2020,1,11170510,후암동,1640
2020,1,11230720,휘경1동,902
2020,1,11230730,휘경2동,1380
2020,1,11590605,흑석동,217
2020,2,11710631,가락1동,5894
2020,2,11710632,가락2동,6848
2020,2,11710620,가락본동,25135
2020,2,11530595,가리봉동,899
2020,2,11545510,가산동,83042
2020,2,11500603,가양1동,1410
2020,2,11500605,가양3동,245
2020,2,11110600,가회동,11063
2020,2,11380551,갈현1동,2296
2020,2,11380552,갈현2동,2994
2020,2,11740515,강일동,125
2020,2,11530740,개봉1동,2776
2020,2,11530750,개봉2동,5442
2020,2,11530760,개봉3동,1537
2020,2,11680660,개포1동,2438
2020,2,11680670,개포2동,5146
2020,2,11680690,개포4동,8263
2020,2,11710531,거여1동,2854
2020,2,11710532,거여2동,1310
2020,2,11740550,고덕1동,1016
2020,2,11740560,고덕2동,1088
2020,2,11530720,고척1동,2691
2020,2,11530730,고척2동,1771
2020,2,11440565,공덕동,9194
2020,2,11350595,공릉1동,4836
2020,2,11350600,공릉2동,820
2020,2,11500620,공항동,5401
2020,2,11215810,광장동,5066
2020,2,11140590,광희동,55742
2020,2,11110580,교남동,713
2020,2,11530530,구로2동,11964
2020,2,11530540,구로3동,51508
2020,2,11530550,구로4동,1713
2020,2,11530560,구로5동,12772
2020,2,11380560,구산동,1608
2020,2,11215850,구의1동,3413
2020,2,11215860,구의2동,2134
2020,2,11215870,구의3동,9125
2020,2,11215730,군자동,1356
2020,2,11200590,금호1가동,1349
2020,2,11200615,금호2?3가동,447
2020,2,11200620,금호4가동,691
2020,2,11740685,길동,8576
2020,2,11290660,길음1동,3041
2020,2,11290685,길음2동,453
2020,2,11620585,낙성대동,5211
2020,2,11620775,난곡동,991
2020,2,11620715,난향동,544
2020,2,11410690,남가좌1동,951
2020,2,11410700,남가좌2동,1164
2020,2,11170530,남영동,16176
2020,2,11620630,남현동,3384
2020,2,11650660,내곡동,1650
2020,2,11590510,노량진1동,4261
2020,2,11590520,노량진2동,4451
2020,2,11380510,녹번동,2744
2020,2,11680521,논현1동,40704
2020,2,11680531,논현2동,51265
2020,2,11215780,능동,1369
2020,2,11140625,다산동,6255
2020,2,11230600,답십리1동,2044
2020,2,11230610,답십리2동,2483
2020,2,11560550,당산1동,6754
2020,2,11560560,당산2동,11843
2020,2,11560700,대림1동,1494
2020,2,11560710,대림2동,3767
2020,2,11560720,대림3동,4922
2020,2,11590660,대방동,7997
2020,2,11380570,대조동,2231
2020,2,11680600,대치1동,16783
2020,2,11680610,대치2동,85188
2020,2,11680630,대치4동,33175
2020,2,11620735,대학동,939
2020,2,11440600,대흥동,3225
2020,2,11680655,도곡1동,31446
2020,2,11680656,도곡2동,88264
2020,2,11560585,도림동,706
2020,2,11320521,도봉1동,1718
2020,2,11320522,도봉2동,748
2020,2,11440585,도화동,12438
2020,2,11545610,독산1동,11846
2020,2,11545620,독산2동,1367
2020,2,11545630,독산3동,3618
2020,2,11545640,독산4동,1482
2020,2,11290580,돈암1동,103
2020,2,11290590,돈암2동,431
2020,2,11290575,동선동,2112
2020,2,11140665,동화동,1183
2020,2,11740700,둔촌2동,2842
2020,2,11500520,등촌1동,5201
2020,2,11500530,등촌2동,2566
2020,2,11500535,등촌3동,13486
2020,2,11200540,마장동,6773
2020,2,11710540,마천1동,622
2020,2,11710550,마천2동,1635
2020,2,11260660,망우3동,423
2020,2,11260655,망우본동,1589
2020,2,11440690,망원1동,2980
2020,2,11440700,망원2동,4621
2020,2,11260520,면목2동,1066
2020,2,11260575,면목3?8동,1713
2020,2,11260540,면목4동,769
2020,2,11260550,면목5동,991
2020,2,11260570,면목7동,946
2020,2,11260565,면목본동,1335
2020,2,11140550,명동,123928
2020,2,11740530,명일1동,3780
2020,2,11740540,명일2동,2521
2020,2,11470510,목1동,13488
2020,2,11470520,목2동,2860
2020,2,11470530,목3동,1685
2020,2,11470540,목4동,2011
2020,2,11470550,목5동,15306
2020,2,11110570,무악동,451
2020,2,11260620,묵1동,912
2020,2,11260630,묵2동,1390
2020,2,11560605,문래동,57767
2020,2,11710641,문정1동,31693
2020,2,11710642,문정2동,30105
2020,2,11620765,미성동,3064
2020,2,11305535,미아동,1214
2020,2,11650560,반포1동,6436
2020,2,11650570,반포2동,1948
2020,2,11650580,반포3동,3165
2020,2,11650581,반포4동,58955
2020,2,11650550,반포본동,11263
2020,2,11500611,발산1동,2302
2020,2,11650600,방배1동,18441
2020,2,11650610,방배2동,12555
2020,2,11650620,방배3동,14532
2020,2,11650621,방배4동,15638
2020,2,11650590,방배본동,22144
2020,2,11710561,방이1동,8614
2020,2,11710562,방이2동,40875
2020,2,11320690,방학1동,3094
2020,2,11320700,방학2동,810
2020,2,11320710,방학3동,1081
2020,2,11500630,방화1동,4187
2020,2,11500640,방화2동,2319
2020,2,11500641,방화3동,2527
2020,2,11305595,번1동,2250
2020,2,11305603,번2동,337
2020,2,11305608,번3동,207
2020,2,11170700,보광동,565
2020,2,11620525,보라매동,1634
2020,2,11290610,보문동,3276
2020,2,11110550,부암동,1514
2020,2,11410710,북가좌1동,422
2020,2,11410720,북가좌2동,1307
2020,2,11410555,북아현동,1204
2020,2,11380520,불광1동,2010
2020,2,11380530,불광2동,2110
2020,2,11200550,사근동,409
2020,2,11590620,사당1동,3764
2020,2,11590630,사당2동,1976
2020,2,11590640,사당3동,919
2020,2,11590650,사당4동,1255
2020,2,11590651,사당5동,1460
2020,2,11110530,사직동,44477
2020,2,11305575,삼각산동,335
2020,2,11290555,삼선동,4636
2020,2,11680580,삼성1동,159167
2020,2,11680590,삼성2동,58014
2020,2,11620745,삼성동,879
2020,2,11305534,삼양동,462
2020,2,11710610,삼전동,4176
2020,2,11110540,삼청동,3911
2020,2,11350720,상계10동,344
2020,2,11350630,상계1동,3699
2020,2,11350640,상계2동,2183
2020,2,11350665,상계3?4동,652
2020,2,11350670,상계5동,1190
2020,2,11350695,상계6?7동,3980
2020,2,11350700,상계8동,448
2020,2,11350710,상계9동,1010
2020,2,11590530,상도1동,3561
2020,2,11590540,상도2동,992
2020,2,11590550,상도3동,887
2020,2,11590560,상도4동,1118
2020,2,11260580,상봉1동,1704
2020,2,11260590,상봉2동,4761
2020,2,11440740,상암동,11981
2020,2,11740520,상일동,1247
2020,2,11440655,서강동,3646
2020,2,11440660,서교동,26294
2020,2,11620665,서림동,1454
2020,2,11170690,서빙고동,7218
2020,2,11620645,서원동,2333
2020,2,11650510,서초1동,41803
2020,2,11650520,서초2동,58613
2020,2,11650530,서초3동,58156
2020,2,11650531,서초4동,34217
2020,2,11290810,석관동,2897
2020,2,11710600,석촌동,9563
2020,2,11740640,성내1동,13172
2020,2,11740650,성내2동,2007
2020,2,11740660,성내3동,4156
2020,2,11290525,성북동,15551
2020,2,11440720,성산1동,4650
2020,2,11440730,성산2동,1375
2020,2,11200650,성수1가1동,2148
2020,2,11200660,성수1가2동,5342
2020,2,11200670,성수2가1동,7914
2020,2,11200690,성수2가3동,22685
2020,2,11620565,성현동,1543
2020,2,11680700,세곡동,471
2020,2,11140520,소공동,94203
2020,2,11200720,송정동,878
2020,2,11305545,송중동,1450
2020,2,11305555,송천동,926
2020,2,11710580,송파1동,9040
2020,2,11710590,송파2동,5656
2020,2,11530790,수궁동,1792
2020,2,11380650,수색동,242
2020,2,11680750,수서동,15479
2020,2,11305615,수유1동,1218
2020,2,11305625,수유2동,1248
2020,2,11305635,수유3동,3045
2020,2,11110700,숭인1동,307
2020,2,11110710,숭인2동,1662
2020,2,11545670,시흥1동,4261
2020,2,11545680,시흥2동,748
2020,2,11545690,시흥3동,1739
2020,2,11545700,시흥4동,1232
2020,2,11545710,시흥5동,1359
2020,2,11560630,신길1동,2688
2020,2,11560650,신길3동,622
2020,2,11560660,신길4동,593
2020,2,11560670,신길5동,793
2020,2,11560680,신길6동,1813
2020,2,11560690,신길7동,2410
2020,2,11260680,신내1동,1973
2020,2,11260690,신내2동,464
2020,2,11140650,신당5동,768
2020,2,11140615,신당동,5611
2020,2,11590670,신대방1동,3893
2020,2,11590680,신대방2동,12684
2020,2,11530510,신도림동,9462
2020,2,11620695,신림동,1706
2020,2,11380631,신사1동,1161
2020,2,11380632,신사2동,1019
2020,2,11680510,신사동,26882
2020,2,11620685,신사동,3698
2020,2,11440630,신수동,2488
2020,2,11620655,신원동,628
2020,2,11470560,신월1동,2132
2020,2,11470570,신월2동,1814
2020,2,11470580,신월3동,1121
2020,2,11470590,신월4동,1289
2020,2,11470600,신월5동,1632
2020,2,11470610,신월6동,811
2020,2,11470611,신월7동,2779
2020,2,11470620,신정1동,7889
2020,2,11470630,신정2동,11584
2020,2,11470640,신정3동,2687
2020,2,11470650,신정4동,5283
2020,2,11470680,신정7동,405
2020,2,11410585,신촌동,2172
2020,2,11320660,쌍문1동,812
2020,2,11320670,쌍문2동,998
2020,2,11320680,쌍문3동,1107
2020,2,11320681,쌍문4동,160
2020,2,11440555,아현동,5728
2020,2,11290600,안암동,1991
2020,2,11740570,암사1동,2792
2020,2,11740580,암사2동,1930
2020,2,11680545,압구정동,40822
2020,2,11140635,약수동,10940
2020,2,11650651,양재1동,25511
2020,2,11650652,양재2동,30435
2020,2,11560610,양평1동,8907
2020,2,11560620,양평2동,12582
2020,2,11560540,여의동,192384
2020,2,11680640,역삼1동,168845
2020,2,11680650,역삼2동,48392
2020,2,11380625,역촌동,3262
2020,2,11440710,연남동,2839
2020,2,11410615,연희동,8633
2020,2,11440610,염리동,1979
2020,2,11500510,염창동,2992
2020,2,11560535,영등포동,13344
2020,2,11560515,영등포본동,4029
2020,2,11710570,오금동,22928
2020,2,11530770,오류1동,3354
2020,2,11530780,오류2동,695
2020,2,11710566,오륜동,13441
2020,2,11200645,옥수동,1764
2020,2,11200520,왕십리2동,1070
2020,2,11200535,왕십리도선동,3787
2020,2,11440590,용강동,10604
2020,2,11200790,용답동,2792
2020,2,11170590,용문동,2388
2020,2,11170520,용산2가동,583
2020,2,11230536,용신동,19195
2020,2,11305645,우이동,1638
2020,2,11500615,우장산동,3447
2020,2,11170560,원효로1동,2742
2020,2,11170570,원효로2동,2765
2020,2,11350560,월계1동,1344
2020,2,11350570,월계2동,163
2020,2,11350580,월계3동,190
2020,2,11290715,월곡1동,1385
2020,2,11290725,월곡2동,2501
2020,2,11620605,은천동,1054
2020,2,11140605,을지로동,15882
2020,2,11200580,응봉동,583
2020,2,11380580,응암1동,2343
2020,2,11380590,응암2동,435
2020,2,11380600,응암3동,1607
2020,2,11230740,이문1동,1134
2020,2,11230750,이문2동,200
2020,2,11170630,이촌1동,5274
2020,2,11170640,이촌2동,1547
2020,2,11170650,이태원1동,22194
2020,2,11170660,이태원2동,1112
2020,2,11110640,이화동,1569
2020,2,11305660,인수동,3004
2020,2,11620625,인헌동,1416
2020,2,11680730,일원1동,1708
2020,2,11215820,자양1동,8810
2020,2,11215830,자양2동,2177
2020,2,11215840,자양3동,2008
2020,2,11215847,자양4동,849
2020,2,11710670,잠실2동,3796
2020,2,11710680,잠실3동,33924
2020,2,11710690,잠실4동,3061
2020,2,11710710,잠실6동,51676
2020,2,11710650,잠실본동,9082
2020,2,11650540,잠원동,13663
2020,2,11230650,장안1동,9958
2020,2,11230660,장안2동,5242
2020,2,11290760,장위1동,505
2020,2,11290770,장위2동,770
2020,2,11290780,장위3동,189
2020,2,11710646,장지동,5460
2020,2,11140580,장충동,7351
2020,2,11230560,전농1동,1128
2020,2,11230570,전농2동,1183
2020,2,11290620,정릉1동,751
2020,2,11290630,정릉2동,1097
2020,2,11290640,정릉3동,427
2020,2,11290650,정릉4동,1116
2020,2,11230545,제기동,4848
2020,2,11620725,조원동,2959
2020,2,11110615,종로1?2?3?4가동,116875
2020,2,11110630,종로5?6가동,22052
2020,2,11290705,종암동,15832
2020,2,11350621,중계1동,982
2020,2,11350625,중계2?3동,1438
2020,2,11350624,중계4동,1169
2020,2,11350619,중계본동,921
2020,2,11215740,중곡1동,4120
2020,2,11215750,중곡2동,2261
2020,2,11215760,중곡3동,860
2020,2,11215770,중곡4동,3137
2020,2,11140680,중림동,3099
2020,2,11620615,중앙동,1225
2020,2,11260600,중화1동,1187
2020,2,11260610,중화2동,864
2020,2,11380640,증산동,2105
2020,2,11380690,진관동,767
2020,2,11320511,창1동,837
2020,2,11320512,창2동,1231
2020,2,11320513,창3동,624
2020,2,11320514,창4동,1594
2020,2,11320515,창5동,5200
2020,2,11110670,창신1동,2120
2020,2,11110680,창신2동,243
2020,2,11110690,창신3동,99
2020,2,11410520,천연동,1096
2020,2,11740600,천호1동,1929
2020,2,11740610,천호2동,3320
2020,2,11740620,천호3동,1366
2020,2,11140645,청구동,1894
2020,2,11680565,청담동,54591
2020,2,11230705,청량리동,2822
2020,2,11620595,청룡동,3302
2020,2,11620545,청림동,444
2020,2,11110515,청운효자동,6476
2020,2,11170555,청파동,3050
2020,2,11410565,충현동,11021
2020,2,11110560,평창동,12926
2020,2,11710510,풍납1동,716
2020,2,11710520,풍납2동,531
2020,2,11140570,필동,11974
2020,2,11350611,하계1동,554
2020,2,11170625,한강로동,42930
2020,2,11170685,한남동,35228
2020,2,11440680,합정동,5349
2020,2,11200560,행당1동,1608
2020,2,11200570,행당2동,9
2020,2,11620575,행운동,1996
2020,2,11110650,혜화동,4395
2020,2,11410660,홍은1동,2623
2020,2,11410685,홍은2동,1454
2020,2,11410620,홍제1동,1698
2020,2,11410655,홍제2동,361
2020,2,11410640,홍제3동,875
2020,2,11500540,화곡1동,4483
2020,2,11500550,화곡2동,1437
2020,2,11500560,화곡3동,3751
2020,2,11500570,화곡4동,2206
2020,2,11500591,화곡6동,7410
2020,2,11500593,화곡8동,1848
2020,2,11500590,화곡본동,2282
2020,2,11215710,화양동,1335
2020,2,11140670,황학동,774
2020,2,11230710,회기동,179
2020,2,11140540,회현동,74892
2020,2,11170580,효창동,1251
2020,2,11170510,후암동,1640
2020,2,11230720,휘경1동,902
2020,2,11230730,휘경2동,1380
2020,2,11590605,흑석동,217
2020,3,11710631,가락1동,5894
2020,3,11710632,가락2동,6848
2020,3,11710620,가락본동,25135
2020,3,11530595,가리봉동,899
2020,3,11545510,가산동,83042
2020,3,11500603,가양1동,1410
2020,3,11500605,가양3동,245
2020,3,11110600,가회동,11063
2020,3,11380551,갈현1동,2296
2020,3,11380552,갈현2동,2994
2020,3,11740515,강일동,125
2020,3,11530740,개봉1동,2776
2020,3,11530750,개봉2동,5442
2020,3,11530760,개봉3동,1537
2020,3,11680660,개포1동,2438
2020,3,11680670,개포2동,5146
2020,3,11680690,개포4동,8263
2020,3,11710531,거여1동,2854
2020,3,11710532,거여2동,1310
2020,3,11740550,고덕1동,1016
2020,3,11740560,고덕2동,1088
2020,3,11530720,고척1동,2691
2020,3,11530730,고척2동,1771
2020,3,11440565,공덕동,9194
2020,3,11350595,공릉1동,4836
2020,3,11350600,공릉2동,820
2020,3,11500620,공항동,5401
2020,3,11215810,광장동,5066
2020,3,11140590,광희동,55742
2020,3,11110580,교남동,713
2020,3,11530530,구로2동,11964
2020,3,11530540,구로3동,51508
2020,3,11530550,구로4동,1713
2020,3,11530560,구로5동,12772
2020,3,11380560,구산동,1608
2020,3,11215850,구의1동,3413
2020,3,11215860,구의2동,2134
2020,3,11215870,구의3동,9125
2020,3,11215730,군자동,1356
2020,3,11200590,금호1가동,1349
2020,3,11200615,금호2?3가동,447
2020,3,11200620,금호4가동,691
2020,3,11740685,길동,8576
2020,3,11290660,길음1동,3041
2020,3,11290685,길음2동,453
2020,3,11620585,낙성대동,5211
2020,3,11620775,난곡동,991
2020,3,11620715,난향동,544
2020,3,11410690,남가좌1동,951
2020,3,11410700,남가좌2동,1164
2020,3,11170530,남영동,16176
2020,3,11620630,남현동,3384
2020,3,11650660,내곡동,1650
2020,3,11590510,노량진1동,4261
2020,3,11590520,노량진2동,4451
2020,3,11380510,녹번동,2744
2020,3,11680521,논현1동,40704
2020,3,11680531,논현2동,51265
2020,3,11215780,능동,1369
2020,3,11140625,다산동,6255
2020,3,11230600,답십리1동,2044
2020,3,11230610,답십리2동,2483
2020,3,11560550,당산1동,6754
2020,3,11560560,당산2동,11843
2020,3,11560700,대림1동,1494
2020,3,11560710,대림2동,3767
2020,3,11560720,대림3동,4922
2020,3,11590660,대방동,7997
2020,3,11380570,대조동,2231
2020,3,11680600,대치1동,16783
2020,3,11680610,대치2동,85188
2020,3,11680630,대치4동,33175
2020,3,11620735,대학동,939
2020,3,11440600,대흥동,3225
2020,3,11680655,도곡1동,31446
2020,3,11680656,도곡2동,88264
2020,3,11560585,도림동,706
2020,3,11320521,도봉1동,1718
2020,3,11320522,도봉2동,748
2020,3,11440585,도화동,12438
2020,3,11545610,독산1동,11846
2020,3,11545620,독산2동,1367
2020,3,11545630,독산3동,3618
2020,3,11545640,독산4동,1482
2020,3,11290580,돈암1동,103
2020,3,11290590,돈암2동,431
2020,3,11290575,동선동,2112
2020,3,11140665,동화동,1183
2020,3,11740700,둔촌2동,2842
2020,3,11500520,등촌1동,5201
2020,3,11500530,등촌2동,2566
2020,3,11500535,등촌3동,13486
2020,3,11200540,마장동,6773
2020,3,11710540,마천1동,622
2020,3,11710550,마천2동,1635
2020,3,11260660,망우3동,423
2020,3,11260655,망우본동,1589
2020,3,11440690,망원1동,2980
2020,3,11440700,망원2동,4621
2020,3,11260520,면목2동,1066
2020,3,11260575,면목3?8동,1713
2020,3,11260540,면목4동,769
2020,3,11260550,면목5동,991
2020,3,11260570,면목7동,946
2020,3,11260565,면목본동,1335
2020,3,11140550,명동,123928
2020,3,11740530,명일1동,3780
2020,3,11740540,명일2동,2521
2020,3,11470510,목1동,13488
2020,3,11470520,목2동,2860
2020,3,11470530,목3동,1685
2020,3,11470540,목4동,2011
2020,3,11470550,목5동,15306
2020,3,11110570,무악동,451
2020,3,11260620,묵1동,912
2020,3,11260630,묵2동,1390
2020,3,11560605,문래동,57767
2020,3,11710641,문정1동,31693
2020,3,11710642,문정2동,30105
2020,3,11620765,미성동,3064
2020,3,11305535,미아동,1214
2020,3,11650560,반포1동,6436
2020,3,11650570,반포2동,1948
2020,3,11650580,반포3동,3165
2020,3,11650581,반포4동,58955
2020,3,11650550,반포본동,11263
2020,3,11500611,발산1동,2302
2020,3,11650600,방배1동,18441
2020,3,11650610,방배2동,12555
2020,3,11650620,방배3동,14532
2020,3,11650621,방배4동,15638
2020,3,11650590,방배본동,22144
2020,3,11710561,방이1동,8614
2020,3,11710562,방이2동,40875
2020,3,11320690,방학1동,3094
2020,3,11320700,방학2동,810
2020,3,11320710,방학3동,1081
2020,3,11500630,방화1동,4187
2020,3,11500640,방화2동,2319
2020,3,11500641,방화3동,2527
2020,3,11305595,번1동,2250
2020,3,11305603,번2동,337
2020,3,11305608,번3동,207
2020,3,11170700,보광동,565
2020,3,11620525,보라매동,1634
2020,3,11290610,보문동,3276
2020,3,11110550,부암동,1514
2020,3,11410710,북가좌1동,422
2020,3,11410720,북가좌2동,1307
2020,3,11410555,북아현동,1204
2020,3,11380520,불광1동,2010
2020,3,11380530,불광2동,2110
2020,3,11200550,사근동,409
2020,3,11590620,사당1동,3764
2020,3,11590630,사당2동,1976
2020,3,11590640,사당3동,919
2020,3,11590650,사당4동,1255
2020,3,11590651,사당5동,1460
2020,3,11110530,사직동,44477
2020,3,11305575,삼각산동,335
2020,3,11290555,삼선동,4636
2020,3,11680580,삼성1동,159167
2020,3,11680590,삼성2동,58014
2020,3,11620745,삼성동,879
2020,3,11305534,삼양동,462
2020,3,11710610,삼전동,4176
2020,3,11110540,삼청동,3911
2020,3,11350720,상계10동,344
2020,3,11350630,상계1동,3699
2020,3,11350640,상계2동,2183
2020,3,11350665,상계3?4동,652
2020,3,11350670,상계5동,1190
2020,3,11350695,상계6?7동,3980
2020,3,11350700,상계8동,448
2020,3,11350710,상계9동,1010
2020,3,11590530,상도1동,3561
2020,3,11590540,상도2동,992
2020,3,11590550,상도3동,887
2020,3,11590560,상도4동,1118
2020,3,11260580,상봉1동,1704
2020,3,11260590,상봉2동,4761
2020,3,11440740,상암동,11981
2020,3,11740520,상일동,1247
2020,3,11440655,서강동,3646
2020,3,11440660,서교동,26294
2020,3,11620665,서림동,1454
2020,3,11170690,서빙고동,7218
2020,3,11620645,서원동,2333
2020,3,11650510,서초1동,41803
2020,3,11650520,서초2동,58613
2020,3,11650530,서초3동,58156
2020,3,11650531,서초4동,34217
2020,3,11290810,석관동,2897
2020,3,11710600,석촌동,9563
2020,3,11740640,성내1동,13172
2020,3,11740650,성내2동,2007
2020,3,11740660,성내3동,4156
2020,3,11290525,성북동,15551
2020,3,11440720,성산1동,4650
2020,3,11440730,성산2동,1375
2020,3,11200650,성수1가1동,2148
2020,3,11200660,성수1가2동,5342
2020,3,11200670,성수2가1동,7914
2020,3,11200690,성수2가3동,22685
2020,3,11620565,성현동,1543
2020,3,11680700,세곡동,471
2020,3,11140520,소공동,94203
2020,3,11200720,송정동,878
2020,3,11305545,송중동,1450
2020,3,11305555,송천동,926
2020,3,11710580,송파1동,9040
2020,3,11710590,송파2동,5656
2020,3,11530790,수궁동,1792
2020,3,11380650,수색동,242
2020,3,11680750,수서동,15479
2020,3,11305615,수유1동,1218
2020,3,11305625,수유2동,1248
2020,3,11305635,수유3동,3045
2020,3,11110700,숭인1동,307
2020,3,11110710,숭인2동,1662
2020,3,11545670,시흥1동,4261
2020,3,11545680,시흥2동,748
2020,3,11545690,시흥3동,1739
2020,3,11545700,시흥4동,1232
2020,3,11545710,시흥5동,1359
2020,3,11560630,신길1동,2688
2020,3,11560650,신길3동,622
2020,3,11560660,신길4동,593
2020,3,11560670,신길5동,793
2020,3,11560680,신길6동,1813
2020,3,11560690,신길7동,2410
2020,3,11260680,신내1동,1973
2020,3,11260690,신내2동,464
2020,3,11140650,신당5동,768
2020,3,11140615,신당동,5611
2020,3,11590670,신대방1동,3893
2020,3,11590680,신대방2동,12684
2020,3,11530510,신도림동,9462
2020,3,11620695,신림동,1706
2020,3,11380631,신사1동,1161
2020,3,11380632,신사2동,1019
2020,3,11680510,신사동,26882
2020,3,11620685,신사동,3698
2020,3,11440630,신수동,2488
2020,3,11620655,신원동,628
2020,3,11470560,신월1동,2132
2020,3,11470570,신월2동,1814
2020,3,11470580,신월3동,1121
2020,3,11470590,신월4동,1289
2020,3,11470600,신월5동,1632
2020,3,11470610,신월6동,811
2020,3,11470611,신월7동,2779
2020,3,11470620,신정1동,7889
2020,3,11470630,신정2동,11584
2020,3,11470640,신정3동,2687
2020,3,11470650,신정4동,5283
2020,3,11470680,신정7동,405
2020,3,11410585,신촌동,2172
2020,3,11320660,쌍문1동,812
2020,3,11320670,쌍문2동,998
2020,3,11320680,쌍문3동,1107
2020,3,11320681,쌍문4동,160
2020,3,11440555,아현동,5728
2020,3,11290600,안암동,1991
2020,3,11740570,암사1동,2792
2020,3,11740580,암사2동,1930
2020,3,11680545,압구정동,40822
2020,3,11140635,약수동,10940
2020,3,11650651,양재1동,25511
2020,3,11650652,양재2동,30435
2020,3,11560610,양평1동,8907
2020,3,11560620,양평2동,12582
2020,3,11560540,여의동,192384
2020,3,11680640,역삼1동,168845
2020,3,11680650,역삼2동,48392
2020,3,11380625,역촌동,3262
2020,3,11440710,연남동,2839
2020,3,11410615,연희동,8633
2020,3,11440610,염리동,1979
2020,3,11500510,염창동,2992
2020,3,11560535,영등포동,13344
2020,3,11560515,영등포본동,4029
2020,3,11710570,오금동,22928
2020,3,11530770,오류1동,3354
2020,3,11530780,오류2동,695
2020,3,11710566,오륜동,13441
2020,3,11200645,옥수동,1764
2020,3,11200520,왕십리2동,1070
2020,3,11200535,왕십리도선동,3787
2020,3,11440590,용강동,10604
2020,3,11200790,용답동,2792
2020,3,11170590,용문동,2388
2020,3,11170520,용산2가동,583
2020,3,11230536,용신동,19195
2020,3,11305645,우이동,1638
2020,3,11500615,우장산동,3447
2020,3,11170560,원효로1동,2742
2020,3,11170570,원효로2동,2765
2020,3,11350560,월계1동,1344
2020,3,11350570,월계2동,163
2020,3,11350580,월계3동,190
2020,3,11290715,월곡1동,1385
2020,3,11290725,월곡2동,2501
2020,3,11620605,은천동,1054
2020,3,11140605,을지로동,15882
2020,3,11200580,응봉동,583
2020,3,11380580,응암1동,2343
2020,3,11380590,응암2동,435
2020,3,11380600,응암3동,1607
2020,3,11230740,이문1동,1134
2020,3,11230750,이문2동,200
2020,3,11170630,이촌1동,5274
2020,3,11170640,이촌2동,1547
2020,3,11170650,이태원1동,22194
2020,3,11170660,이태원2동,1112
2020,3,11110640,이화동,1569
2020,3,11305660,인수동,3004
2020,3,11620625,인헌동,1416
2020,3,11680730,일원1동,1708
2020,3,11215820,자양1동,8810
2020,3,11215830,자양2동,2177
2020,3,11215840,자양3동,2008
2020,3,11215847,자양4동,849
2020,3,11710670,잠실2동,3796
2020,3,11710680,잠실3동,33924
2020,3,11710690,잠실4동,3061
2020,3,11710710,잠실6동,51676
2020,3,11710650,잠실본동,9082
2020,3,11650540,잠원동,13663
2020,3,11230650,장안1동,9958
2020,3,11230660,장안2동,5242
2020,3,11290760,장위1동,505
2020,3,11290770,장위2동,770
2020,3,11290780,장위3동,189
2020,3,11710646,장지동,5460
2020,3,11140580,장충동,7351
2020,3,11230560,전농1동,1128
2020,3,11230570,전농2동,1183
2020,3,11290620,정릉1동,751
2020,3,11290630,정릉2동,1097
2020,3,11290640,정릉3동,427
2020,3,11290650,정릉4동,1116
2020,3,11230545,제기동,4848
2020,3,11620725,조원동,2959
2020,3,11110615,종로1?2?3?4가동,116875
2020,3,11110630,종로5?6가동,22052
2020,3,11290705,종암동,15832
2020,3,11350621,중계1동,982
2020,3,11350625,중계2?3동,1438
2020,3,11350624,중계4동,1169
2020,3,11350619,중계본동,921
2020,3,11215740,중곡1동,4120
2020,3,11215750,중곡2동,2261
2020,3,11215760,중곡3동,860
2020,3,11215770,중곡4동,3137
2020,3,11140680,중림동,3099
2020,3,11620615,중앙동,1225
2020,3,11260600,중화1동,1187
2020,3,11260610,중화2동,864
2020,3,11380640,증산동,2105
2020,3,11380690,진관동,767
2020,3,11320511,창1동,837
2020,3,11320512,창2동,1231
2020,3,11320513,창3동,624
2020,3,11320514,창4동,1594
2020,3,11320515,창5동,5200
2020,3,11110670,창신1동,2120
2020,3,11110680,창신2동,243
2020,3,11110690,창신3동,99
2020,3,11410520,천연동,1096
2020,3,11740600,천호1동,1929
2020,3,11740610,천호2동,3320
2020,3,11740620,천호3동,1366
2020,3,11140645,청구동,1894
2020,3,11680565,청담동,54591
2020,3,11230705,청량리동,2822
2020,3,11620595,청룡동,3302
2020,3,11620545,청림동,444
2020,3,11110515,청운효자동,6476
2020,3,11170555,청파동,3050
2020,3,11410565,충현동,11021
2020,3,11110560,평창동,12926
2020,3,11710510,풍납1동,716
2020,3,11710520,풍납2동,531
2020,3,11140570,필동,11974
2020,3,11350611,하계1동,554
2020,3,11170625,한강로동,42930
2020,3,11170685,한남동,35228
2020,3,11440680,합정동,5349
2020,3,11200560,행당1동,1608
2020,3,11200570,행당2동,9
2020,3,11620575,행운동,1996
2020,3,11110650,혜화동,4395
2020,3,11410660,홍은1동,2623
2020,3,11410685,홍은2동,1454
2020,3,11410620,홍제1동,1698
2020,3,11410655,홍제2동,361
2020,3,11410640,홍제3동,875
2020,3,11500540,화곡1동,4483
2020,3,11500550,화곡2동,1437
2020,3,11500560,화곡3동,3751
2020,3,11500570,화곡4동,2206
2020,3,11500591,화곡6동,7410
2020,3,11500593,화곡8동,1848
2020,3,11500590,화곡본동,2282
2020,3,11215710,화양동,1335
2020,3,11140670,황학동,774
2020,3,11230710,회기동,179
2020,3,11140540,회현동,74892
2020,3,11170580,효창동,1251
2020,3,11170510,후암동,1640
2020,3,11230720,휘경1동,902
2020,3,11230730,휘경2동,1380
2020,3,11590605,흑석동,217
2020,4,11710631,가락1동,5873
2020,4,11710632,가락2동,6689
2020,4,11710620,가락본동,26146
2020,4,11530595,가리봉동,778
2020,4,11545510,가산동,92112
2020,4,11500603,가양1동,1652
2020,4,11500605,가양3동,260
2020,4,11110600,가회동,12809
2020,4,11380551,갈현1동,2245
2020,4,11380552,갈현2동,2987
2020,4,11740515,강일동,204
2020,4,11530740,개봉1동,2726
2020,4,11530750,개봉2동,7179
2020,4,11530760,개봉3동,1461
2020,4,11680660,개포1동,549
2020,4,11680670,개포2동,8495
2020,4,11680690,개포4동,6683
2020,4,11710531,거여1동,3043
2020,4,11710532,거여2동,1463
2020,4,11740550,고덕1동,802
2020,4,11740560,고덕2동,1104
2020,4,11530720,고척1동,2425
2020,4,11530730,고척2동,1674
2020,4,11440565,공덕동,9224
2020,4,11350595,공릉1동,4652
2020,4,11350600,공릉2동,1001
2020,4,11500620,공항동,5655
2020,4,11215810,광장동,6986
2020,4,11140590,광희동,59306
2020,4,11110580,교남동,725
2020,4,11530530,구로2동,11348
2020,4,11530540,구로3동,61322
2020,4,11530550,구로4동,1589
2020,4,11530560,구로5동,12514
2020,4,11380560,구산동,1383
2020,4,11215850,구의1동,3417
2020,4,11215860,구의2동,2121
2020,4,11215870,구의3동,8848
2020,4,11215730,군자동,1480
2020,4,11200590,금호1가동,1533
2020,4,11200615,금호2?3가동,394
2020,4,11200620,금호4가동,709
2020,4,11740685,길동,8361
2020,4,11290660,길음1동,4044
2020,4,11290685,길음2동,438
2020,4,11620585,낙성대동,5501
2020,4,11620775,난곡동,883
2020,4,11620715,난향동,430
2020,4,11410690,남가좌1동,1636
2020,4,11410700,남가좌2동,838
2020,4,11170530,남영동,16510
2020,4,11620630,남현동,3374
2020,4,11650660,내곡동,1029
2020,4,11590510,노량진1동,4359
2020,4,11590520,노량진2동,3919
2020,4,11380510,녹번동,2625
2020,4,11680521,논현1동,40917
2020,4,11680531,논현2동,51348
2020,4,11215780,능동,1455
2020,4,11140625,다산동,6479
2020,4,11230600,답십리1동,2039
2020,4,11230610,답십리2동,2849
2020,4,11560550,당산1동,7122
2020,4,11560560,당산2동,11854
2020,4,11560700,대림1동,1614
2020,4,11560710,대림2동,3511
2020,4,11560720,대림3동,5000
2020,4,11590660,대방동,8214
2020,4,11380570,대조동,2240
2020,4,11680600,대치1동,16887
2020,4,11680610,대치2동,93548
2020,4,11680630,대치4동,33644
2020,4,11620735,대학동,659
2020,4,11440600,대흥동,3932
2020,4,11680655,도곡1동,29536
2020,4,11680656,도곡2동,87366
2020,4,11560585,도림동,652
2020,4,11320521,도봉1동,1620
2020,4,11320522,도봉2동,815
2020,4,11440585,도화동,12792
2020,4,11545610,독산1동,11527
2020,4,11545620,독산2동,1495
2020,4,11545630,독산3동,3541
2020,4,11545640,독산4동,1481
2020,4,11290580,돈암1동,126
2020,4,11290590,돈암2동,433
2020,4,11290575,동선동,2026
2020,4,11140665,동화동,1168
2020,4,11740700,둔촌2동,2952
2020,4,11500520,등촌1동,5411
2020,4,11500530,등촌2동,2931
2020,4,11500535,등촌3동,13188
2020,4,11200540,마장동,6815
2020,4,11710540,마천1동,671
2020,4,11710550,마천2동,1374
2020,4,11260660,망우3동,371
2020,4,11260655,망우본동,1494
2020,4,11440690,망원1동,3131
2020,4,11440700,망원2동,4504
2020,4,11260520,면목2동,1106
2020,4,11260575,면목3?8동,1963
2020,4,11260540,면목4동,801
2020,4,11260550,면목5동,954
2020,4,11260570,면목7동,786
2020,4,11260565,면목본동,1210
2020,4,11140550,명동,122900
2020,4,11740530,명일1동,3976
2020,4,11740540,명일2동,2635
2020,4,11470510,목1동,14424
2020,4,11470520,목2동,3017
2020,4,11470530,목3동,1768
2020,4,11470540,목4동,1836
2020,4,11470550,목5동,15086
2020,4,11110570,무악동,431
2020,4,11260620,묵1동,967
2020,4,11260630,묵2동,1404
2020,4,11560605,문래동,56797
2020,4,11710641,문정1동,31815
2020,4,11710642,문정2동,37095
2020,4,11620765,미성동,2518
2020,4,11305535,미아동,984
2020,4,11650560,반포1동,7464
2020,4,11650570,반포2동,2283
2020,4,11650580,반포3동,2674
2020,4,11650581,반포4동,57270
2020,4,11650550,반포본동,11178
2020,4,11500611,발산1동,2494
2020,4,11650600,방배1동,15710
2020,4,11650610,방배2동,14220
2020,4,11650620,방배3동,15432
2020,4,11650621,방배4동,15577
2020,4,11650590,방배본동,23491
2020,4,11710561,방이1동,8038
2020,4,11710562,방이2동,40198
2020,4,11320690,방학1동,2999
2020,4,11320700,방학2동,793
2020,4,11320710,방학3동,1081
2020,4,11500630,방화1동,4389
2020,4,11500640,방화2동,2100
2020,4,11500641,방화3동,2437
2020,4,11305595,번1동,2157
2020,4,11305603,번2동,289
2020,4,11305608,번3동,226
2020,4,11170700,보광동,547
2020,4,11620525,보라매동,2155
2020,4,11290610,보문동,3466
2020,4,11110550,부암동,1712
2020,4,11410710,북가좌1동,351
2020,4,11410720,북가좌2동,1495
2020,4,11410555,북아현동,1257
2020,4,11380520,불광1동,1884
2020,4,11380530,불광2동,1998
2020,4,11200550,사근동,399
2020,4,11590620,사당1동,3709
2020,4,11590630,사당2동,2002
2020,4,11590640,사당3동,893
2020,4,11590650,사당4동,1203
2020,4,11590651,사당5동,1463
2020,4,11110530,사직동,45807
2020,4,11305575,삼각산동,296
2020,4,11290555,삼선동,4713
2020,4,11680580,삼성1동,169811
2020,4,11680590,삼성2동,57038
2020,4,11620745,삼성동,780
2020,4,11305534,삼양동,345
2020,4,11710610,삼전동,3629
2020,4,11110540,삼청동,3007
2020,4,11350720,상계10동,401
2020,4,11350630,상계1동,3668
2020,4,11350640,상계2동,2063
2020,4,11350665,상계3?4동,617
2020,4,11350670,상계5동,1096
2020,4,11350695,상계6?7동,3737
2020,4,11350700,상계8동,576
2020,4,11350710,상계9동,1126
2020,4,11590530,상도1동,3353
2020,4,11590540,상도2동,1019
2020,4,11590550,상도3동,966
2020,4,11590560,상도4동,1114
2020,4,11260580,상봉1동,1862
2020,4,11260590,상봉2동,4569
2020,4,11440740,상암동,11462
2020,4,11740520,상일동,1070
2020,4,11440655,서강동,3181
2020,4,11440660,서교동,26231
2020,4,11620665,서림동,1534
2020,4,11170690,서빙고동,6671
2020,4,11620645,서원동,2073
2020,4,11650510,서초1동,42533
2020,4,11650520,서초2동,60995
2020,4,11650530,서초3동,61450
2020,4,11650531,서초4동,33312
2020,4,11290810,석관동,2596
2020,4,11710600,석촌동,8142
2020,4,11740640,성내1동,13587
2020,4,11740650,성내2동,2250
2020,4,11740660,성내3동,4018
2020,4,11290525,성북동,19885
2020,4,11440720,성산1동,4809
2020,4,11440730,성산2동,2037
2020,4,11200650,성수1가1동,2307
2020,4,11200660,성수1가2동,5397
2020,4,11200670,성수2가1동,7627
2020,4,11200690,성수2가3동,22671
2020,4,11620565,성현동,1713
2020,4,11680700,세곡동,407
2020,4,11140520,소공동,93047
2020,4,11200720,송정동,862
2020,4,11305545,송중동,1341
2020,4,11305555,송천동,821
2020,4,11710580,송파1동,9835
2020,4,11710590,송파2동,5342
2020,4,11530790,수궁동,1741
2020,4,11380650,수색동,216
2020,4,11680750,수서동,18199
2020,4,11305615,수유1동,1155
2020,4,11305625,수유2동,1284
2020,4,11305635,수유3동,3062
2020,4,11110700,숭인1동,225
2020,4,11110710,숭인2동,1620
2020,4,11545670,시흥1동,4369
2020,4,11545680,시흥2동,978
2020,4,11545690,시흥3동,1826
2020,4,11545700,시흥4동,1242
2020,4,11545710,시흥5동,1300
2020,4,11560630,신길1동,2505
2020,4,11560650,신길3동,463
2020,4,11560660,신길4동,777
2020,4,11560670,신길5동,804
2020,4,11560680,신길6동,1857
2020,4,11560690,신길7동,2428
2020,4,11260680,신내1동,2084
2020,4,11260690,신내2동,686
2020,4,11140650,신당5동,742
2020,4,11140615,신당동,5257
2020,4,11590670,신대방1동,3834
2020,4,11590680,신대방2동,13567
2020,4,11530510,신도림동,9259
2020,4,11620695,신림동,1677
2020,4,11380631,신사1동,1272
2020,4,11380632,신사2동,1084
2020,4,11680510,신사동,26498
2020,4,11620685,신사동,3751
2020,4,11440630,신수동,2357
2020,4,11620655,신원동,569
2020,4,11470560,신월1동,2094
2020,4,11470570,신월2동,1607
2020,4,11470580,신월3동,1019
2020,4,11470590,신월4동,1334
2020,4,11470600,신월5동,1521
2020,4,11470610,신월6동,691
2020,4,11470611,신월7동,2522
2020,4,11470620,신정1동,7480
2020,4,11470630,신정2동,12667
2020,4,11470640,신정3동,2050
2020,4,11470650,신정4동,5168
2020,4,11470680,신정7동,298
2020,4,11410585,신촌동,1969
2020,4,11320660,쌍문1동,802
2020,4,11320670,쌍문2동,1004
2020,4,11320680,쌍문3동,1035
2020,4,11320681,쌍문4동,250
2020,4,11440555,아현동,5681
2020,4,11290600,안암동,2246
2020,4,11740570,암사1동,2488
2020,4,11740580,암사2동,2162
2020,4,11680545,압구정동,40086
2020,4,11140635,약수동,9774
2020,4,11650651,양재1동,26213
2020,4,11650652,양재2동,32728
2020,4,11560610,양평1동,8762
2020,4,11560620,양평2동,12555
2020,4,11560540,여의동,192171
2020,4,11680640,역삼1동,169130
2020,4,11680650,역삼2동,48471
2020,4,11380625,역촌동,3216
2020,4,11440710,연남동,2885
2020,4,11410615,연희동,7677
2020,4,11440610,염리동,2042
2020,4,11500510,염창동,2900
2020,4,11560535,영등포동,13330
2020,4,11560515,영등포본동,4165
2020,4,11710570,오금동,21745
2020,4,11530770,오류1동,3085
2020,4,11530780,오류2동,736
2020,4,11710566,오륜동,16273
2020,4,11200645,옥수동,2061
2020,4,11200520,왕십리2동,1035
2020,4,11200535,왕십리도선동,3164
2020,4,11440590,용강동,11032
2020,4,11200790,용답동,3201
2020,4,11170590,용문동,2558
2020,4,11170520,용산2가동,721
2020,4,11230536,용신동,19499
2020,4,11305645,우이동,1439
2020,4,11500615,우장산동,3267
2020,4,11170560,원효로1동,2817
2020,4,11170570,원효로2동,2867
2020,4,11350560,월계1동,1349
2020,4,11350570,월계2동,54
2020,4,11350580,월계3동,339
2020,4,11290715,월곡1동,1425
2020,4,11290725,월곡2동,2935
2020,4,11620605,은천동,1140
2020,4,11140605,을지로동,15804
2020,4,11200580,응봉동,368
2020,4,11380580,응암1동,2292
2020,4,11380590,응암2동,404
2020,4,11380600,응암3동,1475
2020,4,11230740,이문1동,915
2020,4,11230750,이문2동,247
2020,4,11170630,이촌1동,5250
2020,4,11170640,이촌2동,2644
2020,4,11170650,이태원1동,18613
2020,4,11170660,이태원2동,1046
2020,4,11110640,이화동,1800
2020,4,11305660,인수동,2941
2020,4,11620625,인헌동,1574
2020,4,11680730,일원1동,1836
2020,4,11215820,자양1동,10193
2020,4,11215830,자양2동,2299
2020,4,11215840,자양3동,1991
2020,4,11215847,자양4동,759
2020,4,11710670,잠실2동,3800
2020,4,11710680,잠실3동,30372
2020,4,11710690,잠실4동,2075
2020,4,11710710,잠실6동,53520
2020,4,11710650,잠실본동,10021
2020,4,11650540,잠원동,11785
2020,4,11230650,장안1동,9768
2020,4,11230660,장안2동,5233
2020,4,11290760,장위1동,547
2020,4,11290770,장위2동,686
2020,4,11290780,장위3동,221
2020,4,11710646,장지동,5323
2020,4,11140580,장충동,5479
2020,4,11230560,전농1동,873
2020,4,11230570,전농2동,1015
2020,4,11290620,정릉1동,526
2020,4,11290630,정릉2동,1094
2020,4,11290640,정릉3동,378
2020,4,11290650,정릉4동,863
2020,4,11230545,제기동,4704
2020,4,11620725,조원동,2942
2020,4,11110615,종로1?2?3?4가동,115053
2020,4,11110630,종로5?6가동,22084
2020,4,11290705,종암동,16164
2020,4,11350621,중계1동,950
2020,4,11350625,중계2?3동,1294
2020,4,11350624,중계4동,1121
2020,4,11350619,중계본동,904
2020,4,11215740,중곡1동,4132
2020,4,11215750,중곡2동,2348
2020,4,11215760,중곡3동,919
2020,4,11215770,중곡4동,3121
2020,4,11140680,중림동,3238
2020,4,11620615,중앙동,1264
2020,4,11260600,중화1동,1158
2020,4,11260610,중화2동,794
2020,4,11380640,증산동,2370
2020,4,11380690,진관동,539
2020,4,11320511,창1동,900
2020,4,11320512,창2동,1112
2020,4,11320513,창3동,589
2020,4,11320514,창4동,1631
2020,4,11320515,창5동,5138
2020,4,11110670,창신1동,1940
2020,4,11110680,창신2동,183
2020,4,11110690,창신3동,111
2020,4,11410520,천연동,1117
2020,4,11740600,천호1동,1785
2020,4,11740610,천호2동,2915
2020,4,11740620,천호3동,1293
2020,4,11140645,청구동,2028
2020,4,11680565,청담동,54369
2020,4,11230705,청량리동,2798
2020,4,11620595,청룡동,3071
2020,4,11620545,청림동,308
2020,4,11110515,청운효자동,6252
2020,4,11170555,청파동,3013
2020,4,11410565,충현동,12196
2020,4,11110560,평창동,11836
2020,4,11710510,풍납1동,1007
2020,4,11710520,풍납2동,473
2020,4,11140570,필동,13408
2020,4,11350611,하계1동,557
2020,4,11170625,한강로동,43804
2020,4,11170685,한남동,37600
2020,4,11440680,합정동,5238
2020,4,11200560,행당1동,1566
2020,4,11200570,행당2동,17
2020,4,11620575,행운동,2006
2020,4,11110650,혜화동,5345
2020,4,11410660,홍은1동,2582
2020,4,11410685,홍은2동,1579
2020,4,11410620,홍제1동,1864
2020,4,11410655,홍제2동,347
2020,4,11410640,홍제3동,857
2020,4,11500540,화곡1동,4355
2020,4,11500550,화곡2동,1371
2020,4,11500560,화곡3동,3555
2020,4,11500570,화곡4동,2169
2020,4,11500591,화곡6동,7642
2020,4,11500593,화곡8동,1592
2020,4,11500590,화곡본동,2358
2020,4,11215710,화양동,1232
2020,4,11140670,황학동,806
2020,4,11230710,회기동,131
2020,4,11140540,회현동,78140
2020,4,11170580,효창동,1167
2020,4,11170510,후암동,1731
2020,4,11230720,휘경1동,809
2020,4,11230730,휘경2동,1022
2020,4,11590605,흑석동,126
2021,1,11710631,가락1동,5873
2021,1,11710632,가락2동,6689
2021,1,11710620,가락본동,26146
2021,1,11530595,가리봉동,778
2021,1,11545510,가산동,92112
2021,1,11500603,가양1동,1652
2021,1,11500605,가양3동,260
2021,1,11110600,가회동,12809
2021,1,11380551,갈현1동,2245
2021,1,11380552,갈현2동,2987
2021,1,11740515,강일동,204
2021,1,11530740,개봉1동,2726
2021,1,11530750,개봉2동,7179
2021,1,11530760,개봉3동,1461
2021,1,11680660,개포1동,549
2021,1,11680670,개포2동,8495
2021,1,11680690,개포4동,6683
2021,1,11710531,거여1동,3043
2021,1,11710532,거여2동,1463
2021,1,11740550,고덕1동,802
2021,1,11740560,고덕2동,1104
2021,1,11530720,고척1동,2425
2021,1,11530730,고척2동,1674
2021,1,11440565,공덕동,9224
2021,1,11350595,공릉1동,4652
2021,1,11350600,공릉2동,1001
2021,1,11500620,공항동,5655
2021,1,11215810,광장동,6986
2021,1,11140590,광희동,59306
2021,1,11110580,교남동,725
2021,1,11530530,구로2동,11348
2021,1,11530540,구로3동,61322
2021,1,11530550,구로4동,1589
2021,1,11530560,구로5동,12514
2021,1,11380560,구산동,1383
2021,1,11215850,구의1동,3417
2021,1,11215860,구의2동,2121
2021,1,11215870,구의3동,8848
2021,1,11215730,군자동,1480
2021,1,11200590,금호1가동,1533
2021,1,11200615,금호2?3가동,394
2021,1,11200620,금호4가동,709
2021,1,11740685,길동,8361
2021,1,11290660,길음1동,4044
2021,1,11290685,길음2동,438
2021,1,11620585,낙성대동,5501
2021,1,11620775,난곡동,883
2021,1,11620715,난향동,430
2021,1,11410690,남가좌1동,1636
2021,1,11410700,남가좌2동,838
2021,1,11170530,남영동,16510
2021,1,11620630,남현동,3374
2021,1,11650660,내곡동,1029
2021,1,11590510,노량진1동,4359
2021,1,11590520,노량진2동,3919
2021,1,11380510,녹번동,2625
2021,1,11680521,논현1동,40917
2021,1,11680531,논현2동,51348
2021,1,11215780,능동,1455
2021,1,11140625,다산동,6479
2021,1,11230600,답십리1동,2039
2021,1,11230610,답십리2동,2849
2021,1,11560550,당산1동,7122
2021,1,11560560,당산2동,11854
2021,1,11560700,대림1동,1614
2021,1,11560710,대림2동,3511
2021,1,11560720,대림3동,5000
2021,1,11590660,대방동,8214
2021,1,11380570,대조동,2240
2021,1,11680600,대치1동,16887
2021,1,11680610,대치2동,93548
2021,1,11680630,대치4동,33644
2021,1,11620735,대학동,659
2021,1,11440600,대흥동,3932
2021,1,11680655,도곡1동,29536
2021,1,11680656,도곡2동,87366
2021,1,11560585,도림동,652
2021,1,11320521,도봉1동,1620
2021,1,11320522,도봉2동,815
2021,1,11440585,도화동,12792
2021,1,11545610,독산1동,11527
2021,1,11545620,독산2동,1495
2021,1,11545630,독산3동,3541
2021,1,11545640,독산4동,1481
2021,1,11290580,돈암1동,126
2021,1,11290590,돈암2동,433
2021,1,11290575,동선동,2026
2021,1,11140665,동화동,1168
2021,1,11740700,둔촌2동,2952
2021,1,11500520,등촌1동,5411
2021,1,11500530,등촌2동,2931
2021,1,11500535,등촌3동,13188
2021,1,11200540,마장동,6815
2021,1,11710540,마천1동,671
2021,1,11710550,마천2동,1374
2021,1,11260660,망우3동,371
2021,1,11260655,망우본동,1494
2021,1,11440690,망원1동,3131
2021,1,11440700,망원2동,4504
2021,1,11260520,면목2동,1106
2021,1,11260575,면목3?8동,1963
2021,1,11260540,면목4동,801
2021,1,11260550,면목5동,954
2021,1,11260570,면목7동,786
2021,1,11260565,면목본동,1210
2021,1,11140550,명동,122900
2021,1,11740530,명일1동,3976
2021,1,11740540,명일2동,2635
2021,1,11470510,목1동,14424
2021,1,11470520,목2동,3017
2021,1,11470530,목3동,1768
2021,1,11470540,목4동,1836
2021,1,11470550,목5동,15086
2021,1,11110570,무악동,431
2021,1,11260620,묵1동,967
2021,1,11260630,묵2동,1404
2021,1,11560605,문래동,56797
2021,1,11710641,문정1동,31815
2021,1,11710642,문정2동,37095
2021,1,11620765,미성동,2518
2021,1,11305535,미아동,984
2021,1,11650560,반포1동,7464
2021,1,11650570,반포2동,2283
2021,1,11650580,반포3동,2674
2021,1,11650581,반포4동,57270
2021,1,11650550,반포본동,11178
2021,1,11500611,발산1동,2494
2021,1,11650600,방배1동,15710
2021,1,11650610,방배2동,14220
2021,1,11650620,방배3동,15432
2021,1,11650621,방배4동,15577
2021,1,11650590,방배본동,23491
2021,1,11710561,방이1동,8038
2021,1,11710562,방이2동,40198
2021,1,11320690,방학1동,2999
2021,1,11320700,방학2동,793
2021,1,11320710,방학3동,1081
2021,1,11500630,방화1동,4389
2021,1,11500640,방화2동,2100
2021,1,11500641,방화3동,2437
2021,1,11305595,번1동,2157
2021,1,11305603,번2동,289
2021,1,11305608,번3동,226
2021,1,11170700,보광동,547
2021,1,11620525,보라매동,2155
2021,1,11290610,보문동,3466
2021,1,11110550,부암동,1712
2021,1,11410710,북가좌1동,351
2021,1,11410720,북가좌2동,1495
2021,1,11410555,북아현동,1257
2021,1,11380520,불광1동,1884
2021,1,11380530,불광2동,1998
2021,1,11200550,사근동,399
2021,1,11590620,사당1동,3709
2021,1,11590630,사당2동,2002
2021,1,11590640,사당3동,893
2021,1,11590650,사당4동,1203
2021,1,11590651,사당5동,1463
2021,1,11110530,사직동,45807
2021,1,11305575,삼각산동,296
2021,1,11290555,삼선동,4713
2021,1,11680580,삼성1동,169811
2021,1,11680590,삼성2동,57038
2021,1,11620745,삼성동,780
2021,1,11305534,삼양동,345
2021,1,11710610,삼전동,3629
2021,1,11110540,삼청동,3007
2021,1,11350720,상계10동,401
2021,1,11350630,상계1동,3668
2021,1,11350640,상계2동,2063
2021,1,11350665,상계3?4동,617
2021,1,11350670,상계5동,1096
2021,1,11350695,상계6?7동,3737
2021,1,11350700,상계8동,576
2021,1,11350710,상계9동,1126
2021,1,11590530,상도1동,3353
2021,1,11590540,상도2동,1019
2021,1,11590550,상도3동,966
2021,1,11590560,상도4동,1114
2021,1,11260580,상봉1동,1862
2021,1,11260590,상봉2동,4569
2021,1,11440740,상암동,11462
2021,1,11740520,상일동,1070
2021,1,11440655,서강동,3181
2021,1,11440660,서교동,26231
2021,1,11620665,서림동,1534
2021,1,11170690,서빙고동,6671
2021,1,11620645,서원동,2073
2021,1,11650510,서초1동,42533
2021,1,11650520,서초2동,60995
2021,1,11650530,서초3동,61450
2021,1,11650531,서초4동,33312
2021,1,11290810,석관동,2596
2021,1,11710600,석촌동,8142
2021,1,11740640,성내1동,13587
2021,1,11740650,성내2동,2250
2021,1,11740660,성내3동,4018
2021,1,11290525,성북동,19885
2021,1,11440720,성산1동,4809
2021,1,11440730,성산2동,2037
2021,1,11200650,성수1가1동,2307
2021,1,11200660,성수1가2동,5397
2021,1,11200670,성수2가1동,7627
2021,1,11200690,성수2가3동,22671
2021,1,11620565,성현동,1713
2021,1,11680700,세곡동,407
2021,1,11140520,소공동,93047
2021,1,11200720,송정동,862
2021,1,11305545,송중동,1341
2021,1,11305555,송천동,821
2021,1,11710580,송파1동,9835
2021,1,11710590,송파2동,5342
2021,1,11530790,수궁동,1741
2021,1,11380650,수색동,216
2021,1,11680750,수서동,18199
2021,1,11305615,수유1동,1155
2021,1,11305625,수유2동,1284
2021,1,11305635,수유3동,3062
2021,1,11110700,숭인1동,225
2021,1,11110710,숭인2동,1620
2021,1,11545670,시흥1동,4369
2021,1,11545680,시흥2동,978
2021,1,11545690,시흥3동,1826
2021,1,11545700,시흥4동,1242
2021,1,11545710,시흥5동,1300
2021,1,11560630,신길1동,2505
2021,1,11560650,신길3동,463
2021,1,11560660,신길4동,777
2021,1,11560670,신길5동,804
2021,1,11560680,신길6동,1857
2021,1,11560690,신길7동,2428
2021,1,11260680,신내1동,2084
2021,1,11260690,신내2동,686
2021,1,11140650,신당5동,742
2021,1,11140615,신당동,5257
2021,1,11590670,신대방1동,3834
2021,1,11590680,신대방2동,13567
2021,1,11530510,신도림동,9259
2021,1,11620695,신림동,1677
2021,1,11380631,신사1동,1272
2021,1,11380632,신사2동,1084
2021,1,11680510,신사동,26498
2021,1,11620685,신사동,3751
2021,1,11440630,신수동,2357
2021,1,11620655,신원동,569
2021,1,11470560,신월1동,2094
2021,1,11470570,신월2동,1607
2021,1,11470580,신월3동,1019
2021,1,11470590,신월4동,1334
2021,1,11470600,신월5동,1521
2021,1,11470610,신월6동,691
2021,1,11470611,신월7동,2522
2021,1,11470620,신정1동,7480
2021,1,11470630,신정2동,12667
2021,1,11470640,신정3동,2050
2021,1,11470650,신정4동,5168
2021,1,11470680,신정7동,298
2021,1,11410585,신촌동,1969
2021,1,11320660,쌍문1동,802
2021,1,11320670,쌍문2동,1004
2021,1,11320680,쌍문3동,1035
2021,1,11320681,쌍문4동,250
2021,1,11440555,아현동,5681
2021,1,11290600,안암동,2246
2021,1,11740570,암사1동,2488
2021,1,11740580,암사2동,2162
2021,1,11680545,압구정동,40086
2021,1,11140635,약수동,9774
2021,1,11650651,양재1동,26213
2021,1,11650652,양재2동,32728
2021,1,11560610,양평1동,8762
2021,1,11560620,양평2동,12555
2021,1,11560540,여의동,192171
2021,1,11680640,역삼1동,169130
2021,1,11680650,역삼2동,48471
2021,1,11380625,역촌동,3216
2021,1,11440710,연남동,2885
2021,1,11410615,연희동,7677
2021,1,11440610,염리동,2042
2021,1,11500510,염창동,2900
2021,1,11560535,영등포동,13330
2021,1,11560515,영등포본동,4165
2021,1,11710570,오금동,21745
2021,1,11530770,오류1동,3085
2021,1,11530780,오류2동,736
2021,1,11710566,오륜동,16273
2021,1,11200645,옥수동,2061
2021,1,11200520,왕십리2동,1035
2021,1,11200535,왕십리도선동,3164
2021,1,11440590,용강동,11032
2021,1,11200790,용답동,3201
2021,1,11170590,용문동,2558
2021,1,11170520,용산2가동,721
2021,1,11230536,용신동,19499
2021,1,11305645,우이동,1439
2021,1,11500615,우장산동,3267
2021,1,11170560,원효로1동,2817
2021,1,11170570,원효로2동,2867
2021,1,11350560,월계1동,1349
2021,1,11350570,월계2동,54
2021,1,11350580,월계3동,339
2021,1,11290715,월곡1동,1425
2021,1,11290725,월곡2동,2935
2021,1,11620605,은천동,1140
2021,1,11140605,을지로동,15804
2021,1,11200580,응봉동,368
2021,1,11380580,응암1동,2292
2021,1,11380590,응암2동,404
2021,1,11380600,응암3동,1475
2021,1,11230740,이문1동,915
2021,1,11230750,이문2동,247
2021,1,11170630,이촌1동,5250
2021,1,11170640,이촌2동,2644
2021,1,11170650,이태원1동,18613
2021,1,11170660,이태원2동,1046
2021,1,11110640,이화동,1800
2021,1,11305660,인수동,2941
2021,1,11620625,인헌동,1574
2021,1,11680730,일원1동,1836
2021,1,11215820,자양1동,10193
2021,1,11215830,자양2동,2299
2021,1,11215840,자양3동,1991
2021,1,11215847,자양4동,759
2021,1,11710670,잠실2동,3800
2021,1,11710680,잠실3동,30372
2021,1,11710690,잠실4동,2075
2021,1,11710710,잠실6동,53520
2021,1,11710650,잠실본동,10021
2021,1,11650540,잠원동,11785
2021,1,11230650,장안1동,9768
2021,1,11230660,장안2동,5233
2021,1,11290760,장위1동,547
2021,1,11290770,장위2동,686
2021,1,11290780,장위3동,221
2021,1,11710646,장지동,5323
2021,1,11140580,장충동,5479
2021,1,11230560,전농1동,873
2021,1,11230570,전농2동,1015
2021,1,11290620,정릉1동,526
2021,1,11290630,정릉2동,1094
2021,1,11290640,정릉3동,378
2021,1,11290650,정릉4동,863
2021,1,11230545,제기동,4704
2021,1,11620725,조원동,2942
2021,1,11110615,종로1?2?3?4가동,115053
2021,1,11110630,종로5?6가동,22084
2021,1,11290705,종암동,16164
2021,1,11350621,중계1동,950
2021,1,11350625,중계2?3동,1294
2021,1,11350624,중계4동,1121
2021,1,11350619,중계본동,904
2021,1,11215740,중곡1동,4132
2021,1,11215750,중곡2동,2348
2021,1,11215760,중곡3동,919
2021,1,11215770,중곡4동,3121
2021,1,11140680,중림동,3238
2021,1,11620615,중앙동,1264
2021,1,11260600,중화1동,1158
2021,1,11260610,중화2동,794
2021,1,11380640,증산동,2370
2021,1,11380690,진관동,539
2021,1,11320511,창1동,900
2021,1,11320512,창2동,1112
2021,1,11320513,창3동,589
2021,1,11320514,창4동,1631
2021,1,11320515,창5동,5138
2021,1,11110670,창신1동,1940
2021,1,11110680,창신2동,183
2021,1,11110690,창신3동,111
2021,1,11410520,천연동,1117
2021,1,11740600,천호1동,1785
2021,1,11740610,천호2동,2915
2021,1,11740620,천호3동,1293
2021,1,11140645,청구동,2028
2021,1,11680565,청담동,54369
2021,1,11230705,청량리동,2798
2021,1,11620595,청룡동,3071
2021,1,11620545,청림동,308
2021,1,11110515,청운효자동,6252
2021,1,11170555,청파동,3013
2021,1,11410565,충현동,12196
2021,1,11110560,평창동,11836
2021,1,11710510,풍납1동,1007
2021,1,11710520,풍납2동,473
2021,1,11140570,필동,13408
2021,1,11350611,하계1동,557
2021,1,11170625,한강로동,43804
2021,1,11170685,한남동,37600
2021,1,11440680,합정동,5238
2021,1,11200560,행당1동,1566
2021,1,11200570,행당2동,17
2021,1,11620575,행운동,2006
2021,1,11110650,혜화동,5345
2021,1,11410660,홍은1동,2582
2021,1,11410685,홍은2동,1579
2021,1,11410620,홍제1동,1864
2021,1,11410655,홍제2동,347
2021,1,11410640,홍제3동,857
2021,1,11500540,화곡1동,4355
2021,1,11500550,화곡2동,1371
2021,1,11500560,화곡3동,3555
2021,1,11500570,화곡4동,2169
2021,1,11500591,화곡6동,7642
2021,1,11500593,화곡8동,1592
2021,1,11500590,화곡본동,2358
2021,1,11215710,화양동,1232
2021,1,11140670,황학동,806
2021,1,11230710,회기동,131
2021,1,11140540,회현동,78140
2021,1,11170580,효창동,1167
2021,1,11170510,후암동,1731
2021,1,11230720,휘경1동,809
2021,1,11230730,휘경2동,1022
2021,1,11590605,흑석동,126
2021,2,11710631,가락1동,5873
2021,2,11710632,가락2동,6689
2021,2,11710620,가락본동,26146
2021,2,11530595,가리봉동,778
2021,2,11545510,가산동,92112
2021,2,11500603,가양1동,1652
2021,2,11500605,가양3동,260
2021,2,11110600,가회동,12809
2021,2,11380551,갈현1동,2245
2021,2,11380552,갈현2동,2987
2021,2,11740515,강일동,204
2021,2,11530740,개봉1동,2726
2021,2,11530750,개봉2동,7179
2021,2,11530760,개봉3동,1461
2021,2,11680660,개포1동,549
2021,2,11680670,개포2동,8495
2021,2,11680690,개포4동,6683
2021,2,11710531,거여1동,3043
2021,2,11710532,거여2동,1463
2021,2,11740550,고덕1동,802
2021,2,11740560,고덕2동,1104
2021,2,11530720,고척1동,2425
2021,2,11530730,고척2동,1674
2021,2,11440565,공덕동,9224
2021,2,11350595,공릉1동,4652
2021,2,11350600,공릉2동,1001
2021,2,11500620,공항동,5655
2021,2,11215810,광장동,6986
2021,2,11140590,광희동,59306
2021,2,11110580,교남동,725
2021,2,11530530,구로2동,11348
2021,2,11530540,구로3동,61322
2021,2,11530550,구로4동,1589
2021,2,11530560,구로5동,12514
2021,2,11380560,구산동,1383
2021,2,11215850,구의1동,3417
2021,2,11215860,구의2동,2121
2021,2,11215870,구의3동,8848
2021,2,11215730,군자동,1480
2021,2,11200590,금호1가동,1533
2021,2,11200615,금호2?3가동,394
2021,2,11200620,금호4가동,709
2021,2,11740685,길동,8361
2021,2,11290660,길음1동,4044
2021,2,11290685,길음2동,438
2021,2,11620585,낙성대동,5501
2021,2,11620775,난곡동,883
2021,2,11620715,난향동,430
2021,2,11410690,남가좌1동,1636
2021,2,11410700,남가좌2동,838
2021,2,11170530,남영동,16510
2021,2,11620630,남현동,3374
2021,2,11650660,내곡동,1029
2021,2,11590510,노량진1동,4359
2021,2,11590520,노량진2동,3919
2021,2,11380510,녹번동,2625
2021,2,11680521,논현1동,40917
2021,2,11680531,논현2동,51348
2021,2,11215780,능동,1455
2021,2,11140625,다산동,6479
2021,2,11230600,답십리1동,2039
2021,2,11230610,답십리2동,2849
2021,2,11560550,당산1동,7122
2021,2,11560560,당산2동,11854
2021,2,11560700,대림1동,1614
2021,2,11560710,대림2동,3511
2021,2,11560720,대림3동,5000
2021,2,11590660,대방동,8214
2021,2,11380570,대조동,2240
2021,2,11680600,대치1동,16887
2021,2,11680610,대치2동,93548
2021,2,11680630,대치4동,33644
2021,2,11620735,대학동,659
2021,2,11440600,대흥동,3932
2021,2,11680655,도곡1동,29536
2021,2,11680656,도곡2동,87366
2021,2,11560585,도림동,652
2021,2,11320521,도봉1동,1620
2021,2,11320522,도봉2동,815
2021,2,11440585,도화동,12792
2021,2,11545610,독산1동,11527
2021,2,11545620,독산2동,1495
2021,2,11545630,독산3동,3541
2021,2,11545640,독산4동,1481
2021,2,11290580,돈암1동,126
2021,2,11290590,돈암2동,433
2021,2,11290575,동선동,2026
2021,2,11140665,동화동,1168
2021,2,11740700,둔촌2동,2952
2021,2,11500520,등촌1동,5411
2021,2,11500530,등촌2동,2931
2021,2,11500535,등촌3동,13188
2021,2,11200540,마장동,6815
2021,2,11710540,마천1동,671
2021,2,11710550,마천2동,1374
2021,2,11260660,망우3동,371
2021,2,11260655,망우본동,1494
2021,2,11440690,망원1동,3131
2021,2,11440700,망원2동,4504
2021,2,11260520,면목2동,1106
2021,2,11260575,면목3?8동,1963
2021,2,11260540,면목4동,801
2021,2,11260550,면목5동,954
2021,2,11260570,면목7동,786
2021,2,11260565,면목본동,1210
2021,2,11140550,명동,122900
2021,2,11740530,명일1동,3976
2021,2,11740540,명일2동,2635
2021,2,11470510,목1동,14424
2021,2,11470520,목2동,3017
2021,2,11470530,목3동,1768
2021,2,11470540,목4동,1836
2021,2,11470550,목5동,15086
2021,2,11110570,무악동,431
2021,2,11260620,묵1동,967
2021,2,11260630,묵2동,1404
2021,2,11560605,문래동,56797
2021,2,11710641,문정1동,31815
2021,2,11710642,문정2동,37095
2021,2,11620765,미성동,2518
2021,2,11305535,미아동,984
2021,2,11650560,반포1동,7464
2021,2,11650570,반포2동,2283
2021,2,11650580,반포3동,2674
2021,2,11650581,반포4동,57270
2021,2,11650550,반포본동,11178
2021,2,11500611,발산1동,2494
2021,2,11650600,방배1동,15710
2021,2,11650610,방배2동,14220
2021,2,11650620,방배3동,15432
2021,2,11650621,방배4동,15577
2021,2,11650590,방배본동,23491
2021,2,11710561,방이1동,8038
2021,2,11710562,방이2동,40198
2021,2,11320690,방학1동,2999
2021,2,11320700,방학2동,793
2021,2,11320710,방학3동,1081
2021,2,11500630,방화1동,4389
2021,2,11500640,방화2동,2100
2021,2,11500641,방화3동,2437
2021,2,11305595,번1동,2157
2021,2,11305603,번2동,289
2021,2,11305608,번3동,226
2021,2,11170700,보광동,547
2021,2,11620525,보라매동,2155
2021,2,11290610,보문동,3466
2021,2,11110550,부암동,1712
2021,2,11410710,북가좌1동,351
2021,2,11410720,북가좌2동,1495
2021,2,11410555,북아현동,1257
2021,2,11380520,불광1동,1884
2021,2,11380530,불광2동,1998
2021,2,11200550,사근동,399
2021,2,11590620,사당1동,3709
2021,2,11590630,사당2동,2002
2021,2,11590640,사당3동,893
2021,2,11590650,사당4동,1203
2021,2,11590651,사당5동,1463
2021,2,11110530,사직동,45807
2021,2,11305575,삼각산동,296
2021,2,11290555,삼선동,4713
2021,2,11680580,삼성1동,169811
2021,2,11680590,삼성2동,57038
2021,2,11620745,삼성동,780
2021,2,11305534,삼양동,345
2021,2,11710610,삼전동,3629
2021,2,11110540,삼청동,3007
2021,2,11350720,상계10동,401
2021,2,11350630,상계1동,3668
2021,2,11350640,상계2동,2063
2021,2,11350665,상계3?4동,617
2021,2,11350670,상계5동,1096
2021,2,11350695,상계6?7동,3737
2021,2,11350700,상계8동,576
2021,2,11350710,상계9동,1126
2021,2,11590530,상도1동,3353
2021,2,11590540,상도2동,1019
2021,2,11590550,상도3동,966
2021,2,11590560,상도4동,1114
2021,2,11260580,상봉1동,1862
2021,2,11260590,상봉2동,4569
2021,2,11440740,상암동,11462
2021,2,11740520,상일동,1070
2021,2,11440655,서강동,3181
2021,2,11440660,서교동,26231
2021,2,11620665,서림동,1534
2021,2,11170690,서빙고동,6671
2021,2,11620645,서원동,2073
2021,2,11650510,서초1동,42533
2021,2,11650520,서초2동,60995
2021,2,11650530,서초3동,61450
2021,2,11650531,서초4동,33312
2021,2,11290810,석관동,2596
2021,2,11710600,석촌동,8142
2021,2,11740640,성내1동,13587
2021,2,11740650,성내2동,2250
2021,2,11740660,성내3동,4018
2021,2,11290525,성북동,19885
2021,2,11440720,성산1동,4809
2021,2,11440730,성산2동,2037
2021,2,11200650,성수1가1동,2307
2021,2,11200660,성수1가2동,5397
2021,2,11200670,성수2가1동,7627
2021,2,11200690,성수2가3동,22671
2021,2,11620565,성현동,1713
2021,2,11680700,세곡동,407
2021,2,11140520,소공동,93047
2021,2,11200720,송정동,862
2021,2,11305545,송중동,1341
2021,2,11305555,송천동,821
2021,2,11710580,송파1동,9835
2021,2,11710590,송파2동,5342
2021,2,11530790,수궁동,1741
2021,2,11380650,수색동,216
2021,2,11680750,수서동,18199
2021,2,11305615,수유1동,1155
2021,2,11305625,수유2동,1284
2021,2,11305635,수유3동,3062
2021,2,11110700,숭인1동,225
2021,2,11110710,숭인2동,1620
2021,2,11545670,시흥1동,4369
2021,2,11545680,시흥2동,978
2021,2,11545690,시흥3동,1826
2021,2,11545700,시흥4동,1242
2021,2,11545710,시흥5동,1300
2021,2,11560630,신길1동,2505
2021,2,11560650,신길3동,463
2021,2,11560660,신길4동,777
2021,2,11560670,신길5동,804
2021,2,11560680,신길6동,1857
2021,2,11560690,신길7동,2428
2021,2,11260680,신내1동,2084
2021,2,11260690,신내2동,686
2021,2,11140650,신당5동,742
2021,2,11140615,신당동,5257
2021,2,11590670,신대방1동,3834
2021,2,11590680,신대방2동,13567
2021,2,11530510,신도림동,9259
2021,2,11620695,신림동,1677
2021,2,11380631,신사1동,1272
2021,2,11380632,신사2동,1084
2021,2,11680510,신사동,26498
2021,2,11620685,신사동,3751
2021,2,11440630,신수동,2357
2021,2,11620655,신원동,569
2021,2,11470560,신월1동,2094
2021,2,11470570,신월2동,1607
2021,2,11470580,신월3동,1019
2021,2,11470590,신월4동,1334
2021,2,11470600,신월5동,1521
2021,2,11470610,신월6동,691
2021,2,11470611,신월7동,2522
2021,2,11470620,신정1동,7480
2021,2,11470630,신정2동,12667
2021,2,11470640,신정3동,2050
2021,2,11470650,신정4동,5168
2021,2,11470680,신정7동,298
2021,2,11410585,신촌동,1969
2021,2,11320660,쌍문1동,802
2021,2,11320670,쌍문2동,1004
2021,2,11320680,쌍문3동,1035
2021,2,11320681,쌍문4동,250
2021,2,11440555,아현동,5681
2021,2,11290600,안암동,2246
2021,2,11740570,암사1동,2488
2021,2,11740580,암사2동,2162
2021,2,11680545,압구정동,40086
2021,2,11140635,약수동,9774
2021,2,11650651,양재1동,26213
2021,2,11650652,양재2동,32728
2021,2,11560610,양평1동,8762
2021,2,11560620,양평2동,12555
2021,2,11560540,여의동,192171
2021,2,11680640,역삼1동,169130
2021,2,11680650,역삼2동,48471
2021,2,11380625,역촌동,3216
2021,2,11440710,연남동,2885
2021,2,11410615,연희동,7677
2021,2,11440610,염리동,2042
2021,2,11500510,염창동,2900
2021,2,11560535,영등포동,13330
2021,2,11560515,영등포본동,4165
2021,2,11710570,오금동,21745
2021,2,11530770,오류1동,3085
2021,2,11530780,오류2동,736
2021,2,11710566,오륜동,16273
2021,2,11200645,옥수동,2061
2021,2,11200520,왕십리2동,1035
2021,2,11200535,왕십리도선동,3164
2021,2,11440590,용강동,11032
2021,2,11200790,용답동,3201
2021,2,11170590,용문동,2558
2021,2,11170520,용산2가동,721
2021,2,11230536,용신동,19499
2021,2,11305645,우이동,1439
2021,2,11500615,우장산동,3267
2021,2,11170560,원효로1동,2817
2021,2,11170570,원효로2동,2867
2021,2,11350560,월계1동,1349
2021,2,11350570,월계2동,54
2021,2,11350580,월계3동,339
2021,2,11290715,월곡1동,1425
2021,2,11290725,월곡2동,2935
2021,2,11620605,은천동,1140
2021,2,11140605,을지로동,15804
2021,2,11200580,응봉동,368
2021,2,11380580,응암1동,2292
2021,2,11380590,응암2동,404
2021,2,11380600,응암3동,1475
2021,2,11230740,이문1동,915
2021,2,11230750,이문2동,247
2021,2,11170630,이촌1동,5250
2021,2,11170640,이촌2동,2644
2021,2,11170650,이태원1동,18613
2021,2,11170660,이태원2동,1046
2021,2,11110640,이화동,1800
2021,2,11305660,인수동,2941
2021,2,11620625,인헌동,1574
2021,2,11680730,일원1동,1836
2021,2,11215820,자양1동,10193
2021,2,11215830,자양2동,2299
2021,2,11215840,자양3동,1991
2021,2,11215847,자양4동,759
2021,2,11710670,잠실2동,3800
2021,2,11710680,잠실3동,30372
2021,2,11710690,잠실4동,2075
2021,2,11710710,잠실6동,53520
2021,2,11710650,잠실본동,10021
2021,2,11650540,잠원동,11785
2021,2,11230650,장안1동,9768
2021,2,11230660,장안2동,5233
2021,2,11290760,장위1동,547
2021,2,11290770,장위2동,686
2021,2,11290780,장위3동,221
2021,2,11710646,장지동,5323
2021,2,11140580,장충동,5479
2021,2,11230560,전농1동,873
2021,2,11230570,전농2동,1015
2021,2,11290620,정릉1동,526
2021,2,11290630,정릉2동,1094
2021,2,11290640,정릉3동,378
2021,2,11290650,정릉4동,863
2021,2,11230545,제기동,4704
2021,2,11620725,조원동,2942
2021,2,11110615,종로1?2?3?4가동,115053
2021,2,11110630,종로5?6가동,22084
2021,2,11290705,종암동,16164
2021,2,11350621,중계1동,950
2021,2,11350625,중계2?3동,1294
2021,2,11350624,중계4동,1121
2021,2,11350619,중계본동,904
2021,2,11215740,중곡1동,4132
2021,2,11215750,중곡2동,2348
2021,2,11215760,중곡3동,919
2021,2,11215770,중곡4동,3121
2021,2,11140680,중림동,3238
2021,2,11620615,중앙동,1264
2021,2,11260600,중화1동,1158
2021,2,11260610,중화2동,794
2021,2,11380640,증산동,2370
2021,2,11380690,진관동,539
2021,2,11320511,창1동,900
2021,2,11320512,창2동,1112
2021,2,11320513,창3동,589
2021,2,11320514,창4동,1631
2021,2,11320515,창5동,5138
2021,2,11110670,창신1동,1940
2021,2,11110680,창신2동,183
2021,2,11110690,창신3동,111
2021,2,11410520,천연동,1117
2021,2,11740600,천호1동,1785
2021,2,11740610,천호2동,2915
2021,2,11740620,천호3동,1293
2021,2,11140645,청구동,2028
2021,2,11680565,청담동,54369
2021,2,11230705,청량리동,2798
2021,2,11620595,청룡동,3071
2021,2,11620545,청림동,308
2021,2,11110515,청운효자동,6252
2021,2,11170555,청파동,3013
2021,2,11410565,충현동,12196
2021,2,11110560,평창동,11836
2021,2,11710510,풍납1동,1007
2021,2,11710520,풍납2동,473
2021,2,11140570,필동,13408
2021,2,11350611,하계1동,557
2021,2,11170625,한강로동,43804
2021,2,11170685,한남동,37600
2021,2,11440680,합정동,5238
2021,2,11200560,행당1동,1566
2021,2,11200570,행당2동,17
2021,2,11620575,행운동,2006
2021,2,11110650,혜화동,5345
2021,2,11410660,홍은1동,2582
2021,2,11410685,홍은2동,1579
2021,2,11410620,홍제1동,1864
2021,2,11410655,홍제2동,347
2021,2,11410640,홍제3동,857
2021,2,11500540,화곡1동,4355
2021,2,11500550,화곡2동,1371
2021,2,11500560,화곡3동,3555
2021,2,11500570,화곡4동,2169
2021,2,11500591,화곡6동,7642
2021,2,11500593,화곡8동,1592
2021,2,11500590,화곡본동,2358
2021,2,11215710,화양동,1232
2021,2,11140670,황학동,806
2021,2,11230710,회기동,131
2021,2,11140540,회현동,78140
2021,2,11170580,효창동,1167
2021,2,11170510,후암동,1731
2021,2,11230720,휘경1동,809
2021,2,11230730,휘경2동,1022
2021,2,11590605,흑석동,126
2021,3,11710631,가락1동,5873
2021,3,11710632,가락2동,6689
2021,3,11710620,가락본동,26146
2021,3,11530595,가리봉동,778
2021,3,11545510,가산동,92112
2021,3,11500603,가양1동,1652
2021,3,11500605,가양3동,260
2021,3,11110600,가회동,12809
2021,3,11380551,갈현1동,2245
2021,3,11380552,갈현2동,2987
2021,3,11740515,강일동,204
2021,3,11530740,개봉1동,2726
2021,3,11530750,개봉2동,7179
2021,3,11530760,개봉3동,1461
2021,3,11680660,개포1동,549
2021,3,11680670,개포2동,8495
2021,3,11680690,개포4동,6683
2021,3,11710531,거여1동,3043
2021,3,11710532,거여2동,1463
2021,3,11740550,고덕1동,802
2021,3,11740560,고덕2동,1104
2021,3,11530720,고척1동,2425
2021,3,11530730,고척2동,1674
2021,3,11440565,공덕동,9224
2021,3,11350595,공릉1동,4652
2021,3,11350600,공릉2동,1001
2021,3,11500620,공항동,5655
2021,3,11215810,광장동,6986
2021,3,11140590,광희동,59306
2021,3,11110580,교남동,725
2021,3,11530530,구로2동,11348
2021,3,11530540,구로3동,61322
2021,3,11530550,구로4동,1589
2021,3,11530560,구로5동,12514
2021,3,11380560,구산동,1383
2021,3,11215850,구의1동,3417
2021,3,11215860,구의2동,2121
2021,3,11215870,구의3동,8848
2021,3,11215730,군자동,1480
2021,3,11200590,금호1가동,1533
2021,3,11200615,금호2?3가동,394
2021,3,11200620,금호4가동,709
2021,3,11740685,길동,8361
2021,3,11290660,길음1동,4044
2021,3,11290685,길음2동,438
2021,3,11620585,낙성대동,5501
2021,3,11620775,난곡동,883
2021,3,11620715,난향동,430
2021,3,11410690,남가좌1동,1636
2021,3,11410700,남가좌2동,838
2021,3,11170530,남영동,16510
2021,3,11620630,남현동,3374
2021,3,11650660,내곡동,1029
2021,3,11590510,노량진1동,4359
2021,3,11590520,노량진2동,3919
2021,3,11380510,녹번동,2625
2021,3,11680521,논현1동,40917
2021,3,11680531,논현2동,51348
2021,3,11215780,능동,1455
2021,3,11140625,다산동,6479
2021,3,11230600,답십리1동,2039
2021,3,11230610,답십리2동,2849
2021,3,11560550,당산1동,7122
2021,3,11560560,당산2동,11854
2021,3,11560700,대림1동,1614
2021,3,11560710,대림2동,3511
2021,3,11560720,대림3동,5000
2021,3,11590660,대방동,8214
2021,3,11380570,대조동,2240
2021,3,11680600,대치1동,16887
2021,3,11680610,대치2동,93548
2021,3,11680630,대치4동,33644
2021,3,11620735,대학동,659
2021,3,11440600,대흥동,3932
2021,3,11680655,도곡1동,29536
2021,3,11680656,도곡2동,87366
2021,3,11560585,도림동,652
2021,3,11320521,도봉1동,1620
2021,3,11320522,도봉2동,815
2021,3,11440585,도화동,12792
2021,3,11545610,독산1동,11527
2021,3,11545620,독산2동,1495
2021,3,11545630,독산3동,3541
2021,3,11545640,독산4동,1481
2021,3,11290580,돈암1동,126
2021,3,11290590,돈암2동,433
2021,3,11290575,동선동,2026
2021,3,11140665,동화동,1168
2021,3,11740700,둔촌2동,2952
2021,3,11500520,등촌1동,5411
2021,3,11500530,등촌2동,2931
2021,3,11500535,등촌3동,13188
2021,3,11200540,마장동,6815
2021,3,11710540,마천1동,671
2021,3,11710550,마천2동,1374
2021,3,11260660,망우3동,371
2021,3,11260655,망우본동,1494
2021,3,11440690,망원1동,3131
2021,3,11440700,망원2동,4504
2021,3,11260520,면목2동,1106
2021,3,11260575,면목3?8동,1963
2021,3,11260540,면목4동,801
2021,3,11260550,면목5동,954
2021,3,11260570,면목7동,786
2021,3,11260565,면목본동,1210
2021,3,11140550,명동,122900
2021,3,11740530,명일1동,3976
2021,3,11740540,명일2동,2635
2021,3,11470510,목1동,14424
2021,3,11470520,목2동,3017
2021,3,11470530,목3동,1768
2021,3,11470540,목4동,1836
2021,3,11470550,목5동,15086
2021,3,11110570,무악동,431
2021,3,11260620,묵1동,967
2021,3,11260630,묵2동,1404
2021,3,11560605,문래동,56797
2021,3,11710641,문정1동,31815
2021,3,11710642,문정2동,37095
2021,3,11620765,미성동,2518
2021,3,11305535,미아동,984
2021,3,11650560,반포1동,7464
2021,3,11650570,반포2동,2283
2021,3,11650580,반포3동,2674
2021,3,11650581,반포4동,57270
2021,3,11650550,반포본동,11178
2021,3,11500611,발산1동,2494
2021,3,11650600,방배1동,15710
2021,3,11650610,방배2동,14220
2021,3,11650620,방배3동,15432
2021,3,11650621,방배4동,15577
2021,3,11650590,방배본동,23491
2021,3,11710561,방이1동,8038
2021,3,11710562,방이2동,40198
2021,3,11320690,방학1동,2999
2021,3,11320700,방학2동,793
2021,3,11320710,방학3동,1081
2021,3,11500630,방화1동,4389
2021,3,11500640,방화2동,2100
2021,3,11500641,방화3동,2437
2021,3,11305595,번1동,2157
2021,3,11305603,번2동,289
2021,3,11305608,번3동,226
2021,3,11170700,보광동,547
2021,3,11620525,보라매동,2155
2021,3,11290610,보문동,3466
2021,3,11110550,부암동,1712
2021,3,11410710,북가좌1동,351
2021,3,11410720,북가좌2동,1495
2021,3,11410555,북아현동,1257
2021,3,11380520,불광1동,1884
2021,3,11380530,불광2동,1998
2021,3,11200550,사근동,399
2021,3,11590620,사당1동,3709
2021,3,11590630,사당2동,2002
2021,3,11590640,사당3동,893
2021,3,11590650,사당4동,1203
2021,3,11590651,사당5동,1463
2021,3,11110530,사직동,45807
2021,3,11305575,삼각산동,296
2021,3,11290555,삼선동,4713
2021,3,11680580,삼성1동,169811
2021,3,11680590,삼성2동,57038
2021,3,11620745,삼성동,780
2021,3,11305534,삼양동,345
2021,3,11710610,삼전동,3629
2021,3,11110540,삼청동,3007
2021,3,11350720,상계10동,401
2021,3,11350630,상계1동,3668
2021,3,11350640,상계2동,2063
2021,3,11350665,상계3?4동,617
2021,3,11350670,상계5동,1096
2021,3,11350695,상계6?7동,3737
2021,3,11350700,상계8동,576
2021,3,11350710,상계9동,1126
2021,3,11590530,상도1동,3353
2021,3,11590540,상도2동,1019
2021,3,11590550,상도3동,966
2021,3,11590560,상도4동,1114
2021,3,11260580,상봉1동,1862
2021,3,11260590,상봉2동,4569
2021,3,11440740,상암동,11462
2021,3,11740520,상일동,1070
2021,3,11440655,서강동,3181
2021,3,11440660,서교동,26231
2021,3,11620665,서림동,1534
2021,3,11170690,서빙고동,6671
2021,3,11620645,서원동,2073
2021,3,11650510,서초1동,42533
2021,3,11650520,서초2동,60995
2021,3,11650530,서초3동,61450
2021,3,11650531,서초4동,33312
2021,3,11290810,석관동,2596
2021,3,11710600,석촌동,8142
2021,3,11740640,성내1동,13587
2021,3,11740650,성내2동,2250
2021,3,11740660,성내3동,4018
2021,3,11290525,성북동,19885
2021,3,11440720,성산1동,4809
2021,3,11440730,성산2동,2037
2021,3,11200650,성수1가1동,2307
2021,3,11200660,성수1가2동,5397
2021,3,11200670,성수2가1동,7627
2021,3,11200690,성수2가3동,22671
2021,3,11620565,성현동,1713
2021,3,11680700,세곡동,407
2021,3,11140520,소공동,93047
2021,3,11200720,송정동,862
2021,3,11305545,송중동,1341
2021,3,11305555,송천동,821
2021,3,11710580,송파1동,9835
2021,3,11710590,송파2동,5342
2021,3,11530790,수궁동,1741
2021,3,11380650,수색동,216
2021,3,11680750,수서동,18199
2021,3,11305615,수유1동,1155
2021,3,11305625,수유2동,1284
2021,3,11305635,수유3동,3062
2021,3,11110700,숭인1동,225
2021,3,11110710,숭인2동,1620
2021,3,11545670,시흥1동,4369
2021,3,11545680,시흥2동,978
2021,3,11545690,시흥3동,1826
2021,3,11545700,시흥4동,1242
2021,3,11545710,시흥5동,1300
2021,3,11560630,신길1동,2505
2021,3,11560650,신길3동,463
2021,3,11560660,신길4동,777
2021,3,11560670,신길5동,804
2021,3,11560680,신길6동,1857
2021,3,11560690,신길7동,2428
2021,3,11260680,신내1동,2084
2021,3,11260690,신내2동,686
2021,3,11140650,신당5동,742
2021,3,11140615,신당동,5257
2021,3,11590670,신대방1동,3834
2021,3,11590680,신대방2동,13567
2021,3,11530510,신도림동,9259
2021,3,11620695,신림동,1677
2021,3,11380631,신사1동,1272
2021,3,11380632,신사2동,1084
2021,3,11680510,신사동,26498
2021,3,11620685,신사동,3751
2021,3,11440630,신수동,2357
2021,3,11620655,신원동,569
2021,3,11470560,신월1동,2094
2021,3,11470570,신월2동,1607
2021,3,11470580,신월3동,1019
2021,3,11470590,신월4동,1334
2021,3,11470600,신월5동,1521
2021,3,11470610,신월6동,691
2021,3,11470611,신월7동,2522
2021,3,11470620,신정1동,7480
2021,3,11470630,신정2동,12667
2021,3,11470640,신정3동,2050
2021,3,11470650,신정4동,5168
2021,3,11470680,신정7동,298
2021,3,11410585,신촌동,1969
2021,3,11320660,쌍문1동,802
2021,3,11320670,쌍문2동,1004
2021,3,11320680,쌍문3동,1035
2021,3,11320681,쌍문4동,250
2021,3,11440555,아현동,5681
2021,3,11290600,안암동,2246
2021,3,11740570,암사1동,2488
2021,3,11740580,암사2동,2162
2021,3,11680545,압구정동,40086
2021,3,11140635,약수동,9774
2021,3,11650651,양재1동,26213
2021,3,11650652,양재2동,32728
2021,3,11560610,양평1동,8762
2021,3,11560620,양평2동,12555
2021,3,11560540,여의동,192171
2021,3,11680640,역삼1동,169130
2021,3,11680650,역삼2동,48471
2021,3,11380625,역촌동,3216
2021,3,11440710,연남동,2885
2021,3,11410615,연희동,7677
2021,3,11440610,염리동,2042
2021,3,11500510,염창동,2900
2021,3,11560535,영등포동,13330
2021,3,11560515,영등포본동,4165
2021,3,11710570,오금동,21745
2021,3,11530770,오류1동,3085
2021,3,11530780,오류2동,736
2021,3,11710566,오륜동,16273
2021,3,11200645,옥수동,2061
2021,3,11200520,왕십리2동,1035
2021,3,11200535,왕십리도선동,3164
2021,3,11440590,용강동,11032
2021,3,11200790,용답동,3201
2021,3,11170590,용문동,2558
2021,3,11170520,용산2가동,721
2021,3,11230536,용신동,19499
2021,3,11305645,우이동,1439
2021,3,11500615,우장산동,3267
2021,3,11170560,원효로1동,2817
2021,3,11170570,원효로2동,2867
2021,3,11350560,월계1동,1349
2021,3,11350570,월계2동,54
2021,3,11350580,월계3동,339
2021,3,11290715,월곡1동,1425
2021,3,11290725,월곡2동,2935
2021,3,11620605,은천동,1140
2021,3,11140605,을지로동,15804
2021,3,11200580,응봉동,368
2021,3,11380580,응암1동,2292
2021,3,11380590,응암2동,404
2021,3,11380600,응암3동,1475
2021,3,11230740,이문1동,915
2021,3,11230750,이문2동,247
2021,3,11170630,이촌1동,5250
2021,3,11170640,이촌2동,2644
2021,3,11170650,이태원1동,18613
2021,3,11170660,이태원2동,1046
2021,3,11110640,이화동,1800
2021,3,11305660,인수동,2941
2021,3,11620625,인헌동,1574
2021,3,11680730,일원1동,1836
2021,3,11215820,자양1동,10193
2021,3,11215830,자양2동,2299
2021,3,11215840,자양3동,1991
2021,3,11215847,자양4동,759
2021,3,11710670,잠실2동,3800
2021,3,11710680,잠실3동,30372
2021,3,11710690,잠실4동,2075
2021,3,11710710,잠실6동,53520
2021,3,11710650,잠실본동,10021
2021,3,11650540,잠원동,11785
2021,3,11230650,장안1동,9768
2021,3,11230660,장안2동,5233
2021,3,11290760,장위1동,547
2021,3,11290770,장위2동,686
2021,3,11290780,장위3동,221
2021,3,11710646,장지동,5323
2021,3,11140580,장충동,5479
2021,3,11230560,전농1동,873
2021,3,11230570,전농2동,1015
2021,3,11290620,정릉1동,526
2021,3,11290630,정릉2동,1094
2021,3,11290640,정릉3동,378
2021,3,11290650,정릉4동,863
2021,3,11230545,제기동,4704
2021,3,11620725,조원동,2942
2021,3,11110615,종로1?2?3?4가동,115053
2021,3,11110630,종로5?6가동,22084
2021,3,11290705,종암동,16164
2021,3,11350621,중계1동,950
2021,3,11350625,중계2?3동,1294
2021,3,11350624,중계4동,1121
2021,3,11350619,중계본동,904
2021,3,11215740,중곡1동,4132
2021,3,11215750,중곡2동,2348
2021,3,11215760,중곡3동,919
2021,3,11215770,중곡4동,3121
2021,3,11140680,중림동,3238
2021,3,11620615,중앙동,1264
2021,3,11260600,중화1동,1158
2021,3,11260610,중화2동,794
2021,3,11380640,증산동,2370
2021,3,11380690,진관동,539
2021,3,11320511,창1동,900
2021,3,11320512,창2동,1112
2021,3,11320513,창3동,589
2021,3,11320514,창4동,1631
2021,3,11320515,창5동,5138
2021,3,11110670,창신1동,1940
2021,3,11110680,창신2동,183
2021,3,11110690,창신3동,111
2021,3,11410520,천연동,1117
2021,3,11740600,천호1동,1785
2021,3,11740610,천호2동,2915
2021,3,11740620,천호3동,1293
2021,3,11140645,청구동,2028
2021,3,11680565,청담동,54369
2021,3,11230705,청량리동,2798
2021,3,11620595,청룡동,3071
2021,3,11620545,청림동,308
2021,3,11110515,청운효자동,6252
2021,3,11170555,청파동,3013
2021,3,11410565,충현동,12196
2021,3,11110560,평창동,11836
2021,3,11710510,풍납1동,1007
2021,3,11710520,풍납2동,473
2021,3,11140570,필동,13408
2021,3,11350611,하계1동,557
2021,3,11170625,한강로동,43804
2021,3,11170685,한남동,37600
2021,3,11440680,합정동,5238
2021,3,11200560,행당1동,1566
2021,3,11200570,행당2동,17
2021,3,11620575,행운동,2006
2021,3,11110650,혜화동,5345
2021,3,11410660,홍은1동,2582
2021,3,11410685,홍은2동,1579
2021,3,11410620,홍제1동,1864
2021,3,11410655,홍제2동,347
2021,3,11410640,홍제3동,857
2021,3,11500540,화곡1동,4355
2021,3,11500550,화곡2동,1371
2021,3,11500560,화곡3동,3555
2021,3,11500570,화곡4동,2169
2021,3,11500591,화곡6동,7642
2021,3,11500593,화곡8동,1592
2021,3,11500590,화곡본동,2358
2021,3,11215710,화양동,1232
2021,3,11140670,황학동,806
2021,3,11230710,회기동,131
2021,3,11140540,회현동,78140
2021,3,11170580,효창동,1167
2021,3,11170510,후암동,1731
2021,3,11230720,휘경1동,809
2021,3,11230730,휘경2동,1022
2021,3,11590605,흑석동,126
2021,4,11710631,가락1동,5833
2021,4,11710632,가락2동,7197
2021,4,11710620,가락본동,28995
2021,4,11530595,가리봉동,853
2021,4,11545510,가산동,92197
2021,4,11500603,가양1동,1970
2021,4,11500605,가양3동,344
2021,4,11110600,가회동,13017
2021,4,11380551,갈현1동,2156
2021,4,11380552,갈현2동,3042
2021,4,11740515,강일동,156
2021,4,11530740,개봉1동,9334
2021,4,11530750,개봉2동,8545
2021,4,11530760,개봉3동,1488
2021,4,11680660,개포1동,466
2021,4,11680670,개포2동,9957
2021,4,11680690,개포4동,7461
2021,4,11710531,거여1동,3417
2021,4,11710532,거여2동,1508
2021,4,11740550,고덕1동,799
2021,4,11740560,고덕2동,1034
2021,4,11530720,고척1동,2678
2021,4,11530730,고척2동,1686
2021,4,11440565,공덕동,10155
2021,4,11350595,공릉1동,7314
2021,4,11350600,공릉2동,1067
2021,4,11500620,공항동,5500
2021,4,11215810,광장동,7266
2021,4,11140590,광희동,58515
2021,4,11110580,교남동,846
2021,4,11530530,구로2동,11788
2021,4,11530540,구로3동,60830
2021,4,11530550,구로4동,1750
2021,4,11530560,구로5동,11842
2021,4,11380560,구산동,1741
2021,4,11215850,구의1동,3276
2021,4,11215860,구의2동,2079
2021,4,11215870,구의3동,9627
2021,4,11215730,군자동,1273
2021,4,11200590,금호1가동,1721
2021,4,11200615,금호2?3가동,373
2021,4,11200620,금호4가동,716
2021,4,11740685,길동,8563
2021,4,11290660,길음1동,4493
2021,4,11290685,길음2동,466
2021,4,11620585,낙성대동,5270
2021,4,11620775,난곡동,1030
2021,4,11620715,난향동,319
2021,4,11410690,남가좌1동,1684
2021,4,11410700,남가좌2동,970
2021,4,11170530,남영동,17331
2021,4,11620630,남현동,3481
2021,4,11650660,내곡동,1187
2021,4,11590510,노량진1동,3339
2021,4,11590520,노량진2동,4035
2021,4,11380510,녹번동,2163
2021,4,11680521,논현1동,40861
2021,4,11680531,논현2동,50355
2021,4,11215780,능동,1400
2021,4,11140625,다산동,6650
2021,4,11230600,답십리1동,2154
2021,4,11230610,답십리2동,2968
2021,4,11560550,당산1동,6841
2021,4,11560560,당산2동,11914
2021,4,11560700,대림1동,1513
2021,4,11560710,대림2동,3597
2021,4,11560720,대림3동,5117
2021,4,11590660,대방동,8638
2021,4,11380570,대조동,2133
2021,4,11680600,대치1동,18253
2021,4,11680610,대치2동,91102
2021,4,11680630,대치4동,31644
2021,4,11620735,대학동,608
2021,4,11440600,대흥동,3465
2021,4,11680655,도곡1동,29691
2021,4,11680656,도곡2동,95884
2021,4,11560585,도림동,654
2021,4,11320521,도봉1동,1591
2021,4,11320522,도봉2동,820
2021,4,11440585,도화동,12595
2021,4,11545610,독산1동,11210
2021,4,11545620,독산2동,1576
2021,4,11545630,독산3동,3389
2021,4,11545640,독산4동,1411
2021,4,11290580,돈암1동,151
2021,4,11290590,돈암2동,723
2021,4,11290575,동선동,1974
2021,4,11140665,동화동,1157
2021,4,11740700,둔촌2동,2597
2021,4,11500520,등촌1동,5353
2021,4,11500530,등촌2동,3208
2021,4,11500535,등촌3동,11934
2021,4,11200540,마장동,6750
2021,4,11710540,마천1동,666
2021,4,11710550,마천2동,1523
2021,4,11260660,망우3동,320
2021,4,11260655,망우본동,1514
2021,4,11440690,망원1동,2880
2021,4,11440700,망원2동,4460
2021,4,11260520,면목2동,1036
2021,4,11260575,면목3?8동,1762
2021,4,11260540,면목4동,818
2021,4,11260550,면목5동,1081
2021,4,11260570,면목7동,717
2021,4,11260565,면목본동,1074
2021,4,11140550,명동,124112
2021,4,11740530,명일1동,4140
2021,4,11740540,명일2동,2429
2021,4,11470510,목1동,15358
2021,4,11470520,목2동,3478
2021,4,11470530,목3동,2011
2021,4,11470540,목4동,2018
2021,4,11470550,목5동,15139
2021,4,11110570,무악동,519
2021,4,11260620,묵1동,977
2021,4,11260630,묵2동,1381
2021,4,11560605,문래동,56252
2021,4,11710641,문정1동,34806
2021,4,11710642,문정2동,36301
2021,4,11620765,미성동,2922
2021,4,11305535,미아동,1307
2021,4,11650560,반포1동,8126
2021,4,11650570,반포2동,2973
2021,4,11650580,반포3동,2930
2021,4,11650581,반포4동,56426
2021,4,11650550,반포본동,11741
2021,4,11500611,발산1동,4028
2021,4,11650600,방배1동,16153
2021,4,11650610,방배2동,16039
2021,4,11650620,방배3동,15415
2021,4,11650621,방배4동,15039
2021,4,11650590,방배본동,24123
2021,4,11710561,방이1동,8235
2021,4,11710562,방이2동,41991
2021,4,11320690,방학1동,3254
2021,4,11320700,방학2동,719
2021,4,11320710,방학3동,1084
2021,4,11500630,방화1동,4120
2021,4,11500640,방화2동,2178
2021,4,11500641,방화3동,2479
2021,4,11305595,번1동,2055
2021,4,11305603,번2동,340
2021,4,11305608,번3동,240
2021,4,11170700,보광동,510
2021,4,11620525,보라매동,2630
2021,4,11290610,보문동,3405
2021,4,11110550,부암동,1636
2021,4,11410710,북가좌1동,450
2021,4,11410720,북가좌2동,1369
2021,4,11410555,북아현동,1212
2021,4,11380520,불광1동,2024
2021,4,11380530,불광2동,4506
2021,4,11200550,사근동,350
2021,4,11590620,사당1동,3631
2021,4,11590630,사당2동,1925
2021,4,11590640,사당3동,920
2021,4,11590650,사당4동,1404
2021,4,11590651,사당5동,1687
2021,4,11110530,사직동,44521
2021,4,11305575,삼각산동,354
2021,4,11290555,삼선동,4526
2021,4,11680580,삼성1동,169509
2021,4,11680590,삼성2동,57932
2021,4,11620745,삼성동,910
2021,4,11305534,삼양동,288
2021,4,11710610,삼전동,3736
2021,4,11110540,삼청동,3999
2021,4,11350720,상계10동,357
2021,4,11350630,상계1동,3568
2021,4,11350640,상계2동,1909
2021,4,11350665,상계3?4동,716
2021,4,11350670,상계5동,1030
2021,4,11350695,상계6?7동,4587
2021,4,11350700,상계8동,761
2021,4,11350710,상계9동,1445
2021,4,11590530,상도1동,3332
2021,4,11590540,상도2동,1151
2021,4,11590550,상도3동,1093
2021,4,11590560,상도4동,1213
2021,4,11260580,상봉1동,1976
2021,4,11260590,상봉2동,4445
2021,4,11440740,상암동,11548
2021,4,11740520,상일동,1403
2021,4,11440655,서강동,3033
2021,4,11440660,서교동,26146
2021,4,11620665,서림동,1862
2021,4,11170690,서빙고동,7751
2021,4,11620645,서원동,2096
2021,4,11650510,서초1동,43719
2021,4,11650520,서초2동,59592
2021,4,11650530,서초3동,60960
2021,4,11650531,서초4동,34065
2021,4,11290810,석관동,2355
2021,4,11710600,석촌동,8871
2021,4,11740640,성내1동,10609
2021,4,11740650,성내2동,2005
2021,4,11740660,성내3동,4116
2021,4,11290525,성북동,18657
2021,4,11440720,성산1동,5214
2021,4,11440730,성산2동,2020
2021,4,11200650,성수1가1동,2080
2021,4,11200660,성수1가2동,5470
2021,4,11200670,성수2가1동,8111
2021,4,11200690,성수2가3동,22812
2021,4,11620565,성현동,1766
2021,4,11680700,세곡동,360
2021,4,11140520,소공동,93326
2021,4,11200720,송정동,896
2021,4,11305545,송중동,1276
2021,4,11305555,송천동,720
2021,4,11710580,송파1동,15471
2021,4,11710590,송파2동,6409
2021,4,11530790,수궁동,1801
2021,4,11380650,수색동,259
2021,4,11680750,수서동,17525
2021,4,11305615,수유1동,1076
2021,4,11305625,수유2동,1277
2021,4,11305635,수유3동,2985
2021,4,11110700,숭인1동,258
2021,4,11110710,숭인2동,1586
2021,4,11545670,시흥1동,4584
2021,4,11545680,시흥2동,954
2021,4,11545690,시흥3동,1638
2021,4,11545700,시흥4동,1307
2021,4,11545710,시흥5동,1501
2021,4,11560630,신길1동,2758
2021,4,11560650,신길3동,585
2021,4,11560660,신길4동,1041
2021,4,11560670,신길5동,974
2021,4,11560680,신길6동,1838
2021,4,11560690,신길7동,2622
2021,4,11260680,신내1동,1561
2021,4,11260690,신내2동,734
2021,4,11140650,신당5동,708
2021,4,11140615,신당동,5055
2021,4,11590670,신대방1동,3759
2021,4,11590680,신대방2동,13749
2021,4,11530510,신도림동,9297
2021,4,11620695,신림동,1587
2021,4,11380631,신사1동,1335
2021,4,11380632,신사2동,980
2021,4,11680510,신사동,26570
2021,4,11620685,신사동,3706
2021,4,11440630,신수동,2396
2021,4,11620655,신원동,540
2021,4,11470560,신월1동,2065
2021,4,11470570,신월2동,1863
2021,4,11470580,신월3동,1027
2021,4,11470590,신월4동,1264
2021,4,11470600,신월5동,1638
2021,4,11470610,신월6동,665
2021,4,11470611,신월7동,2510
2021,4,11470620,신정1동,8070
2021,4,11470630,신정2동,13393
2021,4,11470640,신정3동,2165
2021,4,11470650,신정4동,5292
2021,4,11470680,신정7동,229
2021,4,11410585,신촌동,1807
2021,4,11320660,쌍문1동,753
2021,4,11320670,쌍문2동,982
2021,4,11320680,쌍문3동,1010
2021,4,11320681,쌍문4동,314
2021,4,11440555,아현동,5614
2021,4,11290600,안암동,2171
2021,4,11740570,암사1동,2678
2021,4,11740580,암사2동,2007
2021,4,11680545,압구정동,39740
2021,4,11140635,약수동,10507
2021,4,11650651,양재1동,25679
2021,4,11650652,양재2동,34416
2021,4,11560610,양평1동,10467
2021,4,11560620,양평2동,12638
2021,4,11560540,여의동,193775
2021,4,11680640,역삼1동,169288
2021,4,11680650,역삼2동,48339
2021,4,11380625,역촌동,3286
2021,4,11440710,연남동,2729
2021,4,11410615,연희동,8584
2021,4,11440610,염리동,2041
2021,4,11500510,염창동,3311
2021,4,11560535,영등포동,13253
2021,4,11560515,영등포본동,3990
2021,4,11710570,오금동,23886
2021,4,11530770,오류1동,3696
2021,4,11530780,오류2동,627
2021,4,11710566,오륜동,17367
2021,4,11200645,옥수동,3459
2021,4,11200520,왕십리2동,1350
2021,4,11200535,왕십리도선동,3200
2021,4,11440590,용강동,12882
2021,4,11200790,용답동,3262
2021,4,11170590,용문동,3635
2021,4,11170520,용산2가동,413
2021,4,11230536,용신동,19675
2021,4,11305645,우이동,1954
2021,4,11500615,우장산동,3743
2021,4,11170560,원효로1동,2023
2021,4,11170570,원효로2동,3070
2021,4,11350560,월계1동,1739
2021,4,11350570,월계2동,54
2021,4,11350580,월계3동,437
2021,4,11290715,월곡1동,1542
2021,4,11290725,월곡2동,2659
2021,4,11620605,은천동,1006
2021,4,11140605,을지로동,15737
2021,4,11200580,응봉동,696
2021,4,11380580,응암1동,2332
2021,4,11380590,응암2동,443
2021,4,11380600,응암3동,1511
2021,4,11230740,이문1동,937
2021,4,11230750,이문2동,294
2021,4,11170630,이촌1동,5718
2021,4,11170640,이촌2동,2211
2021,4,11170650,이태원1동,22318
2021,4,11170660,이태원2동,976
2021,4,11110640,이화동,1918
2021,4,11305660,인수동,2841
2021,4,11620625,인헌동,1498
2021,4,11680730,일원1동,1871
2021,4,11215820,자양1동,9561
2021,4,11215830,자양2동,2163
2021,4,11215840,자양3동,2198
2021,4,11215847,자양4동,677
2021,4,11710670,잠실2동,3901
2021,4,11710680,잠실3동,29138
2021,4,11710690,잠실4동,4342
2021,4,11710710,잠실6동,54446
2021,4,11710650,잠실본동,11115
2021,4,11650540,잠원동,11715
2021,4,11230650,장안1동,9744
2021,4,11230660,장안2동,5138
2021,4,11290760,장위1동,511
2021,4,11290770,장위2동,836
2021,4,11290780,장위3동,421
2021,4,11710646,장지동,5321
2021,4,11140580,장충동,5367
2021,4,11230560,전농1동,687
2021,4,11230570,전농2동,920
2021,4,11290620,정릉1동,631
2021,4,11290630,정릉2동,1296
2021,4,11290640,정릉3동,350
2021,4,11290650,정릉4동,966
2021,4,11230545,제기동,5383
2021,4,11620725,조원동,2890
2021,4,11110615,종로1?2?3?4가동,112601
2021,4,11110630,종로5?6가동,21618
2021,4,11290705,종암동,15332
2021,4,11350621,중계1동,1095
2021,4,11350625,중계2?3동,1261
2021,4,11350624,중계4동,1445
2021,4,11350619,중계본동,831
2021,4,11215740,중곡1동,3767
2021,4,11215750,중곡2동,2299
2021,4,11215760,중곡3동,841
2021,4,11215770,중곡4동,3655
2021,4,11140680,중림동,3121
2021,4,11620615,중앙동,1189
2021,4,11260600,중화1동,1214
2021,4,11260610,중화2동,731
2021,4,11380640,증산동,1928
2021,4,11380690,진관동,579
2021,4,11320511,창1동,1149
2021,4,11320512,창2동,1105
2021,4,11320513,창3동,661
2021,4,11320514,창4동,1768
2021,4,11320515,창5동,5148
2021,4,11110670,창신1동,1867
2021,4,11110680,창신2동,129
2021,4,11110690,창신3동,129
2021,4,11410520,천연동,1067
2021,4,11740600,천호1동,2261
2021,4,11740610,천호2동,3076
2021,4,11740620,천호3동,1309
2021,4,11140645,청구동,3499
2021,4,11680565,청담동,54272
2021,4,11230705,청량리동,2521
2021,4,11620595,청룡동,3414
2021,4,11620545,청림동,304
2021,4,11110515,청운효자동,6024
2021,4,11170555,청파동,3008
2021,4,11410565,충현동,11615
2021,4,11110560,평창동,11829
2021,4,11710510,풍납1동,719
2021,4,11710520,풍납2동,505
2021,4,11140570,필동,13649
2021,4,11350611,하계1동,609
2021,4,11170625,한강로동,41872
2021,4,11170685,한남동,36498
2021,4,11440680,합정동,5202
2021,4,11200560,행당1동,1507
2021,4,11200570,행당2동,11
2021,4,11620575,행운동,2641
2021,4,11110650,혜화동,5022
2021,4,11410660,홍은1동,3248
2021,4,11410685,홍은2동,1246
2021,4,11410620,홍제1동,2998
2021,4,11410655,홍제2동,415
2021,4,11410640,홍제3동,793
2021,4,11500540,화곡1동,4201
2021,4,11500550,화곡2동,2498
2021,4,11500560,화곡3동,3512
2021,4,11500570,화곡4동,2146
2021,4,11500591,화곡6동,7963
2021,4,11500593,화곡8동,1794
2021,4,11500590,화곡본동,2614
2021,4,11215710,화양동,1130
2021,4,11140670,황학동,768
2021,4,11230710,회기동,103
2021,4,11140540,회현동,77872
2021,4,11170580,효창동,1378
2021,4,11170510,후암동,2018
2021,4,11230720,휘경1동,740
2021,4,11230730,휘경2동,1142
2021,4,11590605,흑석동,110
2022,1,11710631,가락1동,5833
2022,1,11710632,가락2동,7197
2022,1,11710620,가락본동,28995
2022,1,11530595,가리봉동,853
2022,1,11545510,가산동,92197
2022,1,11500603,가양1동,1970
2022,1,11500605,가양3동,344
2022,1,11110600,가회동,13017
2022,1,11380551,갈현1동,2156
2022,1,11380552,갈현2동,3042
2022,1,11740515,강일동,156
2022,1,11530740,개봉1동,9334
2022,1,11530750,개봉2동,8545
2022,1,11530760,개봉3동,1488
2022,1,11680660,개포1동,466
2022,1,11680670,개포2동,9957
2022,1,11680690,개포4동,7461
2022,1,11710531,거여1동,3417
2022,1,11710532,거여2동,1508
2022,1,11740550,고덕1동,799
2022,1,11740560,고덕2동,1034
2022,1,11530720,고척1동,2678
2022,1,11530730,고척2동,1686
2022,1,11440565,공덕동,10155
2022,1,11350595,공릉1동,7314
2022,1,11350600,공릉2동,1067
2022,1,11500620,공항동,5500
2022,1,11215810,광장동,7266
2022,1,11140590,광희동,58515
2022,1,11110580,교남동,846
2022,1,11530530,구로2동,11788
2022,1,11530540,구로3동,60830
2022,1,11530550,구로4동,1750
2022,1,11530560,구로5동,11842
2022,1,11380560,구산동,1741
2022,1,11215850,구의1동,3276
2022,1,11215860,구의2동,2079
2022,1,11215870,구의3동,9627
2022,1,11215730,군자동,1273
2022,1,11200590,금호1가동,1721
2022,1,11200615,금호2?3가동,373
2022,1,11200620,금호4가동,716
2022,1,11740685,길동,8563
2022,1,11290660,길음1동,4493
2022,1,11290685,길음2동,466
2022,1,11620585,낙성대동,5270
2022,1,11620775,난곡동,1030
2022,1,11620715,난향동,319
2022,1,11410690,남가좌1동,1684
2022,1,11410700,남가좌2동,970
2022,1,11170530,남영동,17331
2022,1,11620630,남현동,3481
2022,1,11650660,내곡동,1187
2022,1,11590510,노량진1동,3339
2022,1,11590520,노량진2동,4035
2022,1,11380510,녹번동,2163
2022,1,11680521,논현1동,40861
2022,1,11680531,논현2동,50355
2022,1,11215780,능동,1400
2022,1,11140625,다산동,6650
2022,1,11230600,답십리1동,2154
2022,1,11230610,답십리2동,2968
2022,1,11560550,당산1동,6841
2022,1,11560560,당산2동,11914
2022,1,11560700,대림1동,1513
2022,1,11560710,대림2동,3597
2022,1,11560720,대림3동,5117
2022,1,11590660,대방동,8638
2022,1,11380570,대조동,2133
2022,1,11680600,대치1동,18253
2022,1,11680610,대치2동,91102
2022,1,11680630,대치4동,31644
2022,1,11620735,대학동,608
2022,1,11440600,대흥동,3465
2022,1,11680655,도곡1동,29691
2022,1,11680656,도곡2동,95884
2022,1,11560585,도림동,654
2022,1,11320521,도봉1동,1591
2022,1,11320522,도봉2동,820
2022,1,11440585,도화동,12595
2022,1,11545610,독산1동,11210
2022,1,11545620,독산2동,1576
2022,1,11545630,독산3동,3389
2022,1,11545640,독산4동,1411
2022,1,11290580,돈암1동,151
2022,1,11290590,돈암2동,723
2022,1,11290575,동선동,1974
2022,1,11140665,동화동,1157
2022,1,11740700,둔촌2동,2597
2022,1,11500520,등촌1동,5353
2022,1,11500530,등촌2동,3208
2022,1,11500535,등촌3동,11934
2022,1,11200540,마장동,6750
2022,1,11710540,마천1동,666
2022,1,11710550,마천2동,1523
2022,1,11260660,망우3동,320
2022,1,11260655,망우본동,1514
2022,1,11440690,망원1동,2880
2022,1,11440700,망원2동,4460
2022,1,11260520,면목2동,1036
2022,1,11260575,면목3?8동,1762
2022,1,11260540,면목4동,818
2022,1,11260550,면목5동,1081
2022,1,11260570,면목7동,717
2022,1,11260565,면목본동,1074
2022,1,11140550,명동,124112
2022,1,11740530,명일1동,4140
2022,1,11740540,명일2동,2429
2022,1,11470510,목1동,15358
2022,1,11470520,목2동,3478
2022,1,11470530,목3동,2011
2022,1,11470540,목4동,2018
2022,1,11470550,목5동,15139
2022,1,11110570,무악동,519
2022,1,11260620,묵1동,977
2022,1,11260630,묵2동,1381
2022,1,11560605,문래동,56252
2022,1,11710641,문정1동,34806
2022,1,11710642,문정2동,36301
2022,1,11620765,미성동,2922
2022,1,11305535,미아동,1307
2022,1,11650560,반포1동,8126
2022,1,11650570,반포2동,2973
2022,1,11650580,반포3동,2930
2022,1,11650581,반포4동,56426
2022,1,11650550,반포본동,11741
2022,1,11500611,발산1동,4028
2022,1,11650600,방배1동,16153
2022,1,11650610,방배2동,16039
2022,1,11650620,방배3동,15415
2022,1,11650621,방배4동,15039
2022,1,11650590,방배본동,24123
2022,1,11710561,방이1동,8235
2022,1,11710562,방이2동,41991
2022,1,11320690,방학1동,3254
2022,1,11320700,방학2동,719
2022,1,11320710,방학3동,1084
2022,1,11500630,방화1동,4120
2022,1,11500640,방화2동,2178
2022,1,11500641,방화3동,2479
2022,1,11305595,번1동,2055
2022,1,11305603,번2동,340
2022,1,11305608,번3동,240
2022,1,11170700,보광동,510
2022,1,11620525,보라매동,2630
2022,1,11290610,보문동,3405
2022,1,11110550,부암동,1636
2022,1,11410710,북가좌1동,450
2022,1,11410720,북가좌2동,1369
2022,1,11410555,북아현동,1212
2022,1,11380520,불광1동,2024
2022,1,11380530,불광2동,4506
2022,1,11200550,사근동,350
2022,1,11590620,사당1동,3631
2022,1,11590630,사당2동,1925
2022,1,11590640,사당3동,920
2022,1,11590650,사당4동,1404
2022,1,11590651,사당5동,1687
2022,1,11110530,사직동,44521
2022,1,11305575,삼각산동,354
2022,1,11290555,삼선동,4526
2022,1,11680580,삼성1동,169509
2022,1,11680590,삼성2동,57932
2022,1,11620745,삼성동,910
2022,1,11305534,삼양동,288
2022,1,11710610,삼전동,3736
2022,1,11110540,삼청동,3999
2022,1,11350720,상계10동,357
2022,1,11350630,상계1동,3568
2022,1,11350640,상계2동,1909
2022,1,11350665,상계3?4동,716
2022,1,11350670,상계5동,1030
2022,1,11350695,상계6?7동,4587
2022,1,11350700,상계8동,761
2022,1,11350710,상계9동,1445
2022,1,11590530,상도1동,3332
2022,1,11590540,상도2동,1151
2022,1,11590550,상도3동,1093
2022,1,11590560,상도4동,1213
2022,1,11260580,상봉1동,1976
2022,1,11260590,상봉2동,4445
2022,1,11440740,상암동,11548
2022,1,11740520,상일동,1403
2022,1,11440655,서강동,3033
2022,1,11440660,서교동,26146
2022,1,11620665,서림동,1862
2022,1,11170690,서빙고동,7751
2022,1,11620645,서원동,2096
2022,1,11650510,서초1동,43719
2022,1,11650520,서초2동,59592
2022,1,11650530,서초3동,60960
2022,1,11650531,서초4동,34065
2022,1,11290810,석관동,2355
2022,1,11710600,석촌동,8871
2022,1,11740640,성내1동,10609
2022,1,11740650,성내2동,2005
2022,1,11740660,성내3동,4116
2022,1,11290525,성북동,18657
2022,1,11440720,성산1동,5214
2022,1,11440730,성산2동,2020
2022,1,11200650,성수1가1동,2080
2022,1,11200660,성수1가2동,5470
2022,1,11200670,성수2가1동,8111
2022,1,11200690,성수2가3동,22812
2022,1,11620565,성현동,1766
2022,1,11680700,세곡동,360
2022,1,11140520,소공동,93326
2022,1,11200720,송정동,896
2022,1,11305545,송중동,1276
2022,1,11305555,송천동,720
2022,1,11710580,송파1동,15471
2022,1,11710590,송파2동,6409
2022,1,11530790,수궁동,1801
2022,1,11380650,수색동,259
2022,1,11680750,수서동,17525
2022,1,11305615,수유1동,1076
2022,1,11305625,수유2동,1277
2022,1,11305635,수유3동,2985
2022,1,11110700,숭인1동,258
2022,1,11110710,숭인2동,1586
2022,1,11545670,시흥1동,4584
2022,1,11545680,시흥2동,954
2022,1,11545690,시흥3동,1638
2022,1,11545700,시흥4동,1307
2022,1,11545710,시흥5동,1501
2022,1,11560630,신길1동,2758
2022,1,11560650,신길3동,585
2022,1,11560660,신길4동,1041
2022,1,11560670,신길5동,974
2022,1,11560680,신길6동,1838
2022,1,11560690,신길7동,2622
2022,1,11260680,신내1동,1561
2022,1,11260690,신내2동,734
2022,1,11140650,신당5동,708
2022,1,11140615,신당동,5055
2022,1,11590670,신대방1동,3759
2022,1,11590680,신대방2동,13749
2022,1,11530510,신도림동,9297
2022,1,11620695,신림동,1587
2022,1,11380631,신사1동,1335
2022,1,11380632,신사2동,980
2022,1,11680510,신사동,26570
2022,1,11620685,신사동,3706
2022,1,11440630,신수동,2396
2022,1,11620655,신원동,540
2022,1,11470560,신월1동,2065
2022,1,11470570,신월2동,1863
2022,1,11470580,신월3동,1027
2022,1,11470590,신월4동,1264
2022,1,11470600,신월5동,1638
2022,1,11470610,신월6동,665
2022,1,11470611,신월7동,2510
2022,1,11470620,신정1동,8070
2022,1,11470630,신정2동,13393
2022,1,11470640,신정3동,2165
2022,1,11470650,신정4동,5292
2022,1,11470680,신정7동,229
2022,1,11410585,신촌동,1807
2022,1,11320660,쌍문1동,753
2022,1,11320670,쌍문2동,982
2022,1,11320680,쌍문3동,1010
2022,1,11320681,쌍문4동,314
2022,1,11440555,아현동,5614
2022,1,11290600,안암동,2171
2022,1,11740570,암사1동,2678
2022,1,11740580,암사2동,2007
2022,1,11680545,압구정동,39740
2022,1,11140635,약수동,10507
2022,1,11650651,양재1동,25679
2022,1,11650652,양재2동,34416
2022,1,11560610,양평1동,10467
2022,1,11560620,양평2동,12638
2022,1,11560540,여의동,193775
2022,1,11680640,역삼1동,169288
2022,1,11680650,역삼2동,48339
2022,1,11380625,역촌동,3286
2022,1,11440710,연남동,2729
2022,1,11410615,연희동,8584
2022,1,11440610,염리동,2041
2022,1,11500510,염창동,3311
2022,1,11560535,영등포동,13253
2022,1,11560515,영등포본동,3990
2022,1,11710570,오금동,23886
2022,1,11530770,오류1동,3696
2022,1,11530780,오류2동,627
2022,1,11710566,오륜동,17367
2022,1,11200645,옥수동,3459
2022,1,11200520,왕십리2동,1350
2022,1,11200535,왕십리도선동,3200
2022,1,11440590,용강동,12882
2022,1,11200790,용답동,3262
2022,1,11170590,용문동,3635
2022,1,11170520,용산2가동,413
2022,1,11230536,용신동,19675
2022,1,11305645,우이동,1954
2022,1,11500615,우장산동,3743
2022,1,11170560,원효로1동,2023
2022,1,11170570,원효로2동,3070
2022,1,11350560,월계1동,1739
2022,1,11350570,월계2동,54
2022,1,11350580,월계3동,437
2022,1,11290715,월곡1동,1542
2022,1,11290725,월곡2동,2659
2022,1,11620605,은천동,1006
2022,1,11140605,을지로동,15737
2022,1,11200580,응봉동,696
2022,1,11380580,응암1동,2332
2022,1,11380590,응암2동,443
2022,1,11380600,응암3동,1511
2022,1,11230740,이문1동,937
2022,1,11230750,이문2동,294
2022,1,11170630,이촌1동,5718
2022,1,11170640,이촌2동,2211
2022,1,11170650,이태원1동,22318
2022,1,11170660,이태원2동,976
2022,1,11110640,이화동,1918
2022,1,11305660,인수동,2841
2022,1,11620625,인헌동,1498
2022,1,11680730,일원1동,1871
2022,1,11215820,자양1동,9561
2022,1,11215830,자양2동,2163
2022,1,11215840,자양3동,2198
2022,1,11215847,자양4동,677
2022,1,11710670,잠실2동,3901
2022,1,11710680,잠실3동,29138
2022,1,11710690,잠실4동,4342
2022,1,11710710,잠실6동,54446
2022,1,11710650,잠실본동,11115
2022,1,11650540,잠원동,11715
2022,1,11230650,장안1동,9744
2022,1,11230660,장안2동,5138
2022,1,11290760,장위1동,511
2022,1,11290770,장위2동,836
2022,1,11290780,장위3동,421
2022,1,11710646,장지동,5321
2022,1,11140580,장충동,5367
2022,1,11230560,전농1동,687
2022,1,11230570,전농2동,920
2022,1,11290620,정릉1동,631
2022,1,11290630,정릉2동,1296
2022,1,11290640,정릉3동,350
2022,1,11290650,정릉4동,966
2022,1,11230545,제기동,5383
2022,1,11620725,조원동,2890
2022,1,11110615,종로1?2?3?4가동,112601
2022,1,11110630,종로5?6가동,21618
2022,1,11290705,종암동,15332
2022,1,11350621,중계1동,1095
2022,1,11350625,중계2?3동,1261
2022,1,11350624,중계4동,1445
2022,1,11350619,중계본동,831
2022,1,11215740,중곡1동,3767
2022,1,11215750,중곡2동,2299
2022,1,11215760,중곡3동,841
2022,1,11215770,중곡4동,3655
2022,1,11140680,중림동,3121
2022,1,11620615,중앙동,1189
2022,1,11260600,중화1동,1214
2022,1,11260610,중화2동,731
2022,1,11380640,증산동,1928
2022,1,11380690,진관동,579
2022,1,11320511,창1동,1149
2022,1,11320512,창2동,1105
2022,1,11320513,창3동,661
2022,1,11320514,창4동,1768
2022,1,11320515,창5동,5148
2022,1,11110670,창신1동,1867
2022,1,11110680,창신2동,129
2022,1,11110690,창신3동,129
2022,1,11410520,천연동,1067
2022,1,11740600,천호1동,2261
2022,1,11740610,천호2동,3076
2022,1,11740620,천호3동,1309
2022,1,11140645,청구동,3499
2022,1,11680565,청담동,54272
2022,1,11230705,청량리동,2521
2022,1,11620595,청룡동,3414
2022,1,11620545,청림동,304
2022,1,11110515,청운효자동,6024
2022,1,11170555,청파동,3008
2022,1,11410565,충현동,11615
2022,1,11110560,평창동,11829
2022,1,11710510,풍납1동,719
2022,1,11710520,풍납2동,505
2022,1,11140570,필동,13649
2022,1,11350611,하계1동,609
2022,1,11170625,한강로동,41872
2022,1,11170685,한남동,36498
2022,1,11440680,합정동,5202
2022,1,11200560,행당1동,1507
2022,1,11200570,행당2동,11
2022,1,11620575,행운동,2641
2022,1,11110650,혜화동,5022
2022,1,11410660,홍은1동,3248
2022,1,11410685,홍은2동,1246
2022,1,11410620,홍제1동,2998
2022,1,11410655,홍제2동,415
2022,1,11410640,홍제3동,793
2022,1,11500540,화곡1동,4201
2022,1,11500550,화곡2동,2498
2022,1,11500560,화곡3동,3512
2022,1,11500570,화곡4동,2146
2022,1,11500591,화곡6동,7963
2022,1,11500593,화곡8동,1794
2022,1,11500590,화곡본동,2614
2022,1,11215710,화양동,1130
2022,1,11140670,황학동,768
2022,1,11230710,회기동,103
2022,1,11140540,회현동,77872
2022,1,11170580,효창동,1378
2022,1,11170510,후암동,2018
2022,1,11230720,휘경1동,740
2022,1,11230730,휘경2동,1142
2022,1,11590605,흑석동,110
2022,2,11710631,가락1동,5833
2022,2,11710632,가락2동,7197
2022,2,11710620,가락본동,28995
2022,2,11530595,가리봉동,853
2022,2,11545510,가산동,92197
2022,2,11500603,가양1동,1970
2022,2,11500605,가양3동,344
2022,2,11110600,가회동,13017
2022,2,11380551,갈현1동,2156
2022,2,11380552,갈현2동,3042
2022,2,11740515,강일동,156
2022,2,11530740,개봉1동,9334
2022,2,11530750,개봉2동,8545
2022,2,11530760,개봉3동,1488
2022,2,11680660,개포1동,466
2022,2,11680670,개포2동,9957
2022,2,11680690,개포4동,7461
2022,2,11710531,거여1동,3417
2022,2,11710532,거여2동,1508
2022,2,11740550,고덕1동,799
2022,2,11740560,고덕2동,1034
2022,2,11530720,고척1동,2678
2022,2,11530730,고척2동,1686
2022,2,11440565,공덕동,10155
2022,2,11350595,공릉1동,7314
2022,2,11350600,공릉2동,1067
2022,2,11500620,공항동,5500
2022,2,11215810,광장동,7266
2022,2,11140590,광희동,58515
2022,2,11110580,교남동,846
2022,2,11530530,구로2동,11788
2022,2,11530540,구로3동,60830
2022,2,11530550,구로4동,1750
2022,2,11530560,구로5동,11842
2022,2,11380560,구산동,1741
2022,2,11215850,구의1동,3276
2022,2,11215860,구의2동,2079
2022,2,11215870,구의3동,9627
2022,2,11215730,군자동,1273
2022,2,11200590,금호1가동,1721
2022,2,11200615,금호2?3가동,373
2022,2,11200620,금호4가동,716
2022,2,11740685,길동,8563
2022,2,11290660,길음1동,4493
2022,2,11290685,길음2동,466
2022,2,11620585,낙성대동,5270
2022,2,11620775,난곡동,1030
2022,2,11620715,난향동,319
2022,2,11410690,남가좌1동,1684
2022,2,11410700,남가좌2동,970
2022,2,11170530,남영동,17331
2022,2,11620630,남현동,3481
2022,2,11650660,내곡동,1187
2022,2,11590510,노량진1동,3339
2022,2,11590520,노량진2동,4035
2022,2,11380510,녹번동,2163
2022,2,11680521,논현1동,40861
2022,2,11680531,논현2동,50355
2022,2,11215780,능동,1400
2022,2,11140625,다산동,6650
2022,2,11230600,답십리1동,2154
2022,2,11230610,답십리2동,2968
2022,2,11560550,당산1동,6841
2022,2,11560560,당산2동,11914
2022,2,11560700,대림1동,1513
2022,2,11560710,대림2동,3597
2022,2,11560720,대림3동,5117
2022,2,11590660,대방동,8638
2022,2,11380570,대조동,2133
2022,2,11680600,대치1동,18253
2022,2,11680610,대치2동,91102
2022,2,11680630,대치4동,31644
2022,2,11620735,대학동,608
2022,2,11440600,대흥동,3465
2022,2,11680655,도곡1동,29691
2022,2,11680656,도곡2동,95884
2022,2,11560585,도림동,654
2022,2,11320521,도봉1동,1591
2022,2,11320522,도봉2동,820
2022,2,11440585,도화동,12595
2022,2,11545610,독산1동,11210
2022,2,11545620,독산2동,1576
2022,2,11545630,독산3동,3389
2022,2,11545640,독산4동,1411
2022,2,11290580,돈암1동,151
2022,2,11290590,돈암2동,723
2022,2,11290575,동선동,1974
2022,2,11140665,동화동,1157
2022,2,11740700,둔촌2동,2597
2022,2,11500520,등촌1동,5353
2022,2,11500530,등촌2동,3208
2022,2,11500535,등촌3동,11934
2022,2,11200540,마장동,6750
2022,2,11710540,마천1동,666
2022,2,11710550,마천2동,1523
2022,2,11260660,망우3동,320
2022,2,11260655,망우본동,1514
2022,2,11440690,망원1동,2880
2022,2,11440700,망원2동,4460
2022,2,11260520,면목2동,1036
2022,2,11260575,면목3?8동,1762
2022,2,11260540,면목4동,818
2022,2,11260550,면목5동,1081
2022,2,11260570,면목7동,717
2022,2,11260565,면목본동,1074
2022,2,11140550,명동,124112
2022,2,11740530,명일1동,4140
2022,2,11740540,명일2동,2429
2022,2,11470510,목1동,15358
2022,2,11470520,목2동,3478
2022,2,11470530,목3동,2011
2022,2,11470540,목4동,2018
2022,2,11470550,목5동,15139
2022,2,11110570,무악동,519
2022,2,11260620,묵1동,977
2022,2,11260630,묵2동,1381
2022,2,11560605,문래동,56252
2022,2,11710641,문정1동,34806
2022,2,11710642,문정2동,36301
2022,2,11620765,미성동,2922
2022,2,11305535,미아동,1307
2022,2,11650560,반포1동,8126
2022,2,11650570,반포2동,2973
2022,2,11650580,반포3동,2930
2022,2,11650581,반포4동,56426
2022,2,11650550,반포본동,11741
2022,2,11500611,발산1동,4028
2022,2,11650600,방배1동,16153
2022,2,11650610,방배2동,16039
2022,2,11650620,방배3동,15415
2022,2,11650621,방배4동,15039
2022,2,11650590,방배본동,24123
2022,2,11710561,방이1동,8235
2022,2,11710562,방이2동,41991
2022,2,11320690,방학1동,3254
2022,2,11320700,방학2동,719
2022,2,11320710,방학3동,1084
2022,2,11500630,방화1동,4120
2022,2,11500640,방화2동,2178
2022,2,11500641,방화3동,2479
2022,2,11305595,번1동,2055
2022,2,11305603,번2동,340
2022,2,11305608,번3동,240
2022,2,11170700,보광동,510
2022,2,11620525,보라매동,2630
2022,2,11290610,보문동,3405
2022,2,11110550,부암동,1636
2022,2,11410710,북가좌1동,450
2022,2,11410720,북가좌2동,1369
2022,2,11410555,북아현동,1212
2022,2,11380520,불광1동,2024
2022,2,11380530,불광2동,4506
2022,2,11200550,사근동,350
2022,2,11590620,사당1동,3631
2022,2,11590630,사당2동,1925
2022,2,11590640,사당3동,920
2022,2,11590650,사당4동,1404
2022,2,11590651,사당5동,1687
2022,2,11110530,사직동,44521
2022,2,11305575,삼각산동,354
2022,2,11290555,삼선동,4526
2022,2,11680580,삼성1동,169509
2022,2,11680590,삼성2동,57932
2022,2,11620745,삼성동,910
2022,2,11305534,삼양동,288
2022,2,11710610,삼전동,3736
2022,2,11110540,삼청동,3999
2022,2,11350720,상계10동,357
2022,2,11350630,상계1동,3568
2022,2,11350640,상계2동,1909
2022,2,11350665,상계3?4동,716
2022,2,11350670,상계5동,1030
2022,2,11350695,상계6?7동,4587
2022,2,11350700,상계8동,761
2022,2,11350710,상계9동,1445
2022,2,11590530,상도1동,3332
2022,2,11590540,상도2동,1151
2022,2,11590550,상도3동,1093
2022,2,11590560,상도4동,1213
2022,2,11260580,상봉1동,1976
2022,2,11260590,상봉2동,4445
2022,2,11440740,상암동,11548
2022,2,11740520,상일동,1403
2022,2,11440655,서강동,3033
2022,2,11440660,서교동,26146
2022,2,11620665,서림동,1862
2022,2,11170690,서빙고동,7751
2022,2,11620645,서원동,2096
2022,2,11650510,서초1동,43719
2022,2,11650520,서초2동,59592
2022,2,11650530,서초3동,60960
2022,2,11650531,서초4동,34065
2022,2,11290810,석관동,2355
2022,2,11710600,석촌동,8871
2022,2,11740640,성내1동,10609
2022,2,11740650,성내2동,2005
2022,2,11740660,성내3동,4116
2022,2,11290525,성북동,18657
2022,2,11440720,성산1동,5214
2022,2,11440730,성산2동,2020
2022,2,11200650,성수1가1동,2080
2022,2,11200660,성수1가2동,5470
2022,2,11200670,성수2가1동,8111
2022,2,11200690,성수2가3동,22812
2022,2,11620565,성현동,1766
2022,2,11680700,세곡동,360
2022,2,11140520,소공동,93326
2022,2,11200720,송정동,896
2022,2,11305545,송중동,1276
2022,2,11305555,송천동,720
2022,2,11710580,송파1동,15471
2022,2,11710590,송파2동,6409
2022,2,11530790,수궁동,1801
2022,2,11380650,수색동,259
2022,2,11680750,수서동,17525
2022,2,11305615,수유1동,1076
2022,2,11305625,수유2동,1277
2022,2,11305635,수유3동,2985
2022,2,11110700,숭인1동,258
2022,2,11110710,숭인2동,1586
2022,2,11545670,시흥1동,4584
2022,2,11545680,시흥2동,954
2022,2,11545690,시흥3동,1638
2022,2,11545700,시흥4동,1307
2022,2,11545710,시흥5동,1501
2022,2,11560630,신길1동,2758
2022,2,11560650,신길3동,585
2022,2,11560660,신길4동,1041
2022,2,11560670,신길5동,974
2022,2,11560680,신길6동,1838
2022,2,11560690,신길7동,2622
2022,2,11260680,신내1동,1561
2022,2,11260690,신내2동,734
2022,2,11140650,신당5동,708
2022,2,11140615,신당동,5055
2022,2,11590670,신대방1동,3759
2022,2,11590680,신대방2동,13749
2022,2,11530510,신도림동,9297
2022,2,11620695,신림동,1587
2022,2,11380631,신사1동,1335
2022,2,11380632,신사2동,980
2022,2,11680510,신사동,26570
2022,2,11620685,신사동,3706
2022,2,11440630,신수동,2396
2022,2,11620655,신원동,540
2022,2,11470560,신월1동,2065
2022,2,11470570,신월2동,1863
2022,2,11470580,신월3동,1027
2022,2,11470590,신월4동,1264
2022,2,11470600,신월5동,1638
2022,2,11470610,신월6동,665
2022,2,11470611,신월7동,2510
2022,2,11470620,신정1동,8070
2022,2,11470630,신정2동,13393
2022,2,11470640,신정3동,2165
2022,2,11470650,신정4동,5292
2022,2,11470680,신정7동,229
2022,2,11410585,신촌동,1807
2022,2,11320660,쌍문1동,753
2022,2,11320670,쌍문2동,982
2022,2,11320680,쌍문3동,1010
2022,2,11320681,쌍문4동,314
2022,2,11440555,아현동,5614
2022,2,11290600,안암동,2171
2022,2,11740570,암사1동,2678
2022,2,11740580,암사2동,2007
2022,2,11680545,압구정동,39740
2022,2,11140635,약수동,10507
2022,2,11650651,양재1동,25679
2022,2,11650652,양재2동,34416
2022,2,11560610,양평1동,10467
2022,2,11560620,양평2동,12638
2022,2,11560540,여의동,193775
2022,2,11680640,역삼1동,169288
2022,2,11680650,역삼2동,48339
2022,2,11380625,역촌동,3286
2022,2,11440710,연남동,2729
2022,2,11410615,연희동,8584
2022,2,11440610,염리동,2041
2022,2,11500510,염창동,3311
2022,2,11560535,영등포동,13253
2022,2,11560515,영등포본동,3990
2022,2,11710570,오금동,23886
2022,2,11530770,오류1동,3696
2022,2,11530780,오류2동,627
2022,2,11710566,오륜동,17367
2022,2,11200645,옥수동,3459
2022,2,11200520,왕십리2동,1350
2022,2,11200535,왕십리도선동,3200
2022,2,11440590,용강동,12882
2022,2,11200790,용답동,3262
2022,2,11170590,용문동,3635
2022,2,11170520,용산2가동,413
2022,2,11230536,용신동,19675
2022,2,11305645,우이동,1954
2022,2,11500615,우장산동,3743
2022,2,11170560,원효로1동,2023
2022,2,11170570,원효로2동,3070
2022,2,11350560,월계1동,1739
2022,2,11350570,월계2동,54
2022,2,11350580,월계3동,437
2022,2,11290715,월곡1동,1542
2022,2,11290725,월곡2동,2659
2022,2,11620605,은천동,1006
2022,2,11140605,을지로동,15737
2022,2,11200580,응봉동,696
2022,2,11380580,응암1동,2332
2022,2,11380590,응암2동,443
2022,2,11380600,응암3동,1511
2022,2,11230740,이문1동,937
2022,2,11230750,이문2동,294
2022,2,11170630,이촌1동,5718
2022,2,11170640,이촌2동,2211
2022,2,11170650,이태원1동,22318
2022,2,11170660,이태원2동,976
2022,2,11110640,이화동,1918
2022,2,11305660,인수동,2841
2022,2,11620625,인헌동,1498
2022,2,11680730,일원1동,1871
2022,2,11215820,자양1동,9561
2022,2,11215830,자양2동,2163
2022,2,11215840,자양3동,2198
2022,2,11215847,자양4동,677
2022,2,11710670,잠실2동,3901
2022,2,11710680,잠실3동,29138
2022,2,11710690,잠실4동,4342
2022,2,11710710,잠실6동,54446
2022,2,11710650,잠실본동,11115
2022,2,11650540,잠원동,11715
2022,2,11230650,장안1동,9744
2022,2,11230660,장안2동,5138
2022,2,11290760,장위1동,511
2022,2,11290770,장위2동,836
2022,2,11290780,장위3동,421
2022,2,11710646,장지동,5321
2022,2,11140580,장충동,5367
2022,2,11230560,전농1동,687
2022,2,11230570,전농2동,920
2022,2,11290620,정릉1동,631
2022,2,11290630,정릉2동,1296
2022,2,11290640,정릉3동,350
2022,2,11290650,정릉4동,966
2022,2,11230545,제기동,5383
2022,2,11620725,조원동,2890
2022,2,11110615,종로1?2?3?4가동,112601
2022,2,11110630,종로5?6가동,21618
2022,2,11290705,종암동,15332
2022,2,11350621,중계1동,1095
2022,2,11350625,중계2?3동,1261
2022,2,11350624,중계4동,1445
2022,2,11350619,중계본동,831
2022,2,11215740,중곡1동,3767
2022,2,11215750,중곡2동,2299
2022,2,11215760,중곡3동,841
2022,2,11215770,중곡4동,3655
2022,2,11140680,중림동,3121
2022,2,11620615,중앙동,1189
2022,2,11260600,중화1동,1214
2022,2,11260610,중화2동,731
2022,2,11380640,증산동,1928
2022,2,11380690,진관동,579
2022,2,11320511,창1동,1149
2022,2,11320512,창2동,1105
2022,2,11320513,창3동,661
2022,2,11320514,창4동,1768
2022,2,11320515,창5동,5148
2022,2,11110670,창신1동,1867
2022,2,11110680,창신2동,129
2022,2,11110690,창신3동,129
2022,2,11410520,천연동,1067
2022,2,11740600,천호1동,2261
2022,2,11740610,천호2동,3076
2022,2,11740620,천호3동,1309
2022,2,11140645,청구동,3499
2022,2,11680565,청담동,54272
2022,2,11230705,청량리동,2521
2022,2,11620595,청룡동,3414
2022,2,11620545,청림동,304
2022,2,11110515,청운효자동,6024
2022,2,11170555,청파동,3008
2022,2,11410565,충현동,11615
2022,2,11110560,평창동,11829
2022,2,11710510,풍납1동,719
2022,2,11710520,풍납2동,505
2022,2,11140570,필동,13649
2022,2,11350611,하계1동,609
2022,2,11170625,한강로동,41872
2022,2,11170685,한남동,36498
2022,2,11440680,합정동,5202
2022,2,11200560,행당1동,1507
2022,2,11200570,행당2동,11
2022,2,11620575,행운동,2641
2022,2,11110650,혜화동,5022
2022,2,11410660,홍은1동,3248
2022,2,11410685,홍은2동,1246
2022,2,11410620,홍제1동,2998
2022,2,11410655,홍제2동,415
2022,2,11410640,홍제3동,793
2022,2,11500540,화곡1동,4201
2022,2,11500550,화곡2동,2498
2022,2,11500560,화곡3동,3512
2022,2,11500570,화곡4동,2146
2022,2,11500591,화곡6동,7963
2022,2,11500593,화곡8동,1794
2022,2,11500590,화곡본동,2614
2022,2,11215710,화양동,1130
2022,2,11140670,황학동,768
2022,2,11230710,회기동,103
2022,2,11140540,회현동,77872
2022,2,11170580,효창동,1378
2022,2,11170510,후암동,2018
2022,2,11230720,휘경1동,740
2022,2,11230730,휘경2동,1142
2022,2,11590605,흑석동,110
2022,3,11710631,가락1동,5833
2022,3,11710632,가락2동,7197
2022,3,11710620,가락본동,28995
2022,3,11530595,가리봉동,853
2022,3,11545510,가산동,92197
2022,3,11500603,가양1동,1970
2022,3,11500605,가양3동,344
2022,3,11110600,가회동,13017
2022,3,11380551,갈현1동,2156
2022,3,11380552,갈현2동,3042
2022,3,11740515,강일동,156
2022,3,11530740,개봉1동,9334
2022,3,11530750,개봉2동,8545
2022,3,11530760,개봉3동,1488
2022,3,11680660,개포1동,466
2022,3,11680670,개포2동,9957
2022,3,11680690,개포4동,7461
2022,3,11710531,거여1동,3417
2022,3,11710532,거여2동,1508
2022,3,11740550,고덕1동,799
2022,3,11740560,고덕2동,1034
2022,3,11530720,고척1동,2678
2022,3,11530730,고척2동,1686
2022,3,11440565,공덕동,10155
2022,3,11350595,공릉1동,7314
2022,3,11350600,공릉2동,1067
2022,3,11500620,공항동,5500
2022,3,11215810,광장동,7266
2022,3,11140590,광희동,58515
2022,3,11110580,교남동,846
2022,3,11530530,구로2동,11788
2022,3,11530540,구로3동,60830
2022,3,11530550,구로4동,1750
2022,3,11530560,구로5동,11842
2022,3,11380560,구산동,1741
2022,3,11215850,구의1동,3276
2022,3,11215860,구의2동,2079
2022,3,11215870,구의3동,9627
2022,3,11215730,군자동,1273
2022,3,11200590,금호1가동,1721
2022,3,11200615,금호2?3가동,373
2022,3,11200620,금호4가동,716
2022,3,11740685,길동,8563
2022,3,11290660,길음1동,4493
2022,3,11290685,길음2동,466
2022,3,11620585,낙성대동,5270
2022,3,11620775,난곡동,1030
2022,3,11620715,난향동,319
2022,3,11410690,남가좌1동,1684
2022,3,11410700,남가좌2동,970
2022,3,11170530,남영동,17331
2022,3,11620630,남현동,3481
2022,3,11650660,내곡동,1187
2022,3,11590510,노량진1동,3339
2022,3,11590520,노량진2동,4035
2022,3,11380510,녹번동,2163
2022,3,11680521,논현1동,40861
2022,3,11680531,논현2동,50355
2022,3,11215780,능동,1400
2022,3,11140625,다산동,6650
2022,3,11230600,답십리1동,2154
2022,3,11230610,답십리2동,2968
2022,3,11560550,당산1동,6841
2022,3,11560560,당산2동,11914
2022,3,11560700,대림1동,1513
2022,3,11560710,대림2동,3597
2022,3,11560720,대림3동,5117
2022,3,11590660,대방동,8638
2022,3,11380570,대조동,2133
2022,3,11680600,대치1동,18253
2022,3,11680610,대치2동,91102
2022,3,11680630,대치4동,31644
2022,3,11620735,대학동,608
2022,3,11440600,대흥동,3465
2022,3,11680655,도곡1동,29691
2022,3,11680656,도곡2동,95884
2022,3,11560585,도림동,654
2022,3,11320521,도봉1동,1591
2022,3,11320522,도봉2동,820
2022,3,11440585,도화동,12595
2022,3,11545610,독산1동,11210
2022,3,11545620,독산2동,1576
2022,3,11545630,독산3동,3389
2022,3,11545640,독산4동,1411
2022,3,11290580,돈암1동,151
2022,3,11290590,돈암2동,723
2022,3,11290575,동선동,1974
2022,3,11140665,동화동,1157
2022,3,11740700,둔촌2동,2597
2022,3,11500520,등촌1동,5353
2022,3,11500530,등촌2동,3208
2022,3,11500535,등촌3동,11934
2022,3,11200540,마장동,6750
2022,3,11710540,마천1동,666
2022,3,11710550,마천2동,1523
2022,3,11260660,망우3동,320
2022,3,11260655,망우본동,1514
2022,3,11440690,망원1동,2880
2022,3,11440700,망원2동,4460
2022,3,11260520,면목2동,1036
2022,3,11260575,면목3?8동,1762
2022,3,11260540,면목4동,818
2022,3,11260550,면목5동,1081
2022,3,11260570,면목7동,717
2022,3,11260565,면목본동,1074
2022,3,11140550,명동,124112
2022,3,11740530,명일1동,4140
2022,3,11740540,명일2동,2429
2022,3,11470510,목1동,15358
2022,3,11470520,목2동,3478
2022,3,11470530,목3동,2011
2022,3,11470540,목4동,2018
2022,3,11470550,목5동,15139
2022,3,11110570,무악동,519
2022,3,11260620,묵1동,977
2022,3,11260630,묵2동,1381
2022,3,11560605,문래동,56252
2022,3,11710641,문정1동,34806
2022,3,11710642,문정2동,36301
2022,3,11620765,미성동,2922
2022,3,11305535,미아동,1307
2022,3,11650560,반포1동,8126
2022,3,11650570,반포2동,2973
2022,3,11650580,반포3동,2930
2022,3,11650581,반포4동,56426
2022,3,11650550,반포본동,11741
2022,3,11500611,발산1동,4028
2022,3,11650600,방배1동,16153
2022,3,11650610,방배2동,16039
2022,3,11650620,방배3동,15415
2022,3,11650621,방배4동,15039
2022,3,11650590,방배본동,24123
2022,3,11710561,방이1동,8235
2022,3,11710562,방이2동,41991
2022,3,11320690,방학1동,3254
2022,3,11320700,방학2동,719
2022,3,11320710,방학3동,1084
2022,3,11500630,방화1동,4120
2022,3,11500640,방화2동,2178
2022,3,11500641,방화3동,2479
2022,3,11305595,번1동,2055
2022,3,11305603,번2동,340
2022,3,11305608,번3동,240
2022,3,11170700,보광동,510
2022,3,11620525,보라매동,2630
2022,3,11290610,보문동,3405
2022,3,11110550,부암동,1636
2022,3,11410710,북가좌1동,450
2022,3,11410720,북가좌2동,1369
2022,3,11410555,북아현동,1212
2022,3,11380520,불광1동,2024
2022,3,11380530,불광2동,4506
2022,3,11200550,사근동,350
2022,3,11590620,사당1동,3631
2022,3,11590630,사당2동,1925
2022,3,11590640,사당3동,920
2022,3,11590650,사당4동,1404
2022,3,11590651,사당5동,1687
2022,3,11110530,사직동,44521
2022,3,11305575,삼각산동,354
2022,3,11290555,삼선동,4526
2022,3,11680580,삼성1동,169509
2022,3,11680590,삼성2동,57932
2022,3,11620745,삼성동,910
2022,3,11305534,삼양동,288
2022,3,11710610,삼전동,3736
2022,3,11110540,삼청동,3999
2022,3,11350720,상계10동,357
2022,3,11350630,상계1동,3568
2022,3,11350640,상계2동,1909
2022,3,11350665,상계3?4동,716
2022,3,11350670,상계5동,1030
2022,3,11350695,상계6?7동,4587
2022,3,11350700,상계8동,761
2022,3,11350710,상계9동,1445
2022,3,11590530,상도1동,3332
2022,3,11590540,상도2동,1151
2022,3,11590550,상도3동,1093
2022,3,11590560,상도4동,1213
2022,3,11260580,상봉1동,1976
2022,3,11260590,상봉2동,4445
2022,3,11440740,상암동,11548
2022,3,11740520,상일동,1403
2022,3,11440655,서강동,3033
2022,3,11440660,서교동,26146
2022,3,11620665,서림동,1862
2022,3,11170690,서빙고동,7751
2022,3,11620645,서원동,2096
2022,3,11650510,서초1동,43719
2022,3,11650520,서초2동,59592
2022,3,11650530,서초3동,60960
2022,3,11650531,서초4동,34065
2022,3,11290810,석관동,2355
2022,3,11710600,석촌동,8871
2022,3,11740640,성내1동,10609
2022,3,11740650,성내2동,2005
2022,3,11740660,성내3동,4116
2022,3,11290525,성북동,18657
2022,3,11440720,성산1동,5214
2022,3,11440730,성산2동,2020
2022,3,11200650,성수1가1동,2080
2022,3,11200660,성수1가2동,5470
2022,3,11200670,성수2가1동,8111
2022,3,11200690,성수2가3동,22812
2022,3,11620565,성현동,1766
2022,3,11680700,세곡동,360
2022,3,11140520,소공동,93326
2022,3,11200720,송정동,896
2022,3,11305545,송중동,1276
2022,3,11305555,송천동,720
2022,3,11710580,송파1동,15471
2022,3,11710590,송파2동,6409
2022,3,11530790,수궁동,1801
2022,3,11380650,수색동,259
2022,3,11680750,수서동,17525
2022,3,11305615,수유1동,1076
2022,3,11305625,수유2동,1277
2022,3,11305635,수유3동,2985
2022,3,11110700,숭인1동,258
2022,3,11110710,숭인2동,1586
2022,3,11545670,시흥1동,4584
2022,3,11545680,시흥2동,954
2022,3,11545690,시흥3동,1638
2022,3,11545700,시흥4동,1307
2022,3,11545710,시흥5동,1501
2022,3,11560630,신길1동,2758
2022,3,11560650,신길3동,585
2022,3,11560660,신길4동,1041
2022,3,11560670,신길5동,974
2022,3,11560680,신길6동,1838
2022,3,11560690,신길7동,2622
2022,3,11260680,신내1동,1561
2022,3,11260690,신내2동,734
2022,3,11140650,신당5동,708
2022,3,11140615,신당동,5055
2022,3,11590670,신대방1동,3759
2022,3,11590680,신대방2동,13749
2022,3,11530510,신도림동,9297
2022,3,11620695,신림동,1587
2022,3,11380631,신사1동,1335
2022,3,11380632,신사2동,980
2022,3,11680510,신사동,26570
2022,3,11620685,신사동,3706
2022,3,11440630,신수동,2396
2022,3,11620655,신원동,540
2022,3,11470560,신월1동,2065
2022,3,11470570,신월2동,1863
2022,3,11470580,신월3동,1027
2022,3,11470590,신월4동,1264
2022,3,11470600,신월5동,1638
2022,3,11470610,신월6동,665
2022,3,11470611,신월7동,2510
2022,3,11470620,신정1동,8070
2022,3,11470630,신정2동,13393
2022,3,11470640,신정3동,2165
2022,3,11470650,신정4동,5292
2022,3,11470680,신정7동,229
2022,3,11410585,신촌동,1807
2022,3,11320660,쌍문1동,753
2022,3,11320670,쌍문2동,982
2022,3,11320680,쌍문3동,1010
2022,3,11320681,쌍문4동,314
2022,3,11440555,아현동,5614
2022,3,11290600,안암동,2171
2022,3,11740570,암사1동,2678
2022,3,11740580,암사2동,2007
2022,3,11680545,압구정동,39740
2022,3,11140635,약수동,10507
2022,3,11650651,양재1동,25679
2022,3,11650652,양재2동,34416
2022,3,11560610,양평1동,10467
2022,3,11560620,양평2동,12638
2022,3,11560540,여의동,193775
2022,3,11680640,역삼1동,169288
2022,3,11680650,역삼2동,48339
2022,3,11380625,역촌동,3286
2022,3,11440710,연남동,2729
2022,3,11410615,연희동,8584
2022,3,11440610,염리동,2041
2022,3,11500510,염창동,3311
2022,3,11560535,영등포동,13253
2022,3,11560515,영등포본동,3990
2022,3,11710570,오금동,23886
2022,3,11530770,오류1동,3696
2022,3,11530780,오류2동,627
2022,3,11710566,오륜동,17367
2022,3,11200645,옥수동,3459
2022,3,11200520,왕십리2동,1350
2022,3,11200535,왕십리도선동,3200
2022,3,11440590,용강동,12882
2022,3,11200790,용답동,3262
2022,3,11170590,용문동,3635
2022,3,11170520,용산2가동,413
2022,3,11230536,용신동,19675
2022,3,11305645,우이동,1954
2022,3,11500615,우장산동,3743
2022,3,11170560,원효로1동,2023
2022,3,11170570,원효로2동,3070
2022,3,11350560,월계1동,1739
2022,3,11350570,월계2동,54
2022,3,11350580,월계3동,437
2022,3,11290715,월곡1동,1542
2022,3,11290725,월곡2동,2659
2022,3,11620605,은천동,1006
2022,3,11140605,을지로동,15737
2022,3,11200580,응봉동,696
2022,3,11380580,응암1동,2332
2022,3,11380590,응암2동,443
2022,3,11380600,응암3동,1511
2022,3,11230740,이문1동,937
2022,3,11230750,이문2동,294
2022,3,11170630,이촌1동,5718
2022,3,11170640,이촌2동,2211
2022,3,11170650,이태원1동,22318
2022,3,11170660,이태원2동,976
2022,3,11110640,이화동,1918
2022,3,11305660,인수동,2841
2022,3,11620625,인헌동,1498
2022,3,11680730,일원1동,1871
2022,3,11215820,자양1동,9561
2022,3,11215830,자양2동,2163
2022,3,11215840,자양3동,2198
2022,3,11215847,자양4동,677
2022,3,11710670,잠실2동,3901
2022,3,11710680,잠실3동,29138
2022,3,11710690,잠실4동,4342
2022,3,11710710,잠실6동,54446
2022,3,11710650,잠실본동,11115
2022,3,11650540,잠원동,11715
2022,3,11230650,장안1동,9744
2022,3,11230660,장안2동,5138
2022,3,11290760,장위1동,511
2022,3,11290770,장위2동,836
2022,3,11290780,장위3동,421
2022,3,11710646,장지동,5321
2022,3,11140580,장충동,5367
2022,3,11230560,전농1동,687
2022,3,11230570,전농2동,920
2022,3,11290620,정릉1동,631
2022,3,11290630,정릉2동,1296
2022,3,11290640,정릉3동,350
2022,3,11290650,정릉4동,966
2022,3,11230545,제기동,5383
2022,3,11620725,조원동,2890
2022,3,11110615,종로1?2?3?4가동,112601
2022,3,11110630,종로5?6가동,21618
2022,3,11290705,종암동,15332
2022,3,11350621,중계1동,1095
2022,3,11350625,중계2?3동,1261
2022,3,11350624,중계4동,1445
2022,3,11350619,중계본동,831
2022,3,11215740,중곡1동,3767
2022,3,11215750,중곡2동,2299
2022,3,11215760,중곡3동,841
2022,3,11215770,중곡4동,3655
2022,3,11140680,중림동,3121
2022,3,11620615,중앙동,1189
2022,3,11260600,중화1동,1214
2022,3,11260610,중화2동,731
2022,3,11380640,증산동,1928
2022,3,11380690,진관동,579
2022,3,11320511,창1동,1149
2022,3,11320512,창2동,1105
2022,3,11320513,창3동,661
2022,3,11320514,창4동,1768
2022,3,11320515,창5동,5148
2022,3,11110670,창신1동,1867
2022,3,11110680,창신2동,129
2022,3,11110690,창신3동,129
2022,3,11410520,천연동,1067
2022,3,11740600,천호1동,2261
2022,3,11740610,천호2동,3076
2022,3,11740620,천호3동,1309
2022,3,11140645,청구동,3499
2022,3,11680565,청담동,54272
2022,3,11230705,청량리동,2521
2022,3,11620595,청룡동,3414
2022,3,11620545,청림동,304
2022,3,11110515,청운효자동,6024
2022,3,11170555,청파동,3008
2022,3,11410565,충현동,11615
2022,3,11110560,평창동,11829
2022,3,11710510,풍납1동,719
2022,3,11710520,풍납2동,505
2022,3,11140570,필동,13649
2022,3,11350611,하계1동,609
2022,3,11170625,한강로동,41872
2022,3,11170685,한남동,36498
2022,3,11440680,합정동,5202
2022,3,11200560,행당1동,1507
2022,3,11200570,행당2동,11
2022,3,11620575,행운동,2641
2022,3,11110650,혜화동,5022
2022,3,11410660,홍은1동,3248
2022,3,11410685,홍은2동,1246
2022,3,11410620,홍제1동,2998
2022,3,11410655,홍제2동,415
2022,3,11410640,홍제3동,793
2022,3,11500540,화곡1동,4201
2022,3,11500550,화곡2동,2498
2022,3,11500560,화곡3동,3512
2022,3,11500570,화곡4동,2146
2022,3,11500591,화곡6동,7963
2022,3,11500593,화곡8동,1794
2022,3,11500590,화곡본동,2614
2022,3,11215710,화양동,1130
2022,3,11140670,황학동,768
2022,3,11230710,회기동,103
2022,3,11140540,회현동,77872
2022,3,11170580,효창동,1378
2022,3,11170510,후암동,2018
2022,3,11230720,휘경1동,740
2022,3,11230730,휘경2동,1142
2022,3,11590605,흑석동,110
2022,4,11710631,가락1동,4845
2022,4,11710632,가락2동,6446
2022,4,11710620,가락본동,26378
2022,4,11530595,가리봉동,709
2022,4,11545510,가산동,92030
2022,4,11500603,가양1동,1846
2022,4,11500605,가양3동,747
2022,4,11110600,가회동,11445
2022,4,11380551,갈현1동,1987
2022,4,11380552,갈현2동,2981
2022,4,11740515,강일동,156
2022,4,11530740,개봉1동,6356
2022,4,11530750,개봉2동,7124
2022,4,11530760,개봉3동,1510
2022,4,11680660,개포1동,522
2022,4,11680670,개포2동,8866
2022,4,11680690,개포4동,6664
2022,4,11710531,거여1동,2894
2022,4,11710532,거여2동,1455
2022,4,11740550,고덕1동,812
2022,4,11740560,고덕2동,887
2022,4,11530720,고척1동,2509
2022,4,11530730,고척2동,1513
2022,4,11440565,공덕동,8589
2022,4,11350595,공릉1동,5486
2022,4,11350600,공릉2동,1111
2022,4,11500620,공항동,4040
2022,4,11215810,광장동,7150
2022,4,11140590,광희동,54531
2022,4,11110580,교남동,664
2022,4,11530530,구로2동,11083
2022,4,11530540,구로3동,61432
2022,4,11530550,구로4동,1586
2022,4,11530560,구로5동,12682
2022,4,11380560,구산동,1573
2022,4,11215850,구의1동,3261
2022,4,11215860,구의2동,2394
2022,4,11215870,구의3동,10223
2022,4,11215730,군자동,1164
2022,4,11200590,금호1가동,1693
2022,4,11200615,금호2?3가동,352
2022,4,11200620,금호4가동,648
2022,4,11740685,길동,8662
2022,4,11290660,길음1동,3802
2022,4,11290685,길음2동,381
2022,4,11620585,낙성대동,6105
2022,4,11620775,난곡동,951
2022,4,11620715,난향동,676
2022,4,11410690,남가좌1동,841
2022,4,11410700,남가좌2동,895
2022,4,11170530,남영동,14729
2022,4,11620630,남현동,3416
2022,4,11650660,내곡동,876
2022,4,11590510,노량진1동,3694
2022,4,11590520,노량진2동,3449
2022,4,11380510,녹번동,3103
2022,4,11680521,논현1동,40540
2022,4,11680531,논현2동,52320
2022,4,11215780,능동,1521
2022,4,11140625,다산동,6586
2022,4,11230600,답십리1동,2158
2022,4,11230610,답십리2동,2990
2022,4,11560550,당산1동,5576
2022,4,11560560,당산2동,10688
2022,4,11560700,대림1동,1358
2022,4,11560710,대림2동,3551
2022,4,11560720,대림3동,5334
2022,4,11590660,대방동,8512
2022,4,11380570,대조동,2110
2022,4,11680600,대치1동,23114
2022,4,11680610,대치2동,55807
2022,4,11680630,대치4동,32469
2022,4,11620735,대학동,539
2022,4,11440600,대흥동,3481
2022,4,11680655,도곡1동,29972
2022,4,11680656,도곡2동,73377
2022,4,11560585,도림동,560
2022,4,11320521,도봉1동,1496
2022,4,11320522,도봉2동,842
2022,4,11440585,도화동,11392
2022,4,11545610,독산1동,11171
2022,4,11545620,독산2동,1566
2022,4,11545630,독산3동,3350
2022,4,11545640,독산4동,1392
2022,4,11290580,돈암1동,123
2022,4,11290590,돈암2동,643
2022,4,11290575,동선동,1953
2022,4,11140665,동화동,1134
2022,4,11740700,둔촌2동,2509
2022,4,11500520,등촌1동,4379
2022,4,11500530,등촌2동,2692
2022,4,11500535,등촌3동,7914
2022,4,11200540,마장동,6693
2022,4,11710540,마천1동,689
2022,4,11710550,마천2동,1669
2022,4,11260660,망우3동,322
2022,4,11260655,망우본동,1519
2022,4,11440690,망원1동,2837
2022,4,11440700,망원2동,4654
2022,4,11260520,면목2동,962
2022,4,11260575,면목3?8동,1718
2022,4,11260540,면목4동,710
2022,4,11260550,면목5동,898
2022,4,11260570,면목7동,653
2022,4,11260565,면목본동,954
2022,4,11140550,명동,116772
2022,4,11740530,명일1동,3610
2022,4,11740540,명일2동,2419
2022,4,11470510,목1동,14314
2022,4,11470520,목2동,3493
2022,4,11470530,목3동,1795
2022,4,11470540,목4동,1871
2022,4,11470550,목5동,13754
2022,4,11110570,무악동,495
2022,4,11260620,묵1동,900
2022,4,11260630,묵2동,1328
2022,4,11560605,문래동,50992
2022,4,11710641,문정1동,31928
2022,4,11710642,문정2동,24239
2022,4,11620765,미성동,2812
2022,4,11305535,미아동,1001
2022,4,11650560,반포1동,7309
2022,4,11650570,반포2동,3273
2022,4,11650580,반포3동,3075
2022,4,11650581,반포4동,55827
2022,4,11650550,반포본동,10981
2022,4,11500611,발산1동,3925
2022,4,11650600,방배1동,16740
2022,4,11650610,방배2동,15032
2022,4,11650620,방배3동,13996
2022,4,11650621,방배4동,16058
2022,4,11650590,방배본동,24244
2022,4,11710561,방이1동,7882
2022,4,11710562,방이2동,41941
2022,4,11320690,방학1동,3274
2022,4,11320700,방학2동,629
2022,4,11320710,방학3동,1210
2022,4,11500630,방화1동,3807
2022,4,11500640,방화2동,1702
2022,4,11500641,방화3동,2458
2022,4,11305595,번1동,1918
2022,4,11305603,번2동,406
2022,4,11305608,번3동,236
2022,4,11170700,보광동,412
2022,4,11620525,보라매동,3041
2022,4,11290610,보문동,3655
2022,4,11110550,부암동,1241
2022,4,11410710,북가좌1동,346
2022,4,11410720,북가좌2동,1478
2022,4,11410555,북아현동,963
2022,4,11380520,불광1동,1996
2022,4,11380530,불광2동,2252
2022,4,11200550,사근동,363
2022,4,11590620,사당1동,3588
2022,4,11590630,사당2동,1900
2022,4,11590640,사당3동,1344
2022,4,11590650,사당4동,1156
2022,4,11590651,사당5동,2139
2022,4,11110530,사직동,35094
2022,4,11305575,삼각산동,373
2022,4,11290555,삼선동,4554
2022,4,11680580,삼성1동,142941
2022,4,11680590,삼성2동,53614
2022,4,11620745,삼성동,886
2022,4,11305534,삼양동,210
2022,4,11710610,삼전동,3627
2022,4,11110540,삼청동,4036
2022,4,11350720,상계10동,482
2022,4,11350630,상계1동,3876
2022,4,11350640,상계2동,1822
2022,4,11350665,상계3?4동,628
2022,4,11350670,상계5동,1039
2022,4,11350695,상계6?7동,3853
2022,4,11350700,상계8동,528
2022,4,11350710,상계9동,1278
2022,4,11590530,상도1동,2904
2022,4,11590540,상도2동,839
2022,4,11590550,상도3동,829
2022,4,11590560,상도4동,885
2022,4,11260580,상봉1동,1902
2022,4,11260590,상봉2동,4535
2022,4,11440740,상암동,12214
2022,4,11740520,상일동,1573
2022,4,11440655,서강동,3524
2022,4,11440660,서교동,24889
2022,4,11620665,서림동,1621
2022,4,11170690,서빙고동,8230
2022,4,11620645,서원동,2222
2022,4,11650510,서초1동,42912
2022,4,11650520,서초2동,47409
2022,4,11650530,서초3동,59412
2022,4,11650531,서초4동,41528
2022,4,11290810,석관동,2257
2022,4,11710600,석촌동,8931
2022,4,11740640,성내1동,12328
2022,4,11740650,성내2동,1864
2022,4,11740660,성내3동,3924
2022,4,11290525,성북동,18115
2022,4,11440720,성산1동,4578
2022,4,11440730,성산2동,1807
2022,4,11200650,성수1가1동,2404
2022,4,11200660,성수1가2동,5449
2022,4,11200670,성수2가1동,8245
2022,4,11200690,성수2가3동,22647
2022,4,11620565,성현동,1578
2022,4,11680700,세곡동,295
2022,4,11140520,소공동,81642
2022,4,11200720,송정동,752
2022,4,11305545,송중동,1098
2022,4,11305555,송천동,593
2022,4,11710580,송파1동,11606
2022,4,11710590,송파2동,4474
2022,4,11530790,수궁동,1676
2022,4,11380650,수색동,253
2022,4,11680750,수서동,16798
2022,4,11305615,수유1동,1101
2022,4,11305625,수유2동,1281
2022,4,11305635,수유3동,2903
2022,4,11110700,숭인1동,254
2022,4,11110710,숭인2동,1552
2022,4,11545670,시흥1동,4719
2022,4,11545680,시흥2동,852
2022,4,11545690,시흥3동,1819
2022,4,11545700,시흥4동,1252
2022,4,11545710,시흥5동,1523
2022,4,11560630,신길1동,3183
2022,4,11560650,신길3동,396
2022,4,11560660,신길4동,987
2022,4,11560670,신길5동,986
2022,4,11560680,신길6동,2180
2022,4,11560690,신길7동,2532
2022,4,11260680,신내1동,1909
2022,4,11260690,신내2동,976
2022,4,11140650,신당5동,652
2022,4,11140615,신당동,4548
2022,4,11590670,신대방1동,2507
2022,4,11590680,신대방2동,7519
2022,4,11530510,신도림동,9051
2022,4,11620695,신림동,1358
2022,4,11380631,신사1동,1361
2022,4,11380632,신사2동,977
2022,4,11680510,신사동,28397
2022,4,11620685,신사동,3519
2022,4,11440630,신수동,2518
2022,4,11620655,신원동,467
2022,4,11470560,신월1동,2040
2022,4,11470570,신월2동,1729
2022,4,11470580,신월3동,1063
2022,4,11470590,신월4동,1229
2022,4,11470600,신월5동,1344
2022,4,11470610,신월6동,597
2022,4,11470611,신월7동,2506
2022,4,11470620,신정1동,7998
2022,4,11470630,신정2동,12000
2022,4,11470640,신정3동,2016
2022,4,11470650,신정4동,5429
2022,4,11470680,신정7동,181
2022,4,11410585,신촌동,1565
2022,4,11320660,쌍문1동,670
2022,4,11320670,쌍문2동,984
2022,4,11320680,쌍문3동,1012
2022,4,11320681,쌍문4동,248
2022,4,11440555,아현동,4227
2022,4,11290600,안암동,1815
2022,4,11740570,암사1동,2741
2022,4,11740580,암사2동,2218
2022,4,11680545,압구정동,38898
2022,4,11140635,약수동,12014
2022,4,11650651,양재1동,20452
2022,4,11650652,양재2동,34626
2022,4,11560610,양평1동,8694
2022,4,11560620,양평2동,13322
2022,4,11560540,여의동,194725
2022,4,11680640,역삼1동,149163
2022,4,11680650,역삼2동,47819
2022,4,11380625,역촌동,3260
2022,4,11440710,연남동,2318
2022,4,11410615,연희동,8187
2022,4,11440610,염리동,2000
2022,4,11500510,염창동,2133
2022,4,11560535,영등포동,15792
2022,4,11560515,영등포본동,3682
2022,4,11710570,오금동,19798
2022,4,11530770,오류1동,3310
2022,4,11530780,오류2동,678
2022,4,11710566,오륜동,19415
2022,4,11200645,옥수동,2054
2022,4,11200520,왕십리2동,1064
2022,4,11200535,왕십리도선동,3003
2022,4,11440590,용강동,10958
2022,4,11200790,용답동,3446
2022,4,11170590,용문동,2935
2022,4,11170520,용산2가동,426
2022,4,11230536,용신동,19606
2022,4,11305645,우이동,1487
2022,4,11500615,우장산동,2566
2022,4,11170560,원효로1동,2863
2022,4,11170570,원효로2동,2980
2022,4,11350560,월계1동,1519
2022,4,11350570,월계2동,73
2022,4,11350580,월계3동,77
2022,4,11290715,월곡1동,1448
2022,4,11290725,월곡2동,2297
2022,4,11620605,은천동,932
2022,4,11140605,을지로동,15783
2022,4,11200580,응봉동,595
2022,4,11380580,응암1동,2200
2022,4,11380590,응암2동,423
2022,4,11380600,응암3동,1302
2022,4,11230740,이문1동,1188
2022,4,11230750,이문2동,246
2022,4,11170630,이촌1동,5422
2022,4,11170640,이촌2동,2283
2022,4,11170650,이태원1동,21112
2022,4,11170660,이태원2동,926
2022,4,11110640,이화동,1835
2022,4,11305660,인수동,2776
2022,4,11620625,인헌동,1560
2022,4,11680730,일원1동,1226
2022,4,11215820,자양1동,9485
2022,4,11215830,자양2동,2595
2022,4,11215840,자양3동,1940
2022,4,11215847,자양4동,561
2022,4,11710670,잠실2동,3847
2022,4,11710680,잠실3동,29056
2022,4,11710690,잠실4동,4925
2022,4,11710710,잠실6동,61653
2022,4,11710650,잠실본동,11094
2022,4,11650540,잠원동,14579
2022,4,11230650,장안1동,9766
2022,4,11230660,장안2동,5089
2022,4,11290760,장위1동,462
2022,4,11290770,장위2동,749
2022,4,11290780,장위3동,284
2022,4,11710646,장지동,4086
2022,4,11140580,장충동,5961
2022,4,11230560,전농1동,592
2022,4,11230570,전농2동,1021
2022,4,11290620,정릉1동,620
2022,4,11290630,정릉2동,1298
2022,4,11290640,정릉3동,341
2022,4,11290650,정릉4동,844
2022,4,11230545,제기동,4390
2022,4,11620725,조원동,2908
2022,4,11110615,종로1?2?3?4가동,116022
2022,4,11110630,종로5?6가동,19116
2022,4,11290705,종암동,16140
2022,4,11350621,중계1동,1302
2022,4,11350625,중계2?3동,1132
2022,4,11350624,중계4동,1352
2022,4,11350619,중계본동,807
2022,4,11215740,중곡1동,3882
2022,4,11215750,중곡2동,2256
2022,4,11215760,중곡3동,732
2022,4,11215770,중곡4동,3258
2022,4,11140680,중림동,2664
2022,4,11620615,중앙동,1085
2022,4,11260600,중화1동,1019
2022,4,11260610,중화2동,542
2022,4,11380640,증산동,1958
2022,4,11380690,진관동,890
2022,4,11320511,창1동,947
2022,4,11320512,창2동,981
2022,4,11320513,창3동,581
2022,4,11320514,창4동,1721
2022,4,11320515,창5동,5092
2022,4,11110670,창신1동,1827
2022,4,11110680,창신2동,92
2022,4,11110690,창신3동,103
2022,4,11410520,천연동,1093
2022,4,11740600,천호1동,1824
2022,4,11740610,천호2동,2988
2022,4,11740620,천호3동,1149
2022,4,11140645,청구동,2264
2022,4,11680565,청담동,56939
2022,4,11230705,청량리동,2651
2022,4,11620595,청룡동,3818
2022,4,11620545,청림동,327
2022,4,11110515,청운효자동,6746
2022,4,11170555,청파동,3565
2022,4,11410565,충현동,8579
2022,4,11110560,평창동,14279
2022,4,11710510,풍납1동,778
2022,4,11710520,풍납2동,476
2022,4,11140570,필동,12398
2022,4,11350611,하계1동,532
2022,4,11170625,한강로동,43401
2022,4,11170685,한남동,36545
2022,4,11440680,합정동,5199
2022,4,11200560,행당1동,1467
2022,4,11200570,행당2동,12
2022,4,11620575,행운동,2475
2022,4,11110650,혜화동,4981
2022,4,11410660,홍은1동,2819
2022,4,11410685,홍은2동,1135
2022,4,11410620,홍제1동,2497
2022,4,11410655,홍제2동,430
2022,4,11410640,홍제3동,692
2022,4,11500540,화곡1동,4239
2022,4,11500550,화곡2동,2050
2022,4,11500560,화곡3동,3629
2022,4,11500570,화곡4동,2050
2022,4,11500591,화곡6동,4632
2022,4,11500593,화곡8동,1587
2022,4,11500590,화곡본동,2359
2022,4,11215710,화양동,1100
2022,4,11140670,황학동,733
2022,4,11230710,회기동,74
2022,4,11140540,회현동,79592
2022,4,11170580,효창동,1309
2022,4,11170510,후암동,1833
2022,4,11230720,휘경1동,696
2022,4,11230730,휘경2동,922
2022,4,11590605,흑석동,115
2023,1,11710631,가락1동,4845
2023,1,11710632,가락2동,6446
2023,1,11710620,가락본동,26378
2023,1,11530595,가리봉동,709
2023,1,11545510,가산동,92030
2023,1,11500603,가양1동,1846
2023,1,11500605,가양3동,747
2023,1,11110600,가회동,11445
2023,1,11380551,갈현1동,1987
2023,1,11380552,갈현2동,2981
2023,1,11740515,강일동,156
2023,1,11530740,개봉1동,6356
2023,1,11530750,개봉2동,7124
2023,1,11530760,개봉3동,1510
2023,1,11680660,개포1동,522
2023,1,11680670,개포2동,8866
2023,1,11680690,개포4동,6664
2023,1,11710531,거여1동,2894
2023,1,11710532,거여2동,1455
2023,1,11740550,고덕1동,812
2023,1,11740560,고덕2동,887
2023,1,11530720,고척1동,2509
2023,1,11530730,고척2동,1513
2023,1,11440565,공덕동,8589
2023,1,11350595,공릉1동,5486
2023,1,11350600,공릉2동,1111
2023,1,11500620,공항동,4040
2023,1,11215810,광장동,7150
2023,1,11140590,광희동,54531
2023,1,11110580,교남동,664
2023,1,11530530,구로2동,11083
2023,1,11530540,구로3동,61432
2023,1,11530550,구로4동,1586
2023,1,11530560,구로5동,12682
2023,1,11380560,구산동,1573
2023,1,11215850,구의1동,3261
2023,1,11215860,구의2동,2394
2023,1,11215870,구의3동,10223
2023,1,11215730,군자동,1164
2023,1,11200590,금호1가동,1693
2023,1,11200615,금호2?3가동,352
2023,1,11200620,금호4가동,648
2023,1,11740685,길동,8662
2023,1,11290660,길음1동,3802
2023,1,11290685,길음2동,381
2023,1,11620585,낙성대동,6105
2023,1,11620775,난곡동,951
2023,1,11620715,난향동,676
2023,1,11410690,남가좌1동,841
2023,1,11410700,남가좌2동,895
2023,1,11170530,남영동,14729
2023,1,11620630,남현동,3416
2023,1,11650660,내곡동,876
2023,1,11590510,노량진1동,3694
2023,1,11590520,노량진2동,3449
2023,1,11380510,녹번동,3103
2023,1,11680521,논현1동,40540
2023,1,11680531,논현2동,52320
2023,1,11215780,능동,1521
2023,1,11140625,다산동,6586
2023,1,11230600,답십리1동,2158
2023,1,11230610,답십리2동,2990
2023,1,11560550,당산1동,5576
2023,1,11560560,당산2동,10688
2023,1,11560700,대림1동,1358
2023,1,11560710,대림2동,3551
2023,1,11560720,대림3동,5334
2023,1,11590660,대방동,8512
2023,1,11380570,대조동,2110
2023,1,11680600,대치1동,23114
2023,1,11680610,대치2동,55807
2023,1,11680630,대치4동,32469
2023,1,11620735,대학동,539
2023,1,11440600,대흥동,3481
2023,1,11680655,도곡1동,29972
2023,1,11680656,도곡2동,73377
2023,1,11560585,도림동,560
2023,1,11320521,도봉1동,1496
2023,1,11320522,도봉2동,842
2023,1,11440585,도화동,11392
2023,1,11545610,독산1동,11171
2023,1,11545620,독산2동,1566
2023,1,11545630,독산3동,3350
2023,1,11545640,독산4동,1392
2023,1,11290580,돈암1동,123
2023,1,11290590,돈암2동,643
2023,1,11290575,동선동,1953
2023,1,11140665,동화동,1134
2023,1,11740700,둔촌2동,2509
2023,1,11500520,등촌1동,4379
2023,1,11500530,등촌2동,2692
2023,1,11500535,등촌3동,7914
2023,1,11200540,마장동,6693
2023,1,11710540,마천1동,689
2023,1,11710550,마천2동,1669
2023,1,11260660,망우3동,322
2023,1,11260655,망우본동,1519
2023,1,11440690,망원1동,2837
2023,1,11440700,망원2동,4654
2023,1,11260520,면목2동,962
2023,1,11260575,면목3?8동,1718
2023,1,11260540,면목4동,710
2023,1,11260550,면목5동,898
2023,1,11260570,면목7동,653
2023,1,11260565,면목본동,954
2023,1,11140550,명동,116772
2023,1,11740530,명일1동,3610
2023,1,11740540,명일2동,2419
2023,1,11470510,목1동,14314
2023,1,11470520,목2동,3493
2023,1,11470530,목3동,1795
2023,1,11470540,목4동,1871
2023,1,11470550,목5동,13754
2023,1,11110570,무악동,495
2023,1,11260620,묵1동,900
2023,1,11260630,묵2동,1328
2023,1,11560605,문래동,50992
2023,1,11710641,문정1동,31928
2023,1,11710642,문정2동,24239
2023,1,11620765,미성동,2812
2023,1,11305535,미아동,1001
2023,1,11650560,반포1동,7309
2023,1,11650570,반포2동,3273
2023,1,11650580,반포3동,3075
2023,1,11650581,반포4동,55827
2023,1,11650550,반포본동,10981
2023,1,11500611,발산1동,3925
2023,1,11650600,방배1동,16740
2023,1,11650610,방배2동,15032
2023,1,11650620,방배3동,13996
2023,1,11650621,방배4동,16058
2023,1,11650590,방배본동,24244
2023,1,11710561,방이1동,7882
2023,1,11710562,방이2동,41941
2023,1,11320690,방학1동,3274
2023,1,11320700,방학2동,629
2023,1,11320710,방학3동,1210
2023,1,11500630,방화1동,3807
2023,1,11500640,방화2동,1702
2023,1,11500641,방화3동,2458
2023,1,11305595,번1동,1918
2023,1,11305603,번2동,406
2023,1,11305608,번3동,236
2023,1,11170700,보광동,412
2023,1,11620525,보라매동,3041
2023,1,11290610,보문동,3655
2023,1,11110550,부암동,1241
2023,1,11410710,북가좌1동,346
2023,1,11410720,북가좌2동,1478
2023,1,11410555,북아현동,963
2023,1,11380520,불광1동,1996
2023,1,11380530,불광2동,2252
2023,1,11200550,사근동,363
2023,1,11590620,사당1동,3588
2023,1,11590630,사당2동,1900
2023,1,11590640,사당3동,1344
2023,1,11590650,사당4동,1156
2023,1,11590651,사당5동,2139
2023,1,11110530,사직동,35094
2023,1,11305575,삼각산동,373
2023,1,11290555,삼선동,4554
2023,1,11680580,삼성1동,142941
2023,1,11680590,삼성2동,53614
2023,1,11620745,삼성동,886
2023,1,11305534,삼양동,210
2023,1,11710610,삼전동,3627
2023,1,11110540,삼청동,4036
2023,1,11350720,상계10동,482
2023,1,11350630,상계1동,3876
2023,1,11350640,상계2동,1822
2023,1,11350665,상계3?4동,628
2023,1,11350670,상계5동,1039
2023,1,11350695,상계6?7동,3853
2023,1,11350700,상계8동,528
2023,1,11350710,상계9동,1278
2023,1,11590530,상도1동,2904
2023,1,11590540,상도2동,839
2023,1,11590550,상도3동,829
2023,1,11590560,상도4동,885
2023,1,11260580,상봉1동,1902
2023,1,11260590,상봉2동,4535
2023,1,11440740,상암동,12214
2023,1,11740520,상일동,1573
2023,1,11440655,서강동,3524
2023,1,11440660,서교동,24889
2023,1,11620665,서림동,1621
2023,1,11170690,서빙고동,8230
2023,1,11620645,서원동,2222
2023,1,11650510,서초1동,42912
2023,1,11650520,서초2동,47409
2023,1,11650530,서초3동,59412
2023,1,11650531,서초4동,41528
2023,1,11290810,석관동,2257
2023,1,11710600,석촌동,8931
2023,1,11740640,성내1동,12328
2023,1,11740650,성내2동,1864
2023,1,11740660,성내3동,3924
2023,1,11290525,성북동,18115
2023,1,11440720,성산1동,4578
2023,1,11440730,성산2동,1807
2023,1,11200650,성수1가1동,2404
2023,1,11200660,성수1가2동,5449
2023,1,11200670,성수2가1동,8245
2023,1,11200690,성수2가3동,22647
2023,1,11620565,성현동,1578
2023,1,11680700,세곡동,295
2023,1,11140520,소공동,81642
2023,1,11200720,송정동,752
2023,1,11305545,송중동,1098
2023,1,11305555,송천동,593
2023,1,11710580,송파1동,11606
2023,1,11710590,송파2동,4474
2023,1,11530790,수궁동,1676
2023,1,11380650,수색동,253
2023,1,11680750,수서동,16798
2023,1,11305615,수유1동,1101
2023,1,11305625,수유2동,1281
2023,1,11305635,수유3동,2903
2023,1,11110700,숭인1동,254
2023,1,11110710,숭인2동,1552
2023,1,11545670,시흥1동,4719
2023,1,11545680,시흥2동,852
2023,1,11545690,시흥3동,1819
2023,1,11545700,시흥4동,1252
2023,1,11545710,시흥5동,1523
2023,1,11560630,신길1동,3183
2023,1,11560650,신길3동,396
2023,1,11560660,신길4동,987
2023,1,11560670,신길5동,986
2023,1,11560680,신길6동,2180
2023,1,11560690,신길7동,2532
2023,1,11260680,신내1동,1909
2023,1,11260690,신내2동,976
2023,1,11140650,신당5동,652
2023,1,11140615,신당동,4548
2023,1,11590670,신대방1동,2507
2023,1,11590680,신대방2동,7519
2023,1,11530510,신도림동,9051
2023,1,11620695,신림동,1358
2023,1,11380631,신사1동,1361
2023,1,11380632,신사2동,977
2023,1,11680510,신사동,28397
2023,1,11620685,신사동,3519
2023,1,11440630,신수동,2518
2023,1,11620655,신원동,467
2023,1,11470560,신월1동,2040
2023,1,11470570,신월2동,1729
2023,1,11470580,신월3동,1063
2023,1,11470590,신월4동,1229
2023,1,11470600,신월5동,1344
2023,1,11470610,신월6동,597
2023,1,11470611,신월7동,2506
2023,1,11470620,신정1동,7998
2023,1,11470630,신정2동,12000
2023,1,11470640,신정3동,2016
2023,1,11470650,신정4동,5429
2023,1,11470680,신정7동,181
2023,1,11410585,신촌동,1565
2023,1,11320660,쌍문1동,670
2023,1,11320670,쌍문2동,984
2023,1,11320680,쌍문3동,1012
2023,1,11320681,쌍문4동,248
2023,1,11440555,아현동,4227
2023,1,11290600,안암동,1815
2023,1,11740570,암사1동,2741
2023,1,11740580,암사2동,2218
2023,1,11680545,압구정동,38898
2023,1,11140635,약수동,12014
2023,1,11650651,양재1동,20452
2023,1,11650652,양재2동,34626
2023,1,11560610,양평1동,8694
2023,1,11560620,양평2동,13322
2023,1,11560540,여의동,194725
2023,1,11680640,역삼1동,149163
2023,1,11680650,역삼2동,47819
2023,1,11380625,역촌동,3260
2023,1,11440710,연남동,2318
2023,1,11410615,연희동,8187
2023,1,11440610,염리동,2000
2023,1,11500510,염창동,2133
2023,1,11560535,영등포동,15792
2023,1,11560515,영등포본동,3682
2023,1,11710570,오금동,19798
2023,1,11530770,오류1동,3310
2023,1,11530780,오류2동,678
2023,1,11710566,오륜동,19415
2023,1,11200645,옥수동,2054
2023,1,11200520,왕십리2동,1064
2023,1,11200535,왕십리도선동,3003
2023,1,11440590,용강동,10958
2023,1,11200790,용답동,3446
2023,1,11170590,용문동,2935
2023,1,11170520,용산2가동,426
2023,1,11230536,용신동,19606
2023,1,11305645,우이동,1487
2023,1,11500615,우장산동,2566
2023,1,11170560,원효로1동,2863
2023,1,11170570,원효로2동,2980
2023,1,11350560,월계1동,1519
2023,1,11350570,월계2동,73
2023,1,11350580,월계3동,77
2023,1,11290715,월곡1동,1448
2023,1,11290725,월곡2동,2297
2023,1,11620605,은천동,932
2023,1,11140605,을지로동,15783
2023,1,11200580,응봉동,595
2023,1,11380580,응암1동,2200
2023,1,11380590,응암2동,423
2023,1,11380600,응암3동,1302
2023,1,11230740,이문1동,1188
2023,1,11230750,이문2동,246
2023,1,11170630,이촌1동,5422
2023,1,11170640,이촌2동,2283
2023,1,11170650,이태원1동,21112
2023,1,11170660,이태원2동,926
2023,1,11110640,이화동,1835
2023,1,11305660,인수동,2776
2023,1,11620625,인헌동,1560
2023,1,11680730,일원1동,1226
2023,1,11215820,자양1동,9485
2023,1,11215830,자양2동,2595
2023,1,11215840,자양3동,1940
2023,1,11215847,자양4동,561
2023,1,11710670,잠실2동,3847
2023,1,11710680,잠실3동,29056
2023,1,11710690,잠실4동,4925
2023,1,11710710,잠실6동,61653
2023,1,11710650,잠실본동,11094
2023,1,11650540,잠원동,14579
2023,1,11230650,장안1동,9766
2023,1,11230660,장안2동,5089
2023,1,11290760,장위1동,462
2023,1,11290770,장위2동,749
2023,1,11290780,장위3동,284
2023,1,11710646,장지동,4086
2023,1,11140580,장충동,5961
2023,1,11230560,전농1동,592
2023,1,11230570,전농2동,1021
2023,1,11290620,정릉1동,620
2023,1,11290630,정릉2동,1298
2023,1,11290640,정릉3동,341
2023,1,11290650,정릉4동,844
2023,1,11230545,제기동,4390
2023,1,11620725,조원동,2908
2023,1,11110615,종로1?2?3?4가동,116022
2023,1,11110630,종로5?6가동,19116
2023,1,11290705,종암동,16140
2023,1,11350621,중계1동,1302
2023,1,11350625,중계2?3동,1132
2023,1,11350624,중계4동,1352
2023,1,11350619,중계본동,807
2023,1,11215740,중곡1동,3882
2023,1,11215750,중곡2동,2256
2023,1,11215760,중곡3동,732
2023,1,11215770,중곡4동,3258
2023,1,11140680,중림동,2664
2023,1,11620615,중앙동,1085
2023,1,11260600,중화1동,1019
2023,1,11260610,중화2동,542
2023,1,11380640,증산동,1958
2023,1,11380690,진관동,890
2023,1,11320511,창1동,947
2023,1,11320512,창2동,981
2023,1,11320513,창3동,581
2023,1,11320514,창4동,1721
2023,1,11320515,창5동,5092
2023,1,11110670,창신1동,1827
2023,1,11110680,창신2동,92
2023,1,11110690,창신3동,103
2023,1,11410520,천연동,1093
2023,1,11740600,천호1동,1824
2023,1,11740610,천호2동,2988
2023,1,11740620,천호3동,1149
2023,1,11140645,청구동,2264
2023,1,11680565,청담동,56939
2023,1,11230705,청량리동,2651
2023,1,11620595,청룡동,3818
2023,1,11620545,청림동,327
2023,1,11110515,청운효자동,6746
2023,1,11170555,청파동,3565
2023,1,11410565,충현동,8579
2023,1,11110560,평창동,14279
2023,1,11710510,풍납1동,778
2023,1,11710520,풍납2동,476
2023,1,11140570,필동,12398
2023,1,11350611,하계1동,532
2023,1,11170625,한강로동,43401
2023,1,11170685,한남동,36545
2023,1,11440680,합정동,5199
2023,1,11200560,행당1동,1467
2023,1,11200570,행당2동,12
2023,1,11620575,행운동,2475
2023,1,11110650,혜화동,4981
2023,1,11410660,홍은1동,2819
2023,1,11410685,홍은2동,1135
2023,1,11410620,홍제1동,2497
2023,1,11410655,홍제2동,430
2023,1,11410640,홍제3동,692
2023,1,11500540,화곡1동,4239
2023,1,11500550,화곡2동,2050
2023,1,11500560,화곡3동,3629
2023,1,11500570,화곡4동,2050
2023,1,11500591,화곡6동,4632
2023,1,11500593,화곡8동,1587
2023,1,11500590,화곡본동,2359
2023,1,11215710,화양동,1100
2023,1,11140670,황학동,733
2023,1,11230710,회기동,74
2023,1,11140540,회현동,79592
2023,1,11170580,효창동,1309
2023,1,11170510,후암동,1833
2023,1,11230720,휘경1동,696
2023,1,11230730,휘경2동,922
2023,1,11590605,흑석동,115
2023,2,11710631,가락1동,4845
2023,2,11710632,가락2동,6446
2023,2,11710620,가락본동,26378
2023,2,11530595,가리봉동,709
2023,2,11545510,가산동,92030
2023,2,11500603,가양1동,1846
2023,2,11500605,가양3동,747
2023,2,11110600,가회동,11445
2023,2,11380551,갈현1동,1987
2023,2,11380552,갈현2동,2981
2023,2,11740515,강일동,156
2023,2,11530740,개봉1동,6356
2023,2,11530750,개봉2동,7124
2023,2,11530760,개봉3동,1510
2023,2,11680660,개포1동,522
2023,2,11680670,개포2동,8866
2023,2,11680690,개포4동,6664
2023,2,11710531,거여1동,2894
2023,2,11710532,거여2동,1455
2023,2,11740550,고덕1동,812
2023,2,11740560,고덕2동,887
2023,2,11530720,고척1동,2509
2023,2,11530730,고척2동,1513
2023,2,11440565,공덕동,8589
2023,2,11350595,공릉1동,5486
2023,2,11350600,공릉2동,1111
2023,2,11500620,공항동,4040
2023,2,11215810,광장동,7150
2023,2,11140590,광희동,54531
2023,2,11110580,교남동,664
2023,2,11530530,구로2동,11083
2023,2,11530540,구로3동,61432
2023,2,11530550,구로4동,1586
2023,2,11530560,구로5동,12682
2023,2,11380560,구산동,1573
2023,2,11215850,구의1동,3261
2023,2,11215860,구의2동,2394
2023,2,11215870,구의3동,10223
2023,2,11215730,군자동,1164
2023,2,11200590,금호1가동,1693
2023,2,11200615,금호2?3가동,352
2023,2,11200620,금호4가동,648
2023,2,11740685,길동,8662
2023,2,11290660,길음1동,3802
2023,2,11290685,길음2동,381
2023,2,11620585,낙성대동,6105
2023,2,11620775,난곡동,951
2023,2,11620715,난향동,676
2023,2,11410690,남가좌1동,841
2023,2,11410700,남가좌2동,895
2023,2,11170530,남영동,14729
2023,2,11620630,남현동,3416
2023,2,11650660,내곡동,876
2023,2,11590510,노량진1동,3694
2023,2,11590520,노량진2동,3449
2023,2,11380510,녹번동,3103
2023,2,11680521,논현1동,40540
2023,2,11680531,논현2동,52320
2023,2,11215780,능동,1521
2023,2,11140625,다산동,6586
2023,2,11230600,답십리1동,2158
2023,2,11230610,답십리2동,2990
2023,2,11560550,당산1동,5576
2023,2,11560560,당산2동,10688
2023,2,11560700,대림1동,1358
2023,2,11560710,대림2동,3551
2023,2,11560720,대림3동,5334
2023,2,11590660,대방동,8512
2023,2,11380570,대조동,2110
2023,2,11680600,대치1동,23114
2023,2,11680610,대치2동,55807
2023,2,11680630,대치4동,32469
2023,2,11620735,대학동,539
2023,2,11440600,대흥동,3481
2023,2,11680655,도곡1동,29972
2023,2,11680656,도곡2동,73377
2023,2,11560585,도림동,560
2023,2,11320521,도봉1동,1496
2023,2,11320522,도봉2동,842
2023,2,11440585,도화동,11392
2023,2,11545610,독산1동,11171
2023,2,11545620,독산2동,1566
2023,2,11545630,독산3동,3350
2023,2,11545640,독산4동,1392
2023,2,11290580,돈암1동,123
2023,2,11290590,돈암2동,643
2023,2,11290575,동선동,1953
2023,2,11140665,동화동,1134
2023,2,11740700,둔촌2동,2509
2023,2,11500520,등촌1동,4379
2023,2,11500530,등촌2동,2692
2023,2,11500535,등촌3동,7914
2023,2,11200540,마장동,6693
2023,2,11710540,마천1동,689
2023,2,11710550,마천2동,1669
2023,2,11260660,망우3동,322
2023,2,11260655,망우본동,1519
2023,2,11440690,망원1동,2837
2023,2,11440700,망원2동,4654
2023,2,11260520,면목2동,962
2023,2,11260575,면목3?8동,1718
2023,2,11260540,면목4동,710
2023,2,11260550,면목5동,898
2023,2,11260570,면목7동,653
2023,2,11260565,면목본동,954
2023,2,11140550,명동,116772
2023,2,11740530,명일1동,3610
2023,2,11740540,명일2동,2419
2023,2,11470510,목1동,14314
2023,2,11470520,목2동,3493
2023,2,11470530,목3동,1795
2023,2,11470540,목4동,1871
2023,2,11470550,목5동,13754
2023,2,11110570,무악동,495
2023,2,11260620,묵1동,900
2023,2,11260630,묵2동,1328
2023,2,11560605,문래동,50992
2023,2,11710641,문정1동,31928
2023,2,11710642,문정2동,24239
2023,2,11620765,미성동,2812
2023,2,11305535,미아동,1001
2023,2,11650560,반포1동,7309
2023,2,11650570,반포2동,3273
2023,2,11650580,반포3동,3075
2023,2,11650581,반포4동,55827
2023,2,11650550,반포본동,10981
2023,2,11500611,발산1동,3925
2023,2,11650600,방배1동,16740
2023,2,11650610,방배2동,15032
2023,2,11650620,방배3동,13996
2023,2,11650621,방배4동,16058
2023,2,11650590,방배본동,24244
2023,2,11710561,방이1동,7882
2023,2,11710562,방이2동,41941
2023,2,11320690,방학1동,3274
2023,2,11320700,방학2동,629
2023,2,11320710,방학3동,1210
2023,2,11500630,방화1동,3807
2023,2,11500640,방화2동,1702
2023,2,11500641,방화3동,2458
2023,2,11305595,번1동,1918
2023,2,11305603,번2동,406
2023,2,11305608,번3동,236
2023,2,11170700,보광동,412
2023,2,11620525,보라매동,3041
2023,2,11290610,보문동,3655
2023,2,11110550,부암동,1241
2023,2,11410710,북가좌1동,346
2023,2,11410720,북가좌2동,1478
2023,2,11410555,북아현동,963
2023,2,11380520,불광1동,1996
2023,2,11380530,불광2동,2252
2023,2,11200550,사근동,363
2023,2,11590620,사당1동,3588
2023,2,11590630,사당2동,1900
2023,2,11590640,사당3동,1344
2023,2,11590650,사당4동,1156
2023,2,11590651,사당5동,2139
2023,2,11110530,사직동,35094
2023,2,11305575,삼각산동,373
2023,2,11290555,삼선동,4554
2023,2,11680580,삼성1동,142941
2023,2,11680590,삼성2동,53614
2023,2,11620745,삼성동,886
2023,2,11305534,삼양동,210
2023,2,11710610,삼전동,3627
2023,2,11110540,삼청동,4036
2023,2,11350720,상계10동,482
2023,2,11350630,상계1동,3876
2023,2,11350640,상계2동,1822
2023,2,11350665,상계3?4동,628
2023,2,11350670,상계5동,1039
2023,2,11350695,상계6?7동,3853
2023,2,11350700,상계8동,528
2023,2,11350710,상계9동,1278
2023,2,11590530,상도1동,2904
2023,2,11590540,상도2동,839
2023,2,11590550,상도3동,829
2023,2,11590560,상도4동,885
2023,2,11260580,상봉1동,1902
2023,2,11260590,상봉2동,4535
2023,2,11440740,상암동,12214
2023,2,11740520,상일동,1573
2023,2,11440655,서강동,3524
2023,2,11440660,서교동,24889
2023,2,11620665,서림동,1621
2023,2,11170690,서빙고동,8230
2023,2,11620645,서원동,2222
2023,2,11650510,서초1동,42912
2023,2,11650520,서초2동,47409
2023,2,11650530,서초3동,59412
2023,2,11650531,서초4동,41528
2023,2,11290810,석관동,2257
2023,2,11710600,석촌동,8931
2023,2,11740640,성내1동,12328
2023,2,11740650,성내2동,1864
2023,2,11740660,성내3동,3924
2023,2,11290525,성북동,18115
2023,2,11440720,성산1동,4578
2023,2,11440730,성산2동,1807
2023,2,11200650,성수1가1동,2404
2023,2,11200660,성수1가2동,5449
2023,2,11200670,성수2가1동,8245
2023,2,11200690,성수2가3동,22647
2023,2,11620565,성현동,1578
2023,2,11680700,세곡동,295
2023,2,11140520,소공동,81642
2023,2,11200720,송정동,752
2023,2,11305545,송중동,1098
2023,2,11305555,송천동,593
2023,2,11710580,송파1동,11606
2023,2,11710590,송파2동,4474
2023,2,11530790,수궁동,1676
2023,2,11380650,수색동,253
2023,2,11680750,수서동,16798
2023,2,11305615,수유1동,1101
2023,2,11305625,수유2동,1281
2023,2,11305635,수유3동,2903
2023,2,11110700,숭인1동,254
2023,2,11110710,숭인2동,1552
2023,2,11545670,시흥1동,4719
2023,2,11545680,시흥2동,852
2023,2,11545690,시흥3동,1819
2023,2,11545700,시흥4동,1252
2023,2,11545710,시흥5동,1523
2023,2,11560630,신길1동,3183
2023,2,11560650,신길3동,396
2023,2,11560660,신길4동,987
2023,2,11560670,신길5동,986
2023,2,11560680,신길6동,2180
2023,2,11560690,신길7동,2532
2023,2,11260680,신내1동,1909
2023,2,11260690,신내2동,976
2023,2,11140650,신당5동,652
2023,2,11140615,신당동,4548
2023,2,11590670,신대방1동,2507
2023,2,11590680,신대방2동,7519
2023,2,11530510,신도림동,9051
2023,2,11620695,신림동,1358
2023,2,11380631,신사1동,1361
2023,2,11380632,신사2동,977
2023,2,11680510,신사동,28397
2023,2,11620685,신사동,3519
2023,2,11440630,신수동,2518
2023,2,11620655,신원동,467
2023,2,11470560,신월1동,2040
2023,2,11470570,신월2동,1729
2023,2,11470580,신월3동,1063
2023,2,11470590,신월4동,1229
2023,2,11470600,신월5동,1344
2023,2,11470610,신월6동,597
2023,2,11470611,신월7동,2506
2023,2,11470620,신정1동,7998
2023,2,11470630,신정2동,12000
2023,2,11470640,신정3동,2016
2023,2,11470650,신정4동,5429
2023,2,11470680,신정7동,181
2023,2,11410585,신촌동,1565
2023,2,11320660,쌍문1동,670
2023,2,11320670,쌍문2동,984
2023,2,11320680,쌍문3동,1012
2023,2,11320681,쌍문4동,248
2023,2,11440555,아현동,4227
2023,2,11290600,안암동,1815
2023,2,11740570,암사1동,2741
2023,2,11740580,암사2동,2218
2023,2,11680545,압구정동,38898
2023,2,11140635,약수동,12014
2023,2,11650651,양재1동,20452
2023,2,11650652,양재2동,34626
2023,2,11560610,양평1동,8694
2023,2,11560620,양평2동,13322
2023,2,11560540,여의동,194725
2023,2,11680640,역삼1동,149163
2023,2,11680650,역삼2동,47819
2023,2,11380625,역촌동,3260
2023,2,11440710,연남동,2318
2023,2,11410615,연희동,8187
2023,2,11440610,염리동,2000
2023,2,11500510,염창동,2133
2023,2,11560535,영등포동,15792
2023,2,11560515,영등포본동,3682
2023,2,11710570,오금동,19798
2023,2,11530770,오류1동,3310
2023,2,11530780,오류2동,678
2023,2,11710566,오륜동,19415
2023,2,11200645,옥수동,2054
2023,2,11200520,왕십리2동,1064
2023,2,11200535,왕십리도선동,3003
2023,2,11440590,용강동,10958
2023,2,11200790,용답동,3446
2023,2,11170590,용문동,2935
2023,2,11170520,용산2가동,426
2023,2,11230536,용신동,19606
2023,2,11305645,우이동,1487
2023,2,11500615,우장산동,2566
2023,2,11170560,원효로1동,2863
2023,2,11170570,원효로2동,2980
2023,2,11350560,월계1동,1519
2023,2,11350570,월계2동,73
2023,2,11350580,월계3동,77
2023,2,11290715,월곡1동,1448
2023,2,11290725,월곡2동,2297
2023,2,11620605,은천동,932
2023,2,11140605,을지로동,15783
2023,2,11200580,응봉동,595
2023,2,11380580,응암1동,2200
2023,2,11380590,응암2동,423
2023,2,11380600,응암3동,1302
2023,2,11230740,이문1동,1188
2023,2,11230750,이문2동,246
2023,2,11170630,이촌1동,5422
2023,2,11170640,이촌2동,2283
2023,2,11170650,이태원1동,21112
2023,2,11170660,이태원2동,926
2023,2,11110640,이화동,1835
2023,2,11305660,인수동,2776
2023,2,11620625,인헌동,1560
2023,2,11680730,일원1동,1226
2023,2,11215820,자양1동,9485
2023,2,11215830,자양2동,2595
2023,2,11215840,자양3동,1940
2023,2,11215847,자양4동,561
2023,2,11710670,잠실2동,3847
2023,2,11710680,잠실3동,29056
2023,2,11710690,잠실4동,4925
2023,2,11710710,잠실6동,61653
2023,2,11710650,잠실본동,11094
2023,2,11650540,잠원동,14579
2023,2,11230650,장안1동,9766
2023,2,11230660,장안2동,5089
2023,2,11290760,장위1동,462
2023,2,11290770,장위2동,749
2023,2,11290780,장위3동,284
2023,2,11710646,장지동,4086
2023,2,11140580,장충동,5961
2023,2,11230560,전농1동,592
2023,2,11230570,전농2동,1021
2023,2,11290620,정릉1동,620
2023,2,11290630,정릉2동,1298
2023,2,11290640,정릉3동,341
2023,2,11290650,정릉4동,844
2023,2,11230545,제기동,4390
2023,2,11620725,조원동,2908
2023,2,11110615,종로1?2?3?4가동,116022
2023,2,11110630,종로5?6가동,19116
2023,2,11290705,종암동,16140
2023,2,11350621,중계1동,1302
2023,2,11350625,중계2?3동,1132
2023,2,11350624,중계4동,1352
2023,2,11350619,중계본동,807
2023,2,11215740,중곡1동,3882
2023,2,11215750,중곡2동,2256
2023,2,11215760,중곡3동,732
2023,2,11215770,중곡4동,3258
2023,2,11140680,중림동,2664
2023,2,11620615,중앙동,1085
2023,2,11260600,중화1동,1019
2023,2,11260610,중화2동,542
2023,2,11380640,증산동,1958
2023,2,11380690,진관동,890
2023,2,11320511,창1동,947
2023,2,11320512,창2동,981
2023,2,11320513,창3동,581
2023,2,11320514,창4동,1721
2023,2,11320515,창5동,5092
2023,2,11110670,창신1동,1827
2023,2,11110680,창신2동,92
2023,2,11110690,창신3동,103
2023,2,11410520,천연동,1093
2023,2,11740600,천호1동,1824
2023,2,11740610,천호2동,2988
2023,2,11740620,천호3동,1149
2023,2,11140645,청구동,2264
2023,2,11680565,청담동,56939
2023,2,11230705,청량리동,2651
2023,2,11620595,청룡동,3818
2023,2,11620545,청림동,327
2023,2,11110515,청운효자동,6746
2023,2,11170555,청파동,3565
2023,2,11410565,충현동,8579
2023,2,11110560,평창동,14279
2023,2,11710510,풍납1동,778
2023,2,11710520,풍납2동,476
2023,2,11140570,필동,12398
2023,2,11350611,하계1동,532
2023,2,11170625,한강로동,43401
2023,2,11170685,한남동,36545
2023,2,11440680,합정동,5199
2023,2,11200560,행당1동,1467
2023,2,11200570,행당2동,12
2023,2,11620575,행운동,2475
2023,2,11110650,혜화동,4981
2023,2,11410660,홍은1동,2819
2023,2,11410685,홍은2동,1135
2023,2,11410620,홍제1동,2497
2023,2,11410655,홍제2동,430
2023,2,11410640,홍제3동,692
2023,2,11500540,화곡1동,4239
2023,2,11500550,화곡2동,2050
2023,2,11500560,화곡3동,3629
2023,2,11500570,화곡4동,2050
2023,2,11500591,화곡6동,4632
2023,2,11500593,화곡8동,1587
2023,2,11500590,화곡본동,2359
2023,2,11215710,화양동,1100
2023,2,11140670,황학동,733
2023,2,11230710,회기동,74
2023,2,11140540,회현동,79592
2023,2,11170580,효창동,1309
2023,2,11170510,후암동,1833
2023,2,11230720,휘경1동,696
2023,2,11230730,휘경2동,922
2023,2,11590605,흑석동,115
2023,3,11710631,가락1동,4845
2023,3,11710632,가락2동,6446
2023,3,11710620,가락본동,26378
2023,3,11530595,가리봉동,709
2023,3,11545510,가산동,92030
2023,3,11500603,가양1동,1846
2023,3,11500605,가양3동,747
2023,3,11110600,가회동,11445
2023,3,11380551,갈현1동,1987
2023,3,11380552,갈현2동,2981
2023,3,11740515,강일동,156
2023,3,11530740,개봉1동,6356
2023,3,11530750,개봉2동,7124
2023,3,11530760,개봉3동,1510
2023,3,11680660,개포1동,522
2023,3,11680670,개포2동,8866
2023,3,11680690,개포4동,6664
2023,3,11710531,거여1동,2894
2023,3,11710532,거여2동,1455
2023,3,11740550,고덕1동,812
2023,3,11740560,고덕2동,887
2023,3,11530720,고척1동,2509
2023,3,11530730,고척2동,1513
2023,3,11440565,공덕동,8589
2023,3,11350595,공릉1동,5486
2023,3,11350600,공릉2동,1111
2023,3,11500620,공항동,4040
2023,3,11215810,광장동,7150
2023,3,11140590,광희동,54531
2023,3,11110580,교남동,664
2023,3,11530530,구로2동,11083
2023,3,11530540,구로3동,61432
2023,3,11530550,구로4동,1586
2023,3,11530560,구로5동,12682
2023,3,11380560,구산동,1573
2023,3,11215850,구의1동,3261
2023,3,11215860,구의2동,2394
2023,3,11215870,구의3동,10223
2023,3,11215730,군자동,1164
2023,3,11200590,금호1가동,1693
2023,3,11200615,금호2?3가동,352
2023,3,11200620,금호4가동,648
2023,3,11740685,길동,8662
2023,3,11290660,길음1동,3802
2023,3,11290685,길음2동,381
2023,3,11620585,낙성대동,6105
2023,3,11620775,난곡동,951
2023,3,11620715,난향동,676
2023,3,11410690,남가좌1동,841
2023,3,11410700,남가좌2동,895
2023,3,11170530,남영동,14729
2023,3,11620630,남현동,3416
2023,3,11650660,내곡동,876
2023,3,11590510,노량진1동,3694
2023,3,11590520,노량진2동,3449
2023,3,11380510,녹번동,3103
2023,3,11680521,논현1동,40540
2023,3,11680531,논현2동,52320
2023,3,11215780,능동,1521
2023,3,11140625,다산동,6586
2023,3,11230600,답십리1동,2158
2023,3,11230610,답십리2동,2990
2023,3,11560550,당산1동,5576
2023,3,11560560,당산2동,10688
2023,3,11560700,대림1동,1358
2023,3,11560710,대림2동,3551
2023,3,11560720,대림3동,5334
2023,3,11590660,대방동,8512
2023,3,11380570,대조동,2110
2023,3,11680600,대치1동,23114
2023,3,11680610,대치2동,55807
2023,3,11680630,대치4동,32469
2023,3,11620735,대학동,539
2023,3,11440600,대흥동,3481
2023,3,11680655,도곡1동,29972
2023,3,11680656,도곡2동,73377
2023,3,11560585,도림동,560
2023,3,11320521,도봉1동,1496
2023,3,11320522,도봉2동,842
2023,3,11440585,도화동,11392
2023,3,11545610,독산1동,11171
2023,3,11545620,독산2동,1566
2023,3,11545630,독산3동,3350
2023,3,11545640,독산4동,1392
2023,3,11290580,돈암1동,123
2023,3,11290590,돈암2동,643
2023,3,11290575,동선동,1953
2023,3,11140665,동화동,1134
2023,3,11740700,둔촌2동,2509
2023,3,11500520,등촌1동,4379
2023,3,11500530,등촌2동,2692
2023,3,11500535,등촌3동,7914
2023,3,11200540,마장동,6693
2023,3,11710540,마천1동,689
2023,3,11710550,마천2동,1669
2023,3,11260660,망우3동,322
2023,3,11260655,망우본동,1519
2023,3,11440690,망원1동,2837
2023,3,11440700,망원2동,4654
2023,3,11260520,면목2동,962
2023,3,11260575,면목3?8동,1718
2023,3,11260540,면목4동,710
2023,3,11260550,면목5동,898
2023,3,11260570,면목7동,653
2023,3,11260565,면목본동,954
2023,3,11140550,명동,116772
2023,3,11740530,명일1동,3610
2023,3,11740540,명일2동,2419
2023,3,11470510,목1동,14314
2023,3,11470520,목2동,3493
2023,3,11470530,목3동,1795
2023,3,11470540,목4동,1871
2023,3,11470550,목5동,13754
2023,3,11110570,무악동,495
2023,3,11260620,묵1동,900
2023,3,11260630,묵2동,1328
2023,3,11560605,문래동,50992
2023,3,11710641,문정1동,31928
2023,3,11710642,문정2동,24239
2023,3,11620765,미성동,2812
2023,3,11305535,미아동,1001
2023,3,11650560,반포1동,7309
2023,3,11650570,반포2동,3273
2023,3,11650580,반포3동,3075
2023,3,11650581,반포4동,55827
2023,3,11650550,반포본동,10981
2023,3,11500611,발산1동,3925
2023,3,11650600,방배1동,16740
2023,3,11650610,방배2동,15032
2023,3,11650620,방배3동,13996
2023,3,11650621,방배4동,16058
2023,3,11650590,방배본동,24244
2023,3,11710561,방이1동,7882
2023,3,11710562,방이2동,41941
2023,3,11320690,방학1동,3274
2023,3,11320700,방학2동,629
2023,3,11320710,방학3동,1210
2023,3,11500630,방화1동,3807
2023,3,11500640,방화2동,1702
2023,3,11500641,방화3동,2458
2023,3,11305595,번1동,1918
2023,3,11305603,번2동,406
2023,3,11305608,번3동,236
2023,3,11170700,보광동,412
2023,3,11620525,보라매동,3041
2023,3,11290610,보문동,3655
2023,3,11110550,부암동,1241
2023,3,11410710,북가좌1동,346
2023,3,11410720,북가좌2동,1478
2023,3,11410555,북아현동,963
2023,3,11380520,불광1동,1996
2023,3,11380530,불광2동,2252
2023,3,11200550,사근동,363
2023,3,11590620,사당1동,3588
2023,3,11590630,사당2동,1900
2023,3,11590640,사당3동,1344
2023,3,11590650,사당4동,1156
2023,3,11590651,사당5동,2139
2023,3,11110530,사직동,35094
2023,3,11305575,삼각산동,373
2023,3,11290555,삼선동,4554
2023,3,11680580,삼성1동,142941
2023,3,11680590,삼성2동,53614
2023,3,11620745,삼성동,886
2023,3,11305534,삼양동,210
2023,3,11710610,삼전동,3627
2023,3,11110540,삼청동,4036
2023,3,11350720,상계10동,482
2023,3,11350630,상계1동,3876
2023,3,11350640,상계2동,1822
2023,3,11350665,상계3?4동,628
2023,3,11350670,상계5동,1039
2023,3,11350695,상계6?7동,3853
2023,3,11350700,상계8동,528
2023,3,11350710,상계9동,1278
2023,3,11590530,상도1동,2904
2023,3,11590540,상도2동,839
2023,3,11590550,상도3동,829
2023,3,11590560,상도4동,885
2023,3,11260580,상봉1동,1902
2023,3,11260590,상봉2동,4535
2023,3,11440740,상암동,12214
2023,3,11740520,상일동,1573
2023,3,11440655,서강동,3524
2023,3,11440660,서교동,24889
2023,3,11620665,서림동,1621
2023,3,11170690,서빙고동,8230
2023,3,11620645,서원동,2222
2023,3,11650510,서초1동,42912
2023,3,11650520,서초2동,47409
2023,3,11650530,서초3동,59412
2023,3,11650531,서초4동,41528
2023,3,11290810,석관동,2257
2023,3,11710600,석촌동,8931
2023,3,11740640,성내1동,12328
2023,3,11740650,성내2동,1864
2023,3,11740660,성내3동,3924
2023,3,11290525,성북동,18115
2023,3,11440720,성산1동,4578
2023,3,11440730,성산2동,1807
2023,3,11200650,성수1가1동,2404
2023,3,11200660,성수1가2동,5449
2023,3,11200670,성수2가1동,8245
2023,3,11200690,성수2가3동,22647
2023,3,11620565,성현동,1578
2023,3,11680700,세곡동,295
2023,3,11140520,소공동,81642
2023,3,11200720,송정동,752
2023,3,11305545,송중동,1098
2023,3,11305555,송천동,593
2023,3,11710580,송파1동,11606
2023,3,11710590,송파2동,4474
2023,3,11530790,수궁동,1676
2023,3,11380650,수색동,253
2023,3,11680750,수서동,16798
2023,3,11305615,수유1동,1101
2023,3,11305625,수유2동,1281
2023,3,11305635,수유3동,2903
2023,3,11110700,숭인1동,254
2023,3,11110710,숭인2동,1552
2023,3,11545670,시흥1동,4719
2023,3,11545680,시흥2동,852
2023,3,11545690,시흥3동,1819
2023,3,11545700,시흥4동,1252
2023,3,11545710,시흥5동,1523
2023,3,11560630,신길1동,3183
2023,3,11560650,신길3동,396
2023,3,11560660,신길4동,987
2023,3,11560670,신길5동,986
2023,3,11560680,신길6동,2180
2023,3,11560690,신길7동,2532
2023,3,11260680,신내1동,1909
2023,3,11260690,신내2동,976
2023,3,11140650,신당5동,652
2023,3,11140615,신당동,4548
2023,3,11590670,신대방1동,2507
2023,3,11590680,신대방2동,7519
2023,3,11530510,신도림동,9051
2023,3,11620695,신림동,1358
2023,3,11380631,신사1동,1361
2023,3,11380632,신사2동,977
2023,3,11680510,신사동,28397
2023,3,11620685,신사동,3519
2023,3,11440630,신수동,2518
2023,3,11620655,신원동,467
2023,3,11470560,신월1동,2040
2023,3,11470570,신월2동,1729
2023,3,11470580,신월3동,1063
2023,3,11470590,신월4동,1229
2023,3,11470600,신월5동,1344
2023,3,11470610,신월6동,597
2023,3,11470611,신월7동,2506
2023,3,11470620,신정1동,7998
2023,3,11470630,신정2동,12000
2023,3,11470640,신정3동,2016
2023,3,11470650,신정4동,5429
2023,3,11470680,신정7동,181
2023,3,11410585,신촌동,1565
2023,3,11320660,쌍문1동,670
2023,3,11320670,쌍문2동,984
2023,3,11320680,쌍문3동,1012
2023,3,11320681,쌍문4동,248
2023,3,11440555,아현동,4227
2023,3,11290600,안암동,1815
2023,3,11740570,암사1동,2741
2023,3,11740580,암사2동,2218
2023,3,11680545,압구정동,38898
2023,3,11140635,약수동,12014
2023,3,11650651,양재1동,20452
2023,3,11650652,양재2동,34626
2023,3,11560610,양평1동,8694
2023,3,11560620,양평2동,13322
2023,3,11560540,여의동,194725
2023,3,11680640,역삼1동,149163
2023,3,11680650,역삼2동,47819
2023,3,11380625,역촌동,3260
2023,3,11440710,연남동,2318
2023,3,11410615,연희동,8187
2023,3,11440610,염리동,2000
2023,3,11500510,염창동,2133
2023,3,11560535,영등포동,15792
2023,3,11560515,영등포본동,3682
2023,3,11710570,오금동,19798
2023,3,11530770,오류1동,3310
2023,3,11530780,오류2동,678
2023,3,11710566,오륜동,19415
2023,3,11200645,옥수동,2054
2023,3,11200520,왕십리2동,1064
2023,3,11200535,왕십리도선동,3003
2023,3,11440590,용강동,10958
2023,3,11200790,용답동,3446
2023,3,11170590,용문동,2935
2023,3,11170520,용산2가동,426
2023,3,11230536,용신동,19606
2023,3,11305645,우이동,1487
2023,3,11500615,우장산동,2566
2023,3,11170560,원효로1동,2863
2023,3,11170570,원효로2동,2980
2023,3,11350560,월계1동,1519
2023,3,11350570,월계2동,73
2023,3,11350580,월계3동,77
2023,3,11290715,월곡1동,1448
2023,3,11290725,월곡2동,2297
2023,3,11620605,은천동,932
2023,3,11140605,을지로동,15783
2023,3,11200580,응봉동,595
2023,3,11380580,응암1동,2200
2023,3,11380590,응암2동,423
2023,3,11380600,응암3동,1302
2023,3,11230740,이문1동,1188
2023,3,11230750,이문2동,246
2023,3,11170630,이촌1동,5422
2023,3,11170640,이촌2동,2283
2023,3,11170650,이태원1동,21112
2023,3,11170660,이태원2동,926
2023,3,11110640,이화동,1835
2023,3,11305660,인수동,2776
2023,3,11620625,인헌동,1560
2023,3,11680730,일원1동,1226
2023,3,11215820,자양1동,9485
2023,3,11215830,자양2동,2595
2023,3,11215840,자양3동,1940
2023,3,11215847,자양4동,561
2023,3,11710670,잠실2동,3847
2023,3,11710680,잠실3동,29056
2023,3,11710690,잠실4동,4925
2023,3,11710710,잠실6동,61653
2023,3,11710650,잠실본동,11094
2023,3,11650540,잠원동,14579
2023,3,11230650,장안1동,9766
2023,3,11230660,장안2동,5089
2023,3,11290760,장위1동,462
2023,3,11290770,장위2동,749
2023,3,11290780,장위3동,284
2023,3,11710646,장지동,4086
2023,3,11140580,장충동,5961
2023,3,11230560,전농1동,592
2023,3,11230570,전농2동,1021
2023,3,11290620,정릉1동,620
2023,3,11290630,정릉2동,1298
2023,3,11290640,정릉3동,341
2023,3,11290650,정릉4동,844
2023,3,11230545,제기동,4390
2023,3,11620725,조원동,2908
2023,3,11110615,종로1?2?3?4가동,116022
2023,3,11110630,종로5?6가동,19116
2023,3,11290705,종암동,16140
2023,3,11350621,중계1동,1302
2023,3,11350625,중계2?3동,1132
2023,3,11350624,중계4동,1352
2023,3,11350619,중계본동,807
2023,3,11215740,중곡1동,3882
2023,3,11215750,중곡2동,2256
2023,3,11215760,중곡3동,732
2023,3,11215770,중곡4동,3258
2023,3,11140680,중림동,2664
2023,3,11620615,중앙동,1085
2023,3,11260600,중화1동,1019
2023,3,11260610,중화2동,542
2023,3,11380640,증산동,1958
2023,3,11380690,진관동,890
2023,3,11320511,창1동,947
2023,3,11320512,창2동,981
2023,3,11320513,창3동,581
2023,3,11320514,창4동,1721
2023,3,11320515,창5동,5092
2023,3,11110670,창신1동,1827
2023,3,11110680,창신2동,92
2023,3,11110690,창신3동,103
2023,3,11410520,천연동,1093
2023,3,11740600,천호1동,1824
2023,3,11740610,천호2동,2988
2023,3,11740620,천호3동,1149
2023,3,11140645,청구동,2264
2023,3,11680565,청담동,56939
2023,3,11230705,청량리동,2651
2023,3,11620595,청룡동,3818
2023,3,11620545,청림동,327
2023,3,11110515,청운효자동,6746
2023,3,11170555,청파동,3565
2023,3,11410565,충현동,8579
2023,3,11110560,평창동,14279
2023,3,11710510,풍납1동,778
2023,3,11710520,풍납2동,476
2023,3,11140570,필동,12398
2023,3,11350611,하계1동,532
2023,3,11170625,한강로동,43401
2023,3,11170685,한남동,36545
2023,3,11440680,합정동,5199
2023,3,11200560,행당1동,1467
2023,3,11200570,행당2동,12
2023,3,11620575,행운동,2475
2023,3,11110650,혜화동,4981
2023,3,11410660,홍은1동,2819
2023,3,11410685,홍은2동,1135
2023,3,11410620,홍제1동,2497
2023,3,11410655,홍제2동,430
2023,3,11410640,홍제3동,692
2023,3,11500540,화곡1동,4239
2023,3,11500550,화곡2동,2050
2023,3,11500560,화곡3동,3629
2023,3,11500570,화곡4동,2050
2023,3,11500591,화곡6동,4632
2023,3,11500593,화곡8동,1587
2023,3,11500590,화곡본동,2359
2023,3,11215710,화양동,1100
2023,3,11140670,황학동,733
2023,3,11230710,회기동,74
2023,3,11140540,회현동,79592
2023,3,11170580,효창동,1309
2023,3,11170510,후암동,1833
2023,3,11230720,휘경1동,696
2023,3,11230730,휘경2동,922
2023,3,11590605,흑석동,115
2023,4,11710631,가락1동,4765
2023,4,11710632,가락2동,5913
2023,4,11710620,가락본동,24272
2023,4,11530595,가리봉동,563
2023,4,11545510,가산동,95655
2023,4,11500603,가양1동,2416
2023,4,11500605,가양3동,1182
2023,4,11110600,가회동,10719
2023,4,11380551,갈현1동,1802
2023,4,11380552,갈현2동,2652
2023,4,11740515,강일동,149
2023,4,11530740,개봉1동,17477
2023,4,11530750,개봉2동,6326
2023,4,11530760,개봉3동,1071
2023,4,11680660,개포1동,1310
2023,4,11680670,개포2동,8731
2023,4,11680690,개포4동,6678
2023,4,11710531,거여1동,3002
2023,4,11710532,거여2동,1196
2023,4,11740550,고덕1동,653
2023,4,11740560,고덕2동,888
2023,4,11530720,고척1동,2225
2023,4,11530730,고척2동,1156
2023,4,11440565,공덕동,12823
2023,4,11350595,공릉1동,15186
2023,4,11350600,공릉2동,2062
2023,4,11500620,공항동,3909
2023,4,11215810,광장동,5323
2023,4,11140590,광희동,52790
2023,4,11110580,교남동,689
2023,4,11530530,구로2동,10444
2023,4,11530540,구로3동,57713
2023,4,11530550,구로4동,1050
2023,4,11530560,구로5동,10695
2023,4,11380560,구산동,1455
2023,4,11215850,구의1동,2605
2023,4,11215860,구의2동,1846
2023,4,11215870,구의3동,7778
2023,4,11215730,군자동,906
2023,4,11200590,금호1가동,1330
2023,4,11200615,금호2?3가동,238
2023,4,11200620,금호4가동,419
2023,4,11740685,길동,7262
2023,4,11290660,길음1동,3566
2023,4,11290685,길음2동,286
2023,4,11620585,낙성대동,4335
2023,4,11620775,난곡동,847
2023,4,11620715,난향동,325
2023,4,11410690,남가좌1동,906
2023,4,11410700,남가좌2동,903
2023,4,11170530,남영동,16969
2023,4,11620630,남현동,3437
2023,4,11650660,내곡동,1190
2023,4,11590510,노량진1동,2666
2023,4,11590520,노량진2동,3154
2023,4,11380510,녹번동,2119
2023,4,11680521,논현1동,38707
2023,4,11680531,논현2동,56378
2023,4,11215780,능동,1102
2023,4,11140625,다산동,5954
2023,4,11230600,답십리1동,1771
2023,4,11230610,답십리2동,2640
2023,4,11560550,당산1동,5713
2023,4,11560560,당산2동,10350
2023,4,11560700,대림1동,1030
2023,4,11560710,대림2동,2866
2023,4,11560720,대림3동,4344
2023,4,11590660,대방동,6596
2023,4,11380570,대조동,1501
2023,4,11680600,대치1동,14138
2023,4,11680610,대치2동,84405
2023,4,11680630,대치4동,31032
2023,4,11620735,대학동,396
2023,4,11440600,대흥동,3136
2023,4,11680655,도곡1동,28100
2023,4,11680656,도곡2동,114106
2023,4,11560585,도림동,473
2023,4,11320521,도봉1동,1270
2023,4,11320522,도봉2동,608
2023,4,11440585,도화동,11978
2023,4,11545610,독산1동,9731
2023,4,11545620,독산2동,1302
2023,4,11545630,독산3동,2918
2023,4,11545640,독산4동,1104
2023,4,11290580,돈암1동,152
2023,4,11290590,돈암2동,446
2023,4,11290575,동선동,3905
2023,4,11140665,동화동,1010
2023,4,11740700,둔촌2동,2158
2023,4,11500520,등촌1동,4511
2023,4,11500530,등촌2동,1806
2023,4,11500535,등촌3동,10445
2023,4,11200540,마장동,6039
2023,4,11710540,마천1동,503
2023,4,11710550,마천2동,1272
2023,4,11260660,망우3동,196
2023,4,11260655,망우본동,1159
2023,4,11440690,망원1동,2526
2023,4,11440700,망원2동,3385
2023,4,11260520,면목2동,2968
2023,4,11260575,면목3?8동,1509
2023,4,11260540,면목4동,396
2023,4,11260550,면목5동,837
2023,4,11260570,면목7동,581
2023,4,11260565,면목본동,752
2023,4,11140550,명동,127964
2023,4,11740530,명일1동,2757
2023,4,11740540,명일2동,1737
2023,4,11470510,목1동,12735
2023,4,11470520,목2동,2740
2023,4,11470530,목3동,1514
2023,4,11470540,목4동,1884
2023,4,11470550,목5동,11086
2023,4,11110570,무악동,423
2023,4,11260620,묵1동,766
2023,4,11260630,묵2동,1139
2023,4,11560605,문래동,71867
2023,4,11710641,문정1동,26466
2023,4,11710642,문정2동,37090
2023,4,11620765,미성동,2391
2023,4,11305535,미아동,4013
2023,4,11650560,반포1동,7778
2023,4,11650570,반포2동,2380
2023,4,11650580,반포3동,2501
2023,4,11650581,반포4동,63769
2023,4,11650550,반포본동,6068
2023,4,11500611,발산1동,5632
2023,4,11650600,방배1동,17414
2023,4,11650610,방배2동,32778
2023,4,11650620,방배3동,10742
2023,4,11650621,방배4동,14768
2023,4,11650590,방배본동,16801
2023,4,11710561,방이1동,8432
2023,4,11710562,방이2동,40058
2023,4,11320690,방학1동,6018
2023,4,11320700,방학2동,420
2023,4,11320710,방학3동,923
2023,4,11500630,방화1동,3439
2023,4,11500640,방화2동,1685
2023,4,11500641,방화3동,1716
2023,4,11305595,번1동,1761
2023,4,11305603,번2동,1063
2023,4,11305608,번3동,511
2023,4,11170700,보광동,316
2023,4,11620525,보라매동,8912
2023,4,11290610,보문동,2689
2023,4,11110550,부암동,1055
2023,4,11410710,북가좌1동,326
2023,4,11410720,북가좌2동,1266
2023,4,11410555,북아현동,938
2023,4,11380520,불광1동,1687
2023,4,11380530,불광2동,10488
2023,4,11200550,사근동,324
2023,4,11590620,사당1동,2903
2023,4,11590630,사당2동,1408
2023,4,11590640,사당3동,954
2023,4,11590650,사당4동,793
2023,4,11590651,사당5동,1281
2023,4,11110530,사직동,38826
2023,4,11305575,삼각산동,269
2023,4,11290555,삼선동,3678
2023,4,11680580,삼성1동,214989
2023,4,11680590,삼성2동,54523
2023,4,11620745,삼성동,713
2023,4,11305534,삼양동,91
2023,4,11710610,삼전동,3830
2023,4,11110540,삼청동,3669
2023,4,11350720,상계10동,386
2023,4,11350630,상계1동,3429
2023,4,11350640,상계2동,1611
2023,4,11350665,상계3?4동,419
2023,4,11350670,상계5동,866
2023,4,11350695,상계6?7동,7209
2023,4,11350700,상계8동,526
2023,4,11350710,상계9동,925
2023,4,11590530,상도1동,2227
2023,4,11590540,상도2동,805
2023,4,11590550,상도3동,652
2023,4,11590560,상도4동,710
2023,4,11260580,상봉1동,1360
2023,4,11260590,상봉2동,3451
2023,4,11440740,상암동,13325
2023,4,11740520,상일동,1339
2023,4,11440655,서강동,3133
2023,4,11440660,서교동,24904
2023,4,11620665,서림동,1147
2023,4,11170690,서빙고동,7358
2023,4,11620645,서원동,1726
2023,4,11650510,서초1동,41721
2023,4,11650520,서초2동,56400
2023,4,11650530,서초3동,55705
2023,4,11650531,서초4동,32314
2023,4,11290810,석관동,1554
2023,4,11710600,석촌동,6810
2023,4,11740640,성내1동,11908
2023,4,11740650,성내2동,1700
2023,4,11740660,성내3동,5543
2023,4,11290525,성북동,15450
2023,4,11440720,성산1동,4919
2023,4,11440730,성산2동,1476
2023,4,11200650,성수1가1동,2207
2023,4,11200660,성수1가2동,4957
2023,4,11200670,성수2가1동,7294
2023,4,11200690,성수2가3동,40575
2023,4,11620565,성현동,1199
2023,4,11680700,세곡동,224
2023,4,11140520,소공동,96440
2023,4,11200720,송정동,720
2023,4,11305545,송중동,918
2023,4,11305555,송천동,437
2023,4,11710580,송파1동,20397
2023,4,11710590,송파2동,3402
2023,4,11530790,수궁동,1304
2023,4,11380650,수색동,244
2023,4,11680750,수서동,15898
2023,4,11305615,수유1동,870
2023,4,11305625,수유2동,1213
2023,4,11305635,수유3동,2578
2023,4,11110700,숭인1동,195
2023,4,11110710,숭인2동,1439
2023,4,11545670,시흥1동,3572
2023,4,11545680,시흥2동,732
2023,4,11545690,시흥3동,1998
2023,4,11545700,시흥4동,1085
2023,4,11545710,시흥5동,978
2023,4,11560630,신길1동,3295
2023,4,11560650,신길3동,362
2023,4,11560660,신길4동,715
2023,4,11560670,신길5동,785
2023,4,11560680,신길6동,1442
2023,4,11560690,신길7동,1873
2023,4,11260680,신내1동,1252
2023,4,11260690,신내2동,956
2023,4,11140650,신당5동,604
2023,4,11140615,신당동,4003
2023,4,11590670,신대방1동,3097
2023,4,11590680,신대방2동,10847
2023,4,11530510,신도림동,15684
2023,4,11620695,신림동,1202
2023,4,11380631,신사1동,1154
2023,4,11380632,신사2동,775
2023,4,11680510,신사동,25038
2023,4,11620685,신사동,3039
2023,4,11440630,신수동,2170
2023,4,11620655,신원동,432
2023,4,11470560,신월1동,1782
2023,4,11470570,신월2동,1190
2023,4,11470580,신월3동,861
2023,4,11470590,신월4동,960
2023,4,11470600,신월5동,1297
2023,4,11470610,신월6동,536
2023,4,11470611,신월7동,2299
2023,4,11470620,신정1동,6180
2023,4,11470630,신정2동,20043
2023,4,11470640,신정3동,1399
2023,4,11470650,신정4동,7068
2023,4,11470680,신정7동,353
2023,4,11410585,신촌동,1508
2023,4,11320660,쌍문1동,650
2023,4,11320670,쌍문2동,838
2023,4,11320680,쌍문3동,886
2023,4,11320681,쌍문4동,175
2023,4,11440555,아현동,4414
2023,4,11290600,안암동,2475
2023,4,11740570,암사1동,2183
2023,4,11740580,암사2동,1720
2023,4,11680545,압구정동,37832
2023,4,11140635,약수동,9944
2023,4,11650651,양재1동,20452
2023,4,11650652,양재2동,44246
2023,4,11560610,양평1동,8546
2023,4,11560620,양평2동,11342
2023,4,11560540,여의동,201758
2023,4,11680640,역삼1동,157737
2023,4,11680650,역삼2동,68537
2023,4,11380625,역촌동,2751
2023,4,11440710,연남동,2215
2023,4,11410615,연희동,21401
2023,4,11440610,염리동,1815
2023,4,11500510,염창동,2236
2023,4,11560535,영등포동,13005
2023,4,11560515,영등포본동,2560
2023,4,11710570,오금동,20030
2023,4,11530770,오류1동,2151
2023,4,11530780,오류2동,714
2023,4,11710566,오륜동,15516
2023,4,11200645,옥수동,4558
2023,4,11200520,왕십리2동,1014
2023,4,11200535,왕십리도선동,2960
2023,4,11440590,용강동,12219
2023,4,11200790,용답동,2774
2023,4,11170590,용문동,2629
2023,4,11170520,용산2가동,415
2023,4,11230536,용신동,16487
2023,4,11305645,우이동,1300
2023,4,11500615,우장산동,2596
2023,4,11170560,원효로1동,2820
2023,4,11170570,원효로2동,2630
2023,4,11350560,월계1동,919
2023,4,11350570,월계2동,21
2023,4,11350580,월계3동,63
2023,4,11290715,월곡1동,1214
2023,4,11290725,월곡2동,3056
2023,4,11620605,은천동,843
2023,4,11140605,을지로동,15636
2023,4,11200580,응봉동,419
2023,4,11380580,응암1동,1751
2023,4,11380590,응암2동,429
2023,4,11380600,응암3동,1099
2023,4,11230740,이문1동,1176
2023,4,11230750,이문2동,217
2023,4,11170630,이촌1동,4473
2023,4,11170640,이촌2동,1693
2023,4,11170650,이태원1동,18256
2023,4,11170660,이태원2동,755
2023,4,11110640,이화동,1345
2023,4,11305660,인수동,2202
2023,4,11620625,인헌동,909
2023,4,11680730,일원1동,1322
2023,4,11215820,자양1동,7514
2023,4,11215830,자양2동,1864
2023,4,11215840,자양3동,1581
2023,4,11215847,자양4동,329
2023,4,11710670,잠실2동,3642
2023,4,11710680,잠실3동,27271
2023,4,11710690,잠실4동,4260
2023,4,11710710,잠실6동,59905
2023,4,11710650,잠실본동,10964
2023,4,11650540,잠원동,11344
2023,4,11230650,장안1동,12921
2023,4,11230660,장안2동,4530
2023,4,11290760,장위1동,390
2023,4,11290770,장위2동,668
2023,4,11290780,장위3동,283
2023,4,11710646,장지동,3218
2023,4,11140580,장충동,5048
2023,4,11230560,전농1동,387
2023,4,11230570,전농2동,885
2023,4,11290620,정릉1동,471
2023,4,11290630,정릉2동,1024
2023,4,11290640,정릉3동,238
2023,4,11290650,정릉4동,948
2023,4,11230545,제기동,9210
2023,4,11620725,조원동,2571
2023,4,11110615,종로1?2?3?4가동,118299
2023,4,11110630,종로5?6가동,18119
2023,4,11290705,종암동,12167
2023,4,11350621,중계1동,1073
2023,4,11350625,중계2?3동,1011
2023,4,11350624,중계4동,1023
2023,4,11350619,중계본동,642
2023,4,11215740,중곡1동,3334
2023,4,11215750,중곡2동,1991
2023,4,11215760,중곡3동,634
2023,4,11215770,중곡4동,2743
2023,4,11140680,중림동,2924
2023,4,11620615,중앙동,1013
2023,4,11260600,중화1동,893
2023,4,11260610,중화2동,372
2023,4,11380640,증산동,1869
2023,4,11380690,진관동,640
2023,4,11320511,창1동,807
2023,4,11320512,창2동,851
2023,4,11320513,창3동,529
2023,4,11320514,창4동,1452
2023,4,11320515,창5동,4176
2023,4,11110670,창신1동,1699
2023,4,11110680,창신2동,56
2023,4,11110690,창신3동,96
2023,4,11410520,천연동,913
2023,4,11740600,천호1동,5665
2023,4,11740610,천호2동,2423
2023,4,11740620,천호3동,827
2023,4,11140645,청구동,13042
2023,4,11680565,청담동,51520
2023,4,11230705,청량리동,1775
2023,4,11620595,청룡동,3423
2023,4,11620545,청림동,220
2023,4,11110515,청운효자동,5377
2023,4,11170555,청파동,3005
2023,4,11410565,충현동,11306
2023,4,11110560,평창동,10316
2023,4,11710510,풍납1동,549
2023,4,11710520,풍납2동,372
2023,4,11140570,필동,14869
2023,4,11350611,하계1동,439
2023,4,11170625,한강로동,44336
2023,4,11170685,한남동,28708
2023,4,11440680,합정동,5432
2023,4,11200560,행당1동,1334
2023,4,11200570,행당2동,3
2023,4,11620575,행운동,1975
2023,4,11110650,혜화동,4341
2023,4,11410660,홍은1동,2739
2023,4,11410685,홍은2동,1905
2023,4,11410620,홍제1동,3933
2023,4,11410655,홍제2동,239
2023,4,11410640,홍제3동,618
2023,4,11500540,화곡1동,3969
2023,4,11500550,화곡2동,5028
2023,4,11500560,화곡3동,2590
2023,4,11500570,화곡4동,1640
2023,4,11500591,화곡6동,5092
2023,4,11500593,화곡8동,1483
2023,4,11500590,화곡본동,2162
2023,4,11215710,화양동,750
2023,4,11140670,황학동,918
2023,4,11230710,회기동,40
2023,4,11140540,회현동,85852
2023,4,11170580,효창동,1148
2023,4,11170510,후암동,1618
2023,4,11230720,휘경1동,682
2023,4,11230730,휘경2동,844
2023,4,11590605,흑석동,76
2024,1,11710631,가락1동,4765
2024,1,11710632,가락2동,5913
2024,1,11710620,가락본동,24272
2024,1,11530595,가리봉동,563
2024,1,11545510,가산동,95655
2024,1,11500603,가양1동,2416
2024,1,11500605,가양3동,1182
2024,1,11110600,가회동,10719
2024,1,11380551,갈현1동,1802
2024,1,11380552,갈현2동,2652
2024,1,11740515,강일동,149
2024,1,11530740,개봉1동,17477
2024,1,11530750,개봉2동,6326
2024,1,11530760,개봉3동,1071
2024,1,11680660,개포1동,1310
2024,1,11680670,개포2동,8731
2024,1,11680690,개포4동,6678
2024,1,11710531,거여1동,3002
2024,1,11710532,거여2동,1196
2024,1,11740550,고덕1동,653
2024,1,11740560,고덕2동,888
2024,1,11530720,고척1동,2225
2024,1,11530730,고척2동,1156
2024,1,11440565,공덕동,12823
2024,1,11350595,공릉1동,15186
2024,1,11350600,공릉2동,2062
2024,1,11500620,공항동,3909
2024,1,11215810,광장동,5323
2024,1,11140590,광희동,52790
2024,1,11110580,교남동,689
2024,1,11530530,구로2동,10444
2024,1,11530540,구로3동,57713
2024,1,11530550,구로4동,1050
2024,1,11530560,구로5동,10695
2024,1,11380560,구산동,1455
2024,1,11215850,구의1동,2605
2024,1,11215860,구의2동,1846
2024,1,11215870,구의3동,7778
2024,1,11215730,군자동,906
2024,1,11200590,금호1가동,1330
2024,1,11200615,금호2?3가동,238
2024,1,11200620,금호4가동,419
2024,1,11740685,길동,7262
2024,1,11290660,길음1동,3566
2024,1,11290685,길음2동,286
2024,1,11620585,낙성대동,4335
2024,1,11620775,난곡동,847
2024,1,11620715,난향동,325
2024,1,11410690,남가좌1동,906
2024,1,11410700,남가좌2동,903
2024,1,11170530,남영동,16969
2024,1,11620630,남현동,3437
2024,1,11650660,내곡동,1190
2024,1,11590510,노량진1동,2666
2024,1,11590520,노량진2동,3154
2024,1,11380510,녹번동,2119
2024,1,11680521,논현1동,38707
2024,1,11680531,논현2동,56378
2024,1,11215780,능동,1102
2024,1,11140625,다산동,5954
2024,1,11230600,답십리1동,1771
2024,1,11230610,답십리2동,2640
2024,1,11560550,당산1동,5713
2024,1,11560560,당산2동,10350
2024,1,11560700,대림1동,1030
2024,1,11560710,대림2동,2866
2024,1,11560720,대림3동,4344
2024,1,11590660,대방동,6596
2024,1,11380570,대조동,1501
2024,1,11680600,대치1동,14138
2024,1,11680610,대치2동,84405
2024,1,11680630,대치4동,31032
2024,1,11620735,대학동,396
2024,1,11440600,대흥동,3136
2024,1,11680655,도곡1동,28100
2024,1,11680656,도곡2동,114106
2024,1,11560585,도림동,473
2024,1,11320521,도봉1동,1270
2024,1,11320522,도봉2동,608
2024,1,11440585,도화동,11978
2024,1,11545610,독산1동,9731
2024,1,11545620,독산2동,1302
2024,1,11545630,독산3동,2918
2024,1,11545640,독산4동,1104
2024,1,11290580,돈암1동,152
2024,1,11290590,돈암2동,446
2024,1,11290575,동선동,3905
2024,1,11140665,동화동,1010
2024,1,11740700,둔촌2동,2158
2024,1,11500520,등촌1동,4511
2024,1,11500530,등촌2동,1806
2024,1,11500535,등촌3동,10445
2024,1,11200540,마장동,6039
2024,1,11710540,마천1동,503
2024,1,11710550,마천2동,1272
2024,1,11260660,망우3동,196
2024,1,11260655,망우본동,1159
2024,1,11440690,망원1동,2526
2024,1,11440700,망원2동,3385
2024,1,11260520,면목2동,2968
2024,1,11260575,면목3?8동,1509
2024,1,11260540,면목4동,396
2024,1,11260550,면목5동,837
2024,1,11260570,면목7동,581
2024,1,11260565,면목본동,752
2024,1,11140550,명동,127964
2024,1,11740530,명일1동,2757
2024,1,11740540,명일2동,1737
2024,1,11470510,목1동,12735
2024,1,11470520,목2동,2740
2024,1,11470530,목3동,1514
2024,1,11470540,목4동,1884
2024,1,11470550,목5동,11086
2024,1,11110570,무악동,423
2024,1,11260620,묵1동,766
2024,1,11260630,묵2동,1139
2024,1,11560605,문래동,71867
2024,1,11710641,문정1동,26466
2024,1,11710642,문정2동,37090
2024,1,11620765,미성동,2391
2024,1,11305535,미아동,4013
2024,1,11650560,반포1동,7778
2024,1,11650570,반포2동,2380
2024,1,11650580,반포3동,2501
2024,1,11650581,반포4동,63769
2024,1,11650550,반포본동,6068
2024,1,11500611,발산1동,5632
2024,1,11650600,방배1동,17414
2024,1,11650610,방배2동,32778
2024,1,11650620,방배3동,10742
2024,1,11650621,방배4동,14768
2024,1,11650590,방배본동,16801
2024,1,11710561,방이1동,8432
2024,1,11710562,방이2동,40058
2024,1,11320690,방학1동,6018
2024,1,11320700,방학2동,420
2024,1,11320710,방학3동,923
2024,1,11500630,방화1동,3439
2024,1,11500640,방화2동,1685
2024,1,11500641,방화3동,1716
2024,1,11305595,번1동,1761
2024,1,11305603,번2동,1063
2024,1,11305608,번3동,511
2024,1,11170700,보광동,316
2024,1,11620525,보라매동,8912
2024,1,11290610,보문동,2689
2024,1,11110550,부암동,1055
2024,1,11410710,북가좌1동,326
2024,1,11410720,북가좌2동,1266
2024,1,11410555,북아현동,938
2024,1,11380520,불광1동,1687
2024,1,11380530,불광2동,10488
2024,1,11200550,사근동,324
2024,1,11590620,사당1동,2903
2024,1,11590630,사당2동,1408
2024,1,11590640,사당3동,954
2024,1,11590650,사당4동,793
2024,1,11590651,사당5동,1281
2024,1,11110530,사직동,38826
2024,1,11305575,삼각산동,269
2024,1,11290555,삼선동,3678
2024,1,11680580,삼성1동,214989
2024,1,11680590,삼성2동,54523
2024,1,11620745,삼성동,713
2024,1,11305534,삼양동,91
2024,1,11710610,삼전동,3830
2024,1,11110540,삼청동,3669
2024,1,11350720,상계10동,386
2024,1,11350630,상계1동,3429
2024,1,11350640,상계2동,1611
2024,1,11350665,상계3?4동,419
2024,1,11350670,상계5동,866
2024,1,11350695,상계6?7동,7209
2024,1,11350700,상계8동,526
2024,1,11350710,상계9동,925
2024,1,11590530,상도1동,2227
2024,1,11590540,상도2동,805
2024,1,11590550,상도3동,652
2024,1,11590560,상도4동,710
2024,1,11260580,상봉1동,1360
2024,1,11260590,상봉2동,3451
2024,1,11440740,상암동,13325
2024,1,11740520,상일동,1339
2024,1,11440655,서강동,3133
2024,1,11440660,서교동,24904
2024,1,11620665,서림동,1147
2024,1,11170690,서빙고동,7358
2024,1,11620645,서원동,1726
2024,1,11650510,서초1동,41721
2024,1,11650520,서초2동,56400
2024,1,11650530,서초3동,55705
2024,1,11650531,서초4동,32314
2024,1,11290810,석관동,1554
2024,1,11710600,석촌동,6810
2024,1,11740640,성내1동,11908
2024,1,11740650,성내2동,1700
2024,1,11740660,성내3동,5543
2024,1,11290525,성북동,15450
2024,1,11440720,성산1동,4919
2024,1,11440730,성산2동,1476
2024,1,11200650,성수1가1동,2207
2024,1,11200660,성수1가2동,4957
2024,1,11200670,성수2가1동,7294
2024,1,11200690,성수2가3동,40575
2024,1,11620565,성현동,1199
2024,1,11680700,세곡동,224
2024,1,11140520,소공동,96440
2024,1,11200720,송정동,720
2024,1,11305545,송중동,918
2024,1,11305555,송천동,437
2024,1,11710580,송파1동,20397
2024,1,11710590,송파2동,3402
2024,1,11530790,수궁동,1304
2024,1,11380650,수색동,244
2024,1,11680750,수서동,15898
2024,1,11305615,수유1동,870
2024,1,11305625,수유2동,1213
2024,1,11305635,수유3동,2578
2024,1,11110700,숭인1동,195
2024,1,11110710,숭인2동,1439
2024,1,11545670,시흥1동,3572
2024,1,11545680,시흥2동,732
2024,1,11545690,시흥3동,1998
2024,1,11545700,시흥4동,1085
2024,1,11545710,시흥5동,978
2024,1,11560630,신길1동,3295
2024,1,11560650,신길3동,362
2024,1,11560660,신길4동,715
2024,1,11560670,신길5동,785
2024,1,11560680,신길6동,1442
2024,1,11560690,신길7동,1873
2024,1,11260680,신내1동,1252
2024,1,11260690,신내2동,956
2024,1,11140650,신당5동,604
2024,1,11140615,신당동,4003
2024,1,11590670,신대방1동,3097
2024,1,11590680,신대방2동,10847
2024,1,11530510,신도림동,15684
2024,1,11620695,신림동,1202
2024,1,11380631,신사1동,1154
2024,1,11380632,신사2동,775
2024,1,11680510,신사동,25038
2024,1,11620685,신사동,3039
2024,1,11440630,신수동,2170
2024,1,11620655,신원동,432
2024,1,11470560,신월1동,1782
2024,1,11470570,신월2동,1190
2024,1,11470580,신월3동,861
2024,1,11470590,신월4동,960
2024,1,11470600,신월5동,1297
2024,1,11470610,신월6동,536
2024,1,11470611,신월7동,2299
2024,1,11470620,신정1동,6180
2024,1,11470630,신정2동,20043
2024,1,11470640,신정3동,1399
2024,1,11470650,신정4동,7068
2024,1,11470680,신정7동,353
2024,1,11410585,신촌동,1508
2024,1,11320660,쌍문1동,650
2024,1,11320670,쌍문2동,838
2024,1,11320680,쌍문3동,886
2024,1,11320681,쌍문4동,175
2024,1,11440555,아현동,4414
2024,1,11290600,안암동,2475
2024,1,11740570,암사1동,2183
2024,1,11740580,암사2동,1720
2024,1,11680545,압구정동,37832
2024,1,11140635,약수동,9944
2024,1,11650651,양재1동,20452
2024,1,11650652,양재2동,44246
2024,1,11560610,양평1동,8546
2024,1,11560620,양평2동,11342
2024,1,11560540,여의동,201758
2024,1,11680640,역삼1동,157737
2024,1,11680650,역삼2동,68537
2024,1,11380625,역촌동,2751
2024,1,11440710,연남동,2215
2024,1,11410615,연희동,21401
2024,1,11440610,염리동,1815
2024,1,11500510,염창동,2236
2024,1,11560535,영등포동,13005
2024,1,11560515,영등포본동,2560
2024,1,11710570,오금동,20030
2024,1,11530770,오류1동,2151
2024,1,11530780,오류2동,714
2024,1,11710566,오륜동,15516
2024,1,11200645,옥수동,4558
2024,1,11200520,왕십리2동,1014
2024,1,11200535,왕십리도선동,2960
2024,1,11440590,용강동,12219
2024,1,11200790,용답동,2774
2024,1,11170590,용문동,2629
2024,1,11170520,용산2가동,415
2024,1,11230536,용신동,16487
2024,1,11305645,우이동,1300
2024,1,11500615,우장산동,2596
2024,1,11170560,원효로1동,2820
2024,1,11170570,원효로2동,2630
2024,1,11350560,월계1동,919
2024,1,11350570,월계2동,21
2024,1,11350580,월계3동,63
2024,1,11290715,월곡1동,1214
2024,1,11290725,월곡2동,3056
2024,1,11620605,은천동,843
2024,1,11140605,을지로동,15636
2024,1,11200580,응봉동,419
2024,1,11380580,응암1동,1751
2024,1,11380590,응암2동,429
2024,1,11380600,응암3동,1099
2024,1,11230740,이문1동,1176
2024,1,11230750,이문2동,217
2024,1,11170630,이촌1동,4473
2024,1,11170640,이촌2동,1693
2024,1,11170650,이태원1동,18256
2024,1,11170660,이태원2동,755
2024,1,11110640,이화동,1345
2024,1,11305660,인수동,2202
2024,1,11620625,인헌동,909
2024,1,11680730,일원1동,1322
2024,1,11215820,자양1동,7514
2024,1,11215830,자양2동,1864
2024,1,11215840,자양3동,1581
2024,1,11215847,자양4동,329
2024,1,11710670,잠실2동,3642
2024,1,11710680,잠실3동,27271
2024,1,11710690,잠실4동,4260
2024,1,11710710,잠실6동,59905
2024,1,11710650,잠실본동,10964
2024,1,11650540,잠원동,11344
2024,1,11230650,장안1동,12921
2024,1,11230660,장안2동,4530
2024,1,11290760,장위1동,390
2024,1,11290770,장위2동,668
2024,1,11290780,장위3동,283
2024,1,11710646,장지동,3218
2024,1,11140580,장충동,5048
2024,1,11230560,전농1동,387
2024,1,11230570,전농2동,885
2024,1,11290620,정릉1동,471
2024,1,11290630,정릉2동,1024
2024,1,11290640,정릉3동,238
2024,1,11290650,정릉4동,948
2024,1,11230545,제기동,9210
2024,1,11620725,조원동,2571
2024,1,11110615,종로1?2?3?4가동,118299
2024,1,11110630,종로5?6가동,18119
2024,1,11290705,종암동,12167
2024,1,11350621,중계1동,1073
2024,1,11350625,중계2?3동,1011
2024,1,11350624,중계4동,1023
2024,1,11350619,중계본동,642
2024,1,11215740,중곡1동,3334
2024,1,11215750,중곡2동,1991
2024,1,11215760,중곡3동,634
2024,1,11215770,중곡4동,2743
2024,1,11140680,중림동,2924
2024,1,11620615,중앙동,1013
2024,1,11260600,중화1동,893
2024,1,11260610,중화2동,372
2024,1,11380640,증산동,1869
2024,1,11380690,진관동,640
2024,1,11320511,창1동,807
2024,1,11320512,창2동,851
2024,1,11320513,창3동,529
2024,1,11320514,창4동,1452
2024,1,11320515,창5동,4176
2024,1,11110670,창신1동,1699
2024,1,11110680,창신2동,56
2024,1,11110690,창신3동,96
2024,1,11410520,천연동,913
2024,1,11740600,천호1동,5665
2024,1,11740610,천호2동,2423
2024,1,11740620,천호3동,827
2024,1,11140645,청구동,13042
2024,1,11680565,청담동,51520
2024,1,11230705,청량리동,1775
2024,1,11620595,청룡동,3423
2024,1,11620545,청림동,220
2024,1,11110515,청운효자동,5377
2024,1,11170555,청파동,3005
2024,1,11410565,충현동,11306
2024,1,11110560,평창동,10316
2024,1,11710510,풍납1동,549
2024,1,11710520,풍납2동,372
2024,1,11140570,필동,14869
2024,1,11350611,하계1동,439
2024,1,11170625,한강로동,44336
2024,1,11170685,한남동,28708
2024,1,11440680,합정동,5432
2024,1,11200560,행당1동,1334
2024,1,11200570,행당2동,3
2024,1,11620575,행운동,1975
2024,1,11110650,혜화동,4341
2024,1,11410660,홍은1동,2739
2024,1,11410685,홍은2동,1905
2024,1,11410620,홍제1동,3933
2024,1,11410655,홍제2동,239
2024,1,11410640,홍제3동,618
2024,1,11500540,화곡1동,3969
2024,1,11500550,화곡2동,5028
2024,1,11500560,화곡3동,2590
2024,1,11500570,화곡4동,1640
2024,1,11500591,화곡6동,5092
2024,1,11500593,화곡8동,1483
2024,1,11500590,화곡본동,2162
2024,1,11215710,화양동,750
2024,1,11140670,황학동,918
2024,1,11230710,회기동,40
2024,1,11140540,회현동,85852
2024,1,11170580,효창동,1148
2024,1,11170510,후암동,1618
2024,1,11230720,휘경1동,682
2024,1,11230730,휘경2동,844
2024,1,11590605,흑석동,76
2024,2,11710631,가락1동,4765
2024,2,11710632,가락2동,5913
2024,2,11710620,가락본동,24272
2024,2,11530595,가리봉동,563
2024,2,11545510,가산동,95655
2024,2,11500603,가양1동,2416
2024,2,11500605,가양3동,1182
2024,2,11110600,가회동,10719
2024,2,11380551,갈현1동,1802
2024,2,11380552,갈현2동,2652
2024,2,11740515,강일동,149
2024,2,11530740,개봉1동,17477
2024,2,11530750,개봉2동,6326
2024,2,11530760,개봉3동,1071
2024,2,11680660,개포1동,1310
2024,2,11680670,개포2동,8731
2024,2,11680690,개포4동,6678
2024,2,11710531,거여1동,3002
2024,2,11710532,거여2동,1196
2024,2,11740550,고덕1동,653
2024,2,11740560,고덕2동,888
2024,2,11530720,고척1동,2225
2024,2,11530730,고척2동,1156
2024,2,11440565,공덕동,12823
2024,2,11350595,공릉1동,15186
2024,2,11350600,공릉2동,2062
2024,2,11500620,공항동,3909
2024,2,11215810,광장동,5323
2024,2,11140590,광희동,52790
2024,2,11110580,교남동,689
2024,2,11530530,구로2동,10444
2024,2,11530540,구로3동,57713
2024,2,11530550,구로4동,1050
2024,2,11530560,구로5동,10695
2024,2,11380560,구산동,1455
2024,2,11215850,구의1동,2605
2024,2,11215860,구의2동,1846
2024,2,11215870,구의3동,7778
2024,2,11215730,군자동,906
2024,2,11200590,금호1가동,1330
2024,2,11200615,금호2?3가동,238
2024,2,11200620,금호4가동,419
2024,2,11740685,길동,7262
2024,2,11290660,길음1동,3566
2024,2,11290685,길음2동,286
2024,2,11620585,낙성대동,4335
2024,2,11620775,난곡동,847
2024,2,11620715,난향동,325
2024,2,11410690,남가좌1동,906
2024,2,11410700,남가좌2동,903
2024,2,11170530,남영동,16969
2024,2,11620630,남현동,3437
2024,2,11650660,내곡동,1190
2024,2,11590510,노량진1동,2666
2024,2,11590520,노량진2동,3154
2024,2,11380510,녹번동,2119
2024,2,11680521,논현1동,38707
2024,2,11680531,논현2동,56378
2024,2,11215780,능동,1102
2024,2,11140625,다산동,5954
2024,2,11230600,답십리1동,1771
2024,2,11230610,답십리2동,2640
2024,2,11560550,당산1동,5713
2024,2,11560560,당산2동,10350
2024,2,11560700,대림1동,1030
2024,2,11560710,대림2동,2866
2024,2,11560720,대림3동,4344
2024,2,11590660,대방동,6596
2024,2,11380570,대조동,1501
2024,2,11680600,대치1동,14138
2024,2,11680610,대치2동,84405
2024,2,11680630,대치4동,31032
2024,2,11620735,대학동,396
2024,2,11440600,대흥동,3136
2024,2,11680655,도곡1동,28100
2024,2,11680656,도곡2동,114106
2024,2,11560585,도림동,473
2024,2,11320521,도봉1동,1270
2024,2,11320522,도봉2동,608
2024,2,11440585,도화동,11978
2024,2,11545610,독산1동,9731
2024,2,11545620,독산2동,1302
2024,2,11545630,독산3동,2918
2024,2,11545640,독산4동,1104
2024,2,11290580,돈암1동,152
2024,2,11290590,돈암2동,446
2024,2,11290575,동선동,3905
2024,2,11140665,동화동,1010
2024,2,11740700,둔촌2동,2158
2024,2,11500520,등촌1동,4511
2024,2,11500530,등촌2동,1806
2024,2,11500535,등촌3동,10445
2024,2,11200540,마장동,6039
2024,2,11710540,마천1동,503
2024,2,11710550,마천2동,1272
2024,2,11260660,망우3동,196
2024,2,11260655,망우본동,1159
2024,2,11440690,망원1동,2526
2024,2,11440700,망원2동,3385
2024,2,11260520,면목2동,2968
2024,2,11260575,면목3?8동,1509
2024,2,11260540,면목4동,396
2024,2,11260550,면목5동,837
2024,2,11260570,면목7동,581
2024,2,11260565,면목본동,752
2024,2,11140550,명동,127964
2024,2,11740530,명일1동,2757
2024,2,11740540,명일2동,1737
2024,2,11470510,목1동,12735
2024,2,11470520,목2동,2740
2024,2,11470530,목3동,1514
2024,2,11470540,목4동,1884
2024,2,11470550,목5동,11086
2024,2,11110570,무악동,423
2024,2,11260620,묵1동,766
2024,2,11260630,묵2동,1139
2024,2,11560605,문래동,71867
2024,2,11710641,문정1동,26466
2024,2,11710642,문정2동,37090
2024,2,11620765,미성동,2391
2024,2,11305535,미아동,4013
2024,2,11650560,반포1동,7778
2024,2,11650570,반포2동,2380
2024,2,11650580,반포3동,2501
2024,2,11650581,반포4동,63769
2024,2,11650550,반포본동,6068
2024,2,11500611,발산1동,5632
2024,2,11650600,방배1동,17414
2024,2,11650610,방배2동,32778
2024,2,11650620,방배3동,10742
2024,2,11650621,방배4동,14768
2024,2,11650590,방배본동,16801
2024,2,11710561,방이1동,8432
2024,2,11710562,방이2동,40058
2024,2,11320690,방학1동,6018
2024,2,11320700,방학2동,420
2024,2,11320710,방학3동,923
2024,2,11500630,방화1동,3439
2024,2,11500640,방화2동,1685
2024,2,11500641,방화3동,1716
2024,2,11305595,번1동,1761
2024,2,11305603,번2동,1063
2024,2,11305608,번3동,511
2024,2,11170700,보광동,316
2024,2,11620525,보라매동,8912
2024,2,11290610,보문동,2689
2024,2,11110550,부암동,1055
2024,2,11410710,북가좌1동,326
2024,2,11410720,북가좌2동,1266
2024,2,11410555,북아현동,938
2024,2,11380520,불광1동,1687
2024,2,11380530,불광2동,10488
2024,2,11200550,사근동,324
2024,2,11590620,사당1동,2903
2024,2,11590630,사당2동,1408
2024,2,11590640,사당3동,954
2024,2,11590650,사당4동,793
2024,2,11590651,사당5동,1281
2024,2,11110530,사직동,38826
2024,2,11305575,삼각산동,269
2024,2,11290555,삼선동,3678
2024,2,11680580,삼성1동,214989
2024,2,11680590,삼성2동,54523
2024,2,11620745,삼성동,713
2024,2,11305534,삼양동,91
2024,2,11710610,삼전동,3830
2024,2,11110540,삼청동,3669
2024,2,11350720,상계10동,386
2024,2,11350630,상계1동,3429
2024,2,11350640,상계2동,1611
2024,2,11350665,상계3?4동,419
2024,2,11350670,상계5동,866
2024,2,11350695,상계6?7동,7209
2024,2,11350700,상계8동,526
2024,2,11350710,상계9동,925
2024,2,11590530,상도1동,2227
2024,2,11590540,상도2동,805
2024,2,11590550,상도3동,652
2024,2,11590560,상도4동,710
2024,2,11260580,상봉1동,1360
2024,2,11260590,상봉2동,3451
2024,2,11440740,상암동,13325
2024,2,11740520,상일동,1339
2024,2,11440655,서강동,3133
2024,2,11440660,서교동,24904
2024,2,11620665,서림동,1147
2024,2,11170690,서빙고동,7358
2024,2,11620645,서원동,1726
2024,2,11650510,서초1동,41721
2024,2,11650520,서초2동,56400
2024,2,11650530,서초3동,55705
2024,2,11650531,서초4동,32314
2024,2,11290810,석관동,1554
2024,2,11710600,석촌동,6810
2024,2,11740640,성내1동,11908
2024,2,11740650,성내2동,1700
2024,2,11740660,성내3동,5543
2024,2,11290525,성북동,15450
2024,2,11440720,성산1동,4919
2024,2,11440730,성산2동,1476
2024,2,11200650,성수1가1동,2207
2024,2,11200660,성수1가2동,4957
2024,2,11200670,성수2가1동,7294
2024,2,11200690,성수2가3동,40575
2024,2,11620565,성현동,1199
2024,2,11680700,세곡동,224
2024,2,11140520,소공동,96440
2024,2,11200720,송정동,720
2024,2,11305545,송중동,918
2024,2,11305555,송천동,437
2024,2,11710580,송파1동,20397
2024,2,11710590,송파2동,3402
2024,2,11530790,수궁동,1304
2024,2,11380650,수색동,244
2024,2,11680750,수서동,15898
2024,2,11305615,수유1동,870
2024,2,11305625,수유2동,1213
2024,2,11305635,수유3동,2578
2024,2,11110700,숭인1동,195
2024,2,11110710,숭인2동,1439
2024,2,11545670,시흥1동,3572
2024,2,11545680,시흥2동,732
2024,2,11545690,시흥3동,1998
2024,2,11545700,시흥4동,1085
2024,2,11545710,시흥5동,978
2024,2,11560630,신길1동,3295
2024,2,11560650,신길3동,362
2024,2,11560660,신길4동,715
2024,2,11560670,신길5동,785
2024,2,11560680,신길6동,1442
2024,2,11560690,신길7동,1873
2024,2,11260680,신내1동,1252
2024,2,11260690,신내2동,956
2024,2,11140650,신당5동,604
2024,2,11140615,신당동,4003
2024,2,11590670,신대방1동,3097
2024,2,11590680,신대방2동,10847
2024,2,11530510,신도림동,15684
2024,2,11620695,신림동,1202
2024,2,11380631,신사1동,1154
2024,2,11380632,신사2동,775
2024,2,11680510,신사동,25038
2024,2,11620685,신사동,3039
2024,2,11440630,신수동,2170
2024,2,11620655,신원동,432
2024,2,11470560,신월1동,1782
2024,2,11470570,신월2동,1190
2024,2,11470580,신월3동,861
2024,2,11470590,신월4동,960
2024,2,11470600,신월5동,1297
2024,2,11470610,신월6동,536
2024,2,11470611,신월7동,2299
2024,2,11470620,신정1동,6180
2024,2,11470630,신정2동,20043
2024,2,11470640,신정3동,1399
2024,2,11470650,신정4동,7068
2024,2,11470680,신정7동,353
2024,2,11410585,신촌동,1508
2024,2,11320660,쌍문1동,650
2024,2,11320670,쌍문2동,838
2024,2,11320680,쌍문3동,886
2024,2,11320681,쌍문4동,175
2024,2,11440555,아현동,4414
2024,2,11290600,안암동,2475
2024,2,11740570,암사1동,2183
2024,2,11740580,암사2동,1720
2024,2,11680545,압구정동,37832
2024,2,11140635,약수동,9944
2024,2,11650651,양재1동,20452
2024,2,11650652,양재2동,44246
2024,2,11560610,양평1동,8546
2024,2,11560620,양평2동,11342
2024,2,11560540,여의동,201758
2024,2,11680640,역삼1동,157737
2024,2,11680650,역삼2동,68537
2024,2,11380625,역촌동,2751
2024,2,11440710,연남동,2215
2024,2,11410615,연희동,21401
2024,2,11440610,염리동,1815
2024,2,11500510,염창동,2236
2024,2,11560535,영등포동,13005
2024,2,11560515,영등포본동,2560
2024,2,11710570,오금동,20030
2024,2,11530770,오류1동,2151
2024,2,11530780,오류2동,714
2024,2,11710566,오륜동,15516
2024,2,11200645,옥수동,4558
2024,2,11200520,왕십리2동,1014
2024,2,11200535,왕십리도선동,2960
2024,2,11440590,용강동,12219
2024,2,11200790,용답동,2774
2024,2,11170590,용문동,2629
2024,2,11170520,용산2가동,415
2024,2,11230536,용신동,16487
2024,2,11305645,우이동,1300
2024,2,11500615,우장산동,2596
2024,2,11170560,원효로1동,2820
2024,2,11170570,원효로2동,2630
2024,2,11350560,월계1동,919
2024,2,11350570,월계2동,21
2024,2,11350580,월계3동,63
2024,2,11290715,월곡1동,1214
2024,2,11290725,월곡2동,3056
2024,2,11620605,은천동,843
2024,2,11140605,을지로동,15636
2024,2,11200580,응봉동,419
2024,2,11380580,응암1동,1751
2024,2,11380590,응암2동,429
2024,2,11380600,응암3동,1099
2024,2,11230740,이문1동,1176
2024,2,11230750,이문2동,217
2024,2,11170630,이촌1동,4473
2024,2,11170640,이촌2동,1693
2024,2,11170650,이태원1동,18256
2024,2,11170660,이태원2동,755
2024,2,11110640,이화동,1345
2024,2,11305660,인수동,2202
2024,2,11620625,인헌동,909
2024,2,11680730,일원1동,1322
2024,2,11215820,자양1동,7514
2024,2,11215830,자양2동,1864
2024,2,11215840,자양3동,1581
2024,2,11215847,자양4동,329
2024,2,11710670,잠실2동,3642
2024,2,11710680,잠실3동,27271
2024,2,11710690,잠실4동,4260
2024,2,11710710,잠실6동,59905
2024,2,11710650,잠실본동,10964
2024,2,11650540,잠원동,11344
2024,2,11230650,장안1동,12921
2024,2,11230660,장안2동,4530
2024,2,11290760,장위1동,390
2024,2,11290770,장위2동,668
2024,2,11290780,장위3동,283
2024,2,11710646,장지동,3218
2024,2,11140580,장충동,5048
2024,2,11230560,전농1동,387
2024,2,11230570,전농2동,885
2024,2,11290620,정릉1동,471
2024,2,11290630,정릉2동,1024
2024,2,11290640,정릉3동,238
2024,2,11290650,정릉4동,948
2024,2,11230545,제기동,9210
2024,2,11620725,조원동,2571
2024,2,11110615,종로1?2?3?4가동,118299
2024,2,11110630,종로5?6가동,18119
2024,2,11290705,종암동,12167
2024,2,11350621,중계1동,1073
2024,2,11350625,중계2?3동,1011
2024,2,11350624,중계4동,1023
2024,2,11350619,중계본동,642
2024,2,11215740,중곡1동,3334
2024,2,11215750,중곡2동,1991
2024,2,11215760,중곡3동,634
2024,2,11215770,중곡4동,2743
2024,2,11140680,중림동,2924
2024,2,11620615,중앙동,1013
2024,2,11260600,중화1동,893
2024,2,11260610,중화2동,372
2024,2,11380640,증산동,1869
2024,2,11380690,진관동,640
2024,2,11320511,창1동,807
2024,2,11320512,창2동,851
2024,2,11320513,창3동,529
2024,2,11320514,창4동,1452
2024,2,11320515,창5동,4176
2024,2,11110670,창신1동,1699
2024,2,11110680,창신2동,56
2024,2,11110690,창신3동,96
2024,2,11410520,천연동,913
2024,2,11740600,천호1동,5665
2024,2,11740610,천호2동,2423
2024,2,11740620,천호3동,827
2024,2,11140645,청구동,13042
2024,2,11680565,청담동,51520
2024,2,11230705,청량리동,1775
2024,2,11620595,청룡동,3423
2024,2,11620545,청림동,220
2024,2,11110515,청운효자동,5377
2024,2,11170555,청파동,3005
2024,2,11410565,충현동,11306
2024,2,11110560,평창동,10316
2024,2,11710510,풍납1동,549
2024,2,11710520,풍납2동,372
2024,2,11140570,필동,14869
2024,2,11350611,하계1동,439
2024,2,11170625,한강로동,44336
2024,2,11170685,한남동,28708
2024,2,11440680,합정동,5432
2024,2,11200560,행당1동,1334
2024,2,11200570,행당2동,3
2024,2,11620575,행운동,1975
2024,2,11110650,혜화동,4341
2024,2,11410660,홍은1동,2739
2024,2,11410685,홍은2동,1905
2024,2,11410620,홍제1동,3933
2024,2,11410655,홍제2동,239
2024,2,11410640,홍제3동,618
2024,2,11500540,화곡1동,3969
2024,2,11500550,화곡2동,5028
2024,2,11500560,화곡3동,2590
2024,2,11500570,화곡4동,1640
2024,2,11500591,화곡6동,5092
2024,2,11500593,화곡8동,1483
2024,2,11500590,화곡본동,2162
2024,2,11215710,화양동,750
2024,2,11140670,황학동,918
2024,2,11230710,회기동,40
2024,2,11140540,회현동,85852
2024,2,11170580,효창동,1148
2024,2,11170510,후암동,1618
2024,2,11230720,휘경1동,682
2024,2,11230730,휘경2동,844
2024,2,11590605,흑석동,76
2024,3,11710631,가락1동,4765
2024,3,11710632,가락2동,5913
2024,3,11710620,가락본동,24272
2024,3,11530595,가리봉동,563
2024,3,11545510,가산동,95655
2024,3,11500603,가양1동,2416
2024,3,11500605,가양3동,1182
2024,3,11110600,가회동,10719
2024,3,11380551,갈현1동,1802
2024,3,11380552,갈현2동,2652
2024,3,11740515,강일동,149
2024,3,11530740,개봉1동,17477
2024,3,11530750,개봉2동,6326
2024,3,11530760,개봉3동,1071
2024,3,11680660,개포1동,1310
2024,3,11680670,개포2동,8731
2024,3,11680690,개포4동,6678
2024,3,11710531,거여1동,3002
2024,3,11710532,거여2동,1196
2024,3,11740550,고덕1동,653
2024,3,11740560,고덕2동,888
2024,3,11530720,고척1동,2225
2024,3,11530730,고척2동,1156
2024,3,11440565,공덕동,12823
2024,3,11350595,공릉1동,15186
2024,3,11350600,공릉2동,2062
2024,3,11500620,공항동,3909
2024,3,11215810,광장동,5323
2024,3,11140590,광희동,52790
2024,3,11110580,교남동,689
2024,3,11530530,구로2동,10444
2024,3,11530540,구로3동,57713
2024,3,11530550,구로4동,1050
2024,3,11530560,구로5동,10695
2024,3,11380560,구산동,1455
2024,3,11215850,구의1동,2605
2024,3,11215860,구의2동,1846
2024,3,11215870,구의3동,7778
2024,3,11215730,군자동,906
2024,3,11200590,금호1가동,1330
2024,3,11200615,금호2?3가동,238
2024,3,11200620,금호4가동,419
2024,3,11740685,길동,7262
2024,3,11290660,길음1동,3566
2024,3,11290685,길음2동,286
2024,3,11620585,낙성대동,4335
2024,3,11620775,난곡동,847
2024,3,11620715,난향동,325
2024,3,11410690,남가좌1동,906
2024,3,11410700,남가좌2동,903
2024,3,11170530,남영동,16969
2024,3,11620630,남현동,3437
2024,3,11650660,내곡동,1190
2024,3,11590510,노량진1동,2666
2024,3,11590520,노량진2동,3154
2024,3,11380510,녹번동,2119
2024,3,11680521,논현1동,38707
2024,3,11680531,논현2동,56378
2024,3,11215780,능동,1102
2024,3,11140625,다산동,5954
2024,3,11230600,답십리1동,1771
2024,3,11230610,답십리2동,2640
2024,3,11560550,당산1동,5713
2024,3,11560560,당산2동,10350
2024,3,11560700,대림1동,1030
2024,3,11560710,대림2동,2866
2024,3,11560720,대림3동,4344
2024,3,11590660,대방동,6596
2024,3,11380570,대조동,1501
2024,3,11680600,대치1동,14138
2024,3,11680610,대치2동,84405
2024,3,11680630,대치4동,31032
2024,3,11620735,대학동,396
2024,3,11440600,대흥동,3136
2024,3,11680655,도곡1동,28100
2024,3,11680656,도곡2동,114106
2024,3,11560585,도림동,473
2024,3,11320521,도봉1동,1270
2024,3,11320522,도봉2동,608
2024,3,11440585,도화동,11978
2024,3,11545610,독산1동,9731
2024,3,11545620,독산2동,1302
2024,3,11545630,독산3동,2918
2024,3,11545640,독산4동,1104
2024,3,11290580,돈암1동,152
2024,3,11290590,돈암2동,446
2024,3,11290575,동선동,3905
2024,3,11140665,동화동,1010
2024,3,11740700,둔촌2동,2158
2024,3,11500520,등촌1동,4511
2024,3,11500530,등촌2동,1806
2024,3,11500535,등촌3동,10445
2024,3,11200540,마장동,6039
2024,3,11710540,마천1동,503
2024,3,11710550,마천2동,1272
2024,3,11260660,망우3동,196
2024,3,11260655,망우본동,1159
2024,3,11440690,망원1동,2526
2024,3,11440700,망원2동,3385
2024,3,11260520,면목2동,2968
2024,3,11260575,면목3?8동,1509
2024,3,11260540,면목4동,396
2024,3,11260550,면목5동,837
2024,3,11260570,면목7동,581
2024,3,11260565,면목본동,752
2024,3,11140550,명동,127964
2024,3,11740530,명일1동,2757
2024,3,11740540,명일2동,1737
2024,3,11470510,목1동,12735
2024,3,11470520,목2동,2740
2024,3,11470530,목3동,1514
2024,3,11470540,목4동,1884
2024,3,11470550,목5동,11086
2024,3,11110570,무악동,423
2024,3,11260620,묵1동,766
2024,3,11260630,묵2동,1139
2024,3,11560605,문래동,71867
2024,3,11710641,문정1동,26466
2024,3,11710642,문정2동,37090
2024,3,11620765,미성동,2391
2024,3,11305535,미아동,4013
2024,3,11650560,반포1동,7778
2024,3,11650570,반포2동,2380
2024,3,11650580,반포3동,2501
2024,3,11650581,반포4동,63769
2024,3,11650550,반포본동,6068
2024,3,11500611,발산1동,5632
2024,3,11650600,방배1동,17414
2024,3,11650610,방배2동,32778
2024,3,11650620,방배3동,10742
2024,3,11650621,방배4동,14768
2024,3,11650590,방배본동,16801
2024,3,11710561,방이1동,8432
2024,3,11710562,방이2동,40058
2024,3,11320690,방학1동,6018
2024,3,11320700,방학2동,420
2024,3,11320710,방학3동,923
2024,3,11500630,방화1동,3439
2024,3,11500640,방화2동,1685
2024,3,11500641,방화3동,1716
2024,3,11305595,번1동,1761
2024,3,11305603,번2동,1063
2024,3,11305608,번3동,511
2024,3,11170700,보광동,316
2024,3,11620525,보라매동,8912
2024,3,11290610,보문동,2689
2024,3,11110550,부암동,1055
2024,3,11410710,북가좌1동,326
2024,3,11410720,북가좌2동,1266
2024,3,11410555,북아현동,938
2024,3,11380520,불광1동,1687
2024,3,11380530,불광2동,10488
2024,3,11200550,사근동,324
2024,3,11590620,사당1동,2903
2024,3,11590630,사당2동,1408
2024,3,11590640,사당3동,954
2024,3,11590650,사당4동,793
2024,3,11590651,사당5동,1281
2024,3,11110530,사직동,38826
2024,3,11305575,삼각산동,269
2024,3,11290555,삼선동,3678
2024,3,11680580,삼성1동,214989
2024,3,11680590,삼성2동,54523
2024,3,11620745,삼성동,713
2024,3,11305534,삼양동,91
2024,3,11710610,삼전동,3830
2024,3,11110540,삼청동,3669
2024,3,11350720,상계10동,386
2024,3,11350630,상계1동,3429
2024,3,11350640,상계2동,1611
2024,3,11350665,상계3?4동,419
2024,3,11350670,상계5동,866
2024,3,11350695,상계6?7동,7209
2024,3,11350700,상계8동,526
2024,3,11350710,상계9동,925
2024,3,11590530,상도1동,2227
2024,3,11590540,상도2동,805
2024,3,11590550,상도3동,652
2024,3,11590560,상도4동,710
2024,3,11260580,상봉1동,1360
2024,3,11260590,상봉2동,3451
2024,3,11440740,상암동,13325
2024,3,11740520,상일동,1339
2024,3,11440655,서강동,3133
2024,3,11440660,서교동,24904
2024,3,11620665,서림동,1147
2024,3,11170690,서빙고동,7358
2024,3,11620645,서원동,1726
2024,3,11650510,서초1동,41721
2024,3,11650520,서초2동,56400
2024,3,11650530,서초3동,55705
2024,3,11650531,서초4동,32314
2024,3,11290810,석관동,1554
2024,3,11710600,석촌동,6810
2024,3,11740640,성내1동,11908
2024,3,11740650,성내2동,1700
2024,3,11740660,성내3동,5543
2024,3,11290525,성북동,15450
2024,3,11440720,성산1동,4919
2024,3,11440730,성산2동,1476
2024,3,11200650,성수1가1동,2207
2024,3,11200660,성수1가2동,4957
2024,3,11200670,성수2가1동,7294
2024,3,11200690,성수2가3동,40575
2024,3,11620565,성현동,1199
2024,3,11680700,세곡동,224
2024,3,11140520,소공동,96440
2024,3,11200720,송정동,720
2024,3,11305545,송중동,918
2024,3,11305555,송천동,437
2024,3,11710580,송파1동,20397
2024,3,11710590,송파2동,3402
2024,3,11530790,수궁동,1304
2024,3,11380650,수색동,244
2024,3,11680750,수서동,15898
2024,3,11305615,수유1동,870
2024,3,11305625,수유2동,1213
2024,3,11305635,수유3동,2578
2024,3,11110700,숭인1동,195
2024,3,11110710,숭인2동,1439
2024,3,11545670,시흥1동,3572
2024,3,11545680,시흥2동,732
2024,3,11545690,시흥3동,1998
2024,3,11545700,시흥4동,1085
2024,3,11545710,시흥5동,978
2024,3,11560630,신길1동,3295
2024,3,11560650,신길3동,362
2024,3,11560660,신길4동,715
2024,3,11560670,신길5동,785
2024,3,11560680,신길6동,1442
2024,3,11560690,신길7동,1873
2024,3,11260680,신내1동,1252
2024,3,11260690,신내2동,956
2024,3,11140650,신당5동,604
2024,3,11140615,신당동,4003
2024,3,11590670,신대방1동,3097
2024,3,11590680,신대방2동,10847
2024,3,11530510,신도림동,15684
2024,3,11620695,신림동,1202
2024,3,11380631,신사1동,1154
2024,3,11380632,신사2동,775
2024,3,11680510,신사동,25038
2024,3,11620685,신사동,3039
2024,3,11440630,신수동,2170
2024,3,11620655,신원동,432
2024,3,11470560,신월1동,1782
2024,3,11470570,신월2동,1190
2024,3,11470580,신월3동,861
2024,3,11470590,신월4동,960
2024,3,11470600,신월5동,1297
2024,3,11470610,신월6동,536
2024,3,11470611,신월7동,2299
2024,3,11470620,신정1동,6180
2024,3,11470630,신정2동,20043
2024,3,11470640,신정3동,1399
2024,3,11470650,신정4동,7068
2024,3,11470680,신정7동,353
2024,3,11410585,신촌동,1508
2024,3,11320660,쌍문1동,650
2024,3,11320670,쌍문2동,838
2024,3,11320680,쌍문3동,886
2024,3,11320681,쌍문4동,175
2024,3,11440555,아현동,4414
2024,3,11290600,안암동,2475
2024,3,11740570,암사1동,2183
2024,3,11740580,암사2동,1720
2024,3,11680545,압구정동,37832
2024,3,11140635,약수동,9944
2024,3,11650651,양재1동,20452
2024,3,11650652,양재2동,44246
2024,3,11560610,양평1동,8546
2024,3,11560620,양평2동,11342
2024,3,11560540,여의동,201758
2024,3,11680640,역삼1동,157737
2024,3,11680650,역삼2동,68537
2024,3,11380625,역촌동,2751
2024,3,11440710,연남동,2215
2024,3,11410615,연희동,21401
2024,3,11440610,염리동,1815
2024,3,11500510,염창동,2236
2024,3,11560535,영등포동,13005
2024,3,11560515,영등포본동,2560
2024,3,11710570,오금동,20030
2024,3,11530770,오류1동,2151
2024,3,11530780,오류2동,714
2024,3,11710566,오륜동,15516
2024,3,11200645,옥수동,4558
2024,3,11200520,왕십리2동,1014
2024,3,11200535,왕십리도선동,2960
2024,3,11440590,용강동,12219
2024,3,11200790,용답동,2774
2024,3,11170590,용문동,2629
2024,3,11170520,용산2가동,415
2024,3,11230536,용신동,16487
2024,3,11305645,우이동,1300
2024,3,11500615,우장산동,2596
2024,3,11170560,원효로1동,2820
2024,3,11170570,원효로2동,2630
2024,3,11350560,월계1동,919
2024,3,11350570,월계2동,21
2024,3,11350580,월계3동,63
2024,3,11290715,월곡1동,1214
2024,3,11290725,월곡2동,3056
2024,3,11620605,은천동,843
2024,3,11140605,을지로동,15636
2024,3,11200580,응봉동,419
2024,3,11380580,응암1동,1751
2024,3,11380590,응암2동,429
2024,3,11380600,응암3동,1099
2024,3,11230740,이문1동,1176
2024,3,11230750,이문2동,217
2024,3,11170630,이촌1동,4473
2024,3,11170640,이촌2동,1693
2024,3,11170650,이태원1동,18256
2024,3,11170660,이태원2동,755
2024,3,11110640,이화동,1345
2024,3,11305660,인수동,2202
2024,3,11620625,인헌동,909
2024,3,11680730,일원1동,1322
2024,3,11215820,자양1동,7514
2024,3,11215830,자양2동,1864
2024,3,11215840,자양3동,1581
2024,3,11215847,자양4동,329
2024,3,11710670,잠실2동,3642
2024,3,11710680,잠실3동,27271
2024,3,11710690,잠실4동,4260
2024,3,11710710,잠실6동,59905
2024,3,11710650,잠실본동,10964
2024,3,11650540,잠원동,11344
2024,3,11230650,장안1동,12921
2024,3,11230660,장안2동,4530
2024,3,11290760,장위1동,390
2024,3,11290770,장위2동,668
2024,3,11290780,장위3동,283
2024,3,11710646,장지동,3218
2024,3,11140580,장충동,5048
2024,3,11230560,전농1동,387
2024,3,11230570,전농2동,885
2024,3,11290620,정릉1동,471
2024,3,11290630,정릉2동,1024
2024,3,11290640,정릉3동,238
2024,3,11290650,정릉4동,948
2024,3,11230545,제기동,9210
2024,3,11620725,조원동,2571
2024,3,11110615,종로1?2?3?4가동,118299
2024,3,11110630,종로5?6가동,18119
2024,3,11290705,종암동,12167
2024,3,11350621,중계1동,1073
2024,3,11350625,중계2?3동,1011
2024,3,11350624,중계4동,1023
2024,3,11350619,중계본동,642
2024,3,11215740,중곡1동,3334
2024,3,11215750,중곡2동,1991
2024,3,11215760,중곡3동,634
2024,3,11215770,중곡4동,2743
2024,3,11140680,중림동,2924
2024,3,11620615,중앙동,1013
2024,3,11260600,중화1동,893
2024,3,11260610,중화2동,372
2024,3,11380640,증산동,1869
2024,3,11380690,진관동,640
2024,3,11320511,창1동,807
2024,3,11320512,창2동,851
2024,3,11320513,창3동,529
2024,3,11320514,창4동,1452
2024,3,11320515,창5동,4176
2024,3,11110670,창신1동,1699
2024,3,11110680,창신2동,56
2024,3,11110690,창신3동,96
2024,3,11410520,천연동,913
2024,3,11740600,천호1동,5665
2024,3,11740610,천호2동,2423
2024,3,11740620,천호3동,827
2024,3,11140645,청구동,13042
2024,3,11680565,청담동,51520
2024,3,11230705,청량리동,1775
2024,3,11620595,청룡동,3423
2024,3,11620545,청림동,220
2024,3,11110515,청운효자동,5377
2024,3,11170555,청파동,3005
2024,3,11410565,충현동,11306
2024,3,11110560,평창동,10316
2024,3,11710510,풍납1동,549
2024,3,11710520,풍납2동,372
2024,3,11140570,필동,14869
2024,3,11350611,하계1동,439
2024,3,11170625,한강로동,44336
2024,3,11170685,한남동,28708
2024,3,11440680,합정동,5432
2024,3,11200560,행당1동,1334
2024,3,11200570,행당2동,3
2024,3,11620575,행운동,1975
2024,3,11110650,혜화동,4341
2024,3,11410660,홍은1동,2739
2024,3,11410685,홍은2동,1905
2024,3,11410620,홍제1동,3933
2024,3,11410655,홍제2동,239
2024,3,11410640,홍제3동,618
2024,3,11500540,화곡1동,3969
2024,3,11500550,화곡2동,5028
2024,3,11500560,화곡3동,2590
2024,3,11500570,화곡4동,1640
2024,3,11500591,화곡6동,5092
2024,3,11500593,화곡8동,1483
2024,3,11500590,화곡본동,2162
2024,3,11215710,화양동,750
2024,3,11140670,황학동,918
2024,3,11230710,회기동,40
2024,3,11140540,회현동,85852
2024,3,11170580,효창동,1148
2024,3,11170510,후암동,1618
2024,3,11230720,휘경1동,682
2024,3,11230730,휘경2동,844
2024,3,11590605,흑석동,76
2024,4,11710631,가락1동,6121
2024,4,11710632,가락2동,6932
2024,4,11710620,가락본동,27617
2024,4,11530595,가리봉동,577
2024,4,11545510,가산동,106107
2024,4,11500603,가양1동,5314
2024,4,11500605,가양3동,265
2024,4,11110600,가회동,12996
2024,4,11380551,갈현1동,2238
2024,4,11380552,갈현2동,3191
2024,4,11740515,강일동,143
2024,4,11530740,개봉1동,5014
2024,4,11530750,개봉2동,7366
2024,4,11530760,개봉3동,2665
2024,4,11680660,개포1동,3433
2024,4,11680670,개포2동,8854
2024,4,11680690,개포4동,7242
2024,4,11710531,거여1동,2887
2024,4,11710532,거여2동,1556
2024,4,11740550,고덕1동,845
2024,4,11740560,고덕2동,1176
2024,4,11530720,고척1동,2091
2024,4,11530730,고척2동,1601
2024,4,11440565,공덕동,9286
2024,4,11350595,공릉1동,6065
2024,4,11350600,공릉2동,1031
2024,4,11500620,공항동,5425
2024,4,11215810,광장동,8850
2024,4,11140590,광희동,52971
2024,4,11110580,교남동,870
2024,4,11530530,구로2동,10594
2024,4,11530540,구로3동,62687
2024,4,11530550,구로4동,1298
2024,4,11530560,구로5동,12925
2024,4,11380560,구산동,1973
2024,4,11215850,구의1동,3506
2024,4,11215860,구의2동,2960
2024,4,11215870,구의3동,11355
2024,4,11215730,군자동,1002
2024,4,11200590,금호1가동,1732
2024,4,11200615,금호2?3가동,244
2024,4,11200620,금호4가동,507
2024,4,11740685,길동,9734
2024,4,11290660,길음1동,3772
2024,4,11290685,길음2동,303
2024,4,11620585,낙성대동,5994
2024,4,11620775,난곡동,981
2024,4,11620715,난향동,344
2024,4,11410690,남가좌1동,1312
2024,4,11410700,남가좌2동,1052
2024,4,11170530,남영동,18490
2024,4,11620630,남현동,3701
2024,4,11650660,내곡동,1371
2024,4,11590510,노량진1동,2833
2024,4,11590520,노량진2동,4249
2024,4,11380510,녹번동,4336
2024,4,11680521,논현1동,45242
2024,4,11680531,논현2동,57007
2024,4,11215780,능동,1414
2024,4,11140625,다산동,5877
2024,4,11230600,답십리1동,1750
2024,4,11230610,답십리2동,4714
2024,4,11560550,당산1동,8973
2024,4,11560560,당산2동,15502
2024,4,11560700,대림1동,1366
2024,4,11560710,대림2동,3597
2024,4,11560720,대림3동,4260
2024,4,11590660,대방동,7619
2024,4,11380570,대조동,1871
2024,4,11680600,대치1동,18463
2024,4,11680610,대치2동,102922
2024,4,11680630,대치4동,43704
2024,4,11620735,대학동,590
2024,4,11440600,대흥동,3405
2024,4,11680655,도곡1동,32403
2024,4,11680656,도곡2동,84833
2024,4,11560585,도림동,517
2024,4,11320521,도봉1동,1435
2024,4,11320522,도봉2동,1070
2024,4,11440585,도화동,13155
2024,4,11545610,독산1동,10617
2024,4,11545620,독산2동,1291
2024,4,11545630,독산3동,2738
2024,4,11545640,독산4동,1147
2024,4,11290580,돈암1동,228
2024,4,11290590,돈암2동,552
2024,4,11290575,동선동,2040
2024,4,11140665,동화동,1303
2024,4,11740700,둔촌2동,2489
2024,4,11500520,등촌1동,6016
2024,4,11500530,등촌2동,2781
2024,4,11500535,등촌3동,12234
2024,4,11200540,마장동,6924
2024,4,11710540,마천1동,586
2024,4,11710550,마천2동,1312
2024,4,11260660,망우3동,223
2024,4,11260655,망우본동,1426
2024,4,11440690,망원1동,3418
2024,4,11440700,망원2동,3947
2024,4,11260520,면목2동,737
2024,4,11260575,면목3?8동,1762
2024,4,11260540,면목4동,768
2024,4,11260550,면목5동,962
2024,4,11260570,면목7동,509
2024,4,11260565,면목본동,811
2024,4,11140550,명동,120704
2024,4,11740530,명일1동,3986
2024,4,11740540,명일2동,2834
2024,4,11470510,목1동,16732
2024,4,11470520,목2동,3311
2024,4,11470530,목3동,1687
2024,4,11470540,목4동,2148
2024,4,11470550,목5동,15114
2024,4,11110570,무악동,485
2024,4,11260620,묵1동,1165
2024,4,11260630,묵2동,1255
2024,4,11560605,문래동,65200
2024,4,11710641,문정1동,23872
2024,4,11710642,문정2동,78185
2024,4,11620765,미성동,2895
2024,4,11305535,미아동,602
2024,4,11650560,반포1동,8508
2024,4,11650570,반포2동,4018
2024,4,11650580,반포3동,3009
2024,4,11650581,반포4동,49942
2024,4,11650550,반포본동,5670
2024,4,11500611,발산1동,6493
2024,4,11650600,방배1동,17162
2024,4,11650610,방배2동,15603
2024,4,11650620,방배3동,13530
2024,4,11650621,방배4동,16097
2024,4,11650590,방배본동,20669
2024,4,11710561,방이1동,5978
2024,4,11710562,방이2동,40697
2024,4,11320690,방학1동,3898
2024,4,11320700,방학2동,424
2024,4,11320710,방학3동,1090
2024,4,11500630,방화1동,4242
2024,4,11500640,방화2동,1301
2024,4,11500641,방화3동,2019
2024,4,11305595,번1동,1944
2024,4,11305603,번2동,364
2024,4,11305608,번3동,262
2024,4,11170700,보광동,254
2024,4,11620525,보라매동,1644
2024,4,11290610,보문동,4757
2024,4,11110550,부암동,1509
2024,4,11410710,북가좌1동,537
2024,4,11410720,북가좌2동,1071
2024,4,11410555,북아현동,918
2024,4,11380520,불광1동,1769
2024,4,11380530,불광2동,2497
2024,4,11200550,사근동,438
2024,4,11590620,사당1동,3853
2024,4,11590630,사당2동,1640
2024,4,11590640,사당3동,1114
2024,4,11590650,사당4동,892
2024,4,11590651,사당5동,1558
2024,4,11110530,사직동,45215
2024,4,11305575,삼각산동,374
2024,4,11290555,삼선동,4986
2024,4,11680580,삼성1동,189339
2024,4,11680590,삼성2동,70662
2024,4,11620745,삼성동,880
2024,4,11305534,삼양동,115
2024,4,11710610,삼전동,4352
2024,4,11110540,삼청동,4210
2024,4,11350720,상계10동,413
2024,4,11350630,상계1동,3606
2024,4,11350640,상계2동,1731
2024,4,11350665,상계3?4동,500
2024,4,11350670,상계5동,1381
2024,4,11350695,상계6?7동,4965
2024,4,11350700,상계8동,561
2024,4,11350710,상계9동,1074
2024,4,11590530,상도1동,3543
2024,4,11590540,상도2동,1012
2024,4,11590550,상도3동,994
2024,4,11590560,상도4동,940
2024,4,11260580,상봉1동,1611
2024,4,11260590,상봉2동,4607
2024,4,11440740,상암동,16189
2024,4,11740520,상일동,1291
2024,4,11440655,서강동,3223
2024,4,11440660,서교동,25701
2024,4,11620665,서림동,1424
2024,4,11170690,서빙고동,10106
2024,4,11620645,서원동,2303
2024,4,11650510,서초1동,47656
2024,4,11650520,서초2동,66239
2024,4,11650530,서초3동,51852
2024,4,11650531,서초4동,40288
2024,4,11290810,석관동,1564
2024,4,11710600,석촌동,9531
2024,4,11740640,성내1동,13187
2024,4,11740650,성내2동,1852
2024,4,11740660,성내3동,3676
2024,4,11290525,성북동,20512
2024,4,11440720,성산1동,5565
2024,4,11440730,성산2동,1511
2024,4,11200650,성수1가1동,3325
2024,4,11200660,성수1가2동,8657
2024,4,11200670,성수2가1동,7660
2024,4,11200690,성수2가3동,31123
2024,4,11620565,성현동,1347
2024,4,11680700,세곡동,379
2024,4,11140520,소공동,92258
2024,4,11200720,송정동,748
2024,4,11305545,송중동,998
2024,4,11305555,송천동,388
2024,4,11710580,송파1동,10911
2024,4,11710590,송파2동,4268
2024,4,11530790,수궁동,1732
2024,4,11380650,수색동,176
2024,4,11680750,수서동,19403
2024,4,11305615,수유1동,944
2024,4,11305625,수유2동,1314
2024,4,11305635,수유3동,2732
2024,4,11110700,숭인1동,211
2024,4,11110710,숭인2동,1325
2024,4,11545670,시흥1동,4641
2024,4,11545680,시흥2동,1037
2024,4,11545690,시흥3동,1939
2024,4,11545700,시흥4동,1105
2024,4,11545710,시흥5동,961
2024,4,11560630,신길1동,1933
2024,4,11560650,신길3동,382
2024,4,11560660,신길4동,703
2024,4,11560670,신길5동,626
2024,4,11560680,신길6동,2010
2024,4,11560690,신길7동,2276
2024,4,11260680,신내1동,2688
2024,4,11260690,신내2동,1355
2024,4,11140650,신당5동,622
2024,4,11140615,신당동,4203
2024,4,11590670,신대방1동,3411
2024,4,11590680,신대방2동,11362
2024,4,11530510,신도림동,9248
2024,4,11620695,신림동,1310
2024,4,11380631,신사1동,1400
2024,4,11380632,신사2동,863
2024,4,11680510,신사동,27674
2024,4,11620685,신사동,3137
2024,4,11440630,신수동,3516
2024,4,11620655,신원동,398
2024,4,11470560,신월1동,2220
2024,4,11470570,신월2동,1994
2024,4,11470580,신월3동,1178
2024,4,11470590,신월4동,1153
2024,4,11470600,신월5동,1313
2024,4,11470610,신월6동,597
2024,4,11470611,신월7동,2610
2024,4,11470620,신정1동,12831
2024,4,11470630,신정2동,14182
2024,4,11470640,신정3동,2055
2024,4,11470650,신정4동,6204
2024,4,11470680,신정7동,349
2024,4,11410585,신촌동,1629
2024,4,11320660,쌍문1동,872
2024,4,11320670,쌍문2동,851
2024,4,11320680,쌍문3동,1058
2024,4,11320681,쌍문4동,265
2024,4,11440555,아현동,5852
2024,4,11290600,안암동,1916
2024,4,11740570,암사1동,3050
2024,4,11740580,암사2동,1552
2024,4,11680545,압구정동,50479
2024,4,11140635,약수동,13696
2024,4,11650651,양재1동,24087
2024,4,11650652,양재2동,33724
2024,4,11560610,양평1동,9722
2024,4,11560620,양평2동,14874
2024,4,11560540,여의동,250897
2024,4,11680640,역삼1동,202016
2024,4,11680650,역삼2동,55876
2024,4,11380625,역촌동,3452
2024,4,11440710,연남동,3795
2024,4,11410615,연희동,9207
2024,4,11440610,염리동,2245
2024,4,11500510,염창동,2625
2024,4,11560535,영등포동,14034
2024,4,11560515,영등포본동,3360
2024,4,11710570,오금동,21434
2024,4,11530770,오류1동,3372
2024,4,11530780,오류2동,1024
2024,4,11710566,오륜동,15658
2024,4,11200645,옥수동,3197
2024,4,11200520,왕십리2동,1287
2024,4,11200535,왕십리도선동,3005
2024,4,11440590,용강동,15056
2024,4,11200790,용답동,2556
2024,4,11170590,용문동,3079
2024,4,11170520,용산2가동,479
2024,4,11230536,용신동,18615
2024,4,11305645,우이동,1810
2024,4,11500615,우장산동,3048
2024,4,11170560,원효로1동,2961
2024,4,11170570,원효로2동,3004
2024,4,11350560,월계1동,1264
2024,4,11350570,월계2동,29
2024,4,11350580,월계3동,100
2024,4,11290715,월곡1동,1348
2024,4,11290725,월곡2동,4503
2024,4,11620605,은천동,1371
2024,4,11140605,을지로동,17430
2024,4,11200580,응봉동,542
2024,4,11380580,응암1동,2298
2024,4,11380590,응암2동,481
2024,4,11380600,응암3동,1446
2024,4,11230740,이문1동,1106
2024,4,11230750,이문2동,256
2024,4,11170630,이촌1동,5907
2024,4,11170640,이촌2동,2035
2024,4,11170650,이태원1동,18302
2024,4,11170660,이태원2동,875
2024,4,11110640,이화동,1632
2024,4,11305660,인수동,2893
2024,4,11620625,인헌동,1623
2024,4,11680730,일원1동,1822
2024,4,11215820,자양1동,11952
2024,4,11215830,자양2동,2506
2024,4,11215840,자양3동,1753
2024,4,11215847,자양4동,513
2024,4,11710670,잠실2동,4063
2024,4,11710680,잠실3동,38665
2024,4,11710690,잠실4동,4438
2024,4,11710710,잠실6동,83532
2024,4,11710650,잠실본동,12201
2024,4,11650540,잠원동,14890
2024,4,11230650,장안1동,10019
2024,4,11230660,장안2동,5320
2024,4,11290760,장위1동,394
2024,4,11290770,장위2동,608
2024,4,11290780,장위3동,275
2024,4,11710646,장지동,3961
2024,4,11140580,장충동,4450
2024,4,11230560,전농1동,308
2024,4,11230570,전농2동,713
2024,4,11290620,정릉1동,489
2024,4,11290630,정릉2동,1084
2024,4,11290640,정릉3동,281
2024,4,11290650,정릉4동,1020
2024,4,11230545,제기동,3687
2024,4,11620725,조원동,2688
2024,4,11110615,종로1?2?3?4가동,109733
2024,4,11110630,종로5?6가동,18962
2024,4,11290705,종암동,17974
2024,4,11350621,중계1동,1184
2024,4,11350625,중계2?3동,1194
2024,4,11350624,중계4동,1196
2024,4,11350619,중계본동,821
2024,4,11215740,중곡1동,3866
2024,4,11215750,중곡2동,2251
2024,4,11215760,중곡3동,515
2024,4,11215770,중곡4동,2743
2024,4,11140680,중림동,3863
2024,4,11620615,중앙동,1301
2024,4,11260600,중화1동,1094
2024,4,11260610,중화2동,361
2024,4,11380640,증산동,1939
2024,4,11380690,진관동,1216
2024,4,11320511,창1동,785
2024,4,11320512,창2동,1070
2024,4,11320513,창3동,491
2024,4,11320514,창4동,1820
2024,4,11320515,창5동,4983
2024,4,11110670,창신1동,1733
2024,4,11110680,창신2동,28
2024,4,11110690,창신3동,77
2024,4,11410520,천연동,1130
2024,4,11740600,천호1동,1673
2024,4,11740610,천호2동,2893
2024,4,11740620,천호3동,1173
2024,4,11140645,청구동,2178
2024,4,11680565,청담동,58171
2024,4,11230705,청량리동,2337
2024,4,11620595,청룡동,5147
2024,4,11620545,청림동,512
2024,4,11110515,청운효자동,5324
2024,4,11170555,청파동,3226
2024,4,11410565,충현동,11142
2024,4,11110560,평창동,14903
2024,4,11710510,풍납1동,651
2024,4,11710520,풍납2동,475
2024,4,11140570,필동,16151
2024,4,11350611,하계1동,994
2024,4,11170625,한강로동,58448
2024,4,11170685,한남동,45554
2024,4,11440680,합정동,4480
2024,4,11200560,행당1동,1709
2024,4,11200570,행당2동,3
2024,4,11620575,행운동,2409
2024,4,11110650,혜화동,4377
2024,4,11410660,홍은1동,3106
2024,4,11410685,홍은2동,1790
2024,4,11410620,홍제1동,1814
2024,4,11410655,홍제2동,334
2024,4,11410640,홍제3동,821
2024,4,11500540,화곡1동,3939
2024,4,11500550,화곡2동,1788
2024,4,11500560,화곡3동,2985
2024,4,11500570,화곡4동,2098
2024,4,11500591,화곡6동,6872
2024,4,11500593,화곡8동,1853
2024,4,11500590,화곡본동,2037
2024,4,11215710,화양동,872
2024,4,11140670,황학동,796
2024,4,11230710,회기동,51
2024,4,11140540,회현동,69985
2024,4,11170580,효창동,1419
2024,4,11170510,후암동,1885
2024,4,11230720,휘경1동,732
2024,4,11230730,휘경2동,1097
2024,4,11590605,흑석동,91
2025,1,11710631,가락1동,6121
2025,1,11710632,가락2동,6932
2025,1,11710620,가락본동,27617
2025,1,11530595,가리봉동,577
2025,1,11545510,가산동,106107
2025,1,11500603,가양1동,5314
2025,1,11500605,가양3동,265
2025,1,11110600,가회동,12996
2025,1,11380551,갈현1동,2238
2025,1,11380552,갈현2동,3191
2025,1,11740515,강일동,143
2025,1,11530740,개봉1동,5014
2025,1,11530750,개봉2동,7366
2025,1,11530760,개봉3동,2665
2025,1,11680660,개포1동,3433
2025,1,11680670,개포2동,8854
2025,1,11680690,개포4동,7242
2025,1,11710531,거여1동,2887
2025,1,11710532,거여2동,1556
2025,1,11740550,고덕1동,845
2025,1,11740560,고덕2동,1176
2025,1,11530720,고척1동,2091
2025,1,11530730,고척2동,1601
2025,1,11440565,공덕동,9286
2025,1,11350595,공릉1동,6065
2025,1,11350600,공릉2동,1031
2025,1,11500620,공항동,5425
2025,1,11215810,광장동,8850
2025,1,11140590,광희동,52971
2025,1,11110580,교남동,870
2025,1,11530530,구로2동,10594
2025,1,11530540,구로3동,62687
2025,1,11530550,구로4동,1298
2025,1,11530560,구로5동,12925
2025,1,11380560,구산동,1973
2025,1,11215850,구의1동,3506
2025,1,11215860,구의2동,2960
2025,1,11215870,구의3동,11355
2025,1,11215730,군자동,1002
2025,1,11200590,금호1가동,1732
2025,1,11200615,금호2?3가동,244
2025,1,11200620,금호4가동,507
2025,1,11740685,길동,9734
2025,1,11290660,길음1동,3772
2025,1,11290685,길음2동,303
2025,1,11620585,낙성대동,5994
2025,1,11620775,난곡동,981
2025,1,11620715,난향동,344
2025,1,11410690,남가좌1동,1312
2025,1,11410700,남가좌2동,1052
2025,1,11170530,남영동,18490
2025,1,11620630,남현동,3701
2025,1,11650660,내곡동,1371
2025,1,11590510,노량진1동,2833
2025,1,11590520,노량진2동,4249
2025,1,11380510,녹번동,4336
2025,1,11680521,논현1동,45242
2025,1,11680531,논현2동,57007
2025,1,11215780,능동,1414
2025,1,11140625,다산동,5877
2025,1,11230600,답십리1동,1750
2025,1,11230610,답십리2동,4714
2025,1,11560550,당산1동,8973
2025,1,11560560,당산2동,15502
2025,1,11560700,대림1동,1366
2025,1,11560710,대림2동,3597
2025,1,11560720,대림3동,4260
2025,1,11590660,대방동,7619
2025,1,11380570,대조동,1871
2025,1,11680600,대치1동,18463
2025,1,11680610,대치2동,102922
2025,1,11680630,대치4동,43704
2025,1,11620735,대학동,590
2025,1,11440600,대흥동,3405
2025,1,11680655,도곡1동,32403
2025,1,11680656,도곡2동,84833
2025,1,11560585,도림동,517
2025,1,11320521,도봉1동,1435
2025,1,11320522,도봉2동,1070
2025,1,11440585,도화동,13155
2025,1,11545610,독산1동,10617
2025,1,11545620,독산2동,1291
2025,1,11545630,독산3동,2738
2025,1,11545640,독산4동,1147
2025,1,11290580,돈암1동,228
2025,1,11290590,돈암2동,552
2025,1,11290575,동선동,2040
2025,1,11140665,동화동,1303
2025,1,11740700,둔촌2동,2489
2025,1,11500520,등촌1동,6016
2025,1,11500530,등촌2동,2781
2025,1,11500535,등촌3동,12234
2025,1,11200540,마장동,6924
2025,1,11710540,마천1동,586
2025,1,11710550,마천2동,1312
2025,1,11260660,망우3동,223
2025,1,11260655,망우본동,1426
2025,1,11440690,망원1동,3418
2025,1,11440700,망원2동,3947
2025,1,11260520,면목2동,737
2025,1,11260575,면목3?8동,1762
2025,1,11260540,면목4동,768
2025,1,11260550,면목5동,962
2025,1,11260570,면목7동,509
2025,1,11260565,면목본동,811
2025,1,11140550,명동,120704
2025,1,11740530,명일1동,3986
2025,1,11740540,명일2동,2834
2025,1,11470510,목1동,16732
2025,1,11470520,목2동,3311
2025,1,11470530,목3동,1687
2025,1,11470540,목4동,2148
2025,1,11470550,목5동,15114
2025,1,11110570,무악동,485
2025,1,11260620,묵1동,1165
2025,1,11260630,묵2동,1255
2025,1,11560605,문래동,65200
2025,1,11710641,문정1동,23872
2025,1,11710642,문정2동,78185
2025,1,11620765,미성동,2895
2025,1,11305535,미아동,602
2025,1,11650560,반포1동,8508
2025,1,11650570,반포2동,4018
2025,1,11650580,반포3동,3009
2025,1,11650581,반포4동,49942
2025,1,11650550,반포본동,5670
2025,1,11500611,발산1동,6493
2025,1,11650600,방배1동,17162
2025,1,11650610,방배2동,15603
2025,1,11650620,방배3동,13530
2025,1,11650621,방배4동,16097
2025,1,11650590,방배본동,20669
2025,1,11710561,방이1동,5978
2025,1,11710562,방이2동,40697
2025,1,11320690,방학1동,3898
2025,1,11320700,방학2동,424
2025,1,11320710,방학3동,1090
2025,1,11500630,방화1동,4242
2025,1,11500640,방화2동,1301
2025,1,11500641,방화3동,2019
2025,1,11305595,번1동,1944
2025,1,11305603,번2동,364
2025,1,11305608,번3동,262
2025,1,11170700,보광동,254
2025,1,11620525,보라매동,1644
2025,1,11290610,보문동,4757
2025,1,11110550,부암동,1509
2025,1,11410710,북가좌1동,537
2025,1,11410720,북가좌2동,1071
2025,1,11410555,북아현동,918
2025,1,11380520,불광1동,1769
2025,1,11380530,불광2동,2497
2025,1,11200550,사근동,438
2025,1,11590620,사당1동,3853
2025,1,11590630,사당2동,1640
2025,1,11590640,사당3동,1114
2025,1,11590650,사당4동,892
2025,1,11590651,사당5동,1558
2025,1,11110530,사직동,45215
2025,1,11305575,삼각산동,374
2025,1,11290555,삼선동,4986
2025,1,11680580,삼성1동,189339
2025,1,11680590,삼성2동,70662
2025,1,11620745,삼성동,880
2025,1,11305534,삼양동,115
2025,1,11710610,삼전동,4352
2025,1,11110540,삼청동,4210
2025,1,11350720,상계10동,413
2025,1,11350630,상계1동,3606
2025,1,11350640,상계2동,1731
2025,1,11350665,상계3?4동,500
2025,1,11350670,상계5동,1381
2025,1,11350695,상계6?7동,4965
2025,1,11350700,상계8동,561
2025,1,11350710,상계9동,1074
2025,1,11590530,상도1동,3543
2025,1,11590540,상도2동,1012
2025,1,11590550,상도3동,994
2025,1,11590560,상도4동,940
2025,1,11260580,상봉1동,1611
2025,1,11260590,상봉2동,4607
2025,1,11440740,상암동,16189
2025,1,11740520,상일동,1291
2025,1,11440655,서강동,3223
2025,1,11440660,서교동,25701
2025,1,11620665,서림동,1424
2025,1,11170690,서빙고동,10106
2025,1,11620645,서원동,2303
2025,1,11650510,서초1동,47656
2025,1,11650520,서초2동,66239
2025,1,11650530,서초3동,51852
2025,1,11650531,서초4동,40288
2025,1,11290810,석관동,1564
2025,1,11710600,석촌동,9531
2025,1,11740640,성내1동,13187
2025,1,11740650,성내2동,1852
2025,1,11740660,성내3동,3676
2025,1,11290525,성북동,20512
2025,1,11440720,성산1동,5565
2025,1,11440730,성산2동,1511
2025,1,11200650,성수1가1동,3325
2025,1,11200660,성수1가2동,8657
2025,1,11200670,성수2가1동,7660
2025,1,11200690,성수2가3동,31123
2025,1,11620565,성현동,1347
2025,1,11680700,세곡동,379
2025,1,11140520,소공동,92258
2025,1,11200720,송정동,748
2025,1,11305545,송중동,998
2025,1,11305555,송천동,388
2025,1,11710580,송파1동,10911
2025,1,11710590,송파2동,4268
2025,1,11530790,수궁동,1732
2025,1,11380650,수색동,176
2025,1,11680750,수서동,19403
2025,1,11305615,수유1동,944
2025,1,11305625,수유2동,1314
2025,1,11305635,수유3동,2732
2025,1,11110700,숭인1동,211
2025,1,11110710,숭인2동,1325
2025,1,11545670,시흥1동,4641
2025,1,11545680,시흥2동,1037
2025,1,11545690,시흥3동,1939
2025,1,11545700,시흥4동,1105
2025,1,11545710,시흥5동,961
2025,1,11560630,신길1동,1933
2025,1,11560650,신길3동,382
2025,1,11560660,신길4동,703
2025,1,11560670,신길5동,626
2025,1,11560680,신길6동,2010
2025,1,11560690,신길7동,2276
2025,1,11260680,신내1동,2688
2025,1,11260690,신내2동,1355
2025,1,11140650,신당5동,622
2025,1,11140615,신당동,4203
2025,1,11590670,신대방1동,3411
2025,1,11590680,신대방2동,11362
2025,1,11530510,신도림동,9248
2025,1,11620695,신림동,1310
2025,1,11380631,신사1동,1400
2025,1,11380632,신사2동,863
2025,1,11680510,신사동,27674
2025,1,11620685,신사동,3137
2025,1,11440630,신수동,3516
2025,1,11620655,신원동,398
2025,1,11470560,신월1동,2220
2025,1,11470570,신월2동,1994
2025,1,11470580,신월3동,1178
2025,1,11470590,신월4동,1153
2025,1,11470600,신월5동,1313
2025,1,11470610,신월6동,597
2025,1,11470611,신월7동,2610
2025,1,11470620,신정1동,12831
2025,1,11470630,신정2동,14182
2025,1,11470640,신정3동,2055
2025,1,11470650,신정4동,6204
2025,1,11470680,신정7동,349
2025,1,11410585,신촌동,1629
2025,1,11320660,쌍문1동,872
2025,1,11320670,쌍문2동,851
2025,1,11320680,쌍문3동,1058
2025,1,11320681,쌍문4동,265
2025,1,11440555,아현동,5852
2025,1,11290600,안암동,1916
2025,1,11740570,암사1동,3050
2025,1,11740580,암사2동,1552
2025,1,11680545,압구정동,50479
2025,1,11140635,약수동,13696
2025,1,11650651,양재1동,24087
2025,1,11650652,양재2동,33724
2025,1,11560610,양평1동,9722
2025,1,11560620,양평2동,14874
2025,1,11560540,여의동,250897
2025,1,11680640,역삼1동,202016
2025,1,11680650,역삼2동,55876
2025,1,11380625,역촌동,3452
2025,1,11440710,연남동,3795
2025,1,11410615,연희동,9207
2025,1,11440610,염리동,2245
2025,1,11500510,염창동,2625
2025,1,11560535,영등포동,14034
2025,1,11560515,영등포본동,3360
2025,1,11710570,오금동,21434
2025,1,11530770,오류1동,3372
2025,1,11530780,오류2동,1024
2025,1,11710566,오륜동,15658
2025,1,11200645,옥수동,3197
2025,1,11200520,왕십리2동,1287
2025,1,11200535,왕십리도선동,3005
2025,1,11440590,용강동,15056
2025,1,11200790,용답동,2556
2025,1,11170590,용문동,3079
2025,1,11170520,용산2가동,479
2025,1,11230536,용신동,18615
2025,1,11305645,우이동,1810
2025,1,11500615,우장산동,3048
2025,1,11170560,원효로1동,2961
2025,1,11170570,원효로2동,3004
2025,1,11350560,월계1동,1264
2025,1,11350570,월계2동,29
2025,1,11350580,월계3동,100
2025,1,11290715,월곡1동,1348
2025,1,11290725,월곡2동,4503
2025,1,11620605,은천동,1371
2025,1,11140605,을지로동,17430
2025,1,11200580,응봉동,542
2025,1,11380580,응암1동,2298
2025,1,11380590,응암2동,481
2025,1,11380600,응암3동,1446
2025,1,11230740,이문1동,1106
2025,1,11230750,이문2동,256
2025,1,11170630,이촌1동,5907
2025,1,11170640,이촌2동,2035
2025,1,11170650,이태원1동,18302
2025,1,11170660,이태원2동,875
2025,1,11110640,이화동,1632
2025,1,11305660,인수동,2893
2025,1,11620625,인헌동,1623
2025,1,11680730,일원1동,1822
2025,1,11215820,자양1동,11952
2025,1,11215830,자양2동,2506
2025,1,11215840,자양3동,1753
2025,1,11215847,자양4동,513
2025,1,11710670,잠실2동,4063
2025,1,11710680,잠실3동,38665
2025,1,11710690,잠실4동,4438
2025,1,11710710,잠실6동,83532
2025,1,11710650,잠실본동,12201
2025,1,11650540,잠원동,14890
2025,1,11230650,장안1동,10019
2025,1,11230660,장안2동,5320
2025,1,11290760,장위1동,394
2025,1,11290770,장위2동,608
2025,1,11290780,장위3동,275
2025,1,11710646,장지동,3961
2025,1,11140580,장충동,4450
2025,1,11230560,전농1동,308
2025,1,11230570,전농2동,713
2025,1,11290620,정릉1동,489
2025,1,11290630,정릉2동,1084
2025,1,11290640,정릉3동,281
2025,1,11290650,정릉4동,1020
2025,1,11230545,제기동,3687
2025,1,11620725,조원동,2688
2025,1,11110615,종로1?2?3?4가동,109733
2025,1,11110630,종로5?6가동,18962
2025,1,11290705,종암동,17974
2025,1,11350621,중계1동,1184
2025,1,11350625,중계2?3동,1194
2025,1,11350624,중계4동,1196
2025,1,11350619,중계본동,821
2025,1,11215740,중곡1동,3866
2025,1,11215750,중곡2동,2251
2025,1,11215760,중곡3동,515
2025,1,11215770,중곡4동,2743
2025,1,11140680,중림동,3863
2025,1,11620615,중앙동,1301
2025,1,11260600,중화1동,1094
2025,1,11260610,중화2동,361
2025,1,11380640,증산동,1939
2025,1,11380690,진관동,1216
2025,1,11320511,창1동,785
2025,1,11320512,창2동,1070
2025,1,11320513,창3동,491
2025,1,11320514,창4동,1820
2025,1,11320515,창5동,4983
2025,1,11110670,창신1동,1733
2025,1,11110680,창신2동,28
2025,1,11110690,창신3동,77
2025,1,11410520,천연동,1130
2025,1,11740600,천호1동,1673
2025,1,11740610,천호2동,2893
2025,1,11740620,천호3동,1173
2025,1,11140645,청구동,2178
2025,1,11680565,청담동,58171
2025,1,11230705,청량리동,2337
2025,1,11620595,청룡동,5147
2025,1,11620545,청림동,512
2025,1,11110515,청운효자동,5324
2025,1,11170555,청파동,3226
2025,1,11410565,충현동,11142
2025,1,11110560,평창동,14903
2025,1,11710510,풍납1동,651
2025,1,11710520,풍납2동,475
2025,1,11140570,필동,16151
2025,1,11350611,하계1동,994
2025,1,11170625,한강로동,58448
2025,1,11170685,한남동,45554
2025,1,11440680,합정동,4480
2025,1,11200560,행당1동,1709
2025,1,11200570,행당2동,3
2025,1,11620575,행운동,2409
2025,1,11110650,혜화동,4377
2025,1,11410660,홍은1동,3106
2025,1,11410685,홍은2동,1790
2025,1,11410620,홍제1동,1814
2025,1,11410655,홍제2동,334
2025,1,11410640,홍제3동,821
2025,1,11500540,화곡1동,3939
2025,1,11500550,화곡2동,1788
2025,1,11500560,화곡3동,2985
2025,1,11500570,화곡4동,2098
2025,1,11500591,화곡6동,6872
2025,1,11500593,화곡8동,1853
2025,1,11500590,화곡본동,2037
2025,1,11215710,화양동,872
2025,1,11140670,황학동,796
2025,1,11230710,회기동,51
2025,1,11140540,회현동,69985
2025,1,11170580,효창동,1419
2025,1,11170510,후암동,1885
2025,1,11230720,휘경1동,732
2025,1,11230730,휘경2동,1097
2025,1,11590605,흑석동,91
2025,2,11710631,가락1동,6121
2025,2,11710632,가락2동,6932
2025,2,11710620,가락본동,27617
2025,2,11530595,가리봉동,577
2025,2,11545510,가산동,106107
2025,2,11500603,가양1동,5314
2025,2,11500605,가양3동,265
2025,2,11110600,가회동,12996
2025,2,11380551,갈현1동,2238
2025,2,11380552,갈현2동,3191
2025,2,11740515,강일동,143
2025,2,11530740,개봉1동,5014
2025,2,11530750,개봉2동,7366
2025,2,11530760,개봉3동,2665
2025,2,11680660,개포1동,3433
2025,2,11680670,개포2동,8854
2025,2,11680690,개포4동,7242
2025,2,11710531,거여1동,2887
2025,2,11710532,거여2동,1556
2025,2,11740550,고덕1동,845
2025,2,11740560,고덕2동,1176
2025,2,11530720,고척1동,2091
2025,2,11530730,고척2동,1601
2025,2,11440565,공덕동,9286
2025,2,11350595,공릉1동,6065
2025,2,11350600,공릉2동,1031
2025,2,11500620,공항동,5425
2025,2,11215810,광장동,8850
2025,2,11140590,광희동,52971
2025,2,11110580,교남동,870
2025,2,11530530,구로2동,10594
2025,2,11530540,구로3동,62687
2025,2,11530550,구로4동,1298
2025,2,11530560,구로5동,12925
2025,2,11380560,구산동,1973
2025,2,11215850,구의1동,3506
2025,2,11215860,구의2동,2960
2025,2,11215870,구의3동,11355
2025,2,11215730,군자동,1002
2025,2,11200590,금호1가동,1732
2025,2,11200615,금호2?3가동,244
2025,2,11200620,금호4가동,507
2025,2,11740685,길동,9734
2025,2,11290660,길음1동,3772
2025,2,11290685,길음2동,303
2025,2,11620585,낙성대동,5994
2025,2,11620775,난곡동,981
2025,2,11620715,난향동,344
2025,2,11410690,남가좌1동,1312
2025,2,11410700,남가좌2동,1052
2025,2,11170530,남영동,18490
2025,2,11620630,남현동,3701
2025,2,11650660,내곡동,1371
2025,2,11590510,노량진1동,2833
2025,2,11590520,노량진2동,4249
2025,2,11380510,녹번동,4336
2025,2,11680521,논현1동,45242
2025,2,11680531,논현2동,57007
2025,2,11215780,능동,1414
2025,2,11140625,다산동,5877
2025,2,11230600,답십리1동,1750
2025,2,11230610,답십리2동,4714
2025,2,11560550,당산1동,8973
2025,2,11560560,당산2동,15502
2025,2,11560700,대림1동,1366
2025,2,11560710,대림2동,3597
2025,2,11560720,대림3동,4260
2025,2,11590660,대방동,7619
2025,2,11380570,대조동,1871
2025,2,11680600,대치1동,18463
2025,2,11680610,대치2동,102922
2025,2,11680630,대치4동,43704
2025,2,11620735,대학동,590
2025,2,11440600,대흥동,3405
2025,2,11680655,도곡1동,32403
2025,2,11680656,도곡2동,84833
2025,2,11560585,도림동,517
2025,2,11320521,도봉1동,1435
2025,2,11320522,도봉2동,1070
2025,2,11440585,도화동,13155
2025,2,11545610,독산1동,10617
2025,2,11545620,독산2동,1291
2025,2,11545630,독산3동,2738
2025,2,11545640,독산4동,1147
2025,2,11290580,돈암1동,228
2025,2,11290590,돈암2동,552
2025,2,11290575,동선동,2040
2025,2,11140665,동화동,1303
2025,2,11740700,둔촌2동,2489
2025,2,11500520,등촌1동,6016
2025,2,11500530,등촌2동,2781
2025,2,11500535,등촌3동,12234
2025,2,11200540,마장동,6924
2025,2,11710540,마천1동,586
2025,2,11710550,마천2동,1312
2025,2,11260660,망우3동,223
2025,2,11260655,망우본동,1426
2025,2,11440690,망원1동,3418
2025,2,11440700,망원2동,3947
2025,2,11260520,면목2동,737
2025,2,11260575,면목3?8동,1762
2025,2,11260540,면목4동,768
2025,2,11260550,면목5동,962
2025,2,11260570,면목7동,509
2025,2,11260565,면목본동,811
2025,2,11140550,명동,120704
2025,2,11740530,명일1동,3986
2025,2,11740540,명일2동,2834
2025,2,11470510,목1동,16732
2025,2,11470520,목2동,3311
2025,2,11470530,목3동,1687
2025,2,11470540,목4동,2148
2025,2,11470550,목5동,15114
2025,2,11110570,무악동,485
2025,2,11260620,묵1동,1165
2025,2,11260630,묵2동,1255
2025,2,11560605,문래동,65200
2025,2,11710641,문정1동,23872
2025,2,11710642,문정2동,78185
2025,2,11620765,미성동,2895
2025,2,11305535,미아동,602
2025,2,11650560,반포1동,8508
2025,2,11650570,반포2동,4018
2025,2,11650580,반포3동,3009
2025,2,11650581,반포4동,49942
2025,2,11650550,반포본동,5670
2025,2,11500611,발산1동,6493
2025,2,11650600,방배1동,17162
2025,2,11650610,방배2동,15603
2025,2,11650620,방배3동,13530
2025,2,11650621,방배4동,16097
2025,2,11650590,방배본동,20669
2025,2,11710561,방이1동,5978
2025,2,11710562,방이2동,40697
2025,2,11320690,방학1동,3898
2025,2,11320700,방학2동,424
2025,2,11320710,방학3동,1090
2025,2,11500630,방화1동,4242
2025,2,11500640,방화2동,1301
2025,2,11500641,방화3동,2019
2025,2,11305595,번1동,1944
2025,2,11305603,번2동,364
2025,2,11305608,번3동,262
2025,2,11170700,보광동,254
2025,2,11620525,보라매동,1644
2025,2,11290610,보문동,4757
2025,2,11110550,부암동,1509
2025,2,11410710,북가좌1동,537
2025,2,11410720,북가좌2동,1071
2025,2,11410555,북아현동,918
2025,2,11380520,불광1동,1769
2025,2,11380530,불광2동,2497
2025,2,11200550,사근동,438
2025,2,11590620,사당1동,3853
2025,2,11590630,사당2동,1640
2025,2,11590640,사당3동,1114
2025,2,11590650,사당4동,892
2025,2,11590651,사당5동,1558
2025,2,11110530,사직동,45215
2025,2,11305575,삼각산동,374
2025,2,11290555,삼선동,4986
2025,2,11680580,삼성1동,189339
2025,2,11680590,삼성2동,70662
2025,2,11620745,삼성동,880
2025,2,11305534,삼양동,115
2025,2,11710610,삼전동,4352
2025,2,11110540,삼청동,4210
2025,2,11350720,상계10동,413
2025,2,11350630,상계1동,3606
2025,2,11350640,상계2동,1731
2025,2,11350665,상계3?4동,500
2025,2,11350670,상계5동,1381
2025,2,11350695,상계6?7동,4965
2025,2,11350700,상계8동,561
2025,2,11350710,상계9동,1074
2025,2,11590530,상도1동,3543
2025,2,11590540,상도2동,1012
2025,2,11590550,상도3동,994
2025,2,11590560,상도4동,940
2025,2,11260580,상봉1동,1611
2025,2,11260590,상봉2동,4607
2025,2,11440740,상암동,16189
2025,2,11740520,상일동,1291
2025,2,11440655,서강동,3223
2025,2,11440660,서교동,25701
2025,2,11620665,서림동,1424
2025,2,11170690,서빙고동,10106
2025,2,11620645,서원동,2303
2025,2,11650510,서초1동,47656
2025,2,11650520,서초2동,66239
2025,2,11650530,서초3동,51852
2025,2,11650531,서초4동,40288
2025,2,11290810,석관동,1564
2025,2,11710600,석촌동,9531
2025,2,11740640,성내1동,13187
2025,2,11740650,성내2동,1852
2025,2,11740660,성내3동,3676
2025,2,11290525,성북동,20512
2025,2,11440720,성산1동,5565
2025,2,11440730,성산2동,1511
2025,2,11200650,성수1가1동,3325
2025,2,11200660,성수1가2동,8657
2025,2,11200670,성수2가1동,7660
2025,2,11200690,성수2가3동,31123
2025,2,11620565,성현동,1347
2025,2,11680700,세곡동,379
2025,2,11140520,소공동,92258
2025,2,11200720,송정동,748
2025,2,11305545,송중동,998
2025,2,11305555,송천동,388
2025,2,11710580,송파1동,10911
2025,2,11710590,송파2동,4268
2025,2,11530790,수궁동,1732
2025,2,11380650,수색동,176
2025,2,11680750,수서동,19403
2025,2,11305615,수유1동,944
2025,2,11305625,수유2동,1314
2025,2,11305635,수유3동,2732
2025,2,11110700,숭인1동,211
2025,2,11110710,숭인2동,1325
2025,2,11545670,시흥1동,4641
2025,2,11545680,시흥2동,1037
2025,2,11545690,시흥3동,1939
2025,2,11545700,시흥4동,1105
2025,2,11545710,시흥5동,961
2025,2,11560630,신길1동,1933
2025,2,11560650,신길3동,382
2025,2,11560660,신길4동,703
2025,2,11560670,신길5동,626
2025,2,11560680,신길6동,2010
2025,2,11560690,신길7동,2276
2025,2,11260680,신내1동,2688
2025,2,11260690,신내2동,1355
2025,2,11140650,신당5동,622
2025,2,11140615,신당동,4203
2025,2,11590670,신대방1동,3411
2025,2,11590680,신대방2동,11362
2025,2,11530510,신도림동,9248
2025,2,11620695,신림동,1310
2025,2,11380631,신사1동,1400
2025,2,11380632,신사2동,863
2025,2,11680510,신사동,27674
2025,2,11620685,신사동,3137
2025,2,11440630,신수동,3516
2025,2,11620655,신원동,398
2025,2,11470560,신월1동,2220
2025,2,11470570,신월2동,1994
2025,2,11470580,신월3동,1178
2025,2,11470590,신월4동,1153
2025,2,11470600,신월5동,1313
2025,2,11470610,신월6동,597
2025,2,11470611,신월7동,2610
2025,2,11470620,신정1동,12831
2025,2,11470630,신정2동,14182
2025,2,11470640,신정3동,2055
2025,2,11470650,신정4동,6204
2025,2,11470680,신정7동,349
2025,2,11410585,신촌동,1629
2025,2,11320660,쌍문1동,872
2025,2,11320670,쌍문2동,851
2025,2,11320680,쌍문3동,1058
2025,2,11320681,쌍문4동,265
2025,2,11440555,아현동,5852
2025,2,11290600,안암동,1916
2025,2,11740570,암사1동,3050
2025,2,11740580,암사2동,1552
2025,2,11680545,압구정동,50479
2025,2,11140635,약수동,13696
2025,2,11650651,양재1동,24087
2025,2,11650652,양재2동,33724
2025,2,11560610,양평1동,9722
2025,2,11560620,양평2동,14874
2025,2,11560540,여의동,250897
2025,2,11680640,역삼1동,202016
2025,2,11680650,역삼2동,55876
2025,2,11380625,역촌동,3452
2025,2,11440710,연남동,3795
2025,2,11410615,연희동,9207
2025,2,11440610,염리동,2245
2025,2,11500510,염창동,2625
2025,2,11560535,영등포동,14034
2025,2,11560515,영등포본동,3360
2025,2,11710570,오금동,21434
2025,2,11530770,오류1동,3372
2025,2,11530780,오류2동,1024
2025,2,11710566,오륜동,15658
2025,2,11200645,옥수동,3197
2025,2,11200520,왕십리2동,1287
2025,2,11200535,왕십리도선동,3005
2025,2,11440590,용강동,15056
2025,2,11200790,용답동,2556
2025,2,11170590,용문동,3079
2025,2,11170520,용산2가동,479
2025,2,11230536,용신동,18615
2025,2,11305645,우이동,1810
2025,2,11500615,우장산동,3048
2025,2,11170560,원효로1동,2961
2025,2,11170570,원효로2동,3004
2025,2,11350560,월계1동,1264
2025,2,11350570,월계2동,29
2025,2,11350580,월계3동,100
2025,2,11290715,월곡1동,1348
2025,2,11290725,월곡2동,4503
2025,2,11620605,은천동,1371
2025,2,11140605,을지로동,17430
2025,2,11200580,응봉동,542
2025,2,11380580,응암1동,2298
2025,2,11380590,응암2동,481
2025,2,11380600,응암3동,1446
2025,2,11230740,이문1동,1106
2025,2,11230750,이문2동,256
2025,2,11170630,이촌1동,5907
2025,2,11170640,이촌2동,2035
2025,2,11170650,이태원1동,18302
2025,2,11170660,이태원2동,875
2025,2,11110640,이화동,1632
2025,2,11305660,인수동,2893
2025,2,11620625,인헌동,1623
2025,2,11680730,일원1동,1822
2025,2,11215820,자양1동,11952
2025,2,11215830,자양2동,2506
2025,2,11215840,자양3동,1753
2025,2,11215847,자양4동,513
2025,2,11710670,잠실2동,4063
2025,2,11710680,잠실3동,38665
2025,2,11710690,잠실4동,4438
2025,2,11710710,잠실6동,83532
2025,2,11710650,잠실본동,12201
2025,2,11650540,잠원동,14890
2025,2,11230650,장안1동,10019
2025,2,11230660,장안2동,5320
2025,2,11290760,장위1동,394
2025,2,11290770,장위2동,608
2025,2,11290780,장위3동,275
2025,2,11710646,장지동,3961
2025,2,11140580,장충동,4450
2025,2,11230560,전농1동,308
2025,2,11230570,전농2동,713
2025,2,11290620,정릉1동,489
2025,2,11290630,정릉2동,1084
2025,2,11290640,정릉3동,281
2025,2,11290650,정릉4동,1020
2025,2,11230545,제기동,3687
2025,2,11620725,조원동,2688
2025,2,11110615,종로1?2?3?4가동,109733
2025,2,11110630,종로5?6가동,18962
2025,2,11290705,종암동,17974
2025,2,11350621,중계1동,1184
2025,2,11350625,중계2?3동,1194
2025,2,11350624,중계4동,1196
2025,2,11350619,중계본동,821
2025,2,11215740,중곡1동,3866
2025,2,11215750,중곡2동,2251
2025,2,11215760,중곡3동,515
2025,2,11215770,중곡4동,2743
2025,2,11140680,중림동,3863
2025,2,11620615,중앙동,1301
2025,2,11260600,중화1동,1094
2025,2,11260610,중화2동,361
2025,2,11380640,증산동,1939
2025,2,11380690,진관동,1216
2025,2,11320511,창1동,785
2025,2,11320512,창2동,1070
2025,2,11320513,창3동,491
2025,2,11320514,창4동,1820
2025,2,11320515,창5동,4983
2025,2,11110670,창신1동,1733
2025,2,11110680,창신2동,28
2025,2,11110690,창신3동,77
2025,2,11410520,천연동,1130
2025,2,11740600,천호1동,1673
2025,2,11740610,천호2동,2893
2025,2,11740620,천호3동,1173
2025,2,11140645,청구동,2178
2025,2,11680565,청담동,58171
2025,2,11230705,청량리동,2337
2025,2,11620595,청룡동,5147
2025,2,11620545,청림동,512
2025,2,11110515,청운효자동,5324
2025,2,11170555,청파동,3226
2025,2,11410565,충현동,11142
2025,2,11110560,평창동,14903
2025,2,11710510,풍납1동,651
2025,2,11710520,풍납2동,475
2025,2,11140570,필동,16151
2025,2,11350611,하계1동,994
2025,2,11170625,한강로동,58448
2025,2,11170685,한남동,45554
2025,2,11440680,합정동,4480
2025,2,11200560,행당1동,1709
2025,2,11200570,행당2동,3
2025,2,11620575,행운동,2409
2025,2,11110650,혜화동,4377
2025,2,11410660,홍은1동,3106
2025,2,11410685,홍은2동,1790
2025,2,11410620,홍제1동,1814
2025,2,11410655,홍제2동,334
2025,2,11410640,홍제3동,821
2025,2,11500540,화곡1동,3939
2025,2,11500550,화곡2동,1788
2025,2,11500560,화곡3동,2985
2025,2,11500570,화곡4동,2098
2025,2,11500591,화곡6동,6872
2025,2,11500593,화곡8동,1853
2025,2,11500590,화곡본동,2037
2025,2,11215710,화양동,872
2025,2,11140670,황학동,796
2025,2,11230710,회기동,51
2025,2,11140540,회현동,69985
2025,2,11170580,효창동,1419
2025,2,11170510,후암동,1885
2025,2,11230720,휘경1동,732
2025,2,11230730,휘경2동,1097
2025,2,11590605,흑석동,91
2025,3,11710631,가락1동,6121
2025,3,11710632,가락2동,6932
2025,3,11710620,가락본동,27617
2025,3,11530595,가리봉동,577
2025,3,11545510,가산동,106107
2025,3,11500603,가양1동,5314
2025,3,11500605,가양3동,265
2025,3,11110600,가회동,12996
2025,3,11380551,갈현1동,2238
2025,3,11380552,갈현2동,3191
2025,3,11740515,강일동,143
2025,3,11530740,개봉1동,5014
2025,3,11530750,개봉2동,7366
2025,3,11530760,개봉3동,2665
2025,3,11680660,개포1동,3433
2025,3,11680670,개포2동,8854
2025,3,11680690,개포4동,7242
2025,3,11710531,거여1동,2887
2025,3,11710532,거여2동,1556
2025,3,11740550,고덕1동,845
2025,3,11740560,고덕2동,1176
2025,3,11530720,고척1동,2091
2025,3,11530730,고척2동,1601
2025,3,11440565,공덕동,9286
2025,3,11350595,공릉1동,6065
2025,3,11350600,공릉2동,1031
2025,3,11500620,공항동,5425
2025,3,11215810,광장동,8850
2025,3,11140590,광희동,52971
2025,3,11110580,교남동,870
2025,3,11530530,구로2동,10594
2025,3,11530540,구로3동,62687
2025,3,11530550,구로4동,1298
2025,3,11530560,구로5동,12925
2025,3,11380560,구산동,1973
2025,3,11215850,구의1동,3506
2025,3,11215860,구의2동,2960
2025,3,11215870,구의3동,11355
2025,3,11215730,군자동,1002
2025,3,11200590,금호1가동,1732
2025,3,11200615,금호2?3가동,244
2025,3,11200620,금호4가동,507
2025,3,11740685,길동,9734
2025,3,11290660,길음1동,3772
2025,3,11290685,길음2동,303
2025,3,11620585,낙성대동,5994
2025,3,11620775,난곡동,981
2025,3,11620715,난향동,344
2025,3,11410690,남가좌1동,1312
2025,3,11410700,남가좌2동,1052
2025,3,11170530,남영동,18490
2025,3,11620630,남현동,3701
2025,3,11650660,내곡동,1371
2025,3,11590510,노량진1동,2833
2025,3,11590520,노량진2동,4249
2025,3,11380510,녹번동,4336
2025,3,11680521,논현1동,45242
2025,3,11680531,논현2동,57007
2025,3,11215780,능동,1414
2025,3,11140625,다산동,5877
2025,3,11230600,답십리1동,1750
2025,3,11230610,답십리2동,4714
2025,3,11560550,당산1동,8973
2025,3,11560560,당산2동,15502
2025,3,11560700,대림1동,1366
2025,3,11560710,대림2동,3597
2025,3,11560720,대림3동,4260
2025,3,11590660,대방동,7619
2025,3,11380570,대조동,1871
2025,3,11680600,대치1동,18463
2025,3,11680610,대치2동,102922
2025,3,11680630,대치4동,43704
2025,3,11620735,대학동,590
2025,3,11440600,대흥동,3405
2025,3,11680655,도곡1동,32403
2025,3,11680656,도곡2동,84833
2025,3,11560585,도림동,517
2025,3,11320521,도봉1동,1435
2025,3,11320522,도봉2동,1070
2025,3,11440585,도화동,13155
2025,3,11545610,독산1동,10617
2025,3,11545620,독산2동,1291
2025,3,11545630,독산3동,2738
2025,3,11545640,독산4동,1147
2025,3,11290580,돈암1동,228
2025,3,11290590,돈암2동,552
2025,3,11290575,동선동,2040
2025,3,11140665,동화동,1303
2025,3,11740700,둔촌2동,2489
2025,3,11500520,등촌1동,6016
2025,3,11500530,등촌2동,2781
2025,3,11500535,등촌3동,12234
2025,3,11200540,마장동,6924
2025,3,11710540,마천1동,586
2025,3,11710550,마천2동,1312
2025,3,11260660,망우3동,223
2025,3,11260655,망우본동,1426
2025,3,11440690,망원1동,3418
2025,3,11440700,망원2동,3947
2025,3,11260520,면목2동,737
2025,3,11260575,면목3?8동,1762
2025,3,11260540,면목4동,768
2025,3,11260550,면목5동,962
2025,3,11260570,면목7동,509
2025,3,11260565,면목본동,811
2025,3,11140550,명동,120704
2025,3,11740530,명일1동,3986
2025,3,11740540,명일2동,2834
2025,3,11470510,목1동,16732
2025,3,11470520,목2동,3311
2025,3,11470530,목3동,1687
2025,3,11470540,목4동,2148
2025,3,11470550,목5동,15114
2025,3,11110570,무악동,485
2025,3,11260620,묵1동,1165
2025,3,11260630,묵2동,1255
2025,3,11560605,문래동,65200
2025,3,11710641,문정1동,23872
2025,3,11710642,문정2동,78185
2025,3,11620765,미성동,2895
2025,3,11305535,미아동,602
2025,3,11650560,반포1동,8508
2025,3,11650570,반포2동,4018
2025,3,11650580,반포3동,3009
2025,3,11650581,반포4동,49942
2025,3,11650550,반포본동,5670
2025,3,11500611,발산1동,6493
2025,3,11650600,방배1동,17162
2025,3,11650610,방배2동,15603
2025,3,11650620,방배3동,13530
2025,3,11650621,방배4동,16097
2025,3,11650590,방배본동,20669
2025,3,11710561,방이1동,5978
2025,3,11710562,방이2동,40697
2025,3,11320690,방학1동,3898
2025,3,11320700,방학2동,424
2025,3,11320710,방학3동,1090
2025,3,11500630,방화1동,4242
2025,3,11500640,방화2동,1301
2025,3,11500641,방화3동,2019
2025,3,11305595,번1동,1944
2025,3,11305603,번2동,364
2025,3,11305608,번3동,262
2025,3,11170700,보광동,254
2025,3,11620525,보라매동,1644
2025,3,11290610,보문동,4757
2025,3,11110550,부암동,1509
2025,3,11410710,북가좌1동,537
2025,3,11410720,북가좌2동,1071
2025,3,11410555,북아현동,918
2025,3,11380520,불광1동,1769
2025,3,11380530,불광2동,2497
2025,3,11200550,사근동,438
2025,3,11590620,사당1동,3853
2025,3,11590630,사당2동,1640
2025,3,11590640,사당3동,1114
2025,3,11590650,사당4동,892
2025,3,11590651,사당5동,1558
2025,3,11110530,사직동,45215
2025,3,11305575,삼각산동,374
2025,3,11290555,삼선동,4986
2025,3,11680580,삼성1동,189339
2025,3,11680590,삼성2동,70662
2025,3,11620745,삼성동,880
2025,3,11305534,삼양동,115
2025,3,11710610,삼전동,4352
2025,3,11110540,삼청동,4210
2025,3,11350720,상계10동,413
2025,3,11350630,상계1동,3606
2025,3,11350640,상계2동,1731
2025,3,11350665,상계3?4동,500
2025,3,11350670,상계5동,1381
2025,3,11350695,상계6?7동,4965
2025,3,11350700,상계8동,561
2025,3,11350710,상계9동,1074
2025,3,11590530,상도1동,3543
2025,3,11590540,상도2동,1012
2025,3,11590550,상도3동,994
2025,3,11590560,상도4동,940
2025,3,11260580,상봉1동,1611
2025,3,11260590,상봉2동,4607
2025,3,11440740,상암동,16189
2025,3,11740520,상일동,1291
2025,3,11440655,서강동,3223
2025,3,11440660,서교동,25701
2025,3,11620665,서림동,1424
2025,3,11170690,서빙고동,10106
2025,3,11620645,서원동,2303
2025,3,11650510,서초1동,47656
2025,3,11650520,서초2동,66239
2025,3,11650530,서초3동,51852
2025,3,11650531,서초4동,40288
2025,3,11290810,석관동,1564
2025,3,11710600,석촌동,9531
2025,3,11740640,성내1동,13187
2025,3,11740650,성내2동,1852
2025,3,11740660,성내3동,3676
2025,3,11290525,성북동,20512
2025,3,11440720,성산1동,5565
2025,3,11440730,성산2동,1511
2025,3,11200650,성수1가1동,3325
2025,3,11200660,성수1가2동,8657
2025,3,11200670,성수2가1동,7660
2025,3,11200690,성수2가3동,31123
2025,3,11620565,성현동,1347
2025,3,11680700,세곡동,379
2025,3,11140520,소공동,92258
2025,3,11200720,송정동,748
2025,3,11305545,송중동,998
2025,3,11305555,송천동,388
2025,3,11710580,송파1동,10911
2025,3,11710590,송파2동,4268
2025,3,11530790,수궁동,1732
2025,3,11380650,수색동,176
2025,3,11680750,수서동,19403
2025,3,11305615,수유1동,944
2025,3,11305625,수유2동,1314
2025,3,11305635,수유3동,2732
2025,3,11110700,숭인1동,211
2025,3,11110710,숭인2동,1325
2025,3,11545670,시흥1동,4641
2025,3,11545680,시흥2동,1037
2025,3,11545690,시흥3동,1939
2025,3,11545700,시흥4동,1105
2025,3,11545710,시흥5동,961
2025,3,11560630,신길1동,1933
2025,3,11560650,신길3동,382
2025,3,11560660,신길4동,703
2025,3,11560670,신길5동,626
2025,3,11560680,신길6동,2010
2025,3,11560690,신길7동,2276
2025,3,11260680,신내1동,2688
2025,3,11260690,신내2동,1355
2025,3,11140650,신당5동,622
2025,3,11140615,신당동,4203
2025,3,11590670,신대방1동,3411
2025,3,11590680,신대방2동,11362
2025,3,11530510,신도림동,9248
2025,3,11620695,신림동,1310
2025,3,11380631,신사1동,1400
2025,3,11380632,신사2동,863
2025,3,11680510,신사동,27674
2025,3,11620685,신사동,3137
2025,3,11440630,신수동,3516
2025,3,11620655,신원동,398
2025,3,11470560,신월1동,2220
2025,3,11470570,신월2동,1994
2025,3,11470580,신월3동,1178
2025,3,11470590,신월4동,1153
2025,3,11470600,신월5동,1313
2025,3,11470610,신월6동,597
2025,3,11470611,신월7동,2610
2025,3,11470620,신정1동,12831
2025,3,11470630,신정2동,14182
2025,3,11470640,신정3동,2055
2025,3,11470650,신정4동,6204
2025,3,11470680,신정7동,349
2025,3,11410585,신촌동,1629
2025,3,11320660,쌍문1동,872
2025,3,11320670,쌍문2동,851
2025,3,11320680,쌍문3동,1058
2025,3,11320681,쌍문4동,265
2025,3,11440555,아현동,5852
2025,3,11290600,안암동,1916
2025,3,11740570,암사1동,3050
2025,3,11740580,암사2동,1552
2025,3,11680545,압구정동,50479
2025,3,11140635,약수동,13696
2025,3,11650651,양재1동,24087
2025,3,11650652,양재2동,33724
2025,3,11560610,양평1동,9722
2025,3,11560620,양평2동,14874
2025,3,11560540,여의동,250897
2025,3,11680640,역삼1동,202016
2025,3,11680650,역삼2동,55876
2025,3,11380625,역촌동,3452
2025,3,11440710,연남동,3795
2025,3,11410615,연희동,9207
2025,3,11440610,염리동,2245
2025,3,11500510,염창동,2625
2025,3,11560535,영등포동,14034
2025,3,11560515,영등포본동,3360
2025,3,11710570,오금동,21434
2025,3,11530770,오류1동,3372
2025,3,11530780,오류2동,1024
2025,3,11710566,오륜동,15658
2025,3,11200645,옥수동,3197
2025,3,11200520,왕십리2동,1287
2025,3,11200535,왕십리도선동,3005
2025,3,11440590,용강동,15056
2025,3,11200790,용답동,2556
2025,3,11170590,용문동,3079
2025,3,11170520,용산2가동,479
2025,3,11230536,용신동,18615
2025,3,11305645,우이동,1810
2025,3,11500615,우장산동,3048
2025,3,11170560,원효로1동,2961
2025,3,11170570,원효로2동,3004
2025,3,11350560,월계1동,1264
2025,3,11350570,월계2동,29
2025,3,11350580,월계3동,100
2025,3,11290715,월곡1동,1348
2025,3,11290725,월곡2동,4503
2025,3,11620605,은천동,1371
2025,3,11140605,을지로동,17430
2025,3,11200580,응봉동,542
2025,3,11380580,응암1동,2298
2025,3,11380590,응암2동,481
2025,3,11380600,응암3동,1446
2025,3,11230740,이문1동,1106
2025,3,11230750,이문2동,256
2025,3,11170630,이촌1동,5907
2025,3,11170640,이촌2동,2035
2025,3,11170650,이태원1동,18302
2025,3,11170660,이태원2동,875
2025,3,11110640,이화동,1632
2025,3,11305660,인수동,2893
2025,3,11620625,인헌동,1623
2025,3,11680730,일원1동,1822
2025,3,11215820,자양1동,11952
2025,3,11215830,자양2동,2506
2025,3,11215840,자양3동,1753
2025,3,11215847,자양4동,513
2025,3,11710670,잠실2동,4063
2025,3,11710680,잠실3동,38665
2025,3,11710690,잠실4동,4438
2025,3,11710710,잠실6동,83532
2025,3,11710650,잠실본동,12201
2025,3,11650540,잠원동,14890
2025,3,11230650,장안1동,10019
2025,3,11230660,장안2동,5320
2025,3,11290760,장위1동,394
2025,3,11290770,장위2동,608
2025,3,11290780,장위3동,275
2025,3,11710646,장지동,3961
2025,3,11140580,장충동,4450
2025,3,11230560,전농1동,308
2025,3,11230570,전농2동,713
2025,3,11290620,정릉1동,489
2025,3,11290630,정릉2동,1084
2025,3,11290640,정릉3동,281
2025,3,11290650,정릉4동,1020
2025,3,11230545,제기동,3687
2025,3,11620725,조원동,2688
2025,3,11110615,종로1?2?3?4가동,109733
2025,3,11110630,종로5?6가동,18962
2025,3,11290705,종암동,17974
2025,3,11350621,중계1동,1184
2025,3,11350625,중계2?3동,1194
2025,3,11350624,중계4동,1196
2025,3,11350619,중계본동,821
2025,3,11215740,중곡1동,3866
2025,3,11215750,중곡2동,2251
2025,3,11215760,중곡3동,515
2025,3,11215770,중곡4동,2743
2025,3,11140680,중림동,3863
2025,3,11620615,중앙동,1301
2025,3,11260600,중화1동,1094
2025,3,11260610,중화2동,361
2025,3,11380640,증산동,1939
2025,3,11380690,진관동,1216
2025,3,11320511,창1동,785
2025,3,11320512,창2동,1070
2025,3,11320513,창3동,491
2025,3,11320514,창4동,1820
2025,3,11320515,창5동,4983
2025,3,11110670,창신1동,1733
2025,3,11110680,창신2동,28
2025,3,11110690,창신3동,77
2025,3,11410520,천연동,1130
2025,3,11740600,천호1동,1673
2025,3,11740610,천호2동,2893
2025,3,11740620,천호3동,1173
2025,3,11140645,청구동,2178
2025,3,11680565,청담동,58171
2025,3,11230705,청량리동,2337
2025,3,11620595,청룡동,5147
2025,3,11620545,청림동,512
2025,3,11110515,청운효자동,5324
2025,3,11170555,청파동,3226
2025,3,11410565,충현동,11142
2025,3,11110560,평창동,14903
2025,3,11710510,풍납1동,651
2025,3,11710520,풍납2동,475
2025,3,11140570,필동,16151
2025,3,11350611,하계1동,994
2025,3,11170625,한강로동,58448
2025,3,11170685,한남동,45554
2025,3,11440680,합정동,4480
2025,3,11200560,행당1동,1709
2025,3,11200570,행당2동,3
2025,3,11620575,행운동,2409
2025,3,11110650,혜화동,4377
2025,3,11410660,홍은1동,3106
2025,3,11410685,홍은2동,1790
2025,3,11410620,홍제1동,1814
2025,3,11410655,홍제2동,334
2025,3,11410640,홍제3동,821
2025,3,11500540,화곡1동,3939
2025,3,11500550,화곡2동,1788
2025,3,11500560,화곡3동,2985
2025,3,11500570,화곡4동,2098
2025,3,11500591,화곡6동,6872
2025,3,11500593,화곡8동,1853
2025,3,11500590,화곡본동,2037
2025,3,11215710,화양동,872
2025,3,11140670,황학동,796
2025,3,11230710,회기동,51
2025,3,11140540,회현동,69985
2025,3,11170580,효창동,1419
2025,3,11170510,후암동,1885
2025,3,11230720,휘경1동,732
2025,3,11230730,휘경2동,1097
2025,3,11590605,흑석동,91
