년도,분기,행정동_코드,행정동_코드_명,월평균소득금액,지출총금액
2020,1,11110515,청운효자동,3780222,1907902000
2020,1,11110530,사직동,5007768,38784512000
2020,1,11110540,삼청동,3442534,1684064000
2020,1,11110550,부암동,3647449,1002078000
2020,1,11110560,평창동,4504006,2273110000
2020,1,11110570,무악동,5136717,1629290000
2020,1,11110580,교남동,4616890,1300242000
2020,1,11110600,가회동,3479766,1260731000
2020,1,11110615,종로1?2?3?4가동,3245251,69538107000
2020,1,11110630,종로5?6가동,2531450,6263897000
2020,1,11110640,이화동,3024996,9489352000
2020,1,11110650,혜화동,3333112,6751194000
2020,1,11110670,창신1동,2393308,1732112000
2020,1,11110680,창신2동,2112817,634198000
2020,1,11110690,창신3동,3006052,296606000
2020,1,11110700,숭인1동,2868519,581000000
2020,1,11110710,숭인2동,2607311,1561118000
2020,1,11140520,소공동,5380521,1210529228000
2020,1,11140540,회현동,4442451,658887828000
2020,1,11140550,명동,3733600,47775806000
2020,1,11140570,필동,3033044,3447485000
2020,1,11140580,장충동,2895026,1356648000
2020,1,11140590,광희동,3229604,9370967000
2020,1,11140605,을지로동,3082514,21134198000
2020,1,11140615,신당동,2816850,3752934000
2020,1,11140625,다산동,2679845,2796073000
2020,1,11140635,약수동,3894878,2487219000
2020,1,11140645,청구동,3566241,1460297000
2020,1,11140650,신당5동,3027979,1564668000
2020,1,11140665,동화동,3621349,1516814000
2020,1,11140670,황학동,3247840,2626087000
2020,1,11140680,중림동,4435938,2056023000
2020,1,11170510,후암동,3013677,1732947000
2020,1,11170520,용산2가동,2540319,106812342000
2020,1,11170530,남영동,3183091,49379387000
2020,1,11170555,청파동,2608804,2393721000
2020,1,11170560,원효로1동,4450695,2357769000
2020,1,11170570,원효로2동,3817026,797950000
2020,1,11170580,효창동,3523201,937402000
2020,1,11170590,용문동,3568910,1287223000
2020,1,11170625,한강로동,4948344,26764394000
2020,1,11170630,이촌1동,5974291,2525734000
2020,1,11170640,이촌2동,3596083,540815000
2020,1,11170650,이태원1동,3682946,7912835000
2020,1,11170660,이태원2동,3261019,1532461000
2020,1,11170685,한남동,4381088,9492748000
2020,1,11170690,서빙고동,4208562,955666000
2020,1,11170700,보광동,2545653,962699000
2020,1,11200520,왕십리2동,3474994,1614735000
2020,1,11200535,왕십리도선동,4015131,6769599000
2020,1,11200540,마장동,3021967,4668958000
2020,1,11200550,사근동,3099614,4789303000
2020,1,11200560,행당1동,3900841,5469033000
2020,1,11200570,행당2동,4408744,1360899000
2020,1,11200580,응봉동,3858472,407874000
2020,1,11200590,금호1가동,4010011,1025764000
2020,1,11200615,금호2?3가동,3751434,2033999000
2020,1,11200620,금호4가동,4442144,2635847000
2020,1,11200645,옥수동,4836487,2791848000
2020,1,11200650,성수1가1동,3870717,2228884000
2020,1,11200660,성수1가2동,3263294,5522595000
2020,1,11200670,성수2가1동,2900762,4637140000
2020,1,11200690,성수2가3동,3358391,9958758000
2020,1,11200720,송정동,2566462,707358000
2020,1,11200790,용답동,2484354,9364452000
2020,1,11215710,화양동,2470026,14826214000
2020,1,11215730,군자동,2604535,3979598000
2020,1,11215740,중곡1동,2542359,3761761000
2020,1,11215750,중곡2동,2555101,3128743000
2020,1,11215760,중곡3동,2390961,2310412000
2020,1,11215770,중곡4동,2523958,2918126000
2020,1,11215780,능동,2846023,4266864000
2020,1,11215810,광장동,5284540,3478064000
2020,1,11215820,자양1동,2745988,4222584000
2020,1,11215830,자양2동,2999213,2706127000
2020,1,11215840,자양3동,4353416,3641520000
2020,1,11215847,자양4동,2795134,6289200000
2020,1,11215850,구의1동,2683701,3600502000
2020,1,11215860,구의2동,2948328,3495485000
2020,1,11215870,구의3동,4010979,9855878000
2020,1,11230536,용신동,2894254,11950852000
2020,1,11230545,제기동,2792227,6187347000
2020,1,11230560,전농1동,3070695,4393680000
2020,1,11230570,전농2동,3136080,1346792000
2020,1,11230600,답십리1동,3538405,3520841000
2020,1,11230610,답십리2동,3049260,4512602000
2020,1,11230650,장안1동,2863708,9368489000
2020,1,11230660,장안2동,2920490,9222025000
2020,1,11230705,청량리동,2860315,3072008000
2020,1,11230710,회기동,3217279,8334591000
2020,1,11230720,휘경1동,2722774,2942296000
2020,1,11230730,휘경2동,3071586,1705231000
2020,1,11230740,이문1동,3000929,2323520000
2020,1,11230750,이문2동,3137841,1278951000
2020,1,11260520,면목2동,2322173,2977401000
2020,1,11260540,면목4동,2573570,728519000
2020,1,11260550,면목5동,2233073,1504624000
2020,1,11260565,면목본동,2336892,3185578000
2020,1,11260570,면목7동,2655671,3140483000
2020,1,11260575,면목3?8동,2354962,3225144000
2020,1,11260580,상봉1동,2969913,3183862000
2020,1,11260590,상봉2동,2575432,9858163000
2020,1,11260600,중화1동,2518956,1284167000
2020,1,11260610,중화2동,2253552,3541645000
2020,1,11260620,묵1동,3120718,3404811000
2020,1,11260630,묵2동,2533867,2824431000
2020,1,11260655,망우본동,2443681,6090602000
2020,1,11260660,망우3동,2231082,1084563000
2020,1,11260680,신내1동,2780491,4464230000
2020,1,11260690,신내2동,3060535,3565970000
2020,1,11290525,성북동,3470748,2686420000
2020,1,11290555,삼선동,3057377,4780693000
2020,1,11290575,동선동,2821008,9248991000
2020,1,11290580,돈암1동,3583117,983490000
2020,1,11290590,돈암2동,4297592,768520000
2020,1,11290600,안암동,2896471,4225032000
2020,1,11290610,보문동,3162623,2410737000
2020,1,11290620,정릉1동,3341356,1337764000
2020,1,11290630,정릉2동,2934717,2550600000
2020,1,11290640,정릉3동,2482564,1284076000
2020,1,11290650,정릉4동,3038165,3003159000
2020,1,11290660,길음1동,4462339,4269970000
2020,1,11290685,길음2동,3736133,4597660000
2020,1,11290705,종암동,3381883,5002809000
2020,1,11290715,월곡1동,3294213,2468154000
2020,1,11290725,월곡2동,3138026,4629284000
2020,1,11290760,장위1동,2231978,1433775000
2020,1,11290770,장위2동,2411293,1729314000
2020,1,11290780,장위3동,3113825,971725000
2020,1,11290810,석관동,2864182,4942239000
2020,1,11305534,삼양동,2473211,2718628000
2020,1,11305535,미아동,2318870,4079220000
2020,1,11305545,송중동,2555447,8521112000
2020,1,11305555,송천동,2444557,4130742000
2020,1,11305575,삼각산동,3734477,2307013000
2020,1,11305595,번1동,2303972,5555529000
2020,1,11305603,번2동,2308539,605122000
2020,1,11305608,번3동,2548326,2025609000
2020,1,11305615,수유1동,2220463,3393609000
2020,1,11305625,수유2동,2577008,1532056000
2020,1,11305635,수유3동,2205999,9379869000
2020,1,11305645,우이동,2457144,2303162000
2020,1,11305660,인수동,2359990,2051310000
2020,1,11320511,창1동,3038009,2852565000
2020,1,11320512,창2동,2551630,2667659000
2020,1,11320513,창3동,2229423,934642000
2020,1,11320514,창4동,3547959,2758972000
2020,1,11320515,창5동,3298026,5850314000
2020,1,11320521,도봉1동,2275377,3452960000
2020,1,11320522,도봉2동,2811820,2070702000
2020,1,11320660,쌍문1동,2440535,1466797000
2020,1,11320670,쌍문2동,2430154,3711230000
2020,1,11320680,쌍문3동,2438072,2217806000
2020,1,11320681,쌍문4동,2968285,1485587000
2020,1,11320690,방학1동,2895702,7178665000
2020,1,11320700,방학2동,2099146,1689706000
2020,1,11320710,방학3동,2962092,1406892000
2020,1,11350560,월계1동,2777397,4398226000
2020,1,11350570,월계2동,2728093,1304104000
2020,1,11350580,월계3동,3110675,5925082000
2020,1,11350595,공릉1동,2786137,9534919000
2020,1,11350600,공릉2동,3394877,6387413000
2020,1,11350611,하계1동,3611061,5496633000
2020,1,11350612,하계2동,3625940,518918000
2020,1,11350619,중계본동,4197248,5238539000
2020,1,11350621,중계1동,4623227,4008064000
2020,1,11350624,중계4동,3196660,3351975000
2020,1,11350625,중계2?3동,2936682,8323628000
2020,1,11350630,상계1동,3030316,6712699000
2020,1,11350640,상계2동,3122902,17930842000
2020,1,11350665,상계3?4동,2644186,1319537000
2020,1,11350670,상계5동,2481440,1972657000
2020,1,11350695,상계6?7동,3152836,10452183000
2020,1,11350700,상계8동,3153561,1133078000
2020,1,11350710,상계9동,2955988,1169371000
2020,1,11350720,상계10동,3132098,712091000
2020,1,11380510,녹번동,3055864,3326229000
2020,1,11380520,불광1동,3182963,5309331000
2020,1,11380530,불광2동,2396457,3571210000
2020,1,11380551,갈현1동,2481200,5148663000
2020,1,11380552,갈현2동,2539257,5497387000
2020,1,11380560,구산동,2602334,2136291000
2020,1,11380570,대조동,2535013,6317442000
2020,1,11380580,응암1동,2726133,4349098000
2020,1,11380590,응암2동,3510245,1577414000
2020,1,11380600,응암3동,2360910,5265331000
2020,1,11380625,역촌동,2521877,5728906000
2020,1,11380631,신사1동,2637581,3748504000
2020,1,11380632,신사2동,2635300,1112351000
2020,1,11380640,증산동,2838450,2371134000
2020,1,11380650,수색동,3253972,927102000
2020,1,11380690,진관동,4070863,8382876000
2020,1,11410520,천연동,4197718,2113160000
2020,1,11410555,북아현동,4172659,2001557000
2020,1,11410565,충현동,3210231,2864095000
2020,1,11410585,신촌동,3331768,18819554000
2020,1,11410615,연희동,3383749,58018837000
2020,1,11410620,홍제1동,3459117,2550118000
2020,1,11410640,홍제3동,2807766,2967909000
2020,1,11410655,홍제2동,3664523,1442733000
2020,1,11410660,홍은1동,3093859,960793000
2020,1,11410685,홍은2동,2874442,2479277000
2020,1,11410690,남가좌1동,4622839,2680011000
2020,1,11410700,남가좌2동,3237719,3247342000
2020,1,11410710,북가좌1동,4005416,1580595000
2020,1,11410720,북가좌2동,2590646,2956584000
2020,1,11440555,아현동,5237419,346876238000
2020,1,11440565,공덕동,4047702,7167814000
2020,1,11440585,도화동,4217433,5836589000
2020,1,11440590,용강동,4787212,5749687000
2020,1,11440600,대흥동,3421062,3946316000
2020,1,11440610,염리동,4051438,16525250000
2020,1,11440630,신수동,4157605,2299332000
2020,1,11440655,서강동,4339738,4708914000
2020,1,11440660,서교동,3212258,44199701000
2020,1,11440680,합정동,3195027,7163092000
2020,1,11440690,망원1동,2802536,4660592000
2020,1,11440700,망원2동,2912810,2831968000
2020,1,11440710,연남동,2980162,5977257000
2020,1,11440720,성산1동,2814646,2897523000
2020,1,11440730,성산2동,3521472,7537798000
2020,1,11440740,상암동,4158486,14644284000
2020,1,11470510,목1동,5667672,218025600000
2020,1,11470520,목2동,3244963,5111755000
2020,1,11470530,목3동,3101712,5111823000
2020,1,11470540,목4동,3426858,4459225000
2020,1,11470550,목5동,5987821,9500235000
2020,1,11470560,신월1동,2227154,2464818000
2020,1,11470570,신월2동,2727225,2113441000
2020,1,11470580,신월3동,2152244,1973258000
2020,1,11470590,신월4동,2639083,1882895000
2020,1,11470600,신월5동,2615553,2425031000
2020,1,11470610,신월6동,2857257,1048556000
2020,1,11470611,신월7동,2343943,1922121000
2020,1,11470620,신정1동,5046256,3267998000
2020,1,11470630,신정2동,4725315,2929590000
2020,1,11470640,신정3동,3158844,3570895000
2020,1,11470650,신정4동,2609700,7872113000
2020,1,11470670,신정6동,5384412,2173895000
2020,1,11470680,신정7동,4094404,3184650000
2020,1,11500510,염창동,4127504,5141424000
2020,1,11500520,등촌1동,3322838,6318096000
2020,1,11500530,등촌2동,3352636,2314212000
2020,1,11500535,등촌3동,3403390,7788177000
2020,1,11500540,화곡1동,2485455,9169247000
2020,1,11500550,화곡2동,2385531,1668289000
2020,1,11500560,화곡3동,3132782,3991163000
2020,1,11500570,화곡4동,2423768,3645922000
2020,1,11500590,화곡본동,2398795,5243634000
2020,1,11500591,화곡6동,3040513,6379632000
2020,1,11500593,화곡8동,2473381,3592575000
2020,1,11500603,가양1동,3560388,50065267000
2020,1,11500604,가양2동,3065320,2899900000
2020,1,11500605,가양3동,3047051,499341000
2020,1,11500611,발산1동,3192517,13442127000
2020,1,11500615,우장산동,4135674,5910482000
2020,1,11500620,공항동,2896818,9767284000
2020,1,11500630,방화1동,3407916,5701647000
2020,1,11500640,방화2동,2708397,6459526000
2020,1,11500641,방화3동,3044446,1586249000
2020,1,11530510,신도림동,4380318,8765633000
2020,1,11530520,구로1동,3368067,2059414000
2020,1,11530530,구로2동,2453690,10045479000
2020,1,11530540,구로3동,2888444,805881338000
2020,1,11530550,구로4동,2617060,3740272000
2020,1,11530560,구로5동,3213284,8984428000
2020,1,11530595,가리봉동,2336331,1122039000
2020,1,11530720,고척1동,2972418,5196750000
2020,1,11530730,고척2동,2882639,2374627000
2020,1,11530740,개봉1동,2805757,3794178000
2020,1,11530750,개봉2동,3068971,2823472000
2020,1,11530760,개봉3동,2512790,2411410000
2020,1,11530770,오류1동,2574851,2848171000
2020,1,11530780,오류2동,2781178,3808965000
2020,1,11530790,수궁동,2682295,2133015000
2020,1,11530800,항동,3007261,474767000
2020,1,11545510,가산동,2567594,72736652000
2020,1,11545610,독산1동,3000453,9692360000
2020,1,11545620,독산2동,2251577,2179981000
2020,1,11545630,독산3동,2386851,3492317000
2020,1,11545640,독산4동,2255044,1983733000
2020,1,11545670,시흥1동,2757307,8224735000
2020,1,11545680,시흥2동,3181421,569141000
2020,1,11545690,시흥3동,2516251,1045619000
2020,1,11545700,시흥4동,2405620,984447000
2020,1,11545710,시흥5동,2375052,1413741000
2020,1,11560515,영등포본동,3286751,2655209000
2020,1,11560535,영등포동,3570107,23738910000
2020,1,11560540,여의동,5590853,160605224000
2020,1,11560550,당산1동,3536432,4244440000
2020,1,11560560,당산2동,4130932,8849660000
2020,1,11560585,도림동,3031484,2260503000
2020,1,11560605,문래동,4019445,8249223000
2020,1,11560610,양평1동,3508250,3954222000
2020,1,11560620,양평2동,3672088,5115602000
2020,1,11560630,신길1동,2780044,3034979000
2020,1,11560650,신길3동,3085442,2818049000
2020,1,11560660,신길4동,2717791,547133000
2020,1,11560670,신길5동,2656511,1053990000
2020,1,11560680,신길6동,2954616,3770847000
2020,1,11560690,신길7동,3616070,1972878000
2020,1,11560700,대림1동,2582442,2722811000
2020,1,11560710,대림2동,2686240,2258856000
2020,1,11560720,대림3동,2907933,5472959000
2020,1,11590510,노량진1동,3583099,7378950000
2020,1,11590520,노량진2동,2420761,3889104000
2020,1,11590530,상도1동,3875896,5542651000
2020,1,11590540,상도2동,3826699,3715838000
2020,1,11590550,상도3동,2575897,2745647000
2020,1,11590560,상도4동,2563258,1747763000
2020,1,11590605,흑석동,4224946,7310994000
2020,1,11590620,사당1동,2855173,6571674000
2020,1,11590630,사당2동,3884988,6832523000
2020,1,11590640,사당3동,3890035,2562979000
2020,1,11590650,사당4동,2844168,2005846000
2020,1,11590651,사당5동,3047661,561037000
2020,1,11590660,대방동,3524765,5340056000
2020,1,11590670,신대방1동,3845094,2515434000
2020,1,11590680,신대방2동,3340157,84733970000
2020,1,11620525,보라매동,2529995,12412383000
2020,1,11620545,청림동,3682775,1336583000
2020,1,11620565,성현동,3455108,1294623000
2020,1,11620575,행운동,2889475,5391205000
2020,1,11620585,낙성대동,3225725,6767860000
2020,1,11620595,청룡동,2768161,7537395000
2020,1,11620605,은천동,3063077,5153343000
2020,1,11620615,중앙동,2633493,5031878000
2020,1,11620625,인헌동,2783693,3265364000
2020,1,11620630,남현동,3234026,4520107000
2020,1,11620645,서원동,2412001,9460562000
2020,1,11620655,신원동,2403237,1615446000
2020,1,11620665,서림동,2530625,2132400000
2020,1,11620685,신사동,2430662,2922208000
2020,1,11620695,신림동,2434279,8185203000
2020,1,11620715,난향동,3262195,658671000
2020,1,11620725,조원동,2523192,4206957000
2020,1,11620735,대학동,2622408,6642213000
2020,1,11620745,삼성동,2593695,1591879000
2020,1,11620765,미성동,2676537,3395418000
2020,1,11620775,난곡동,2268676,2365451000
2020,1,11650510,서초1동,4769119,8178159000
2020,1,11650520,서초2동,5196131,161436469000
2020,1,11650530,서초3동,4678950,16479240000
2020,1,11650531,서초4동,6475383,33710923000
2020,1,11650540,잠원동,5458458,7615889000
2020,1,11650550,반포본동,5583021,1494580000
2020,1,11650560,반포1동,5338302,8544301000
2020,1,11650570,반포2동,6812331,1189220000
2020,1,11650580,반포3동,6140775,3667158000
2020,1,11650581,반포4동,5280483,20900618000
2020,1,11650590,방배본동,4856162,12293879000
2020,1,11650600,방배1동,4069239,5660759000
2020,1,11650610,방배2동,3864301,97215640000
2020,1,11650620,방배3동,4681587,3716533000
2020,1,11650621,방배4동,4557937,4669538000
2020,1,11650651,양재1동,4173236,9007293000
2020,1,11650652,양재2동,3222382,7028760000
2020,1,11650660,내곡동,4047063,1999641000
2020,1,11680510,신사동,5099915,32803237000
2020,1,11680521,논현1동,3277066,38160230000
2020,1,11680531,논현2동,3973993,21383078000
2020,1,11680545,압구정동,5808537,40708501000
2020,1,11680565,청담동,5010204,28357676000
2020,1,11680580,삼성1동,5098096,155614249000
2020,1,11680590,삼성2동,5055114,11061756000
2020,1,11680600,대치1동,7421305,9030569000
2020,1,11680610,대치2동,6017362,33673862000
2020,1,11680630,대치4동,4101144,44250807000
2020,1,11680640,역삼1동,3607265,917407112000
2020,1,11680650,역삼2동,5367397,528369463000
2020,1,11680655,도곡1동,5412484,20042405000
2020,1,11680656,도곡2동,6567504,33442615000
2020,1,11680660,개포1동,5336373,182527000
2020,1,11680670,개포2동,5195802,1834202000
2020,1,11680690,개포4동,3550527,3036353000
2020,1,11680700,세곡동,3885403,4712679000
2020,1,11680720,일원본동,5444886,2573780000
2020,1,11680730,일원1동,3022931,1795204000
2020,1,11680740,일원2동,4553185,1477790000
2020,1,11680750,수서동,3847379,45944215000
2020,1,11710510,풍납1동,3011150,1018664000
2020,1,11710520,풍납2동,3891704,4362579000
2020,1,11710531,거여1동,2789100,1701619000
2020,1,11710532,거여2동,3033238,2393965000
2020,1,11710540,마천1동,2435636,1436292000
2020,1,11710550,마천2동,2339431,3268006000
2020,1,11710561,방이1동,3970520,4564240000
2020,1,11710562,방이2동,2928271,13771668000
2020,1,11710566,오륜동,6095160,1991030000
2020,1,11710570,오금동,3510674,5204476000
2020,1,11710580,송파1동,3129216,6709053000
2020,1,11710590,송파2동,4370970,2802363000
2020,1,11710600,석촌동,2927911,8607043000
2020,1,11710610,삼전동,2779980,6350909000
2020,1,11710620,가락본동,3521561,7269782000
2020,1,11710631,가락1동,4973588,3834946000
2020,1,11710632,가락2동,3910198,5105017000
2020,1,11710641,문정1동,3568357,2973062000
2020,1,11710642,문정2동,4425648,21615192000
2020,1,11710646,장지동,3263464,3538485000
2020,1,11710647,위례동,4202887,3529272000
2020,1,11710650,잠실본동,3079387,15740717000
2020,1,11710670,잠실2동,6352641,2404328000
2020,1,11710680,잠실3동,5452682,5867665000
2020,1,11710690,잠실4동,6007987,1233617000
2020,1,11710710,잠실6동,5237775,18382923000
2020,1,11710720,잠실7동,6014516,303993000
2020,1,11740515,강일동,3073250,2932371000
2020,1,11740520,상일동,3690212,2198405000
2020,1,11740530,명일1동,3540203,5272778000
2020,1,11740540,명일2동,4514278,3966441000
2020,1,11740550,고덕1동,4618641,1883694000
2020,1,11740560,고덕2동,2465499,1539300000
2020,1,11740570,암사1동,2852157,5323582000
2020,1,11740580,암사2동,3688535,2254334000
2020,1,11740590,암사3동,4470889,1266286000
2020,1,11740600,천호1동,2473111,2235646000
2020,1,11740610,천호2동,2749741,95728324000
2020,1,11740620,천호3동,3165328,4204042000
2020,1,11740640,성내1동,3438376,4616615000
2020,1,11740650,성내2동,2824592,5944962000
2020,1,11740660,성내3동,2897346,5670773000
2020,1,11740685,길동,2840603,10301075000
2020,1,11740690,둔촌1동,3596734,23576000
2020,1,11740700,둔촌2동,3414406,3085277000
2020,2,11110515,청운효자동,3780222,2124000000
2020,2,11110530,사직동,5007768,39718859000
2020,2,11110540,삼청동,3442534,1909677000
2020,2,11110550,부암동,3647449,1186278000
2020,2,11110560,평창동,4504006,2468907000
2020,2,11110570,무악동,5136717,1783648000
2020,2,11110580,교남동,4616890,1362599000
2020,2,11110600,가회동,3479766,1474610000
2020,2,11110615,종로1?2?3?4가동,3245251,181176283000
2020,2,11110630,종로5?6가동,2531450,6878182000
2020,2,11110640,이화동,3024996,5922915000
2020,2,11110650,혜화동,3333112,6696416000
2020,2,11110670,창신1동,2393308,1897056000
2020,2,11110680,창신2동,2112817,741720000
2020,2,11110690,창신3동,3006052,291649000
2020,2,11110700,숭인1동,2868519,602053000
2020,2,11110710,숭인2동,2607311,1593125000
2020,2,11140520,소공동,5380521,1271927459000
2020,2,11140540,회현동,4442451,594754020000
2020,2,11140550,명동,3733600,39997190000
2020,2,11140570,필동,3033044,3649576000
2020,2,11140580,장충동,2895026,1518788000
2020,2,11140590,광희동,3229604,9962124000
2020,2,11140605,을지로동,3082514,17264067000
2020,2,11140615,신당동,2816850,4078985000
2020,2,11140625,다산동,2679845,2988645000
2020,2,11140635,약수동,3894878,2567530000
2020,2,11140645,청구동,3566241,1493280000
2020,2,11140650,신당5동,3027979,1631742000
2020,2,11140665,동화동,3621349,1766060000
2020,2,11140670,황학동,3247840,2949040000
2020,2,11140680,중림동,4435938,2056629000
2020,2,11170510,후암동,3013677,1937249000
2020,2,11170520,용산2가동,2540319,112396828000
2020,2,11170530,남영동,3183091,47211080000
2020,2,11170555,청파동,2608804,2673058000
2020,2,11170560,원효로1동,4450695,2645939000
2020,2,11170570,원효로2동,3817026,914947000
2020,2,11170580,효창동,3523201,1003930000
2020,2,11170590,용문동,3568910,1374190000
2020,2,11170625,한강로동,4948344,30526125000
2020,2,11170630,이촌1동,5974291,2764251000
2020,2,11170640,이촌2동,3596083,1384989000
2020,2,11170650,이태원1동,3682946,4488541000
2020,2,11170660,이태원2동,3261019,1501437000
2020,2,11170685,한남동,4381088,9924163000
2020,2,11170690,서빙고동,4208562,965405000
2020,2,11170700,보광동,2545653,1027605000
2020,2,11200520,왕십리2동,3474994,1775627000
2020,2,11200535,왕십리도선동,4015131,7118308000
2020,2,11200540,마장동,3021967,4577621000
2020,2,11200550,사근동,3099614,5111966000
2020,2,11200560,행당1동,3900841,5437920000
2020,2,11200570,행당2동,4408744,1424770000
2020,2,11200580,응봉동,3858472,456467000
2020,2,11200590,금호1가동,4010011,1053023000
2020,2,11200615,금호2?3가동,3751434,2069052000
2020,2,11200620,금호4가동,4442144,2707237000
2020,2,11200645,옥수동,4836487,2911081000
2020,2,11200650,성수1가1동,3870717,2715332000
2020,2,11200660,성수1가2동,3263294,6457354000
2020,2,11200670,성수2가1동,2900762,5281493000
2020,2,11200690,성수2가3동,3358391,11428359000
2020,2,11200720,송정동,2566462,730520000
2020,2,11200790,용답동,2484354,8367340000
2020,2,11215710,화양동,2470026,14999278000
2020,2,11215730,군자동,2604535,4232060000
2020,2,11215740,중곡1동,2542359,4066320000
2020,2,11215750,중곡2동,2555101,3471257000
2020,2,11215760,중곡3동,2390961,2381853000
2020,2,11215770,중곡4동,2523958,3024904000
2020,2,11215780,능동,2846023,4660208000
2020,2,11215810,광장동,5284540,3647892000
2020,2,11215820,자양1동,2745988,4537716000
2020,2,11215830,자양2동,2999213,3175608000
2020,2,11215840,자양3동,4353416,3958027000
2020,2,11215847,자양4동,2795134,6840665000
2020,2,11215850,구의1동,2683701,3886415000
2020,2,11215860,구의2동,2948328,3715859000
2020,2,11215870,구의3동,4010979,10069445000
2020,2,11230536,용신동,2894254,12649873000
2020,2,11230545,제기동,2792227,6807935000
2020,2,11230560,전농1동,3070695,4573029000
2020,2,11230570,전농2동,3136080,1590744000
2020,2,11230600,답십리1동,3538405,3659218000
2020,2,11230610,답십리2동,3049260,4401232000
2020,2,11230650,장안1동,2863708,9697847000
2020,2,11230660,장안2동,2920490,10256540000
2020,2,11230705,청량리동,2860315,3256529000
2020,2,11230710,회기동,3217279,9504914000
2020,2,11230720,휘경1동,2722774,2962242000
2020,2,11230730,휘경2동,3071586,1777606000
2020,2,11230740,이문1동,3000929,2490712000
2020,2,11230750,이문2동,3137841,1339010000
2020,2,11260520,면목2동,2322173,3126822000
2020,2,11260540,면목4동,2573570,813072000
2020,2,11260550,면목5동,2233073,1559089000
2020,2,11260565,면목본동,2336892,3647301000
2020,2,11260570,면목7동,2655671,3433443000
2020,2,11260575,면목3?8동,2354962,3500797000
2020,2,11260580,상봉1동,2969913,3372314000
2020,2,11260590,상봉2동,2575432,10412167000
2020,2,11260600,중화1동,2518956,1339681000
2020,2,11260610,중화2동,2253552,3868013000
2020,2,11260620,묵1동,3120718,3791749000
2020,2,11260630,묵2동,2533867,2957254000
2020,2,11260655,망우본동,2443681,6854736000
2020,2,11260660,망우3동,2231082,1189442000
2020,2,11260680,신내1동,2780491,4797136000
2020,2,11260690,신내2동,3060535,3442413000
2020,2,11290525,성북동,3470748,3094367000
2020,2,11290555,삼선동,3057377,5184454000
2020,2,11290575,동선동,2821008,9592958000
2020,2,11290580,돈암1동,3583117,997025000
2020,2,11290590,돈암2동,4297592,754179000
2020,2,11290600,안암동,2896471,4554650000
2020,2,11290610,보문동,3162623,2629366000
2020,2,11290620,정릉1동,3341356,1443637000
2020,2,11290630,정릉2동,2934717,2809408000
2020,2,11290640,정릉3동,2482564,1246597000
2020,2,11290650,정릉4동,3038165,2996182000
2020,2,11290660,길음1동,4462339,4349372000
2020,2,11290685,길음2동,3736133,5363973000
2020,2,11290705,종암동,3381883,5116959000
2020,2,11290715,월곡1동,3294213,2826496000
2020,2,11290725,월곡2동,3138026,5061642000
2020,2,11290760,장위1동,2231978,1389620000
2020,2,11290770,장위2동,2411293,1911942000
2020,2,11290780,장위3동,3113825,1162068000
2020,2,11290810,석관동,2864182,5014767000
2020,2,11305534,삼양동,2473211,2828332000
2020,2,11305535,미아동,2318870,4316951000
2020,2,11305545,송중동,2555447,8756504000
2020,2,11305555,송천동,2444557,4391441000
2020,2,11305575,삼각산동,3734477,2429597000
2020,2,11305595,번1동,2303972,5927218000
2020,2,11305603,번2동,2308539,730423000
2020,2,11305608,번3동,2548326,2112821000
2020,2,11305615,수유1동,2220463,3592381000
2020,2,11305625,수유2동,2577008,1601876000
2020,2,11305635,수유3동,2205999,9325071000
2020,2,11305645,우이동,2457144,2836819000
2020,2,11305660,인수동,2359990,2090966000
2020,2,11320511,창1동,3038009,2965202000
2020,2,11320512,창2동,2551630,2661140000
2020,2,11320513,창3동,2229423,1052327000
2020,2,11320514,창4동,3547959,2835784000
2020,2,11320515,창5동,3298026,6101092000
2020,2,11320521,도봉1동,2275377,4062063000
2020,2,11320522,도봉2동,2811820,2224052000
2020,2,11320660,쌍문1동,2440535,1502716000
2020,2,11320670,쌍문2동,2430154,3847878000
2020,2,11320680,쌍문3동,2438072,2337608000
2020,2,11320681,쌍문4동,2968285,1472253000
2020,2,11320690,방학1동,2895702,7389840000
2020,2,11320700,방학2동,2099146,1735699000
2020,2,11320710,방학3동,2962092,1597659000
2020,2,11350560,월계1동,2777397,4681122000
2020,2,11350570,월계2동,2728093,1386416000
2020,2,11350580,월계3동,3110675,5935561000
2020,2,11350595,공릉1동,2786137,10482871000
2020,2,11350600,공릉2동,3394877,6866989000
2020,2,11350611,하계1동,3611061,6370776000
2020,2,11350612,하계2동,3625940,586829000
2020,2,11350619,중계본동,4197248,5345299000
2020,2,11350621,중계1동,4623227,4206113000
2020,2,11350624,중계4동,3196660,3559143000
2020,2,11350625,중계2?3동,2936682,9900048000
2020,2,11350630,상계1동,3030316,7228523000
2020,2,11350640,상계2동,3122902,20013029000
2020,2,11350665,상계3?4동,2644186,1376185000
2020,2,11350670,상계5동,2481440,2123249000
2020,2,11350695,상계6?7동,3152836,10605565000
2020,2,11350700,상계8동,3153561,1300880000
2020,2,11350710,상계9동,2955988,1255644000
2020,2,11350720,상계10동,3132098,753574000
2020,2,11380510,녹번동,3055864,3688000000
2020,2,11380520,불광1동,3182963,5853149000
2020,2,11380530,불광2동,2396457,3798233000
2020,2,11380551,갈현1동,2481200,5210887000
2020,2,11380552,갈현2동,2539257,5806801000
2020,2,11380560,구산동,2602334,2257897000
2020,2,11380570,대조동,2535013,6578666000
2020,2,11380580,응암1동,2726133,4890045000
2020,2,11380590,응암2동,3510245,1815343000
2020,2,11380600,응암3동,2360910,5865121000
2020,2,11380625,역촌동,2521877,6168277000
2020,2,11380631,신사1동,2637581,3935850000
2020,2,11380632,신사2동,2635300,1145930000
2020,2,11380640,증산동,2838450,2275712000
2020,2,11380650,수색동,3253972,868329000
2020,2,11380690,진관동,4070863,9973471000
2020,2,11410520,천연동,4197718,2092655000
2020,2,11410555,북아현동,4172659,2173575000
2020,2,11410565,충현동,3210231,2895394000
2020,2,11410585,신촌동,3331768,17581689000
2020,2,11410615,연희동,3383749,81524664000
2020,2,11410620,홍제1동,3459117,2724007000
2020,2,11410640,홍제3동,2807766,3060171000
2020,2,11410655,홍제2동,3664523,1436937000
2020,2,11410660,홍은1동,3093859,1100161000
2020,2,11410685,홍은2동,2874442,2570954000
2020,2,11410690,남가좌1동,4622839,2810543000
2020,2,11410700,남가좌2동,3237719,3565758000
2020,2,11410710,북가좌1동,4005416,1670625000
2020,2,11410720,북가좌2동,2590646,3291640000
2020,2,11440555,아현동,5237419,374246630000
2020,2,11440565,공덕동,4047702,6972804000
2020,2,11440585,도화동,4217433,6189932000
2020,2,11440590,용강동,4787212,5889875000
2020,2,11440600,대흥동,3421062,4084985000
2020,2,11440610,염리동,4051438,21747528000
2020,2,11440630,신수동,4157605,2555949000
2020,2,11440655,서강동,4339738,4705488000
2020,2,11440660,서교동,3212258,40172550000
2020,2,11440680,합정동,3195027,7684072000
2020,2,11440690,망원1동,2802536,5306704000
2020,2,11440700,망원2동,2912810,2913588000
2020,2,11440710,연남동,2980162,6416264000
2020,2,11440720,성산1동,2814646,3259213000
2020,2,11440730,성산2동,3521472,7495875000
2020,2,11440740,상암동,4158486,17473361000
2020,2,11470510,목1동,5667672,231066640000
2020,2,11470520,목2동,3244963,5358073000
2020,2,11470530,목3동,3101712,5634784000
2020,2,11470540,목4동,3426858,4690238000
2020,2,11470550,목5동,5987821,9888187000
2020,2,11470560,신월1동,2227154,2795855000
2020,2,11470570,신월2동,2727225,2081212000
2020,2,11470580,신월3동,2152244,2265594000
2020,2,11470590,신월4동,2639083,2048408000
2020,2,11470600,신월5동,2615553,2435043000
2020,2,11470610,신월6동,2857257,1441050000
2020,2,11470611,신월7동,2343943,1958815000
2020,2,11470620,신정1동,5046256,3647485000
2020,2,11470630,신정2동,4725315,3176145000
2020,2,11470640,신정3동,3158844,3615847000
2020,2,11470650,신정4동,2609700,8262529000
2020,2,11470670,신정6동,5384412,2257312000
2020,2,11470680,신정7동,4094404,3440412000
2020,2,11500510,염창동,4127504,6038290000
2020,2,11500520,등촌1동,3322838,7950213000
2020,2,11500530,등촌2동,3352636,2298234000
2020,2,11500535,등촌3동,3403390,8335582000
2020,2,11500540,화곡1동,2485455,9732171000
2020,2,11500550,화곡2동,2385531,1836510000
2020,2,11500560,화곡3동,3132782,4437796000
2020,2,11500570,화곡4동,2423768,3784451000
2020,2,11500590,화곡본동,2398795,5414631000
2020,2,11500591,화곡6동,3040513,6362696000
2020,2,11500593,화곡8동,2473381,3645495000
2020,2,11500603,가양1동,3560388,54962465000
2020,2,11500604,가양2동,3065320,2804212000
2020,2,11500605,가양3동,3047051,585894000
2020,2,11500611,발산1동,3192517,14469712000
2020,2,11500615,우장산동,4135674,6344851000
2020,2,11500620,공항동,2896818,9760400000
2020,2,11500630,방화1동,3407916,6019207000
2020,2,11500640,방화2동,2708397,6686223000
2020,2,11500641,방화3동,3044446,1583044000
2020,2,11530510,신도림동,4380318,9162521000
2020,2,11530520,구로1동,3368067,2100735000
2020,2,11530530,구로2동,2453690,10032535000
2020,2,11530540,구로3동,2888444,837457742000
2020,2,11530550,구로4동,2617060,4123824000
2020,2,11530560,구로5동,3213284,9863919000
2020,2,11530595,가리봉동,2336331,1158601000
2020,2,11530720,고척1동,2972418,5778997000
2020,2,11530730,고척2동,2882639,2575875000
2020,2,11530740,개봉1동,2805757,4011925000
2020,2,11530750,개봉2동,3068971,3039975000
2020,2,11530760,개봉3동,2512790,2576015000
2020,2,11530770,오류1동,2574851,2933408000
2020,2,11530780,오류2동,2781178,3964631000
2020,2,11530790,수궁동,2682295,2124576000
2020,2,11530800,항동,3007261,667346000
2020,2,11545510,가산동,2567594,97327139000
2020,2,11545610,독산1동,3000453,10673086000
2020,2,11545620,독산2동,2251577,2302668000
2020,2,11545630,독산3동,2386851,3589037000
2020,2,11545640,독산4동,2255044,2043864000
2020,2,11545670,시흥1동,2757307,8732011000
2020,2,11545680,시흥2동,3181421,601542000
2020,2,11545690,시흥3동,2516251,1014466000
2020,2,11545700,시흥4동,2405620,1042679000
2020,2,11545710,시흥5동,2375052,1533208000
2020,2,11560515,영등포본동,3286751,2744830000
2020,2,11560535,영등포동,3570107,23269738000
2020,2,11560540,여의동,5590853,254307888000
2020,2,11560550,당산1동,3536432,4464487000
2020,2,11560560,당산2동,4130932,8985463000
2020,2,11560585,도림동,3031484,2312752000
2020,2,11560605,문래동,4019445,9338265000
2020,2,11560610,양평1동,3508250,3931355000
2020,2,11560620,양평2동,3672088,5730110000
2020,2,11560630,신길1동,2780044,3114865000
2020,2,11560650,신길3동,3085442,2935997000
2020,2,11560660,신길4동,2717791,585246000
2020,2,11560670,신길5동,2656511,1152987000
2020,2,11560680,신길6동,2954616,4019886000
2020,2,11560690,신길7동,3616070,2074266000
2020,2,11560700,대림1동,2582442,2696537000
2020,2,11560710,대림2동,2686240,2578959000
2020,2,11560720,대림3동,2907933,5497465000
2020,2,11590510,노량진1동,3583099,7170228000
2020,2,11590520,노량진2동,2420761,3872406000
2020,2,11590530,상도1동,3875896,5892365000
2020,2,11590540,상도2동,3826699,3836808000
2020,2,11590550,상도3동,2575897,2803190000
2020,2,11590560,상도4동,2563258,1967848000
2020,2,11590605,흑석동,4224946,7892612000
2020,2,11590620,사당1동,2855173,6776483000
2020,2,11590630,사당2동,3884988,6664409000
2020,2,11590640,사당3동,3890035,2590397000
2020,2,11590650,사당4동,2844168,2077943000
2020,2,11590651,사당5동,3047661,625806000
2020,2,11590660,대방동,3524765,6013263000
2020,2,11590670,신대방1동,3845094,2579494000
2020,2,11590680,신대방2동,3340157,81432108000
2020,2,11620525,보라매동,2529995,12232007000
2020,2,11620545,청림동,3682775,1379583000
2020,2,11620565,성현동,3455108,1337471000
2020,2,11620575,행운동,2889475,5636199000
2020,2,11620585,낙성대동,3225725,7043037000
2020,2,11620595,청룡동,2768161,8090452000
2020,2,11620605,은천동,3063077,5319399000
2020,2,11620615,중앙동,2633493,4943069000
2020,2,11620625,인헌동,2783693,3354477000
2020,2,11620630,남현동,3234026,4274163000
2020,2,11620645,서원동,2412001,9426892000
2020,2,11620655,신원동,2403237,1619129000
2020,2,11620665,서림동,2530625,2193321000
2020,2,11620685,신사동,2430662,2886886000
2020,2,11620695,신림동,2434279,8251739000
2020,2,11620715,난향동,3262195,683011000
2020,2,11620725,조원동,2523192,4457334000
2020,2,11620735,대학동,2622408,6760230000
2020,2,11620745,삼성동,2593695,1685074000
2020,2,11620765,미성동,2676537,3551513000
2020,2,11620775,난곡동,2268676,2355348000
2020,2,11650510,서초1동,4769119,8737554000
2020,2,11650520,서초2동,5196131,168094004000
2020,2,11650530,서초3동,4678950,17967916000
2020,2,11650531,서초4동,6475383,29036767000
2020,2,11650540,잠원동,5458458,8109160000
2020,2,11650550,반포본동,5583021,1621636000
2020,2,11650560,반포1동,5338302,7820645000
2020,2,11650570,반포2동,6812331,1358745000
2020,2,11650580,반포3동,6140775,4362105000
2020,2,11650581,반포4동,5280483,21315517000
2020,2,11650590,방배본동,4856162,12131075000
2020,2,11650600,방배1동,4069239,6054858000
2020,2,11650610,방배2동,3864301,108876978000
2020,2,11650620,방배3동,4681587,4158622000
2020,2,11650621,방배4동,4557937,5222784000
2020,2,11650651,양재1동,4173236,9673441000
2020,2,11650652,양재2동,3222382,7369630000
2020,2,11650660,내곡동,4047063,2299524000
2020,2,11680510,신사동,5099915,34437201000
2020,2,11680521,논현1동,3277066,35512824000
2020,2,11680531,논현2동,3973993,21179218000
2020,2,11680545,압구정동,5808537,42619981000
2020,2,11680565,청담동,5010204,30141520000
2020,2,11680580,삼성1동,5098096,133918349000
2020,2,11680590,삼성2동,5055114,12384452000
2020,2,11680600,대치1동,7421305,10024399000
2020,2,11680610,대치2동,6017362,41436770000
2020,2,11680630,대치4동,4101144,50542726000
2020,2,11680640,역삼1동,3607265,918894370000
2020,2,11680650,역삼2동,5367397,530692228000
2020,2,11680655,도곡1동,5412484,22996562000
2020,2,11680656,도곡2동,6567504,42451216000
2020,2,11680660,개포1동,5336373,216016000
2020,2,11680670,개포2동,5195802,1944534000
2020,2,11680690,개포4동,3550527,3125284000
2020,2,11680700,세곡동,3885403,5110606000
2020,2,11680720,일원본동,5444886,2624510000
2020,2,11680730,일원1동,3022931,1898025000
2020,2,11680740,일원2동,4553185,1486773000
2020,2,11680750,수서동,3847379,44834142000
2020,2,11710510,풍납1동,3011150,1159047000
2020,2,11710520,풍납2동,3891704,4601335000
2020,2,11710531,거여1동,2789100,1708979000
2020,2,11710532,거여2동,3033238,2481673000
2020,2,11710540,마천1동,2435636,1623955000
2020,2,11710550,마천2동,2339431,3507391000
2020,2,11710561,방이1동,3970520,5534382000
2020,2,11710562,방이2동,2928271,14448142000
2020,2,11710566,오륜동,6095160,1857819000
2020,2,11710570,오금동,3510674,5532096000
2020,2,11710580,송파1동,3129216,7495322000
2020,2,11710590,송파2동,4370970,2792921000
2020,2,11710600,석촌동,2927911,9127333000
2020,2,11710610,삼전동,2779980,6928701000
2020,2,11710620,가락본동,3521561,7890970000
2020,2,11710631,가락1동,4973588,4072395000
2020,2,11710632,가락2동,3910198,5631972000
2020,2,11710641,문정1동,3568357,3330219000
2020,2,11710642,문정2동,4425648,23568226000
2020,2,11710646,장지동,3263464,3750059000
2020,2,11710647,위례동,4202887,3947437000
2020,2,11710650,잠실본동,3079387,16143596000
2020,2,11710670,잠실2동,6352641,2530025000
2020,2,11710680,잠실3동,5452682,4483266000
2020,2,11710690,잠실4동,6007987,1309177000
2020,2,11710710,잠실6동,5237775,18857565000
2020,2,11710720,잠실7동,6014516,285280000
2020,2,11740515,강일동,3073250,3096666000
2020,2,11740520,상일동,3690212,3097188000
2020,2,11740530,명일1동,3540203,5806750000
2020,2,11740540,명일2동,4514278,4370073000
2020,2,11740550,고덕1동,4618641,2078865000
2020,2,11740560,고덕2동,2465499,2051857000
2020,2,11740570,암사1동,2852157,5425229000
2020,2,11740580,암사2동,3688535,3077329000
2020,2,11740590,암사3동,4470889,1406129000
2020,2,11740600,천호1동,2473111,2405195000
2020,2,11740610,천호2동,2749741,100104863000
2020,2,11740620,천호3동,3165328,4238911000
2020,2,11740640,성내1동,3438376,4755944000
2020,2,11740650,성내2동,2824592,6472972000
2020,2,11740660,성내3동,2897346,6214389000
2020,2,11740685,길동,2840603,10700349000
2020,2,11740690,둔촌1동,3596734,22618000
2020,2,11740700,둔촌2동,3414406,3587473000
2020,3,11110515,청운효자동,3780222,2288021000
2020,3,11110530,사직동,5007768,37437954000
2020,3,11110540,삼청동,3442534,1707879000
2020,3,11110550,부암동,3647449,1100315000
2020,3,11110560,평창동,4504006,2448723000
2020,3,11110570,무악동,5136717,1876730000
2020,3,11110580,교남동,4616890,1319182000
2020,3,11110600,가회동,3479766,1428749000
2020,3,11110615,종로1?2?3?4가동,3245251,189847645000
2020,3,11110630,종로5?6가동,2531450,6744811000
2020,3,11110640,이화동,3024996,8674789000
2020,3,11110650,혜화동,3333112,6505537000
2020,3,11110670,창신1동,2393308,1703095000
2020,3,11110680,창신2동,2112817,756989000
2020,3,11110690,창신3동,3006052,313346000
2020,3,11110700,숭인1동,2868519,654631000
2020,3,11110710,숭인2동,2607311,1565240000
2020,3,11140520,소공동,5380521,1304888564000
2020,3,11140540,회현동,4442451,552489041000
2020,3,11140550,명동,3733600,41845109000
2020,3,11140570,필동,3033044,3485097000
2020,3,11140580,장충동,2895026,1761663000
2020,3,11140590,광희동,3229604,8846934000
2020,3,11140605,을지로동,3082514,18793740000
2020,3,11140615,신당동,2816850,3830145000
2020,3,11140625,다산동,2679845,2734840000
2020,3,11140635,약수동,3894878,2420267000
2020,3,11140645,청구동,3566241,1389278000
2020,3,11140650,신당5동,3027979,1659890000
2020,3,11140665,동화동,3621349,1680804000
2020,3,11140670,황학동,3247840,2900115000
2020,3,11140680,중림동,4435938,2030799000
2020,3,11170510,후암동,3013677,1853982000
2020,3,11170520,용산2가동,2540319,114880013000
2020,3,11170530,남영동,3183091,50105636000
2020,3,11170555,청파동,2608804,2539205000
2020,3,11170560,원효로1동,4450695,2558197000
2020,3,11170570,원효로2동,3817026,800371000
2020,3,11170580,효창동,3523201,1010801000
2020,3,11170590,용문동,3568910,1297151000
2020,3,11170625,한강로동,4948344,29753086000
2020,3,11170630,이촌1동,5974291,2779825000
2020,3,11170640,이촌2동,3596083,1348660000
2020,3,11170650,이태원1동,3682946,4207090000
2020,3,11170660,이태원2동,3261019,1642851000
2020,3,11170685,한남동,4381088,10331570000
2020,3,11170690,서빙고동,4208562,1151713000
2020,3,11170700,보광동,2545653,1011519000
2020,3,11200520,왕십리2동,3474994,1687819000
2020,3,11200535,왕십리도선동,4015131,7204835000
2020,3,11200540,마장동,3021967,4848000000
2020,3,11200550,사근동,3099614,4485228000
2020,3,11200560,행당1동,3900841,5175992000
2020,3,11200570,행당2동,4408744,1399182000
2020,3,11200580,응봉동,3858472,456709000
2020,3,11200590,금호1가동,4010011,1026535000
2020,3,11200615,금호2?3가동,3751434,2026444000
2020,3,11200620,금호4가동,4442144,2665198000
2020,3,11200645,옥수동,4836487,2923793000
2020,3,11200650,성수1가1동,3870717,2474679000
2020,3,11200660,성수1가2동,3263294,6387478000
2020,3,11200670,성수2가1동,2900762,5182697000
2020,3,11200690,성수2가3동,3358391,11146180000
2020,3,11200720,송정동,2566462,708532000
2020,3,11200790,용답동,2484354,7681788000
2020,3,11215710,화양동,2470026,13587007000
2020,3,11215730,군자동,2604535,4220106000
2020,3,11215740,중곡1동,2542359,4084490000
2020,3,11215750,중곡2동,2555101,3237756000
2020,3,11215760,중곡3동,2390961,2394555000
2020,3,11215770,중곡4동,2523958,2873354000
2020,3,11215780,능동,2846023,4663427000
2020,3,11215810,광장동,5284540,3454529000
2020,3,11215820,자양1동,2745988,4244212000
2020,3,11215830,자양2동,2999213,3176323000
2020,3,11215840,자양3동,4353416,3573430000
2020,3,11215847,자양4동,2795134,6250513000
2020,3,11215850,구의1동,2683701,3604584000
2020,3,11215860,구의2동,2948328,3614571000
2020,3,11215870,구의3동,4010979,9749011000
2020,3,11230536,용신동,2894254,13460379000
2020,3,11230545,제기동,2792227,6968981000
2020,3,11230560,전농1동,3070695,4379563000
2020,3,11230570,전농2동,3136080,1524803000
2020,3,11230600,답십리1동,3538405,5952206000
2020,3,11230610,답십리2동,3049260,4782164000
2020,3,11230650,장안1동,2863708,9449290000
2020,3,11230660,장안2동,2920490,9282349000
2020,3,11230705,청량리동,2860315,3387888000
2020,3,11230710,회기동,3217279,8757899000
2020,3,11230720,휘경1동,2722774,2880615000
2020,3,11230730,휘경2동,3071586,1788909000
2020,3,11230740,이문1동,3000929,2356862000
2020,3,11230750,이문2동,3137841,1430788000
2020,3,11260520,면목2동,2322173,3129133000
2020,3,11260540,면목4동,2573570,824762000
2020,3,11260550,면목5동,2233073,1617397000
2020,3,11260565,면목본동,2336892,3596042000
2020,3,11260570,면목7동,2655671,3418928000
2020,3,11260575,면목3?8동,2354962,3379181000
2020,3,11260580,상봉1동,2969913,3335829000
2020,3,11260590,상봉2동,2575432,7328874000
2020,3,11260600,중화1동,2518956,1439573000
2020,3,11260610,중화2동,2253552,3837624000
2020,3,11260620,묵1동,3120718,3629306000
2020,3,11260630,묵2동,2533867,2994461000
2020,3,11260655,망우본동,2443681,6518171000
2020,3,11260660,망우3동,2231082,1178801000
2020,3,11260680,신내1동,2780491,4551887000
2020,3,11260690,신내2동,3060535,3393889000
2020,3,11290525,성북동,3470748,2829023000
2020,3,11290555,삼선동,3057377,5010571000
2020,3,11290575,동선동,2821008,8859021000
2020,3,11290580,돈암1동,3583117,959563000
2020,3,11290590,돈암2동,4297592,649763000
2020,3,11290600,안암동,2896471,4089339000
2020,3,11290610,보문동,3162623,2655299000
2020,3,11290620,정릉1동,3341356,1461391000
2020,3,11290630,정릉2동,2934717,2980134000
2020,3,11290640,정릉3동,2482564,1440118000
2020,3,11290650,정릉4동,3038165,3009568000
2020,3,11290660,길음1동,4462339,4316573000
2020,3,11290685,길음2동,3736133,5158222000
2020,3,11290705,종암동,3381883,5078322000
2020,3,11290715,월곡1동,3294213,2736302000
2020,3,11290725,월곡2동,3138026,4660667000
2020,3,11290760,장위1동,2231978,1205691000
2020,3,11290770,장위2동,2411293,1837428000
2020,3,11290780,장위3동,3113825,1089027000
2020,3,11290810,석관동,2864182,5071079000
2020,3,11305534,삼양동,2473211,2833288000
2020,3,11305535,미아동,2318870,4154817000
2020,3,11305545,송중동,2555447,7986397000
2020,3,11305555,송천동,2444557,4335493000
2020,3,11305575,삼각산동,3734477,2531718000
2020,3,11305595,번1동,2303972,5375408000
2020,3,11305603,번2동,2308539,712099000
2020,3,11305608,번3동,2548326,2109033000
2020,3,11305615,수유1동,2220463,3548216000
2020,3,11305625,수유2동,2577008,1610068000
2020,3,11305635,수유3동,2205999,8819970000
2020,3,11305645,우이동,2457144,2771266000
2020,3,11305660,인수동,2359990,2138172000
2020,3,11320511,창1동,3038009,3065389000
2020,3,11320512,창2동,2551630,2732425000
2020,3,11320513,창3동,2229423,1024743000
2020,3,11320514,창4동,3547959,2805975000
2020,3,11320515,창5동,3298026,5975472000
2020,3,11320521,도봉1동,2275377,3657822000
2020,3,11320522,도봉2동,2811820,2153153000
2020,3,11320660,쌍문1동,2440535,1413251000
2020,3,11320670,쌍문2동,2430154,3763207000
2020,3,11320680,쌍문3동,2438072,2234406000
2020,3,11320681,쌍문4동,2968285,1465479000
2020,3,11320690,방학1동,2895702,6957932000
2020,3,11320700,방학2동,2099146,1767228000
2020,3,11320710,방학3동,2962092,1606376000
2020,3,11350560,월계1동,2777397,4140610000
2020,3,11350570,월계2동,2728093,1438073000
2020,3,11350580,월계3동,3110675,7079960000
2020,3,11350595,공릉1동,2786137,10237687000
2020,3,11350600,공릉2동,3394877,6330778000
2020,3,11350611,하계1동,3611061,5136316000
2020,3,11350612,하계2동,3625940,561688000
2020,3,11350619,중계본동,4197248,5082872000
2020,3,11350621,중계1동,4623227,3723882000
2020,3,11350624,중계4동,3196660,3331125000
2020,3,11350625,중계2?3동,2936682,7850821000
2020,3,11350630,상계1동,3030316,6972982000
2020,3,11350640,상계2동,3122902,17379163000
2020,3,11350665,상계3?4동,2644186,1316069000
2020,3,11350670,상계5동,2481440,2061627000
2020,3,11350695,상계6?7동,3152836,10408972000
2020,3,11350700,상계8동,3153561,1157363000
2020,3,11350710,상계9동,2955988,1206741000
2020,3,11350720,상계10동,3132098,679132000
2020,3,11380510,녹번동,3055864,4339460000
2020,3,11380520,불광1동,3182963,5909440000
2020,3,11380530,불광2동,2396457,3700343000
2020,3,11380551,갈현1동,2481200,4754291000
2020,3,11380552,갈현2동,2539257,5630269000
2020,3,11380560,구산동,2602334,2300597000
2020,3,11380570,대조동,2535013,6341224000
2020,3,11380580,응암1동,2726133,4784728000
2020,3,11380590,응암2동,3510245,1758276000
2020,3,11380600,응암3동,2360910,5788715000
2020,3,11380625,역촌동,2521877,6155682000
2020,3,11380631,신사1동,2637581,3734851000
2020,3,11380632,신사2동,2635300,1181583000
2020,3,11380640,증산동,2838450,2243050000
2020,3,11380650,수색동,3253972,943012000
2020,3,11380690,진관동,4070863,10093467000
2020,3,11410520,천연동,4197718,1997532000
2020,3,11410555,북아현동,4172659,2098959000
2020,3,11410565,충현동,3210231,2905836000
2020,3,11410585,신촌동,3331768,16940198000
2020,3,11410615,연희동,3383749,73907428000
2020,3,11410620,홍제1동,3459117,2708099000
2020,3,11410640,홍제3동,2807766,2969673000
2020,3,11410655,홍제2동,3664523,1440128000
2020,3,11410660,홍은1동,3093859,1261593000
2020,3,11410685,홍은2동,2874442,2474685000
2020,3,11410690,남가좌1동,4622839,2639934000
2020,3,11410700,남가좌2동,3237719,3458896000
2020,3,11410710,북가좌1동,4005416,1612723000
2020,3,11410720,북가좌2동,2590646,3104322000
2020,3,11440555,아현동,5237419,450899269000
2020,3,11440565,공덕동,4047702,5290654000
2020,3,11440585,도화동,4217433,6596208000
2020,3,11440590,용강동,4787212,5954264000
2020,3,11440600,대흥동,3421062,4222352000
2020,3,11440610,염리동,4051438,27269473000
2020,3,11440630,신수동,4157605,2720504000
2020,3,11440655,서강동,4339738,4537848000
2020,3,11440660,서교동,3212258,40483388000
2020,3,11440680,합정동,3195027,7557303000
2020,3,11440690,망원1동,2802536,5099997000
2020,3,11440700,망원2동,2912810,2967514000
2020,3,11440710,연남동,2980162,6518648000
2020,3,11440720,성산1동,2814646,3167125000
2020,3,11440730,성산2동,3521472,7436098000
2020,3,11440740,상암동,4158486,15925604000
2020,3,11470510,목1동,5667672,225645648000
2020,3,11470520,목2동,3244963,5473638000
2020,3,11470530,목3동,3101712,5374792000
2020,3,11470540,목4동,3426858,4792357000
2020,3,11470550,목5동,5987821,9400744000
2020,3,11470560,신월1동,2227154,2818000000
2020,3,11470570,신월2동,2727225,2035663000
2020,3,11470580,신월3동,2152244,2154051000
2020,3,11470590,신월4동,2639083,2188728000
2020,3,11470600,신월5동,2615553,2497411000
2020,3,11470610,신월6동,2857257,1730767000
2020,3,11470611,신월7동,2343943,1746592000
2020,3,11470620,신정1동,5046256,3592027000
2020,3,11470630,신정2동,4725315,3226975000
2020,3,11470640,신정3동,3158844,3700312000
2020,3,11470650,신정4동,2609700,7788413000
2020,3,11470670,신정6동,5384412,2325465000
2020,3,11470680,신정7동,4094404,3529489000
2020,3,11500510,염창동,4127504,5929187000
2020,3,11500520,등촌1동,3322838,11138412000
2020,3,11500530,등촌2동,3352636,2157550000
2020,3,11500535,등촌3동,3403390,8128508000
2020,3,11500540,화곡1동,2485455,9250784000
2020,3,11500550,화곡2동,2385531,1873035000
2020,3,11500560,화곡3동,3132782,4039787000
2020,3,11500570,화곡4동,2423768,3755078000
2020,3,11500590,화곡본동,2398795,5631867000
2020,3,11500591,화곡6동,3040513,6530067000
2020,3,11500593,화곡8동,2473381,3688276000
2020,3,11500603,가양1동,3560388,60643556000
2020,3,11500604,가양2동,3065320,2924553000
2020,3,11500605,가양3동,3047051,587303000
2020,3,11500611,발산1동,3192517,15261163000
2020,3,11500615,우장산동,4135674,5705441000
2020,3,11500620,공항동,2896818,11869646000
2020,3,11500630,방화1동,3407916,5479962000
2020,3,11500640,방화2동,2708397,6763568000
2020,3,11500641,방화3동,3044446,1569143000
2020,3,11530510,신도림동,4380318,8798841000
2020,3,11530520,구로1동,3368067,1785454000
2020,3,11530530,구로2동,2453690,10011047000
2020,3,11530540,구로3동,2888444,919690910000
2020,3,11530550,구로4동,2617060,4190228000
2020,3,11530560,구로5동,3213284,10703431000
2020,3,11530595,가리봉동,2336331,1070314000
2020,3,11530720,고척1동,2972418,5419796000
2020,3,11530730,고척2동,2882639,2588822000
2020,3,11530740,개봉1동,2805757,3901523000
2020,3,11530750,개봉2동,3068971,2947421000
2020,3,11530760,개봉3동,2512790,2588113000
2020,3,11530770,오류1동,2574851,2907323000
2020,3,11530780,오류2동,2781178,3855691000
2020,3,11530790,수궁동,2682295,2308288000
2020,3,11530800,항동,3007261,1081220000
2020,3,11545510,가산동,2567594,78667434000
2020,3,11545610,독산1동,3000453,8398979000
2020,3,11545620,독산2동,2251577,2216383000
2020,3,11545630,독산3동,2386851,3732349000
2020,3,11545640,독산4동,2255044,2032799000
2020,3,11545670,시흥1동,2757307,8122906000
2020,3,11545680,시흥2동,3181421,578744000
2020,3,11545690,시흥3동,2516251,997224000
2020,3,11545700,시흥4동,2405620,990833000
2020,3,11545710,시흥5동,2375052,1422745000
2020,3,11560515,영등포본동,3286751,2875502000
2020,3,11560535,영등포동,3570107,24226605000
2020,3,11560540,여의동,5590853,211940265000
2020,3,11560550,당산1동,3536432,4319065000
2020,3,11560560,당산2동,4130932,8798679000
2020,3,11560585,도림동,3031484,2305204000
2020,3,11560605,문래동,4019445,8586415000
2020,3,11560610,양평1동,3508250,3919721000
2020,3,11560620,양평2동,3672088,5517328000
2020,3,11560630,신길1동,2780044,3237049000
2020,3,11560650,신길3동,3085442,3068897000
2020,3,11560660,신길4동,2717791,515050000
2020,3,11560670,신길5동,2656511,904289000
2020,3,11560680,신길6동,2954616,4256765000
2020,3,11560690,신길7동,3616070,2075515000
2020,3,11560700,대림1동,2582442,2733128000
2020,3,11560710,대림2동,2686240,2866318000
2020,3,11560720,대림3동,2907933,5798692000
2020,3,11590510,노량진1동,3583099,6519057000
2020,3,11590520,노량진2동,2420761,3558466000
2020,3,11590530,상도1동,3875896,5655756000
2020,3,11590540,상도2동,3826699,3430907000
2020,3,11590550,상도3동,2575897,3634104000
2020,3,11590560,상도4동,2563258,1833424000
2020,3,11590605,흑석동,4224946,7866149000
2020,3,11590620,사당1동,2855173,6597065000
2020,3,11590630,사당2동,3884988,6283244000
2020,3,11590640,사당3동,3890035,2553822000
2020,3,11590650,사당4동,2844168,2013584000
2020,3,11590651,사당5동,3047661,671352000
2020,3,11590660,대방동,3524765,5552535000
2020,3,11590670,신대방1동,3845094,2683839000
2020,3,11590680,신대방2동,3340157,85304316000
2020,3,11620525,보라매동,2529995,12663170000
2020,3,11620545,청림동,3682775,1407172000
2020,3,11620565,성현동,3455108,1317548000
2020,3,11620575,행운동,2889475,5461809000
2020,3,11620585,낙성대동,3225725,6811544000
2020,3,11620595,청룡동,2768161,7745826000
2020,3,11620605,은천동,3063077,4852619000
2020,3,11620615,중앙동,2633493,4937859000
2020,3,11620625,인헌동,2783693,3302608000
2020,3,11620630,남현동,3234026,4251510000
2020,3,11620645,서원동,2412001,9012420000
2020,3,11620655,신원동,2403237,1655359000
2020,3,11620665,서림동,2530625,2266348000
2020,3,11620685,신사동,2430662,2955826000
2020,3,11620695,신림동,2434279,7778426000
2020,3,11620715,난향동,3262195,742827000
2020,3,11620725,조원동,2523192,4260804000
2020,3,11620735,대학동,2622408,6484944000
2020,3,11620745,삼성동,2593695,1744805000
2020,3,11620765,미성동,2676537,3541621000
2020,3,11620775,난곡동,2268676,2437184000
2020,3,11650510,서초1동,4769119,9390270000
2020,3,11650520,서초2동,5196131,161485381000
2020,3,11650530,서초3동,4678950,97872772000
2020,3,11650531,서초4동,6475383,29303302000
2020,3,11650540,잠원동,5458458,8118134000
2020,3,11650550,반포본동,5583021,1322255000
2020,3,11650560,반포1동,5338302,7285888000
2020,3,11650570,반포2동,6812331,1173811000
2020,3,11650580,반포3동,6140775,4141262000
2020,3,11650581,반포4동,5280483,22462882000
2020,3,11650590,방배본동,4856162,12361950000
2020,3,11650600,방배1동,4069239,5991999000
2020,3,11650610,방배2동,3864301,95960785000
2020,3,11650620,방배3동,4681587,3935965000
2020,3,11650621,방배4동,4557937,5213065000
2020,3,11650651,양재1동,4173236,9234511000
2020,3,11650652,양재2동,3222382,8520947000
2020,3,11650660,내곡동,4047063,2352516000
2020,3,11680510,신사동,5099915,35508835000
2020,3,11680521,논현1동,3277066,32373247000
2020,3,11680531,논현2동,3973993,21029320000
2020,3,11680545,압구정동,5808537,42489207000
2020,3,11680565,청담동,5010204,30816417000
2020,3,11680580,삼성1동,5098096,35009655000
2020,3,11680590,삼성2동,5055114,12068197000
2020,3,11680600,대치1동,7421305,10261982000
2020,3,11680610,대치2동,6017362,34062441000
2020,3,11680630,대치4동,4101144,49918523000
2020,3,11680640,역삼1동,3607265,949988514000
2020,3,11680650,역삼2동,5367397,583088641000
2020,3,11680655,도곡1동,5412484,26182598000
2020,3,11680656,도곡2동,6567504,46309630000
2020,3,11680660,개포1동,5336373,153943000
2020,3,11680670,개포2동,5195802,1900580000
2020,3,11680690,개포4동,3550527,3138623000
2020,3,11680700,세곡동,3885403,5166067000
2020,3,11680720,일원본동,5444886,2949747000
2020,3,11680730,일원1동,3022931,1885459000
2020,3,11680740,일원2동,4553185,1446010000
2020,3,11680750,수서동,3847379,47171298000
2020,3,11710510,풍납1동,3011150,1121706000
2020,3,11710520,풍납2동,3891704,4266737000
2020,3,11710531,거여1동,2789100,1714393000
2020,3,11710532,거여2동,3033238,2484910000
2020,3,11710540,마천1동,2435636,1593402000
2020,3,11710550,마천2동,2339431,3422537000
2020,3,11710561,방이1동,3970520,4885632000
2020,3,11710562,방이2동,2928271,14053045000
2020,3,11710566,오륜동,6095160,1809577000
2020,3,11710570,오금동,3510674,5423804000
2020,3,11710580,송파1동,3129216,7108408000
2020,3,11710590,송파2동,4370970,2973805000
2020,3,11710600,석촌동,2927911,8737210000
2020,3,11710610,삼전동,2779980,6567770000
2020,3,11710620,가락본동,3521561,7220434000
2020,3,11710631,가락1동,4973588,4289558000
2020,3,11710632,가락2동,3910198,5564662000
2020,3,11710641,문정1동,3568357,3150919000
2020,3,11710642,문정2동,4425648,21623605000
2020,3,11710646,장지동,3263464,3502643000
2020,3,11710647,위례동,4202887,3584081000
2020,3,11710650,잠실본동,3079387,15645724000
2020,3,11710670,잠실2동,6352641,2477905000
2020,3,11710680,잠실3동,5452682,4471641000
2020,3,11710690,잠실4동,6007987,1290011000
2020,3,11710710,잠실6동,5237775,19945238000
2020,3,11710720,잠실7동,6014516,284401000
2020,3,11740515,강일동,3073250,2925894000
2020,3,11740520,상일동,3690212,3050431000
2020,3,11740530,명일1동,3540203,5323770000
2020,3,11740540,명일2동,4514278,4104739000
2020,3,11740550,고덕1동,4618641,1936931000
2020,3,11740560,고덕2동,2465499,2241780000
2020,3,11740570,암사1동,2852157,5282593000
2020,3,11740580,암사2동,3688535,2790198000
2020,3,11740590,암사3동,4470889,1363096000
2020,3,11740600,천호1동,2473111,2539422000
2020,3,11740610,천호2동,2749741,93318454000
2020,3,11740620,천호3동,3165328,4068638000
2020,3,11740640,성내1동,3438376,4797919000
2020,3,11740650,성내2동,2824592,6237518000
2020,3,11740660,성내3동,2897346,6028603000
2020,3,11740685,길동,2840603,10890263000
2020,3,11740690,둔촌1동,3596734,23018000
2020,3,11740700,둔촌2동,3414406,3589528000
2020,4,11110515,청운효자동,3780222,2182898000
2020,4,11110530,사직동,5007768,39043327000
2020,4,11110540,삼청동,3442534,1977257000
2020,4,11110550,부암동,3647449,1178131000
2020,4,11110560,평창동,4504006,2317294000
2020,4,11110570,무악동,5136717,1849463000
2020,4,11110580,교남동,4616890,1581711000
2020,4,11110600,가회동,3479766,1554810000
2020,4,11110615,종로1?2?3?4가동,3245251,207276646000
2020,4,11110630,종로5?6가동,2531450,6949596000
2020,4,11110640,이화동,3024996,5678090000
2020,4,11110650,혜화동,3333112,6316472000
2020,4,11110670,창신1동,2393308,1858178000
2020,4,11110680,창신2동,2112817,744076000
2020,4,11110690,창신3동,3006052,322427000
2020,4,11110700,숭인1동,2868519,630822000
2020,4,11110710,숭인2동,2607311,1513199000
2020,4,11140520,소공동,5380521,1436768154000
2020,4,11140540,회현동,4442451,567884295000
2020,4,11140550,명동,3733600,45203666000
2020,4,11140570,필동,3033044,3187461000
2020,4,11140580,장충동,2895026,1956682000
2020,4,11140590,광희동,3229604,9582229000
2020,4,11140605,을지로동,3082514,18384071000
2020,4,11140615,신당동,2816850,3666203000
2020,4,11140625,다산동,2679845,2717049000
2020,4,11140635,약수동,3894878,2347901000
2020,4,11140645,청구동,3566241,1380901000
2020,4,11140650,신당5동,3027979,1781231000
2020,4,11140665,동화동,3621349,1438182000
2020,4,11140670,황학동,3247840,2865777000
2020,4,11140680,중림동,4435938,1986715000
2020,4,11170510,후암동,3013677,1725876000
2020,4,11170520,용산2가동,2540319,109865775000
2020,4,11170530,남영동,3183091,53328684000
2020,4,11170555,청파동,2608804,2328170000
2020,4,11170560,원효로1동,4450695,2387524000
2020,4,11170570,원효로2동,3817026,750369000
2020,4,11170580,효창동,3523201,1025714000
2020,4,11170590,용문동,3568910,1243518000
2020,4,11170625,한강로동,4948344,28368439000
2020,4,11170630,이촌1동,5974291,2674775000
2020,4,11170640,이촌2동,3596083,810111000
2020,4,11170650,이태원1동,3682946,4575462000
2020,4,11170660,이태원2동,3261019,1609554000
2020,4,11170685,한남동,4381088,10833235000
2020,4,11170690,서빙고동,4208562,1271624000
2020,4,11170700,보광동,2545653,1035771000
2020,4,11200520,왕십리2동,3474994,1793779000
2020,4,11200535,왕십리도선동,4015131,6899715000
2020,4,11200540,마장동,3021967,4633621000
2020,4,11200550,사근동,3099614,4318541000
2020,4,11200560,행당1동,3900841,4929906000
2020,4,11200570,행당2동,4408744,1385518000
2020,4,11200580,응봉동,3858472,449982000
2020,4,11200590,금호1가동,4010011,992648000
2020,4,11200615,금호2?3가동,3751434,2002099000
2020,4,11200620,금호4가동,4442144,2590863000
2020,4,11200645,옥수동,4836487,2811323000
2020,4,11200650,성수1가1동,3870717,2474183000
2020,4,11200660,성수1가2동,3263294,6136703000
2020,4,11200670,성수2가1동,2900762,5340958000
2020,4,11200690,성수2가3동,3358391,11367337000
2020,4,11200720,송정동,2566462,695462000
2020,4,11200790,용답동,2484354,9286586000
2020,4,11215710,화양동,2470026,12726463000
2020,4,11215730,군자동,2604535,4046044000
2020,4,11215740,중곡1동,2542359,4128857000
2020,4,11215750,중곡2동,2555101,3191633000
2020,4,11215760,중곡3동,2390961,2335639000
2020,4,11215770,중곡4동,2523958,2881064000
2020,4,11215780,능동,2846023,4377792000
2020,4,11215810,광장동,5284540,3608776000
2020,4,11215820,자양1동,2745988,4375084000
2020,4,11215830,자양2동,2999213,2932351000
2020,4,11215840,자양3동,4353416,3350898000
2020,4,11215847,자양4동,2795134,5853357000
2020,4,11215850,구의1동,2683701,3483769000
2020,4,11215860,구의2동,2948328,3461431000
2020,4,11215870,구의3동,4010979,9511598000
2020,4,11230536,용신동,2894254,13177156000
2020,4,11230545,제기동,2792227,7068415000
2020,4,11230560,전농1동,3070695,4174880000
2020,4,11230570,전농2동,3136080,1377427000
2020,4,11230600,답십리1동,3538405,6239529000
2020,4,11230610,답십리2동,3049260,4771435000
2020,4,11230650,장안1동,2863708,9656161000
2020,4,11230660,장안2동,2920490,9406699000
2020,4,11230705,청량리동,2860315,3214015000
2020,4,11230710,회기동,3217279,9049107000
2020,4,11230720,휘경1동,2722774,2791735000
2020,4,11230730,휘경2동,3071586,1907527000
2020,4,11230740,이문1동,3000929,2343790000
2020,4,11230750,이문2동,3137841,1442279000
2020,4,11260520,면목2동,2322173,3429478000
2020,4,11260540,면목4동,2573570,797256000
2020,4,11260550,면목5동,2233073,1670593000
2020,4,11260565,면목본동,2336892,3591745000
2020,4,11260570,면목7동,2655671,3435139000
2020,4,11260575,면목3?8동,2354962,3192720000
2020,4,11260580,상봉1동,2969913,3242463000
2020,4,11260590,상봉2동,2575432,7098556000
2020,4,11260600,중화1동,2518956,1375427000
2020,4,11260610,중화2동,2253552,3874125000
2020,4,11260620,묵1동,3120718,3544692000
2020,4,11260630,묵2동,2533867,2851989000
2020,4,11260655,망우본동,2443681,6375160000
2020,4,11260660,망우3동,2231082,1173342000
2020,4,11260680,신내1동,2780491,4418151000
2020,4,11260690,신내2동,3060535,3290119000
2020,4,11290525,성북동,3470748,2689802000
2020,4,11290555,삼선동,3057377,5035553000
2020,4,11290575,동선동,2821008,8703925000
2020,4,11290580,돈암1동,3583117,952555000
2020,4,11290590,돈암2동,4297592,673894000
2020,4,11290600,안암동,2896471,3959443000
2020,4,11290610,보문동,3162623,2550886000
2020,4,11290620,정릉1동,3341356,1395879000
2020,4,11290630,정릉2동,2934717,2982995000
2020,4,11290640,정릉3동,2482564,1275839000
2020,4,11290650,정릉4동,3038165,3036014000
2020,4,11290660,길음1동,4462339,4208190000
2020,4,11290685,길음2동,3736133,5284565000
2020,4,11290705,종암동,3381883,5121732000
2020,4,11290715,월곡1동,3294213,2770433000
2020,4,11290725,월곡2동,3138026,4657620000
2020,4,11290760,장위1동,2231978,1220206000
2020,4,11290770,장위2동,2411293,1820199000
2020,4,11290780,장위3동,3113825,1110727000
2020,4,11290810,석관동,2864182,4539588000
2020,4,11305534,삼양동,2473211,2843893000
2020,4,11305535,미아동,2318870,4139152000
2020,4,11305545,송중동,2555447,7917567000
2020,4,11305555,송천동,2444557,4061429000
2020,4,11305575,삼각산동,3734477,2447754000
2020,4,11305595,번1동,2303972,5225109000
2020,4,11305603,번2동,2308539,741317000
2020,4,11305608,번3동,2548326,2053435000
2020,4,11305615,수유1동,2220463,3715292000
2020,4,11305625,수유2동,2577008,1644944000
2020,4,11305635,수유3동,2205999,8474594000
2020,4,11305645,우이동,2457144,2536042000
2020,4,11305660,인수동,2359990,2071156000
2020,4,11320511,창1동,3038009,2901202000
2020,4,11320512,창2동,2551630,2702667000
2020,4,11320513,창3동,2229423,1009790000
2020,4,11320514,창4동,3547959,2661089000
2020,4,11320515,창5동,3298026,5738146000
2020,4,11320521,도봉1동,2275377,3783525000
2020,4,11320522,도봉2동,2811820,2146601000
2020,4,11320660,쌍문1동,2440535,1513345000
2020,4,11320670,쌍문2동,2430154,3748281000
2020,4,11320680,쌍문3동,2438072,2227611000
2020,4,11320681,쌍문4동,2968285,1392583000
2020,4,11320690,방학1동,2895702,7037673000
2020,4,11320700,방학2동,2099146,1867735000
2020,4,11320710,방학3동,2962092,1518099000
2020,4,11350560,월계1동,2777397,4352453000
2020,4,11350570,월계2동,2728093,1434212000
2020,4,11350580,월계3동,3110675,7056934000
2020,4,11350595,공릉1동,2786137,9834406000
2020,4,11350600,공릉2동,3394877,6330101000
2020,4,11350611,하계1동,3611061,5886378000
2020,4,11350612,하계2동,3625940,532469000
2020,4,11350619,중계본동,4197248,5153928000
2020,4,11350621,중계1동,4623227,3845391000
2020,4,11350624,중계4동,3196660,3319039000
2020,4,11350625,중계2?3동,2936682,9459135000
2020,4,11350630,상계1동,3030316,6528089000
2020,4,11350640,상계2동,3122902,17923620000
2020,4,11350665,상계3?4동,2644186,1319325000
2020,4,11350670,상계5동,2481440,2047992000
2020,4,11350695,상계6?7동,3152836,10014147000
2020,4,11350700,상계8동,3153561,1124765000
2020,4,11350710,상계9동,2955988,1249097000
2020,4,11350720,상계10동,3132098,652457000
2020,4,11380510,녹번동,3055864,4300357000
2020,4,11380520,불광1동,3182963,5804931000
2020,4,11380530,불광2동,2396457,3760169000
2020,4,11380551,갈현1동,2481200,4626926000
2020,4,11380552,갈현2동,2539257,5635103000
2020,4,11380560,구산동,2602334,2291837000
2020,4,11380570,대조동,2535013,6317466000
2020,4,11380580,응암1동,2726133,4886038000
2020,4,11380590,응암2동,3510245,1760540000
2020,4,11380600,응암3동,2360910,5424148000
2020,4,11380625,역촌동,2521877,5972941000
2020,4,11380631,신사1동,2637581,3515221000
2020,4,11380632,신사2동,2635300,1162481000
2020,4,11380640,증산동,2838450,2138501000
2020,4,11380650,수색동,3253972,908176000
2020,4,11380690,진관동,4070863,10183494000
2020,4,11410520,천연동,4197718,2010000000
2020,4,11410555,북아현동,4172659,2041397000
2020,4,11410565,충현동,3210231,2773927000
2020,4,11410585,신촌동,3331768,15525698000
2020,4,11410615,연희동,3383749,69882715000
2020,4,11410620,홍제1동,3459117,2548304000
2020,4,11410640,홍제3동,2807766,3162852000
2020,4,11410655,홍제2동,3664523,1486065000
2020,4,11410660,홍은1동,3093859,1177323000
2020,4,11410685,홍은2동,2874442,2539622000
2020,4,11410690,남가좌1동,4622839,2669707000
2020,4,11410700,남가좌2동,3237719,3427643000
2020,4,11410710,북가좌1동,4005416,1549375000
2020,4,11410720,북가좌2동,2590646,2944779000
2020,4,11440555,아현동,5237419,492671325000
2020,4,11440565,공덕동,4047702,4922194000
2020,4,11440585,도화동,4217433,6336357000
2020,4,11440590,용강동,4787212,5478632000
2020,4,11440600,대흥동,3421062,4029867000
2020,4,11440610,염리동,4051438,30869956000
2020,4,11440630,신수동,4157605,2440400000
2020,4,11440655,서강동,4339738,4299144000
2020,4,11440660,서교동,3212258,38622767000
2020,4,11440680,합정동,3195027,7231292000
2020,4,11440690,망원1동,2802536,4839985000
2020,4,11440700,망원2동,2912810,2829000000
2020,4,11440710,연남동,2980162,6264250000
2020,4,11440720,성산1동,2814646,3013733000
2020,4,11440730,성산2동,3521472,7615594000
2020,4,11440740,상암동,4158486,16007948000
2020,4,11470510,목1동,5667672,228678911000
2020,4,11470520,목2동,3244963,5177147000
2020,4,11470530,목3동,3101712,5220013000
2020,4,11470540,목4동,3426858,4730149000
2020,4,11470550,목5동,5987821,9155658000
2020,4,11470560,신월1동,2227154,2795109000
2020,4,11470570,신월2동,2727225,2106935000
2020,4,11470580,신월3동,2152244,2017777000
2020,4,11470590,신월4동,2639083,2154224000
2020,4,11470600,신월5동,2615553,2410175000
2020,4,11470610,신월6동,2857257,1718576000
2020,4,11470611,신월7동,2343943,1760091000
2020,4,11470620,신정1동,5046256,3566236000
2020,4,11470630,신정2동,4725315,3335783000
2020,4,11470640,신정3동,3158844,3598180000
2020,4,11470650,신정4동,2609700,7720667000
2020,4,11470670,신정6동,5384412,2235996000
2020,4,11470680,신정7동,4094404,3347197000
2020,4,11500510,염창동,4127504,6256311000
2020,4,11500520,등촌1동,3322838,10066156000
2020,4,11500530,등촌2동,3352636,2111534000
2020,4,11500535,등촌3동,3403390,8048970000
2020,4,11500540,화곡1동,2485455,8727498000
2020,4,11500550,화곡2동,2385531,1890259000
2020,4,11500560,화곡3동,3132782,3776057000
2020,4,11500570,화곡4동,2423768,3622168000
2020,4,11500590,화곡본동,2398795,5446768000
2020,4,11500591,화곡6동,3040513,6196755000
2020,4,11500593,화곡8동,2473381,3536977000
2020,4,11500603,가양1동,3560388,69206636000
2020,4,11500604,가양2동,3065320,2843809000
2020,4,11500605,가양3동,3047051,553799000
2020,4,11500611,발산1동,3192517,16091518000
2020,4,11500615,우장산동,4135674,5971774000
2020,4,11500620,공항동,2896818,11381305000
2020,4,11500630,방화1동,3407916,5380180000
2020,4,11500640,방화2동,2708397,7057164000
2020,4,11500641,방화3동,3044446,1483956000
2020,4,11530510,신도림동,4380318,8757520000
2020,4,11530520,구로1동,3368067,1485623000
2020,4,11530530,구로2동,2453690,10756318000
2020,4,11530540,구로3동,2888444,1017517342000
2020,4,11530550,구로4동,2617060,4152768000
2020,4,11530560,구로5동,3213284,13618136000
2020,4,11530595,가리봉동,2336331,1000114000
2020,4,11530720,고척1동,2972418,5423734000
2020,4,11530730,고척2동,2882639,2557672000
2020,4,11530740,개봉1동,2805757,3795828000
2020,4,11530750,개봉2동,3068971,2950347000
2020,4,11530760,개봉3동,2512790,2477684000
2020,4,11530770,오류1동,2574851,2814501000
2020,4,11530780,오류2동,2781178,3797075000
2020,4,11530790,수궁동,2682295,2154474000
2020,4,11530800,항동,3007261,1099833000
2020,4,11545510,가산동,2567594,75434979000
2020,4,11545610,독산1동,3000453,7939348000
2020,4,11545620,독산2동,2251577,2221079000
2020,4,11545630,독산3동,2386851,3693898000
2020,4,11545640,독산4동,2255044,1938807000
2020,4,11545670,시흥1동,2757307,8217538000
2020,4,11545680,시흥2동,3181421,560053000
2020,4,11545690,시흥3동,2516251,995665000
2020,4,11545700,시흥4동,2405620,969373000
2020,4,11545710,시흥5동,2375052,1410599000
2020,4,11560515,영등포본동,3286751,2771557000
2020,4,11560535,영등포동,3570107,23583511000
2020,4,11560540,여의동,5590853,204040602000
2020,4,11560550,당산1동,3536432,4319325000
2020,4,11560560,당산2동,4130932,8291811000
2020,4,11560585,도림동,3031484,2235833000
2020,4,11560605,문래동,4019445,8444456000
2020,4,11560610,양평1동,3508250,3878747000
2020,4,11560620,양평2동,3672088,5485426000
2020,4,11560630,신길1동,2780044,3058183000
2020,4,11560650,신길3동,3085442,3065959000
2020,4,11560660,신길4동,2717791,512093000
2020,4,11560670,신길5동,2656511,918365000
2020,4,11560680,신길6동,2954616,4306787000
2020,4,11560690,신길7동,3616070,1967000000
2020,4,11560700,대림1동,2582442,3580829000
2020,4,11560710,대림2동,2686240,2887744000
2020,4,11560720,대림3동,2907933,5761192000
2020,4,11590510,노량진1동,3583099,6094877000
2020,4,11590520,노량진2동,2420761,4386068000
2020,4,11590530,상도1동,3875896,5734651000
2020,4,11590540,상도2동,3826699,3567194000
2020,4,11590550,상도3동,2575897,3771192000
2020,4,11590560,상도4동,2563258,1755735000
2020,4,11590605,흑석동,4224946,7790111000
2020,4,11590620,사당1동,2855173,6154096000
2020,4,11590630,사당2동,3884988,5935147000
2020,4,11590640,사당3동,3890035,2377139000
2020,4,11590650,사당4동,2844168,2070289000
2020,4,11590651,사당5동,3047661,627834000
2020,4,11590660,대방동,3524765,5573604000
2020,4,11590670,신대방1동,3845094,2547437000
2020,4,11590680,신대방2동,3340157,82892388000
2020,4,11620525,보라매동,2529995,12818332000
2020,4,11620545,청림동,3682775,1303150000
2020,4,11620565,성현동,3455108,1286894000
2020,4,11620575,행운동,2889475,5524586000
2020,4,11620585,낙성대동,3225725,6243441000
2020,4,11620595,청룡동,2768161,7725277000
2020,4,11620605,은천동,3063077,4534638000
2020,4,11620615,중앙동,2633493,4640632000
2020,4,11620625,인헌동,2783693,3222916000
2020,4,11620630,남현동,3234026,3995225000
2020,4,11620645,서원동,2412001,8563890000
2020,4,11620655,신원동,2403237,1607196000
2020,4,11620665,서림동,2530625,2211450000
2020,4,11620685,신사동,2430662,2897700000
2020,4,11620695,신림동,2434279,7329395000
2020,4,11620715,난향동,3262195,732941000
2020,4,11620725,조원동,2523192,4069372000
2020,4,11620735,대학동,2622408,5982088000
2020,4,11620745,삼성동,2593695,1716324000
2020,4,11620765,미성동,2676537,3499337000
2020,4,11620775,난곡동,2268676,2383039000
2020,4,11650510,서초1동,4769119,9382287000
2020,4,11650520,서초2동,5196131,161768093000
2020,4,11650530,서초3동,4678950,119434406000
2020,4,11650531,서초4동,6475383,29237111000
2020,4,11650540,잠원동,5458458,7818008000
2020,4,11650550,반포본동,5583021,1254813000
2020,4,11650560,반포1동,5338302,7248933000
2020,4,11650570,반포2동,6812331,1099384000
2020,4,11650580,반포3동,6140775,3765526000
2020,4,11650581,반포4동,5280483,21905983000
2020,4,11650590,방배본동,4856162,12358512000
2020,4,11650600,방배1동,4069239,5872106000
2020,4,11650610,방배2동,3864301,105891648000
2020,4,11650620,방배3동,4681587,4089458000
2020,4,11650621,방배4동,4557937,4796954000
2020,4,11650651,양재1동,4173236,9271175000
2020,4,11650652,양재2동,3222382,8135411000
2020,4,11650660,내곡동,4047063,2244723000
2020,4,11680510,신사동,5099915,35285961000
2020,4,11680521,논현1동,3277066,32716109000
2020,4,11680531,논현2동,3973993,20904940000
2020,4,11680545,압구정동,5808537,44261615000
2020,4,11680565,청담동,5010204,32001333000
2020,4,11680580,삼성1동,5098096,36370408000
2020,4,11680590,삼성2동,5055114,12432650000
2020,4,11680600,대치1동,7421305,9945927000
2020,4,11680610,대치2동,6017362,32690248000
2020,4,11680630,대치4동,4101144,52247895000
2020,4,11680640,역삼1동,3607265,987246572000
2020,4,11680650,역삼2동,5367397,612867255000
2020,4,11680655,도곡1동,5412484,28479135000
2020,4,11680656,도곡2동,6567504,40458606000
2020,4,11680660,개포1동,5336373,152044000
2020,4,11680670,개포2동,5195802,1821390000
2020,4,11680690,개포4동,3550527,2984323000
2020,4,11680700,세곡동,3885403,5058800000
2020,4,11680720,일원본동,5444886,2850944000
2020,4,11680730,일원1동,3022931,1833500000
2020,4,11680740,일원2동,4553185,1399001000
2020,4,11680750,수서동,3847379,48603226000
2020,4,11710510,풍납1동,3011150,1356613000
2020,4,11710520,풍납2동,3891704,4194284000
2020,4,11710531,거여1동,2789100,1655161000
2020,4,11710532,거여2동,3033238,2588235000
2020,4,11710540,마천1동,2435636,1636684000
2020,4,11710550,마천2동,2339431,3490643000
2020,4,11710561,방이1동,3970520,5377599000
2020,4,11710562,방이2동,2928271,13594829000
2020,4,11710566,오륜동,6095160,1895821000
2020,4,11710570,오금동,3510674,5740019000
2020,4,11710580,송파1동,3129216,6887884000
2020,4,11710590,송파2동,4370970,2718753000
2020,4,11710600,석촌동,2927911,9134410000
2020,4,11710610,삼전동,2779980,6243514000
2020,4,11710620,가락본동,3521561,7412452000
2020,4,11710631,가락1동,4973588,5057507000
2020,4,11710632,가락2동,3910198,5272748000
2020,4,11710641,문정1동,3568357,3190308000
2020,4,11710642,문정2동,4425648,22118448000
2020,4,11710646,장지동,3263464,3439986000
2020,4,11710647,위례동,4202887,3502532000
2020,4,11710650,잠실본동,3079387,14378312000
2020,4,11710670,잠실2동,6352641,2523339000
2020,4,11710680,잠실3동,5452682,4862940000
2020,4,11710690,잠실4동,6007987,1274848000
2020,4,11710710,잠실6동,5237775,21257394000
2020,4,11710720,잠실7동,6014516,289578000
2020,4,11740515,강일동,3073250,2956524000
2020,4,11740520,상일동,3690212,2869329000
2020,4,11740530,명일1동,3540203,5239618000
2020,4,11740540,명일2동,4514278,3810024000
2020,4,11740550,고덕1동,4618641,1869353000
2020,4,11740560,고덕2동,2465499,2139538000
2020,4,11740570,암사1동,2852157,5191384000
2020,4,11740580,암사2동,3688535,2532634000
2020,4,11740590,암사3동,4470889,1226258000
2020,4,11740600,천호1동,2473111,2579441000
2020,4,11740610,천호2동,2749741,97315820000
2020,4,11740620,천호3동,3165328,4049638000
2020,4,11740640,성내1동,3438376,4643475000
2020,4,11740650,성내2동,2824592,6248567000
2020,4,11740660,성내3동,2897346,5829397000
2020,4,11740685,길동,2840603,10119944000
2020,4,11740690,둔촌1동,3596734,18420000
2020,4,11740700,둔촌2동,3414406,3289786000
2021,1,11110515,청운효자동,3780222,2205613000
2021,1,11110530,사직동,5007768,40311093000
2021,1,11110540,삼청동,3442534,1762021000
2021,1,11110550,부암동,3647449,1058077000
2021,1,11110560,평창동,4504006,2154736000
2021,1,11110570,무악동,5136717,1728042000
2021,1,11110580,교남동,4616890,1661909000
2021,1,11110600,가회동,3479766,1549393000
2021,1,11110615,종로1?2?3?4가동,3245251,210998915000
2021,1,11110630,종로5?6가동,2531450,6483850000
2021,1,11110640,이화동,3024996,9030209000
2021,1,11110650,혜화동,3333112,5899872000
2021,1,11110670,창신1동,2393308,1661562000
2021,1,11110680,창신2동,2112817,695032000
2021,1,11110690,창신3동,3006052,348388000
2021,1,11110700,숭인1동,2868519,623758000
2021,1,11110710,숭인2동,2607311,1423824000
2021,1,11140520,소공동,5380521,1426539815000
2021,1,11140540,회현동,4442451,499167941000
2021,1,11140550,명동,3733600,46546968000
2021,1,11140570,필동,3033044,2812687000
2021,1,11140580,장충동,2895026,2004544000
2021,1,11140590,광희동,3229604,8136563000
2021,1,11140605,을지로동,3082514,16798004000
2021,1,11140615,신당동,2816850,3287994000
2021,1,11140625,다산동,2679845,2528398000
2021,1,11140635,약수동,3894878,2280270000
2021,1,11140645,청구동,3566241,1256845000
2021,1,11140650,신당5동,3027979,1638805000
2021,1,11140665,동화동,3621349,1387233000
2021,1,11140670,황학동,3247840,2722438000
2021,1,11140680,중림동,4435938,1780322000
2021,1,11170510,후암동,3013677,1747882000
2021,1,11170520,용산2가동,2540319,117030517000
2021,1,11170530,남영동,3183091,50869168000
2021,1,11170555,청파동,2608804,2231708000
2021,1,11170560,원효로1동,4450695,2356138000
2021,1,11170570,원효로2동,3817026,696050000
2021,1,11170580,효창동,3523201,939730000
2021,1,11170590,용문동,3568910,1179863000
2021,1,11170625,한강로동,4948344,30241198000
2021,1,11170630,이촌1동,5974291,2492344000
2021,1,11170640,이촌2동,3596083,1152856000
2021,1,11170650,이태원1동,3682946,3606115000
2021,1,11170660,이태원2동,3261019,1444850000
2021,1,11170685,한남동,4381088,9794508000
2021,1,11170690,서빙고동,4208562,1260429000
2021,1,11170700,보광동,2545653,938529000
2021,1,11200520,왕십리2동,3474994,1603131000
2021,1,11200535,왕십리도선동,4015131,6662611000
2021,1,11200540,마장동,3021967,5043783000
2021,1,11200550,사근동,3099614,3589310000
2021,1,11200560,행당1동,3900841,4557316000
2021,1,11200570,행당2동,4408744,1327888000
2021,1,11200580,응봉동,3858472,436254000
2021,1,11200590,금호1가동,4010011,929511000
2021,1,11200615,금호2?3가동,3751434,1968926000
2021,1,11200620,금호4가동,4442144,2501341000
2021,1,11200645,옥수동,4836487,3034471000
2021,1,11200650,성수1가1동,3870717,2397855000
2021,1,11200660,성수1가2동,3263294,6240226000
2021,1,11200670,성수2가1동,2900762,4744994000
2021,1,11200690,성수2가3동,3358391,10638893000
2021,1,11200720,송정동,2566462,677043000
2021,1,11200790,용답동,2484354,8075578000
2021,1,11215710,화양동,2470026,10795813000
2021,1,11215730,군자동,2604535,3858896000
2021,1,11215740,중곡1동,2542359,3779988000
2021,1,11215750,중곡2동,2555101,2952584000
2021,1,11215760,중곡3동,2390961,2253036000
2021,1,11215770,중곡4동,2523958,2799681000
2021,1,11215780,능동,2846023,4434182000
2021,1,11215810,광장동,5284540,3196961000
2021,1,11215820,자양1동,2745988,4105999000
2021,1,11215830,자양2동,2999213,2807628000
2021,1,11215840,자양3동,4353416,3263911000
2021,1,11215847,자양4동,2795134,5523624000
2021,1,11215850,구의1동,2683701,3159326000
2021,1,11215860,구의2동,2948328,3678779000
2021,1,11215870,구의3동,4010979,8815918000
2021,1,11230536,용신동,2894254,12942882000
2021,1,11230545,제기동,2792227,7162977000
2021,1,11230560,전농1동,3070695,3935869000
2021,1,11230570,전농2동,3136080,1302185000
2021,1,11230600,답십리1동,3538405,5766765000
2021,1,11230610,답십리2동,3049260,4328112000
2021,1,11230650,장안1동,2863708,8667470000
2021,1,11230660,장안2동,2920490,8712276000
2021,1,11230705,청량리동,2860315,3115083000
2021,1,11230710,회기동,3217279,9195030000
2021,1,11230720,휘경1동,2722774,2669325000
2021,1,11230730,휘경2동,3071586,1798827000
2021,1,11230740,이문1동,3000929,2159966000
2021,1,11230750,이문2동,3137841,1387774000
2021,1,11260520,면목2동,2322173,2947924000
2021,1,11260540,면목4동,2573570,714098000
2021,1,11260550,면목5동,2233073,1669728000
2021,1,11260565,면목본동,2336892,3406922000
2021,1,11260570,면목7동,2655671,3305275000
2021,1,11260575,면목3?8동,2354962,2985517000
2021,1,11260580,상봉1동,2969913,3170611000
2021,1,11260590,상봉2동,2575432,6838135000
2021,1,11260600,중화1동,2518956,1292041000
2021,1,11260610,중화2동,2253552,3578602000
2021,1,11260620,묵1동,3120718,3308044000
2021,1,11260630,묵2동,2533867,2595932000
2021,1,11260655,망우본동,2443681,6264299000
2021,1,11260660,망우3동,2231082,1074061000
2021,1,11260680,신내1동,2780491,4310769000
2021,1,11260690,신내2동,3060535,3098068000
2021,1,11290525,성북동,3470748,2499830000
2021,1,11290555,삼선동,3057377,4507371000
2021,1,11290575,동선동,2821008,8079446000
2021,1,11290580,돈암1동,3583117,884541000
2021,1,11290590,돈암2동,4297592,718185000
2021,1,11290600,안암동,2896471,3700657000
2021,1,11290610,보문동,3162623,2581969000
2021,1,11290620,정릉1동,3341356,1357159000
2021,1,11290630,정릉2동,2934717,2784357000
2021,1,11290640,정릉3동,2482564,1258370000
2021,1,11290650,정릉4동,3038165,2918249000
2021,1,11290660,길음1동,4462339,4049679000
2021,1,11290685,길음2동,3736133,5064847000
2021,1,11290705,종암동,3381883,4766480000
2021,1,11290715,월곡1동,3294213,2585962000
2021,1,11290725,월곡2동,3138026,4291658000
2021,1,11290760,장위1동,2231978,1186041000
2021,1,11290770,장위2동,2411293,1838776000
2021,1,11290780,장위3동,3113825,1145217000
2021,1,11290810,석관동,2864182,4735364000
2021,1,11305534,삼양동,2473211,2721552000
2021,1,11305535,미아동,2318870,4007440000
2021,1,11305545,송중동,2555447,7221883000
2021,1,11305555,송천동,2444557,3932412000
2021,1,11305575,삼각산동,3734477,2310869000
2021,1,11305595,번1동,2303972,4973434000
2021,1,11305603,번2동,2308539,780382000
2021,1,11305608,번3동,2548326,2036091000
2021,1,11305615,수유1동,2220463,3684410000
2021,1,11305625,수유2동,2577008,1514317000
2021,1,11305635,수유3동,2205999,7365018000
2021,1,11305645,우이동,2457144,2351986000
2021,1,11305660,인수동,2359990,2004412000
2021,1,11320511,창1동,3038009,2844534000
2021,1,11320512,창2동,2551630,2830982000
2021,1,11320513,창3동,2229423,961534000
2021,1,11320514,창4동,3547959,2577790000
2021,1,11320515,창5동,3298026,5522512000
2021,1,11320521,도봉1동,2275377,3429762000
2021,1,11320522,도봉2동,2811820,2086303000
2021,1,11320660,쌍문1동,2440535,1387315000
2021,1,11320670,쌍문2동,2430154,3529050000
2021,1,11320680,쌍문3동,2438072,2203303000
2021,1,11320681,쌍문4동,2968285,1373345000
2021,1,11320690,방학1동,2895702,6406947000
2021,1,11320700,방학2동,2099146,1816951000
2021,1,11320710,방학3동,2962092,1512131000
2021,1,11350560,월계1동,2777397,4010353000
2021,1,11350570,월계2동,2728093,1514991000
2021,1,11350580,월계3동,3110675,7325424000
2021,1,11350595,공릉1동,2786137,9385963000
2021,1,11350600,공릉2동,3394877,5924916000
2021,1,11350611,하계1동,3611061,4981220000
2021,1,11350612,하계2동,3625940,525035000
2021,1,11350619,중계본동,4197248,5276512000
2021,1,11350621,중계1동,4623227,3670830000
2021,1,11350624,중계4동,3196660,3063805000
2021,1,11350625,중계2?3동,2936682,8104962000
2021,1,11350630,상계1동,3030316,6382894000
2021,1,11350640,상계2동,3122902,16099923000
2021,1,11350665,상계3?4동,2644186,1212215000
2021,1,11350670,상계5동,2481440,2128762000
2021,1,11350695,상계6?7동,3152836,10305008000
2021,1,11350700,상계8동,3153561,1111502000
2021,1,11350710,상계9동,2955988,1318017000
2021,1,11350720,상계10동,3132098,618772000
2021,1,11380510,녹번동,3055864,4055712000
2021,1,11380520,불광1동,3182963,5514932000
2021,1,11380530,불광2동,2396457,3749370000
2021,1,11380551,갈현1동,2481200,4111003000
2021,1,11380552,갈현2동,2539257,5301940000
2021,1,11380560,구산동,2602334,2216780000
2021,1,11380570,대조동,2535013,5874828000
2021,1,11380580,응암1동,2726133,4759811000
2021,1,11380590,응암2동,3510245,1730657000
2021,1,11380600,응암3동,2360910,5072193000
2021,1,11380625,역촌동,2521877,5589175000
2021,1,11380631,신사1동,2637581,3387807000
2021,1,11380632,신사2동,2635300,1169748000
2021,1,11380640,증산동,2838450,2100044000
2021,1,11380650,수색동,3253972,861524000
2021,1,11380690,진관동,4070863,11459537000
2021,1,11410520,천연동,4197718,1949486000
2021,1,11410555,북아현동,4172659,1958915000
2021,1,11410565,충현동,3210231,2629035000
2021,1,11410585,신촌동,3331768,14974831000
2021,1,11410615,연희동,3383749,66907462000
2021,1,11410620,홍제1동,3459117,2398412000
2021,1,11410640,홍제3동,2807766,3105888000
2021,1,11410655,홍제2동,3664523,1426132000
2021,1,11410660,홍은1동,3093859,1114006000
2021,1,11410685,홍은2동,2874442,2459831000
2021,1,11410690,남가좌1동,4622839,2542480000
2021,1,11410700,남가좌2동,3237719,3266040000
2021,1,11410710,북가좌1동,4005416,1586505000
2021,1,11410720,북가좌2동,2590646,2845977000
2021,1,11440555,아현동,5237419,889414552000
2021,1,11440565,공덕동,4047702,4574749000
2021,1,11440585,도화동,4217433,6066594000
2021,1,11440590,용강동,4787212,5168009000
2021,1,11440600,대흥동,3421062,3956620000
2021,1,11440610,염리동,4051438,36849010000
2021,1,11440630,신수동,4157605,2401597000
2021,1,11440655,서강동,4339738,4050357000
2021,1,11440660,서교동,3212258,35191728000
2021,1,11440680,합정동,3195027,7006970000
2021,1,11440690,망원1동,2802536,4857806000
2021,1,11440700,망원2동,2912810,2772242000
2021,1,11440710,연남동,2980162,6221749000
2021,1,11440720,성산1동,2814646,2966324000
2021,1,11440730,성산2동,3521472,6620591000
2021,1,11440740,상암동,4158486,15890269000
2021,1,11470510,목1동,5667672,213407099000
2021,1,11470520,목2동,3244963,5232323000
2021,1,11470530,목3동,3101712,4929940000
2021,1,11470540,목4동,3426858,4327321000
2021,1,11470550,목5동,5987821,9371449000
2021,1,11470560,신월1동,2227154,2688370000
2021,1,11470570,신월2동,2727225,2086936000
2021,1,11470580,신월3동,2152244,2012565000
2021,1,11470590,신월4동,2639083,2078123000
2021,1,11470600,신월5동,2615553,2192950000
2021,1,11470610,신월6동,2857257,1748711000
2021,1,11470611,신월7동,2343943,1604325000
2021,1,11470620,신정1동,5046256,3285849000
2021,1,11470630,신정2동,4725315,3432384000
2021,1,11470640,신정3동,3158844,3623435000
2021,1,11470650,신정4동,2609700,7051396000
2021,1,11470670,신정6동,5384412,2254990000
2021,1,11470680,신정7동,4094404,3452560000
2021,1,11500510,염창동,4127504,6033257000
2021,1,11500520,등촌1동,3322838,11549792000
2021,1,11500530,등촌2동,3352636,1978777000
2021,1,11500535,등촌3동,3403390,7917320000
2021,1,11500540,화곡1동,2485455,8081067000
2021,1,11500550,화곡2동,2385531,1893180000
2021,1,11500560,화곡3동,3132782,3596292000
2021,1,11500570,화곡4동,2423768,3541261000
2021,1,11500590,화곡본동,2398795,5621423000
2021,1,11500591,화곡6동,3040513,5312138000
2021,1,11500593,화곡8동,2473381,3574385000
2021,1,11500603,가양1동,3560388,58442265000
2021,1,11500604,가양2동,3065320,2752380000
2021,1,11500605,가양3동,3047051,572408000
2021,1,11500611,발산1동,3192517,16150154000
2021,1,11500615,우장산동,4135674,5845730000
2021,1,11500620,공항동,2896818,12899404000
2021,1,11500630,방화1동,3407916,5219098000
2021,1,11500640,방화2동,2708397,6679672000
2021,1,11500641,방화3동,3044446,1343486000
2021,1,11530510,신도림동,4380318,8363639000
2021,1,11530520,구로1동,3368067,1481740000
2021,1,11530530,구로2동,2453690,10845452000
2021,1,11530540,구로3동,2888444,799636473000
2021,1,11530550,구로4동,2617060,3895021000
2021,1,11530560,구로5동,3213284,12331225000
2021,1,11530595,가리봉동,2336331,882242000
2021,1,11530720,고척1동,2972418,5157790000
2021,1,11530730,고척2동,2882639,2360630000
2021,1,11530740,개봉1동,2805757,3604670000
2021,1,11530750,개봉2동,3068971,2873830000
2021,1,11530760,개봉3동,2512790,2520323000
2021,1,11530770,오류1동,2574851,2598759000
2021,1,11530780,오류2동,2781178,3591731000
2021,1,11530790,수궁동,2682295,2125336000
2021,1,11530800,항동,3007261,1059481000
2021,1,11545510,가산동,2567594,61328018000
2021,1,11545610,독산1동,3000453,7641297000
2021,1,11545620,독산2동,2251577,2133060000
2021,1,11545630,독산3동,2386851,3532938000
2021,1,11545640,독산4동,2255044,1682191000
2021,1,11545670,시흥1동,2757307,7657161000
2021,1,11545680,시흥2동,3181421,523666000
2021,1,11545690,시흥3동,2516251,1060930000
2021,1,11545700,시흥4동,2405620,963634000
2021,1,11545710,시흥5동,2375052,1351113000
2021,1,11560515,영등포본동,3286751,2769313000
2021,1,11560535,영등포동,3570107,23356527000
2021,1,11560540,여의동,5590853,224553002000
2021,1,11560550,당산1동,3536432,4266360000
2021,1,11560560,당산2동,4130932,7926745000
2021,1,11560585,도림동,3031484,2100312000
2021,1,11560605,문래동,4019445,8372910000
2021,1,11560610,양평1동,3508250,3570994000
2021,1,11560620,양평2동,3672088,5366852000
2021,1,11560630,신길1동,2780044,3180857000
2021,1,11560650,신길3동,3085442,2965617000
2021,1,11560660,신길4동,2717791,555004000
2021,1,11560670,신길5동,2656511,838319000
2021,1,11560680,신길6동,2954616,4235723000
2021,1,11560690,신길7동,3616070,1855903000
2021,1,11560700,대림1동,2582442,3633664000
2021,1,11560710,대림2동,2686240,2748510000
2021,1,11560720,대림3동,2907933,6068141000
2021,1,11590510,노량진1동,3583099,5437301000
2021,1,11590520,노량진2동,2420761,4283816000
2021,1,11590530,상도1동,3875896,5538836000
2021,1,11590540,상도2동,3826699,3399940000
2021,1,11590550,상도3동,2575897,3653728000
2021,1,11590560,상도4동,2563258,1642559000
2021,1,11590605,흑석동,4224946,7670479000
2021,1,11590620,사당1동,2855173,5931041000
2021,1,11590630,사당2동,3884988,5697579000
2021,1,11590640,사당3동,3890035,2328661000
2021,1,11590650,사당4동,2844168,1950938000
2021,1,11590651,사당5동,3047661,610775000
2021,1,11590660,대방동,3524765,5191343000
2021,1,11590670,신대방1동,3845094,2481781000
2021,1,11590680,신대방2동,3340157,73293589000
2021,1,11620525,보라매동,2529995,12870899000
2021,1,11620545,청림동,3682775,1271137000
2021,1,11620565,성현동,3455108,1271643000
2021,1,11620575,행운동,2889475,5124001000
2021,1,11620585,낙성대동,3225725,6040933000
2021,1,11620595,청룡동,2768161,7239970000
2021,1,11620605,은천동,3063077,4374356000
2021,1,11620615,중앙동,2633493,4622527000
2021,1,11620625,인헌동,2783693,3120827000
2021,1,11620630,남현동,3234026,3657449000
2021,1,11620645,서원동,2412001,7707262000
2021,1,11620655,신원동,2403237,1554413000
2021,1,11620665,서림동,2530625,2209376000
2021,1,11620685,신사동,2430662,2734331000
2021,1,11620695,신림동,2434279,6633085000
2021,1,11620715,난향동,3262195,720587000
2021,1,11620725,조원동,2523192,3771509000
2021,1,11620735,대학동,2622408,5715627000
2021,1,11620745,삼성동,2593695,1749090000
2021,1,11620765,미성동,2676537,3236809000
2021,1,11620775,난곡동,2268676,2368064000
2021,1,11650510,서초1동,4769119,9443285000
2021,1,11650520,서초2동,5196131,162715894000
2021,1,11650530,서초3동,4678950,138800960000
2021,1,11650531,서초4동,6475383,31143387000
2021,1,11650540,잠원동,5458458,7656736000
2021,1,11650550,반포본동,5583021,1261433000
2021,1,11650560,반포1동,5338302,7417136000
2021,1,11650570,반포2동,6812331,1081171000
2021,1,11650580,반포3동,6140775,3623525000
2021,1,11650581,반포4동,5280483,22299056000
2021,1,11650590,방배본동,4856162,12862005000
2021,1,11650600,방배1동,4069239,5587340000
2021,1,11650610,방배2동,3864301,91136741000
2021,1,11650620,방배3동,4681587,3907577000
2021,1,11650621,방배4동,4557937,4844572000
2021,1,11650651,양재1동,4173236,8713236000
2021,1,11650652,양재2동,3222382,7622076000
2021,1,11650660,내곡동,4047063,2102283000
2021,1,11680510,신사동,5099915,36456674000
2021,1,11680521,논현1동,3277066,35004135000
2021,1,11680531,논현2동,3973993,18459198000
2021,1,11680545,압구정동,5808537,43232577000
2021,1,11680565,청담동,5010204,29744923000
2021,1,11680580,삼성1동,5098096,32960105000
2021,1,11680590,삼성2동,5055114,11046185000
2021,1,11680600,대치1동,7421305,9456976000
2021,1,11680610,대치2동,6017362,30683463000
2021,1,11680630,대치4동,4101144,54289178000
2021,1,11680640,역삼1동,3607265,975878581000
2021,1,11680650,역삼2동,5367397,623524562000
2021,1,11680655,도곡1동,5412484,25927976000
2021,1,11680656,도곡2동,6567504,38062898000
2021,1,11680660,개포1동,5336373,148133000
2021,1,11680670,개포2동,5195802,1809775000
2021,1,11680690,개포4동,3550527,2988514000
2021,1,11680700,세곡동,3885403,4946915000
2021,1,11680720,일원본동,5444886,2842829000
2021,1,11680730,일원1동,3022931,1680221000
2021,1,11680740,일원2동,4553185,1362306000
2021,1,11680750,수서동,3847379,58734478000
2021,1,11710510,풍납1동,3011150,1158862000
2021,1,11710520,풍납2동,3891704,4078500000
2021,1,11710531,거여1동,2789100,1615132000
2021,1,11710532,거여2동,3033238,2410504000
2021,1,11710540,마천1동,2435636,1533992000
2021,1,11710550,마천2동,2339431,3323460000
2021,1,11710561,방이1동,3970520,4571757000
2021,1,11710562,방이2동,2928271,12495373000
2021,1,11710566,오륜동,6095160,1929674000
2021,1,11710570,오금동,3510674,5752887000
2021,1,11710580,송파1동,3129216,7012953000
2021,1,11710590,송파2동,4370970,2781242000
2021,1,11710600,석촌동,2927911,8256110000
2021,1,11710610,삼전동,2779980,6094257000
2021,1,11710620,가락본동,3521561,6498286000
2021,1,11710631,가락1동,4973588,4860327000
2021,1,11710632,가락2동,3910198,5045479000
2021,1,11710641,문정1동,3568357,2582941000
2021,1,11710642,문정2동,4425648,21091259000
2021,1,11710646,장지동,3263464,3268493000
2021,1,11710647,위례동,4202887,3666005000
2021,1,11710650,잠실본동,3079387,13894744000
2021,1,11710670,잠실2동,6352641,2427368000
2021,1,11710680,잠실3동,5452682,4538471000
2021,1,11710690,잠실4동,6007987,1254359000
2021,1,11710710,잠실6동,5237775,20568668000
2021,1,11710720,잠실7동,6014516,277357000
2021,1,11740515,강일동,3073250,2915103000
2021,1,11740520,상일동,3690212,2900541000
2021,1,11740530,명일1동,3540203,5188866000
2021,1,11740540,명일2동,4514278,4284779000
2021,1,11740550,고덕1동,4618641,1735042000
2021,1,11740560,고덕2동,2465499,2221895000
2021,1,11740570,암사1동,2852157,5053727000
2021,1,11740580,암사2동,3688535,2467255000
2021,1,11740590,암사3동,4470889,1231528000
2021,1,11740600,천호1동,2473111,2257855000
2021,1,11740610,천호2동,2749741,97646778000
2021,1,11740620,천호3동,3165328,3615729000
2021,1,11740640,성내1동,3438376,4491626000
2021,1,11740650,성내2동,2824592,5999838000
2021,1,11740660,성내3동,2897346,5644178000
2021,1,11740685,길동,2840603,9708396000
2021,1,11740690,둔촌1동,3596734,15763000
2021,1,11740700,둔촌2동,3414406,3165551000
2021,2,11110515,청운효자동,3780222,2459166000
2021,2,11110530,사직동,5007768,51325310000
2021,2,11110540,삼청동,3442534,2425939000
2021,2,11110550,부암동,3647449,1290409000
2021,2,11110560,평창동,4504006,2551677000
2021,2,11110570,무악동,5136717,1989358000
2021,2,11110580,교남동,4616890,1932643000
2021,2,11110600,가회동,3479766,2025431000
2021,2,11110615,종로1?2?3?4가동,3245251,221644038000
2021,2,11110630,종로5?6가동,2531450,7637462000
2021,2,11110640,이화동,3024996,6159600000
2021,2,11110650,혜화동,3333112,6761879000
2021,2,11110670,창신1동,2393308,2013743000
2021,2,11110680,창신2동,2112817,787678000
2021,2,11110690,창신3동,3006052,383177000
2021,2,11110700,숭인1동,2868519,684914000
2021,2,11110710,숭인2동,2607311,1652872000
2021,2,11140520,소공동,5380521,1472178571000
2021,2,11140540,회현동,4442451,555259334000
2021,2,11140550,명동,3733600,55297008000
2021,2,11140570,필동,3033044,3664055000
2021,2,11140580,장충동,2895026,2218451000
2021,2,11140590,광희동,3229604,9842992000
2021,2,11140605,을지로동,3082514,20065908000
2021,2,11140615,신당동,2816850,3962398000
2021,2,11140625,다산동,2679845,2982201000
2021,2,11140635,약수동,3894878,2406022000
2021,2,11140645,청구동,3566241,1381861000
2021,2,11140650,신당5동,3027979,1961712000
2021,2,11140665,동화동,3621349,1556847000
2021,2,11140670,황학동,3247840,3235633000
2021,2,11140680,중림동,4435938,2146455000
2021,2,11170510,후암동,3013677,1970078000
2021,2,11170520,용산2가동,2540319,115749552000
2021,2,11170530,남영동,3183091,53818618000
2021,2,11170555,청파동,2608804,2625041000
2021,2,11170560,원효로1동,4450695,2694122000
2021,2,11170570,원효로2동,3817026,852848000
2021,2,11170580,효창동,3523201,1071444000
2021,2,11170590,용문동,3568910,1237223000
2021,2,11170625,한강로동,4948344,34347121000
2021,2,11170630,이촌1동,5974291,2895264000
2021,2,11170640,이촌2동,3596083,1108064000
2021,2,11170650,이태원1동,3682946,4899207000
2021,2,11170660,이태원2동,3261019,1886259000
2021,2,11170685,한남동,4381088,12381592000
2021,2,11170690,서빙고동,4208562,1545547000
2021,2,11170700,보광동,2545653,1072269000
2021,2,11200520,왕십리2동,3474994,1822659000
2021,2,11200535,왕십리도선동,4015131,7455106000
2021,2,11200540,마장동,3021967,4645471000
2021,2,11200550,사근동,3099614,4562062000
2021,2,11200560,행당1동,3900841,5230294000
2021,2,11200570,행당2동,4408744,1533248000
2021,2,11200580,응봉동,3858472,480466000
2021,2,11200590,금호1가동,4010011,1154619000
2021,2,11200615,금호2?3가동,3751434,2172886000
2021,2,11200620,금호4가동,4442144,2667002000
2021,2,11200645,옥수동,4836487,3383955000
2021,2,11200650,성수1가1동,3870717,3214809000
2021,2,11200660,성수1가2동,3263294,8315741000
2021,2,11200670,성수2가1동,2900762,5367532000
2021,2,11200690,성수2가3동,3358391,12787535000
2021,2,11200720,송정동,2566462,768809000
2021,2,11200790,용답동,2484354,9096629000
2021,2,11215710,화양동,2470026,13648132000
2021,2,11215730,군자동,2604535,4844718000
2021,2,11215740,중곡1동,2542359,4119166000
2021,2,11215750,중곡2동,2555101,3378393000
2021,2,11215760,중곡3동,2390961,2438959000
2021,2,11215770,중곡4동,2523958,3063253000
2021,2,11215780,능동,2846023,5344056000
2021,2,11215810,광장동,5284540,3693079000
2021,2,11215820,자양1동,2745988,4473493000
2021,2,11215830,자양2동,2999213,3270518000
2021,2,11215840,자양3동,4353416,4330178000
2021,2,11215847,자양4동,2795134,6605057000
2021,2,11215850,구의1동,2683701,3566774000
2021,2,11215860,구의2동,2948328,3818939000
2021,2,11215870,구의3동,4010979,10130481000
2021,2,11230536,용신동,2894254,13709646000
2021,2,11230545,제기동,2792227,7676627000
2021,2,11230560,전농1동,3070695,4559808000
2021,2,11230570,전농2동,3136080,1348492000
2021,2,11230600,답십리1동,3538405,6642524000
2021,2,11230610,답십리2동,3049260,4417354000
2021,2,11230650,장안1동,2863708,9568494000
2021,2,11230660,장안2동,2920490,10014394000
2021,2,11230705,청량리동,2860315,3332238000
2021,2,11230710,회기동,3217279,9702226000
2021,2,11230720,휘경1동,2722774,2883425000
2021,2,11230730,휘경2동,3071586,2162115000
2021,2,11230740,이문1동,3000929,2420089000
2021,2,11230750,이문2동,3137841,1454724000
2021,2,11260520,면목2동,2322173,3465333000
2021,2,11260540,면목4동,2573570,834965000
2021,2,11260550,면목5동,2233073,2133945000
2021,2,11260565,면목본동,2336892,3812082000
2021,2,11260570,면목7동,2655671,3465123000
2021,2,11260575,면목3?8동,2354962,3418747000
2021,2,11260580,상봉1동,2969913,3278114000
2021,2,11260590,상봉2동,2575432,7783414000
2021,2,11260600,중화1동,2518956,1409767000
2021,2,11260610,중화2동,2253552,4062163000
2021,2,11260620,묵1동,3120718,3852070000
2021,2,11260630,묵2동,2533867,3007025000
2021,2,11260655,망우본동,2443681,6310170000
2021,2,11260660,망우3동,2231082,1339032000
2021,2,11260680,신내1동,2780491,4843467000
2021,2,11260690,신내2동,3060535,3205837000
2021,2,11290525,성북동,3470748,3102307000
2021,2,11290555,삼선동,3057377,5161750000
2021,2,11290575,동선동,2821008,9090371000
2021,2,11290580,돈암1동,3583117,977764000
2021,2,11290590,돈암2동,4297592,765827000
2021,2,11290600,안암동,2896471,4426048000
2021,2,11290610,보문동,3162623,2939151000
2021,2,11290620,정릉1동,3341356,1484638000
2021,2,11290630,정릉2동,2934717,3062427000
2021,2,11290640,정릉3동,2482564,1326948000
2021,2,11290650,정릉4동,3038165,3286242000
2021,2,11290660,길음1동,4462339,4300131000
2021,2,11290685,길음2동,3736133,5488310000
2021,2,11290705,종암동,3381883,5272116000
2021,2,11290715,월곡1동,3294213,2854148000
2021,2,11290725,월곡2동,3138026,4784401000
2021,2,11290760,장위1동,2231978,1382002000
2021,2,11290770,장위2동,2411293,2122033000
2021,2,11290780,장위3동,3113825,1377066000
2021,2,11290810,석관동,2864182,4764582000
2021,2,11305534,삼양동,2473211,2934952000
2021,2,11305535,미아동,2318870,4220381000
2021,2,11305545,송중동,2555447,8040363000
2021,2,11305555,송천동,2444557,4223022000
2021,2,11305575,삼각산동,3734477,2486475000
2021,2,11305595,번1동,2303972,5788934000
2021,2,11305603,번2동,2308539,939419000
2021,2,11305608,번3동,2548326,2179494000
2021,2,11305615,수유1동,2220463,4036540000
2021,2,11305625,수유2동,2577008,1669329000
2021,2,11305635,수유3동,2205999,8312472000
2021,2,11305645,우이동,2457144,3093573000
2021,2,11305660,인수동,2359990,2265954000
2021,2,11320511,창1동,3038009,3068388000
2021,2,11320512,창2동,2551630,2958030000
2021,2,11320513,창3동,2229423,1062080000
2021,2,11320514,창4동,3547959,2870411000
2021,2,11320515,창5동,3298026,6190235000
2021,2,11320521,도봉1동,2275377,4069734000
2021,2,11320522,도봉2동,2811820,2308878000
2021,2,11320660,쌍문1동,2440535,1561963000
2021,2,11320670,쌍문2동,2430154,4009028000
2021,2,11320680,쌍문3동,2438072,2364739000
2021,2,11320681,쌍문4동,2968285,1533987000
2021,2,11320690,방학1동,2895702,6831556000
2021,2,11320700,방학2동,2099146,1934719000
2021,2,11320710,방학3동,2962092,1747020000
2021,2,11350560,월계1동,2777397,4563054000
2021,2,11350570,월계2동,2728093,1589003000
2021,2,11350580,월계3동,3110675,7095558000
2021,2,11350595,공릉1동,2786137,10485011000
2021,2,11350600,공릉2동,3394877,6976784000
2021,2,11350611,하계1동,3611061,5940927000
2021,2,11350612,하계2동,3625940,585596000
2021,2,11350619,중계본동,4197248,5472627000
2021,2,11350621,중계1동,4623227,3999362000
2021,2,11350624,중계4동,3196660,3542440000
2021,2,11350625,중계2?3동,2936682,9020391000
2021,2,11350630,상계1동,3030316,7159782000
2021,2,11350640,상계2동,3122902,18914812000
2021,2,11350665,상계3?4동,2644186,1368809000
2021,2,11350670,상계5동,2481440,2192436000
2021,2,11350695,상계6?7동,3152836,11305593000
2021,2,11350700,상계8동,3153561,1184382000
2021,2,11350710,상계9동,2955988,1416198000
2021,2,11350720,상계10동,3132098,664609000
2021,2,11380510,녹번동,3055864,4549461000
2021,2,11380520,불광1동,3182963,6089212000
2021,2,11380530,불광2동,2396457,4004780000
2021,2,11380551,갈현1동,2481200,4426736000
2021,2,11380552,갈현2동,2539257,5772700000
2021,2,11380560,구산동,2602334,2430634000
2021,2,11380570,대조동,2535013,6328780000
2021,2,11380580,응암1동,2726133,5351552000
2021,2,11380590,응암2동,3510245,1849871000
2021,2,11380600,응암3동,2360910,5393279000
2021,2,11380625,역촌동,2521877,6371675000
2021,2,11380631,신사1동,2637581,3757635000
2021,2,11380632,신사2동,2635300,1217286000
2021,2,11380640,증산동,2838450,2283406000
2021,2,11380650,수색동,3253972,1009828000
2021,2,11380690,진관동,4070863,13773161000
2021,2,11410520,천연동,4197718,2119347000
2021,2,11410555,북아현동,4172659,2211177000
2021,2,11410565,충현동,3210231,3147032000
2021,2,11410585,신촌동,3331768,17221496000
2021,2,11410615,연희동,3383749,77274957000
2021,2,11410620,홍제1동,3459117,2820051000
2021,2,11410640,홍제3동,2807766,3362840000
2021,2,11410655,홍제2동,3664523,1588732000
2021,2,11410660,홍은1동,3093859,1220255000
2021,2,11410685,홍은2동,2874442,2740327000
2021,2,11410690,남가좌1동,4622839,2678344000
2021,2,11410700,남가좌2동,3237719,3693938000
2021,2,11410710,북가좌1동,4005416,1799635000
2021,2,11410720,북가좌2동,2590646,3209204000
2021,2,11440555,아현동,5237419,906098760000
2021,2,11440565,공덕동,4047702,4802204000
2021,2,11440585,도화동,4217433,7117341000
2021,2,11440590,용강동,4787212,5997323000
2021,2,11440600,대흥동,3421062,4629459000
2021,2,11440610,염리동,4051438,44996644000
2021,2,11440630,신수동,4157605,2599258000
2021,2,11440655,서강동,4339738,4465062000
2021,2,11440660,서교동,3212258,43218180000
2021,2,11440680,합정동,3195027,8259505000
2021,2,11440690,망원1동,2802536,5792452000
2021,2,11440700,망원2동,2912810,3260184000
2021,2,11440710,연남동,2980162,7782529000
2021,2,11440720,성산1동,2814646,3266062000
2021,2,11440730,성산2동,3521472,6657012000
2021,2,11440740,상암동,4158486,16358377000
2021,2,11470510,목1동,5667672,220764224000
2021,2,11470520,목2동,3244963,5928389000
2021,2,11470530,목3동,3101712,5210092000
2021,2,11470540,목4동,3426858,4892555000
2021,2,11470550,목5동,5987821,9875094000
2021,2,11470560,신월1동,2227154,2958642000
2021,2,11470570,신월2동,2727225,2166756000
2021,2,11470580,신월3동,2152244,2235247000
2021,2,11470590,신월4동,2639083,2320712000
2021,2,11470600,신월5동,2615553,2611868000
2021,2,11470610,신월6동,2857257,1976444000
2021,2,11470611,신월7동,2343943,1836781000
2021,2,11470620,신정1동,5046256,3686417000
2021,2,11470630,신정2동,4725315,3787819000
2021,2,11470640,신정3동,3158844,4183310000
2021,2,11470650,신정4동,2609700,7892230000
2021,2,11470670,신정6동,5384412,2436467000
2021,2,11470680,신정7동,4094404,3839709000
2021,2,11500510,염창동,4127504,6729117000
2021,2,11500520,등촌1동,3322838,15585996000
2021,2,11500530,등촌2동,3352636,2096160000
2021,2,11500535,등촌3동,3403390,8741557000
2021,2,11500540,화곡1동,2485455,8988937000
2021,2,11500550,화곡2동,2385531,2066485000
2021,2,11500560,화곡3동,3132782,3857003000
2021,2,11500570,화곡4동,2423768,3723519000
2021,2,11500590,화곡본동,2398795,5989792000
2021,2,11500591,화곡6동,3040513,5859113000
2021,2,11500593,화곡8동,2473381,3721453000
2021,2,11500603,가양1동,3560388,70862892000
2021,2,11500604,가양2동,3065320,2762426000
2021,2,11500605,가양3동,3047051,582585000
2021,2,11500611,발산1동,3192517,17184877000
2021,2,11500615,우장산동,4135674,6345375000
2021,2,11500620,공항동,2896818,16269956000
2021,2,11500630,방화1동,3407916,5946320000
2021,2,11500640,방화2동,2708397,7155200000
2021,2,11500641,방화3동,3044446,1418769000
2021,2,11530510,신도림동,4380318,9278276000
2021,2,11530520,구로1동,3368067,1560602000
2021,2,11530530,구로2동,2453690,11939681000
2021,2,11530540,구로3동,2888444,831325694000
2021,2,11530550,구로4동,2617060,4276952000
2021,2,11530560,구로5동,3213284,13308554000
2021,2,11530595,가리봉동,2336331,1115696000
2021,2,11530720,고척1동,2972418,5664999000
2021,2,11530730,고척2동,2882639,2710465000
2021,2,11530740,개봉1동,2805757,4079359000
2021,2,11530750,개봉2동,3068971,3087995000
2021,2,11530760,개봉3동,2512790,2664072000
2021,2,11530770,오류1동,2574851,2838640000
2021,2,11530780,오류2동,2781178,3804348000
2021,2,11530790,수궁동,2682295,2316643000
2021,2,11530800,항동,3007261,1225855000
2021,2,11545510,가산동,2567594,82132035000
2021,2,11545610,독산1동,3000453,8323421000
2021,2,11545620,독산2동,2251577,2279447000
2021,2,11545630,독산3동,2386851,3743681000
2021,2,11545640,독산4동,2255044,1848831000
2021,2,11545670,시흥1동,2757307,8425273000
2021,2,11545680,시흥2동,3181421,546327000
2021,2,11545690,시흥3동,2516251,1512429000
2021,2,11545700,시흥4동,2405620,1052617000
2021,2,11545710,시흥5동,2375052,1447927000
2021,2,11560515,영등포본동,3286751,3034044000
2021,2,11560535,영등포동,3570107,23533343000
2021,2,11560540,여의동,5590853,248063334000
2021,2,11560550,당산1동,3536432,4579782000
2021,2,11560560,당산2동,4130932,8700754000
2021,2,11560585,도림동,3031484,2229693000
2021,2,11560605,문래동,4019445,9754631000
2021,2,11560610,양평1동,3508250,4066628000
2021,2,11560620,양평2동,3672088,6160619000
2021,2,11560630,신길1동,2780044,3546969000
2021,2,11560650,신길3동,3085442,3122365000
2021,2,11560660,신길4동,2717791,611073000
2021,2,11560670,신길5동,2656511,1324889000
2021,2,11560680,신길6동,2954616,4818661000
2021,2,11560690,신길7동,3616070,2000305000
2021,2,11560700,대림1동,2582442,3644660000
2021,2,11560710,대림2동,2686240,3390232000
2021,2,11560720,대림3동,2907933,6858959000
2021,2,11590510,노량진1동,3583099,6152376000
2021,2,11590520,노량진2동,2420761,3832107000
2021,2,11590530,상도1동,3875896,6143780000
2021,2,11590540,상도2동,3826699,4079597000
2021,2,11590550,상도3동,2575897,3874545000
2021,2,11590560,상도4동,2563258,1815315000
2021,2,11590605,흑석동,4224946,8357363000
2021,2,11590620,사당1동,2855173,6844768000
2021,2,11590630,사당2동,3884988,6435383000
2021,2,11590640,사당3동,3890035,2490083000
2021,2,11590650,사당4동,2844168,2061491000
2021,2,11590651,사당5동,3047661,732449000
2021,2,11590660,대방동,3524765,6633521000
2021,2,11590670,신대방1동,3845094,2676946000
2021,2,11590680,신대방2동,3340157,87052596000
2021,2,11620525,보라매동,2529995,13340449000
2021,2,11620545,청림동,3682775,1283069000
2021,2,11620565,성현동,3455108,1360681000
2021,2,11620575,행운동,2889475,5613341000
2021,2,11620585,낙성대동,3225725,6988326000
2021,2,11620595,청룡동,2768161,8014959000
2021,2,11620605,은천동,3063077,5401699000
2021,2,11620615,중앙동,2633493,5135629000
2021,2,11620625,인헌동,2783693,3497259000
2021,2,11620630,남현동,3234026,3993822000
2021,2,11620645,서원동,2412001,8929021000
2021,2,11620655,신원동,2403237,1617469000
2021,2,11620665,서림동,2530625,2249961000
2021,2,11620685,신사동,2430662,2845505000
2021,2,11620695,신림동,2434279,7469720000
2021,2,11620715,난향동,3262195,795679000
2021,2,11620725,조원동,2523192,4271101000
2021,2,11620735,대학동,2622408,6290275000
2021,2,11620745,삼성동,2593695,1826741000
2021,2,11620765,미성동,2676537,3610999000
2021,2,11620775,난곡동,2268676,2481854000
2021,2,11650510,서초1동,4769119,10528270000
2021,2,11650520,서초2동,5196131,166801797000
2021,2,11650530,서초3동,4678950,148732177000
2021,2,11650531,서초4동,6475383,29853025000
2021,2,11650540,잠원동,5458458,8631917000
2021,2,11650550,반포본동,5583021,1298084000
2021,2,11650560,반포1동,5338302,8482479000
2021,2,11650570,반포2동,6812331,1501045000
2021,2,11650580,반포3동,6140775,4358627000
2021,2,11650581,반포4동,5280483,24691647000
2021,2,11650590,방배본동,4856162,13401000000
2021,2,11650600,방배1동,4069239,6172311000
2021,2,11650610,방배2동,3864301,87798024000
2021,2,11650620,방배3동,4681587,4246140000
2021,2,11650621,방배4동,4557937,5470373000
2021,2,11650651,양재1동,4173236,10097650000
2021,2,11650652,양재2동,3222382,9088840000
2021,2,11650660,내곡동,4047063,2501627000
2021,2,11680510,신사동,5099915,38397112000
2021,2,11680521,논현1동,3277066,36717795000
2021,2,11680531,논현2동,3973993,21206650000
2021,2,11680545,압구정동,5808537,46133953000
2021,2,11680565,청담동,5010204,32259608000
2021,2,11680580,삼성1동,5098096,38023940000
2021,2,11680590,삼성2동,5055114,12523499000
2021,2,11680600,대치1동,7421305,10447305000
2021,2,11680610,대치2동,6017362,26666707000
2021,2,11680630,대치4동,4101144,56757866000
2021,2,11680640,역삼1동,3607265,977039081000
2021,2,11680650,역삼2동,5367397,669432993000
2021,2,11680655,도곡1동,5412484,28788471000
2021,2,11680656,도곡2동,6567504,41172165000
2021,2,11680660,개포1동,5336373,168616000
2021,2,11680670,개포2동,5195802,2024455000
2021,2,11680690,개포4동,3550527,3434449000
2021,2,11680700,세곡동,3885403,5459291000
2021,2,11680720,일원본동,5444886,3122229000
2021,2,11680730,일원1동,3022931,2029309000
2021,2,11680740,일원2동,4553185,1452189000
2021,2,11680750,수서동,3847379,67437373000
2021,2,11710510,풍납1동,3011150,1226197000
2021,2,11710520,풍납2동,3891704,4529690000
2021,2,11710531,거여1동,2789100,1745700000
2021,2,11710532,거여2동,3033238,2667493000
2021,2,11710540,마천1동,2435636,1572858000
2021,2,11710550,마천2동,2339431,3624981000
2021,2,11710561,방이1동,3970520,5485358000
2021,2,11710562,방이2동,2928271,14366717000
2021,2,11710566,오륜동,6095160,2424405000
2021,2,11710570,오금동,3510674,6435358000
2021,2,11710580,송파1동,3129216,8196387000
2021,2,11710590,송파2동,4370970,3047535000
2021,2,11710600,석촌동,2927911,9317973000
2021,2,11710610,삼전동,2779980,6752984000
2021,2,11710620,가락본동,3521561,7299955000
2021,2,11710631,가락1동,4973588,4513039000
2021,2,11710632,가락2동,3910198,5737461000
2021,2,11710641,문정1동,3568357,3117439000
2021,2,11710642,문정2동,4425648,23849575000
2021,2,11710646,장지동,3263464,3695078000
2021,2,11710647,위례동,4202887,4302249000
2021,2,11710650,잠실본동,3079387,15777756000
2021,2,11710670,잠실2동,6352641,3085740000
2021,2,11710680,잠실3동,5452682,6047697000
2021,2,11710690,잠실4동,6007987,1386436000
2021,2,11710710,잠실6동,5237775,22709090000
2021,2,11710720,잠실7동,6014516,322247000
2021,2,11740515,강일동,3073250,3268906000
2021,2,11740520,상일동,3690212,3201275000
2021,2,11740530,명일1동,3540203,5780415000
2021,2,11740540,명일2동,4514278,4745002000
2021,2,11740550,고덕1동,4618641,1921260000
2021,2,11740560,고덕2동,2465499,2345148000
2021,2,11740570,암사1동,2852157,5269911000
2021,2,11740580,암사2동,3688535,2787843000
2021,2,11740590,암사3동,4470889,1328020000
2021,2,11740600,천호1동,2473111,2374996000
2021,2,11740610,천호2동,2749741,91451712000
2021,2,11740620,천호3동,3165328,3978353000
2021,2,11740640,성내1동,3438376,5395152000
2021,2,11740650,성내2동,2824592,6773454000
2021,2,11740660,성내3동,2897346,6153632000
2021,2,11740685,길동,2840603,10564401000
2021,2,11740690,둔촌1동,3596734,27331000
2021,2,11740700,둔촌2동,3414406,3990385000
2021,3,11110515,청운효자동,3780222,2714158000
2021,3,11110530,사직동,5007768,49691218000
2021,3,11110540,삼청동,3442534,2160136000
2021,3,11110550,부암동,3647449,1203390000
2021,3,11110560,평창동,4504006,2449042000
2021,3,11110570,무악동,5136717,1926652000
2021,3,11110580,교남동,4616890,1911451000
2021,3,11110600,가회동,3479766,1733527000
2021,3,11110615,종로1?2?3?4가동,3245251,223930244000
2021,3,11110630,종로5?6가동,2531450,6846828000
2021,3,11110640,이화동,3024996,8613373000
2021,3,11110650,혜화동,3333112,6316044000
2021,3,11110670,창신1동,2393308,1910357000
2021,3,11110680,창신2동,2112817,829182000
2021,3,11110690,창신3동,3006052,368853000
2021,3,11110700,숭인1동,2868519,712317000
2021,3,11110710,숭인2동,2607311,1555470000
2021,3,11140520,소공동,5380521,1479310148000
2021,3,11140540,회현동,4442451,537948740000
2021,3,11140550,명동,3733600,55509810000
2021,3,11140570,필동,3033044,3233101000
2021,3,11140580,장충동,2895026,1879249000
2021,3,11140590,광희동,3229604,8446585000
2021,3,11140605,을지로동,3082514,18815861000
2021,3,11140615,신당동,2816850,3686510000
2021,3,11140625,다산동,2679845,2638389000
2021,3,11140635,약수동,3894878,2338359000
2021,3,11140645,청구동,3566241,1303868000
2021,3,11140650,신당5동,3027979,1807944000
2021,3,11140665,동화동,3621349,1584551000
2021,3,11140670,황학동,3247840,3098150000
2021,3,11140680,중림동,4435938,1964905000
2021,3,11170510,후암동,3013677,1933068000
2021,3,11170520,용산2가동,2540319,124601067000
2021,3,11170530,남영동,3183091,56895175000
2021,3,11170555,청파동,2608804,2416880000
2021,3,11170560,원효로1동,4450695,2503400000
2021,3,11170570,원효로2동,3817026,916236000
2021,3,11170580,효창동,3523201,1050330000
2021,3,11170590,용문동,3568910,1238060000
2021,3,11170625,한강로동,4948344,32494227000
2021,3,11170630,이촌1동,5974291,2684577000
2021,3,11170640,이촌2동,3596083,631903000
2021,3,11170650,이태원1동,3682946,4174280000
2021,3,11170660,이태원2동,3261019,1764643000
2021,3,11170685,한남동,4381088,11285665000
2021,3,11170690,서빙고동,4208562,1469100000
2021,3,11170700,보광동,2545653,998577000
2021,3,11200520,왕십리2동,3474994,1766457000
2021,3,11200535,왕십리도선동,4015131,7174854000
2021,3,11200540,마장동,3021967,5192115000
2021,3,11200550,사근동,3099614,3676217000
2021,3,11200560,행당1동,3900841,5052071000
2021,3,11200570,행당2동,4408744,1481364000
2021,3,11200580,응봉동,3858472,515020000
2021,3,11200590,금호1가동,4010011,1113211000
2021,3,11200615,금호2?3가동,3751434,2190843000
2021,3,11200620,금호4가동,4442144,2711084000
2021,3,11200645,옥수동,4836487,3487380000
2021,3,11200650,성수1가1동,3870717,2987508000
2021,3,11200660,성수1가2동,3263294,7497323000
2021,3,11200670,성수2가1동,2900762,5078694000
2021,3,11200690,성수2가3동,3358391,12662094000
2021,3,11200720,송정동,2566462,788460000
2021,3,11200790,용답동,2484354,8117859000
2021,3,11215710,화양동,2470026,12568417000
2021,3,11215730,군자동,2604535,5084456000
2021,3,11215740,중곡1동,2542359,4047639000
2021,3,11215750,중곡2동,2555101,3392044000
2021,3,11215760,중곡3동,2390961,2488001000
2021,3,11215770,중곡4동,2523958,3024716000
2021,3,11215780,능동,2846023,5057962000
2021,3,11215810,광장동,5284540,3680149000
2021,3,11215820,자양1동,2745988,4536623000
2021,3,11215830,자양2동,2999213,3208993000
2021,3,11215840,자양3동,4353416,4227959000
2021,3,11215847,자양4동,2795134,6153881000
2021,3,11215850,구의1동,2683701,3384035000
2021,3,11215860,구의2동,2948328,3821957000
2021,3,11215870,구의3동,4010979,9901139000
2021,3,11230536,용신동,2894254,13285609000
2021,3,11230545,제기동,2792227,8273531000
2021,3,11230560,전농1동,3070695,4599162000
2021,3,11230570,전농2동,3136080,1357318000
2021,3,11230600,답십리1동,3538405,6738951000
2021,3,11230610,답십리2동,3049260,4890774000
2021,3,11230650,장안1동,2863708,9689323000
2021,3,11230660,장안2동,2920490,9722938000
2021,3,11230705,청량리동,2860315,3695979000
2021,3,11230710,회기동,3217279,9490000000
2021,3,11230720,휘경1동,2722774,2920821000
2021,3,11230730,휘경2동,3071586,2163760000
2021,3,11230740,이문1동,3000929,2879316000
2021,3,11230750,이문2동,3137841,1533430000
2021,3,11260520,면목2동,2322173,3439106000
2021,3,11260540,면목4동,2573570,837971000
2021,3,11260550,면목5동,2233073,2280781000
2021,3,11260565,면목본동,2336892,3895875000
2021,3,11260570,면목7동,2655671,3650755000
2021,3,11260575,면목3?8동,2354962,3276903000
2021,3,11260580,상봉1동,2969913,3287506000
2021,3,11260590,상봉2동,2575432,7648645000
2021,3,11260600,중화1동,2518956,1478801000
2021,3,11260610,중화2동,2253552,3990540000
2021,3,11260620,묵1동,3120718,3759799000
2021,3,11260630,묵2동,2533867,3123270000
2021,3,11260655,망우본동,2443681,6657825000
2021,3,11260660,망우3동,2231082,1177738000
2021,3,11260680,신내1동,2780491,4847257000
2021,3,11260690,신내2동,3060535,3229246000
2021,3,11290525,성북동,3470748,2965962000
2021,3,11290555,삼선동,3057377,5067440000
2021,3,11290575,동선동,2821008,8685963000
2021,3,11290580,돈암1동,3583117,998618000
2021,3,11290590,돈암2동,4297592,785387000
2021,3,11290600,안암동,2896471,3713232000
2021,3,11290610,보문동,3162623,2948793000
2021,3,11290620,정릉1동,3341356,1494416000
2021,3,11290630,정릉2동,2934717,3182550000
2021,3,11290640,정릉3동,2482564,1441275000
2021,3,11290650,정릉4동,3038165,3417922000
2021,3,11290660,길음1동,4462339,4344072000
2021,3,11290685,길음2동,3736133,5466763000
2021,3,11290705,종암동,3381883,5501177000
2021,3,11290715,월곡1동,3294213,2811950000
2021,3,11290725,월곡2동,3138026,4782356000
2021,3,11290760,장위1동,2231978,1566118000
2021,3,11290770,장위2동,2411293,2176655000
2021,3,11290780,장위3동,3113825,1367002000
2021,3,11290810,석관동,2864182,5103377000
2021,3,11305534,삼양동,2473211,3080095000
2021,3,11305535,미아동,2318870,4217484000
2021,3,11305545,송중동,2555447,7964542000
2021,3,11305555,송천동,2444557,4394212000
2021,3,11305575,삼각산동,3734477,2534714000
2021,3,11305595,번1동,2303972,5963608000
2021,3,11305603,번2동,2308539,965350000
2021,3,11305608,번3동,2548326,2215929000
2021,3,11305615,수유1동,2220463,4270757000
2021,3,11305625,수유2동,2577008,1671329000
2021,3,11305635,수유3동,2205999,8141164000
2021,3,11305645,우이동,2457144,2949318000
2021,3,11305660,인수동,2359990,2383587000
2021,3,11320511,창1동,3038009,3101604000
2021,3,11320512,창2동,2551630,3076150000
2021,3,11320513,창3동,2229423,1079538000
2021,3,11320514,창4동,3547959,2904444000
2021,3,11320515,창5동,3298026,6258469000
2021,3,11320521,도봉1동,2275377,3943541000
2021,3,11320522,도봉2동,2811820,2354507000
2021,3,11320660,쌍문1동,2440535,1610577000
2021,3,11320670,쌍문2동,2430154,4155072000
2021,3,11320680,쌍문3동,2438072,2371635000
2021,3,11320681,쌍문4동,2968285,1604059000
2021,3,11320690,방학1동,2895702,6702433000
2021,3,11320700,방학2동,2099146,2270036000
2021,3,11320710,방학3동,2962092,1658825000
2021,3,11350560,월계1동,2777397,4188649000
2021,3,11350570,월계2동,2728093,1573724000
2021,3,11350580,월계3동,3110675,8023428000
2021,3,11350595,공릉1동,2786137,10537391000
2021,3,11350600,공릉2동,3394877,7006020000
2021,3,11350611,하계1동,3611061,5199282000
2021,3,11350612,하계2동,3625940,576088000
2021,3,11350619,중계본동,4197248,5798407000
2021,3,11350621,중계1동,4623227,4221815000
2021,3,11350624,중계4동,3196660,3545640000
2021,3,11350625,중계2?3동,2936682,7806631000
2021,3,11350630,상계1동,3030316,7164262000
2021,3,11350640,상계2동,3122902,17289908000
2021,3,11350665,상계3?4동,2644186,1455037000
2021,3,11350670,상계5동,2481440,2341211000
2021,3,11350695,상계6?7동,3152836,11533796000
2021,3,11350700,상계8동,3153561,1270970000
2021,3,11350710,상계9동,2955988,1502037000
2021,3,11350720,상계10동,3132098,695038000
2021,3,11380510,녹번동,3055864,4590892000
2021,3,11380520,불광1동,3182963,6220579000
2021,3,11380530,불광2동,2396457,4263402000
2021,3,11380551,갈현1동,2481200,4232542000
2021,3,11380552,갈현2동,2539257,5802775000
2021,3,11380560,구산동,2602334,2487850000
2021,3,11380570,대조동,2535013,6499387000
2021,3,11380580,응암1동,2726133,5512495000
2021,3,11380590,응암2동,3510245,1871214000
2021,3,11380600,응암3동,2360910,5483051000
2021,3,11380625,역촌동,2521877,6644974000
2021,3,11380631,신사1동,2637581,3798177000
2021,3,11380632,신사2동,2635300,1254414000
2021,3,11380640,증산동,2838450,2412406000
2021,3,11380650,수색동,3253972,1057049000
2021,3,11380690,진관동,4070863,13692466000
2021,3,11410520,천연동,4197718,1916650000
2021,3,11410555,북아현동,4172659,2189435000
2021,3,11410565,충현동,3210231,2687647000
2021,3,11410585,신촌동,3331768,16029068000
2021,3,11410615,연희동,3383749,73161057000
2021,3,11410620,홍제1동,3459117,2890791000
2021,3,11410640,홍제3동,2807766,3452513000
2021,3,11410655,홍제2동,3664523,1562200000
2021,3,11410660,홍은1동,3093859,1269892000
2021,3,11410685,홍은2동,2874442,2973012000
2021,3,11410690,남가좌1동,4622839,2609990000
2021,3,11410700,남가좌2동,3237719,3903426000
2021,3,11410710,북가좌1동,4005416,1794705000
2021,3,11410720,북가좌2동,2590646,3282534000
2021,3,11440555,아현동,5237419,813452847000
2021,3,11440565,공덕동,4047702,4606557000
2021,3,11440585,도화동,4217433,6568392000
2021,3,11440590,용강동,4787212,5959746000
2021,3,11440600,대흥동,3421062,4540002000
2021,3,11440610,염리동,4051438,46615801000
2021,3,11440630,신수동,4157605,2677086000
2021,3,11440655,서강동,4339738,4200007000
2021,3,11440660,서교동,3212258,38265767000
2021,3,11440680,합정동,3195027,7795169000
2021,3,11440690,망원1동,2802536,5576781000
2021,3,11440700,망원2동,2912810,3268262000
2021,3,11440710,연남동,2980162,6605708000
2021,3,11440720,성산1동,2814646,3320852000
2021,3,11440730,성산2동,3521472,6799293000
2021,3,11440740,상암동,4158486,16087713000
2021,3,11470510,목1동,5667672,202426264000
2021,3,11470520,목2동,3244963,5793202000
2021,3,11470530,목3동,3101712,5625460000
2021,3,11470540,목4동,3426858,5147579000
2021,3,11470550,목5동,5987821,10787516000
2021,3,11470560,신월1동,2227154,3117373000
2021,3,11470570,신월2동,2727225,2398121000
2021,3,11470580,신월3동,2152244,2352705000
2021,3,11470590,신월4동,2639083,2409833000
2021,3,11470600,신월5동,2615553,2906839000
2021,3,11470610,신월6동,2857257,2162304000
2021,3,11470611,신월7동,2343943,1838584000
2021,3,11470620,신정1동,5046256,3813045000
2021,3,11470630,신정2동,4725315,4030330000
2021,3,11470640,신정3동,3158844,4384405000
2021,3,11470650,신정4동,2609700,7859334000
2021,3,11470670,신정6동,5384412,2526861000
2021,3,11470680,신정7동,4094404,4291804000
2021,3,11500510,염창동,4127504,6413763000
2021,3,11500520,등촌1동,3322838,10289695000
2021,3,11500530,등촌2동,3352636,2171779000
2021,3,11500535,등촌3동,3403390,8777341000
2021,3,11500540,화곡1동,2485455,8986320000
2021,3,11500550,화곡2동,2385531,2196474000
2021,3,11500560,화곡3동,3132782,3766919000
2021,3,11500570,화곡4동,2423768,3876390000
2021,3,11500590,화곡본동,2398795,6123306000
2021,3,11500591,화곡6동,3040513,5658527000
2021,3,11500593,화곡8동,2473381,4029557000
2021,3,11500603,가양1동,3560388,65557167000
2021,3,11500604,가양2동,3065320,2858963000
2021,3,11500605,가양3동,3047051,646659000
2021,3,11500611,발산1동,3192517,17918441000
2021,3,11500615,우장산동,4135674,6293458000
2021,3,11500620,공항동,2896818,11905810000
2021,3,11500630,방화1동,3407916,6113651000
2021,3,11500640,방화2동,2708397,7055073000
2021,3,11500641,방화3동,3044446,1593861000
2021,3,11530510,신도림동,4380318,8454910000
2021,3,11530520,구로1동,3368067,1612418000
2021,3,11530530,구로2동,2453690,10779584000
2021,3,11530540,구로3동,2888444,1044114632000
2021,3,11530550,구로4동,2617060,4393991000
2021,3,11530560,구로5동,3213284,12403403000
2021,3,11530595,가리봉동,2336331,1144244000
2021,3,11530720,고척1동,2972418,5342174000
2021,3,11530730,고척2동,2882639,2761276000
2021,3,11530740,개봉1동,2805757,4239027000
2021,3,11530750,개봉2동,3068971,3090447000
2021,3,11530760,개봉3동,2512790,2829287000
2021,3,11530770,오류1동,2574851,3091310000
2021,3,11530780,오류2동,2781178,3865384000
2021,3,11530790,수궁동,2682295,2315901000
2021,3,11530800,항동,3007261,1283918000
2021,3,11545510,가산동,2567594,74918462000
2021,3,11545610,독산1동,3000453,8805730000
2021,3,11545620,독산2동,2251577,2409033000
2021,3,11545630,독산3동,2386851,3957862000
2021,3,11545640,독산4동,2255044,1842579000
2021,3,11545670,시흥1동,2757307,8196599000
2021,3,11545680,시흥2동,3181421,664251000
2021,3,11545690,시흥3동,2516251,1625616000
2021,3,11545700,시흥4동,2405620,1101412000
2021,3,11545710,시흥5동,2375052,1520495000
2021,3,11560515,영등포본동,3286751,3061219000
2021,3,11560535,영등포동,3570107,23852762000
2021,3,11560540,여의동,5590853,217794029000
2021,3,11560550,당산1동,3536432,4551037000
2021,3,11560560,당산2동,4130932,8023141000
2021,3,11560585,도림동,3031484,2356203000
2021,3,11560605,문래동,4019445,8992497000
2021,3,11560610,양평1동,3508250,4005364000
2021,3,11560620,양평2동,3672088,5978656000
2021,3,11560630,신길1동,2780044,3648053000
2021,3,11560650,신길3동,3085442,3151912000
2021,3,11560660,신길4동,2717791,660678000
2021,3,11560670,신길5동,2656511,1639149000
2021,3,11560680,신길6동,2954616,4737798000
2021,3,11560690,신길7동,3616070,2071360000
2021,3,11560700,대림1동,2582442,3801873000
2021,3,11560710,대림2동,2686240,3275845000
2021,3,11560720,대림3동,2907933,6982118000
2021,3,11590510,노량진1동,3583099,6031881000
2021,3,11590520,노량진2동,2420761,3771732000
2021,3,11590530,상도1동,3875896,5969791000
2021,3,11590540,상도2동,3826699,4188263000
2021,3,11590550,상도3동,2575897,4208844000
2021,3,11590560,상도4동,2563258,1839203000
2021,3,11590605,흑석동,4224946,8332121000
2021,3,11590620,사당1동,2855173,6527844000
2021,3,11590630,사당2동,3884988,6375630000
2021,3,11590640,사당3동,3890035,2541657000
2021,3,11590650,사당4동,2844168,2125736000
2021,3,11590651,사당5동,3047661,737133000
2021,3,11590660,대방동,3524765,6757118000
2021,3,11590670,신대방1동,3845094,2813542000
2021,3,11590680,신대방2동,3340157,85909010000
2021,3,11620525,보라매동,2529995,13369338000
2021,3,11620545,청림동,3682775,1409444000
2021,3,11620565,성현동,3455108,1395242000
2021,3,11620575,행운동,2889475,5513716000
2021,3,11620585,낙성대동,3225725,6608492000
2021,3,11620595,청룡동,2768161,8044273000
2021,3,11620605,은천동,3063077,5426633000
2021,3,11620615,중앙동,2633493,5137056000
2021,3,11620625,인헌동,2783693,3603575000
2021,3,11620630,남현동,3234026,3790444000
2021,3,11620645,서원동,2412001,8547936000
2021,3,11620655,신원동,2403237,1704510000
2021,3,11620665,서림동,2530625,2108309000
2021,3,11620685,신사동,2430662,3106980000
2021,3,11620695,신림동,2434279,7346540000
2021,3,11620715,난향동,3262195,832853000
2021,3,11620725,조원동,2523192,4097885000
2021,3,11620735,대학동,2622408,5929118000
2021,3,11620745,삼성동,2593695,1962138000
2021,3,11620765,미성동,2676537,3695922000
2021,3,11620775,난곡동,2268676,2713377000
2021,3,11650510,서초1동,4769119,10338724000
2021,3,11650520,서초2동,5196131,169520755000
2021,3,11650530,서초3동,4678950,135061113000
2021,3,11650531,서초4동,6475383,28938261000
2021,3,11650540,잠원동,5458458,8360714000
2021,3,11650550,반포본동,5583021,1070143000
2021,3,11650560,반포1동,5338302,8218762000
2021,3,11650570,반포2동,6812331,1403897000
2021,3,11650580,반포3동,6140775,4187991000
2021,3,11650581,반포4동,5280483,24142209000
2021,3,11650590,방배본동,4856162,13606159000
2021,3,11650600,방배1동,4069239,5735871000
2021,3,11650610,방배2동,3864301,81554846000
2021,3,11650620,방배3동,4681587,3685301000
2021,3,11650621,방배4동,4557937,5057649000
2021,3,11650651,양재1동,4173236,9313501000
2021,3,11650652,양재2동,3222382,8267777000
2021,3,11650660,내곡동,4047063,2317573000
2021,3,11680510,신사동,5099915,36879439000
2021,3,11680521,논현1동,3277066,36339007000
2021,3,11680531,논현2동,3973993,19781400000
2021,3,11680545,압구정동,5808537,41858510000
2021,3,11680565,청담동,5010204,30351041000
2021,3,11680580,삼성1동,5098096,34324448000
2021,3,11680590,삼성2동,5055114,12173817000
2021,3,11680600,대치1동,7421305,12138696000
2021,3,11680610,대치2동,6017362,25700403000
2021,3,11680630,대치4동,4101144,55813057000
2021,3,11680640,역삼1동,3607265,1012219644000
2021,3,11680650,역삼2동,5367397,705863961000
2021,3,11680655,도곡1동,5412484,29962917000
2021,3,11680656,도곡2동,6567504,43882492000
2021,3,11680660,개포1동,5336373,165932000
2021,3,11680670,개포2동,5195802,2037465000
2021,3,11680690,개포4동,3550527,3651373000
2021,3,11680700,세곡동,3885403,5383215000
2021,3,11680720,일원본동,5444886,3246134000
2021,3,11680730,일원1동,3022931,2079953000
2021,3,11680740,일원2동,4553185,1465888000
2021,3,11680750,수서동,3847379,71720351000
2021,3,11710510,풍납1동,3011150,1126096000
2021,3,11710520,풍납2동,3891704,4681454000
2021,3,11710531,거여1동,2789100,1754144000
2021,3,11710532,거여2동,3033238,2802382000
2021,3,11710540,마천1동,2435636,1794664000
2021,3,11710550,마천2동,2339431,3733287000
2021,3,11710561,방이1동,3970520,5228669000
2021,3,11710562,방이2동,2928271,13563115000
2021,3,11710566,오륜동,6095160,2429841000
2021,3,11710570,오금동,3510674,6760099000
2021,3,11710580,송파1동,3129216,8069845000
2021,3,11710590,송파2동,4370970,3195220000
2021,3,11710600,석촌동,2927911,9391434000
2021,3,11710610,삼전동,2779980,6857784000
2021,3,11710620,가락본동,3521561,6882426000
2021,3,11710631,가락1동,4973588,4394575000
2021,3,11710632,가락2동,3910198,5653194000
2021,3,11710641,문정1동,3568357,3145668000
2021,3,11710642,문정2동,4425648,22947698000
2021,3,11710646,장지동,3263464,3741494000
2021,3,11710647,위례동,4202887,4471006000
2021,3,11710650,잠실본동,3079387,15049135000
2021,3,11710670,잠실2동,6352641,2919290000
2021,3,11710680,잠실3동,5452682,5507241000
2021,3,11710690,잠실4동,6007987,1408701000
2021,3,11710710,잠실6동,5237775,22337760000
2021,3,11710720,잠실7동,6014516,327437000
2021,3,11740515,강일동,3073250,3448906000
2021,3,11740520,상일동,3690212,3272969000
2021,3,11740530,명일1동,3540203,6044888000
2021,3,11740540,명일2동,4514278,5147979000
2021,3,11740550,고덕1동,4618641,2017969000
2021,3,11740560,고덕2동,2465499,2425909000
2021,3,11740570,암사1동,2852157,5582198000
2021,3,11740580,암사2동,3688535,2775755000
2021,3,11740590,암사3동,4470889,1347039000
2021,3,11740600,천호1동,2473111,2348461000
2021,3,11740610,천호2동,2749741,81099434000
2021,3,11740620,천호3동,3165328,3804170000
2021,3,11740640,성내1동,3438376,5410083000
2021,3,11740650,성내2동,2824592,6451025000
2021,3,11740660,성내3동,2897346,6274206000
2021,3,11740685,길동,2840603,11063691000
2021,3,11740690,둔촌1동,3596734,18202000
2021,3,11740700,둔촌2동,3414406,3881924000
2021,4,11110515,청운효자동,3780222,2972974000
2021,4,11110530,사직동,5007768,54402170000
2021,4,11110540,삼청동,3442534,2781484000
2021,4,11110550,부암동,3647449,1363905000
2021,4,11110560,평창동,4504006,2568598000
2021,4,11110570,무악동,5136717,2148465000
2021,4,11110580,교남동,4616890,1989233000
2021,4,11110600,가회동,3479766,2132711000
2021,4,11110615,종로1?2?3?4가동,3245251,246464607000
2021,4,11110630,종로5?6가동,2531450,8476380000
2021,4,11110640,이화동,3024996,6456005000
2021,4,11110650,혜화동,3333112,7684303000
2021,4,11110670,창신1동,2393308,2273940000
2021,4,11110680,창신2동,2112817,855985000
2021,4,11110690,창신3동,3006052,344761000
2021,4,11110700,숭인1동,2868519,700362000
2021,4,11110710,숭인2동,2607311,1675520000
2021,4,11140520,소공동,5380521,1658597575000
2021,4,11140540,회현동,4442451,621588599000
2021,4,11140550,명동,3733600,63917672000
2021,4,11140570,필동,3033044,3955859000
2021,4,11140580,장충동,2895026,2208454000
2021,4,11140590,광희동,3229604,11269094000
2021,4,11140605,을지로동,3082514,21320480000
2021,4,11140615,신당동,2816850,4357627000
2021,4,11140625,다산동,2679845,3049542000
2021,4,11140635,약수동,3894878,2399479000
2021,4,11140645,청구동,3566241,1369681000
2021,4,11140650,신당5동,3027979,2078517000
2021,4,11140665,동화동,3621349,1562144000
2021,4,11140670,황학동,3247840,3256957000
2021,4,11140680,중림동,4435938,2518722000
2021,4,11170510,후암동,3013677,1991588000
2021,4,11170520,용산2가동,2540319,113727959000
2021,4,11170530,남영동,3183091,61131295000
2021,4,11170555,청파동,2608804,2679417000
2021,4,11170560,원효로1동,4450695,2792312000
2021,4,11170570,원효로2동,3817026,897554000
2021,4,11170580,효창동,3523201,1034282000
2021,4,11170590,용문동,3568910,1349164000
2021,4,11170625,한강로동,4948344,29197727000
2021,4,11170630,이촌1동,5974291,2672352000
2021,4,11170640,이촌2동,3596083,710846000
2021,4,11170650,이태원1동,3682946,6625811000
2021,4,11170660,이태원2동,3261019,2022218000
2021,4,11170685,한남동,4381088,14161919000
2021,4,11170690,서빙고동,4208562,1669957000
2021,4,11170700,보광동,2545653,1069623000
2021,4,11200520,왕십리2동,3474994,1783063000
2021,4,11200535,왕십리도선동,4015131,7684615000
2021,4,11200540,마장동,3021967,4855070000
2021,4,11200550,사근동,3099614,4802418000
2021,4,11200560,행당1동,3900841,5741026000
2021,4,11200570,행당2동,4408744,1489989000
2021,4,11200580,응봉동,3858472,473060000
2021,4,11200590,금호1가동,4010011,1166718000
2021,4,11200615,금호2?3가동,3751434,2322970000
2021,4,11200620,금호4가동,4442144,2701491000
2021,4,11200645,옥수동,4836487,3681339000
2021,4,11200650,성수1가1동,3870717,3285511000
2021,4,11200660,성수1가2동,3263294,8355014000
2021,4,11200670,성수2가1동,2900762,5590794000
2021,4,11200690,성수2가3동,3358391,14638816000
2021,4,11200720,송정동,2566462,787404000
2021,4,11200790,용답동,2484354,9766840000
2021,4,11215710,화양동,2470026,15826250000
2021,4,11215730,군자동,2604535,5594531000
2021,4,11215740,중곡1동,2542359,4143275000
2021,4,11215750,중곡2동,2555101,3574794000
2021,4,11215760,중곡3동,2390961,2528690000
2021,4,11215770,중곡4동,2523958,3138179000
2021,4,11215780,능동,2846023,5476542000
2021,4,11215810,광장동,5284540,3812186000
2021,4,11215820,자양1동,2745988,4818614000
2021,4,11215830,자양2동,2999213,3189079000
2021,4,11215840,자양3동,4353416,4378871000
2021,4,11215847,자양4동,2795134,6640782000
2021,4,11215850,구의1동,2683701,3956392000
2021,4,11215860,구의2동,2948328,3750436000
2021,4,11215870,구의3동,4010979,10434173000
2021,4,11230536,용신동,2894254,14291901000
2021,4,11230545,제기동,2792227,8751621000
2021,4,11230560,전농1동,3070695,4823982000
2021,4,11230570,전농2동,3136080,1524046000
2021,4,11230600,답십리1동,3538405,7067106000
2021,4,11230610,답십리2동,3049260,4865678000
2021,4,11230650,장안1동,2863708,10332668000
2021,4,11230660,장안2동,2920490,9145023000
2021,4,11230705,청량리동,2860315,3824932000
2021,4,11230710,회기동,3217279,9926298000
2021,4,11230720,휘경1동,2722774,3073713000
2021,4,11230730,휘경2동,3071586,2180271000
2021,4,11230740,이문1동,3000929,3328004000
2021,4,11230750,이문2동,3137841,1470687000
2021,4,11260520,면목2동,2322173,3631960000
2021,4,11260540,면목4동,2573570,916576000
2021,4,11260550,면목5동,2233073,2167979000
2021,4,11260565,면목본동,2336892,4264477000
2021,4,11260570,면목7동,2655671,3591661000
2021,4,11260575,면목3?8동,2354962,3541624000
2021,4,11260580,상봉1동,2969913,3468843000
2021,4,11260590,상봉2동,2575432,8689183000
2021,4,11260600,중화1동,2518956,1467293000
2021,4,11260610,중화2동,2253552,4156245000
2021,4,11260620,묵1동,3120718,4065442000
2021,4,11260630,묵2동,2533867,3212877000
2021,4,11260655,망우본동,2443681,6822743000
2021,4,11260660,망우3동,2231082,1245175000
2021,4,11260680,신내1동,2780491,4912840000
2021,4,11260690,신내2동,3060535,3196150000
2021,4,11290525,성북동,3470748,2954247000
2021,4,11290555,삼선동,3057377,5177825000
2021,4,11290575,동선동,2821008,9999280000
2021,4,11290580,돈암1동,3583117,1008761000
2021,4,11290590,돈암2동,4297592,865611000
2021,4,11290600,안암동,2896471,4606986000
2021,4,11290610,보문동,3162623,2908221000
2021,4,11290620,정릉1동,3341356,1495037000
2021,4,11290630,정릉2동,2934717,3135012000
2021,4,11290640,정릉3동,2482564,1461704000
2021,4,11290650,정릉4동,3038165,3481473000
2021,4,11290660,길음1동,4462339,4232888000
2021,4,11290685,길음2동,3736133,5905369000
2021,4,11290705,종암동,3381883,5696680000
2021,4,11290715,월곡1동,3294213,2814328000
2021,4,11290725,월곡2동,3138026,4968185000
2021,4,11290760,장위1동,2231978,1585441000
2021,4,11290770,장위2동,2411293,2104925000
2021,4,11290780,장위3동,3113825,1388287000
2021,4,11290810,석관동,2864182,5005487000
2021,4,11305534,삼양동,2473211,2850818000
2021,4,11305535,미아동,2318870,4715937000
2021,4,11305545,송중동,2555447,8439521000
2021,4,11305555,송천동,2444557,4381769000
2021,4,11305575,삼각산동,3734477,2455330000
2021,4,11305595,번1동,2303972,6316992000
2021,4,11305603,번2동,2308539,961868000
2021,4,11305608,번3동,2548326,2072251000
2021,4,11305615,수유1동,2220463,4233713000
2021,4,11305625,수유2동,2577008,1745705000
2021,4,11305635,수유3동,2205999,9678847000
2021,4,11305645,우이동,2457144,2924991000
2021,4,11305660,인수동,2359990,2261129000
2021,4,11320511,창1동,3038009,3150059000
2021,4,11320512,창2동,2551630,3066102000
2021,4,11320513,창3동,2229423,1149573000
2021,4,11320514,창4동,3547959,3102027000
2021,4,11320515,창5동,3298026,6415277000
2021,4,11320521,도봉1동,2275377,4215587000
2021,4,11320522,도봉2동,2811820,2392230000
2021,4,11320660,쌍문1동,2440535,1666791000
2021,4,11320670,쌍문2동,2430154,4022852000
2021,4,11320680,쌍문3동,2438072,2464180000
2021,4,11320681,쌍문4동,2968285,1535813000
2021,4,11320690,방학1동,2895702,7141815000
2021,4,11320700,방학2동,2099146,2166575000
2021,4,11320710,방학3동,2962092,1679579000
2021,4,11350560,월계1동,2777397,4874366000
2021,4,11350570,월계2동,2728093,1739051000
2021,4,11350580,월계3동,3110675,6752706000
2021,4,11350595,공릉1동,2786137,11396233000
2021,4,11350600,공릉2동,3394877,7014733000
2021,4,11350611,하계1동,3611061,6146647000
2021,4,11350612,하계2동,3625940,580022000
2021,4,11350619,중계본동,4197248,5464599000
2021,4,11350621,중계1동,4623227,4235521000
2021,4,11350624,중계4동,3196660,4124960000
2021,4,11350625,중계2?3동,2936682,9709328000
2021,4,11350630,상계1동,3030316,7393692000
2021,4,11350640,상계2동,3122902,21010016000
2021,4,11350665,상계3?4동,2644186,1496021000
2021,4,11350670,상계5동,2481440,2365559000
2021,4,11350695,상계6?7동,3152836,11636775000
2021,4,11350700,상계8동,3153561,1291551000
2021,4,11350710,상계9동,2955988,1490795000
2021,4,11350720,상계10동,3132098,701757000
2021,4,11380510,녹번동,3055864,4820658000
2021,4,11380520,불광1동,3182963,6120419000
2021,4,11380530,불광2동,2396457,4251407000
2021,4,11380551,갈현1동,2481200,4814636000
2021,4,11380552,갈현2동,2539257,5941547000
2021,4,11380560,구산동,2602334,2465405000
2021,4,11380570,대조동,2535013,6989355000
2021,4,11380580,응암1동,2726133,5713510000
2021,4,11380590,응암2동,3510245,1896300000
2021,4,11380600,응암3동,2360910,5959354000
2021,4,11380625,역촌동,2521877,6602996000
2021,4,11380631,신사1동,2637581,3916631000
2021,4,11380632,신사2동,2635300,1249876000
2021,4,11380640,증산동,2838450,2488905000
2021,4,11380650,수색동,3253972,1072027000
2021,4,11380690,진관동,4070863,14841739000
2021,4,11410520,천연동,4197718,2199835000
2021,4,11410555,북아현동,4172659,2171762000
2021,4,11410565,충현동,3210231,3189117000
2021,4,11410585,신촌동,3331768,18400559000
2021,4,11410615,연희동,3383749,76743930000
2021,4,11410620,홍제1동,3459117,2959594000
2021,4,11410640,홍제3동,2807766,3647198000
2021,4,11410655,홍제2동,3664523,1643350000
2021,4,11410660,홍은1동,3093859,1223893000
2021,4,11410685,홍은2동,2874442,3075723000
2021,4,11410690,남가좌1동,4622839,2767918000
2021,4,11410700,남가좌2동,3237719,3999219000
2021,4,11410710,북가좌1동,4005416,1788821000
2021,4,11410720,북가좌2동,2590646,3261896000
2021,4,11440555,아현동,5237419,843536548000
2021,4,11440565,공덕동,4047702,4986599000
2021,4,11440585,도화동,4217433,8111474000
2021,4,11440590,용강동,4787212,6590889000
2021,4,11440600,대흥동,3421062,4618242000
2021,4,11440610,염리동,4051438,53011656000
2021,4,11440630,신수동,4157605,2597856000
2021,4,11440655,서강동,4339738,4976208000
2021,4,11440660,서교동,3212258,49424016000
2021,4,11440680,합정동,3195027,9081585000
2021,4,11440690,망원1동,2802536,5884841000
2021,4,11440700,망원2동,2912810,3342398000
2021,4,11440710,연남동,2980162,8186951000
2021,4,11440720,성산1동,2814646,3510627000
2021,4,11440730,성산2동,3521472,6917960000
2021,4,11440740,상암동,4158486,16162108000
2021,4,11470510,목1동,5667672,210209773000
2021,4,11470520,목2동,3244963,6293376000
2021,4,11470530,목3동,3101712,5705516000
2021,4,11470540,목4동,3426858,4767874000
2021,4,11470550,목5동,5987821,10442209000
2021,4,11470560,신월1동,2227154,3115240000
2021,4,11470570,신월2동,2727225,2357841000
2021,4,11470580,신월3동,2152244,2459969000
2021,4,11470590,신월4동,2639083,2538402000
2021,4,11470600,신월5동,2615553,3075792000
2021,4,11470610,신월6동,2857257,2092396000
2021,4,11470611,신월7동,2343943,1985487000
2021,4,11470620,신정1동,5046256,4190209000
2021,4,11470630,신정2동,4725315,3955290000
2021,4,11470640,신정3동,3158844,4344847000
2021,4,11470650,신정4동,2609700,8621177000
2021,4,11470670,신정6동,5384412,2501135000
2021,4,11470680,신정7동,4094404,4448634000
2021,4,11500510,염창동,4127504,6921349000
2021,4,11500520,등촌1동,3322838,13206412000
2021,4,11500530,등촌2동,3352636,2431831000
2021,4,11500535,등촌3동,3403390,9231241000
2021,4,11500540,화곡1동,2485455,9655048000
2021,4,11500550,화곡2동,2385531,2467148000
2021,4,11500560,화곡3동,3132782,4329508000
2021,4,11500570,화곡4동,2423768,3932033000
2021,4,11500590,화곡본동,2398795,6231896000
2021,4,11500591,화곡6동,3040513,6516306000
2021,4,11500593,화곡8동,2473381,3964462000
2021,4,11500603,가양1동,3560388,73602532000
2021,4,11500604,가양2동,3065320,2635901000
2021,4,11500605,가양3동,3047051,631949000
2021,4,11500611,발산1동,3192517,18910753000
2021,4,11500615,우장산동,4135674,6342578000
2021,4,11500620,공항동,2896818,15243523000
2021,4,11500630,방화1동,3407916,6161961000
2021,4,11500640,방화2동,2708397,7757212000
2021,4,11500641,방화3동,3044446,1541088000
2021,4,11530510,신도림동,4380318,9518008000
2021,4,11530520,구로1동,3368067,1572299000
2021,4,11530530,구로2동,2453690,11752993000
2021,4,11530540,구로3동,2888444,1158502632000
2021,4,11530550,구로4동,2617060,4504541000
2021,4,11530560,구로5동,3213284,14711114000
2021,4,11530595,가리봉동,2336331,959936000
2021,4,11530720,고척1동,2972418,5770774000
2021,4,11530730,고척2동,2882639,2654562000
2021,4,11530740,개봉1동,2805757,4365707000
2021,4,11530750,개봉2동,3068971,3211011000
2021,4,11530760,개봉3동,2512790,2808000000
2021,4,11530770,오류1동,2574851,3387276000
2021,4,11530780,오류2동,2781178,3732819000
2021,4,11530790,수궁동,2682295,2347068000
2021,4,11530800,항동,3007261,1235057000
2021,4,11545510,가산동,2567594,75056596000
2021,4,11545610,독산1동,3000453,8849576000
2021,4,11545620,독산2동,2251577,2495463000
2021,4,11545630,독산3동,2386851,3932287000
2021,4,11545640,독산4동,2255044,2026911000
2021,4,11545670,시흥1동,2757307,8832017000
2021,4,11545680,시흥2동,3181421,642730000
2021,4,11545690,시흥3동,2516251,1644371000
2021,4,11545700,시흥4동,2405620,1079978000
2021,4,11545710,시흥5동,2375052,1563058000
2021,4,11560515,영등포본동,3286751,2996411000
2021,4,11560535,영등포동,3570107,27134321000
2021,4,11560540,여의동,5590853,218138933000
2021,4,11560550,당산1동,3536432,5558530000
2021,4,11560560,당산2동,4130932,8985195000
2021,4,11560585,도림동,3031484,2256925000
2021,4,11560605,문래동,4019445,9811075000
2021,4,11560610,양평1동,3508250,4159571000
2021,4,11560620,양평2동,3672088,6192199000
2021,4,11560630,신길1동,2780044,3742057000
2021,4,11560650,신길3동,3085442,3105861000
2021,4,11560660,신길4동,2717791,659753000
2021,4,11560670,신길5동,2656511,1782469000
2021,4,11560680,신길6동,2954616,4797120000
2021,4,11560690,신길7동,3616070,2043269000
2021,4,11560700,대림1동,2582442,4200522000
2021,4,11560710,대림2동,2686240,3470514000
2021,4,11560720,대림3동,2907933,7264982000
2021,4,11590510,노량진1동,3583099,6337575000
2021,4,11590520,노량진2동,2420761,4058781000
2021,4,11590530,상도1동,3875896,6503865000
2021,4,11590540,상도2동,3826699,4270051000
2021,4,11590550,상도3동,2575897,4090885000
2021,4,11590560,상도4동,2563258,1857231000
2021,4,11590605,흑석동,4224946,8781907000
2021,4,11590620,사당1동,2855173,7669879000
2021,4,11590630,사당2동,3884988,6970924000
2021,4,11590640,사당3동,3890035,2461436000
2021,4,11590650,사당4동,2844168,2085607000
2021,4,11590651,사당5동,3047661,652639000
2021,4,11590660,대방동,3524765,6750372000
2021,4,11590670,신대방1동,3845094,2714188000
2021,4,11590680,신대방2동,3340157,95913685000
2021,4,11620525,보라매동,2529995,13719915000
2021,4,11620545,청림동,3682775,1345643000
2021,4,11620565,성현동,3455108,1355373000
2021,4,11620575,행운동,2889475,5674795000
2021,4,11620585,낙성대동,3225725,7586848000
2021,4,11620595,청룡동,2768161,8609442000
2021,4,11620605,은천동,3063077,5354942000
2021,4,11620615,중앙동,2633493,5271743000
2021,4,11620625,인헌동,2783693,3755318000
2021,4,11620630,남현동,3234026,4347334000
2021,4,11620645,서원동,2412001,10781830000
2021,4,11620655,신원동,2403237,1707912000
2021,4,11620665,서림동,2530625,2172539000
2021,4,11620685,신사동,2430662,3188336000
2021,4,11620695,신림동,2434279,8113841000
2021,4,11620715,난향동,3262195,792813000
2021,4,11620725,조원동,2523192,4404920000
2021,4,11620735,대학동,2622408,6057270000
2021,4,11620745,삼성동,2593695,1749538000
2021,4,11620765,미성동,2676537,3807804000
2021,4,11620775,난곡동,2268676,2686871000
2021,4,11650510,서초1동,4769119,10534142000
2021,4,11650520,서초2동,5196131,178442670000
2021,4,11650530,서초3동,4678950,154544833000
2021,4,11650531,서초4동,6475383,32942055000
2021,4,11650540,잠원동,5458458,9426015000
2021,4,11650550,반포본동,5583021,931176000
2021,4,11650560,반포1동,5338302,8407500000
2021,4,11650570,반포2동,6812331,1571426000
2021,4,11650580,반포3동,6140775,4350323000
2021,4,11650581,반포4동,5280483,27134708000
2021,4,11650590,방배본동,4856162,14674732000
2021,4,11650600,방배1동,4069239,6300682000
2021,4,11650610,방배2동,3864301,85950547000
2021,4,11650620,방배3동,4681587,3753084000
2021,4,11650621,방배4동,4557937,5532515000
2021,4,11650651,양재1동,4173236,10376678000
2021,4,11650652,양재2동,3222382,9545314000
2021,4,11650660,내곡동,4047063,2451863000
2021,4,11680510,신사동,5099915,42571659000
2021,4,11680521,논현1동,3277066,39154458000
2021,4,11680531,논현2동,3973993,23848218000
2021,4,11680545,압구정동,5808537,46364178000
2021,4,11680565,청담동,5010204,36638844000
2021,4,11680580,삼성1동,5098096,42953485000
2021,4,11680590,삼성2동,5055114,13498196000
2021,4,11680600,대치1동,7421305,10957569000
2021,4,11680610,대치2동,6017362,25618167000
2021,4,11680630,대치4동,4101144,56710771000
2021,4,11680640,역삼1동,3607265,1119612350000
2021,4,11680650,역삼2동,5367397,748627404000
2021,4,11680655,도곡1동,5412484,32075890000
2021,4,11680656,도곡2동,6567504,45873593000
2021,4,11680660,개포1동,5336373,179748000
2021,4,11680670,개포2동,5195802,2095593000
2021,4,11680690,개포4동,3550527,3768805000
2021,4,11680700,세곡동,3885403,5698456000
2021,4,11680720,일원본동,5444886,3281030000
2021,4,11680730,일원1동,3022931,2170837000
2021,4,11680740,일원2동,4553185,1440456000
2021,4,11680750,수서동,3847379,71039403000
2021,4,11710510,풍납1동,3011150,1981219000
2021,4,11710520,풍납2동,3891704,4649970000
2021,4,11710531,거여1동,2789100,1775400000
2021,4,11710532,거여2동,3033238,2935552000
2021,4,11710540,마천1동,2435636,1691438000
2021,4,11710550,마천2동,2339431,3699384000
2021,4,11710561,방이1동,3970520,5963153000
2021,4,11710562,방이2동,2928271,16307421000
2021,4,11710566,오륜동,6095160,2379028000
2021,4,11710570,오금동,3510674,6726848000
2021,4,11710580,송파1동,3129216,8715531000
2021,4,11710590,송파2동,4370970,3048011000
2021,4,11710600,석촌동,2927911,9875206000
2021,4,11710610,삼전동,2779980,7282566000
2021,4,11710620,가락본동,3521561,7963225000
2021,4,11710631,가락1동,4973588,4901773000
2021,4,11710632,가락2동,3910198,5775186000
2021,4,11710641,문정1동,3568357,3730350000
2021,4,11710642,문정2동,4425648,24931406000
2021,4,11710646,장지동,3263464,4083496000
2021,4,11710647,위례동,4202887,4529996000
2021,4,11710650,잠실본동,3079387,16481239000
2021,4,11710670,잠실2동,6352641,2957955000
2021,4,11710680,잠실3동,5452682,7691101000
2021,4,11710690,잠실4동,6007987,1371815000
2021,4,11710710,잠실6동,5237775,26275058000
2021,4,11710720,잠실7동,6014516,335900000
2021,4,11740515,강일동,3073250,3434001000
2021,4,11740520,상일동,3690212,3250889000
2021,4,11740530,명일1동,3540203,6353133000
2021,4,11740540,명일2동,4514278,5410858000
2021,4,11740550,고덕1동,4618641,2040679000
2021,4,11740560,고덕2동,2465499,2542671000
2021,4,11740570,암사1동,2852157,5665528000
2021,4,11740580,암사2동,3688535,2805485000
2021,4,11740590,암사3동,4470889,1322182000
2021,4,11740600,천호1동,2473111,2450619000
2021,4,11740610,천호2동,2749741,88025361000
2021,4,11740620,천호3동,3165328,4423301000
2021,4,11740640,성내1동,3438376,5560966000
2021,4,11740650,성내2동,2824592,7068095000
2021,4,11740660,성내3동,2897346,6471776000
2021,4,11740685,길동,2840603,11493164000
2021,4,11740690,둔촌1동,3596734,17838000
2021,4,11740700,둔촌2동,3414406,4020669000
2022,1,11110515,청운효자동,3780222,2767632000
2022,1,11110530,사직동,5007768,51345610000
2022,1,11110540,삼청동,3442534,2190289000
2022,1,11110550,부암동,3647449,1150156000
2022,1,11110560,평창동,4504006,2167504000
2022,1,11110570,무악동,5136717,1874367000
2022,1,11110580,교남동,4616890,1845723000
2022,1,11110600,가회동,3479766,1667081000
2022,1,11110615,종로1?2?3?4가동,3245251,218198232000
2022,1,11110630,종로5?6가동,2531450,7707988000
2022,1,11110640,이화동,3024996,8798914000
2022,1,11110650,혜화동,3333112,7226123000
2022,1,11110670,창신1동,2393308,2005567000
2022,1,11110680,창신2동,2112817,877830000
2022,1,11110690,창신3동,3006052,387752000
2022,1,11110700,숭인1동,2868519,682327000
2022,1,11110710,숭인2동,2607311,1562885000
2022,1,11140520,소공동,5380521,1677876423000
2022,1,11140540,회현동,4442451,516645686000
2022,1,11140550,명동,3733600,62275801000
2022,1,11140570,필동,3033044,3487645000
2022,1,11140580,장충동,2895026,1880750000
2022,1,11140590,광희동,3229604,9337490000
2022,1,11140605,을지로동,3082514,24569685000
2022,1,11140615,신당동,2816850,4015287000
2022,1,11140625,다산동,2679845,2821500000
2022,1,11140635,약수동,3894878,2264564000
2022,1,11140645,청구동,3566241,1307141000
2022,1,11140650,신당5동,3027979,1936505000
2022,1,11140665,동화동,3621349,1464973000
2022,1,11140670,황학동,3247840,3071460000
2022,1,11140680,중림동,4435938,2074061000
2022,1,11170510,후암동,3013677,1795077000
2022,1,11170520,용산2가동,2540319,112538680000
2022,1,11170530,남영동,3183091,44052492000
2022,1,11170555,청파동,2608804,2433664000
2022,1,11170560,원효로1동,4450695,2479871000
2022,1,11170570,원효로2동,3817026,779248000
2022,1,11170580,효창동,3523201,941587000
2022,1,11170590,용문동,3568910,1290129000
2022,1,11170625,한강로동,4948344,26239550000
2022,1,11170630,이촌1동,5974291,2474216000
2022,1,11170640,이촌2동,3596083,409110000
2022,1,11170650,이태원1동,3682946,5295334000
2022,1,11170660,이태원2동,3261019,1683442000
2022,1,11170685,한남동,4381088,11739566000
2022,1,11170690,서빙고동,4208562,1458145000
2022,1,11170700,보광동,2545653,989711000
2022,1,11200520,왕십리2동,3474994,1696458000
2022,1,11200535,왕십리도선동,4015131,7171798000
2022,1,11200540,마장동,3021967,4983381000
2022,1,11200550,사근동,3099614,4431143000
2022,1,11200560,행당1동,3900841,5440792000
2022,1,11200570,행당2동,4408744,1334890000
2022,1,11200580,응봉동,3858472,449775000
2022,1,11200590,금호1가동,4010011,1105228000
2022,1,11200615,금호2?3가동,3751434,2227767000
2022,1,11200620,금호4가동,4442144,2695877000
2022,1,11200645,옥수동,4836487,3389692000
2022,1,11200650,성수1가1동,3870717,3019128000
2022,1,11200660,성수1가2동,3263294,7303420000
2022,1,11200670,성수2가1동,2900762,5290236000
2022,1,11200690,성수2가3동,3358391,13016410000
2022,1,11200720,송정동,2566462,746666000
2022,1,11200790,용답동,2484354,7982455000
2022,1,11215710,화양동,2470026,14542064000
2022,1,11215730,군자동,2604535,5072874000
2022,1,11215740,중곡1동,2542359,3888581000
2022,1,11215750,중곡2동,2555101,3362595000
2022,1,11215760,중곡3동,2390961,2320364000
2022,1,11215770,중곡4동,2523958,3019579000
2022,1,11215780,능동,2846023,5149408000
2022,1,11215810,광장동,5284540,3526626000
2022,1,11215820,자양1동,2745988,4542027000
2022,1,11215830,자양2동,2999213,3033099000
2022,1,11215840,자양3동,4353416,3962324000
2022,1,11215847,자양4동,2795134,5987117000
2022,1,11215850,구의1동,2683701,3537475000
2022,1,11215860,구의2동,2948328,3943990000
2022,1,11215870,구의3동,4010979,9009821000
2022,1,11230536,용신동,2894254,12271237000
2022,1,11230545,제기동,2792227,8295803000
2022,1,11230560,전농1동,3070695,4389425000
2022,1,11230570,전농2동,3136080,1360599000
2022,1,11230600,답십리1동,3538405,6360312000
2022,1,11230610,답십리2동,3049260,5059788000
2022,1,11230650,장안1동,2863708,9913463000
2022,1,11230660,장안2동,2920490,8319494000
2022,1,11230705,청량리동,2860315,3842343000
2022,1,11230710,회기동,3217279,9357197000
2022,1,11230720,휘경1동,2722774,2985199000
2022,1,11230730,휘경2동,3071586,1946163000
2022,1,11230740,이문1동,3000929,2821872000
2022,1,11230750,이문2동,3137841,1430641000
2022,1,11260520,면목2동,2322173,2928031000
2022,1,11260540,면목4동,2573570,847909000
2022,1,11260550,면목5동,2233073,2060784000
2022,1,11260565,면목본동,2336892,4095507000
2022,1,11260570,면목7동,2655671,3620786000
2022,1,11260575,면목3?8동,2354962,3242791000
2022,1,11260580,상봉1동,2969913,3120991000
2022,1,11260590,상봉2동,2575432,7909231000
2022,1,11260600,중화1동,2518956,1370274000
2022,1,11260610,중화2동,2253552,3807075000
2022,1,11260620,묵1동,3120718,3734536000
2022,1,11260630,묵2동,2533867,2959790000
2022,1,11260655,망우본동,2443681,6511233000
2022,1,11260660,망우3동,2231082,1173510000
2022,1,11260680,신내1동,2780491,4740467000
2022,1,11260690,신내2동,3060535,3299491000
2022,1,11290525,성북동,3470748,2633852000
2022,1,11290555,삼선동,3057377,4682843000
2022,1,11290575,동선동,2821008,9013217000
2022,1,11290580,돈암1동,3583117,955561000
2022,1,11290590,돈암2동,4297592,779563000
2022,1,11290600,안암동,2896471,4377788000
2022,1,11290610,보문동,3162623,2662389000
2022,1,11290620,정릉1동,3341356,1393556000
2022,1,11290630,정릉2동,2934717,3046105000
2022,1,11290640,정릉3동,2482564,1406444000
2022,1,11290650,정릉4동,3038165,3245919000
2022,1,11290660,길음1동,4462339,4154343000
2022,1,11290685,길음2동,3736133,5781003000
2022,1,11290705,종암동,3381883,5243396000
2022,1,11290715,월곡1동,3294213,2546809000
2022,1,11290725,월곡2동,3138026,4780042000
2022,1,11290760,장위1동,2231978,1443251000
2022,1,11290770,장위2동,2411293,1974900000
2022,1,11290780,장위3동,3113825,1313838000
2022,1,11290810,석관동,2864182,5058536000
2022,1,11305534,삼양동,2473211,2888030000
2022,1,11305535,미아동,2318870,4501656000
2022,1,11305545,송중동,2555447,7460413000
2022,1,11305555,송천동,2444557,4181542000
2022,1,11305575,삼각산동,3734477,2260873000
2022,1,11305595,번1동,2303972,5702462000
2022,1,11305603,번2동,2308539,930879000
2022,1,11305608,번3동,2548326,1985307000
2022,1,11305615,수유1동,2220463,4183760000
2022,1,11305625,수유2동,2577008,1665277000
2022,1,11305635,수유3동,2205999,8350203000
2022,1,11305645,우이동,2457144,2682612000
2022,1,11305660,인수동,2359990,2217247000
2022,1,11320511,창1동,3038009,2844957000
2022,1,11320512,창2동,2551630,2893661000
2022,1,11320513,창3동,2229423,1095754000
2022,1,11320514,창4동,3547959,2865280000
2022,1,11320515,창5동,3298026,5845596000
2022,1,11320521,도봉1동,2275377,3717751000
2022,1,11320522,도봉2동,2811820,2223877000
2022,1,11320660,쌍문1동,2440535,1638914000
2022,1,11320670,쌍문2동,2430154,3766343000
2022,1,11320680,쌍문3동,2438072,2353397000
2022,1,11320681,쌍문4동,2968285,1502238000
2022,1,11320690,방학1동,2895702,7129150000
2022,1,11320700,방학2동,2099146,1967840000
2022,1,11320710,방학3동,2962092,1606735000
2022,1,11350560,월계1동,2777397,4304484000
2022,1,11350570,월계2동,2728093,1656231000
2022,1,11350580,월계3동,3110675,7149398000
2022,1,11350595,공릉1동,2786137,10672223000
2022,1,11350600,공릉2동,3394877,6886434000
2022,1,11350611,하계1동,3611061,5183107000
2022,1,11350612,하계2동,3625940,612866000
2022,1,11350619,중계본동,4197248,5612407000
2022,1,11350621,중계1동,4623227,4174234000
2022,1,11350624,중계4동,3196660,5104423000
2022,1,11350625,중계2?3동,2936682,8424860000
2022,1,11350630,상계1동,3030316,6919506000
2022,1,11350640,상계2동,3122902,18309498000
2022,1,11350665,상계3?4동,2644186,1361399000
2022,1,11350670,상계5동,2481440,2149280000
2022,1,11350695,상계6?7동,3152836,11541212000
2022,1,11350700,상계8동,3153561,1258213000
2022,1,11350710,상계9동,2955988,1460229000
2022,1,11350720,상계10동,3132098,656629000
2022,1,11380510,녹번동,3055864,4594331000
2022,1,11380520,불광1동,3182963,5653104000
2022,1,11380530,불광2동,2396457,4069627000
2022,1,11380551,갈현1동,2481200,4387672000
2022,1,11380552,갈현2동,2539257,5670768000
2022,1,11380560,구산동,2602334,2385502000
2022,1,11380570,대조동,2535013,6857239000
2022,1,11380580,응암1동,2726133,5319594000
2022,1,11380590,응암2동,3510245,1813698000
2022,1,11380600,응암3동,2360910,5440466000
2022,1,11380625,역촌동,2521877,6093546000
2022,1,11380631,신사1동,2637581,3705136000
2022,1,11380632,신사2동,2635300,1233501000
2022,1,11380640,증산동,2838450,2322898000
2022,1,11380650,수색동,3253972,896065000
2022,1,11380690,진관동,4070863,13234401000
2022,1,11410520,천연동,4197718,2225476000
2022,1,11410555,북아현동,4172659,2060384000
2022,1,11410565,충현동,3210231,2790854000
2022,1,11410585,신촌동,3331768,16952596000
2022,1,11410615,연희동,3383749,86603749000
2022,1,11410620,홍제1동,3459117,2728473000
2022,1,11410640,홍제3동,2807766,3803488000
2022,1,11410655,홍제2동,3664523,1441958000
2022,1,11410660,홍은1동,3093859,1170664000
2022,1,11410685,홍은2동,2874442,2805819000
2022,1,11410690,남가좌1동,4622839,2693458000
2022,1,11410700,남가좌2동,3237719,3778650000
2022,1,11410710,북가좌1동,4005416,1702426000
2022,1,11410720,북가좌2동,2590646,3126348000
2022,1,11440555,아현동,5237419,835112769000
2022,1,11440565,공덕동,4047702,4379793000
2022,1,11440585,도화동,4217433,6970356000
2022,1,11440590,용강동,4787212,5653016000
2022,1,11440600,대흥동,3421062,4477652000
2022,1,11440610,염리동,4051438,43995054000
2022,1,11440630,신수동,4157605,2369382000
2022,1,11440655,서강동,4339738,4493932000
2022,1,11440660,서교동,3212258,44372532000
2022,1,11440680,합정동,3195027,8044228000
2022,1,11440690,망원1동,2802536,5696999000
2022,1,11440700,망원2동,2912810,3170017000
2022,1,11440710,연남동,2980162,7547180000
2022,1,11440720,성산1동,2814646,3348124000
2022,1,11440730,성산2동,3521472,6682270000
2022,1,11440740,상암동,4158486,16493615000
2022,1,11470510,목1동,5667672,194166672000
2022,1,11470520,목2동,3244963,6026789000
2022,1,11470530,목3동,3101712,5410152000
2022,1,11470540,목4동,3426858,4518209000
2022,1,11470550,목5동,5987821,10192629000
2022,1,11470560,신월1동,2227154,2998714000
2022,1,11470570,신월2동,2727225,2348401000
2022,1,11470580,신월3동,2152244,2347958000
2022,1,11470590,신월4동,2639083,2364509000
2022,1,11470600,신월5동,2615553,2951677000
2022,1,11470610,신월6동,2857257,2067995000
2022,1,11470611,신월7동,2343943,1990570000
2022,1,11470620,신정1동,5046256,4171254000
2022,1,11470630,신정2동,4725315,3736735000
2022,1,11470640,신정3동,3158844,4138067000
2022,1,11470650,신정4동,2609700,7937628000
2022,1,11470670,신정6동,5384412,2415156000
2022,1,11470680,신정7동,4094404,4410908000
2022,1,11500510,염창동,4127504,6739301000
2022,1,11500520,등촌1동,3322838,13108717000
2022,1,11500530,등촌2동,3352636,2016537000
2022,1,11500535,등촌3동,3403390,8602009000
2022,1,11500540,화곡1동,2485455,8955923000
2022,1,11500550,화곡2동,2385531,2271308000
2022,1,11500560,화곡3동,3132782,3822324000
2022,1,11500570,화곡4동,2423768,3854461000
2022,1,11500590,화곡본동,2398795,6088827000
2022,1,11500591,화곡6동,3040513,5619307000
2022,1,11500593,화곡8동,2473381,3842725000
2022,1,11500603,가양1동,3560388,55307212000
2022,1,11500604,가양2동,3065320,2747927000
2022,1,11500605,가양3동,3047051,562264000
2022,1,11500611,발산1동,3192517,17786304000
2022,1,11500615,우장산동,4135674,6347241000
2022,1,11500620,공항동,2896818,14977463000
2022,1,11500630,방화1동,3407916,5703597000
2022,1,11500640,방화2동,2708397,6826241000
2022,1,11500641,방화3동,3044446,1453803000
2022,1,11530510,신도림동,4380318,8525536000
2022,1,11530520,구로1동,3368067,1518996000
2022,1,11530530,구로2동,2453690,10812096000
2022,1,11530540,구로3동,2888444,1173782207000
2022,1,11530550,구로4동,2617060,4420372000
2022,1,11530560,구로5동,3213284,13031857000
2022,1,11530595,가리봉동,2336331,955860000
2022,1,11530720,고척1동,2972418,4945337000
2022,1,11530730,고척2동,2882639,2588699000
2022,1,11530740,개봉1동,2805757,4007679000
2022,1,11530750,개봉2동,3068971,2984991000
2022,1,11530760,개봉3동,2512790,2697993000
2022,1,11530770,오류1동,2574851,3096874000
2022,1,11530780,오류2동,2781178,3617412000
2022,1,11530790,수궁동,2682295,2228925000
2022,1,11530800,항동,3007261,1098851000
2022,1,11545510,가산동,2567594,30374354000
2022,1,11545610,독산1동,3000453,8329520000
2022,1,11545620,독산2동,2251577,2434819000
2022,1,11545630,독산3동,2386851,3988212000
2022,1,11545640,독산4동,2255044,1738242000
2022,1,11545670,시흥1동,2757307,8112107000
2022,1,11545680,시흥2동,3181421,612777000
2022,1,11545690,시흥3동,2516251,1500403000
2022,1,11545700,시흥4동,2405620,1101965000
2022,1,11545710,시흥5동,2375052,1439309000
2022,1,11560515,영등포본동,3286751,2883521000
2022,1,11560535,영등포동,3570107,25638690000
2022,1,11560540,여의동,5590853,163869160000
2022,1,11560550,당산1동,3536432,4904419000
2022,1,11560560,당산2동,4130932,8139880000
2022,1,11560585,도림동,3031484,2125684000
2022,1,11560605,문래동,4019445,9141730000
2022,1,11560610,양평1동,3508250,3823480000
2022,1,11560620,양평2동,3672088,5415002000
2022,1,11560630,신길1동,2780044,3419087000
2022,1,11560650,신길3동,3085442,3027647000
2022,1,11560660,신길4동,2717791,850298000
2022,1,11560670,신길5동,2656511,1530580000
2022,1,11560680,신길6동,2954616,4266452000
2022,1,11560690,신길7동,3616070,1911894000
2022,1,11560700,대림1동,2582442,4025698000
2022,1,11560710,대림2동,2686240,3344702000
2022,1,11560720,대림3동,2907933,6605730000
2022,1,11590510,노량진1동,3583099,5925009000
2022,1,11590520,노량진2동,2420761,4231279000
2022,1,11590530,상도1동,3875896,6039550000
2022,1,11590540,상도2동,3826699,3931600000
2022,1,11590550,상도3동,2575897,3894543000
2022,1,11590560,상도4동,2563258,1783782000
2022,1,11590605,흑석동,4224946,8232548000
2022,1,11590620,사당1동,2855173,6685787000
2022,1,11590630,사당2동,3884988,6477352000
2022,1,11590640,사당3동,3890035,2395443000
2022,1,11590650,사당4동,2844168,2004894000
2022,1,11590651,사당5동,3047661,616223000
2022,1,11590660,대방동,3524765,6589806000
2022,1,11590670,신대방1동,3845094,2563503000
2022,1,11590680,신대방2동,3340157,83516282000
2022,1,11620525,보라매동,2529995,13309041000
2022,1,11620545,청림동,3682775,1293775000
2022,1,11620565,성현동,3455108,1297177000
2022,1,11620575,행운동,2889475,5331333000
2022,1,11620585,낙성대동,3225725,6950818000
2022,1,11620595,청룡동,2768161,8077786000
2022,1,11620605,은천동,3063077,5074747000
2022,1,11620615,중앙동,2633493,5116928000
2022,1,11620625,인헌동,2783693,3569154000
2022,1,11620630,남현동,3234026,4189927000
2022,1,11620645,서원동,2412001,9342597000
2022,1,11620655,신원동,2403237,1667959000
2022,1,11620665,서림동,2530625,2129348000
2022,1,11620685,신사동,2430662,3141719000
2022,1,11620695,신림동,2434279,7600896000
2022,1,11620715,난향동,3262195,751346000
2022,1,11620725,조원동,2523192,4119266000
2022,1,11620735,대학동,2622408,6015653000
2022,1,11620745,삼성동,2593695,1739462000
2022,1,11620765,미성동,2676537,3548735000
2022,1,11620775,난곡동,2268676,2570540000
2022,1,11650510,서초1동,4769119,9712465000
2022,1,11650520,서초2동,5196131,177857873000
2022,1,11650530,서초3동,4678950,190433708000
2022,1,11650531,서초4동,6475383,35636166000
2022,1,11650540,잠원동,5458458,9885008000
2022,1,11650550,반포본동,5583021,721356000
2022,1,11650560,반포1동,5338302,7502618000
2022,1,11650570,반포2동,6812331,1369332000
2022,1,11650580,반포3동,6140775,3862113000
2022,1,11650581,반포4동,5280483,25067833000
2022,1,11650590,방배본동,4856162,14367286000
2022,1,11650600,방배1동,4069239,5868683000
2022,1,11650610,방배2동,3864301,84909983000
2022,1,11650620,방배3동,4681587,3625254000
2022,1,11650621,방배4동,4557937,5166344000
2022,1,11650651,양재1동,4173236,9467975000
2022,1,11650652,양재2동,3222382,8871641000
2022,1,11650660,내곡동,4047063,2041257000
2022,1,11680510,신사동,5099915,41409539000
2022,1,11680521,논현1동,3277066,40531671000
2022,1,11680531,논현2동,3973993,19814942000
2022,1,11680545,압구정동,5808537,43858633000
2022,1,11680565,청담동,5010204,32117145000
2022,1,11680580,삼성1동,5098096,37723258000
2022,1,11680590,삼성2동,5055114,11650119000
2022,1,11680600,대치1동,7421305,10772402000
2022,1,11680610,대치2동,6017362,26537610000
2022,1,11680630,대치4동,4101144,57505573000
2022,1,11680640,역삼1동,3607265,1122276321000
2022,1,11680650,역삼2동,5367397,750984288000
2022,1,11680655,도곡1동,5412484,35396182000
2022,1,11680656,도곡2동,6567504,41838738000
2022,1,11680660,개포1동,5336373,174735000
2022,1,11680670,개포2동,5195802,1978946000
2022,1,11680690,개포4동,3550527,3373609000
2022,1,11680700,세곡동,3885403,5373557000
2022,1,11680720,일원본동,5444886,3217017000
2022,1,11680730,일원1동,3022931,2060260000
2022,1,11680740,일원2동,4553185,1346453000
2022,1,11680750,수서동,3847379,46351740000
2022,1,11710510,풍납1동,3011150,1493250000
2022,1,11710520,풍납2동,3891704,4571374000
2022,1,11710531,거여1동,2789100,1735875000
2022,1,11710532,거여2동,3033238,2745456000
2022,1,11710540,마천1동,2435636,1789393000
2022,1,11710550,마천2동,2339431,3624218000
2022,1,11710561,방이1동,3970520,5074060000
2022,1,11710562,방이2동,2928271,13993915000
2022,1,11710566,오륜동,6095160,2143747000
2022,1,11710570,오금동,3510674,6594181000
2022,1,11710580,송파1동,3129216,7963216000
2022,1,11710590,송파2동,4370970,2888349000
2022,1,11710600,석촌동,2927911,8915227000
2022,1,11710610,삼전동,2779980,6511995000
2022,1,11710620,가락본동,3521561,6980860000
2022,1,11710631,가락1동,4973588,5109509000
2022,1,11710632,가락2동,3910198,5478388000
2022,1,11710641,문정1동,3568357,3232875000
2022,1,11710642,문정2동,4425648,22427215000
2022,1,11710646,장지동,3263464,3677199000
2022,1,11710647,위례동,4202887,4333505000
2022,1,11710650,잠실본동,3079387,15380164000
2022,1,11710670,잠실2동,6352641,2679384000
2022,1,11710680,잠실3동,5452682,6741977000
2022,1,11710690,잠실4동,6007987,1315386000
2022,1,11710710,잠실6동,5237775,26148916000
2022,1,11710720,잠실7동,6014516,281201000
2022,1,11740515,강일동,3073250,3248664000
2022,1,11740520,상일동,3690212,3084249000
2022,1,11740530,명일1동,3540203,5741629000
2022,1,11740540,명일2동,4514278,5254833000
2022,1,11740550,고덕1동,4618641,1853060000
2022,1,11740560,고덕2동,2465499,2435304000
2022,1,11740570,암사1동,2852157,5299046000
2022,1,11740580,암사2동,3688535,2845995000
2022,1,11740590,암사3동,4470889,1284392000
2022,1,11740600,천호1동,2473111,2298409000
2022,1,11740610,천호2동,2749741,92359005000
2022,1,11740620,천호3동,3165328,3943459000
2022,1,11740640,성내1동,3438376,5012098000
2022,1,11740650,성내2동,2824592,6359106000
2022,1,11740660,성내3동,2897346,6099546000
2022,1,11740685,길동,2840603,10698190000
2022,1,11740690,둔촌1동,3596734,19949000
2022,1,11740700,둔촌2동,3414406,3712857000
2022,2,11110515,청운효자동,3780222,3459317000
2022,2,11110530,사직동,5007768,56726077000
2022,2,11110540,삼청동,3442534,3437801000
2022,2,11110550,부암동,3647449,1730492000
2022,2,11110560,평창동,4504006,2562901000
2022,2,11110570,무악동,5136717,2113296000
2022,2,11110580,교남동,4616890,2128982000
2022,2,11110600,가회동,3479766,2277782000
2022,2,11110615,종로1?2?3?4가동,3245251,212983714000
2022,2,11110630,종로5?6가동,2531450,9365196000
2022,2,11110640,이화동,3024996,7134463000
2022,2,11110650,혜화동,3333112,9047224000
2022,2,11110670,창신1동,2393308,2639676000
2022,2,11110680,창신2동,2112817,1018291000
2022,2,11110690,창신3동,3006052,419816000
2022,2,11110700,숭인1동,2868519,728355000
2022,2,11110710,숭인2동,2607311,1910881000
2022,2,11140520,소공동,5380521,1607096116000
2022,2,11140540,회현동,4442451,581954691000
2022,2,11140550,명동,3733600,78274525000
2022,2,11140570,필동,3033044,5151594000
2022,2,11140580,장충동,2895026,2477570000
2022,2,11140590,광희동,3229604,12269901000
2022,2,11140605,을지로동,3082514,38617985000
2022,2,11140615,신당동,2816850,5184945000
2022,2,11140625,다산동,2679845,3386416000
2022,2,11140635,약수동,3894878,2512874000
2022,2,11140645,청구동,3566241,1505686000
2022,2,11140650,신당5동,3027979,2354874000
2022,2,11140665,동화동,3621349,1822597000
2022,2,11140670,황학동,3247840,3776472000
2022,2,11140680,중림동,4435938,2556758000
2022,2,11170510,후암동,3013677,2131871000
2022,2,11170520,용산2가동,2540319,115227463000
2022,2,11170530,남영동,3183091,53302497000
2022,2,11170555,청파동,2608804,3030172000
2022,2,11170560,원효로1동,4450695,2975821000
2022,2,11170570,원효로2동,3817026,931591000
2022,2,11170580,효창동,3523201,1017318000
2022,2,11170590,용문동,3568910,1385882000
2022,2,11170625,한강로동,4948344,32660627000
2022,2,11170630,이촌1동,5974291,2866477000
2022,2,11170640,이촌2동,3596083,582624000
2022,2,11170650,이태원1동,3682946,10603655000
2022,2,11170660,이태원2동,3261019,2494429000
2022,2,11170685,한남동,4381088,15128190000
2022,2,11170690,서빙고동,4208562,1894903000
2022,2,11170700,보광동,2545653,1333461000
2022,2,11200520,왕십리2동,3474994,1900751000
2022,2,11200535,왕십리도선동,4015131,8433383000
2022,2,11200540,마장동,3021967,5096783000
2022,2,11200550,사근동,3099614,6541745000
2022,2,11200560,행당1동,3900841,6538504000
2022,2,11200570,행당2동,4408744,1491420000
2022,2,11200580,응봉동,3858472,533391000
2022,2,11200590,금호1가동,4010011,1308475000
2022,2,11200615,금호2?3가동,3751434,2497318000
2022,2,11200620,금호4가동,4442144,3024368000
2022,2,11200645,옥수동,4836487,3823114000
2022,2,11200650,성수1가1동,3870717,3876963000
2022,2,11200660,성수1가2동,3263294,9936936000
2022,2,11200670,성수2가1동,2900762,6368253000
2022,2,11200690,성수2가3동,3358391,15920821000
2022,2,11200720,송정동,2566462,835190000
2022,2,11200790,용답동,2484354,8674975000
2022,2,11215710,화양동,2470026,20882892000
2022,2,11215730,군자동,2604535,5586370000
2022,2,11215740,중곡1동,2542359,4489027000
2022,2,11215750,중곡2동,2555101,3924721000
2022,2,11215760,중곡3동,2390961,2662425000
2022,2,11215770,중곡4동,2523958,3499490000
2022,2,11215780,능동,2846023,7063629000
2022,2,11215810,광장동,5284540,4557120000
2022,2,11215820,자양1동,2745988,5152553000
2022,2,11215830,자양2동,2999213,3543456000
2022,2,11215840,자양3동,4353416,4888986000
2022,2,11215847,자양4동,2795134,7849912000
2022,2,11215850,구의1동,2683701,4395696000
2022,2,11215860,구의2동,2948328,4354773000
2022,2,11215870,구의3동,4010979,12470126000
2022,2,11230536,용신동,2894254,14907749000
2022,2,11230545,제기동,2792227,9112839000
2022,2,11230560,전농1동,3070695,5490830000
2022,2,11230570,전농2동,3136080,1568965000
2022,2,11230600,답십리1동,3538405,7448473000
2022,2,11230610,답십리2동,3049260,5797200000
2022,2,11230650,장안1동,2863708,11072955000
2022,2,11230660,장안2동,2920490,9802137000
2022,2,11230705,청량리동,2860315,4447303000
2022,2,11230710,회기동,3217279,10580857000
2022,2,11230720,휘경1동,2722774,3345740000
2022,2,11230730,휘경2동,3071586,2299977000
2022,2,11230740,이문1동,3000929,3709059000
2022,2,11230750,이문2동,3137841,1670880000
2022,2,11260520,면목2동,2322173,3493357000
2022,2,11260540,면목4동,2573570,1014885000
2022,2,11260550,면목5동,2233073,2706171000
2022,2,11260565,면목본동,2336892,4630704000
2022,2,11260570,면목7동,2655671,3904783000
2022,2,11260575,면목3?8동,2354962,4084336000
2022,2,11260580,상봉1동,2969913,3584913000
2022,2,11260590,상봉2동,2575432,10023924000
2022,2,11260600,중화1동,2518956,1479675000
2022,2,11260610,중화2동,2253552,4382812000
2022,2,11260620,묵1동,3120718,4447959000
2022,2,11260630,묵2동,2533867,3631011000
2022,2,11260655,망우본동,2443681,7090818000
2022,2,11260660,망우3동,2231082,1345338000
2022,2,11260680,신내1동,2780491,5552193000
2022,2,11260690,신내2동,3060535,3802105000
2022,2,11290525,성북동,3470748,3319731000
2022,2,11290555,삼선동,3057377,5604822000
2022,2,11290575,동선동,2821008,11422339000
2022,2,11290580,돈암1동,3583117,1047713000
2022,2,11290590,돈암2동,4297592,846982000
2022,2,11290600,안암동,2896471,6095806000
2022,2,11290610,보문동,3162623,3201785000
2022,2,11290620,정릉1동,3341356,1644344000
2022,2,11290630,정릉2동,2934717,3594361000
2022,2,11290640,정릉3동,2482564,2172658000
2022,2,11290650,정릉4동,3038165,3751197000
2022,2,11290660,길음1동,4462339,4644356000
2022,2,11290685,길음2동,3736133,6875875000
2022,2,11290705,종암동,3381883,6031863000
2022,2,11290715,월곡1동,3294213,2897421000
2022,2,11290725,월곡2동,3138026,5627126000
2022,2,11290760,장위1동,2231978,1745596000
2022,2,11290770,장위2동,2411293,2419246000
2022,2,11290780,장위3동,3113825,1523623000
2022,2,11290810,석관동,2864182,5696462000
2022,2,11305534,삼양동,2473211,3173871000
2022,2,11305535,미아동,2318870,5357304000
2022,2,11305545,송중동,2555447,9183093000
2022,2,11305555,송천동,2444557,4799687000
2022,2,11305575,삼각산동,3734477,2529770000
2022,2,11305595,번1동,2303972,6942479000
2022,2,11305603,번2동,2308539,1090912000
2022,2,11305608,번3동,2548326,2288443000
2022,2,11305615,수유1동,2220463,4906733000
2022,2,11305625,수유2동,2577008,1935028000
2022,2,11305635,수유3동,2205999,11167059000
2022,2,11305645,우이동,2457144,3778125000
2022,2,11305660,인수동,2359990,2515593000
2022,2,11320511,창1동,3038009,3372700000
2022,2,11320512,창2동,2551630,3197006000
2022,2,11320513,창3동,2229423,1255494000
2022,2,11320514,창4동,3547959,3588503000
2022,2,11320515,창5동,3298026,6214946000
2022,2,11320521,도봉1동,2275377,4720548000
2022,2,11320522,도봉2동,2811820,2549665000
2022,2,11320660,쌍문1동,2440535,1830739000
2022,2,11320670,쌍문2동,2430154,4207919000
2022,2,11320680,쌍문3동,2438072,2730946000
2022,2,11320681,쌍문4동,2968285,1574520000
2022,2,11320690,방학1동,2895702,8627294000
2022,2,11320700,방학2동,2099146,2011906000
2022,2,11320710,방학3동,2962092,2023223000
2022,2,11350560,월계1동,2777397,5519338000
2022,2,11350570,월계2동,2728093,1838331000
2022,2,11350580,월계3동,3110675,6995337000
2022,2,11350595,공릉1동,2786137,12209675000
2022,2,11350600,공릉2동,3394877,8417988000
2022,2,11350611,하계1동,3611061,7122517000
2022,2,11350612,하계2동,3625940,688246000
2022,2,11350619,중계본동,4197248,6050856000
2022,2,11350621,중계1동,4623227,4482882000
2022,2,11350624,중계4동,3196660,5726784000
2022,2,11350625,중계2?3동,2936682,10293762000
2022,2,11350630,상계1동,3030316,8247524000
2022,2,11350640,상계2동,3122902,22300403000
2022,2,11350665,상계3?4동,2644186,1530384000
2022,2,11350670,상계5동,2481440,2449612000
2022,2,11350695,상계6?7동,3152836,13019476000
2022,2,11350700,상계8동,3153561,1413962000
2022,2,11350710,상계9동,2955988,1584692000
2022,2,11350720,상계10동,3132098,768053000
2022,2,11380510,녹번동,3055864,5364695000
2022,2,11380520,불광1동,3182963,6627105000
2022,2,11380530,불광2동,2396457,4561206000
2022,2,11380551,갈현1동,2481200,5556001000
2022,2,11380552,갈현2동,2539257,6644229000
2022,2,11380560,구산동,2602334,2606730000
2022,2,11380570,대조동,2535013,7503931000
2022,2,11380580,응암1동,2726133,6082612000
2022,2,11380590,응암2동,3510245,2000300000
2022,2,11380600,응암3동,2360910,6616166000
2022,2,11380625,역촌동,2521877,7025775000
2022,2,11380631,신사1동,2637581,4383771000
2022,2,11380632,신사2동,2635300,1332676000
2022,2,11380640,증산동,2838450,2748062000
2022,2,11380650,수색동,3253972,1025220000
2022,2,11380690,진관동,4070863,15610148000
2022,2,11410520,천연동,4197718,2390423000
2022,2,11410555,북아현동,4172659,2379278000
2022,2,11410565,충현동,3210231,3574113000
2022,2,11410585,신촌동,3331768,20805339000
2022,2,11410615,연희동,3383749,83780758000
2022,2,11410620,홍제1동,3459117,3334887000
2022,2,11410640,홍제3동,2807766,4036394000
2022,2,11410655,홍제2동,3664523,1693529000
2022,2,11410660,홍은1동,3093859,1393902000
2022,2,11410685,홍은2동,2874442,3465551000
2022,2,11410690,남가좌1동,4622839,2918309000
2022,2,11410700,남가좌2동,3237719,4837377000
2022,2,11410710,북가좌1동,4005416,2014764000
2022,2,11410720,북가좌2동,2590646,3768889000
2022,2,11440555,아현동,5237419,818543786000
2022,2,11440565,공덕동,4047702,5006511000
2022,2,11440585,도화동,4217433,8593165000
2022,2,11440590,용강동,4787212,7022889000
2022,2,11440600,대흥동,3421062,5208904000
2022,2,11440610,염리동,4051438,43817441000
2022,2,11440630,신수동,4157605,2758809000
2022,2,11440655,서강동,4339738,5595480000
2022,2,11440660,서교동,3212258,58176244000
2022,2,11440680,합정동,3195027,10271453000
2022,2,11440690,망원1동,2802536,7263391000
2022,2,11440700,망원2동,2912810,3722510000
2022,2,11440710,연남동,2980162,9259304000
2022,2,11440720,성산1동,2814646,3788341000
2022,2,11440730,성산2동,3521472,7984264000
2022,2,11440740,상암동,4158486,17657706000
2022,2,11470510,목1동,5667672,201411581000
2022,2,11470520,목2동,3244963,5962878000
2022,2,11470530,목3동,3101712,6056664000
2022,2,11470540,목4동,3426858,5057030000
2022,2,11470550,목5동,5987821,11316407000
2022,2,11470560,신월1동,2227154,3333346000
2022,2,11470570,신월2동,2727225,2598919000
2022,2,11470580,신월3동,2152244,2885862000
2022,2,11470590,신월4동,2639083,2897212000
2022,2,11470600,신월5동,2615553,3334317000
2022,2,11470610,신월6동,2857257,2319006000
2022,2,11470611,신월7동,2343943,2208805000
2022,2,11470620,신정1동,5046256,4717421000
2022,2,11470630,신정2동,4725315,4216082000
2022,2,11470640,신정3동,3158844,4659311000
2022,2,11470650,신정4동,2609700,9383927000
2022,2,11470670,신정6동,5384412,2733667000
2022,2,11470680,신정7동,4094404,5008230000
2022,2,11500510,염창동,4127504,7378911000
2022,2,11500520,등촌1동,3322838,20493792000
2022,2,11500530,등촌2동,3352636,2476827000
2022,2,11500535,등촌3동,3403390,9887770000
2022,2,11500540,화곡1동,2485455,10919281000
2022,2,11500550,화곡2동,2385531,2436367000
2022,2,11500560,화곡3동,3132782,4438749000
2022,2,11500570,화곡4동,2423768,4393399000
2022,2,11500590,화곡본동,2398795,6705096000
2022,2,11500591,화곡6동,3040513,7044018000
2022,2,11500593,화곡8동,2473381,4239446000
2022,2,11500603,가양1동,3560388,67581252000
2022,2,11500604,가양2동,3065320,2923419000
2022,2,11500605,가양3동,3047051,619979000
2022,2,11500611,발산1동,3192517,19426059000
2022,2,11500615,우장산동,4135674,7639406000
2022,2,11500620,공항동,2896818,20371490000
2022,2,11500630,방화1동,3407916,6517341000
2022,2,11500640,방화2동,2708397,8432065000
2022,2,11500641,방화3동,3044446,1782709000
2022,2,11530510,신도림동,4380318,10812602000
2022,2,11530520,구로1동,3368067,1691475000
2022,2,11530530,구로2동,2453690,11959059000
2022,2,11530540,구로3동,2888444,1191008014000
2022,2,11530550,구로4동,2617060,5204416000
2022,2,11530560,구로5동,3213284,15312895000
2022,2,11530595,가리봉동,2336331,1144638000
2022,2,11530720,고척1동,2972418,6366957000
2022,2,11530730,고척2동,2882639,2957634000
2022,2,11530740,개봉1동,2805757,4482221000
2022,2,11530750,개봉2동,3068971,3280132000
2022,2,11530760,개봉3동,2512790,2981749000
2022,2,11530770,오류1동,2574851,3395023000
2022,2,11530780,오류2동,2781178,3854286000
2022,2,11530790,수궁동,2682295,2557949000
2022,2,11530800,항동,3007261,1323055000
2022,2,11545510,가산동,2567594,37826286000
2022,2,11545610,독산1동,3000453,9568403000
2022,2,11545620,독산2동,2251577,2805846000
2022,2,11545630,독산3동,2386851,4537278000
2022,2,11545640,독산4동,2255044,2257998000
2022,2,11545670,시흥1동,2757307,9835518000
2022,2,11545680,시흥2동,3181421,686107000
2022,2,11545690,시흥3동,2516251,1907158000
2022,2,11545700,시흥4동,2405620,1159710000
2022,2,11545710,시흥5동,2375052,1650820000
2022,2,11560515,영등포본동,3286751,3260211000
2022,2,11560535,영등포동,3570107,29364364000
2022,2,11560540,여의동,5590853,162424836000
2022,2,11560550,당산1동,3536432,6172980000
2022,2,11560560,당산2동,4130932,9646207000
2022,2,11560585,도림동,3031484,2432554000
2022,2,11560605,문래동,4019445,11321311000
2022,2,11560610,양평1동,3508250,4202979000
2022,2,11560620,양평2동,3672088,6775916000
2022,2,11560630,신길1동,2780044,4004622000
2022,2,11560650,신길3동,3085442,3361512000
2022,2,11560660,신길4동,2717791,944451000
2022,2,11560670,신길5동,2656511,1889010000
2022,2,11560680,신길6동,2954616,4762591000
2022,2,11560690,신길7동,3616070,2188347000
2022,2,11560700,대림1동,2582442,4437619000
2022,2,11560710,대림2동,2686240,4177945000
2022,2,11560720,대림3동,2907933,8131933000
2022,2,11590510,노량진1동,3583099,6913290000
2022,2,11590520,노량진2동,2420761,4693141000
2022,2,11590530,상도1동,3875896,7427371000
2022,2,11590540,상도2동,3826699,4236978000
2022,2,11590550,상도3동,2575897,4403430000
2022,2,11590560,상도4동,2563258,2047976000
2022,2,11590605,흑석동,4224946,9861388000
2022,2,11590620,사당1동,2855173,8598815000
2022,2,11590630,사당2동,3884988,7839910000
2022,2,11590640,사당3동,3890035,2737829000
2022,2,11590650,사당4동,2844168,2166128000
2022,2,11590651,사당5동,3047661,758175000
2022,2,11590660,대방동,3524765,7825841000
2022,2,11590670,신대방1동,3845094,2927547000
2022,2,11590680,신대방2동,3340157,102626401000
2022,2,11620525,보라매동,2529995,14156949000
2022,2,11620545,청림동,3682775,1322010000
2022,2,11620565,성현동,3455108,1256817000
2022,2,11620575,행운동,2889475,6002765000
2022,2,11620585,낙성대동,3225725,8980444000
2022,2,11620595,청룡동,2768161,8991403000
2022,2,11620605,은천동,3063077,5738047000
2022,2,11620615,중앙동,2633493,5667038000
2022,2,11620625,인헌동,2783693,4098472000
2022,2,11620630,남현동,3234026,5325542000
2022,2,11620645,서원동,2412001,12037181000
2022,2,11620655,신원동,2403237,1822926000
2022,2,11620665,서림동,2530625,2440712000
2022,2,11620685,신사동,2430662,3347228000
2022,2,11620695,신림동,2434279,9255266000
2022,2,11620715,난향동,3262195,828972000
2022,2,11620725,조원동,2523192,5083272000
2022,2,11620735,대학동,2622408,6996435000
2022,2,11620745,삼성동,2593695,1841730000
2022,2,11620765,미성동,2676537,4090959000
2022,2,11620775,난곡동,2268676,2734793000
2022,2,11650510,서초1동,4769119,10459518000
2022,2,11650520,서초2동,5196131,177570225000
2022,2,11650530,서초3동,4678950,183700727000
2022,2,11650531,서초4동,6475383,34324136000
2022,2,11650540,잠원동,5458458,9270554000
2022,2,11650550,반포본동,5583021,689085000
2022,2,11650560,반포1동,5338302,8391522000
2022,2,11650570,반포2동,6812331,2201705000
2022,2,11650580,반포3동,6140775,5140746000
2022,2,11650581,반포4동,5280483,29142051000
2022,2,11650590,방배본동,4856162,15787897000
2022,2,11650600,방배1동,4069239,6609448000
2022,2,11650610,방배2동,3864301,80017932000
2022,2,11650620,방배3동,4681587,3860268000
2022,2,11650621,방배4동,4557937,6043353000
2022,2,11650651,양재1동,4173236,12057834000
2022,2,11650652,양재2동,3222382,10603223000
2022,2,11650660,내곡동,4047063,2571597000
2022,2,11680510,신사동,5099915,44941576000
2022,2,11680521,논현1동,3277066,41765788000
2022,2,11680531,논현2동,3973993,24168310000
2022,2,11680545,압구정동,5808537,48333142000
2022,2,11680565,청담동,5010204,37455255000
2022,2,11680580,삼성1동,5098096,45667387000
2022,2,11680590,삼성2동,5055114,15387122000
2022,2,11680600,대치1동,7421305,11785360000
2022,2,11680610,대치2동,6017362,31096230000
2022,2,11680630,대치4동,4101144,60760465000
2022,2,11680640,역삼1동,3607265,1217598630000
2022,2,11680650,역삼2동,5367397,770252206000
2022,2,11680655,도곡1동,5412484,35422260000
2022,2,11680656,도곡2동,6567504,46692520000
2022,2,11680660,개포1동,5336373,205085000
2022,2,11680670,개포2동,5195802,2258963000
2022,2,11680690,개포4동,3550527,3793437000
2022,2,11680700,세곡동,3885403,6090783000
2022,2,11680720,일원본동,5444886,3406939000
2022,2,11680730,일원1동,3022931,2378773000
2022,2,11680740,일원2동,4553185,1389710000
2022,2,11680750,수서동,3847379,63382901000
2022,2,11710510,풍납1동,3011150,1672235000
2022,2,11710520,풍납2동,3891704,4977423000
2022,2,11710531,거여1동,2789100,1974121000
2022,2,11710532,거여2동,3033238,3178977000
2022,2,11710540,마천1동,2435636,1847105000
2022,2,11710550,마천2동,2339431,3998493000
2022,2,11710561,방이1동,3970520,5879569000
2022,2,11710562,방이2동,2928271,18362015000
2022,2,11710566,오륜동,6095160,2758410000
2022,2,11710570,오금동,3510674,7056446000
2022,2,11710580,송파1동,3129216,10081067000
2022,2,11710590,송파2동,4370970,3252173000
2022,2,11710600,석촌동,2927911,11049139000
2022,2,11710610,삼전동,2779980,7586035000
2022,2,11710620,가락본동,3521561,8283579000
2022,2,11710631,가락1동,4973588,5283223000
2022,2,11710632,가락2동,3910198,6144279000
2022,2,11710641,문정1동,3568357,3703050000
2022,2,11710642,문정2동,4425648,26368894000
2022,2,11710646,장지동,3263464,3979554000
2022,2,11710647,위례동,4202887,5106087000
2022,2,11710650,잠실본동,3079387,18354937000
2022,2,11710670,잠실2동,6352641,3520161000
2022,2,11710680,잠실3동,5452682,8275121000
2022,2,11710690,잠실4동,6007987,1445379000
2022,2,11710710,잠실6동,5237775,27555987000
2022,2,11710720,잠실7동,6014516,340865000
2022,2,11740515,강일동,3073250,3572283000
2022,2,11740520,상일동,3690212,3535466000
2022,2,11740530,명일1동,3540203,6731550000
2022,2,11740540,명일2동,4514278,5744898000
2022,2,11740550,고덕1동,4618641,2021408000
2022,2,11740560,고덕2동,2465499,2625874000
2022,2,11740570,암사1동,2852157,5919018000
2022,2,11740580,암사2동,3688535,3025338000
2022,2,11740590,암사3동,4470889,1485066000
2022,2,11740600,천호1동,2473111,2691844000
2022,2,11740610,천호2동,2749741,82937858000
2022,2,11740620,천호3동,3165328,4987373000
2022,2,11740640,성내1동,3438376,6102552000
2022,2,11740650,성내2동,2824592,7433792000
2022,2,11740660,성내3동,2897346,7116476000
2022,2,11740685,길동,2840603,12507662000
2022,2,11740690,둔촌1동,3596734,23462000
2022,2,11740700,둔촌2동,3414406,4466717000
2022,3,11110515,청운효자동,3780222,2919134000
2022,3,11110530,사직동,5007768,56365316000
2022,3,11110540,삼청동,3442534,2979291000
2022,3,11110550,부암동,3647449,1559080000
2022,3,11110560,평창동,4504006,2538931000
2022,3,11110570,무악동,5136717,2164898000
2022,3,11110580,교남동,4616890,2135973000
2022,3,11110600,가회동,3479766,1856758000
2022,3,11110615,종로1?2?3?4가동,3245251,200331036000
2022,3,11110630,종로5?6가동,2531450,8298952000
2022,3,11110640,이화동,3024996,9977104000
2022,3,11110650,혜화동,3333112,9209413000
2022,3,11110670,창신1동,2393308,2528410000
2022,3,11110680,창신2동,2112817,1014968000
2022,3,11110690,창신3동,3006052,408270000
2022,3,11110700,숭인1동,2868519,758801000
2022,3,11110710,숭인2동,2607311,1894888000
2022,3,11140520,소공동,5380521,1542622363000
2022,3,11140540,회현동,4442451,563807808000
2022,3,11140550,명동,3733600,75935087000
2022,3,11140570,필동,3033044,4646220000
2022,3,11140580,장충동,2895026,2512832000
2022,3,11140590,광희동,3229604,11914965000
2022,3,11140605,을지로동,3082514,201446668000
2022,3,11140615,신당동,2816850,5223975000
2022,3,11140625,다산동,2679845,3343280000
2022,3,11140635,약수동,3894878,2559408000
2022,3,11140645,청구동,3566241,1467645000
2022,3,11140650,신당5동,3027979,2470587000
2022,3,11140665,동화동,3621349,1782233000
2022,3,11140670,황학동,3247840,3839471000
2022,3,11140680,중림동,4435938,2489125000
2022,3,11170510,후암동,3013677,2039094000
2022,3,11170520,용산2가동,2540319,120856329000
2022,3,11170530,남영동,3183091,57450099000
2022,3,11170555,청파동,2608804,2909889000
2022,3,11170560,원효로1동,4450695,2814794000
2022,3,11170570,원효로2동,3817026,1046337000
2022,3,11170580,효창동,3523201,980113000
2022,3,11170590,용문동,3568910,1340825000
2022,3,11170625,한강로동,4948344,32468308000
2022,3,11170630,이촌1동,5974291,2804029000
2022,3,11170640,이촌2동,3596083,543532000
2022,3,11170650,이태원1동,3682946,11226977000
2022,3,11170660,이태원2동,3261019,2321900000
2022,3,11170685,한남동,4381088,14591831000
2022,3,11170690,서빙고동,4208562,2061524000
2022,3,11170700,보광동,2545653,1299922000
2022,3,11200520,왕십리2동,3474994,1993024000
2022,3,11200535,왕십리도선동,4015131,8404832000
2022,3,11200540,마장동,3021967,5365403000
2022,3,11200550,사근동,3099614,5758049000
2022,3,11200560,행당1동,3900841,7152331000
2022,3,11200570,행당2동,4408744,1565027000
2022,3,11200580,응봉동,3858472,548749000
2022,3,11200590,금호1가동,4010011,1299174000
2022,3,11200615,금호2?3가동,3751434,2563066000
2022,3,11200620,금호4가동,4442144,3058382000
2022,3,11200645,옥수동,4836487,3786172000
2022,3,11200650,성수1가1동,3870717,3569805000
2022,3,11200660,성수1가2동,3263294,9355194000
2022,3,11200670,성수2가1동,2900762,6372508000
2022,3,11200690,성수2가3동,3358391,16484616000
2022,3,11200720,송정동,2566462,895328000
2022,3,11200790,용답동,2484354,8821489000
2022,3,11215710,화양동,2470026,20366144000
2022,3,11215730,군자동,2604535,5949765000
2022,3,11215740,중곡1동,2542359,4502119000
2022,3,11215750,중곡2동,2555101,3856516000
2022,3,11215760,중곡3동,2390961,2795557000
2022,3,11215770,중곡4동,2523958,3447104000
2022,3,11215780,능동,2846023,6631422000
2022,3,11215810,광장동,5284540,5049101000
2022,3,11215820,자양1동,2745988,5181895000
2022,3,11215830,자양2동,2999213,3572948000
2022,3,11215840,자양3동,4353416,4817306000
2022,3,11215847,자양4동,2795134,7799338000
2022,3,11215850,구의1동,2683701,4545683000
2022,3,11215860,구의2동,2948328,4536353000
2022,3,11215870,구의3동,4010979,13705323000
2022,3,11230536,용신동,2894254,14795514000
2022,3,11230545,제기동,2792227,9261320000
2022,3,11230560,전농1동,3070695,5517075000
2022,3,11230570,전농2동,3136080,1515281000
2022,3,11230600,답십리1동,3538405,7062470000
2022,3,11230610,답십리2동,3049260,5739374000
2022,3,11230650,장안1동,2863708,11286674000
2022,3,11230660,장안2동,2920490,9877316000
2022,3,11230705,청량리동,2860315,4308336000
2022,3,11230710,회기동,3217279,10371233000
2022,3,11230720,휘경1동,2722774,3435836000
2022,3,11230730,휘경2동,3071586,2377585000
2022,3,11230740,이문1동,3000929,3470262000
2022,3,11230750,이문2동,3137841,1603510000
2022,3,11260520,면목2동,2322173,3929732000
2022,3,11260540,면목4동,2573570,1010979000
2022,3,11260550,면목5동,2233073,2976488000
2022,3,11260565,면목본동,2336892,4572425000
2022,3,11260570,면목7동,2655671,4098865000
2022,3,11260575,면목3?8동,2354962,4058881000
2022,3,11260580,상봉1동,2969913,3835226000
2022,3,11260590,상봉2동,2575432,10076158000
2022,3,11260600,중화1동,2518956,1539391000
2022,3,11260610,중화2동,2253552,4059595000
2022,3,11260620,묵1동,3120718,4404661000
2022,3,11260630,묵2동,2533867,3708777000
2022,3,11260655,망우본동,2443681,7163800000
2022,3,11260660,망우3동,2231082,1323042000
2022,3,11260680,신내1동,2780491,5499496000
2022,3,11260690,신내2동,3060535,4031570000
2022,3,11290525,성북동,3470748,3157252000
2022,3,11290555,삼선동,3057377,5435764000
2022,3,11290575,동선동,2821008,11199803000
2022,3,11290580,돈암1동,3583117,1141944000
2022,3,11290590,돈암2동,4297592,809614000
2022,3,11290600,안암동,2896471,5476561000
2022,3,11290610,보문동,3162623,3295500000
2022,3,11290620,정릉1동,3341356,1626768000
2022,3,11290630,정릉2동,2934717,3705808000
2022,3,11290640,정릉3동,2482564,2115696000
2022,3,11290650,정릉4동,3038165,3867318000
2022,3,11290660,길음1동,4462339,4697802000
2022,3,11290685,길음2동,3736133,6455292000
2022,3,11290705,종암동,3381883,6163813000
2022,3,11290715,월곡1동,3294213,3123748000
2022,3,11290725,월곡2동,3138026,5797363000
2022,3,11290760,장위1동,2231978,1835207000
2022,3,11290770,장위2동,2411293,2384093000
2022,3,11290780,장위3동,3113825,1468663000
2022,3,11290810,석관동,2864182,5950079000
2022,3,11305534,삼양동,2473211,3117270000
2022,3,11305535,미아동,2318870,5346227000
2022,3,11305545,송중동,2555447,9092137000
2022,3,11305555,송천동,2444557,4723969000
2022,3,11305575,삼각산동,3734477,2556936000
2022,3,11305595,번1동,2303972,6963040000
2022,3,11305603,번2동,2308539,1084451000
2022,3,11305608,번3동,2548326,2209335000
2022,3,11305615,수유1동,2220463,4946276000
2022,3,11305625,수유2동,2577008,2034266000
2022,3,11305635,수유3동,2205999,11494960000
2022,3,11305645,우이동,2457144,3599385000
2022,3,11305660,인수동,2359990,2692406000
2022,3,11320511,창1동,3038009,3366777000
2022,3,11320512,창2동,2551630,3366000000
2022,3,11320513,창3동,2229423,1298806000
2022,3,11320514,창4동,3547959,3582494000
2022,3,11320515,창5동,3298026,6221270000
2022,3,11320521,도봉1동,2275377,4475379000
2022,3,11320522,도봉2동,2811820,2485415000
2022,3,11320660,쌍문1동,2440535,1755009000
2022,3,11320670,쌍문2동,2430154,4516011000
2022,3,11320680,쌍문3동,2438072,2788698000
2022,3,11320681,쌍문4동,2968285,1648425000
2022,3,11320690,방학1동,2895702,9188590000
2022,3,11320700,방학2동,2099146,2105358000
2022,3,11320710,방학3동,2962092,2103622000
2022,3,11350560,월계1동,2777397,5051890000
2022,3,11350570,월계2동,2728093,1799147000
2022,3,11350580,월계3동,3110675,7823768000
2022,3,11350595,공릉1동,2786137,12176127000
2022,3,11350600,공릉2동,3394877,7924833000
2022,3,11350611,하계1동,3611061,6387243000
2022,3,11350612,하계2동,3625940,677425000
2022,3,11350619,중계본동,4197248,6273256000
2022,3,11350621,중계1동,4623227,4600203000
2022,3,11350624,중계4동,3196660,5728324000
2022,3,11350625,중계2?3동,2936682,8927394000
2022,3,11350630,상계1동,3030316,8735072000
2022,3,11350640,상계2동,3122902,21623056000
2022,3,11350665,상계3?4동,2644186,1564800000
2022,3,11350670,상계5동,2481440,2473318000
2022,3,11350695,상계6?7동,3152836,13410015000
2022,3,11350700,상계8동,3153561,1452659000
2022,3,11350710,상계9동,2955988,1586787000
2022,3,11350720,상계10동,3132098,876392000
2022,3,11380510,녹번동,3055864,5544626000
2022,3,11380520,불광1동,3182963,6691522000
2022,3,11380530,불광2동,2396457,4613035000
2022,3,11380551,갈현1동,2481200,5656017000
2022,3,11380552,갈현2동,2539257,6436029000
2022,3,11380560,구산동,2602334,2543812000
2022,3,11380570,대조동,2535013,7484852000
2022,3,11380580,응암1동,2726133,6108172000
2022,3,11380590,응암2동,3510245,2042473000
2022,3,11380600,응암3동,2360910,6534382000
2022,3,11380625,역촌동,2521877,7013649000
2022,3,11380631,신사1동,2637581,4300655000
2022,3,11380632,신사2동,2635300,1353043000
2022,3,11380640,증산동,2838450,2718788000
2022,3,11380650,수색동,3253972,1098966000
2022,3,11380690,진관동,4070863,16251178000
2022,3,11410520,천연동,4197718,2287542000
2022,3,11410555,북아현동,4172659,2382906000
2022,3,11410565,충현동,3210231,3612805000
2022,3,11410585,신촌동,3331768,21896440000
2022,3,11410615,연희동,3383749,77233762000
2022,3,11410620,홍제1동,3459117,3337807000
2022,3,11410640,홍제3동,2807766,4118206000
2022,3,11410655,홍제2동,3664523,1765320000
2022,3,11410660,홍은1동,3093859,1331807000
2022,3,11410685,홍은2동,2874442,3406651000
2022,3,11410690,남가좌1동,4622839,3003998000
2022,3,11410700,남가좌2동,3237719,4923482000
2022,3,11410710,북가좌1동,4005416,1998669000
2022,3,11410720,북가좌2동,2590646,3796080000
2022,3,11440555,아현동,5237419,868750727000
2022,3,11440565,공덕동,4047702,5030522000
2022,3,11440585,도화동,4217433,8888379000
2022,3,11440590,용강동,4787212,6967624000
2022,3,11440600,대흥동,3421062,5329180000
2022,3,11440610,염리동,4051438,42802291000
2022,3,11440630,신수동,4157605,2865997000
2022,3,11440655,서강동,4339738,5675617000
2022,3,11440660,서교동,3212258,60506468000
2022,3,11440680,합정동,3195027,10138364000
2022,3,11440690,망원1동,2802536,7024313000
2022,3,11440700,망원2동,2912810,3747160000
2022,3,11440710,연남동,2980162,9445799000
2022,3,11440720,성산1동,2814646,3887472000
2022,3,11440730,성산2동,3521472,8192082000
2022,3,11440740,상암동,4158486,17232191000
2022,3,11470510,목1동,5667672,26618659000
2022,3,11470520,목2동,3244963,5919415000
2022,3,11470530,목3동,3101712,6098747000
2022,3,11470540,목4동,3426858,5206905000
2022,3,11470550,목5동,5987821,11947660000
2022,3,11470560,신월1동,2227154,3546055000
2022,3,11470570,신월2동,2727225,2880092000
2022,3,11470580,신월3동,2152244,2981134000
2022,3,11470590,신월4동,2639083,2937315000
2022,3,11470600,신월5동,2615553,3231400000
2022,3,11470610,신월6동,2857257,2316547000
2022,3,11470611,신월7동,2343943,2150030000
2022,3,11470620,신정1동,5046256,4692360000
2022,3,11470630,신정2동,4725315,4266808000
2022,3,11470640,신정3동,3158844,4770812000
2022,3,11470650,신정4동,2609700,9643979000
2022,3,11470670,신정6동,5384412,2788202000
2022,3,11470680,신정7동,4094404,5158364000
2022,3,11500510,염창동,4127504,7100799000
2022,3,11500520,등촌1동,3322838,19366597000
2022,3,11500530,등촌2동,3352636,2489260000
2022,3,11500535,등촌3동,3403390,9475120000
2022,3,11500540,화곡1동,2485455,11235259000
2022,3,11500550,화곡2동,2385531,2228620000
2022,3,11500560,화곡3동,3132782,4383295000
2022,3,11500570,화곡4동,2423768,4695015000
2022,3,11500590,화곡본동,2398795,6882000000
2022,3,11500591,화곡6동,3040513,7911805000
2022,3,11500593,화곡8동,2473381,4298680000
2022,3,11500603,가양1동,3560388,70248181000
2022,3,11500604,가양2동,3065320,3373847000
2022,3,11500605,가양3동,3047051,628933000
2022,3,11500611,발산1동,3192517,19288376000
2022,3,11500615,우장산동,4135674,7684302000
2022,3,11500620,공항동,2896818,20591862000
2022,3,11500630,방화1동,3407916,6494162000
2022,3,11500640,방화2동,2708397,8975896000
2022,3,11500641,방화3동,3044446,1803535000
2022,3,11530510,신도림동,4380318,10489828000
2022,3,11530520,구로1동,3368067,1743333000
2022,3,11530530,구로2동,2453690,12490780000
2022,3,11530540,구로3동,2888444,1220239237000
2022,3,11530550,구로4동,2617060,5474016000
2022,3,11530560,구로5동,3213284,15058250000
2022,3,11530595,가리봉동,2336331,1163415000
2022,3,11530720,고척1동,2972418,5983997000
2022,3,11530730,고척2동,2882639,3045049000
2022,3,11530740,개봉1동,2805757,4248807000
2022,3,11530750,개봉2동,3068971,3272861000
2022,3,11530760,개봉3동,2512790,3062270000
2022,3,11530770,오류1동,2574851,3844524000
2022,3,11530780,오류2동,2781178,3912469000
2022,3,11530790,수궁동,2682295,2565337000
2022,3,11530800,항동,3007261,1301597000
2022,3,11545510,가산동,2567594,34192545000
2022,3,11545610,독산1동,3000453,10029088000
2022,3,11545620,독산2동,2251577,2796837000
2022,3,11545630,독산3동,2386851,4675315000
2022,3,11545640,독산4동,2255044,2292722000
2022,3,11545670,시흥1동,2757307,9994593000
2022,3,11545680,시흥2동,3181421,748914000
2022,3,11545690,시흥3동,2516251,1996100000
2022,3,11545700,시흥4동,2405620,1124215000
2022,3,11545710,시흥5동,2375052,1792061000
2022,3,11560515,영등포본동,3286751,3500394000
2022,3,11560535,영등포동,3570107,31325420000
2022,3,11560540,여의동,5590853,124375876000
2022,3,11560550,당산1동,3536432,5974289000
2022,3,11560560,당산2동,4130932,9557735000
2022,3,11560585,도림동,3031484,2572058000
2022,3,11560605,문래동,4019445,11397830000
2022,3,11560610,양평1동,3508250,4275472000
2022,3,11560620,양평2동,3672088,6585666000
2022,3,11560630,신길1동,2780044,4083701000
2022,3,11560650,신길3동,3085442,3392972000
2022,3,11560660,신길4동,2717791,1053706000
2022,3,11560670,신길5동,2656511,2007791000
2022,3,11560680,신길6동,2954616,4742566000
2022,3,11560690,신길7동,3616070,2202695000
2022,3,11560700,대림1동,2582442,4506113000
2022,3,11560710,대림2동,2686240,4367738000
2022,3,11560720,대림3동,2907933,8122539000
2022,3,11590510,노량진1동,3583099,7141353000
2022,3,11590520,노량진2동,2420761,4641581000
2022,3,11590530,상도1동,3875896,7207137000
2022,3,11590540,상도2동,3826699,4399333000
2022,3,11590550,상도3동,2575897,4304829000
2022,3,11590560,상도4동,2563258,2051619000
2022,3,11590605,흑석동,4224946,9802321000
2022,3,11590620,사당1동,2855173,8528149000
2022,3,11590630,사당2동,3884988,7935007000
2022,3,11590640,사당3동,3890035,2930042000
2022,3,11590650,사당4동,2844168,2164829000
2022,3,11590651,사당5동,3047661,748156000
2022,3,11590660,대방동,3524765,7900507000
2022,3,11590670,신대방1동,3845094,3021822000
2022,3,11590680,신대방2동,3340157,106880455000
2022,3,11620525,보라매동,2529995,14305875000
2022,3,11620545,청림동,3682775,1414583000
2022,3,11620565,성현동,3455108,1277764000
2022,3,11620575,행운동,2889475,6220860000
2022,3,11620585,낙성대동,3225725,9083966000
2022,3,11620595,청룡동,2768161,9198009000
2022,3,11620605,은천동,3063077,5920841000
2022,3,11620615,중앙동,2633493,5677250000
2022,3,11620625,인헌동,2783693,4329326000
2022,3,11620630,남현동,3234026,5604112000
2022,3,11620645,서원동,2412001,12268223000
2022,3,11620655,신원동,2403237,1921879000
2022,3,11620665,서림동,2530625,2398868000
2022,3,11620685,신사동,2430662,3596992000
2022,3,11620695,신림동,2434279,9436673000
2022,3,11620715,난향동,3262195,816769000
2022,3,11620725,조원동,2523192,5299345000
2022,3,11620735,대학동,2622408,7061071000
2022,3,11620745,삼성동,2593695,1888481000
2022,3,11620765,미성동,2676537,4004311000
2022,3,11620775,난곡동,2268676,2861111000
2022,3,11650510,서초1동,4769119,10076674000
2022,3,11650520,서초2동,5196131,180739654000
2022,3,11650530,서초3동,4678950,166323510000
2022,3,11650531,서초4동,6475383,35070585000
2022,3,11650540,잠원동,5458458,9453351000
2022,3,11650550,반포본동,5583021,516901000
2022,3,11650560,반포1동,5338302,8720551000
2022,3,11650570,반포2동,6812331,1960210000
2022,3,11650580,반포3동,6140775,4817175000
2022,3,11650581,반포4동,5280483,29673232000
2022,3,11650590,방배본동,4856162,15816045000
2022,3,11650600,방배1동,4069239,6599357000
2022,3,11650610,방배2동,3864301,77639081000
2022,3,11650620,방배3동,4681587,3535823000
2022,3,11650621,방배4동,4557937,6142832000
2022,3,11650651,양재1동,4173236,11442115000
2022,3,11650652,양재2동,3222382,10338950000
2022,3,11650660,내곡동,4047063,2290398000
2022,3,11680510,신사동,5099915,44314804000
2022,3,11680521,논현1동,3277066,41339360000
2022,3,11680531,논현2동,3973993,23907062000
2022,3,11680545,압구정동,5808537,46791149000
2022,3,11680565,청담동,5010204,35960089000
2022,3,11680580,삼성1동,5098096,45478633000
2022,3,11680590,삼성2동,5055114,17173536000
2022,3,11680600,대치1동,7421305,14471756000
2022,3,11680610,대치2동,6017362,30667668000
2022,3,11680630,대치4동,4101144,61601088000
2022,3,11680640,역삼1동,3607265,1306037855000
2022,3,11680650,역삼2동,5367397,821150867000
2022,3,11680655,도곡1동,5412484,36860070000
2022,3,11680656,도곡2동,6567504,49639476000
2022,3,11680660,개포1동,5336373,239277000
2022,3,11680670,개포2동,5195802,2177185000
2022,3,11680690,개포4동,3550527,3585333000
2022,3,11680700,세곡동,3885403,6051516000
2022,3,11680720,일원본동,5444886,3521033000
2022,3,11680730,일원1동,3022931,2479197000
2022,3,11680740,일원2동,4553185,1406396000
2022,3,11680750,수서동,3847379,72760471000
2022,3,11710510,풍납1동,3011150,1593310000
2022,3,11710520,풍납2동,3891704,5032826000
2022,3,11710531,거여1동,2789100,1948567000
2022,3,11710532,거여2동,3033238,3166286000
2022,3,11710540,마천1동,2435636,1647456000
2022,3,11710550,마천2동,2339431,3934488000
2022,3,11710561,방이1동,3970520,5862014000
2022,3,11710562,방이2동,2928271,17636610000
2022,3,11710566,오륜동,6095160,2807163000
2022,3,11710570,오금동,3510674,7342115000
2022,3,11710580,송파1동,3129216,9403083000
2022,3,11710590,송파2동,4370970,3396904000
2022,3,11710600,석촌동,2927911,11053302000
2022,3,11710610,삼전동,2779980,7620307000
2022,3,11710620,가락본동,3521561,8458450000
2022,3,11710631,가락1동,4973588,5512794000
2022,3,11710632,가락2동,3910198,6304403000
2022,3,11710641,문정1동,3568357,3607320000
2022,3,11710642,문정2동,4425648,23409201000
2022,3,11710646,장지동,3263464,4141677000
2022,3,11710647,위례동,4202887,5079777000
2022,3,11710650,잠실본동,3079387,18300362000
2022,3,11710670,잠실2동,6352641,3321056000
2022,3,11710680,잠실3동,5452682,8785877000
2022,3,11710690,잠실4동,6007987,1471099000
2022,3,11710710,잠실6동,5237775,27068844000
2022,3,11710720,잠실7동,6014516,336792000
2022,3,11740515,강일동,3073250,3553024000
2022,3,11740520,상일동,3690212,3485965000
2022,3,11740530,명일1동,3540203,6894568000
2022,3,11740540,명일2동,4514278,5979778000
2022,3,11740550,고덕1동,4618641,2036752000
2022,3,11740560,고덕2동,2465499,2680510000
2022,3,11740570,암사1동,2852157,6080863000
2022,3,11740580,암사2동,3688535,3022443000
2022,3,11740590,암사3동,4470889,1510697000
2022,3,11740600,천호1동,2473111,2844499000
2022,3,11740610,천호2동,2749741,77358793000
2022,3,11740620,천호3동,3165328,4988176000
2022,3,11740640,성내1동,3438376,5897325000
2022,3,11740650,성내2동,2824592,7497762000
2022,3,11740660,성내3동,2897346,7035114000
2022,3,11740685,길동,2840603,12636184000
2022,3,11740690,둔촌1동,3596734,19476000
2022,3,11740700,둔촌2동,3414406,4695661000
2022,4,11110515,청운효자동,3780222,2916286000
2022,4,11110530,사직동,5007768,58733699000
2022,4,11110540,삼청동,3442534,3250333000
2022,4,11110550,부암동,3647449,1937660000
2022,4,11110560,평창동,4504006,2457263000
2022,4,11110570,무악동,5136717,2178704000
2022,4,11110580,교남동,4616890,2133320000
2022,4,11110600,가회동,3479766,2173144000
2022,4,11110615,종로1?2?3?4가동,3245251,200220119000
2022,4,11110630,종로5?6가동,2531450,9145871000
2022,4,11110640,이화동,3024996,7827026000
2022,4,11110650,혜화동,3333112,9992172000
2022,4,11110670,창신1동,2393308,2627992000
2022,4,11110680,창신2동,2112817,1027428000
2022,4,11110690,창신3동,3006052,359994000
2022,4,11110700,숭인1동,2868519,700404000
2022,4,11110710,숭인2동,2607311,1873239000
2022,4,11140520,소공동,5380521,1652368496000
2022,4,11140540,회현동,4442451,597989802000
2022,4,11140550,명동,3733600,95839678000
2022,4,11140570,필동,3033044,5122355000
2022,4,11140580,장충동,2895026,2383879000
2022,4,11140590,광희동,3229604,12621866000
2022,4,11140605,을지로동,3082514,212675577000
2022,4,11140615,신당동,2816850,5529560000
2022,4,11140625,다산동,2679845,3337638000
2022,4,11140635,약수동,3894878,2592731000
2022,4,11140645,청구동,3566241,1517096000
2022,4,11140650,신당5동,3027979,2523533000
2022,4,11140665,동화동,3621349,1610608000
2022,4,11140670,황학동,3247840,3825054000
2022,4,11140680,중림동,4435938,2704897000
2022,4,11170510,후암동,3013677,2044213000
2022,4,11170520,용산2가동,2540319,112292173000
2022,4,11170530,남영동,3183091,53774797000
2022,4,11170555,청파동,2608804,3102373000
2022,4,11170560,원효로1동,4450695,2805294000
2022,4,11170570,원효로2동,3817026,984106000
2022,4,11170580,효창동,3523201,957355000
2022,4,11170590,용문동,3568910,1313115000
2022,4,11170625,한강로동,4948344,29449736000
2022,4,11170630,이촌1동,5974291,2784512000
2022,4,11170640,이촌2동,3596083,544476000
2022,4,11170650,이태원1동,3682946,7456969000
2022,4,11170660,이태원2동,3261019,1997001000
2022,4,11170685,한남동,4381088,14032958000
2022,4,11170690,서빙고동,4208562,1848409000
2022,4,11170700,보광동,2545653,1244682000
2022,4,11200520,왕십리2동,3474994,1974371000
2022,4,11200535,왕십리도선동,4015131,8368131000
2022,4,11200540,마장동,3021967,5083609000
2022,4,11200550,사근동,3099614,6406803000
2022,4,11200560,행당1동,3900841,7441889000
2022,4,11200570,행당2동,4408744,1512882000
2022,4,11200580,응봉동,3858472,515823000
2022,4,11200590,금호1가동,4010011,1281481000
2022,4,11200615,금호2?3가동,3751434,2608810000
2022,4,11200620,금호4가동,4442144,2969074000
2022,4,11200645,옥수동,4836487,3841788000
2022,4,11200650,성수1가1동,3870717,3495894000
2022,4,11200660,성수1가2동,3263294,9073780000
2022,4,11200670,성수2가1동,2900762,6597854000
2022,4,11200690,성수2가3동,3358391,16087633000
2022,4,11200720,송정동,2566462,836761000
2022,4,11200790,용답동,2484354,8648819000
2022,4,11215710,화양동,2470026,20101419000
2022,4,11215730,군자동,2604535,6706345000
2022,4,11215740,중곡1동,2542359,4548741000
2022,4,11215750,중곡2동,2555101,3794462000
2022,4,11215760,중곡3동,2390961,2631742000
2022,4,11215770,중곡4동,2523958,3516153000
2022,4,11215780,능동,2846023,6281726000
2022,4,11215810,광장동,5284540,5107067000
2022,4,11215820,자양1동,2745988,5296706000
2022,4,11215830,자양2동,2999213,3242492000
2022,4,11215840,자양3동,4353416,4704337000
2022,4,11215847,자양4동,2795134,7437983000
2022,4,11215850,구의1동,2683701,4600693000
2022,4,11215860,구의2동,2948328,4395955000
2022,4,11215870,구의3동,4010979,12189621000
2022,4,11230536,용신동,2894254,14797575000
2022,4,11230545,제기동,2792227,9295982000
2022,4,11230560,전농1동,3070695,5779190000
2022,4,11230570,전농2동,3136080,1705346000
2022,4,11230600,답십리1동,3538405,4516595000
2022,4,11230610,답십리2동,3049260,5095259000
2022,4,11230650,장안1동,2863708,12115663000
2022,4,11230660,장안2동,2920490,9646743000
2022,4,11230705,청량리동,2860315,4460167000
2022,4,11230710,회기동,3217279,11227484000
2022,4,11230720,휘경1동,2722774,3662766000
2022,4,11230730,휘경2동,3071586,2245683000
2022,4,11230740,이문1동,3000929,3870482000
2022,4,11230750,이문2동,3137841,1652416000
2022,4,11260520,면목2동,2322173,3752511000
2022,4,11260540,면목4동,2573570,980433000
2022,4,11260550,면목5동,2233073,2534620000
2022,4,11260565,면목본동,2336892,4525406000
2022,4,11260570,면목7동,2655671,4115928000
2022,4,11260575,면목3?8동,2354962,4120478000
2022,4,11260580,상봉1동,2969913,3728524000
2022,4,11260590,상봉2동,2575432,9794506000
2022,4,11260600,중화1동,2518956,1578795000
2022,4,11260610,중화2동,2253552,3957621000
2022,4,11260620,묵1동,3120718,4476801000
2022,4,11260630,묵2동,2533867,3624702000
2022,4,11260655,망우본동,2443681,7110608000
2022,4,11260660,망우3동,2231082,1086624000
2022,4,11260680,신내1동,2780491,5354000000
2022,4,11260690,신내2동,3060535,3702575000
2022,4,11290525,성북동,3470748,2988695000
2022,4,11290555,삼선동,3057377,5522722000
2022,4,11290575,동선동,2821008,11455553000
2022,4,11290580,돈암1동,3583117,1104765000
2022,4,11290590,돈암2동,4297592,774522000
2022,4,11290600,안암동,2896471,6312507000
2022,4,11290610,보문동,3162623,2997780000
2022,4,11290620,정릉1동,3341356,1552170000
2022,4,11290630,정릉2동,2934717,3590190000
2022,4,11290640,정릉3동,2482564,2346579000
2022,4,11290650,정릉4동,3038165,3778471000
2022,4,11290660,길음1동,4462339,4593798000
2022,4,11290685,길음2동,3736133,6120277000
2022,4,11290705,종암동,3381883,6243011000
2022,4,11290715,월곡1동,3294213,3113347000
2022,4,11290725,월곡2동,3138026,5700605000
2022,4,11290760,장위1동,2231978,1546326000
2022,4,11290770,장위2동,2411293,2289729000
2022,4,11290780,장위3동,3113825,1355880000
2022,4,11290810,석관동,2864182,5637529000
2022,4,11305534,삼양동,2473211,2982654000
2022,4,11305535,미아동,2318870,5372104000
2022,4,11305545,송중동,2555447,8893681000
2022,4,11305555,송천동,2444557,4579288000
2022,4,11305575,삼각산동,3734477,2399254000
2022,4,11305595,번1동,2303972,6976181000
2022,4,11305603,번2동,2308539,966952000
2022,4,11305608,번3동,2548326,2061450000
2022,4,11305615,수유1동,2220463,4835568000
2022,4,11305625,수유2동,2577008,2173352000
2022,4,11305635,수유3동,2205999,11423379000
2022,4,11305645,우이동,2457144,3261906000
2022,4,11305660,인수동,2359990,2677475000
2022,4,11320511,창1동,3038009,3353170000
2022,4,11320512,창2동,2551630,3120193000
2022,4,11320513,창3동,2229423,1249890000
2022,4,11320514,창4동,3547959,3435242000
2022,4,11320515,창5동,3298026,5959274000
2022,4,11320521,도봉1동,2275377,4544178000
2022,4,11320522,도봉2동,2811820,2464134000
2022,4,11320660,쌍문1동,2440535,1757635000
2022,4,11320670,쌍문2동,2430154,4327801000
2022,4,11320680,쌍문3동,2438072,2826063000
2022,4,11320681,쌍문4동,2968285,1561771000
2022,4,11320690,방학1동,2895702,8494957000
2022,4,11320700,방학2동,2099146,2061313000
2022,4,11320710,방학3동,2962092,1920587000
2022,4,11350560,월계1동,2777397,5404753000
2022,4,11350570,월계2동,2728093,1847769000
2022,4,11350580,월계3동,3110675,6584920000
2022,4,11350595,공릉1동,2786137,12083016000
2022,4,11350600,공릉2동,3394877,7677145000
2022,4,11350611,하계1동,3611061,6944499000
2022,4,11350612,하계2동,3625940,641307000
2022,4,11350619,중계본동,4197248,5879598000
2022,4,11350621,중계1동,4623227,4463327000
2022,4,11350624,중계4동,3196660,5942057000
2022,4,11350625,중계2?3동,2936682,10341148000
2022,4,11350630,상계1동,3030316,8407938000
2022,4,11350640,상계2동,3122902,21409766000
2022,4,11350665,상계3?4동,2644186,1603581000
2022,4,11350670,상계5동,2481440,2373397000
2022,4,11350695,상계6?7동,3152836,13146426000
2022,4,11350700,상계8동,3153561,1483061000
2022,4,11350710,상계9동,2955988,1683912000
2022,4,11350720,상계10동,3132098,882729000
2022,4,11380510,녹번동,3055864,5484136000
2022,4,11380520,불광1동,3182963,6774232000
2022,4,11380530,불광2동,2396457,4481169000
2022,4,11380551,갈현1동,2481200,5522524000
2022,4,11380552,갈현2동,2539257,6375466000
2022,4,11380560,구산동,2602334,2455539000
2022,4,11380570,대조동,2535013,7452773000
2022,4,11380580,응암1동,2726133,5876169000
2022,4,11380590,응암2동,3510245,1905339000
2022,4,11380600,응암3동,2360910,6584335000
2022,4,11380625,역촌동,2521877,6584330000
2022,4,11380631,신사1동,2637581,3955183000
2022,4,11380632,신사2동,2635300,1341206000
2022,4,11380640,증산동,2838450,2582204000
2022,4,11380650,수색동,3253972,1003417000
2022,4,11380690,진관동,4070863,16335641000
2022,4,11410520,천연동,4197718,2326809000
2022,4,11410555,북아현동,4172659,2320562000
2022,4,11410565,충현동,3210231,3569461000
2022,4,11410585,신촌동,3331768,22113007000
2022,4,11410615,연희동,3383749,75398748000
2022,4,11410620,홍제1동,3459117,3272164000
2022,4,11410640,홍제3동,2807766,4116692000
2022,4,11410655,홍제2동,3664523,1639250000
2022,4,11410660,홍은1동,3093859,1264347000
2022,4,11410685,홍은2동,2874442,3615758000
2022,4,11410690,남가좌1동,4622839,3090462000
2022,4,11410700,남가좌2동,3237719,5009774000
2022,4,11410710,북가좌1동,4005416,1953311000
2022,4,11410720,북가좌2동,2590646,3578817000
2022,4,11440555,아현동,5237419,911477313000
2022,4,11440565,공덕동,4047702,5364127000
2022,4,11440585,도화동,4217433,8784249000
2022,4,11440590,용강동,4787212,6881560000
2022,4,11440600,대흥동,3421062,5245876000
2022,4,11440610,염리동,4051438,43810934000
2022,4,11440630,신수동,4157605,2714169000
2022,4,11440655,서강동,4339738,5691954000
2022,4,11440660,서교동,3212258,58190875000
2022,4,11440680,합정동,3195027,9961325000
2022,4,11440690,망원1동,2802536,6851447000
2022,4,11440700,망원2동,2912810,3454776000
2022,4,11440710,연남동,2980162,9386593000
2022,4,11440720,성산1동,2814646,3710965000
2022,4,11440730,성산2동,3521472,7806334000
2022,4,11440740,상암동,4158486,14614171000
2022,4,11470510,목1동,5667672,25177738000
2022,4,11470520,목2동,3244963,5456899000
2022,4,11470530,목3동,3101712,6179204000
2022,4,11470540,목4동,3426858,4989977000
2022,4,11470550,목5동,5987821,11474032000
2022,4,11470560,신월1동,2227154,3569013000
2022,4,11470570,신월2동,2727225,2544130000
2022,4,11470580,신월3동,2152244,2776216000
2022,4,11470590,신월4동,2639083,2704626000
2022,4,11470600,신월5동,2615553,2939034000
2022,4,11470610,신월6동,2857257,2334650000
2022,4,11470611,신월7동,2343943,2146576000
2022,4,11470620,신정1동,5046256,4372962000
2022,4,11470630,신정2동,4725315,4087769000
2022,4,11470640,신정3동,3158844,4743307000
2022,4,11470650,신정4동,2609700,9454811000
2022,4,11470670,신정6동,5384412,2579573000
2022,4,11470680,신정7동,4094404,5245364000
2022,4,11500510,염창동,4127504,7871494000
2022,4,11500520,등촌1동,3322838,17009564000
2022,4,11500530,등촌2동,3352636,2509749000
2022,4,11500535,등촌3동,3403390,9811000000
2022,4,11500540,화곡1동,2485455,11047856000
2022,4,11500550,화곡2동,2385531,2128597000
2022,4,11500560,화곡3동,3132782,4229651000
2022,4,11500570,화곡4동,2423768,4696665000
2022,4,11500590,화곡본동,2398795,6780787000
2022,4,11500591,화곡6동,3040513,8044906000
2022,4,11500593,화곡8동,2473381,4172551000
2022,4,11500603,가양1동,3560388,93449711000
2022,4,11500604,가양2동,3065320,3209792000
2022,4,11500605,가양3동,3047051,596628000
2022,4,11500611,발산1동,3192517,22639060000
2022,4,11500615,우장산동,4135674,7725193000
2022,4,11500620,공항동,2896818,27360755000
2022,4,11500630,방화1동,3407916,6576617000
2022,4,11500640,방화2동,2708397,8499281000
2022,4,11500641,방화3동,3044446,1707837000
2022,4,11530510,신도림동,4380318,11090150000
2022,4,11530520,구로1동,3368067,1682162000
2022,4,11530530,구로2동,2453690,12424874000
2022,4,11530540,구로3동,2888444,1297083518000
2022,4,11530550,구로4동,2617060,5377225000
2022,4,11530560,구로5동,3213284,15673650000
2022,4,11530595,가리봉동,2336331,1084399000
2022,4,11530720,고척1동,2972418,5872719000
2022,4,11530730,고척2동,2882639,2864830000
2022,4,11530740,개봉1동,2805757,3999941000
2022,4,11530750,개봉2동,3068971,3194882000
2022,4,11530760,개봉3동,2512790,2935589000
2022,4,11530770,오류1동,2574851,4101907000
2022,4,11530780,오류2동,2781178,3831597000
2022,4,11530790,수궁동,2682295,2334071000
2022,4,11530800,항동,3007261,1222338000
2022,4,11545510,가산동,2567594,42121412000
2022,4,11545610,독산1동,3000453,9669351000
2022,4,11545620,독산2동,2251577,2670852000
2022,4,11545630,독산3동,2386851,4533753000
2022,4,11545640,독산4동,2255044,2194725000
2022,4,11545670,시흥1동,2757307,10107453000
2022,4,11545680,시흥2동,3181421,700714000
2022,4,11545690,시흥3동,2516251,1881726000
2022,4,11545700,시흥4동,2405620,1272771000
2022,4,11545710,시흥5동,2375052,1756860000
2022,4,11560515,영등포본동,3286751,3818322000
2022,4,11560535,영등포동,3570107,31746449000
2022,4,11560540,여의동,5590853,157899697000
2022,4,11560550,당산1동,3536432,6268139000
2022,4,11560560,당산2동,4130932,9898583000
2022,4,11560585,도림동,3031484,2497871000
2022,4,11560605,문래동,4019445,11213383000
2022,4,11560610,양평1동,3508250,4107546000
2022,4,11560620,양평2동,3672088,6640377000
2022,4,11560630,신길1동,2780044,4042937000
2022,4,11560650,신길3동,3085442,3283400000
2022,4,11560660,신길4동,2717791,1031813000
2022,4,11560670,신길5동,2656511,1897828000
2022,4,11560680,신길6동,2954616,4508980000
2022,4,11560690,신길7동,3616070,2152921000
2022,4,11560700,대림1동,2582442,4569221000
2022,4,11560710,대림2동,2686240,4262668000
2022,4,11560720,대림3동,2907933,8163609000
2022,4,11590510,노량진1동,3583099,7089508000
2022,4,11590520,노량진2동,2420761,5557002000
2022,4,11590530,상도1동,3875896,7303580000
2022,4,11590540,상도2동,3826699,4392091000
2022,4,11590550,상도3동,2575897,4405095000
2022,4,11590560,상도4동,2563258,1955373000
2022,4,11590605,흑석동,4224946,10180641000
2022,4,11590620,사당1동,2855173,9002498000
2022,4,11590630,사당2동,3884988,7937484000
2022,4,11590640,사당3동,3890035,2812822000
2022,4,11590650,사당4동,2844168,2149618000
2022,4,11590651,사당5동,3047661,763495000
2022,4,11590660,대방동,3524765,7300009000
2022,4,11590670,신대방1동,3845094,2928429000
2022,4,11590680,신대방2동,3340157,104213594000
2022,4,11620525,보라매동,2529995,14463269000
2022,4,11620545,청림동,3682775,1308949000
2022,4,11620565,성현동,3455108,1155200000
2022,4,11620575,행운동,2889475,6342396000
2022,4,11620585,낙성대동,3225725,9185364000
2022,4,11620595,청룡동,2768161,9079739000
2022,4,11620605,은천동,3063077,5842654000
2022,4,11620615,중앙동,2633493,5749670000
2022,4,11620625,인헌동,2783693,4263052000
2022,4,11620630,남현동,3234026,5572216000
2022,4,11620645,서원동,2412001,12646339000
2022,4,11620655,신원동,2403237,1897811000
2022,4,11620665,서림동,2530625,2326741000
2022,4,11620685,신사동,2430662,3497680000
2022,4,11620695,신림동,2434279,9494602000
2022,4,11620715,난향동,3262195,777594000
2022,4,11620725,조원동,2523192,5357659000
2022,4,11620735,대학동,2622408,7124516000
2022,4,11620745,삼성동,2593695,1838123000
2022,4,11620765,미성동,2676537,4171668000
2022,4,11620775,난곡동,2268676,2793784000
2022,4,11650510,서초1동,4769119,9966241000
2022,4,11650520,서초2동,5196131,189250953000
2022,4,11650530,서초3동,4678950,185816336000
2022,4,11650531,서초4동,6475383,34302107000
2022,4,11650540,잠원동,5458458,9298252000
2022,4,11650550,반포본동,5583021,596387000
2022,4,11650560,반포1동,5338302,8147130000
2022,4,11650570,반포2동,6812331,1909368000
2022,4,11650580,반포3동,6140775,4492253000
2022,4,11650581,반포4동,5280483,29566560000
2022,4,11650590,방배본동,4856162,16020177000
2022,4,11650600,방배1동,4069239,6638387000
2022,4,11650610,방배2동,3864301,74270883000
2022,4,11650620,방배3동,4681587,3592944000
2022,4,11650621,방배4동,4557937,6050821000
2022,4,11650651,양재1동,4173236,11777672000
2022,4,11650652,양재2동,3222382,10497679000
2022,4,11650660,내곡동,4047063,2354164000
2022,4,11680510,신사동,5099915,43866426000
2022,4,11680521,논현1동,3277066,40816531000
2022,4,11680531,논현2동,3973993,27525414000
2022,4,11680545,압구정동,5808537,47109839000
2022,4,11680565,청담동,5010204,37820602000
2022,4,11680580,삼성1동,5098096,45380791000
2022,4,11680590,삼성2동,5055114,17042076000
2022,4,11680600,대치1동,7421305,11818927000
2022,4,11680610,대치2동,6017362,29432175000
2022,4,11680630,대치4동,4101144,58534450000
2022,4,11680640,역삼1동,3607265,1325841478000
2022,4,11680650,역삼2동,5367397,808982297000
2022,4,11680655,도곡1동,5412484,41624668000
2022,4,11680656,도곡2동,6567504,51463848000
2022,4,11680660,개포1동,5336373,214581000
2022,4,11680670,개포2동,5195802,2112200000
2022,4,11680690,개포4동,3550527,3541981000
2022,4,11680700,세곡동,3885403,5929313000
2022,4,11680720,일원본동,5444886,3515942000
2022,4,11680730,일원1동,3022931,2443605000
2022,4,11680740,일원2동,4553185,1320560000
2022,4,11680750,수서동,3847379,76258364000
2022,4,11710510,풍납1동,3011150,1902954000
2022,4,11710520,풍납2동,3891704,4876471000
2022,4,11710531,거여1동,2789100,1893341000
2022,4,11710532,거여2동,3033238,3237346000
2022,4,11710540,마천1동,2435636,1580110000
2022,4,11710550,마천2동,2339431,4081249000
2022,4,11710561,방이1동,3970520,5801496000
2022,4,11710562,방이2동,2928271,18292739000
2022,4,11710566,오륜동,6095160,2733337000
2022,4,11710570,오금동,3510674,7873147000
2022,4,11710580,송파1동,3129216,10025461000
2022,4,11710590,송파2동,4370970,3065626000
2022,4,11710600,석촌동,2927911,11065344000
2022,4,11710610,삼전동,2779980,7331921000
2022,4,11710620,가락본동,3521561,8919475000
2022,4,11710631,가락1동,4973588,5876833000
2022,4,11710632,가락2동,3910198,6289842000
2022,4,11710641,문정1동,3568357,4066688000
2022,4,11710642,문정2동,4425648,24443727000
2022,4,11710646,장지동,3263464,3726339000
2022,4,11710647,위례동,4202887,4953932000
2022,4,11710650,잠실본동,3079387,17880023000
2022,4,11710670,잠실2동,6352641,3130154000
2022,4,11710680,잠실3동,5452682,9795024000
2022,4,11710690,잠실4동,6007987,1506877000
2022,4,11710710,잠실6동,5237775,27108137000
2022,4,11710720,잠실7동,6014516,311674000
2022,4,11740515,강일동,3073250,3466352000
2022,4,11740520,상일동,3690212,3353482000
2022,4,11740530,명일1동,3540203,6974748000
2022,4,11740540,명일2동,4514278,5851839000
2022,4,11740550,고덕1동,4618641,1739665000
2022,4,11740560,고덕2동,2465499,2652893000
2022,4,11740570,암사1동,2852157,5898510000
2022,4,11740580,암사2동,3688535,2770319000
2022,4,11740590,암사3동,4470889,1394203000
2022,4,11740600,천호1동,2473111,2965499000
2022,4,11740610,천호2동,2749741,65557974000
2022,4,11740620,천호3동,3165328,5122779000
2022,4,11740640,성내1동,3438376,6008482000
2022,4,11740650,성내2동,2824592,7459044000
2022,4,11740660,성내3동,2897346,7115757000
2022,4,11740685,길동,2840603,12300541000
2022,4,11740690,둔촌1동,3596734,22474000
2022,4,11740700,둔촌2동,3414406,4427448000
2023,1,11110515,청운효자동,3780222,2784933000
2023,1,11110530,사직동,5007768,56096531000
2023,1,11110540,삼청동,3442534,3103159000
2023,1,11110550,부암동,3647449,1385759000
2023,1,11110560,평창동,4504006,2539729000
2023,1,11110570,무악동,5136717,2292218000
2023,1,11110580,교남동,4616890,2165860000
2023,1,11110600,가회동,3479766,2690332000
2023,1,11110615,종로1?2?3?4가동,3245251,202555088000
2023,1,11110630,종로5?6가동,2531450,9199918000
2023,1,11110640,이화동,3024996,10622974000
2023,1,11110650,혜화동,3333112,9834747000
2023,1,11110670,창신1동,2393308,2484357000
2023,1,11110680,창신2동,2112817,1084105000
2023,1,11110690,창신3동,3006052,372045000
2023,1,11110700,숭인1동,2868519,721593000
2023,1,11110710,숭인2동,2607311,1904847000
2023,1,11140520,소공동,5380521,1664487663000
2023,1,11140540,회현동,4442451,538886118000
2023,1,11140550,명동,3733600,97150590000
2023,1,11140570,필동,3033044,4983549000
2023,1,11140580,장충동,2895026,2197618000
2023,1,11140590,광희동,3229604,11668791000
2023,1,11140605,을지로동,3082514,222143954000
2023,1,11140615,신당동,2816850,5345639000
2023,1,11140625,다산동,2679845,3388688000
2023,1,11140635,약수동,3894878,2540296000
2023,1,11140645,청구동,3566241,1493627000
2023,1,11140650,신당5동,3027979,2528244000
2023,1,11140665,동화동,3621349,1602358000
2023,1,11140670,황학동,3247840,3985411000
2023,1,11140680,중림동,4435938,2620215000
2023,1,11170510,후암동,3013677,1939320000
2023,1,11170520,용산2가동,2540319,120795826000
2023,1,11170530,남영동,3183091,49735789000
2023,1,11170555,청파동,2608804,2974519000
2023,1,11170560,원효로1동,4450695,2801041000
2023,1,11170570,원효로2동,3817026,936852000
2023,1,11170580,효창동,3523201,904455000
2023,1,11170590,용문동,3568910,1369833000
2023,1,11170625,한강로동,4948344,28616247000
2023,1,11170630,이촌1동,5974291,2845268000
2023,1,11170640,이촌2동,3596083,444532000
2023,1,11170650,이태원1동,3682946,5800334000
2023,1,11170660,이태원2동,3261019,1883108000
2023,1,11170685,한남동,4381088,13073231000
2023,1,11170690,서빙고동,4208562,2023942000
2023,1,11170700,보광동,2545653,1182176000
2023,1,11200520,왕십리2동,3474994,2015984000
2023,1,11200535,왕십리도선동,4015131,8034134000
2023,1,11200540,마장동,3021967,5305404000
2023,1,11200550,사근동,3099614,6105370000
2023,1,11200560,행당1동,3900841,7599633000
2023,1,11200570,행당2동,4408744,1514730000
2023,1,11200580,응봉동,3858472,541962000
2023,1,11200590,금호1가동,4010011,1327310000
2023,1,11200615,금호2?3가동,3751434,2645915000
2023,1,11200620,금호4가동,4442144,2977865000
2023,1,11200645,옥수동,4836487,3749694000
2023,1,11200650,성수1가1동,3870717,3332389000
2023,1,11200660,성수1가2동,3263294,8845679000
2023,1,11200670,성수2가1동,2900762,6514168000
2023,1,11200690,성수2가3동,3358391,14993369000
2023,1,11200720,송정동,2566462,810094000
2023,1,11200790,용답동,2484354,8124482000
2023,1,11215710,화양동,2470026,20832387000
2023,1,11215730,군자동,2604535,5965757000
2023,1,11215740,중곡1동,2542359,4339506000
2023,1,11215750,중곡2동,2555101,3686317000
2023,1,11215760,중곡3동,2390961,2674767000
2023,1,11215770,중곡4동,2523958,3398532000
2023,1,11215780,능동,2846023,6230044000
2023,1,11215810,광장동,5284540,4883953000
2023,1,11215820,자양1동,2745988,5293582000
2023,1,11215830,자양2동,2999213,3642193000
2023,1,11215840,자양3동,4353416,4856193000
2023,1,11215847,자양4동,2795134,7780537000
2023,1,11215850,구의1동,2683701,4645847000
2023,1,11215860,구의2동,2948328,4794312000
2023,1,11215870,구의3동,4010979,11755666000
2023,1,11230536,용신동,2894254,13995694000
2023,1,11230545,제기동,2792227,9309460000
2023,1,11230560,전농1동,3070695,6011533000
2023,1,11230570,전농2동,3136080,1583559000
2023,1,11230600,답십리1동,3538405,4552522000
2023,1,11230610,답십리2동,3049260,4913061000
2023,1,11230650,장안1동,2863708,11531951000
2023,1,11230660,장안2동,2920490,9591295000
2023,1,11230705,청량리동,2860315,4404739000
2023,1,11230710,회기동,3217279,10439140000
2023,1,11230720,휘경1동,2722774,3806066000
2023,1,11230730,휘경2동,3071586,2241583000
2023,1,11230740,이문1동,3000929,3607126000
2023,1,11230750,이문2동,3137841,1593725000
2023,1,11260520,면목2동,2322173,3156955000
2023,1,11260540,면목4동,2573570,994173000
2023,1,11260550,면목5동,2233073,2403610000
2023,1,11260565,면목본동,2336892,4606673000
2023,1,11260570,면목7동,2655671,4298179000
2023,1,11260575,면목3?8동,2354962,4179904000
2023,1,11260580,상봉1동,2969913,3746001000
2023,1,11260590,상봉2동,2575432,10115205000
2023,1,11260600,중화1동,2518956,1487886000
2023,1,11260610,중화2동,2253552,4031510000
2023,1,11260620,묵1동,3120718,4661129000
2023,1,11260630,묵2동,2533867,3507015000
2023,1,11260655,망우본동,2443681,7459990000
2023,1,11260660,망우3동,2231082,1103282000
2023,1,11260680,신내1동,2780491,5400878000
2023,1,11260690,신내2동,3060535,3838623000
2023,1,11290525,성북동,3470748,3002517000
2023,1,11290555,삼선동,3057377,5561404000
2023,1,11290575,동선동,2821008,11551975000
2023,1,11290580,돈암1동,3583117,1044550000
2023,1,11290590,돈암2동,4297592,811134000
2023,1,11290600,안암동,2896471,5914295000
2023,1,11290610,보문동,3162623,2868115000
2023,1,11290620,정릉1동,3341356,1585318000
2023,1,11290630,정릉2동,2934717,3664332000
2023,1,11290640,정릉3동,2482564,2122494000
2023,1,11290650,정릉4동,3038165,3587597000
2023,1,11290660,길음1동,4462339,4792143000
2023,1,11290685,길음2동,3736133,6046923000
2023,1,11290705,종암동,3381883,6157549000
2023,1,11290715,월곡1동,3294213,3138934000
2023,1,11290725,월곡2동,3138026,5615747000
2023,1,11290760,장위1동,2231978,1555013000
2023,1,11290770,장위2동,2411293,2120301000
2023,1,11290780,장위3동,3113825,1495242000
2023,1,11290810,석관동,2864182,6192798000
2023,1,11305534,삼양동,2473211,3036388000
2023,1,11305535,미아동,2318870,5502905000
2023,1,11305545,송중동,2555447,8972375000
2023,1,11305555,송천동,2444557,4700015000
2023,1,11305575,삼각산동,3734477,2552165000
2023,1,11305595,번1동,2303972,6666987000
2023,1,11305603,번2동,2308539,992519000
2023,1,11305608,번3동,2548326,2000183000
2023,1,11305615,수유1동,2220463,4724353000
2023,1,11305625,수유2동,2577008,2191966000
2023,1,11305635,수유3동,2205999,11342761000
2023,1,11305645,우이동,2457144,3149064000
2023,1,11305660,인수동,2359990,2593665000
2023,1,11320511,창1동,3038009,3344467000
2023,1,11320512,창2동,2551630,3250873000
2023,1,11320513,창3동,2229423,1260605000
2023,1,11320514,창4동,3547959,3317184000
2023,1,11320515,창5동,3298026,5790881000
2023,1,11320521,도봉1동,2275377,4235974000
2023,1,11320522,도봉2동,2811820,2521481000
2023,1,11320660,쌍문1동,2440535,1689449000
2023,1,11320670,쌍문2동,2430154,4317656000
2023,1,11320680,쌍문3동,2438072,2995917000
2023,1,11320681,쌍문4동,2968285,1816204000
2023,1,11320690,방학1동,2895702,8660857000
2023,1,11320700,방학2동,2099146,2081551000
2023,1,11320710,방학3동,2962092,1915929000
2023,1,11350560,월계1동,2777397,4993117000
2023,1,11350570,월계2동,2728093,1797730000
2023,1,11350580,월계3동,3110675,6930293000
2023,1,11350595,공릉1동,2786137,12204975000
2023,1,11350600,공릉2동,3394877,7823114000
2023,1,11350611,하계1동,3611061,6532600000
2023,1,11350612,하계2동,3625940,676070000
2023,1,11350619,중계본동,4197248,6315050000
2023,1,11350621,중계1동,4623227,4580818000
2023,1,11350624,중계4동,3196660,6157015000
2023,1,11350625,중계2?3동,2936682,9521528000
2023,1,11350630,상계1동,3030316,8540153000
2023,1,11350640,상계2동,3122902,21101890000
2023,1,11350665,상계3?4동,2644186,1554232000
2023,1,11350670,상계5동,2481440,2512152000
2023,1,11350695,상계6?7동,3152836,14195319000
2023,1,11350700,상계8동,3153561,1547698000
2023,1,11350710,상계9동,2955988,1663882000
2023,1,11350720,상계10동,3132098,985226000
2023,1,11380510,녹번동,3055864,5437920000
2023,1,11380520,불광1동,3182963,6772500000
2023,1,11380530,불광2동,2396457,4587580000
2023,1,11380551,갈현1동,2481200,5623940000
2023,1,11380552,갈현2동,2539257,6389080000
2023,1,11380560,구산동,2602334,2592359000
2023,1,11380570,대조동,2535013,7544287000
2023,1,11380580,응암1동,2726133,6156016000
2023,1,11380590,응암2동,3510245,1909999000
2023,1,11380600,응암3동,2360910,6758633000
2023,1,11380625,역촌동,2521877,6736221000
2023,1,11380631,신사1동,2637581,4074646000
2023,1,11380632,신사2동,2635300,1371703000
2023,1,11380640,증산동,2838450,2711985000
2023,1,11380650,수색동,3253972,926815000
2023,1,11380690,진관동,4070863,15972173000
2023,1,11410520,천연동,4197718,2395071000
2023,1,11410555,북아현동,4172659,2277814000
2023,1,11410565,충현동,3210231,3480500000
2023,1,11410585,신촌동,3331768,22377743000
2023,1,11410615,연희동,3383749,60911218000
2023,1,11410620,홍제1동,3459117,3310913000
2023,1,11410640,홍제3동,2807766,4259083000
2023,1,11410655,홍제2동,3664523,1694164000
2023,1,11410660,홍은1동,3093859,1295293000
2023,1,11410685,홍은2동,2874442,3457318000
2023,1,11410690,남가좌1동,4622839,3162973000
2023,1,11410700,남가좌2동,3237719,4952811000
2023,1,11410710,북가좌1동,4005416,1985830000
2023,1,11410720,북가좌2동,2590646,3628231000
2023,1,11440555,아현동,5237419,822313718000
2023,1,11440565,공덕동,4047702,5539199000
2023,1,11440585,도화동,4217433,8626602000
2023,1,11440590,용강동,4787212,6774418000
2023,1,11440600,대흥동,3421062,5365180000
2023,1,11440610,염리동,4051438,48669508000
2023,1,11440630,신수동,4157605,2676862000
2023,1,11440655,서강동,4339738,5603449000
2023,1,11440660,서교동,3212258,60273148000
2023,1,11440680,합정동,3195027,10247709000
2023,1,11440690,망원1동,2802536,7256765000
2023,1,11440700,망원2동,2912810,3421569000
2023,1,11440710,연남동,2980162,9469867000
2023,1,11440720,성산1동,2814646,3918421000
2023,1,11440730,성산2동,3521472,7678270000
2023,1,11440740,상암동,4158486,16272409000
2023,1,11470510,목1동,5667672,25944872000
2023,1,11470520,목2동,3244963,5257712000
2023,1,11470530,목3동,3101712,6191596000
2023,1,11470540,목4동,3426858,5047862000
2023,1,11470550,목5동,5987821,12243005000
2023,1,11470560,신월1동,2227154,3588560000
2023,1,11470570,신월2동,2727225,2547423000
2023,1,11470580,신월3동,2152244,2482832000
2023,1,11470590,신월4동,2639083,2757024000
2023,1,11470600,신월5동,2615553,2936343000
2023,1,11470610,신월6동,2857257,2354090000
2023,1,11470611,신월7동,2343943,2148131000
2023,1,11470620,신정1동,5046256,4428162000
2023,1,11470630,신정2동,4725315,4141119000
2023,1,11470640,신정3동,3158844,4812134000
2023,1,11470650,신정4동,2609700,9762269000
2023,1,11470670,신정6동,5384412,2647801000
2023,1,11470680,신정7동,4094404,4977135000
2023,1,11500510,염창동,4127504,6230506000
2023,1,11500520,등촌1동,3322838,17984837000
2023,1,11500530,등촌2동,3352636,2480687000
2023,1,11500535,등촌3동,3403390,9337843000
2023,1,11500540,화곡1동,2485455,10944792000
2023,1,11500550,화곡2동,2385531,1877344000
2023,1,11500560,화곡3동,3132782,4346232000
2023,1,11500570,화곡4동,2423768,4528058000
2023,1,11500590,화곡본동,2398795,6467568000
2023,1,11500591,화곡6동,3040513,7801860000
2023,1,11500593,화곡8동,2473381,4424332000
2023,1,11500603,가양1동,3560388,76167419000
2023,1,11500604,가양2동,3065320,3449127000
2023,1,11500605,가양3동,3047051,483912000
2023,1,11500611,발산1동,3192517,22672288000
2023,1,11500615,우장산동,4135674,7812008000
2023,1,11500620,공항동,2896818,27771266000
2023,1,11500630,방화1동,3407916,7041339000
2023,1,11500640,방화2동,2708397,7949112000
2023,1,11500641,방화3동,3044446,1670758000
2023,1,11530510,신도림동,4380318,10542282000
2023,1,11530520,구로1동,3368067,1823316000
2023,1,11530530,구로2동,2453690,12841405000
2023,1,11530540,구로3동,2888444,1266468172000
2023,1,11530550,구로4동,2617060,5486988000
2023,1,11530560,구로5동,3213284,15105909000
2023,1,11530595,가리봉동,2336331,1128808000
2023,1,11530720,고척1동,2972418,5724604000
2023,1,11530730,고척2동,2882639,2866875000
2023,1,11530740,개봉1동,2805757,4147778000
2023,1,11530750,개봉2동,3068971,3208465000
2023,1,11530760,개봉3동,2512790,2910721000
2023,1,11530770,오류1동,2574851,4110836000
2023,1,11530780,오류2동,2781178,3830122000
2023,1,11530790,수궁동,2682295,2400364000
2023,1,11530800,항동,3007261,1159043000
2023,1,11545510,가산동,2567594,37912032000
2023,1,11545610,독산1동,3000453,9640245000
2023,1,11545620,독산2동,2251577,2765261000
2023,1,11545630,독산3동,2386851,4592164000
2023,1,11545640,독산4동,2255044,2155926000
2023,1,11545670,시흥1동,2757307,9908115000
2023,1,11545680,시흥2동,3181421,692435000
2023,1,11545690,시흥3동,2516251,1697649000
2023,1,11545700,시흥4동,2405620,1250011000
2023,1,11545710,시흥5동,2375052,1767690000
2023,1,11560515,영등포본동,3286751,3750910000
2023,1,11560535,영등포동,3570107,31555757000
2023,1,11560540,여의동,5590853,101748491000
2023,1,11560550,당산1동,3536432,6327248000
2023,1,11560560,당산2동,4130932,9647055000
2023,1,11560585,도림동,3031484,2450181000
2023,1,11560605,문래동,4019445,11478151000
2023,1,11560610,양평1동,3508250,4155046000
2023,1,11560620,양평2동,3672088,6382363000
2023,1,11560630,신길1동,2780044,3952419000
2023,1,11560650,신길3동,3085442,3246519000
2023,1,11560660,신길4동,2717791,1079082000
2023,1,11560670,신길5동,2656511,1656686000
2023,1,11560680,신길6동,2954616,4616883000
2023,1,11560690,신길7동,3616070,2506749000
2023,1,11560700,대림1동,2582442,4573921000
2023,1,11560710,대림2동,2686240,4527968000
2023,1,11560720,대림3동,2907933,7754480000
2023,1,11590510,노량진1동,3583099,7033382000
2023,1,11590520,노량진2동,2420761,5859348000
2023,1,11590530,상도1동,3875896,6938355000
2023,1,11590540,상도2동,3826699,4390231000
2023,1,11590550,상도3동,2575897,4624393000
2023,1,11590560,상도4동,2563258,1999153000
2023,1,11590605,흑석동,4224946,9463976000
2023,1,11590620,사당1동,2855173,8620647000
2023,1,11590630,사당2동,3884988,8248361000
2023,1,11590640,사당3동,3890035,2799547000
2023,1,11590650,사당4동,2844168,2216880000
2023,1,11590651,사당5동,3047661,778464000
2023,1,11590660,대방동,3524765,6884247000
2023,1,11590670,신대방1동,3845094,2753434000
2023,1,11590680,신대방2동,3340157,102925832000
2023,1,11620525,보라매동,2529995,14416309000
2023,1,11620545,청림동,3682775,1301897000
2023,1,11620565,성현동,3455108,1225702000
2023,1,11620575,행운동,2889475,6359498000
2023,1,11620585,낙성대동,3225725,9350790000
2023,1,11620595,청룡동,2768161,9074199000
2023,1,11620605,은천동,3063077,5962719000
2023,1,11620615,중앙동,2633493,5991513000
2023,1,11620625,인헌동,2783693,4253268000
2023,1,11620630,남현동,3234026,5741463000
2023,1,11620645,서원동,2412001,12575381000
2023,1,11620655,신원동,2403237,1924769000
2023,1,11620665,서림동,2530625,2524375000
2023,1,11620685,신사동,2430662,3499750000
2023,1,11620695,신림동,2434279,9419485000
2023,1,11620715,난향동,3262195,767267000
2023,1,11620725,조원동,2523192,5453169000
2023,1,11620735,대학동,2622408,7140139000
2023,1,11620745,삼성동,2593695,1922937000
2023,1,11620765,미성동,2676537,4042642000
2023,1,11620775,난곡동,2268676,2703806000
2023,1,11650510,서초1동,4769119,9940651000
2023,1,11650520,서초2동,5196131,177360525000
2023,1,11650530,서초3동,4678950,213708913000
2023,1,11650531,서초4동,6475383,38383959000
2023,1,11650540,잠원동,5458458,9245463000
2023,1,11650550,반포본동,5583021,564587000
2023,1,11650560,반포1동,5338302,8087327000
2023,1,11650570,반포2동,6812331,1732077000
2023,1,11650580,반포3동,6140775,4708757000
2023,1,11650581,반포4동,5280483,30628245000
2023,1,11650590,방배본동,4856162,16308235000
2023,1,11650600,방배1동,4069239,6686524000
2023,1,11650610,방배2동,3864301,78231323000
2023,1,11650620,방배3동,4681587,3916969000
2023,1,11650621,방배4동,4557937,6197738000
2023,1,11650651,양재1동,4173236,11273080000
2023,1,11650652,양재2동,3222382,10104796000
2023,1,11650660,내곡동,4047063,2280911000
2023,1,11680510,신사동,5099915,44164208000
2023,1,11680521,논현1동,3277066,41262129000
2023,1,11680531,논현2동,3973993,26050217000
2023,1,11680545,압구정동,5808537,47220100000
2023,1,11680565,청담동,5010204,34529126000
2023,1,11680580,삼성1동,5098096,40468185000
2023,1,11680590,삼성2동,5055114,17149925000
2023,1,11680600,대치1동,7421305,11859510000
2023,1,11680610,대치2동,6017362,28293405000
2023,1,11680630,대치4동,4101144,57804945000
2023,1,11680640,역삼1동,3607265,1318560393000
2023,1,11680650,역삼2동,5367397,735155469000
2023,1,11680655,도곡1동,5412484,42321214000
2023,1,11680656,도곡2동,6567504,51201251000
2023,1,11680660,개포1동,5336373,250506000
2023,1,11680670,개포2동,5195802,2300983000
2023,1,11680690,개포4동,3550527,3535605000
2023,1,11680700,세곡동,3885403,5656119000
2023,1,11680720,일원본동,5444886,3987540000
2023,1,11680730,일원1동,3022931,2336654000
2023,1,11680740,일원2동,4553185,1437085000
2023,1,11680750,수서동,3847379,76720934000
2023,1,11710510,풍납1동,3011150,1422236000
2023,1,11710520,풍납2동,3891704,4954054000
2023,1,11710531,거여1동,2789100,1819820000
2023,1,11710532,거여2동,3033238,3290031000
2023,1,11710540,마천1동,2435636,1466283000
2023,1,11710550,마천2동,2339431,3953762000
2023,1,11710561,방이1동,3970520,5451774000
2023,1,11710562,방이2동,2928271,17227384000
2023,1,11710566,오륜동,6095160,2476944000
2023,1,11710570,오금동,3510674,7261518000
2023,1,11710580,송파1동,3129216,10313589000
2023,1,11710590,송파2동,4370970,3026591000
2023,1,11710600,석촌동,2927911,10692544000
2023,1,11710610,삼전동,2779980,7596721000
2023,1,11710620,가락본동,3521561,8750872000
2023,1,11710631,가락1동,4973588,5828120000
2023,1,11710632,가락2동,3910198,6414780000
2023,1,11710641,문정1동,3568357,3594145000
2023,1,11710642,문정2동,4425648,22430098000
2023,1,11710646,장지동,3263464,3684986000
2023,1,11710647,위례동,4202887,4854599000
2023,1,11710650,잠실본동,3079387,17669634000
2023,1,11710670,잠실2동,6352641,3090606000
2023,1,11710680,잠실3동,5452682,9284547000
2023,1,11710690,잠실4동,6007987,1566138000
2023,1,11710710,잠실6동,5237775,25720717000
2023,1,11710720,잠실7동,6014516,296255000
2023,1,11740515,강일동,3073250,3561078000
2023,1,11740520,상일동,3690212,3300388000
2023,1,11740530,명일1동,3540203,7129274000
2023,1,11740540,명일2동,4514278,6651722000
2023,1,11740550,고덕1동,4618641,1864728000
2023,1,11740560,고덕2동,2465499,2766067000
2023,1,11740570,암사1동,2852157,6000044000
2023,1,11740580,암사2동,3688535,2813845000
2023,1,11740590,암사3동,4470889,1536132000
2023,1,11740600,천호1동,2473111,2893649000
2023,1,11740610,천호2동,2749741,78357328000
2023,1,11740620,천호3동,3165328,5074752000
2023,1,11740640,성내1동,3438376,5783737000
2023,1,11740650,성내2동,2824592,7468956000
2023,1,11740660,성내3동,2897346,7166681000
2023,1,11740685,길동,2840603,12618264000
2023,1,11740690,둔촌1동,3596734,26729000
2023,1,11740700,둔촌2동,3414406,4181067000
2023,2,11110515,청운효자동,3780222,2922659000
2023,2,11110530,사직동,5007768,57249742000
2023,2,11110540,삼청동,3442534,3680584000
2023,2,11110550,부암동,3647449,1794165000
2023,2,11110560,평창동,4504006,2760845000
2023,2,11110570,무악동,5136717,2518669000
2023,2,11110580,교남동,4616890,2305834000
2023,2,11110600,가회동,3479766,3316787000
2023,2,11110615,종로1?2?3?4가동,3245251,211176178000
2023,2,11110630,종로5?6가동,2531450,9406493000
2023,2,11110640,이화동,3024996,7798624000
2023,2,11110650,혜화동,3333112,10474332000
2023,2,11110670,창신1동,2393308,2674275000
2023,2,11110680,창신2동,2112817,1179530000
2023,2,11110690,창신3동,3006052,421058000
2023,2,11110700,숭인1동,2868519,761128000
2023,2,11110710,숭인2동,2607311,2024295000
2023,2,11140520,소공동,5380521,1615119446000
2023,2,11140540,회현동,4442451,542751555000
2023,2,11140550,명동,3733600,102863779000
2023,2,11140570,필동,3033044,5796062000
2023,2,11140580,장충동,2895026,2426465000
2023,2,11140590,광희동,3229604,12455505000
2023,2,11140605,을지로동,3082514,225446194000
2023,2,11140615,신당동,2816850,5757354000
2023,2,11140625,다산동,2679845,3583611000
2023,2,11140635,약수동,3894878,2649674000
2023,2,11140645,청구동,3566241,1567573000
2023,2,11140650,신당5동,3027979,2625071000
2023,2,11140665,동화동,3621349,1699284000
2023,2,11140670,황학동,3247840,4286018000
2023,2,11140680,중림동,4435938,2951653000
2023,2,11170510,후암동,3013677,2064425000
2023,2,11170520,용산2가동,2540319,126608719000
2023,2,11170530,남영동,3183091,51983496000
2023,2,11170555,청파동,2608804,3542267000
2023,2,11170560,원효로1동,4450695,3012705000
2023,2,11170570,원효로2동,3817026,1109389000
2023,2,11170580,효창동,3523201,1054033000
2023,2,11170590,용문동,3568910,1430315000
2023,2,11170625,한강로동,4948344,31389596000
2023,2,11170630,이촌1동,5974291,3094489000
2023,2,11170640,이촌2동,3596083,619104000
2023,2,11170650,이태원1동,3682946,7157310000
2023,2,11170660,이태원2동,3261019,2188447000
2023,2,11170685,한남동,4381088,13392864000
2023,2,11170690,서빙고동,4208562,2015654000
2023,2,11170700,보광동,2545653,1244128000
2023,2,11200520,왕십리2동,3474994,2094381000
2023,2,11200535,왕십리도선동,4015131,8552438000
2023,2,11200540,마장동,3021967,4851676000
2023,2,11200550,사근동,3099614,6749968000
2023,2,11200560,행당1동,3900841,7714767000
2023,2,11200570,행당2동,4408744,1650132000
2023,2,11200580,응봉동,3858472,549681000
2023,2,11200590,금호1가동,4010011,1396312000
2023,2,11200615,금호2?3가동,3751434,2859824000
2023,2,11200620,금호4가동,4442144,3162000000
2023,2,11200645,옥수동,4836487,3888664000
2023,2,11200650,성수1가1동,3870717,3807248000
2023,2,11200660,성수1가2동,3263294,9531943000
2023,2,11200670,성수2가1동,2900762,6926936000
2023,2,11200690,성수2가3동,3358391,15174317000
2023,2,11200720,송정동,2566462,840907000
2023,2,11200790,용답동,2484354,8011758000
2023,2,11215710,화양동,2470026,21392332000
2023,2,11215730,군자동,2604535,7110321000
2023,2,11215740,중곡1동,2542359,4597904000
2023,2,11215750,중곡2동,2555101,3882812000
2023,2,11215760,중곡3동,2390961,2642671000
2023,2,11215770,중곡4동,2523958,3701130000
2023,2,11215780,능동,2846023,6737208000
2023,2,11215810,광장동,5284540,5317720000
2023,2,11215820,자양1동,2745988,6034161000
2023,2,11215830,자양2동,2999213,3930474000
2023,2,11215840,자양3동,4353416,5478407000
2023,2,11215847,자양4동,2795134,8130117000
2023,2,11215850,구의1동,2683701,4787850000
2023,2,11215860,구의2동,2948328,4685204000
2023,2,11215870,구의3동,4010979,12254423000
2023,2,11230536,용신동,2894254,14588311000
2023,2,11230545,제기동,2792227,9557269000
2023,2,11230560,전농1동,3070695,6353281000
2023,2,11230570,전농2동,3136080,1646309000
2023,2,11230600,답십리1동,3538405,4858934000
2023,2,11230610,답십리2동,3049260,5523379000
2023,2,11230650,장안1동,2863708,11876978000
2023,2,11230660,장안2동,2920490,10163838000
2023,2,11230705,청량리동,2860315,4743325000
2023,2,11230710,회기동,3217279,11006920000
2023,2,11230720,휘경1동,2722774,3990451000
2023,2,11230730,휘경2동,3071586,2558259000
2023,2,11230740,이문1동,3000929,4210539000
2023,2,11230750,이문2동,3137841,1693632000
2023,2,11260520,면목2동,2322173,3553554000
2023,2,11260540,면목4동,2573570,1132140000
2023,2,11260550,면목5동,2233073,2442953000
2023,2,11260565,면목본동,2336892,4636488000
2023,2,11260570,면목7동,2655671,4408077000
2023,2,11260575,면목3?8동,2354962,4484281000
2023,2,11260580,상봉1동,2969913,3881082000
2023,2,11260590,상봉2동,2575432,10394616000
2023,2,11260600,중화1동,2518956,1610908000
2023,2,11260610,중화2동,2253552,4211370000
2023,2,11260620,묵1동,3120718,4862093000
2023,2,11260630,묵2동,2533867,3875855000
2023,2,11260655,망우본동,2443681,7372655000
2023,2,11260660,망우3동,2231082,1297373000
2023,2,11260680,신내1동,2780491,5690798000
2023,2,11260690,신내2동,3060535,3852983000
2023,2,11290525,성북동,3470748,3926311000
2023,2,11290555,삼선동,3057377,6530308000
2023,2,11290575,동선동,2821008,12049949000
2023,2,11290580,돈암1동,3583117,1067784000
2023,2,11290590,돈암2동,4297592,906668000
2023,2,11290600,안암동,2896471,6871006000
2023,2,11290610,보문동,3162623,2696539000
2023,2,11290620,정릉1동,3341356,1616148000
2023,2,11290630,정릉2동,2934717,3768663000
2023,2,11290640,정릉3동,2482564,2594034000
2023,2,11290650,정릉4동,3038165,3784469000
2023,2,11290660,길음1동,4462339,4947628000
2023,2,11290685,길음2동,3736133,6115229000
2023,2,11290705,종암동,3381883,6445915000
2023,2,11290715,월곡1동,3294213,3183636000
2023,2,11290725,월곡2동,3138026,5913777000
2023,2,11290760,장위1동,2231978,1655800000
2023,2,11290770,장위2동,2411293,2237130000
2023,2,11290780,장위3동,3113825,1666789000
2023,2,11290810,석관동,2864182,6143898000
2023,2,11305534,삼양동,2473211,3374704000
2023,2,11305535,미아동,2318870,5785287000
2023,2,11305545,송중동,2555447,9044169000
2023,2,11305555,송천동,2444557,4871249000
2023,2,11305575,삼각산동,3734477,2942397000
2023,2,11305595,번1동,2303972,6978684000
2023,2,11305603,번2동,2308539,1095661000
2023,2,11305608,번3동,2548326,2217337000
2023,2,11305615,수유1동,2220463,4886937000
2023,2,11305625,수유2동,2577008,2300476000
2023,2,11305635,수유3동,2205999,11522672000
2023,2,11305645,우이동,2457144,3892977000
2023,2,11305660,인수동,2359990,2716822000
2023,2,11320511,창1동,3038009,3538180000
2023,2,11320512,창2동,2551630,3317984000
2023,2,11320513,창3동,2229423,1349646000
2023,2,11320514,창4동,3547959,3486644000
2023,2,11320515,창5동,3298026,5976294000
2023,2,11320521,도봉1동,2275377,4919358000
2023,2,11320522,도봉2동,2811820,2613313000
2023,2,11320660,쌍문1동,2440535,1906856000
2023,2,11320670,쌍문2동,2430154,4648564000
2023,2,11320680,쌍문3동,2438072,2995808000
2023,2,11320681,쌍문4동,2968285,1974122000
2023,2,11320690,방학1동,2895702,9135227000
2023,2,11320700,방학2동,2099146,2257881000
2023,2,11320710,방학3동,2962092,2192689000
2023,2,11350560,월계1동,2777397,5903264000
2023,2,11350570,월계2동,2728093,1852330000
2023,2,11350580,월계3동,3110675,7061305000
2023,2,11350595,공릉1동,2786137,13156149000
2023,2,11350600,공릉2동,3394877,8716883000
2023,2,11350611,하계1동,3611061,7089053000
2023,2,11350612,하계2동,3625940,725390000
2023,2,11350619,중계본동,4197248,6298065000
2023,2,11350621,중계1동,4623227,4662995000
2023,2,11350624,중계4동,3196660,6356197000
2023,2,11350625,중계2?3동,2936682,10253128000
2023,2,11350630,상계1동,3030316,9056635000
2023,2,11350640,상계2동,3122902,22010411000
2023,2,11350665,상계3?4동,2644186,1547838000
2023,2,11350670,상계5동,2481440,2567636000
2023,2,11350695,상계6?7동,3152836,14249867000
2023,2,11350700,상계8동,3153561,1661558000
2023,2,11350710,상계9동,2955988,1839340000
2023,2,11350720,상계10동,3132098,1005409000
2023,2,11380510,녹번동,3055864,5683336000
2023,2,11380520,불광1동,3182963,7262749000
2023,2,11380530,불광2동,2396457,4663562000
2023,2,11380551,갈현1동,2481200,5526163000
2023,2,11380552,갈현2동,2539257,6462622000
2023,2,11380560,구산동,2602334,2655163000
2023,2,11380570,대조동,2535013,7940444000
2023,2,11380580,응암1동,2726133,6444477000
2023,2,11380590,응암2동,3510245,2027466000
2023,2,11380600,응암3동,2360910,7158435000
2023,2,11380625,역촌동,2521877,7573632000
2023,2,11380631,신사1동,2637581,4517457000
2023,2,11380632,신사2동,2635300,1501009000
2023,2,11380640,증산동,2838450,2798857000
2023,2,11380650,수색동,3253972,1016786000
2023,2,11380690,진관동,4070863,17208700000
2023,2,11410520,천연동,4197718,2648751000
2023,2,11410555,북아현동,4172659,2437622000
2023,2,11410565,충현동,3210231,3668122000
2023,2,11410585,신촌동,3331768,24642262000
2023,2,11410615,연희동,3383749,52776037000
2023,2,11410620,홍제1동,3459117,3438373000
2023,2,11410640,홍제3동,2807766,4319486000
2023,2,11410655,홍제2동,3664523,1727396000
2023,2,11410660,홍은1동,3093859,1375887000
2023,2,11410685,홍은2동,2874442,3779563000
2023,2,11410690,남가좌1동,4622839,3279866000
2023,2,11410700,남가좌2동,3237719,5536572000
2023,2,11410710,북가좌1동,4005416,2081428000
2023,2,11410720,북가좌2동,2590646,3920739000
2023,2,11440555,아현동,5237419,837714786000
2023,2,11440565,공덕동,4047702,5551434000
2023,2,11440585,도화동,4217433,8791242000
2023,2,11440590,용강동,4787212,7460514000
2023,2,11440600,대흥동,3421062,6102949000
2023,2,11440610,염리동,4051438,53467680000
2023,2,11440630,신수동,4157605,2788558000
2023,2,11440655,서강동,4339738,6325264000
2023,2,11440660,서교동,3212258,60205494000
2023,2,11440680,합정동,3195027,10356187000
2023,2,11440690,망원1동,2802536,7600550000
2023,2,11440700,망원2동,2912810,3856493000
2023,2,11440710,연남동,2980162,8561212000
2023,2,11440720,성산1동,2814646,3837061000
2023,2,11440730,성산2동,3521472,8768700000
2023,2,11440740,상암동,4158486,16675988000
2023,2,11470510,목1동,5667672,25734156000
2023,2,11470520,목2동,3244963,5227760000
2023,2,11470530,목3동,3101712,6435665000
2023,2,11470540,목4동,3426858,5267194000
2023,2,11470550,목5동,5987821,12478774000
2023,2,11470560,신월1동,2227154,3778063000
2023,2,11470570,신월2동,2727225,2653470000
2023,2,11470580,신월3동,2152244,2614388000
2023,2,11470590,신월4동,2639083,2735254000
2023,2,11470600,신월5동,2615553,3320758000
2023,2,11470610,신월6동,2857257,2629587000
2023,2,11470611,신월7동,2343943,2246145000
2023,2,11470620,신정1동,5046256,4611555000
2023,2,11470630,신정2동,4725315,4358872000
2023,2,11470640,신정3동,3158844,5045730000
2023,2,11470650,신정4동,2609700,9811339000
2023,2,11470670,신정6동,5384412,2622748000
2023,2,11470680,신정7동,4094404,5021674000
2023,2,11500510,염창동,4127504,6828610000
2023,2,11500520,등촌1동,3322838,14926863000
2023,2,11500530,등촌2동,3352636,2354134000
2023,2,11500535,등촌3동,3403390,9564615000
2023,2,11500540,화곡1동,2485455,11586033000
2023,2,11500550,화곡2동,2385531,2075186000
2023,2,11500560,화곡3동,3132782,4551751000
2023,2,11500570,화곡4동,2423768,4602792000
2023,2,11500590,화곡본동,2398795,6619110000
2023,2,11500591,화곡6동,3040513,7779479000
2023,2,11500593,화곡8동,2473381,4581142000
2023,2,11500603,가양1동,3560388,57695645000
2023,2,11500604,가양2동,3065320,3257971000
2023,2,11500605,가양3동,3047051,595426000
2023,2,11500611,발산1동,3192517,25695086000
2023,2,11500615,우장산동,4135674,7757262000
2023,2,11500620,공항동,2896818,8368493000
2023,2,11500630,방화1동,3407916,7228818000
2023,2,11500640,방화2동,2708397,8565694000
2023,2,11500641,방화3동,3044446,1910832000
2023,2,11530510,신도림동,4380318,11012607000
2023,2,11530520,구로1동,3368067,1888357000
2023,2,11530530,구로2동,2453690,13524793000
2023,2,11530540,구로3동,2888444,1288171869000
2023,2,11530550,구로4동,2617060,5707839000
2023,2,11530560,구로5동,3213284,15803121000
2023,2,11530595,가리봉동,2336331,1271411000
2023,2,11530720,고척1동,2972418,6401119000
2023,2,11530730,고척2동,2882639,2919331000
2023,2,11530740,개봉1동,2805757,4747989000
2023,2,11530750,개봉2동,3068971,3519544000
2023,2,11530760,개봉3동,2512790,3053103000
2023,2,11530770,오류1동,2574851,4226208000
2023,2,11530780,오류2동,2781178,4029976000
2023,2,11530790,수궁동,2682295,2487881000
2023,2,11530800,항동,3007261,1312016000
2023,2,11545510,가산동,2567594,42115568000
2023,2,11545610,독산1동,3000453,9550870000
2023,2,11545620,독산2동,2251577,2736525000
2023,2,11545630,독산3동,2386851,4707362000
2023,2,11545640,독산4동,2255044,2218057000
2023,2,11545670,시흥1동,2757307,10066140000
2023,2,11545680,시흥2동,3181421,751888000
2023,2,11545690,시흥3동,2516251,1739101000
2023,2,11545700,시흥4동,2405620,1371086000
2023,2,11545710,시흥5동,2375052,1946162000
2023,2,11560515,영등포본동,3286751,3991891000
2023,2,11560535,영등포동,3570107,29764008000
2023,2,11560540,여의동,5590853,97668425000
2023,2,11560550,당산1동,3536432,6500521000
2023,2,11560560,당산2동,4130932,9717881000
2023,2,11560585,도림동,3031484,2638450000
2023,2,11560605,문래동,4019445,12342630000
2023,2,11560610,양평1동,3508250,4351295000
2023,2,11560620,양평2동,3672088,13676781000
2023,2,11560630,신길1동,2780044,4163937000
2023,2,11560650,신길3동,3085442,3343561000
2023,2,11560660,신길4동,2717791,1084820000
2023,2,11560670,신길5동,2656511,1807739000
2023,2,11560680,신길6동,2954616,5011846000
2023,2,11560690,신길7동,3616070,3820074000
2023,2,11560700,대림1동,2582442,4896511000
2023,2,11560710,대림2동,2686240,4486243000
2023,2,11560720,대림3동,2907933,7804519000
2023,2,11590510,노량진1동,3583099,7182482000
2023,2,11590520,노량진2동,2420761,5268629000
2023,2,11590530,상도1동,3875896,8532561000
2023,2,11590540,상도2동,3826699,4540590000
2023,2,11590550,상도3동,2575897,4896481000
2023,2,11590560,상도4동,2563258,2144025000
2023,2,11590605,흑석동,4224946,10820992000
2023,2,11590620,사당1동,2855173,8663258000
2023,2,11590630,사당2동,3884988,8297671000
2023,2,11590640,사당3동,3890035,2943724000
2023,2,11590650,사당4동,2844168,2276131000
2023,2,11590651,사당5동,3047661,885308000
2023,2,11590660,대방동,3524765,6430224000
2023,2,11590670,신대방1동,3845094,2829945000
2023,2,11590680,신대방2동,3340157,105646458000
2023,2,11620525,보라매동,2529995,14208442000
2023,2,11620545,청림동,3682775,1437835000
2023,2,11620565,성현동,3455108,1507285000
2023,2,11620575,행운동,2889475,6368431000
2023,2,11620585,낙성대동,3225725,9377044000
2023,2,11620595,청룡동,2768161,9032220000
2023,2,11620605,은천동,3063077,6349432000
2023,2,11620615,중앙동,2633493,5991806000
2023,2,11620625,인헌동,2783693,4331215000
2023,2,11620630,남현동,3234026,5592760000
2023,2,11620645,서원동,2412001,12699522000
2023,2,11620655,신원동,2403237,1934583000
2023,2,11620665,서림동,2530625,2645538000
2023,2,11620685,신사동,2430662,3563953000
2023,2,11620695,신림동,2434279,9542302000
2023,2,11620715,난향동,3262195,817846000
2023,2,11620725,조원동,2523192,5621896000
2023,2,11620735,대학동,2622408,7842360000
2023,2,11620745,삼성동,2593695,2010678000
2023,2,11620765,미성동,2676537,4400464000
2023,2,11620775,난곡동,2268676,2847347000
2023,2,11650510,서초1동,4769119,10909886000
2023,2,11650520,서초2동,5196131,185871145000
2023,2,11650530,서초3동,4678950,192704994000
2023,2,11650531,서초4동,6475383,34074218000
2023,2,11650540,잠원동,5458458,8848097000
2023,2,11650550,반포본동,5583021,644362000
2023,2,11650560,반포1동,5338302,8575987000
2023,2,11650570,반포2동,6812331,2134666000
2023,2,11650580,반포3동,6140775,5202410000
2023,2,11650581,반포4동,5280483,29883276000
2023,2,11650590,방배본동,4856162,17042650000
2023,2,11650600,방배1동,4069239,6957309000
2023,2,11650610,방배2동,3864301,83438790000
2023,2,11650620,방배3동,4681587,4026488000
2023,2,11650621,방배4동,4557937,6347535000
2023,2,11650651,양재1동,4173236,11763502000
2023,2,11650652,양재2동,3222382,11046755000
2023,2,11650660,내곡동,4047063,2632288000
2023,2,11680510,신사동,5099915,40501959000
2023,2,11680521,논현1동,3277066,36995617000
2023,2,11680531,논현2동,3973993,28403632000
2023,2,11680545,압구정동,5808537,45936946000
2023,2,11680565,청담동,5010204,33755432000
2023,2,11680580,삼성1동,5098096,43651267000
2023,2,11680590,삼성2동,5055114,16597493000
2023,2,11680600,대치1동,7421305,12029799000
2023,2,11680610,대치2동,6017362,31466659000
2023,2,11680630,대치4동,4101144,60333268000
2023,2,11680640,역삼1동,3607265,1316963307000
2023,2,11680650,역삼2동,5367397,738282078000
2023,2,11680655,도곡1동,5412484,40559483000
2023,2,11680656,도곡2동,6567504,56404959000
2023,2,11680660,개포1동,5336373,270218000
2023,2,11680670,개포2동,5195802,2445057000
2023,2,11680690,개포4동,3550527,3648884000
2023,2,11680700,세곡동,3885403,6157223000
2023,2,11680720,일원본동,5444886,4246340000
2023,2,11680730,일원1동,3022931,2624472000
2023,2,11680740,일원2동,4553185,1459272000
2023,2,11680750,수서동,3847379,85468495000
2023,2,11710510,풍납1동,3011150,1474978000
2023,2,11710520,풍납2동,3891704,5268858000
2023,2,11710531,거여1동,2789100,1889300000
2023,2,11710532,거여2동,3033238,3324599000
2023,2,11710540,마천1동,2435636,1468567000
2023,2,11710550,마천2동,2339431,4055582000
2023,2,11710561,방이1동,3970520,5568508000
2023,2,11710562,방이2동,2928271,17091187000
2023,2,11710566,오륜동,6095160,2885132000
2023,2,11710570,오금동,3510674,7207360000
2023,2,11710580,송파1동,3129216,10616749000
2023,2,11710590,송파2동,4370970,3134569000
2023,2,11710600,석촌동,2927911,11564276000
2023,2,11710610,삼전동,2779980,7726600000
2023,2,11710620,가락본동,3521561,9022984000
2023,2,11710631,가락1동,4973588,5515085000
2023,2,11710632,가락2동,3910198,6511130000
2023,2,11710641,문정1동,3568357,3829799000
2023,2,11710642,문정2동,4425648,23649560000
2023,2,11710646,장지동,3263464,4157706000
2023,2,11710647,위례동,4202887,5121662000
2023,2,11710650,잠실본동,3079387,18444495000
2023,2,11710670,잠실2동,6352641,3740164000
2023,2,11710680,잠실3동,5452682,8933021000
2023,2,11710690,잠실4동,6007987,1636175000
2023,2,11710710,잠실6동,5237775,26721020000
2023,2,11710720,잠실7동,6014516,422198000
2023,2,11740515,강일동,3073250,3775640000
2023,2,11740520,상일동,3690212,3584263000
2023,2,11740530,명일1동,3540203,7337473000
2023,2,11740540,명일2동,4514278,6792177000
2023,2,11740550,고덕1동,4618641,1997419000
2023,2,11740560,고덕2동,2465499,2910454000
2023,2,11740570,암사1동,2852157,6204239000
2023,2,11740580,암사2동,3688535,2911126000
2023,2,11740590,암사3동,4470889,1756933000
2023,2,11740600,천호1동,2473111,3006012000
2023,2,11740610,천호2동,2749741,75813701000
2023,2,11740620,천호3동,3165328,5167846000
2023,2,11740640,성내1동,3438376,6330092000
2023,2,11740650,성내2동,2824592,7394653000
2023,2,11740660,성내3동,2897346,7349860000
2023,2,11740685,길동,2840603,13490864000
2023,2,11740690,둔촌1동,3596734,29448000
2023,2,11740700,둔촌2동,3414406,4547934000
2023,3,11110515,청운효자동,3780222,2415188000
2023,3,11110530,사직동,5007768,55426378000
2023,3,11110540,삼청동,3442534,2957151000
2023,3,11110550,부암동,3647449,1517135000
2023,3,11110560,평창동,4504006,2794793000
2023,3,11110570,무악동,5136717,2627200000
2023,3,11110580,교남동,4616890,2340844000
2023,3,11110600,가회동,3479766,2855503000
2023,3,11110615,종로1?2?3?4가동,3245251,210361056000
2023,3,11110630,종로5?6가동,2531450,8717278000
2023,3,11110640,이화동,3024996,10462403000
2023,3,11110650,혜화동,3333112,10602860000
2023,3,11110670,창신1동,2393308,2383221000
2023,3,11110680,창신2동,2112817,1123762000
2023,3,11110690,창신3동,3006052,415297000
2023,3,11110700,숭인1동,2868519,775123000
2023,3,11110710,숭인2동,2607311,1899029000
2023,3,11140520,소공동,5380521,1662688190000
2023,3,11140540,회현동,4442451,524424084000
2023,3,11140550,명동,3733600,101722932000
2023,3,11140570,필동,3033044,5331646000
2023,3,11140580,장충동,2895026,2362687000
2023,3,11140590,광희동,3229604,11540693000
2023,3,11140605,을지로동,3082514,181175122000
2023,3,11140615,신당동,2816850,5373226000
2023,3,11140625,다산동,2679845,3541866000
2023,3,11140635,약수동,3894878,2691009000
2023,3,11140645,청구동,3566241,1468182000
2023,3,11140650,신당5동,3027979,2676012000
2023,3,11140665,동화동,3621349,1709603000
2023,3,11140670,황학동,3247840,4239366000
2023,3,11140680,중림동,4435938,2927908000
2023,3,11170510,후암동,3013677,2053451000
2023,3,11170520,용산2가동,2540319,130143732000
2023,3,11170530,남영동,3183091,50812228000
2023,3,11170555,청파동,2608804,3157884000
2023,3,11170560,원효로1동,4450695,2976278000
2023,3,11170570,원효로2동,3817026,1201283000
2023,3,11170580,효창동,3523201,1019243000
2023,3,11170590,용문동,3568910,1356186000
2023,3,11170625,한강로동,4948344,33298791000
2023,3,11170630,이촌1동,5974291,2860098000
2023,3,11170640,이촌2동,3596083,446882000
2023,3,11170650,이태원1동,3682946,8023851000
2023,3,11170660,이태원2동,3261019,2128064000
2023,3,11170685,한남동,4381088,13118898000
2023,3,11170690,서빙고동,4208562,2035546000
2023,3,11170700,보광동,2545653,1249468000
2023,3,11200520,왕십리2동,3474994,2042056000
2023,3,11200535,왕십리도선동,4015131,8339289000
2023,3,11200540,마장동,3021967,5331921000
2023,3,11200550,사근동,3099614,5805257000
2023,3,11200560,행당1동,3900841,7821338000
2023,3,11200570,행당2동,4408744,1740101000
2023,3,11200580,응봉동,3858472,541155000
2023,3,11200590,금호1가동,4010011,1402728000
2023,3,11200615,금호2?3가동,3751434,2884235000
2023,3,11200620,금호4가동,4442144,3148954000
2023,3,11200645,옥수동,4836487,3882370000
2023,3,11200650,성수1가1동,3870717,3515061000
2023,3,11200660,성수1가2동,3263294,9179011000
2023,3,11200670,성수2가1동,2900762,6686779000
2023,3,11200690,성수2가3동,3358391,14825166000
2023,3,11200720,송정동,2566462,863801000
2023,3,11200790,용답동,2484354,7277407000
2023,3,11215710,화양동,2470026,19619443000
2023,3,11215730,군자동,2604535,6965007000
2023,3,11215740,중곡1동,2542359,4484011000
2023,3,11215750,중곡2동,2555101,3654674000
2023,3,11215760,중곡3동,2390961,2510261000
2023,3,11215770,중곡4동,2523958,3560342000
2023,3,11215780,능동,2846023,6306936000
2023,3,11215810,광장동,5284540,5035576000
2023,3,11215820,자양1동,2745988,6266093000
2023,3,11215830,자양2동,2999213,3955315000
2023,3,11215840,자양3동,4353416,5366738000
2023,3,11215847,자양4동,2795134,7746342000
2023,3,11215850,구의1동,2683701,4669263000
2023,3,11215860,구의2동,2948328,4628588000
2023,3,11215870,구의3동,4010979,12121976000
2023,3,11230536,용신동,2894254,13876487000
2023,3,11230545,제기동,2792227,10063385000
2023,3,11230560,전농1동,3070695,6240730000
2023,3,11230570,전농2동,3136080,1550048000
2023,3,11230600,답십리1동,3538405,4670399000
2023,3,11230610,답십리2동,3049260,5406773000
2023,3,11230650,장안1동,2863708,11920739000
2023,3,11230660,장안2동,2920490,9981360000
2023,3,11230705,청량리동,2860315,4594076000
2023,3,11230710,회기동,3217279,10455672000
2023,3,11230720,휘경1동,2722774,3912662000
2023,3,11230730,휘경2동,3071586,2395485000
2023,3,11230740,이문1동,3000929,3548660000
2023,3,11230750,이문2동,3137841,1625423000
2023,3,11260520,면목2동,2322173,3447157000
2023,3,11260540,면목4동,2573570,1103363000
2023,3,11260550,면목5동,2233073,2779749000
2023,3,11260565,면목본동,2336892,4555462000
2023,3,11260570,면목7동,2655671,4398451000
2023,3,11260575,면목3?8동,2354962,4295613000
2023,3,11260580,상봉1동,2969913,3854477000
2023,3,11260590,상봉2동,2575432,10246612000
2023,3,11260600,중화1동,2518956,1563109000
2023,3,11260610,중화2동,2253552,3828996000
2023,3,11260620,묵1동,3120718,4700607000
2023,3,11260630,묵2동,2533867,3756234000
2023,3,11260655,망우본동,2443681,7210230000
2023,3,11260660,망우3동,2231082,1298527000
2023,3,11260680,신내1동,2780491,5403145000
2023,3,11260690,신내2동,3060535,3904973000
2023,3,11290525,성북동,3470748,3588255000
2023,3,11290555,삼선동,3057377,6057866000
2023,3,11290575,동선동,2821008,11370502000
2023,3,11290580,돈암1동,3583117,1088967000
2023,3,11290590,돈암2동,4297592,915820000
2023,3,11290600,안암동,2896471,5639004000
2023,3,11290610,보문동,3162623,3075810000
2023,3,11290620,정릉1동,3341356,1619356000
2023,3,11290630,정릉2동,2934717,3786820000
2023,3,11290640,정릉3동,2482564,2196244000
2023,3,11290650,정릉4동,3038165,3623273000
2023,3,11290660,길음1동,4462339,4894871000
2023,3,11290685,길음2동,3736133,6035097000
2023,3,11290705,종암동,3381883,6482440000
2023,3,11290715,월곡1동,3294213,3100962000
2023,3,11290725,월곡2동,3138026,5727340000
2023,3,11290760,장위1동,2231978,1526338000
2023,3,11290770,장위2동,2411293,2134285000
2023,3,11290780,장위3동,3113825,1592250000
2023,3,11290810,석관동,2864182,6314753000
2023,3,11305534,삼양동,2473211,3349215000
2023,3,11305535,미아동,2318870,5482389000
2023,3,11305545,송중동,2555447,8798225000
2023,3,11305555,송천동,2444557,4885985000
2023,3,11305575,삼각산동,3734477,2928890000
2023,3,11305595,번1동,2303972,6829124000
2023,3,11305603,번2동,2308539,1056226000
2023,3,11305608,번3동,2548326,2056095000
2023,3,11305615,수유1동,2220463,4800598000
2023,3,11305625,수유2동,2577008,2242017000
2023,3,11305635,수유3동,2205999,10919400000
2023,3,11305645,우이동,2457144,3741884000
2023,3,11305660,인수동,2359990,2745429000
2023,3,11320511,창1동,3038009,3501916000
2023,3,11320512,창2동,2551630,3143825000
2023,3,11320513,창3동,2229423,1354902000
2023,3,11320514,창4동,3547959,3518675000
2023,3,11320515,창5동,3298026,6006638000
2023,3,11320521,도봉1동,2275377,4615774000
2023,3,11320522,도봉2동,2811820,2511679000
2023,3,11320660,쌍문1동,2440535,1707920000
2023,3,11320670,쌍문2동,2430154,4543243000
2023,3,11320680,쌍문3동,2438072,2934466000
2023,3,11320681,쌍문4동,2968285,1899857000
2023,3,11320690,방학1동,2895702,9219829000
2023,3,11320700,방학2동,2099146,2441187000
2023,3,11320710,방학3동,2962092,2127690000
2023,3,11350560,월계1동,2777397,5056603000
2023,3,11350570,월계2동,2728093,1714303000
2023,3,11350580,월계3동,3110675,7703925000
2023,3,11350595,공릉1동,2786137,12501160000
2023,3,11350600,공릉2동,3394877,8146699000
2023,3,11350611,하계1동,3611061,6578754000
2023,3,11350612,하계2동,3625940,753766000
2023,3,11350619,중계본동,4197248,6439692000
2023,3,11350621,중계1동,4623227,4672120000
2023,3,11350624,중계4동,3196660,6062893000
2023,3,11350625,중계2?3동,2936682,9052601000
2023,3,11350630,상계1동,3030316,9175324000
2023,3,11350640,상계2동,3122902,20276388000
2023,3,11350665,상계3?4동,2644186,1674370000
2023,3,11350670,상계5동,2481440,2493745000
2023,3,11350695,상계6?7동,3152836,14296811000
2023,3,11350700,상계8동,3153561,1626653000
2023,3,11350710,상계9동,2955988,1788662000
2023,3,11350720,상계10동,3132098,984017000
2023,3,11380510,녹번동,3055864,5558766000
2023,3,11380520,불광1동,3182963,7128145000
2023,3,11380530,불광2동,2396457,4656540000
2023,3,11380551,갈현1동,2481200,5411979000
2023,3,11380552,갈현2동,2539257,6382950000
2023,3,11380560,구산동,2602334,2560164000
2023,3,11380570,대조동,2535013,7800214000
2023,3,11380580,응암1동,2726133,6502938000
2023,3,11380590,응암2동,3510245,2021963000
2023,3,11380600,응암3동,2360910,6769248000
2023,3,11380625,역촌동,2521877,7191082000
2023,3,11380631,신사1동,2637581,4568573000
2023,3,11380632,신사2동,2635300,1545615000
2023,3,11380640,증산동,2838450,2781313000
2023,3,11380650,수색동,3253972,1113318000
2023,3,11380690,진관동,4070863,17035653000
2023,3,11410520,천연동,4197718,2506722000
2023,3,11410555,북아현동,4172659,2457548000
2023,3,11410565,충현동,3210231,3726172000
2023,3,11410585,신촌동,3331768,23381656000
2023,3,11410615,연희동,3383749,48360408000
2023,3,11410620,홍제1동,3459117,3800812000
2023,3,11410640,홍제3동,2807766,4144406000
2023,3,11410655,홍제2동,3664523,1756214000
2023,3,11410660,홍은1동,3093859,1412762000
2023,3,11410685,홍은2동,2874442,3599146000
2023,3,11410690,남가좌1동,4622839,3221239000
2023,3,11410700,남가좌2동,3237719,5010148000
2023,3,11410710,북가좌1동,4005416,2027767000
2023,3,11410720,북가좌2동,2590646,3914352000
2023,3,11440555,아현동,5237419,861206744000
2023,3,11440565,공덕동,4047702,5438358000
2023,3,11440585,도화동,4217433,8617678000
2023,3,11440590,용강동,4787212,7420510000
2023,3,11440600,대흥동,3421062,5891005000
2023,3,11440610,염리동,4051438,49027951000
2023,3,11440630,신수동,4157605,2790062000
2023,3,11440655,서강동,4339738,6141618000
2023,3,11440660,서교동,3212258,60248231000
2023,3,11440680,합정동,3195027,10255236000
2023,3,11440690,망원1동,2802536,7031361000
2023,3,11440700,망원2동,2912810,3793927000
2023,3,11440710,연남동,2980162,8324680000
2023,3,11440720,성산1동,2814646,3840034000
2023,3,11440730,성산2동,3521472,8532371000
2023,3,11440740,상암동,4158486,17917159000
2023,3,11470510,목1동,5667672,26944733000
2023,3,11470520,목2동,3244963,5262261000
2023,3,11470530,목3동,3101712,6378786000
2023,3,11470540,목4동,3426858,5295556000
2023,3,11470550,목5동,5987821,12917259000
2023,3,11470560,신월1동,2227154,3747749000
2023,3,11470570,신월2동,2727225,2698066000
2023,3,11470580,신월3동,2152244,2580789000
2023,3,11470590,신월4동,2639083,2730610000
2023,3,11470600,신월5동,2615553,3414528000
2023,3,11470610,신월6동,2857257,2721242000
2023,3,11470611,신월7동,2343943,2118695000
2023,3,11470620,신정1동,5046256,4730731000
2023,3,11470630,신정2동,4725315,4420424000
2023,3,11470640,신정3동,3158844,5093174000
2023,3,11470650,신정4동,2609700,9728925000
2023,3,11470670,신정6동,5384412,2873580000
2023,3,11470680,신정7동,4094404,5003065000
2023,3,11500510,염창동,4127504,6804791000
2023,3,11500520,등촌1동,3322838,15951160000
2023,3,11500530,등촌2동,3352636,2456060000
2023,3,11500535,등촌3동,3403390,9519598000
2023,3,11500540,화곡1동,2485455,11446182000
2023,3,11500550,화곡2동,2385531,2149053000
2023,3,11500560,화곡3동,3132782,4543115000
2023,3,11500570,화곡4동,2423768,4611131000
2023,3,11500590,화곡본동,2398795,6646602000
2023,3,11500591,화곡6동,3040513,7662419000
2023,3,11500593,화곡8동,2473381,4453983000
2023,3,11500603,가양1동,3560388,71335956000
2023,3,11500604,가양2동,3065320,3405778000
2023,3,11500605,가양3동,3047051,605738000
2023,3,11500611,발산1동,3192517,24836452000
2023,3,11500615,우장산동,4135674,7847810000
2023,3,11500620,공항동,2896818,8324547000
2023,3,11500630,방화1동,3407916,7282136000
2023,3,11500640,방화2동,2708397,8187960000
2023,3,11500641,방화3동,3044446,1937273000
2023,3,11530510,신도림동,4380318,10904788000
2023,3,11530520,구로1동,3368067,1852155000
2023,3,11530530,구로2동,2453690,13006781000
2023,3,11530540,구로3동,2888444,1311851185000
2023,3,11530550,구로4동,2617060,5642103000
2023,3,11530560,구로5동,3213284,15079830000
2023,3,11530595,가리봉동,2336331,1194082000
2023,3,11530720,고척1동,2972418,6027590000
2023,3,11530730,고척2동,2882639,2865017000
2023,3,11530740,개봉1동,2805757,4697308000
2023,3,11530750,개봉2동,3068971,3467687000
2023,3,11530760,개봉3동,2512790,3027233000
2023,3,11530770,오류1동,2574851,4012582000
2023,3,11530780,오류2동,2781178,4069549000
2023,3,11530790,수궁동,2682295,2282769000
2023,3,11530800,항동,3007261,1259061000
2023,3,11545510,가산동,2567594,35094745000
2023,3,11545610,독산1동,3000453,9577406000
2023,3,11545620,독산2동,2251577,2606403000
2023,3,11545630,독산3동,2386851,4641750000
2023,3,11545640,독산4동,2255044,2164701000
2023,3,11545670,시흥1동,2757307,10109054000
2023,3,11545680,시흥2동,3181421,780288000
2023,3,11545690,시흥3동,2516251,1698636000
2023,3,11545700,시흥4동,2405620,1374717000
2023,3,11545710,시흥5동,2375052,1885155000
2023,3,11560515,영등포본동,3286751,3827801000
2023,3,11560535,영등포동,3570107,29851423000
2023,3,11560540,여의동,5590853,96784755000
2023,3,11560550,당산1동,3536432,6302454000
2023,3,11560560,당산2동,4130932,9322123000
2023,3,11560585,도림동,3031484,2679865000
2023,3,11560605,문래동,4019445,12366634000
2023,3,11560610,양평1동,3508250,4361791000
2023,3,11560620,양평2동,3672088,14099787000
2023,3,11560630,신길1동,2780044,4128836000
2023,3,11560650,신길3동,3085442,3348453000
2023,3,11560660,신길4동,2717791,1124547000
2023,3,11560670,신길5동,2656511,1770625000
2023,3,11560680,신길6동,2954616,5036976000
2023,3,11560690,신길7동,3616070,3544635000
2023,3,11560700,대림1동,2582442,4949054000
2023,3,11560710,대림2동,2686240,4178172000
2023,3,11560720,대림3동,2907933,8053686000
2023,3,11590510,노량진1동,3583099,7072303000
2023,3,11590520,노량진2동,2420761,5167374000
2023,3,11590530,상도1동,3875896,7749083000
2023,3,11590540,상도2동,3826699,4492545000
2023,3,11590550,상도3동,2575897,4910651000
2023,3,11590560,상도4동,2563258,2054615000
2023,3,11590605,흑석동,4224946,9887490000
2023,3,11590620,사당1동,2855173,8987846000
2023,3,11590630,사당2동,3884988,8234163000
2023,3,11590640,사당3동,3890035,2932221000
2023,3,11590650,사당4동,2844168,2247924000
2023,3,11590651,사당5동,3047661,878589000
2023,3,11590660,대방동,3524765,6388619000
2023,3,11590670,신대방1동,3845094,2784353000
2023,3,11590680,신대방2동,3340157,105770099000
2023,3,11620525,보라매동,2529995,13785143000
2023,3,11620545,청림동,3682775,1389577000
2023,3,11620565,성현동,3455108,1512762000
2023,3,11620575,행운동,2889475,6382901000
2023,3,11620585,낙성대동,3225725,9197078000
2023,3,11620595,청룡동,2768161,8861841000
2023,3,11620605,은천동,3063077,6378182000
2023,3,11620615,중앙동,2633493,6032100000
2023,3,11620625,인헌동,2783693,6429860000
2023,3,11620630,남현동,3234026,5721795000
2023,3,11620645,서원동,2412001,11600869000
2023,3,11620655,신원동,2403237,1875946000
2023,3,11620665,서림동,2530625,2427685000
2023,3,11620685,신사동,2430662,3505289000
2023,3,11620695,신림동,2434279,8801757000
2023,3,11620715,난향동,3262195,823245000
2023,3,11620725,조원동,2523192,5505591000
2023,3,11620735,대학동,2622408,7328696000
2023,3,11620745,삼성동,2593695,1971650000
2023,3,11620765,미성동,2676537,4167718000
2023,3,11620775,난곡동,2268676,2851035000
2023,3,11650510,서초1동,4769119,10013862000
2023,3,11650520,서초2동,5196131,172884065000
2023,3,11650530,서초3동,4678950,162871293000
2023,3,11650531,서초4동,6475383,34640199000
2023,3,11650540,잠원동,5458458,9279315000
2023,3,11650550,반포본동,5583021,569418000
2023,3,11650560,반포1동,5338302,8270774000
2023,3,11650570,반포2동,6812331,1997039000
2023,3,11650580,반포3동,6140775,4937112000
2023,3,11650581,반포4동,5280483,30386964000
2023,3,11650590,방배본동,4856162,16307204000
2023,3,11650600,방배1동,4069239,6753220000
2023,3,11650610,방배2동,3864301,78458142000
2023,3,11650620,방배3동,4681587,3907281000
2023,3,11650621,방배4동,4557937,6131206000
2023,3,11650651,양재1동,4173236,11401468000
2023,3,11650652,양재2동,3222382,10046428000
2023,3,11650660,내곡동,4047063,2445489000
2023,3,11680510,신사동,5099915,39359002000
2023,3,11680521,논현1동,3277066,35441344000
2023,3,11680531,논현2동,3973993,25773309000
2023,3,11680545,압구정동,5808537,43401170000
2023,3,11680565,청담동,5010204,32575816000
2023,3,11680580,삼성1동,5098096,42957639000
2023,3,11680590,삼성2동,5055114,17126057000
2023,3,11680600,대치1동,7421305,16469000000
2023,3,11680610,대치2동,6017362,32687061000
2023,3,11680630,대치4동,4101144,55565890000
2023,3,11680640,역삼1동,3607265,1271147759000
2023,3,11680650,역삼2동,5367397,723586706000
2023,3,11680655,도곡1동,5412484,40434804000
2023,3,11680656,도곡2동,6567504,59065623000
2023,3,11680660,개포1동,5336373,292174000
2023,3,11680670,개포2동,5195802,2426139000
2023,3,11680690,개포4동,3550527,3665257000
2023,3,11680700,세곡동,3885403,6088325000
2023,3,11680720,일원본동,5444886,4549749000
2023,3,11680730,일원1동,3022931,2552402000
2023,3,11680740,일원2동,4553185,1456306000
2023,3,11680750,수서동,3847379,95193639000
2023,3,11710510,풍납1동,3011150,1354889000
2023,3,11710520,풍납2동,3891704,5438172000
2023,3,11710531,거여1동,2789100,1916545000
2023,3,11710532,거여2동,3033238,3298851000
2023,3,11710540,마천1동,2435636,1503387000
2023,3,11710550,마천2동,2339431,3854820000
2023,3,11710561,방이1동,3970520,5729040000
2023,3,11710562,방이2동,2928271,16248668000
2023,3,11710566,오륜동,6095160,2768458000
2023,3,11710570,오금동,3510674,7227915000
2023,3,11710580,송파1동,3129216,10020376000
2023,3,11710590,송파2동,4370970,3197678000
2023,3,11710600,석촌동,2927911,11228074000
2023,3,11710610,삼전동,2779980,7367398000
2023,3,11710620,가락본동,3521561,8735470000
2023,3,11710631,가락1동,4973588,5759869000
2023,3,11710632,가락2동,3910198,6483593000
2023,3,11710641,문정1동,3568357,3449170000
2023,3,11710642,문정2동,4425648,23020108000
2023,3,11710646,장지동,3263464,3885670000
2023,3,11710647,위례동,4202887,5079250000
2023,3,11710650,잠실본동,3079387,18162325000
2023,3,11710670,잠실2동,6352641,3675790000
2023,3,11710680,잠실3동,5452682,8989244000
2023,3,11710690,잠실4동,6007987,1577588000
2023,3,11710710,잠실6동,5237775,26113685000
2023,3,11710720,잠실7동,6014516,424310000
2023,3,11740515,강일동,3073250,3595457000
2023,3,11740520,상일동,3690212,3465885000
2023,3,11740530,명일1동,3540203,7217013000
2023,3,11740540,명일2동,4514278,6723134000
2023,3,11740550,고덕1동,4618641,1923026000
2023,3,11740560,고덕2동,2465499,2970097000
2023,3,11740570,암사1동,2852157,6152330000
2023,3,11740580,암사2동,3688535,2958620000
2023,3,11740590,암사3동,4470889,1568064000
2023,3,11740600,천호1동,2473111,2851886000
2023,3,11740610,천호2동,2749741,69964641000
2023,3,11740620,천호3동,3165328,5162395000
2023,3,11740640,성내1동,3438376,6083910000
2023,3,11740650,성내2동,2824592,7210374000
2023,3,11740660,성내3동,2897346,7421433000
2023,3,11740685,길동,2840603,13425758000
2023,3,11740690,둔촌1동,3596734,27821000
2023,3,11740700,둔촌2동,3414406,4519805000
2023,4,11110515,청운효자동,3780222,2884020000
2023,4,11110530,사직동,5007768,60218859000
2023,4,11110540,삼청동,3442534,3653619000
2023,4,11110550,부암동,3647449,1686585000
2023,4,11110560,평창동,4504006,2797686000
2023,4,11110570,무악동,5136717,2517750000
2023,4,11110580,교남동,4616890,2373288000
2023,4,11110600,가회동,3479766,3149410000
2023,4,11110615,종로1?2?3?4가동,3245251,104614593000
2023,4,11110630,종로5?6가동,2531450,9876132000
2023,4,11110640,이화동,3024996,8149751000
2023,4,11110650,혜화동,3333112,11028876000
2023,4,11110670,창신1동,2393308,2712784000
2023,4,11110680,창신2동,2112817,1174851000
2023,4,11110690,창신3동,3006052,421557000
2023,4,11110700,숭인1동,2868519,790524000
2023,4,11110710,숭인2동,2607311,2016327000
2023,4,11140520,소공동,5380521,1834860618000
2023,4,11140540,회현동,4442451,570088531000
2023,4,11140550,명동,3733600,106744313000
2023,4,11140570,필동,3033044,5610353000
2023,4,11140580,장충동,2895026,2851861000
2023,4,11140590,광희동,3229604,12503331000
2023,4,11140605,을지로동,3082514,161816410000
2023,4,11140615,신당동,2816850,5720327000
2023,4,11140625,다산동,2679845,3722736000
2023,4,11140635,약수동,3894878,2657895000
2023,4,11140645,청구동,3566241,1538818000
2023,4,11140650,신당5동,3027979,2867977000
2023,4,11140665,동화동,3621349,1783110000
2023,4,11140670,황학동,3247840,4380966000
2023,4,11140680,중림동,4435938,3093327000
2023,4,11170510,후암동,3013677,2128542000
2023,4,11170520,용산2가동,2540319,120095704000
2023,4,11170530,남영동,3183091,54440026000
2023,4,11170555,청파동,2608804,3423277000
2023,4,11170560,원효로1동,4450695,2968455000
2023,4,11170570,원효로2동,3817026,1191338000
2023,4,11170580,효창동,3523201,1059797000
2023,4,11170590,용문동,3568910,1508873000
2023,4,11170625,한강로동,4948344,32090416000
2023,4,11170630,이촌1동,5974291,2866648000
2023,4,11170640,이촌2동,3596083,503968000
2023,4,11170650,이태원1동,3682946,8394297000
2023,4,11170660,이태원2동,3261019,2118813000
2023,4,11170685,한남동,4381088,13689620000
2023,4,11170690,서빙고동,4208562,1909814000
2023,4,11170700,보광동,2545653,1228560000
2023,4,11200520,왕십리2동,3474994,2121237000
2023,4,11200535,왕십리도선동,4015131,8507725000
2023,4,11200540,마장동,3021967,5278320000
2023,4,11200550,사근동,3099614,6496366000
2023,4,11200560,행당1동,3900841,7948226000
2023,4,11200570,행당2동,4408744,1588138000
2023,4,11200580,응봉동,3858472,509362000
2023,4,11200590,금호1가동,4010011,1406810000
2023,4,11200615,금호2?3가동,3751434,2853700000
2023,4,11200620,금호4가동,4442144,3203515000
2023,4,11200645,옥수동,4836487,3677945000
2023,4,11200650,성수1가1동,3870717,3590819000
2023,4,11200660,성수1가2동,3263294,9928481000
2023,4,11200670,성수2가1동,2900762,7460416000
2023,4,11200690,성수2가3동,3358391,15962014000
2023,4,11200720,송정동,2566462,835088000
2023,4,11200790,용답동,2484354,6880540000
2023,4,11215710,화양동,2470026,20460445000
2023,4,11215730,군자동,2604535,6229213000
2023,4,11215740,중곡1동,2542359,4571879000
2023,4,11215750,중곡2동,2555101,3818447000
2023,4,11215760,중곡3동,2390961,2577389000
2023,4,11215770,중곡4동,2523958,3733559000
2023,4,11215780,능동,2846023,6386630000
2023,4,11215810,광장동,5284540,5097961000
2023,4,11215820,자양1동,2745988,6712250000
2023,4,11215830,자양2동,2999213,3973658000
2023,4,11215840,자양3동,4353416,5338758000
2023,4,11215847,자양4동,2795134,8350039000
2023,4,11215850,구의1동,2683701,4937719000
2023,4,11215860,구의2동,2948328,4608241000
2023,4,11215870,구의3동,4010979,12128117000
2023,4,11230536,용신동,2894254,14366943000
2023,4,11230545,제기동,2792227,10111408000
2023,4,11230560,전농1동,3070695,6410764000
2023,4,11230570,전농2동,3136080,1764834000
2023,4,11230600,답십리1동,3538405,4704981000
2023,4,11230610,답십리2동,3049260,5435598000
2023,4,11230650,장안1동,2863708,11874054000
2023,4,11230660,장안2동,2920490,9938044000
2023,4,11230705,청량리동,2860315,4841280000
2023,4,11230710,회기동,3217279,11247695000
2023,4,11230720,휘경1동,2722774,3998717000
2023,4,11230730,휘경2동,3071586,2359421000
2023,4,11230740,이문1동,3000929,3921523000
2023,4,11230750,이문2동,3137841,1627633000
2023,4,11260520,면목2동,2322173,3358224000
2023,4,11260540,면목4동,2573570,1074925000
2023,4,11260550,면목5동,2233073,2748626000
2023,4,11260565,면목본동,2336892,4837476000
2023,4,11260570,면목7동,2655671,4369185000
2023,4,11260575,면목3?8동,2354962,4508020000
2023,4,11260580,상봉1동,2969913,3914847000
2023,4,11260590,상봉2동,2575432,10526637000
2023,4,11260600,중화1동,2518956,1515566000
2023,4,11260610,중화2동,2253552,4018753000
2023,4,11260620,묵1동,3120718,4991723000
2023,4,11260630,묵2동,2533867,3743194000
2023,4,11260655,망우본동,2443681,7137735000
2023,4,11260660,망우3동,2231082,1268480000
2023,4,11260680,신내1동,2780491,5482019000
2023,4,11260690,신내2동,3060535,3878466000
2023,4,11290525,성북동,3470748,3747328000
2023,4,11290555,삼선동,3057377,6330096000
2023,4,11290575,동선동,2821008,12159151000
2023,4,11290580,돈암1동,3583117,1074407000
2023,4,11290590,돈암2동,4297592,916395000
2023,4,11290600,안암동,2896471,6735516000
2023,4,11290610,보문동,3162623,3017024000
2023,4,11290620,정릉1동,3341356,1601887000
2023,4,11290630,정릉2동,2934717,3726668000
2023,4,11290640,정릉3동,2482564,2435746000
2023,4,11290650,정릉4동,3038165,3836293000
2023,4,11290660,길음1동,4462339,4841341000
2023,4,11290685,길음2동,3736133,6225069000
2023,4,11290705,종암동,3381883,6713830000
2023,4,11290715,월곡1동,3294213,3099098000
2023,4,11290725,월곡2동,3138026,5863803000
2023,4,11290760,장위1동,2231978,1623463000
2023,4,11290770,장위2동,2411293,2156486000
2023,4,11290780,장위3동,3113825,1629460000
2023,4,11290810,석관동,2864182,6149856000
2023,4,11305534,삼양동,2473211,3335269000
2023,4,11305535,미아동,2318870,5669275000
2023,4,11305545,송중동,2555447,9101024000
2023,4,11305555,송천동,2444557,4669066000
2023,4,11305575,삼각산동,3734477,2821922000
2023,4,11305595,번1동,2303972,7262064000
2023,4,11305603,번2동,2308539,1019553000
2023,4,11305608,번3동,2548326,2142422000
2023,4,11305615,수유1동,2220463,4878007000
2023,4,11305625,수유2동,2577008,2367081000
2023,4,11305635,수유3동,2205999,11476126000
2023,4,11305645,우이동,2457144,3606827000
2023,4,11305660,인수동,2359990,2716530000
2023,4,11320511,창1동,3038009,3589256000
2023,4,11320512,창2동,2551630,3364870000
2023,4,11320513,창3동,2229423,1422018000
2023,4,11320514,창4동,3547959,3736286000
2023,4,11320515,창5동,3298026,6020722000
2023,4,11320521,도봉1동,2275377,4966980000
2023,4,11320522,도봉2동,2811820,2533091000
2023,4,11320660,쌍문1동,2440535,1837635000
2023,4,11320670,쌍문2동,2430154,4667178000
2023,4,11320680,쌍문3동,2438072,3022709000
2023,4,11320681,쌍문4동,2968285,1852241000
2023,4,11320690,방학1동,2895702,9571705000
2023,4,11320700,방학2동,2099146,2563799000
2023,4,11320710,방학3동,2962092,2096372000
2023,4,11350560,월계1동,2777397,5830780000
2023,4,11350570,월계2동,2728093,1841237000
2023,4,11350580,월계3동,3110675,7028688000
2023,4,11350595,공릉1동,2786137,13226976000
2023,4,11350600,공릉2동,3394877,8207397000
2023,4,11350611,하계1동,3611061,7779114000
2023,4,11350612,하계2동,3625940,680171000
2023,4,11350619,중계본동,4197248,5940184000
2023,4,11350621,중계1동,4623227,4640147000
2023,4,11350624,중계4동,3196660,6246314000
2023,4,11350625,중계2?3동,2936682,10768620000
2023,4,11350630,상계1동,3030316,9359664000
2023,4,11350640,상계2동,3122902,21750096000
2023,4,11350665,상계3?4동,2644186,1678439000
2023,4,11350670,상계5동,2481440,2552717000
2023,4,11350695,상계6?7동,3152836,14245934000
2023,4,11350700,상계8동,3153561,1612098000
2023,4,11350710,상계9동,2955988,1806386000
2023,4,11350720,상계10동,3132098,989245000
2023,4,11380510,녹번동,3055864,5459692000
2023,4,11380520,불광1동,3182963,6989004000
2023,4,11380530,불광2동,2396457,4842540000
2023,4,11380551,갈현1동,2481200,5605508000
2023,4,11380552,갈현2동,2539257,6342760000
2023,4,11380560,구산동,2602334,2522709000
2023,4,11380570,대조동,2535013,7981155000
2023,4,11380580,응암1동,2726133,6362373000
2023,4,11380590,응암2동,3510245,2000169000
2023,4,11380600,응암3동,2360910,7149648000
2023,4,11380625,역촌동,2521877,7252192000
2023,4,11380631,신사1동,2637581,4458159000
2023,4,11380632,신사2동,2635300,1551773000
2023,4,11380640,증산동,2838450,2735504000
2023,4,11380650,수색동,3253972,1061431000
2023,4,11380690,진관동,4070863,17625995000
2023,4,11410520,천연동,4197718,2652020000
2023,4,11410555,북아현동,4172659,2306666000
2023,4,11410565,충현동,3210231,3711421000
2023,4,11410585,신촌동,3331768,23623338000
2023,4,11410615,연희동,3383749,54575774000
2023,4,11410620,홍제1동,3459117,3714679000
2023,4,11410640,홍제3동,2807766,4251383000
2023,4,11410655,홍제2동,3664523,1732365000
2023,4,11410660,홍은1동,3093859,1372373000
2023,4,11410685,홍은2동,2874442,3750620000
2023,4,11410690,남가좌1동,4622839,3222778000
2023,4,11410700,남가좌2동,3237719,5325116000
2023,4,11410710,북가좌1동,4005416,2043398000
2023,4,11410720,북가좌2동,2590646,3829553000
2023,4,11440555,아현동,5237419,969046333000
2023,4,11440565,공덕동,4047702,5681214000
2023,4,11440585,도화동,4217433,8860762000
2023,4,11440590,용강동,4787212,7612419000
2023,4,11440600,대흥동,3421062,5803739000
2023,4,11440610,염리동,4051438,48400562000
2023,4,11440630,신수동,4157605,2807331000
2023,4,11440655,서강동,4339738,6749544000
2023,4,11440660,서교동,3212258,62294113000
2023,4,11440680,합정동,3195027,10729026000
2023,4,11440690,망원1동,2802536,7326893000
2023,4,11440700,망원2동,2912810,3806958000
2023,4,11440710,연남동,2980162,9065121000
2023,4,11440720,성산1동,2814646,4091074000
2023,4,11440730,성산2동,3521472,9281341000
2023,4,11440740,상암동,4158486,16731397000
2023,4,11470510,목1동,5667672,27151477000
2023,4,11470520,목2동,3244963,5073211000
2023,4,11470530,목3동,3101712,6517412000
2023,4,11470540,목4동,3426858,5359336000
2023,4,11470550,목5동,5987821,12330577000
2023,4,11470560,신월1동,2227154,3913937000
2023,4,11470570,신월2동,2727225,2801351000
2023,4,11470580,신월3동,2152244,2544358000
2023,4,11470590,신월4동,2639083,2797098000
2023,4,11470600,신월5동,2615553,3411512000
2023,4,11470610,신월6동,2857257,2647806000
2023,4,11470611,신월7동,2343943,2054035000
2023,4,11470620,신정1동,5046256,4301577000
2023,4,11470630,신정2동,4725315,4244406000
2023,4,11470640,신정3동,3158844,5256948000
2023,4,11470650,신정4동,2609700,9833570000
2023,4,11470670,신정6동,5384412,2737114000
2023,4,11470680,신정7동,4094404,4794153000
2023,4,11500510,염창동,4127504,6570471000
2023,4,11500520,등촌1동,3322838,15129248000
2023,4,11500530,등촌2동,3352636,2523927000
2023,4,11500535,등촌3동,3403390,9446544000
2023,4,11500540,화곡1동,2485455,11538813000
2023,4,11500550,화곡2동,2385531,1988276000
2023,4,11500560,화곡3동,3132782,4328082000
2023,4,11500570,화곡4동,2423768,4762802000
2023,4,11500590,화곡본동,2398795,6822126000
2023,4,11500591,화곡6동,3040513,7715661000
2023,4,11500593,화곡8동,2473381,4496128000
2023,4,11500603,가양1동,3560388,82702196000
2023,4,11500604,가양2동,3065320,3297225000
2023,4,11500605,가양3동,3047051,544864000
2023,4,11500611,발산1동,3192517,26568387000
2023,4,11500615,우장산동,4135674,7683431000
2023,4,11500620,공항동,2896818,8246840000
2023,4,11500630,방화1동,3407916,7245318000
2023,4,11500640,방화2동,2708397,8865137000
2023,4,11500641,방화3동,3044446,1800298000
2023,4,11530510,신도림동,4380318,11208754000
2023,4,11530520,구로1동,3368067,1753525000
2023,4,11530530,구로2동,2453690,14056212000
2023,4,11530540,구로3동,2888444,1408892923000
2023,4,11530550,구로4동,2617060,5785835000
2023,4,11530560,구로5동,3213284,16488655000
2023,4,11530595,가리봉동,2336331,1262262000
2023,4,11530720,고척1동,2972418,6424503000
2023,4,11530730,고척2동,2882639,3048824000
2023,4,11530740,개봉1동,2805757,4710533000
2023,4,11530750,개봉2동,3068971,3443702000
2023,4,11530760,개봉3동,2512790,2936514000
2023,4,11530770,오류1동,2574851,4459303000
2023,4,11530780,오류2동,2781178,4061491000
2023,4,11530790,수궁동,2682295,2544957000
2023,4,11530800,항동,3007261,1258466000
2023,4,11545510,가산동,2567594,42730618000
2023,4,11545610,독산1동,3000453,9545914000
2023,4,11545620,독산2동,2251577,2691087000
2023,4,11545630,독산3동,2386851,4658571000
2023,4,11545640,독산4동,2255044,2130963000
2023,4,11545670,시흥1동,2757307,10536789000
2023,4,11545680,시흥2동,3181421,792807000
2023,4,11545690,시흥3동,2516251,1732128000
2023,4,11545700,시흥4동,2405620,1380323000
2023,4,11545710,시흥5동,2375052,1879405000
2023,4,11560515,영등포본동,3286751,4212972000
2023,4,11560535,영등포동,3570107,31392767000
2023,4,11560540,여의동,5590853,112871498000
2023,4,11560550,당산1동,3536432,6433102000
2023,4,11560560,당산2동,4130932,9440582000
2023,4,11560585,도림동,3031484,2688630000
2023,4,11560605,문래동,4019445,12068999000
2023,4,11560610,양평1동,3508250,4286018000
2023,4,11560620,양평2동,3672088,14228069000
2023,4,11560630,신길1동,2780044,4054674000
2023,4,11560650,신길3동,3085442,3603272000
2023,4,11560660,신길4동,2717791,1073441000
2023,4,11560670,신길5동,2656511,1946740000
2023,4,11560680,신길6동,2954616,4946611000
2023,4,11560690,신길7동,3616070,3338880000
2023,4,11560700,대림1동,2582442,5131293000
2023,4,11560710,대림2동,2686240,4698190000
2023,4,11560720,대림3동,2907933,8438778000
2023,4,11590510,노량진1동,3583099,7455985000
2023,4,11590520,노량진2동,2420761,7222300000
2023,4,11590530,상도1동,3875896,8230878000
2023,4,11590540,상도2동,3826699,4404633000
2023,4,11590550,상도3동,2575897,4970002000
2023,4,11590560,상도4동,2563258,2066716000
2023,4,11590605,흑석동,4224946,10809103000
2023,4,11590620,사당1동,2855173,9512233000
2023,4,11590630,사당2동,3884988,8520509000
2023,4,11590640,사당3동,3890035,2820580000
2023,4,11590650,사당4동,2844168,2271940000
2023,4,11590651,사당5동,3047661,854493000
2023,4,11590660,대방동,3524765,6390272000
2023,4,11590670,신대방1동,3845094,2720240000
2023,4,11590680,신대방2동,3340157,109032807000
2023,4,11620525,보라매동,2529995,13959780000
2023,4,11620545,청림동,3682775,1299017000
2023,4,11620565,성현동,3455108,1455972000
2023,4,11620575,행운동,2889475,6527914000
2023,4,11620585,낙성대동,3225725,9278459000
2023,4,11620595,청룡동,2768161,8944563000
2023,4,11620605,은천동,3063077,6188151000
2023,4,11620615,중앙동,2633493,5812413000
2023,4,11620625,인헌동,2783693,6922428000
2023,4,11620630,남현동,3234026,6116959000
2023,4,11620645,서원동,2412001,12558873000
2023,4,11620655,신원동,2403237,1972320000
2023,4,11620665,서림동,2530625,2420610000
2023,4,11620685,신사동,2430662,3609600000
2023,4,11620695,신림동,2434279,9075468000
2023,4,11620715,난향동,3262195,801285000
2023,4,11620725,조원동,2523192,5622417000
2023,4,11620735,대학동,2622408,7313180000
2023,4,11620745,삼성동,2593695,1999248000
2023,4,11620765,미성동,2676537,4326736000
2023,4,11620775,난곡동,2268676,2867871000
2023,4,11650510,서초1동,4769119,9741773000
2023,4,11650520,서초2동,5196131,183003404000
2023,4,11650530,서초3동,4678950,191023063000
2023,4,11650531,서초4동,6475383,35268838000
2023,4,11650540,잠원동,5458458,8865160000
2023,4,11650550,반포본동,5583021,553139000
2023,4,11650560,반포1동,5338302,8113372000
2023,4,11650570,반포2동,6812331,2122598000
2023,4,11650580,반포3동,6140775,4928388000
2023,4,11650581,반포4동,5280483,30787770000
2023,4,11650590,방배본동,4856162,17815206000
2023,4,11650600,방배1동,4069239,6957047000
2023,4,11650610,방배2동,3864301,83908815000
2023,4,11650620,방배3동,4681587,4777151000
2023,4,11650621,방배4동,4557937,6152219000
2023,4,11650651,양재1동,4173236,11436602000
2023,4,11650652,양재2동,3222382,10824039000
2023,4,11650660,내곡동,4047063,2574671000
2023,4,11680510,신사동,5099915,41386576000
2023,4,11680521,논현1동,3277066,35896829000
2023,4,11680531,논현2동,3973993,27005286000
2023,4,11680545,압구정동,5808537,45187025000
2023,4,11680565,청담동,5010204,33340082000
2023,4,11680580,삼성1동,5098096,43546640000
2023,4,11680590,삼성2동,5055114,17322856000
2023,4,11680600,대치1동,7421305,13696716000
2023,4,11680610,대치2동,6017362,34183288000
2023,4,11680630,대치4동,4101144,144290445000
2023,4,11680640,역삼1동,3607265,1359709340000
2023,4,11680650,역삼2동,5367397,736834698000
2023,4,11680655,도곡1동,5412484,35919817000
2023,4,11680656,도곡2동,6567504,63996543000
2023,4,11680660,개포1동,5336373,318926000
2023,4,11680670,개포2동,5195802,2416091000
2023,4,11680690,개포4동,3550527,3756827000
2023,4,11680700,세곡동,3885403,6131708000
2023,4,11680720,일원본동,5444886,5026450000
2023,4,11680730,일원1동,3022931,2591850000
2023,4,11680740,일원2동,4553185,1398480000
2023,4,11680750,수서동,3847379,112007672000
2023,4,11710510,풍납1동,3011150,1496979000
2023,4,11710520,풍납2동,3891704,5389168000
2023,4,11710531,거여1동,2789100,1903925000
2023,4,11710532,거여2동,3033238,3311603000
2023,4,11710540,마천1동,2435636,1514574000
2023,4,11710550,마천2동,2339431,4034524000
2023,4,11710561,방이1동,3970520,5877295000
2023,4,11710562,방이2동,2928271,17233226000
2023,4,11710566,오륜동,6095160,2804211000
2023,4,11710570,오금동,3510674,7256857000
2023,4,11710580,송파1동,3129216,10509419000
2023,4,11710590,송파2동,4370970,3059478000
2023,4,11710600,석촌동,2927911,11155302000
2023,4,11710610,삼전동,2779980,7575164000
2023,4,11710620,가락본동,3521561,8990098000
2023,4,11710631,가락1동,4973588,6826098000
2023,4,11710632,가락2동,3910198,6355284000
2023,4,11710641,문정1동,3568357,3751933000
2023,4,11710642,문정2동,4425648,24597145000
2023,4,11710646,장지동,3263464,3857653000
2023,4,11710647,위례동,4202887,5186340000
2023,4,11710650,잠실본동,3079387,18710643000
2023,4,11710670,잠실2동,6352641,3423707000
2023,4,11710680,잠실3동,5452682,9958081000
2023,4,11710690,잠실4동,6007987,1717158000
2023,4,11710710,잠실6동,5237775,40611738000
2023,4,11710720,잠실7동,6014516,414610000
2023,4,11740515,강일동,3073250,3555520000
2023,4,11740520,상일동,3690212,3410076000
2023,4,11740530,명일1동,3540203,7406202000
2023,4,11740540,명일2동,4514278,6826478000
2023,4,11740550,고덕1동,4618641,1871073000
2023,4,11740560,고덕2동,2465499,2996816000
2023,4,11740570,암사1동,2852157,6284657000
2023,4,11740580,암사2동,3688535,2889210000
2023,4,11740590,암사3동,4470889,1652754000
2023,4,11740600,천호1동,2473111,3014987000
2023,4,11740610,천호2동,2749741,72558441000
2023,4,11740620,천호3동,3165328,5422146000
2023,4,11740640,성내1동,3438376,6166092000
2023,4,11740650,성내2동,2824592,7580492000
2023,4,11740660,성내3동,2897346,7508281000
2023,4,11740685,길동,2840603,13711588000
2023,4,11740690,둔촌1동,3596734,29311000
2023,4,11740700,둔촌2동,3414406,4659856000
2024,1,11110515,청운효자동,3780222,936122000
2024,1,11110530,사직동,5007768,18634770000
2024,1,11110540,삼청동,3442534,1038579000
2024,1,11110550,부암동,3647449,488016000
2024,1,11110560,평창동,4504006,889915000
2024,1,11110570,무악동,5136717,935962000
2024,1,11110580,교남동,4616890,807482000
2024,1,11110600,가회동,3479766,983800000
2024,1,11110615,종로1?2?3?4가동,3245251,35227619000
2024,1,11110630,종로5?6가동,2531450,3164045000
2024,1,11110640,이화동,3024996,2537959000
2024,1,11110650,혜화동,3333112,3769804000
2024,1,11110670,창신1동,2393308,885535000
2024,1,11110680,창신2동,2112817,378781000
2024,1,11110690,창신3동,3006052,139713000
2024,1,11110700,숭인1동,2868519,296556000
2024,1,11110710,숭인2동,2607311,655039000
2024,1,11140520,소공동,5380521,619243340000
2024,1,11140540,회현동,4442451,158594738000
2024,1,11140550,명동,3733600,35688146000
2024,1,11140570,필동,3033044,2047386000
2024,1,11140580,장충동,2895026,770894000
2024,1,11140590,광희동,3229604,3746270000
2024,1,11140605,을지로동,3082514,46442570000
2024,1,11140615,신당동,2816850,1820897000
2024,1,11140625,다산동,2679845,1163506000
2024,1,11140635,약수동,3894878,834930000
2024,1,11140645,청구동,3566241,487559000
2024,1,11140650,신당5동,3027979,916706000
2024,1,11140665,동화동,3621349,524811000
2024,1,11140670,황학동,3247840,1429700000
2024,1,11140680,중림동,4435938,977740000
2024,1,11170510,후암동,3013677,732920000
2024,1,11170520,용산2가동,2540319,41833865000
2024,1,11170530,남영동,3183091,17293139000
2024,1,11170555,청파동,2608804,1126077000
2024,1,11170560,원효로1동,4450695,982051000
2024,1,11170570,원효로2동,3817026,358396000
2024,1,11170580,효창동,3523201,321624000
2024,1,11170590,용문동,3568910,460810000
2024,1,11170625,한강로동,4948344,10590555000
2024,1,11170630,이촌1동,5974291,894237000
2024,1,11170640,이촌2동,3596083,166055000
2024,1,11170650,이태원1동,3682946,2705313000
2024,1,11170660,이태원2동,3261019,624465000
2024,1,11170685,한남동,4381088,4215094000
2024,1,11170690,서빙고동,4208562,553490000
2024,1,11170700,보광동,2545653,378073000
2024,1,11200520,왕십리2동,3474994,728622000
2024,1,11200535,왕십리도선동,4015131,2803120000
2024,1,11200540,마장동,3021967,1480129000
2024,1,11200550,사근동,3099614,2281359000
2024,1,11200560,행당1동,3900841,2631483000
2024,1,11200570,행당2동,4408744,559290000
2024,1,11200580,응봉동,3858472,162760000
2024,1,11200590,금호1가동,4010011,480083000
2024,1,11200615,금호2?3가동,3751434,916138000
2024,1,11200620,금호4가동,4442144,1014607000
2024,1,11200645,옥수동,4836487,1239914000
2024,1,11200650,성수1가1동,3870717,1156792000
2024,1,11200660,성수1가2동,3263294,3195026000
2024,1,11200670,성수2가1동,2900762,2389518000
2024,1,11200690,성수2가3동,3358391,5022418000
2024,1,11200720,송정동,2566462,301368000
2024,1,11200790,용답동,2484354,2354514000
2024,1,11215710,화양동,2470026,6853516000
2024,1,11215730,군자동,2604535,2111913000
2024,1,11215740,중곡1동,2542359,1391063000
2024,1,11215750,중곡2동,2555101,1222211000
2024,1,11215760,중곡3동,2390961,793642000
2024,1,11215770,중곡4동,2523958,1193463000
2024,1,11215780,능동,2846023,2080295000
2024,1,11215810,광장동,5284540,1684496000
2024,1,11215820,자양1동,2745988,2037292000
2024,1,11215830,자양2동,2999213,1265416000
2024,1,11215840,자양3동,4353416,1715525000
2024,1,11215847,자양4동,2795134,2854095000
2024,1,11215850,구의1동,2683701,1502516000
2024,1,11215860,구의2동,2948328,1864877000
2024,1,11215870,구의3동,4010979,3451858000
2024,1,11230536,용신동,2894254,4477304000
2024,1,11230545,제기동,2792227,3248369000
2024,1,11230560,전농1동,3070695,2070534000
2024,1,11230570,전농2동,3136080,574047000
2024,1,11230600,답십리1동,3538405,1534723000
2024,1,11230610,답십리2동,3049260,1652437000
2024,1,11230650,장안1동,2863708,4091804000
2024,1,11230660,장안2동,2920490,3190875000
2024,1,11230705,청량리동,2860315,1622821000
2024,1,11230710,회기동,3217279,3236749000
2024,1,11230720,휘경1동,2722774,1291462000
2024,1,11230730,휘경2동,3071586,776828000
2024,1,11230740,이문1동,3000929,1369265000
2024,1,11230750,이문2동,3137841,490733000
2024,1,11260520,면목2동,2322173,1079745000
2024,1,11260540,면목4동,2573570,353136000
2024,1,11260550,면목5동,2233073,846548000
2024,1,11260565,면목본동,2336892,1484720000
2024,1,11260570,면목7동,2655671,1390213000
2024,1,11260575,면목3?8동,2354962,1472961000
2024,1,11260580,상봉1동,2969913,1341515000
2024,1,11260590,상봉2동,2575432,3264281000
2024,1,11260600,중화1동,2518956,522896000
2024,1,11260610,중화2동,2253552,1231289000
2024,1,11260620,묵1동,3120718,1586455000
2024,1,11260630,묵2동,2533867,1212551000
2024,1,11260655,망우본동,2443681,2234587000
2024,1,11260660,망우3동,2231082,549584000
2024,1,11260680,신내1동,2780491,1718022000
2024,1,11260690,신내2동,3060535,1373179000
2024,1,11290525,성북동,3470748,1160414000
2024,1,11290555,삼선동,3057377,2316044000
2024,1,11290575,동선동,2821008,4040617000
2024,1,11290580,돈암1동,3583117,337702000
2024,1,11290590,돈암2동,4297592,285095000
2024,1,11290600,안암동,2896471,2484860000
2024,1,11290610,보문동,3162623,932400000
2024,1,11290620,정릉1동,3341356,545133000
2024,1,11290630,정릉2동,2934717,1194565000
2024,1,11290640,정릉3동,2482564,922218000
2024,1,11290650,정릉4동,3038165,1203544000
2024,1,11290660,길음1동,4462339,1595870000
2024,1,11290685,길음2동,3736133,2016699000
2024,1,11290705,종암동,3381883,2090094000
2024,1,11290715,월곡1동,3294213,980394000
2024,1,11290725,월곡2동,3138026,1886990000
2024,1,11290760,장위1동,2231978,506630000
2024,1,11290770,장위2동,2411293,676560000
2024,1,11290780,장위3동,3113825,540716000
2024,1,11290810,석관동,2864182,2044174000
2024,1,11305534,삼양동,2473211,1067374000
2024,1,11305535,미아동,2318870,1774769000
2024,1,11305545,송중동,2555447,2884511000
2024,1,11305555,송천동,2444557,1556620000
2024,1,11305575,삼각산동,3734477,892144000
2024,1,11305595,번1동,2303972,2338096000
2024,1,11305603,번2동,2308539,306105000
2024,1,11305608,번3동,2548326,649671000
2024,1,11305615,수유1동,2220463,1472659000
2024,1,11305625,수유2동,2577008,709297000
2024,1,11305635,수유3동,2205999,3758866000
2024,1,11305645,우이동,2457144,1112487000
2024,1,11305660,인수동,2359990,806033000
2024,1,11320511,창1동,3038009,1176168000
2024,1,11320512,창2동,2551630,1182176000
2024,1,11320513,창3동,2229423,435015000
2024,1,11320514,창4동,3547959,1159506000
2024,1,11320515,창5동,3298026,2022667000
2024,1,11320521,도봉1동,2275377,1550345000
2024,1,11320522,도봉2동,2811820,794846000
2024,1,11320660,쌍문1동,2440535,570660000
2024,1,11320670,쌍문2동,2430154,1535162000
2024,1,11320680,쌍문3동,2438072,969468000
2024,1,11320681,쌍문4동,2968285,607294000
2024,1,11320690,방학1동,2895702,3184849000
2024,1,11320700,방학2동,2099146,758697000
2024,1,11320710,방학3동,2962092,674493000
2024,1,11350560,월계1동,2777397,1833745000
2024,1,11350570,월계2동,2728093,642156000
2024,1,11350580,월계3동,3110675,2088391000
2024,1,11350595,공릉1동,2786137,4459013000
2024,1,11350600,공릉2동,3394877,2849629000
2024,1,11350611,하계1동,3611061,2380744000
2024,1,11350612,하계2동,3625940,226206000
2024,1,11350619,중계본동,4197248,2043679000
2024,1,11350621,중계1동,4623227,1464739000
2024,1,11350624,중계4동,3196660,1983574000
2024,1,11350625,중계2?3동,2936682,3321593000
2024,1,11350630,상계1동,3030316,3004176000
2024,1,11350640,상계2동,3122902,6449776000
2024,1,11350665,상계3?4동,2644186,440773000
2024,1,11350670,상계5동,2481440,772472000
2024,1,11350695,상계6?7동,3152836,4832269000
2024,1,11350700,상계8동,3153561,530084000
2024,1,11350710,상계9동,2955988,625651000
2024,1,11350720,상계10동,3132098,315188000
2024,1,11380510,녹번동,3055864,1655155000
2024,1,11380520,불광1동,3182963,2261267000
2024,1,11380530,불광2동,2396457,1511650000
2024,1,11380551,갈현1동,2481200,1797816000
2024,1,11380552,갈현2동,2539257,2055307000
2024,1,11380560,구산동,2602334,858063000
2024,1,11380570,대조동,2535013,2650906000
2024,1,11380580,응암1동,2726133,2110098000
2024,1,11380590,응암2동,3510245,637511000
2024,1,11380600,응암3동,2360910,2377513000
2024,1,11380625,역촌동,2521877,2372982000
2024,1,11380631,신사1동,2637581,1430914000
2024,1,11380632,신사2동,2635300,460331000
2024,1,11380640,증산동,2838450,878468000
2024,1,11380650,수색동,3253972,292964000
2024,1,11380690,진관동,4070863,5258649000
2024,1,11410520,천연동,4197718,855891000
2024,1,11410555,북아현동,4172659,725939000
2024,1,11410565,충현동,3210231,1193459000
2024,1,11410585,신촌동,3331768,8080535000
2024,1,11410615,연희동,3383749,15913870000
2024,1,11410620,홍제1동,3459117,1176524000
2024,1,11410640,홍제3동,2807766,1392408000
2024,1,11410655,홍제2동,3664523,634459000
2024,1,11410660,홍은1동,3093859,461620000
2024,1,11410685,홍은2동,2874442,1233005000
2024,1,11410690,남가좌1동,4622839,1039787000
2024,1,11410700,남가좌2동,3237719,1791791000
2024,1,11410710,북가좌1동,4005416,662746000
2024,1,11410720,북가좌2동,2590646,1237101000
2024,1,11440555,아현동,5237419,294816920000
2024,1,11440565,공덕동,4047702,1995701000
2024,1,11440585,도화동,4217433,2960586000
2024,1,11440590,용강동,4787212,2588408000
2024,1,11440600,대흥동,3421062,2057749000
2024,1,11440610,염리동,4051438,15030544000
2024,1,11440630,신수동,4157605,949347000
2024,1,11440655,서강동,4339738,2054695000
2024,1,11440660,서교동,3212258,19598484000
2024,1,11440680,합정동,3195027,3441449000
2024,1,11440690,망원1동,2802536,2498218000
2024,1,11440700,망원2동,2912810,1174836000
2024,1,11440710,연남동,2980162,2913232000
2024,1,11440720,성산1동,2814646,1321530000
2024,1,11440730,성산2동,3521472,3061559000
2024,1,11440740,상암동,4158486,5006801000
2024,1,11470510,목1동,5667672,8968574000
2024,1,11470520,목2동,3244963,1540029000
2024,1,11470530,목3동,3101712,2072485000
2024,1,11470540,목4동,3426858,1681125000
2024,1,11470550,목5동,5987821,3973520000
2024,1,11470560,신월1동,2227154,1210129000
2024,1,11470570,신월2동,2727225,839622000
2024,1,11470580,신월3동,2152244,819886000
2024,1,11470590,신월4동,2639083,906601000
2024,1,11470600,신월5동,2615553,1080785000
2024,1,11470610,신월6동,2857257,882951000
2024,1,11470611,신월7동,2343943,672715000
2024,1,11470620,신정1동,5046256,1377717000
2024,1,11470630,신정2동,4725315,1358111000
2024,1,11470640,신정3동,3158844,1731127000
2024,1,11470650,신정4동,2609700,3077307000
2024,1,11470670,신정6동,5384412,1023924000
2024,1,11470680,신정7동,4094404,1549072000
2024,1,11500510,염창동,4127504,2089159000
2024,1,11500520,등촌1동,3322838,1749625000
2024,1,11500530,등촌2동,3352636,773752000
2024,1,11500535,등촌3동,3403390,3029602000
2024,1,11500540,화곡1동,2485455,3545109000
2024,1,11500550,화곡2동,2385531,565293000
2024,1,11500560,화곡3동,3132782,1475905000
2024,1,11500570,화곡4동,2423768,1430469000
2024,1,11500590,화곡본동,2398795,1974692000
2024,1,11500591,화곡6동,3040513,2398629000
2024,1,11500593,화곡8동,2473381,1425573000
2024,1,11500603,가양1동,3560388,29399056000
2024,1,11500604,가양2동,3065320,1116092000
2024,1,11500605,가양3동,3047051,183016000
2024,1,11500611,발산1동,3192517,7688177000
2024,1,11500615,우장산동,4135674,2595179000
2024,1,11500620,공항동,2896818,2654046000
2024,1,11500630,방화1동,3407916,2215491000
2024,1,11500640,방화2동,2708397,2685218000
2024,1,11500641,방화3동,3044446,571753000
2024,1,11530510,신도림동,4380318,3536472000
2024,1,11530520,구로1동,3368067,592393000
2024,1,11530530,구로2동,2453690,3890484000
2024,1,11530540,구로3동,2888444,481886956000
2024,1,11530550,구로4동,2617060,1755643000
2024,1,11530560,구로5동,3213284,5921828000
2024,1,11530595,가리봉동,2336331,415266000
2024,1,11530720,고척1동,2972418,2148541000
2024,1,11530730,고척2동,2882639,1005803000
2024,1,11530740,개봉1동,2805757,1521943000
2024,1,11530750,개봉2동,3068971,1115975000
2024,1,11530760,개봉3동,2512790,909610000
2024,1,11530770,오류1동,2574851,1432479000
2024,1,11530780,오류2동,2781178,1315386000
2024,1,11530790,수궁동,2682295,898815000
2024,1,11530800,항동,3007261,391414000
2024,1,11545510,가산동,2567594,13175518000
2024,1,11545610,독산1동,3000453,3065249000
2024,1,11545620,독산2동,2251577,884480000
2024,1,11545630,독산3동,2386851,1498679000
2024,1,11545640,독산4동,2255044,632122000
2024,1,11545670,시흥1동,2757307,3478975000
2024,1,11545680,시흥2동,3181421,262160000
2024,1,11545690,시흥3동,2516251,501526000
2024,1,11545700,시흥4동,2405620,431523000
2024,1,11545710,시흥5동,2375052,577376000
2024,1,11560515,영등포본동,3286751,1327923000
2024,1,11560535,영등포동,3570107,9586450000
2024,1,11560540,여의동,5590853,49372037000
2024,1,11560550,당산1동,3536432,2131914000
2024,1,11560560,당산2동,4130932,2939288000
2024,1,11560585,도림동,3031484,869775000
2024,1,11560605,문래동,4019445,3821315000
2024,1,11560610,양평1동,3508250,1351728000
2024,1,11560620,양평2동,3672088,4607350000
2024,1,11560630,신길1동,2780044,1280930000
2024,1,11560650,신길3동,3085442,1115402000
2024,1,11560660,신길4동,2717791,333805000
2024,1,11560670,신길5동,2656511,620369000
2024,1,11560680,신길6동,2954616,1616860000
2024,1,11560690,신길7동,3616070,1087059000
2024,1,11560700,대림1동,2582442,1624039000
2024,1,11560710,대림2동,2686240,1349643000
2024,1,11560720,대림3동,2907933,2800801000
2024,1,11590510,노량진1동,3583099,2312911000
2024,1,11590520,노량진2동,2420761,1510472000
2024,1,11590530,상도1동,3875896,2887227000
2024,1,11590540,상도2동,3826699,1545441000
2024,1,11590550,상도3동,2575897,1518198000
2024,1,11590560,상도4동,2563258,662939000
2024,1,11590605,흑석동,4224946,3142638000
2024,1,11590620,사당1동,2855173,2957417000
2024,1,11590630,사당2동,3884988,2808194000
2024,1,11590640,사당3동,3890035,982547000
2024,1,11590650,사당4동,2844168,728382000
2024,1,11590651,사당5동,3047661,291147000
2024,1,11590660,대방동,3524765,2129692000
2024,1,11590670,신대방1동,3845094,854452000
2024,1,11590680,신대방2동,3340157,32723618000
2024,1,11620525,보라매동,2529995,4579791000
2024,1,11620545,청림동,3682775,401120000
2024,1,11620565,성현동,3455108,438205000
2024,1,11620575,행운동,2889475,2135633000
2024,1,11620585,낙성대동,3225725,3057910000
2024,1,11620595,청룡동,2768161,3012521000
2024,1,11620605,은천동,3063077,2052718000
2024,1,11620615,중앙동,2633493,1951640000
2024,1,11620625,인헌동,2783693,2203053000
2024,1,11620630,남현동,3234026,2007273000
2024,1,11620645,서원동,2412001,4155868000
2024,1,11620655,신원동,2403237,612156000
2024,1,11620665,서림동,2530625,899529000
2024,1,11620685,신사동,2430662,1154893000
2024,1,11620695,신림동,2434279,2875191000
2024,1,11620715,난향동,3262195,254196000
2024,1,11620725,조원동,2523192,1899034000
2024,1,11620735,대학동,2622408,2542455000
2024,1,11620745,삼성동,2593695,614057000
2024,1,11620765,미성동,2676537,1367858000
2024,1,11620775,난곡동,2268676,886148000
2024,1,11650510,서초1동,4769119,3501314000
2024,1,11650520,서초2동,5196131,57988416000
2024,1,11650530,서초3동,4678950,72573263000
2024,1,11650531,서초4동,6475383,11524643000
2024,1,11650540,잠원동,5458458,2962902000
2024,1,11650550,반포본동,5583021,178725000
2024,1,11650560,반포1동,5338302,2854041000
2024,1,11650570,반포2동,6812331,633128000
2024,1,11650580,반포3동,6140775,1627326000
2024,1,11650581,반포4동,5280483,9077917000
2024,1,11650590,방배본동,4856162,6154617000
2024,1,11650600,방배1동,4069239,2181786000
2024,1,11650610,방배2동,3864301,27868751000
2024,1,11650620,방배3동,4681587,1580611000
2024,1,11650621,방배4동,4557937,2148582000
2024,1,11650651,양재1동,4173236,3663004000
2024,1,11650652,양재2동,3222382,3508350000
2024,1,11650660,내곡동,4047063,879961000
2024,1,11680510,신사동,5099915,13025349000
2024,1,11680521,논현1동,3277066,11309743000
2024,1,11680531,논현2동,3973993,8606845000
2024,1,11680545,압구정동,5808537,14896571000
2024,1,11680565,청담동,5010204,10174693000
2024,1,11680580,삼성1동,5098096,13663438000
2024,1,11680590,삼성2동,5055114,5515818000
2024,1,11680600,대치1동,7421305,4992270000
2024,1,11680610,대치2동,6017362,11580459000
2024,1,11680630,대치4동,4101144,60356671000
2024,1,11680640,역삼1동,3607265,423606522000
2024,1,11680650,역삼2동,5367397,239592623000
2024,1,11680655,도곡1동,5412484,10812045000
2024,1,11680656,도곡2동,6567504,20874918000
2024,1,11680660,개포1동,5336373,109981000
2024,1,11680670,개포2동,5195802,820709000
2024,1,11680690,개포4동,3550527,1170859000
2024,1,11680700,세곡동,3885403,1916798000
2024,1,11680720,일원본동,5444886,1331331000
2024,1,11680730,일원1동,3022931,819443000
2024,1,11680740,일원2동,4553185,457834000
2024,1,11680750,수서동,3847379,35984162000
2024,1,11710510,풍납1동,3011150,499394000
2024,1,11710520,풍납2동,3891704,1666574000
2024,1,11710531,거여1동,2789100,619182000
2024,1,11710532,거여2동,3033238,1069981000
2024,1,11710540,마천1동,2435636,487178000
2024,1,11710550,마천2동,2339431,1204774000
2024,1,11710561,방이1동,3970520,1963123000
2024,1,11710562,방이2동,2928271,59339283000
2024,1,11710566,오륜동,6095160,894218000
2024,1,11710570,오금동,3510674,2027659000
2024,1,11710580,송파1동,3129216,3350136000
2024,1,11710590,송파2동,4370970,899364000
2024,1,11710600,석촌동,2927911,3579411000
2024,1,11710610,삼전동,2779980,2578924000
2024,1,11710620,가락본동,3521561,3125922000
2024,1,11710631,가락1동,4973588,1900923000
2024,1,11710632,가락2동,3910198,1980329000
2024,1,11710641,문정1동,3568357,1107061000
2024,1,11710642,문정2동,4425648,7531199000
2024,1,11710646,장지동,3263464,1217085000
2024,1,11710647,위례동,4202887,1563473000
2024,1,11710650,잠실본동,3079387,5894067000
2024,1,11710670,잠실2동,6352641,1054296000
2024,1,11710680,잠실3동,5452682,2930580000
2024,1,11710690,잠실4동,6007987,554966000
2024,1,11710710,잠실6동,5237775,12359045000
2024,1,11710720,잠실7동,6014516,137527000
2024,1,11740515,강일동,3073250,1137280000
2024,1,11740520,상일동,3690212,1065618000
2024,1,11740530,명일1동,3540203,2338604000
2024,1,11740540,명일2동,4514278,2365222000
2024,1,11740550,고덕1동,4618641,617826000
2024,1,11740560,고덕2동,2465499,960965000
2024,1,11740570,암사1동,2852157,1947099000
2024,1,11740580,암사2동,3688535,957298000
2024,1,11740590,암사3동,4470889,548877000
2024,1,11740600,천호1동,2473111,1121576000
2024,1,11740610,천호2동,2749741,20629815000
2024,1,11740620,천호3동,3165328,1666742000
2024,1,11740640,성내1동,3438376,2013871000
2024,1,11740650,성내2동,2824592,2411087000
2024,1,11740660,성내3동,2897346,2436815000
2024,1,11740685,길동,2840603,4355421000
2024,1,11740690,둔촌1동,3596734,13475000
2024,1,11740700,둔촌2동,3414406,1385141000
2024,2,11110515,청운효자동,3780222,2984287000
2024,2,11110530,사직동,5007768,53906947000
2024,2,11110540,삼청동,3442534,3959941000
2024,2,11110550,부암동,3647449,1685886000
2024,2,11110560,평창동,4504006,2957836000
2024,2,11110570,무악동,5136717,3017003000
2024,2,11110580,교남동,4616890,2485082000
2024,2,11110600,가회동,3479766,3335124000
2024,2,11110615,종로1?2?3?4가동,3245251,107851038000
2024,2,11110630,종로5?6가동,2531450,10086352000
2024,2,11110640,이화동,3024996,7753339000
2024,2,11110650,혜화동,3333112,10697455000
2024,2,11110670,창신1동,2393308,2836292000
2024,2,11110680,창신2동,2112817,1189489000
2024,2,11110690,창신3동,3006052,439326000
2024,2,11110700,숭인1동,2868519,867284000
2024,2,11110710,숭인2동,2607311,2107281000
2024,2,11140520,소공동,5380521,1893471730000
2024,2,11140540,회현동,4442451,513741043000
2024,2,11140550,명동,3733600,110795603000
2024,2,11140570,필동,3033044,6229187000
2024,2,11140580,장충동,2895026,2644368000
2024,2,11140590,광희동,3229604,11520407000
2024,2,11140605,을지로동,3082514,152094756000
2024,2,11140615,신당동,2816850,5854668000
2024,2,11140625,다산동,2679845,3705572000
2024,2,11140635,약수동,3894878,2739573000
2024,2,11140645,청구동,3566241,1613620000
2024,2,11140650,신당5동,3027979,2926259000
2024,2,11140665,동화동,3621349,1698274000
2024,2,11140670,황학동,3247840,4515450000
2024,2,11140680,중림동,4435938,3215832000
2024,2,11170510,후암동,3013677,2576514000
2024,2,11170520,용산2가동,2540319,138893244000
2024,2,11170530,남영동,3183091,48860973000
2024,2,11170555,청파동,2608804,3541209000
2024,2,11170560,원효로1동,4450695,3029542000
2024,2,11170570,원효로2동,3817026,1199296000
2024,2,11170580,효창동,3523201,1020369000
2024,2,11170590,용문동,3568910,1546217000
2024,2,11170625,한강로동,4948344,32233284000
2024,2,11170630,이촌1동,5974291,2960804000
2024,2,11170640,이촌2동,3596083,530670000
2024,2,11170650,이태원1동,3682946,9091441000
2024,2,11170660,이태원2동,3261019,2154561000
2024,2,11170685,한남동,4381088,12364705000
2024,2,11170690,서빙고동,4208562,1705150000
2024,2,11170700,보광동,2545653,1178414000
2024,2,11200520,왕십리2동,3474994,2285105000
2024,2,11200535,왕십리도선동,4015131,8708666000
2024,2,11200540,마장동,3021967,4556278000
2024,2,11200550,사근동,3099614,6760605000
2024,2,11200560,행당1동,3900841,8018485000
2024,2,11200570,행당2동,4408744,1796126000
2024,2,11200580,응봉동,3858472,567137000
2024,2,11200590,금호1가동,4010011,1519508000
2024,2,11200615,금호2?3가동,3751434,2874464000
2024,2,11200620,금호4가동,4442144,3281540000
2024,2,11200645,옥수동,4836487,3946121000
2024,2,11200650,성수1가1동,3870717,3809286000
2024,2,11200660,성수1가2동,3263294,10959032000
2024,2,11200670,성수2가1동,2900762,7688413000
2024,2,11200690,성수2가3동,3358391,16189000000
2024,2,11200720,송정동,2566462,926776000
2024,2,11200790,용답동,2484354,11008483000
2024,2,11215710,화양동,2470026,20571845000
2024,2,11215730,군자동,2604535,6580255000
2024,2,11215740,중곡1동,2542359,4490486000
2024,2,11215750,중곡2동,2555101,4019577000
2024,2,11215760,중곡3동,2390961,2515753000
2024,2,11215770,중곡4동,2523958,3865707000
2024,2,11215780,능동,2846023,6976048000
2024,2,11215810,광장동,5284540,5391707000
2024,2,11215820,자양1동,2745988,6653716000
2024,2,11215830,자양2동,2999213,4265413000
2024,2,11215840,자양3동,4353416,5462325000
2024,2,11215847,자양4동,2795134,8786043000
2024,2,11215850,구의1동,2683701,4799996000
2024,2,11215860,구의2동,2948328,4914373000
2024,2,11215870,구의3동,4010979,11247997000
2024,2,11230536,용신동,2894254,14627713000
2024,2,11230545,제기동,2792227,10693330000
2024,2,11230560,전농1동,3070695,6492492000
2024,2,11230570,전농2동,3136080,1844294000
2024,2,11230600,답십리1동,3538405,4743266000
2024,2,11230610,답십리2동,3049260,5508869000
2024,2,11230650,장안1동,2863708,12257244000
2024,2,11230660,장안2동,2920490,10187152000
2024,2,11230705,청량리동,2860315,4959387000
2024,2,11230710,회기동,3217279,10145757000
2024,2,11230720,휘경1동,2722774,3978824000
2024,2,11230730,휘경2동,3071586,2370655000
2024,2,11230740,이문1동,3000929,4118754000
2024,2,11230750,이문2동,3137841,1621227000
2024,2,11260520,면목2동,2322173,3500082000
2024,2,11260540,면목4동,2573570,1152979000
2024,2,11260550,면목5동,2233073,2759300000
2024,2,11260565,면목본동,2336892,4804266000
2024,2,11260570,면목7동,2655671,4420885000
2024,2,11260575,면목3?8동,2354962,4614841000
2024,2,11260580,상봉1동,2969913,4652671000
2024,2,11260590,상봉2동,2575432,10060475000
2024,2,11260600,중화1동,2518956,1742289000
2024,2,11260610,중화2동,2253552,4033071000
2024,2,11260620,묵1동,3120718,5040171000
2024,2,11260630,묵2동,2533867,4045653000
2024,2,11260655,망우본동,2443681,7172027000
2024,2,11260660,망우3동,2231082,1750413000
2024,2,11260680,신내1동,2780491,5664803000
2024,2,11260690,신내2동,3060535,3972986000
2024,2,11290525,성북동,3470748,4064721000
2024,2,11290555,삼선동,3057377,7598535000
2024,2,11290575,동선동,2821008,12448127000
2024,2,11290580,돈암1동,3583117,1015803000
2024,2,11290590,돈암2동,4297592,935612000
2024,2,11290600,안암동,2896471,7162814000
2024,2,11290610,보문동,3162623,3063701000
2024,2,11290620,정릉1동,3341356,1676107000
2024,2,11290630,정릉2동,2934717,3781876000
2024,2,11290640,정릉3동,2482564,2563675000
2024,2,11290650,정릉4동,3038165,3806957000
2024,2,11290660,길음1동,4462339,5066698000
2024,2,11290685,길음2동,3736133,6237007000
2024,2,11290705,종암동,3381883,6764236000
2024,2,11290715,월곡1동,3294213,3083861000
2024,2,11290725,월곡2동,3138026,6095681000
2024,2,11290760,장위1동,2231978,1660721000
2024,2,11290770,장위2동,2411293,2188372000
2024,2,11290780,장위3동,3113825,1635535000
2024,2,11290810,석관동,2864182,6369727000
2024,2,11305534,삼양동,2473211,3498317000
2024,2,11305535,미아동,2318870,5748408000
2024,2,11305545,송중동,2555447,9366432000
2024,2,11305555,송천동,2444557,4864558000
2024,2,11305575,삼각산동,3734477,2806616000
2024,2,11305595,번1동,2303972,7325574000
2024,2,11305603,번2동,2308539,1021214000
2024,2,11305608,번3동,2548326,2239826000
2024,2,11305615,수유1동,2220463,4821319000
2024,2,11305625,수유2동,2577008,2315365000
2024,2,11305635,수유3동,2205999,11671185000
2024,2,11305645,우이동,2457144,4062331000
2024,2,11305660,인수동,2359990,2572147000
2024,2,11320511,창1동,3038009,3648142000
2024,2,11320512,창2동,2551630,3452340000
2024,2,11320513,창3동,2229423,1494776000
2024,2,11320514,창4동,3547959,3882526000
2024,2,11320515,창5동,3298026,6455490000
2024,2,11320521,도봉1동,2275377,5097737000
2024,2,11320522,도봉2동,2811820,2571687000
2024,2,11320660,쌍문1동,2440535,1886280000
2024,2,11320670,쌍문2동,2430154,4642188000
2024,2,11320680,쌍문3동,2438072,3100848000
2024,2,11320681,쌍문4동,2968285,1872534000
2024,2,11320690,방학1동,2895702,9846831000
2024,2,11320700,방학2동,2099146,2497398000
2024,2,11320710,방학3동,2962092,2082766000
2024,2,11350560,월계1동,2777397,5793778000
2024,2,11350570,월계2동,2728093,1901166000
2024,2,11350580,월계3동,3110675,6834541000
2024,2,11350595,공릉1동,2786137,13907290000
2024,2,11350600,공릉2동,3394877,8875361000
2024,2,11350611,하계1동,3611061,7587171000
2024,2,11350612,하계2동,3625940,717016000
2024,2,11350619,중계본동,4197248,6398128000
2024,2,11350621,중계1동,4623227,4745003000
2024,2,11350624,중계4동,3196660,6473304000
2024,2,11350625,중계2?3동,2936682,10129834000
2024,2,11350630,상계1동,3030316,9662696000
2024,2,11350640,상계2동,3122902,20716591000
2024,2,11350665,상계3?4동,2644186,1527420000
2024,2,11350670,상계5동,2481440,2574381000
2024,2,11350695,상계6?7동,3152836,14918246000
2024,2,11350700,상계8동,3153561,1721878000
2024,2,11350710,상계9동,2955988,2009025000
2024,2,11350720,상계10동,3132098,1026639000
2024,2,11380510,녹번동,3055864,5591684000
2024,2,11380520,불광1동,3182963,7361537000
2024,2,11380530,불광2동,2396457,4815036000
2024,2,11380551,갈현1동,2481200,5561222000
2024,2,11380552,갈현2동,2539257,6506357000
2024,2,11380560,구산동,2602334,2697079000
2024,2,11380570,대조동,2535013,8163653000
2024,2,11380580,응암1동,2726133,6672738000
2024,2,11380590,응암2동,3510245,1928229000
2024,2,11380600,응암3동,2360910,8653671000
2024,2,11380625,역촌동,2521877,7438576000
2024,2,11380631,신사1동,2637581,4747198000
2024,2,11380632,신사2동,2635300,1535710000
2024,2,11380640,증산동,2838450,2586637000
2024,2,11380650,수색동,3253972,910490000
2024,2,11380690,진관동,4070863,17535301000
2024,2,11410520,천연동,4197718,2659303000
2024,2,11410555,북아현동,4172659,2487352000
2024,2,11410565,충현동,3210231,4748758000
2024,2,11410585,신촌동,3331768,23746518000
2024,2,11410615,연희동,3383749,53592257000
2024,2,11410620,홍제1동,3459117,3848464000
2024,2,11410640,홍제3동,2807766,4292723000
2024,2,11410655,홍제2동,3664523,1856290000
2024,2,11410660,홍은1동,3093859,1420543000
2024,2,11410685,홍은2동,2874442,3914916000
2024,2,11410690,남가좌1동,4622839,3303410000
2024,2,11410700,남가좌2동,3237719,5668874000
2024,2,11410710,북가좌1동,4005416,1985500000
2024,2,11410720,북가좌2동,2590646,3960720000
2024,2,11440555,아현동,5237419,1005392297000
2024,2,11440565,공덕동,4047702,5797804000
2024,2,11440585,도화동,4217433,8931343000
2024,2,11440590,용강동,4787212,7844654000
2024,2,11440600,대흥동,3421062,6323487000
2024,2,11440610,염리동,4051438,50875756000
2024,2,11440630,신수동,4157605,3028592000
2024,2,11440655,서강동,4339738,6531201000
2024,2,11440660,서교동,3212258,60421806000
2024,2,11440680,합정동,3195027,10570409000
2024,2,11440690,망원1동,2802536,8400622000
2024,2,11440700,망원2동,2912810,3851833000
2024,2,11440710,연남동,2980162,8407938000
2024,2,11440720,성산1동,2814646,4078559000
2024,2,11440730,성산2동,3521472,9004394000
2024,2,11440740,상암동,4158486,14900266000
2024,2,11470510,목1동,5667672,26841311000
2024,2,11470520,목2동,3244963,5330992000
2024,2,11470530,목3동,3101712,6715234000
2024,2,11470540,목4동,3426858,5265155000
2024,2,11470550,목5동,5987821,12690508000
2024,2,11470560,신월1동,2227154,3912634000
2024,2,11470570,신월2동,2727225,2702600000
2024,2,11470580,신월3동,2152244,2650901000
2024,2,11470590,신월4동,2639083,2908909000
2024,2,11470600,신월5동,2615553,3491269000
2024,2,11470610,신월6동,2857257,2907802000
2024,2,11470611,신월7동,2343943,2116893000
2024,2,11470620,신정1동,5046256,4540189000
2024,2,11470630,신정2동,4725315,4344156000
2024,2,11470640,신정3동,3158844,5321965000
2024,2,11470650,신정4동,2609700,9961964000
2024,2,11470670,신정6동,5384412,3081725000
2024,2,11470680,신정7동,4094404,5071832000
2024,2,11500510,염창동,4127504,6642122000
2024,2,11500520,등촌1동,3322838,5563203000
2024,2,11500530,등촌2동,3352636,2484861000
2024,2,11500535,등촌3동,3403390,9522339000
2024,2,11500540,화곡1동,2485455,11370564000
2024,2,11500550,화곡2동,2385531,1805787000
2024,2,11500560,화곡3동,3132782,4690913000
2024,2,11500570,화곡4동,2423768,4675460000
2024,2,11500590,화곡본동,2398795,6276555000
2024,2,11500591,화곡6동,3040513,7819567000
2024,2,11500593,화곡8동,2473381,4607322000
2024,2,11500603,가양1동,3560388,102789559000
2024,2,11500604,가양2동,3065320,3309142000
2024,2,11500605,가양3동,3047051,582842000
2024,2,11500611,발산1동,3192517,24486232000
2024,2,11500615,우장산동,4135674,8091197000
2024,2,11500620,공항동,2896818,8671690000
2024,2,11500630,방화1동,3407916,7413868000
2024,2,11500640,방화2동,2708397,8747841000
2024,2,11500641,방화3동,3044446,1801413000
2024,2,11530510,신도림동,4380318,11574942000
2024,2,11530520,구로1동,3368067,1913421000
2024,2,11530530,구로2동,2453690,12472407000
2024,2,11530540,구로3동,2888444,1527704035000
2024,2,11530550,구로4동,2617060,5558680000
2024,2,11530560,구로5동,3213284,19259307000
2024,2,11530595,가리봉동,2336331,1380650000
2024,2,11530720,고척1동,2972418,6727317000
2024,2,11530730,고척2동,2882639,3297488000
2024,2,11530740,개봉1동,2805757,5090667000
2024,2,11530750,개봉2동,3068971,3534606000
2024,2,11530760,개봉3동,2512790,2944831000
2024,2,11530770,오류1동,2574851,4387637000
2024,2,11530780,오류2동,2781178,4266407000
2024,2,11530790,수궁동,2682295,2818157000
2024,2,11530800,항동,3007261,1301121000
2024,2,11545510,가산동,2567594,38907304000
2024,2,11545610,독산1동,3000453,10032691000
2024,2,11545620,독산2동,2251577,2901579000
2024,2,11545630,독산3동,2386851,4657484000
2024,2,11545640,독산4동,2255044,2026422000
2024,2,11545670,시흥1동,2757307,10479563000
2024,2,11545680,시흥2동,3181421,794568000
2024,2,11545690,시흥3동,2516251,1573128000
2024,2,11545700,시흥4동,2405620,1363106000
2024,2,11545710,시흥5동,2375052,1795595000
2024,2,11560515,영등포본동,3286751,4155258000
2024,2,11560535,영등포동,3570107,29218415000
2024,2,11560540,여의동,5590853,144385498000
2024,2,11560550,당산1동,3536432,6262729000
2024,2,11560560,당산2동,4130932,9346682000
2024,2,11560585,도림동,3031484,2687248000
2024,2,11560605,문래동,4019445,12273256000
2024,2,11560610,양평1동,3508250,4397595000
2024,2,11560620,양평2동,3672088,14736244000
2024,2,11560630,신길1동,2780044,4337902000
2024,2,11560650,신길3동,3085442,3422799000
2024,2,11560660,신길4동,2717791,1049900000
2024,2,11560670,신길5동,2656511,1907227000
2024,2,11560680,신길6동,2954616,5063814000
2024,2,11560690,신길7동,3616070,3450435000
2024,2,11560700,대림1동,2582442,5260621000
2024,2,11560710,대림2동,2686240,4376271000
2024,2,11560720,대림3동,2907933,7395254000
2024,2,11590510,노량진1동,3583099,7071163000
2024,2,11590520,노량진2동,2420761,4813928000
2024,2,11590530,상도1동,3875896,8583395000
2024,2,11590540,상도2동,3826699,4534998000
2024,2,11590550,상도3동,2575897,4888590000
2024,2,11590560,상도4동,2563258,2272398000
2024,2,11590605,흑석동,4224946,10425456000
2024,2,11590620,사당1동,2855173,9309219000
2024,2,11590630,사당2동,3884988,8819237000
2024,2,11590640,사당3동,3890035,2997080000
2024,2,11590650,사당4동,2844168,2311571000
2024,2,11590651,사당5동,3047661,981698000
2024,2,11590660,대방동,3524765,6700974000
2024,2,11590670,신대방1동,3845094,2621059000
2024,2,11590680,신대방2동,3340157,107860623000
2024,2,11620525,보라매동,2529995,14041093000
2024,2,11620545,청림동,3682775,1376845000
2024,2,11620565,성현동,3455108,1533055000
2024,2,11620575,행운동,2889475,6508263000
2024,2,11620585,낙성대동,3225725,9295157000
2024,2,11620595,청룡동,2768161,9171564000
2024,2,11620605,은천동,3063077,6532791000
2024,2,11620615,중앙동,2633493,5973574000
2024,2,11620625,인헌동,2783693,6566060000
2024,2,11620630,남현동,3234026,5953969000
2024,2,11620645,서원동,2412001,12762709000
2024,2,11620655,신원동,2403237,1966956000
2024,2,11620665,서림동,2530625,2691894000
2024,2,11620685,신사동,2430662,3791236000
2024,2,11620695,신림동,2434279,9190673000
2024,2,11620715,난향동,3262195,814968000
2024,2,11620725,조원동,2523192,6045452000
2024,2,11620735,대학동,2622408,7700576000
2024,2,11620745,삼성동,2593695,1980204000
2024,2,11620765,미성동,2676537,4259072000
2024,2,11620775,난곡동,2268676,2893323000
2024,2,11650510,서초1동,4769119,10586574000
2024,2,11650520,서초2동,5196131,175997602000
2024,2,11650530,서초3동,4678950,195826737000
2024,2,11650531,서초4동,6475383,33748918000
2024,2,11650540,잠원동,5458458,9276906000
2024,2,11650550,반포본동,5583021,565190000
2024,2,11650560,반포1동,5338302,9310449000
2024,2,11650570,반포2동,6812331,2024355000
2024,2,11650580,반포3동,6140775,5264506000
2024,2,11650581,반포4동,5280483,28443773000
2024,2,11650590,방배본동,4856162,18567685000
2024,2,11650600,방배1동,4069239,6724623000
2024,2,11650610,방배2동,3864301,87257956000
2024,2,11650620,방배3동,4681587,4436840000
2024,2,11650621,방배4동,4557937,6591712000
2024,2,11650651,양재1동,4173236,11765667000
2024,2,11650652,양재2동,3222382,10863037000
2024,2,11650660,내곡동,4047063,2865980000
2024,2,11680510,신사동,5099915,36560533000
2024,2,11680521,논현1동,3277066,34350272000
2024,2,11680531,논현2동,3973993,26364464000
2024,2,11680545,압구정동,5808537,44165219000
2024,2,11680565,청담동,5010204,31587118000
2024,2,11680580,삼성1동,5098096,43680755000
2024,2,11680590,삼성2동,5055114,16897625000
2024,2,11680600,대치1동,7421305,14376662000
2024,2,11680610,대치2동,6017362,35374086000
2024,2,11680630,대치4동,4101144,182637000000
2024,2,11680640,역삼1동,3607265,1266988222000
2024,2,11680650,역삼2동,5367397,734281618000
2024,2,11680655,도곡1동,5412484,33914417000
2024,2,11680656,도곡2동,6567504,67288999000
2024,2,11680660,개포1동,5336373,361178000
2024,2,11680670,개포2동,5195802,2457485000
2024,2,11680690,개포4동,3550527,3914336000
2024,2,11680700,세곡동,3885403,6320703000
2024,2,11680720,일원본동,5444886,4399721000
2024,2,11680730,일원1동,3022931,2608554000
2024,2,11680740,일원2동,4553185,1329858000
2024,2,11680750,수서동,3847379,112547149000
2024,2,11710510,풍납1동,3011150,1712559000
2024,2,11710520,풍납2동,3891704,5209808000
2024,2,11710531,거여1동,2789100,1915360000
2024,2,11710532,거여2동,3033238,3491583000
2024,2,11710540,마천1동,2435636,1457645000
2024,2,11710550,마천2동,2339431,4019630000
2024,2,11710561,방이1동,3970520,5863094000
2024,2,11710562,방이2동,2928271,179381467000
2024,2,11710566,오륜동,6095160,2876215000
2024,2,11710570,오금동,3510674,6809587000
2024,2,11710580,송파1동,3129216,10957707000
2024,2,11710590,송파2동,4370970,2932971000
2024,2,11710600,석촌동,2927911,11732132000
2024,2,11710610,삼전동,2779980,7650586000
2024,2,11710620,가락본동,3521561,9775484000
2024,2,11710631,가락1동,4973588,5832560000
2024,2,11710632,가락2동,3910198,6337571000
2024,2,11710641,문정1동,3568357,3742224000
2024,2,11710642,문정2동,4425648,23771814000
2024,2,11710646,장지동,3263464,3867193000
2024,2,11710647,위례동,4202887,5018627000
2024,2,11710650,잠실본동,3079387,19232302000
2024,2,11710670,잠실2동,6352641,3837149000
2024,2,11710680,잠실3동,5452682,8889104000
2024,2,11710690,잠실4동,6007987,1728363000
2024,2,11710710,잠실6동,5237775,39184175000
2024,2,11710720,잠실7동,6014516,488083000
2024,2,11740515,강일동,3073250,3627925000
2024,2,11740520,상일동,3690212,3574354000
2024,2,11740530,명일1동,3540203,7382716000
2024,2,11740540,명일2동,4514278,7092842000
2024,2,11740550,고덕1동,4618641,2069395000
2024,2,11740560,고덕2동,2465499,3054258000
2024,2,11740570,암사1동,2852157,6149189000
2024,2,11740580,암사2동,3688535,3010406000
2024,2,11740590,암사3동,4470889,1817882000
2024,2,11740600,천호1동,2473111,3416324000
2024,2,11740610,천호2동,2749741,71144449000
2024,2,11740620,천호3동,3165328,5546473000
2024,2,11740640,성내1동,3438376,6476147000
2024,2,11740650,성내2동,2824592,7487482000
2024,2,11740660,성내3동,2897346,7568270000
2024,2,11740685,길동,2840603,13820314000
2024,2,11740690,둔촌1동,3596734,35089000
2024,2,11740700,둔촌2동,3414406,4591220000
2024,3,11110515,청운효자동,3780222,898067000
2024,3,11110530,사직동,5007768,17930529000
2024,3,11110540,삼청동,3442534,1223983000
2024,3,11110550,부암동,3647449,465827000
2024,3,11110560,평창동,4504006,985153000
2024,3,11110570,무악동,5136717,1120563000
2024,3,11110580,교남동,4616890,918615000
2024,3,11110600,가회동,3479766,1049067000
2024,3,11110615,종로1?2?3?4가동,3245251,38407338000
2024,3,11110630,종로5?6가동,2531450,3343318000
2024,3,11110640,이화동,3024996,3697398000
2024,3,11110650,혜화동,3333112,3672062000
2024,3,11110670,창신1동,2393308,948334000
2024,3,11110680,창신2동,2112817,404315000
2024,3,11110690,창신3동,3006052,144843000
2024,3,11110700,숭인1동,2868519,314471000
2024,3,11110710,숭인2동,2607311,744972000
2024,3,11140520,소공동,5380521,734011514000
2024,3,11140540,회현동,4442451,178527345000
2024,3,11140550,명동,3733600,38582441000
2024,3,11140570,필동,3033044,1858833000
2024,3,11140580,장충동,2895026,893410000
2024,3,11140590,광희동,3229604,3974337000
2024,3,11140605,을지로동,3082514,54171666000
2024,3,11140615,신당동,2816850,2112875000
2024,3,11140625,다산동,2679845,1308387000
2024,3,11140635,약수동,3894878,975900000
2024,3,11140645,청구동,3566241,553637000
2024,3,11140650,신당5동,3027979,1017198000
2024,3,11140665,동화동,3621349,662658000
2024,3,11140670,황학동,3247840,1556032000
2024,3,11140680,중림동,4435938,1095393000
2024,3,11170510,후암동,3013677,816244000
2024,3,11170520,용산2가동,2540319,51044100000
2024,3,11170530,남영동,3183091,18742806000
2024,3,11170555,청파동,2608804,1099126000
2024,3,11170560,원효로1동,4450695,1127420000
2024,3,11170570,원효로2동,3817026,417086000
2024,3,11170580,효창동,3523201,334006000
2024,3,11170590,용문동,3568910,493683000
2024,3,11170625,한강로동,4948344,11905323000
2024,3,11170630,이촌1동,5974291,1009904000
2024,3,11170640,이촌2동,3596083,134550000
2024,3,11170650,이태원1동,3682946,3199150000
2024,3,11170660,이태원2동,3261019,738363000
2024,3,11170685,한남동,4381088,4254927000
2024,3,11170690,서빙고동,4208562,627955000
2024,3,11170700,보광동,2545653,366612000
2024,3,11200520,왕십리2동,3474994,812072000
2024,3,11200535,왕십리도선동,4015131,3122924000
2024,3,11200540,마장동,3021967,1562579000
2024,3,11200550,사근동,3099614,2000034000
2024,3,11200560,행당1동,3900841,2941050000
2024,3,11200570,행당2동,4408744,665538000
2024,3,11200580,응봉동,3858472,192183000
2024,3,11200590,금호1가동,4010011,524173000
2024,3,11200615,금호2?3가동,3751434,1009331000
2024,3,11200620,금호4가동,4442144,1110258000
2024,3,11200645,옥수동,4836487,1411255000
2024,3,11200650,성수1가1동,3870717,1246481000
2024,3,11200660,성수1가2동,3263294,3709430000
2024,3,11200670,성수2가1동,2900762,2569014000
2024,3,11200690,성수2가3동,3358391,5774771000
2024,3,11200720,송정동,2566462,311836000
2024,3,11200790,용답동,2484354,5158980000
2024,3,11215710,화양동,2470026,6839554000
2024,3,11215730,군자동,2604535,2128805000
2024,3,11215740,중곡1동,2542359,1779571000
2024,3,11215750,중곡2동,2555101,1435904000
2024,3,11215760,중곡3동,2390961,883617000
2024,3,11215770,중곡4동,2523958,1362073000
2024,3,11215780,능동,2846023,2269139000
2024,3,11215810,광장동,5284540,1952027000
2024,3,11215820,자양1동,2745988,2333888000
2024,3,11215830,자양2동,2999213,1492618000
2024,3,11215840,자양3동,4353416,1895580000
2024,3,11215847,자양4동,2795134,2988065000
2024,3,11215850,구의1동,2683701,1739715000
2024,3,11215860,구의2동,2948328,1644435000
2024,3,11215870,구의3동,4010979,3914675000
2024,3,11230536,용신동,2894254,5214539000
2024,3,11230545,제기동,2792227,3571770000
2024,3,11230560,전농1동,3070695,2272346000
2024,3,11230570,전농2동,3136080,609962000
2024,3,11230600,답십리1동,3538405,1667005000
2024,3,11230610,답십리2동,3049260,1985735000
2024,3,11230650,장안1동,2863708,4247878000
2024,3,11230660,장안2동,2920490,3585087000
2024,3,11230705,청량리동,2860315,1766446000
2024,3,11230710,회기동,3217279,3414065000
2024,3,11230720,휘경1동,2722774,1396953000
2024,3,11230730,휘경2동,3071586,743494000
2024,3,11230740,이문1동,3000929,1274095000
2024,3,11230750,이문2동,3137841,579957000
2024,3,11260520,면목2동,2322173,1221789000
2024,3,11260540,면목4동,2573570,397058000
2024,3,11260550,면목5동,2233073,1030153000
2024,3,11260565,면목본동,2336892,1690009000
2024,3,11260570,면목7동,2655671,1536814000
2024,3,11260575,면목3?8동,2354962,1589703000
2024,3,11260580,상봉1동,2969913,1912736000
2024,3,11260590,상봉2동,2575432,3509408000
2024,3,11260600,중화1동,2518956,596994000
2024,3,11260610,중화2동,2253552,1360514000
2024,3,11260620,묵1동,3120718,1762122000
2024,3,11260630,묵2동,2533867,1364952000
2024,3,11260655,망우본동,2443681,2487502000
2024,3,11260660,망우3동,2231082,586423000
2024,3,11260680,신내1동,2780491,1954785000
2024,3,11260690,신내2동,3060535,1487410000
2024,3,11290525,성북동,3470748,1301583000
2024,3,11290555,삼선동,3057377,2557890000
2024,3,11290575,동선동,2821008,4181479000
2024,3,11290580,돈암1동,3583117,378616000
2024,3,11290590,돈암2동,4297592,315311000
2024,3,11290600,안암동,2896471,1999970000
2024,3,11290610,보문동,3162623,1115325000
2024,3,11290620,정릉1동,3341356,583434000
2024,3,11290630,정릉2동,2934717,1377843000
2024,3,11290640,정릉3동,2482564,641921000
2024,3,11290650,정릉4동,3038165,1319541000
2024,3,11290660,길음1동,4462339,1726167000
2024,3,11290685,길음2동,3736133,2165177000
2024,3,11290705,종암동,3381883,2326813000
2024,3,11290715,월곡1동,3294213,1134682000
2024,3,11290725,월곡2동,3138026,2071548000
2024,3,11290760,장위1동,2231978,576663000
2024,3,11290770,장위2동,2411293,760018000
2024,3,11290780,장위3동,3113825,540456000
2024,3,11290810,석관동,2864182,2181166000
2024,3,11305534,삼양동,2473211,1273174000
2024,3,11305535,미아동,2318870,2008801000
2024,3,11305545,송중동,2555447,3382387000
2024,3,11305555,송천동,2444557,1770806000
2024,3,11305575,삼각산동,3734477,976075000
2024,3,11305595,번1동,2303972,2637519000
2024,3,11305603,번2동,2308539,374148000
2024,3,11305608,번3동,2548326,724580000
2024,3,11305615,수유1동,2220463,1648625000
2024,3,11305625,수유2동,2577008,762910000
2024,3,11305635,수유3동,2205999,4067906000
2024,3,11305645,우이동,2457144,1370946000
2024,3,11305660,인수동,2359990,925687000
2024,3,11320511,창1동,3038009,1313605000
2024,3,11320512,창2동,2551630,1213124000
2024,3,11320513,창3동,2229423,485647000
2024,3,11320514,창4동,3547959,1385324000
2024,3,11320515,창5동,3298026,2293003000
2024,3,11320521,도봉1동,2275377,1638156000
2024,3,11320522,도봉2동,2811820,913306000
2024,3,11320660,쌍문1동,2440535,634696000
2024,3,11320670,쌍문2동,2430154,1677045000
2024,3,11320680,쌍문3동,2438072,1084869000
2024,3,11320681,쌍문4동,2968285,685599000
2024,3,11320690,방학1동,2895702,3553490000
2024,3,11320700,방학2동,2099146,852489000
2024,3,11320710,방학3동,2962092,742193000
2024,3,11350560,월계1동,2777397,1836211000
2024,3,11350570,월계2동,2728093,670609000
2024,3,11350580,월계3동,3110675,2620332000
2024,3,11350595,공릉1동,2786137,4766982000
2024,3,11350600,공릉2동,3394877,2729518000
2024,3,11350611,하계1동,3611061,2540804000
2024,3,11350612,하계2동,3625940,250342000
2024,3,11350619,중계본동,4197248,2419795000
2024,3,11350621,중계1동,4623227,1758006000
2024,3,11350624,중계4동,3196660,2213852000
2024,3,11350625,중계2?3동,2936682,3226738000
2024,3,11350630,상계1동,3030316,3404075000
2024,3,11350640,상계2동,3122902,7151041000
2024,3,11350665,상계3?4동,2644186,560186000
2024,3,11350670,상계5동,2481440,921525000
2024,3,11350695,상계6?7동,3152836,5345554000
2024,3,11350700,상계8동,3153561,611719000
2024,3,11350710,상계9동,2955988,697739000
2024,3,11350720,상계10동,3132098,387572000
2024,3,11380510,녹번동,3055864,2055172000
2024,3,11380520,불광1동,3182963,2676713000
2024,3,11380530,불광2동,2396457,1674805000
2024,3,11380551,갈현1동,2481200,2046288000
2024,3,11380552,갈현2동,2539257,2327405000
2024,3,11380560,구산동,2602334,972504000
2024,3,11380570,대조동,2535013,2983289000
2024,3,11380580,응암1동,2726133,2313367000
2024,3,11380590,응암2동,3510245,692196000
2024,3,11380600,응암3동,2360910,2880690000
2024,3,11380625,역촌동,2521877,2571752000
2024,3,11380631,신사1동,2637581,1687367000
2024,3,11380632,신사2동,2635300,552245000
2024,3,11380640,증산동,2838450,888937000
2024,3,11380650,수색동,3253972,329107000
2024,3,11380690,진관동,4070863,6320996000
2024,3,11410520,천연동,4197718,908055000
2024,3,11410555,북아현동,4172659,849043000
2024,3,11410565,충현동,3210231,1615539000
2024,3,11410585,신촌동,3331768,11446673000
2024,3,11410615,연희동,3383749,21232362000
2024,3,11410620,홍제1동,3459117,1350492000
2024,3,11410640,홍제3동,2807766,1473953000
2024,3,11410655,홍제2동,3664523,636318000
2024,3,11410660,홍은1동,3093859,508826000
2024,3,11410685,홍은2동,2874442,1251174000
2024,3,11410690,남가좌1동,4622839,1104985000
2024,3,11410700,남가좌2동,3237719,1807296000
2024,3,11410710,북가좌1동,4005416,715413000
2024,3,11410720,북가좌2동,2590646,1428552000
2024,3,11440555,아현동,5237419,407263797000
2024,3,11440565,공덕동,4047702,2142461000
2024,3,11440585,도화동,4217433,3265079000
2024,3,11440590,용강동,4787212,2839636000
2024,3,11440600,대흥동,3421062,2159287000
2024,3,11440610,염리동,4051438,18478752000
2024,3,11440630,신수동,4157605,1060505000
2024,3,11440655,서강동,4339738,2195081000
2024,3,11440660,서교동,3212258,22266774000
2024,3,11440680,합정동,3195027,3655836000
2024,3,11440690,망원1동,2802536,2655615000
2024,3,11440700,망원2동,2912810,1336101000
2024,3,11440710,연남동,2980162,3072853000
2024,3,11440720,성산1동,2814646,1420208000
2024,3,11440730,성산2동,3521472,2979997000
2024,3,11440740,상암동,4158486,5184764000
2024,3,11470510,목1동,5667672,9767075000
2024,3,11470520,목2동,3244963,1906763000
2024,3,11470530,목3동,3101712,2301320000
2024,3,11470540,목4동,3426858,1913096000
2024,3,11470550,목5동,5987821,4854471000
2024,3,11470560,신월1동,2227154,1360059000
2024,3,11470570,신월2동,2727225,1037696000
2024,3,11470580,신월3동,2152244,958701000
2024,3,11470590,신월4동,2639083,1139658000
2024,3,11470600,신월5동,2615553,1262760000
2024,3,11470610,신월6동,2857257,1057112000
2024,3,11470611,신월7동,2343943,745530000
2024,3,11470620,신정1동,5046256,1639612000
2024,3,11470630,신정2동,4725315,1555460000
2024,3,11470640,신정3동,3158844,1934541000
2024,3,11470650,신정4동,2609700,3655108000
2024,3,11470670,신정6동,5384412,1170831000
2024,3,11470680,신정7동,4094404,1753045000
2024,3,11500510,염창동,4127504,2303118000
2024,3,11500520,등촌1동,3322838,1958801000
2024,3,11500530,등촌2동,3352636,925958000
2024,3,11500535,등촌3동,3403390,3297528000
2024,3,11500540,화곡1동,2485455,4112934000
2024,3,11500550,화곡2동,2385531,665333000
2024,3,11500560,화곡3동,3132782,1700885000
2024,3,11500570,화곡4동,2423768,1650288000
2024,3,11500590,화곡본동,2398795,2255629000
2024,3,11500591,화곡6동,3040513,2878512000
2024,3,11500593,화곡8동,2473381,1654006000
2024,3,11500603,가양1동,3560388,41380462000
2024,3,11500604,가양2동,3065320,1233270000
2024,3,11500605,가양3동,3047051,201394000
2024,3,11500611,발산1동,3192517,9035210000
2024,3,11500615,우장산동,4135674,2924634000
2024,3,11500620,공항동,2896818,2984567000
2024,3,11500630,방화1동,3407916,2655339000
2024,3,11500640,방화2동,2708397,3480208000
2024,3,11500641,방화3동,3044446,644666000
2024,3,11530510,신도림동,4380318,4300462000
2024,3,11530520,구로1동,3368067,680511000
2024,3,11530530,구로2동,2453690,4952929000
2024,3,11530540,구로3동,2888444,586218569000
2024,3,11530550,구로4동,2617060,1938932000
2024,3,11530560,구로5동,3213284,6886203000
2024,3,11530595,가리봉동,2336331,490240000
2024,3,11530720,고척1동,2972418,2337431000
2024,3,11530730,고척2동,2882639,1157344000
2024,3,11530740,개봉1동,2805757,1772583000
2024,3,11530750,개봉2동,3068971,1260611000
2024,3,11530760,개봉3동,2512790,1088925000
2024,3,11530770,오류1동,2574851,1528537000
2024,3,11530780,오류2동,2781178,1504343000
2024,3,11530790,수궁동,2682295,997016000
2024,3,11530800,항동,3007261,455944000
2024,3,11545510,가산동,2567594,13151059000
2024,3,11545610,독산1동,3000453,3606783000
2024,3,11545620,독산2동,2251577,1026911000
2024,3,11545630,독산3동,2386851,1656818000
2024,3,11545640,독산4동,2255044,734140000
2024,3,11545670,시흥1동,2757307,3701489000
2024,3,11545680,시흥2동,3181421,277535000
2024,3,11545690,시흥3동,2516251,583664000
2024,3,11545700,시흥4동,2405620,479165000
2024,3,11545710,시흥5동,2375052,665777000
2024,3,11560515,영등포본동,3286751,1537429000
2024,3,11560535,영등포동,3570107,10423839000
2024,3,11560540,여의동,5590853,53362734000
2024,3,11560550,당산1동,3536432,2256408000
2024,3,11560560,당산2동,4130932,3351525000
2024,3,11560585,도림동,3031484,976988000
2024,3,11560605,문래동,4019445,4241297000
2024,3,11560610,양평1동,3508250,1468268000
2024,3,11560620,양평2동,3672088,4928091000
2024,3,11560630,신길1동,2780044,1550696000
2024,3,11560650,신길3동,3085442,1237298000
2024,3,11560660,신길4동,2717791,361098000
2024,3,11560670,신길5동,2656511,693645000
2024,3,11560680,신길6동,2954616,1877825000
2024,3,11560690,신길7동,3616070,1267859000
2024,3,11560700,대림1동,2582442,1874488000
2024,3,11560710,대림2동,2686240,1511671000
2024,3,11560720,대림3동,2907933,3224929000
2024,3,11590510,노량진1동,3583099,2438626000
2024,3,11590520,노량진2동,2420761,1485047000
2024,3,11590530,상도1동,3875896,2623921000
2024,3,11590540,상도2동,3826699,1643151000
2024,3,11590550,상도3동,2575897,1722755000
2024,3,11590560,상도4동,2563258,778597000
2024,3,11590605,흑석동,4224946,3549239000
2024,3,11590620,사당1동,2855173,3226531000
2024,3,11590630,사당2동,3884988,3193051000
2024,3,11590640,사당3동,3890035,1075002000
2024,3,11590650,사당4동,2844168,804109000
2024,3,11590651,사당5동,3047661,338948000
2024,3,11590660,대방동,3524765,2413586000
2024,3,11590670,신대방1동,3845094,1004549000
2024,3,11590680,신대방2동,3340157,38648098000
2024,3,11620525,보라매동,2529995,5054311000
2024,3,11620545,청림동,3682775,488544000
2024,3,11620565,성현동,3455108,554716000
2024,3,11620575,행운동,2889475,2227003000
2024,3,11620585,낙성대동,3225725,3279178000
2024,3,11620595,청룡동,2768161,3347349000
2024,3,11620605,은천동,3063077,2359406000
2024,3,11620615,중앙동,2633493,2170279000
2024,3,11620625,인헌동,2783693,2108223000
2024,3,11620630,남현동,3234026,2222393000
2024,3,11620645,서원동,2412001,4790313000
2024,3,11620655,신원동,2403237,714208000
2024,3,11620665,서림동,2530625,853228000
2024,3,11620685,신사동,2430662,1421536000
2024,3,11620695,신림동,2434279,3270975000
2024,3,11620715,난향동,3262195,283392000
2024,3,11620725,조원동,2523192,2117401000
2024,3,11620735,대학동,2622408,2565461000
2024,3,11620745,삼성동,2593695,671648000
2024,3,11620765,미성동,2676537,1334601000
2024,3,11620775,난곡동,2268676,1027826000
2024,3,11650510,서초1동,4769119,3781886000
2024,3,11650520,서초2동,5196131,66083072000
2024,3,11650530,서초3동,4678950,64157467000
2024,3,11650531,서초4동,6475383,12578499000
2024,3,11650540,잠원동,5458458,3488016000
2024,3,11650550,반포본동,5583021,212747000
2024,3,11650560,반포1동,5338302,3406864000
2024,3,11650570,반포2동,6812331,591390000
2024,3,11650580,반포3동,6140775,1898215000
2024,3,11650581,반포4동,5280483,10598043000
2024,3,11650590,방배본동,4856162,6368143000
2024,3,11650600,방배1동,4069239,2295000000
2024,3,11650610,방배2동,3864301,27736243000
2024,3,11650620,방배3동,4681587,1633158000
2024,3,11650621,방배4동,4557937,2292902000
2024,3,11650651,양재1동,4173236,4144088000
2024,3,11650652,양재2동,3222382,3730908000
2024,3,11650660,내곡동,4047063,922271000
2024,3,11680510,신사동,5099915,13287329000
2024,3,11680521,논현1동,3277066,12736021000
2024,3,11680531,논현2동,3973993,9358270000
2024,3,11680545,압구정동,5808537,15110039000
2024,3,11680565,청담동,5010204,11036199000
2024,3,11680580,삼성1동,5098096,14273597000
2024,3,11680590,삼성2동,5055114,6249893000
2024,3,11680600,대치1동,7421305,5619455000
2024,3,11680610,대치2동,6017362,10098978000
2024,3,11680630,대치4동,4101144,67089581000
2024,3,11680640,역삼1동,3607265,462852749000
2024,3,11680650,역삼2동,5367397,250879915000
2024,3,11680655,도곡1동,5412484,12575577000
2024,3,11680656,도곡2동,6567504,26230394000
2024,3,11680660,개포1동,5336373,127784000
2024,3,11680670,개포2동,5195802,874147000
2024,3,11680690,개포4동,3550527,1344226000
2024,3,11680700,세곡동,3885403,2227007000
2024,3,11680720,일원본동,5444886,1709090000
2024,3,11680730,일원1동,3022931,911907000
2024,3,11680740,일원2동,4553185,475422000
2024,3,11680750,수서동,3847379,43545470000
2024,3,11710510,풍납1동,3011150,509793000
2024,3,11710520,풍납2동,3891704,1897450000
2024,3,11710531,거여1동,2789100,704447000
2024,3,11710532,거여2동,3033238,1289544000
2024,3,11710540,마천1동,2435636,544062000
2024,3,11710550,마천2동,2339431,1397113000
2024,3,11710561,방이1동,3970520,2132125000
2024,3,11710562,방이2동,2928271,65628546000
2024,3,11710566,오륜동,6095160,859468000
2024,3,11710570,오금동,3510674,2551240000
2024,3,11710580,송파1동,3129216,3524137000
2024,3,11710590,송파2동,4370970,1111887000
2024,3,11710600,석촌동,2927911,4004446000
2024,3,11710610,삼전동,2779980,2719116000
2024,3,11710620,가락본동,3521561,3594372000
2024,3,11710631,가락1동,4973588,1891152000
2024,3,11710632,가락2동,3910198,2265206000
2024,3,11710641,문정1동,3568357,1260349000
2024,3,11710642,문정2동,4425648,8333338000
2024,3,11710646,장지동,3263464,1346574000
2024,3,11710647,위례동,4202887,1681617000
2024,3,11710650,잠실본동,3079387,6836019000
2024,3,11710670,잠실2동,6352641,1393739000
2024,3,11710680,잠실3동,5452682,3191546000
2024,3,11710690,잠실4동,6007987,627376000
2024,3,11710710,잠실6동,5237775,14226574000
2024,3,11710720,잠실7동,6014516,178440000
2024,3,11740515,강일동,3073250,1309707000
2024,3,11740520,상일동,3690212,1238996000
2024,3,11740530,명일1동,3540203,2647897000
2024,3,11740540,명일2동,4514278,2631762000
2024,3,11740550,고덕1동,4618641,736663000
2024,3,11740560,고덕2동,2465499,1085562000
2024,3,11740570,암사1동,2852157,2195010000
2024,3,11740580,암사2동,3688535,1089027000
2024,3,11740590,암사3동,4470889,580085000
2024,3,11740600,천호1동,2473111,1198935000
2024,3,11740610,천호2동,2749741,26862798000
2024,3,11740620,천호3동,3165328,2066937000
2024,3,11740640,성내1동,3438376,2323060000
2024,3,11740650,성내2동,2824592,2596454000
2024,3,11740660,성내3동,2897346,2682728000
2024,3,11740685,길동,2840603,5102016000
2024,3,11740690,둔촌1동,3596734,8199000
2024,3,11740700,둔촌2동,3414406,1675521000
2024,4,11110515,청운효자동,3780222,3191673000
2024,4,11110530,사직동,5007768,53239121000
2024,4,11110540,삼청동,3442534,3617541000
2024,4,11110550,부암동,3647449,1791408000
2024,4,11110560,평창동,4504006,2751398000
2024,4,11110570,무악동,5136717,3358936000
2024,4,11110580,교남동,4616890,2602831000
2024,4,11110600,가회동,3479766,3294743000
2024,4,11110615,종로1?2?3?4가동,3245251,112392114000
2024,4,11110630,종로5?6가동,2531450,10558869000
2024,4,11110640,이화동,3024996,8252258000
2024,4,11110650,혜화동,3333112,10842746000
2024,4,11110670,창신1동,2393308,2898740000
2024,4,11110680,창신2동,2112817,1232056000
2024,4,11110690,창신3동,3006052,371770000
2024,4,11110700,숭인1동,2868519,930603000
2024,4,11110710,숭인2동,2607311,2236750000
2024,4,11140520,소공동,5380521,2006097102000
2024,4,11140540,회현동,4442451,537615094000
2024,4,11140550,명동,3733600,120495529000
2024,4,11140570,필동,3033044,5911800000
2024,4,11140580,장충동,2895026,2638729000
2024,4,11140590,광희동,3229604,12129720000
2024,4,11140605,을지로동,3082514,144143085000
2024,4,11140615,신당동,2816850,5823307000
2024,4,11140625,다산동,2679845,3637961000
2024,4,11140635,약수동,3894878,2870911000
2024,4,11140645,청구동,3566241,1452136000
2024,4,11140650,신당5동,3027979,3004837000
2024,4,11140665,동화동,3621349,1736478000
2024,4,11140670,황학동,3247840,4508401000
2024,4,11140680,중림동,4435938,3142897000
2024,4,11170510,후암동,3013677,2338096000
2024,4,11170520,용산2가동,2540319,132012233000
2024,4,11170530,남영동,3183091,49293891000
2024,4,11170555,청파동,2608804,3422874000
2024,4,11170560,원효로1동,4450695,3090599000
2024,4,11170570,원효로2동,3817026,1186219000
2024,4,11170580,효창동,3523201,1056674000
2024,4,11170590,용문동,3568910,1564605000
2024,4,11170625,한강로동,4948344,32261747000
2024,4,11170630,이촌1동,5974291,2941330000
2024,4,11170640,이촌2동,3596083,422969000
2024,4,11170650,이태원1동,3682946,9743308000
2024,4,11170660,이태원2동,3261019,2050942000
2024,4,11170685,한남동,4381088,13257923000
2024,4,11170690,서빙고동,4208562,1665342000
2024,4,11170700,보광동,2545653,1150722000
2024,4,11200520,왕십리2동,3474994,2151724000
2024,4,11200535,왕십리도선동,4015131,8425164000
2024,4,11200540,마장동,3021967,4646986000
2024,4,11200550,사근동,3099614,6154372000
2024,4,11200560,행당1동,3900841,8078247000
2024,4,11200570,행당2동,4408744,1769705000
2024,4,11200580,응봉동,3858472,514553000
2024,4,11200590,금호1가동,4010011,1454147000
2024,4,11200615,금호2?3가동,3751434,2820699000
2024,4,11200620,금호4가동,4442144,3126373000
2024,4,11200645,옥수동,4836487,3853685000
2024,4,11200650,성수1가1동,3870717,3723928000
2024,4,11200660,성수1가2동,3263294,13010669000
2024,4,11200670,성수2가1동,2900762,8226928000
2024,4,11200690,성수2가3동,3358391,16840674000
2024,4,11200720,송정동,2566462,867339000
2024,4,11200790,용답동,2484354,16788317000
2024,4,11215710,화양동,2470026,20428461000
2024,4,11215730,군자동,2604535,6602245000
2024,4,11215740,중곡1동,2542359,5366966000
2024,4,11215750,중곡2동,2555101,4047937000
2024,4,11215760,중곡3동,2390961,2534664000
2024,4,11215770,중곡4동,2523958,3683870000
2024,4,11215780,능동,2846023,6161133000
2024,4,11215810,광장동,5284540,5464894000
2024,4,11215820,자양1동,2745988,6993262000
2024,4,11215830,자양2동,2999213,4013234000
2024,4,11215840,자양3동,4353416,5057553000
2024,4,11215847,자양4동,2795134,8758657000
2024,4,11215850,구의1동,2683701,4857617000
2024,4,11215860,구의2동,2948328,4818482000
2024,4,11215870,구의3동,4010979,10496171000
2024,4,11230536,용신동,2894254,14759538000
2024,4,11230545,제기동,2792227,11133025000
2024,4,11230560,전농1동,3070695,6565190000
2024,4,11230570,전농2동,3136080,1799864000
2024,4,11230600,답십리1동,3538405,4608333000
2024,4,11230610,답십리2동,3049260,5302623000
2024,4,11230650,장안1동,2863708,12170517000
2024,4,11230660,장안2동,2920490,9878931000
2024,4,11230705,청량리동,2860315,4843235000
2024,4,11230710,회기동,3217279,10305196000
2024,4,11230720,휘경1동,2722774,4167572000
2024,4,11230730,휘경2동,3071586,2114766000
2024,4,11230740,이문1동,3000929,3963528000
2024,4,11230750,이문2동,3137841,1425958000
2024,4,11260520,면목2동,2322173,3544747000
2024,4,11260540,면목4동,2573570,1048554000
2024,4,11260550,면목5동,2233073,2726005000
2024,4,11260565,면목본동,2336892,4868175000
2024,4,11260570,면목7동,2655671,4457042000
2024,4,11260575,면목3?8동,2354962,4488050000
2024,4,11260580,상봉1동,2969913,5458037000
2024,4,11260590,상봉2동,2575432,10040386000
2024,4,11260600,중화1동,2518956,1711036000
2024,4,11260610,중화2동,2253552,4049257000
2024,4,11260620,묵1동,3120718,4977886000
2024,4,11260630,묵2동,2533867,3894852000
2024,4,11260655,망우본동,2443681,6918503000
2024,4,11260660,망우3동,2231082,1814009000
2024,4,11260680,신내1동,2780491,5399666000
2024,4,11260690,신내2동,3060535,3813354000
2024,4,11290525,성북동,3470748,3742984000
2024,4,11290555,삼선동,3057377,7283925000
2024,4,11290575,동선동,2821008,12127568000
2024,4,11290580,돈암1동,3583117,1093650000
2024,4,11290590,돈암2동,4297592,892636000
2024,4,11290600,안암동,2896471,6915156000
2024,4,11290610,보문동,3162623,3227135000
2024,4,11290620,정릉1동,3341356,1615336000
2024,4,11290630,정릉2동,2934717,3889652000
2024,4,11290640,정릉3동,2482564,2380335000
2024,4,11290650,정릉4동,3038165,3720002000
2024,4,11290660,길음1동,4462339,4761776000
2024,4,11290685,길음2동,3736133,6283823000
2024,4,11290705,종암동,3381883,6681462000
2024,4,11290715,월곡1동,3294213,2901807000
2024,4,11290725,월곡2동,3138026,5786131000
2024,4,11290760,장위1동,2231978,1646696000
2024,4,11290770,장위2동,2411293,2267996000
2024,4,11290780,장위3동,3113825,1505251000
2024,4,11290810,석관동,2864182,6224044000
2024,4,11305534,삼양동,2473211,3457369000
2024,4,11305535,미아동,2318870,5946751000
2024,4,11305545,송중동,2555447,9253368000
2024,4,11305555,송천동,2444557,4725259000
2024,4,11305575,삼각산동,3734477,2663821000
2024,4,11305595,번1동,2303972,7445228000
2024,4,11305603,번2동,2308539,1050621000
2024,4,11305608,번3동,2548326,1889293000
2024,4,11305615,수유1동,2220463,4719093000
2024,4,11305625,수유2동,2577008,2328919000
2024,4,11305635,수유3동,2205999,11484864000
2024,4,11305645,우이동,2457144,3748101000
2024,4,11305660,인수동,2359990,2622561000
2024,4,11320511,창1동,3038009,3671143000
2024,4,11320512,창2동,2551630,3382767000
2024,4,11320513,창3동,2229423,1391887000
2024,4,11320514,창4동,3547959,3728293000
2024,4,11320515,창5동,3298026,6481386000
2024,4,11320521,도봉1동,2275377,5071965000
2024,4,11320522,도봉2동,2811820,2481360000
2024,4,11320660,쌍문1동,2440535,1868527000
2024,4,11320670,쌍문2동,2430154,4428053000
2024,4,11320680,쌍문3동,2438072,3279088000
2024,4,11320681,쌍문4동,2968285,1697835000
2024,4,11320690,방학1동,2895702,9945051000
2024,4,11320700,방학2동,2099146,2568264000
2024,4,11320710,방학3동,2962092,1854554000
2024,4,11350560,월계1동,2777397,5713825000
2024,4,11350570,월계2동,2728093,1925497000
2024,4,11350580,월계3동,3110675,6801803000
2024,4,11350595,공릉1동,2786137,13905983000
2024,4,11350600,공릉2동,3394877,8432448000
2024,4,11350611,하계1동,3611061,7866316000
2024,4,11350612,하계2동,3625940,703252000
2024,4,11350619,중계본동,4197248,6291360000
2024,4,11350621,중계1동,4623227,4626789000
2024,4,11350624,중계4동,3196660,6601781000
2024,4,11350625,중계2?3동,2936682,10160574000
2024,4,11350630,상계1동,3030316,9261253000
2024,4,11350640,상계2동,3122902,20886850000
2024,4,11350665,상계3?4동,2644186,1490230000
2024,4,11350670,상계5동,2481440,2574218000
2024,4,11350695,상계6?7동,3152836,15039621000
2024,4,11350700,상계8동,3153561,1711533000
2024,4,11350710,상계9동,2955988,1884695000
2024,4,11350720,상계10동,3132098,1098618000
2024,4,11380510,녹번동,3055864,5473865000
2024,4,11380520,불광1동,3182963,7304537000
2024,4,11380530,불광2동,2396457,4699314000
2024,4,11380551,갈현1동,2481200,5644076000
2024,4,11380552,갈현2동,2539257,6414534000
2024,4,11380560,구산동,2602334,2600658000
2024,4,11380570,대조동,2535013,8067469000
2024,4,11380580,응암1동,2726133,6535314000
2024,4,11380590,응암2동,3510245,1842618000
2024,4,11380600,응암3동,2360910,8456118000
2024,4,11380625,역촌동,2521877,6965419000
2024,4,11380631,신사1동,2637581,4523104000
2024,4,11380632,신사2동,2635300,1461521000
2024,4,11380640,증산동,2838450,2365849000
2024,4,11380650,수색동,3253972,876801000
2024,4,11380690,진관동,4070863,18144124000
2024,4,11410520,천연동,4197718,2677809000
2024,4,11410555,북아현동,4172659,2303762000
2024,4,11410565,충현동,3210231,4297641000
2024,4,11410585,신촌동,3331768,40655258000
2024,4,11410615,연희동,3383749,57066745000
2024,4,11410620,홍제1동,3459117,3719361000
2024,4,11410640,홍제3동,2807766,4284068000
2024,4,11410655,홍제2동,3664523,1522660000
2024,4,11410660,홍은1동,3093859,1311468000
2024,4,11410685,홍은2동,2874442,3637470000
2024,4,11410690,남가좌1동,4622839,3105341000
2024,4,11410700,남가좌2동,3237719,5457783000
2024,4,11410710,북가좌1동,4005416,1962012000
2024,4,11410720,북가좌2동,2590646,3845795000
2024,4,11440555,아현동,5237419,418568597000
2024,4,11440565,공덕동,4047702,6063909000
2024,4,11440585,도화동,4217433,8702906000
2024,4,11440590,용강동,4787212,7837769000
2024,4,11440600,대흥동,3421062,6201599000
2024,4,11440610,염리동,4051438,59512567000
2024,4,11440630,신수동,4157605,3131491000
2024,4,11440655,서강동,4339738,6120375000
2024,4,11440660,서교동,3212258,61983657000
2024,4,11440680,합정동,3195027,10249739000
2024,4,11440690,망원1동,2802536,7864382000
2024,4,11440700,망원2동,2912810,3769082000
2024,4,11440710,연남동,2980162,8902683000
2024,4,11440720,성산1동,2814646,3876967000
2024,4,11440730,성산2동,3521472,8973953000
2024,4,11440740,상암동,4158486,14554572000
2024,4,11470510,목1동,5667672,26006245000
2024,4,11470520,목2동,3244963,5093413000
2024,4,11470530,목3동,3101712,6653332000
2024,4,11470540,목4동,3426858,5372030000
2024,4,11470550,목5동,5987821,12871979000
2024,4,11470560,신월1동,2227154,3942430000
2024,4,11470570,신월2동,2727225,2951701000
2024,4,11470580,신월3동,2152244,2545338000
2024,4,11470590,신월4동,2639083,3145750000
2024,4,11470600,신월5동,2615553,3330601000
2024,4,11470610,신월6동,2857257,2607720000
2024,4,11470611,신월7동,2343943,1990817000
2024,4,11470620,신정1동,5046256,4210266000
2024,4,11470630,신정2동,4725315,4235501000
2024,4,11470640,신정3동,3158844,5501297000
2024,4,11470650,신정4동,2609700,10037871000
2024,4,11470670,신정6동,5384412,2878188000
2024,4,11470680,신정7동,4094404,4693752000
2024,4,11500510,염창동,4127504,6988229000
2024,4,11500520,등촌1동,3322838,5513525000
2024,4,11500530,등촌2동,3352636,2649903000
2024,4,11500535,등촌3동,3403390,9483582000
2024,4,11500540,화곡1동,2485455,11691424000
2024,4,11500550,화곡2동,2385531,1794385000
2024,4,11500560,화곡3동,3132782,4627704000
2024,4,11500570,화곡4동,2423768,4504672000
2024,4,11500590,화곡본동,2398795,6159740000
2024,4,11500591,화곡6동,3040513,7953845000
2024,4,11500593,화곡8동,2473381,4641233000
2024,4,11500603,가양1동,3560388,101149485000
2024,4,11500604,가양2동,3065320,3356367000
2024,4,11500605,가양3동,3047051,597197000
2024,4,11500611,발산1동,3192517,25466874000
2024,4,11500615,우장산동,4135674,7224679000
2024,4,11500620,공항동,2896818,8026712000
2024,4,11500630,방화1동,3407916,7251165000
2024,4,11500640,방화2동,2708397,9270397000
2024,4,11500641,방화3동,3044446,1721572000
2024,4,11530510,신도림동,4380318,12181868000
2024,4,11530520,구로1동,3368067,1854446000
2024,4,11530530,구로2동,2453690,14377674000
2024,4,11530540,구로3동,2888444,1761573657000
2024,4,11530550,구로4동,2617060,5549114000
2024,4,11530560,구로5동,3213284,20444581000
2024,4,11530595,가리봉동,2336331,1500362000
2024,4,11530720,고척1동,2972418,6719476000
2024,4,11530730,고척2동,2882639,3256187000
2024,4,11530740,개봉1동,2805757,5160748000
2024,4,11530750,개봉2동,3068971,3628460000
2024,4,11530760,개봉3동,2512790,2880585000
2024,4,11530770,오류1동,2574851,4335222000
2024,4,11530780,오류2동,2781178,4088943000
2024,4,11530790,수궁동,2682295,2838144000
2024,4,11530800,항동,3007261,1247577000
2024,4,11545510,가산동,2567594,41730629000
2024,4,11545610,독산1동,3000453,9898254000
2024,4,11545620,독산2동,2251577,2736449000
2024,4,11545630,독산3동,2386851,4532693000
2024,4,11545640,독산4동,2255044,2052332000
2024,4,11545670,시흥1동,2757307,10546720000
2024,4,11545680,시흥2동,3181421,754138000
2024,4,11545690,시흥3동,2516251,1565223000
2024,4,11545700,시흥4동,2405620,1332882000
2024,4,11545710,시흥5동,2375052,1734412000
2024,4,11560515,영등포본동,3286751,4081232000
2024,4,11560535,영등포동,3570107,32140031000
2024,4,11560540,여의동,5590853,148583225000
2024,4,11560550,당산1동,3536432,6554772000
2024,4,11560560,당산2동,4130932,8835989000
2024,4,11560585,도림동,3031484,2491667000
2024,4,11560605,문래동,4019445,899894204000
2024,4,11560610,양평1동,3508250,4126310000
2024,4,11560620,양평2동,3672088,14140531000
2024,4,11560630,신길1동,2780044,4338382000
2024,4,11560650,신길3동,3085442,3529113000
2024,4,11560660,신길4동,2717791,991881000
2024,4,11560670,신길5동,2656511,1907589000
2024,4,11560680,신길6동,2954616,4979750000
2024,4,11560690,신길7동,3616070,3032331000
2024,4,11560700,대림1동,2582442,5201125000
2024,4,11560710,대림2동,2686240,4366501000
2024,4,11560720,대림3동,2907933,7219936000
2024,4,11590510,노량진1동,3583099,7433665000
2024,4,11590520,노량진2동,2420761,7663254000
2024,4,11590530,상도1동,3875896,8127894000
2024,4,11590540,상도2동,3826699,4579661000
2024,4,11590550,상도3동,2575897,4916327000
2024,4,11590560,상도4동,2563258,2171549000
2024,4,11590605,흑석동,4224946,10124093000
2024,4,11590620,사당1동,2855173,9677326000
2024,4,11590630,사당2동,3884988,9163918000
2024,4,11590640,사당3동,3890035,2969150000
2024,4,11590650,사당4동,2844168,2255793000
2024,4,11590651,사당5동,3047661,949506000
2024,4,11590660,대방동,3524765,6295429000
2024,4,11590670,신대방1동,3845094,3185727000
2024,4,11590680,신대방2동,3340157,100380122000
2024,4,11620525,보라매동,2529995,14381322000
2024,4,11620545,청림동,3682775,1252409000
2024,4,11620565,성현동,3455108,1478191000
2024,4,11620575,행운동,2889475,6474158000
2024,4,11620585,낙성대동,3225725,9246746000
2024,4,11620595,청룡동,2768161,8898035000
2024,4,11620605,은천동,3063077,6361375000
2024,4,11620615,중앙동,2633493,6043315000
2024,4,11620625,인헌동,2783693,4203698000
2024,4,11620630,남현동,3234026,6140566000
2024,4,11620645,서원동,2412001,13644431000
2024,4,11620655,신원동,2403237,2100862000
2024,4,11620665,서림동,2530625,2307819000
2024,4,11620685,신사동,2430662,3865908000
2024,4,11620695,신림동,2434279,9221871000
2024,4,11620715,난향동,3262195,738236000
2024,4,11620725,조원동,2523192,6568616000
2024,4,11620735,대학동,2622408,7258470000
2024,4,11620745,삼성동,2593695,1898758000
2024,4,11620765,미성동,2676537,3852472000
2024,4,11620775,난곡동,2268676,2844327000
2024,4,11650510,서초1동,4769119,10684173000
2024,4,11650520,서초2동,5196131,186414433000
2024,4,11650530,서초3동,4678950,205838105000
2024,4,11650531,서초4동,6475383,34778366000
2024,4,11650540,잠원동,5458458,9457715000
2024,4,11650550,반포본동,5583021,522559000
2024,4,11650560,반포1동,5338302,8712455000
2024,4,11650570,반포2동,6812331,2079004000
2024,4,11650580,반포3동,6140775,5009423000
2024,4,11650581,반포4동,5280483,29781997000
2024,4,11650590,방배본동,4856162,19012960000
2024,4,11650600,방배1동,4069239,6589812000
2024,4,11650610,방배2동,3864301,80447706000
2024,4,11650620,방배3동,4681587,4702056000
2024,4,11650621,방배4동,4557937,6435911000
2024,4,11650651,양재1동,4173236,11906755000
2024,4,11650652,양재2동,3222382,10774617000
2024,4,11650660,내곡동,4047063,2863107000
2024,4,11680510,신사동,5099915,38629431000
2024,4,11680521,논현1동,3277066,36670256000
2024,4,11680531,논현2동,3973993,27607089000
2024,4,11680545,압구정동,5808537,41960807000
2024,4,11680565,청담동,5010204,31040563000
2024,4,11680580,삼성1동,5098096,37759083000
2024,4,11680590,삼성2동,5055114,16946567000
2024,4,11680600,대치1동,7421305,13582843000
2024,4,11680610,대치2동,6017362,28167781000
2024,4,11680630,대치4동,4101144,189974205000
2024,4,11680640,역삼1동,3607265,1301739294000
2024,4,11680650,역삼2동,5367397,765716524000
2024,4,11680655,도곡1동,5412484,33454150000
2024,4,11680656,도곡2동,6567504,68703591000
2024,4,11680660,개포1동,5336373,356175000
2024,4,11680670,개포2동,5195802,2396015000
2024,4,11680690,개포4동,3550527,3612909000
2024,4,11680700,세곡동,3885403,6054844000
2024,4,11680720,일원본동,5444886,4615724000
2024,4,11680730,일원1동,3022931,2654606000
2024,4,11680740,일원2동,4553185,1277237000
2024,4,11680750,수서동,3847379,134033505000
2024,4,11710510,풍납1동,3011150,1558201000
2024,4,11710520,풍납2동,3891704,5206946000
2024,4,11710531,거여1동,2789100,1890680000
2024,4,11710532,거여2동,3033238,3528775000
2024,4,11710540,마천1동,2435636,1521767000
2024,4,11710550,마천2동,2339431,4068368000
2024,4,11710561,방이1동,3970520,5796049000
2024,4,11710562,방이2동,2928271,173236638000
2024,4,11710566,오륜동,6095160,2376188000
2024,4,11710570,오금동,3510674,6906200000
2024,4,11710580,송파1동,3129216,10371270000
2024,4,11710590,송파2동,4370970,3048614000
2024,4,11710600,석촌동,2927911,11129964000
2024,4,11710610,삼전동,2779980,7485227000
2024,4,11710620,가락본동,3521561,9467754000
2024,4,11710631,가락1동,4973588,6812030000
2024,4,11710632,가락2동,3910198,6115538000
2024,4,11710641,문정1동,3568357,3976853000
2024,4,11710642,문정2동,4425648,23998555000
2024,4,11710646,장지동,3263464,3638377000
2024,4,11710647,위례동,4202887,4452786000
2024,4,11710650,잠실본동,3079387,18366291000
2024,4,11710670,잠실2동,6352641,3372391000
2024,4,11710680,잠실3동,5452682,9630913000
2024,4,11710690,잠실4동,6007987,1819884000
2024,4,11710710,잠실6동,5237775,40616131000
2024,4,11710720,잠실7동,6014516,384001000
2024,4,11740515,강일동,3073250,3493856000
2024,4,11740520,상일동,3690212,3428408000
2024,4,11740530,명일1동,3540203,7447633000
2024,4,11740540,명일2동,4514278,7014574000
2024,4,11740550,고덕1동,4618641,1862143000
2024,4,11740560,고덕2동,2465499,2961667000
2024,4,11740570,암사1동,2852157,6369883000
2024,4,11740580,암사2동,3688535,2794384000
2024,4,11740590,암사3동,4470889,1667252000
2024,4,11740600,천호1동,2473111,3321068000
2024,4,11740610,천호2동,2749741,67341216000
2024,4,11740620,천호3동,3165328,6112966000
2024,4,11740640,성내1동,3438376,6339866000
2024,4,11740650,성내2동,2824592,7687166000
2024,4,11740660,성내3동,2897346,7579966000
2024,4,11740685,길동,2840603,14089412000
2024,4,11740690,둔촌1동,3596734,22973000
2024,4,11740700,둔촌2동,3414406,4450126000
2025,1,11110515,청운효자동,3780222,2682246000
2025,1,11110530,사직동,5007768,49235459000
2025,1,11110540,삼청동,3442534,2971164000
2025,1,11110550,부암동,3647449,2006364000
2025,1,11110560,평창동,4504006,2600629000
2025,1,11110570,무악동,5136717,2879424000
2025,1,11110580,교남동,4616890,2511152000
2025,1,11110600,가회동,3479766,2640448000
2025,1,11110615,종로1?2?3?4가동,3245251,109679201000
2025,1,11110630,종로5?6가동,2531450,10034245000
2025,1,11110640,이화동,3024996,10810127000
2025,1,11110650,혜화동,3333112,10061923000
2025,1,11110670,창신1동,2393308,2670133000
2025,1,11110680,창신2동,2112817,1187238000
2025,1,11110690,창신3동,3006052,351495000
2025,1,11110700,숭인1동,2868519,910727000
2025,1,11110710,숭인2동,2607311,2277129000
2025,1,11140520,소공동,5380521,2234603430000
2025,1,11140540,회현동,4442451,466395927000
2025,1,11140550,명동,3733600,122815995000
2025,1,11140570,필동,3033044,5148307000
2025,1,11140580,장충동,2895026,2346146000
2025,1,11140590,광희동,3229604,10547836000
2025,1,11140605,을지로동,3082514,137486166000
2025,1,11140615,신당동,2816850,5107757000
2025,1,11140625,다산동,2679845,3467834000
2025,1,11140635,약수동,3894878,2810737000
2025,1,11140645,청구동,3566241,1362525000
2025,1,11140650,신당5동,3027979,2718492000
2025,1,11140665,동화동,3621349,1564224000
2025,1,11140670,황학동,3247840,4227276000
2025,1,11140680,중림동,4435938,2844592000
2025,1,11170510,후암동,3013677,2196724000
2025,1,11170520,용산2가동,2540319,136618871000
2025,1,11170530,남영동,3183091,43688827000
2025,1,11170555,청파동,2608804,3208312000
2025,1,11170560,원효로1동,4450695,2854134000
2025,1,11170570,원효로2동,3817026,1044663000
2025,1,11170580,효창동,3523201,969967000
2025,1,11170590,용문동,3568910,1548812000
2025,1,11170625,한강로동,4948344,31344211000
2025,1,11170630,이촌1동,5974291,2768261000
2025,1,11170640,이촌2동,3596083,379321000
2025,1,11170650,이태원1동,3682946,8616116000
2025,1,11170660,이태원2동,3261019,1717968000
2025,1,11170685,한남동,4381088,11860508000
2025,1,11170690,서빙고동,4208562,1630838000
2025,1,11170700,보광동,2545653,1046075000
2025,1,11200520,왕십리2동,3474994,2099661000
2025,1,11200535,왕십리도선동,4015131,8083563000
2025,1,11200540,마장동,3021967,4867973000
2025,1,11200550,사근동,3099614,5408273000
2025,1,11200560,행당1동,3900841,7711445000
2025,1,11200570,행당2동,4408744,1739514000
2025,1,11200580,응봉동,3858472,452770000
2025,1,11200590,금호1가동,4010011,1301859000
2025,1,11200615,금호2?3가동,3751434,2661878000
2025,1,11200620,금호4가동,4442144,3065594000
2025,1,11200645,옥수동,4836487,3791155000
2025,1,11200650,성수1가1동,3870717,3069821000
2025,1,11200660,성수1가2동,3263294,16160526000
2025,1,11200670,성수2가1동,2900762,7539819000
2025,1,11200690,성수2가3동,3358391,17113402000
2025,1,11200720,송정동,2566462,824501000
2025,1,11200790,용답동,2484354,15612427000
2025,1,11215710,화양동,2470026,19466000000
2025,1,11215730,군자동,2604535,5890205000
2025,1,11215740,중곡1동,2542359,5182812000
2025,1,11215750,중곡2동,2555101,3850986000
2025,1,11215760,중곡3동,2390961,2382641000
2025,1,11215770,중곡4동,2523958,3630673000
2025,1,11215780,능동,2846023,5744545000
2025,1,11215810,광장동,5284540,5462488000
2025,1,11215820,자양1동,2745988,6753305000
2025,1,11215830,자양2동,2999213,3776501000
2025,1,11215840,자양3동,4353416,4693056000
2025,1,11215847,자양4동,2795134,8733109000
2025,1,11215850,구의1동,2683701,4407265000
2025,1,11215860,구의2동,2948328,4774771000
2025,1,11215870,구의3동,4010979,9674505000
2025,1,11230536,용신동,2894254,13391895000
2025,1,11230545,제기동,2792227,11185298000
2025,1,11230560,전농1동,3070695,6497384000
2025,1,11230570,전농2동,3136080,1643764000
2025,1,11230600,답십리1동,3538405,4356263000
2025,1,11230610,답십리2동,3049260,5154591000
2025,1,11230650,장안1동,2863708,11532252000
2025,1,11230660,장안2동,2920490,9616093000
2025,1,11230705,청량리동,2860315,4701440000
2025,1,11230710,회기동,3217279,9677389000
2025,1,11230720,휘경1동,2722774,3840971000
2025,1,11230730,휘경2동,3071586,1938269000
2025,1,11230740,이문1동,3000929,3288495000
2025,1,11230750,이문2동,3137841,1386543000
2025,1,11260520,면목2동,2322173,3247922000
2025,1,11260540,면목4동,2573570,984850000
2025,1,11260550,면목5동,2233073,2602329000
2025,1,11260565,면목본동,2336892,4687874000
2025,1,11260570,면목7동,2655671,4321814000
2025,1,11260575,면목3?8동,2354962,4292725000
2025,1,11260580,상봉1동,2969913,4890853000
2025,1,11260590,상봉2동,2575432,9685450000
2025,1,11260600,중화1동,2518956,1679805000
2025,1,11260610,중화2동,2253552,3904399000
2025,1,11260620,묵1동,3120718,4913289000
2025,1,11260630,묵2동,2533867,3583272000
2025,1,11260655,망우본동,2443681,7005430000
2025,1,11260660,망우3동,2231082,1741578000
2025,1,11260680,신내1동,2780491,5199835000
2025,1,11260690,신내2동,3060535,3788757000
2025,1,11290525,성북동,3470748,3504850000
2025,1,11290555,삼선동,3057377,7123516000
2025,1,11290575,동선동,2821008,11143422000
2025,1,11290580,돈암1동,3583117,966303000
2025,1,11290590,돈암2동,4297592,910725000
2025,1,11290600,안암동,2896471,6356996000
2025,1,11290610,보문동,3162623,2996240000
2025,1,11290620,정릉1동,3341356,1571874000
2025,1,11290630,정릉2동,2934717,3737470000
2025,1,11290640,정릉3동,2482564,2011437000
2025,1,11290650,정릉4동,3038165,3392210000
2025,1,11290660,길음1동,4462339,4669095000
2025,1,11290685,길음2동,3736133,5809124000
2025,1,11290705,종암동,3381883,6534231000
2025,1,11290715,월곡1동,3294213,2736879000
2025,1,11290725,월곡2동,3138026,5537256000
2025,1,11290760,장위1동,2231978,1610648000
2025,1,11290770,장위2동,2411293,2171489000
2025,1,11290780,장위3동,3113825,1440413000
2025,1,11290810,석관동,2864182,6527678000
2025,1,11305534,삼양동,2473211,3475402000
2025,1,11305535,미아동,2318870,5504081000
2025,1,11305545,송중동,2555447,8780792000
2025,1,11305555,송천동,2444557,4457462000
2025,1,11305575,삼각산동,3734477,2560712000
2025,1,11305595,번1동,2303972,7181715000
2025,1,11305603,번2동,2308539,990561000
2025,1,11305608,번3동,2548326,1795925000
2025,1,11305615,수유1동,2220463,4724271000
2025,1,11305625,수유2동,2577008,2178547000
2025,1,11305635,수유3동,2205999,10971539000
2025,1,11305645,우이동,2457144,3314064000
2025,1,11305660,인수동,2359990,2515987000
2025,1,11320511,창1동,3038009,3503136000
2025,1,11320512,창2동,2551630,3286142000
2025,1,11320513,창3동,2229423,1380581000
2025,1,11320514,창4동,3547959,3578079000
2025,1,11320515,창5동,3298026,6182039000
2025,1,11320521,도봉1동,2275377,4693821000
2025,1,11320522,도봉2동,2811820,2521932000
2025,1,11320660,쌍문1동,2440535,1605797000
2025,1,11320670,쌍문2동,2430154,4272247000
2025,1,11320680,쌍문3동,2438072,3049395000
2025,1,11320681,쌍문4동,2968285,1650326000
2025,1,11320690,방학1동,2895702,9202058000
2025,1,11320700,방학2동,2099146,2625129000
2025,1,11320710,방학3동,2962092,1718616000
2025,1,11350560,월계1동,2777397,5361503000
2025,1,11350570,월계2동,2728093,1802523000
2025,1,11350580,월계3동,3110675,7127848000
2025,1,11350595,공릉1동,2786137,13338883000
2025,1,11350600,공릉2동,3394877,7932212000
2025,1,11350611,하계1동,3611061,6948722000
2025,1,11350612,하계2동,3625940,666642000
2025,1,11350619,중계본동,4197248,6369757000
2025,1,11350621,중계1동,4623227,4554245000
2025,1,11350624,중계4동,3196660,6282887000
2025,1,11350625,중계2?3동,2936682,8950911000
2025,1,11350630,상계1동,3030316,8961292000
2025,1,11350640,상계2동,3122902,19134731000
2025,1,11350665,상계3?4동,2644186,1370941000
2025,1,11350670,상계5동,2481440,2450525000
2025,1,11350695,상계6?7동,3152836,15019088000
2025,1,11350700,상계8동,3153561,1698326000
2025,1,11350710,상계9동,2955988,1871796000
2025,1,11350720,상계10동,3132098,1083867000
2025,1,11380510,녹번동,3055864,5119710000
2025,1,11380520,불광1동,3182963,7130157000
2025,1,11380530,불광2동,2396457,4728336000
2025,1,11380551,갈현1동,2481200,5540293000
2025,1,11380552,갈현2동,2539257,6328882000
2025,1,11380560,구산동,2602334,2618811000
2025,1,11380570,대조동,2535013,7872671000
2025,1,11380580,응암1동,2726133,6349851000
2025,1,11380590,응암2동,3510245,1812919000
2025,1,11380600,응암3동,2360910,8366850000
2025,1,11380625,역촌동,2521877,6685357000
2025,1,11380631,신사1동,2637581,4456779000
2025,1,11380632,신사2동,2635300,1307709000
2025,1,11380640,증산동,2838450,2140533000
2025,1,11380650,수색동,3253972,838762000
2025,1,11380690,진관동,4070863,17208470000
2025,1,11410520,천연동,4197718,2622114000
2025,1,11410555,북아현동,4172659,2163734000
2025,1,11410565,충현동,3210231,4032857000
2025,1,11410585,신촌동,3331768,39342255000
2025,1,11410615,연희동,3383749,55520376000
2025,1,11410620,홍제1동,3459117,3585159000
2025,1,11410640,홍제3동,2807766,4165995000
2025,1,11410655,홍제2동,3664523,1652244000
2025,1,11410660,홍은1동,3093859,1361649000
2025,1,11410685,홍은2동,2874442,3429648000
2025,1,11410690,남가좌1동,4622839,3047024000
2025,1,11410700,남가좌2동,3237719,5146574000
2025,1,11410710,북가좌1동,4005416,1843112000
2025,1,11410720,북가좌2동,2590646,3684372000
2025,1,11440555,아현동,5237419,6211264000
2025,1,11440565,공덕동,4047702,5872392000
2025,1,11440585,도화동,4217433,8170201000
2025,1,11440590,용강동,4787212,7481741000
2025,1,11440600,대흥동,3421062,5748998000
2025,1,11440610,염리동,4051438,63572385000
2025,1,11440630,신수동,4157605,2862154000
2025,1,11440655,서강동,4339738,5586515000
2025,1,11440660,서교동,3212258,59548793000
2025,1,11440680,합정동,3195027,9910705000
2025,1,11440690,망원1동,2802536,7768358000
2025,1,11440700,망원2동,2912810,3611508000
2025,1,11440710,연남동,2980162,8413679000
2025,1,11440720,성산1동,2814646,3658154000
2025,1,11440730,성산2동,3521472,7779603000
2025,1,11440740,상암동,4158486,13757673000
2025,1,11470510,목1동,5667672,25908662000
2025,1,11470520,목2동,3244963,4713432000
2025,1,11470530,목3동,3101712,6468009000
2025,1,11470540,목4동,3426858,5264881000
2025,1,11470550,목5동,5987821,13254328000
2025,1,11470560,신월1동,2227154,3917536000
2025,1,11470570,신월2동,2727225,2917989000
2025,1,11470580,신월3동,2152244,2442662000
2025,1,11470590,신월4동,2639083,3133645000
2025,1,11470600,신월5동,2615553,3305664000
2025,1,11470610,신월6동,2857257,2402718000
2025,1,11470611,신월7동,2343943,2038196000
2025,1,11470620,신정1동,5046256,4030359000
2025,1,11470630,신정2동,4725315,4137844000
2025,1,11470640,신정3동,3158844,5227228000
2025,1,11470650,신정4동,2609700,10009084000
2025,1,11470670,신정6동,5384412,2777243000
2025,1,11470680,신정7동,4094404,4386608000
2025,1,11500510,염창동,4127504,6589194000
2025,1,11500520,등촌1동,3322838,5283575000
2025,1,11500530,등촌2동,3352636,2345377000
2025,1,11500535,등촌3동,3403390,8816822000
2025,1,11500540,화곡1동,2485455,11374738000
2025,1,11500550,화곡2동,2385531,1875071000
2025,1,11500560,화곡3동,3132782,4439817000
2025,1,11500570,화곡4동,2423768,4648210000
2025,1,11500590,화곡본동,2398795,5996784000
2025,1,11500591,화곡6동,3040513,7460895000
2025,1,11500593,화곡8동,2473381,4454543000
2025,1,11500603,가양1동,3560388,104516276000
2025,1,11500604,가양2동,3065320,3006976000
2025,1,11500605,가양3동,3047051,559841000
2025,1,11500611,발산1동,3192517,24726089000
2025,1,11500615,우장산동,4135674,6998057000
2025,1,11500620,공항동,2896818,7346038000
2025,1,11500630,방화1동,3407916,7119946000
2025,1,11500640,방화2동,2708397,8891747000
2025,1,11500641,방화3동,3044446,1608159000
2025,1,11530510,신도림동,4380318,11205286000
2025,1,11530520,구로1동,3368067,1782259000
2025,1,11530530,구로2동,2453690,13965332000
2025,1,11530540,구로3동,2888444,1785634697000
2025,1,11530550,구로4동,2617060,5522567000
2025,1,11530560,구로5동,3213284,18253870000
2025,1,11530595,가리봉동,2336331,1409132000
2025,1,11530720,고척1동,2972418,6857932000
2025,1,11530730,고척2동,2882639,3233925000
2025,1,11530740,개봉1동,2805757,4746819000
2025,1,11530750,개봉2동,3068971,3348912000
2025,1,11530760,개봉3동,2512790,2801887000
2025,1,11530770,오류1동,2574851,3741719000
2025,1,11530780,오류2동,2781178,3880368000
2025,1,11530790,수궁동,2682295,2605395000
2025,1,11530800,항동,3007261,1098741000
2025,1,11545510,가산동,2567594,35943050000
2025,1,11545610,독산1동,3000453,9573172000
2025,1,11545620,독산2동,2251577,2660097000
2025,1,11545630,독산3동,2386851,4688002000
2025,1,11545640,독산4동,2255044,1931745000
2025,1,11545670,시흥1동,2757307,9973939000
2025,1,11545680,시흥2동,3181421,742027000
2025,1,11545690,시흥3동,2516251,1387223000
2025,1,11545700,시흥4동,2405620,1261009000
2025,1,11545710,시흥5동,2375052,1583474000
2025,1,11560515,영등포본동,3286751,3837728000
2025,1,11560535,영등포동,3570107,31210974000
2025,1,11560540,여의동,5590853,125977296000
2025,1,11560550,당산1동,3536432,6337686000
2025,1,11560560,당산2동,4130932,8141109000
2025,1,11560585,도림동,3031484,2434597000
2025,1,11560605,문래동,4019445,1374381407000
2025,1,11560610,양평1동,3508250,3911921000
2025,1,11560620,양평2동,3672088,13457180000
2025,1,11560630,신길1동,2780044,4187583000
2025,1,11560650,신길3동,3085442,3453375000
2025,1,11560660,신길4동,2717791,977052000
2025,1,11560670,신길5동,2656511,1823306000
2025,1,11560680,신길6동,2954616,4773262000
2025,1,11560690,신길7동,3616070,2791791000
2025,1,11560700,대림1동,2582442,5033227000
2025,1,11560710,대림2동,2686240,4478590000
2025,1,11560720,대림3동,2907933,7446652000
2025,1,11590510,노량진1동,3583099,6771623000
2025,1,11590520,노량진2동,2420761,6623041000
2025,1,11590530,상도1동,3875896,7313633000
2025,1,11590540,상도2동,3826699,4321858000
2025,1,11590550,상도3동,2575897,4872020000
2025,1,11590560,상도4동,2563258,2245087000
2025,1,11590605,흑석동,4224946,9834560000
2025,1,11590620,사당1동,2855173,9095091000
2025,1,11590630,사당2동,3884988,9003069000
2025,1,11590640,사당3동,3890035,2974853000
2025,1,11590650,사당4동,2844168,2281112000
2025,1,11590651,사당5동,3047661,876259000
2025,1,11590660,대방동,3524765,6365173000
2025,1,11590670,신대방1동,3845094,3337377000
2025,1,11590680,신대방2동,3340157,83610333000
2025,1,11620525,보라매동,2529995,13915199000
2025,1,11620545,청림동,3682775,1160686000
2025,1,11620565,성현동,3455108,1449328000
2025,1,11620575,행운동,2889475,6198842000
2025,1,11620585,낙성대동,3225725,8868798000
2025,1,11620595,청룡동,2768161,8638168000
2025,1,11620605,은천동,3063077,6271154000
2025,1,11620615,중앙동,2633493,5860073000
2025,1,11620625,인헌동,2783693,4186581000
2025,1,11620630,남현동,3234026,6079357000
2025,1,11620645,서원동,2412001,12769777000
2025,1,11620655,신원동,2403237,2042199000
2025,1,11620665,서림동,2530625,2447098000
2025,1,11620685,신사동,2430662,3665864000
2025,1,11620695,신림동,2434279,8866716000
2025,1,11620715,난향동,3262195,700996000
2025,1,11620725,조원동,2523192,6666390000
2025,1,11620735,대학동,2622408,6797414000
2025,1,11620745,삼성동,2593695,1812331000
2025,1,11620765,미성동,2676537,3578127000
2025,1,11620775,난곡동,2268676,2737512000
2025,1,11650510,서초1동,4769119,10603693000
2025,1,11650520,서초2동,5196131,180029839000
2025,1,11650530,서초3동,4678950,234087684000
2025,1,11650531,서초4동,6475383,36588336000
2025,1,11650540,잠원동,5458458,10113484000
2025,1,11650550,반포본동,5583021,433333000
2025,1,11650560,반포1동,5338302,8643595000
2025,1,11650570,반포2동,6812331,1864719000
2025,1,11650580,반포3동,6140775,4859746000
2025,1,11650581,반포4동,5280483,29115333000
2025,1,11650590,방배본동,4856162,18763334000
2025,1,11650600,방배1동,4069239,6131943000
2025,1,11650610,방배2동,3864301,81401143000
2025,1,11650620,방배3동,4681587,4526093000
2025,1,11650621,방배4동,4557937,6318868000
2025,1,11650651,양재1동,4173236,10602660000
2025,1,11650652,양재2동,3222382,9664577000
2025,1,11650660,내곡동,4047063,2619632000
2025,1,11680510,신사동,5099915,39414790000
2025,1,11680521,논현1동,3277066,38814874000
2025,1,11680531,논현2동,3973993,24831276000
2025,1,11680545,압구정동,5808537,39903438000
2025,1,11680565,청담동,5010204,29143899000
2025,1,11680580,삼성1동,5098096,33896929000
2025,1,11680590,삼성2동,5055114,15226377000
2025,1,11680600,대치1동,7421305,12584123000
2025,1,11680610,대치2동,6017362,25285787000
2025,1,11680630,대치4동,4101144,182338237000
2025,1,11680640,역삼1동,3607265,1261210999000
2025,1,11680650,역삼2동,5367397,698964532000
2025,1,11680655,도곡1동,5412484,33884048000
2025,1,11680656,도곡2동,6567504,66590430000
2025,1,11680660,개포1동,5336373,380817000
2025,1,11680670,개포2동,5195802,2308596000
2025,1,11680690,개포4동,3550527,3443490000
2025,1,11680700,세곡동,3885403,5566489000
2025,1,11680720,일원본동,5444886,4478902000
2025,1,11680730,일원1동,3022931,2469883000
2025,1,11680740,일원2동,4553185,1253926000
2025,1,11680750,수서동,3847379,136795174000
2025,1,11710510,풍납1동,3011150,1462999000
2025,1,11710520,풍납2동,3891704,4891630000
2025,1,11710531,거여1동,2789100,1796555000
2025,1,11710532,거여2동,3033238,3306888000
2025,1,11710540,마천1동,2435636,1384467000
2025,1,11710550,마천2동,2339431,3904680000
2025,1,11710561,방이1동,3970520,5592505000
2025,1,11710562,방이2동,2928271,157977180000
2025,1,11710566,오륜동,6095160,2390415000
2025,1,11710570,오금동,3510674,6578543000
2025,1,11710580,송파1동,3129216,9223085000
2025,1,11710590,송파2동,4370970,3014994000
2025,1,11710600,석촌동,2927911,10805065000
2025,1,11710610,삼전동,2779980,7249528000
2025,1,11710620,가락본동,3521561,9110295000
2025,1,11710631,가락1동,4973588,6486759000
2025,1,11710632,가락2동,3910198,5915456000
2025,1,11710641,문정1동,3568357,3561807000
2025,1,11710642,문정2동,4425648,21086984000
2025,1,11710646,장지동,3263464,3475234000
2025,1,11710647,위례동,4202887,4213526000
2025,1,11710650,잠실본동,3079387,18050352000
2025,1,11710670,잠실2동,6352641,3220268000
2025,1,11710680,잠실3동,5452682,9568042000
2025,1,11710690,잠실4동,6007987,1738125000
2025,1,11710710,잠실6동,5237775,36182062000
2025,1,11710720,잠실7동,6014516,383632000
2025,1,11740515,강일동,3073250,3336062000
2025,1,11740520,상일동,3690212,3365167000
2025,1,11740530,명일1동,3540203,7166806000
2025,1,11740540,명일2동,4514278,7144394000
2025,1,11740550,고덕1동,4618641,1782849000
2025,1,11740560,고덕2동,2465499,2847936000
2025,1,11740570,암사1동,2852157,6380239000
2025,1,11740580,암사2동,3688535,2650866000
2025,1,11740590,암사3동,4470889,1615810000
2025,1,11740600,천호1동,2473111,3141945000
2025,1,11740610,천호2동,2749741,74406137000
2025,1,11740620,천호3동,3165328,6075566000
2025,1,11740640,성내1동,3438376,5731700000
2025,1,11740650,성내2동,2824592,7237520000
2025,1,11740660,성내3동,2897346,7885761000
2025,1,11740685,길동,2840603,13400194000
2025,1,11740690,둔촌1동,3596734,17286000
2025,1,11740700,둔촌2동,3414406,4145223000
2025,2,11110515,청운효자동,3780222,3218973000
2025,2,11110530,사직동,5007768,52045586000
2025,2,11110540,삼청동,3442534,4248733000
2025,2,11110550,부암동,3647449,1807875000
2025,2,11110560,평창동,4504006,2763715000
2025,2,11110570,무악동,5136717,3362605000
2025,2,11110580,교남동,4616890,2562158000
2025,2,11110600,가회동,3479766,3213139000
2025,2,11110615,종로1?2?3?4가동,3245251,110293137000
2025,2,11110630,종로5?6가동,2531450,11240529000
2025,2,11110640,이화동,3024996,7429760000
2025,2,11110650,혜화동,3333112,10242714000
2025,2,11110670,창신1동,2393308,2806172000
2025,2,11110680,창신2동,2112817,1207891000
2025,2,11110690,창신3동,3006052,384074000
2025,2,11110700,숭인1동,2868519,979650000
2025,2,11110710,숭인2동,2607311,2368621000
2025,2,11140520,소공동,5380521,2291233436000
2025,2,11140540,회현동,4442451,495616908000
2025,2,11140550,명동,3733600,123647644000
2025,2,11140570,필동,3033044,6077770000
2025,2,11140580,장충동,2895026,2323546000
2025,2,11140590,광희동,3229604,10971444000
2025,2,11140605,을지로동,3082514,144508409000
2025,2,11140615,신당동,2816850,5336002000
2025,2,11140625,다산동,2679845,3614198000
2025,2,11140635,약수동,3894878,2974760000
2025,2,11140645,청구동,3566241,1265401000
2025,2,11140650,신당5동,3027979,3050976000
2025,2,11140665,동화동,3621349,1651781000
2025,2,11140670,황학동,3247840,4274968000
2025,2,11140680,중림동,4435938,2908626000
2025,2,11170510,후암동,3013677,2387977000
2025,2,11170520,용산2가동,2540319,144438515000
2025,2,11170530,남영동,3183091,43776727000
2025,2,11170555,청파동,2608804,3391782000
2025,2,11170560,원효로1동,4450695,3080058000
2025,2,11170570,원효로2동,3817026,1092863000
2025,2,11170580,효창동,3523201,1062944000
2025,2,11170590,용문동,3568910,1570394000
2025,2,11170625,한강로동,4948344,32481663000
2025,2,11170630,이촌1동,5974291,2870354000
2025,2,11170640,이촌2동,3596083,566611000
2025,2,11170650,이태원1동,3682946,9193530000
2025,2,11170660,이태원2동,3261019,1976327000
2025,2,11170685,한남동,4381088,11910057000
2025,2,11170690,서빙고동,4208562,1780560000
2025,2,11170700,보광동,2545653,1179169000
2025,2,11200520,왕십리2동,3474994,2311076000
2025,2,11200535,왕십리도선동,4015131,8161816000
2025,2,11200540,마장동,3021967,4340281000
2025,2,11200550,사근동,3099614,5964697000
2025,2,11200560,행당1동,3900841,7698584000
2025,2,11200570,행당2동,4408744,1729545000
2025,2,11200580,응봉동,3858472,533593000
2025,2,11200590,금호1가동,4010011,1449953000
2025,2,11200615,금호2?3가동,3751434,2681063000
2025,2,11200620,금호4가동,4442144,3180049000
2025,2,11200645,옥수동,4836487,3907100000
2025,2,11200650,성수1가1동,3870717,3519544000
2025,2,11200660,성수1가2동,3263294,21137241000
2025,2,11200670,성수2가1동,2900762,8173988000
2025,2,11200690,성수2가3동,3358391,17671750000
2025,2,11200720,송정동,2566462,936167000
2025,2,11200790,용답동,2484354,18217960000
2025,2,11215710,화양동,2470026,19824623000
2025,2,11215730,군자동,2604535,6926443000
2025,2,11215740,중곡1동,2542359,5332756000
2025,2,11215750,중곡2동,2555101,3859349000
2025,2,11215760,중곡3동,2390961,2412098000
2025,2,11215770,중곡4동,2523958,3943679000
2025,2,11215780,능동,2846023,6302981000
2025,2,11215810,광장동,5284540,5989089000
2025,2,11215820,자양1동,2745988,6893344000
2025,2,11215830,자양2동,2999213,3977076000
2025,2,11215840,자양3동,4353416,4927570000
2025,2,11215847,자양4동,2795134,8679329000
2025,2,11215850,구의1동,2683701,4584612000
2025,2,11215860,구의2동,2948328,4796183000
2025,2,11215870,구의3동,4010979,10179693000
2025,2,11230536,용신동,2894254,13330698000
2025,2,11230545,제기동,2792227,11112713000
2025,2,11230560,전농1동,3070695,6606609000
2025,2,11230570,전농2동,3136080,1703080000
2025,2,11230600,답십리1동,3538405,4521004000
2025,2,11230610,답십리2동,3049260,5150044000
2025,2,11230650,장안1동,2863708,12421810000
2025,2,11230660,장안2동,2920490,9902490000
2025,2,11230705,청량리동,2860315,4928729000
2025,2,11230710,회기동,3217279,10485490000
2025,2,11230720,휘경1동,2722774,3921608000
2025,2,11230730,휘경2동,3071586,2123160000
2025,2,11230740,이문1동,3000929,3698091000
2025,2,11230750,이문2동,3137841,1469420000
2025,2,11260520,면목2동,2322173,3433027000
2025,2,11260540,면목4동,2573570,1075233000
2025,2,11260550,면목5동,2233073,2510755000
2025,2,11260565,면목본동,2336892,4861078000
2025,2,11260570,면목7동,2655671,4406838000
2025,2,11260575,면목3?8동,2354962,4567978000
2025,2,11260580,상봉1동,2969913,4865381000
2025,2,11260590,상봉2동,2575432,9532650000
2025,2,11260600,중화1동,2518956,1743481000
2025,2,11260610,중화2동,2253552,4073238000
2025,2,11260620,묵1동,3120718,4963654000
2025,2,11260630,묵2동,2533867,3853389000
2025,2,11260655,망우본동,2443681,6944144000
2025,2,11260660,망우3동,2231082,1854041000
2025,2,11260680,신내1동,2780491,5603033000
2025,2,11260690,신내2동,3060535,3934106000
2025,2,11290525,성북동,3470748,3976084000
2025,2,11290555,삼선동,3057377,7555853000
2025,2,11290575,동선동,2821008,11307843000
2025,2,11290580,돈암1동,3583117,938970000
2025,2,11290590,돈암2동,4297592,906644000
2025,2,11290600,안암동,2896471,7344145000
2025,2,11290610,보문동,3162623,3159227000
2025,2,11290620,정릉1동,3341356,1571184000
2025,2,11290630,정릉2동,2934717,3761120000
2025,2,11290640,정릉3동,2482564,2460433000
2025,2,11290650,정릉4동,3038165,3657743000
2025,2,11290660,길음1동,4462339,4604628000
2025,2,11290685,길음2동,3736133,5928753000
2025,2,11290705,종암동,3381883,7004272000
2025,2,11290715,월곡1동,3294213,2840724000
2025,2,11290725,월곡2동,3138026,5859069000
2025,2,11290760,장위1동,2231978,1688362000
2025,2,11290770,장위2동,2411293,2296880000
2025,2,11290780,장위3동,3113825,1573487000
2025,2,11290810,석관동,2864182,5948135000
2025,2,11305534,삼양동,2473211,3473969000
2025,2,11305535,미아동,2318870,5809070000
2025,2,11305545,송중동,2555447,8753210000
2025,2,11305555,송천동,2444557,4537078000
2025,2,11305575,삼각산동,3734477,2561183000
2025,2,11305595,번1동,2303972,7360055000
2025,2,11305603,번2동,2308539,1125952000
2025,2,11305608,번3동,2548326,1921508000
2025,2,11305615,수유1동,2220463,4739257000
2025,2,11305625,수유2동,2577008,2209043000
2025,2,11305635,수유3동,2205999,11136030000
2025,2,11305645,우이동,2457144,3871091000
2025,2,11305660,인수동,2359990,2606073000
2025,2,11320511,창1동,3038009,3687588000
2025,2,11320512,창2동,2551630,3325469000
2025,2,11320513,창3동,2229423,1420118000
2025,2,11320514,창4동,3547959,3882268000
2025,2,11320515,창5동,3298026,6446807000
2025,2,11320521,도봉1동,2275377,5105168000
2025,2,11320522,도봉2동,2811820,2702925000
2025,2,11320660,쌍문1동,2440535,1945903000
2025,2,11320670,쌍문2동,2430154,4240479000
2025,2,11320680,쌍문3동,2438072,3147305000
2025,2,11320681,쌍문4동,2968285,1712344000
2025,2,11320690,방학1동,2895702,9369884000
2025,2,11320700,방학2동,2099146,2490778000
2025,2,11320710,방학3동,2962092,1902715000
2025,2,11350560,월계1동,2777397,5615548000
2025,2,11350570,월계2동,2728093,1848664000
2025,2,11350580,월계3동,3110675,6779053000
2025,2,11350595,공릉1동,2786137,13987853000
2025,2,11350600,공릉2동,3394877,8739161000
2025,2,11350611,하계1동,3611061,7562337000
2025,2,11350612,하계2동,3625940,687956000
2025,2,11350619,중계본동,4197248,6438892000
2025,2,11350621,중계1동,4623227,4648973000
2025,2,11350624,중계4동,3196660,6624252000
2025,2,11350625,중계2?3동,2936682,9017735000
2025,2,11350630,상계1동,3030316,9059824000
2025,2,11350640,상계2동,3122902,18961913000
2025,2,11350665,상계3?4동,2644186,1415708000
2025,2,11350670,상계5동,2481440,2498850000
2025,2,11350695,상계6?7동,3152836,15256411000
2025,2,11350700,상계8동,3153561,1752556000
2025,2,11350710,상계9동,2955988,1866638000
2025,2,11350720,상계10동,3132098,1073973000
2025,2,11380510,녹번동,3055864,5363575000
2025,2,11380520,불광1동,3182963,6964416000
2025,2,11380530,불광2동,2396457,5007434000
2025,2,11380551,갈현1동,2481200,5360227000
2025,2,11380552,갈현2동,2539257,6272688000
2025,2,11380560,구산동,2602334,2691473000
2025,2,11380570,대조동,2535013,7979217000
2025,2,11380580,응암1동,2726133,6573786000
2025,2,11380590,응암2동,3510245,1725339000
2025,2,11380600,응암3동,2360910,8405183000
2025,2,11380625,역촌동,2521877,7193347000
2025,2,11380631,신사1동,2637581,4597338000
2025,2,11380632,신사2동,2635300,1472705000
2025,2,11380640,증산동,2838450,2218746000
2025,2,11380650,수색동,3253972,859829000
2025,2,11380690,진관동,4070863,17914553000
2025,2,11410520,천연동,4197718,2587210000
2025,2,11410555,북아현동,4172659,2351985000
2025,2,11410565,충현동,3210231,4012084000
2025,2,11410585,신촌동,3331768,40939815000
2025,2,11410615,연희동,3383749,53797250000
2025,2,11410620,홍제1동,3459117,3422474000
2025,2,11410640,홍제3동,2807766,4329239000
2025,2,11410655,홍제2동,3664523,1595962000
2025,2,11410660,홍은1동,3093859,1372276000
2025,2,11410685,홍은2동,2874442,3753510000
2025,2,11410690,남가좌1동,4622839,3022478000
2025,2,11410700,남가좌2동,3237719,5709985000
2025,2,11410710,북가좌1동,4005416,2028828000
2025,2,11410720,북가좌2동,2590646,3846880000
2025,2,11440555,아현동,5237419,6242724000
2025,2,11440565,공덕동,4047702,5554179000
2025,2,11440585,도화동,4217433,7965758000
2025,2,11440590,용강동,4787212,7401550000
2025,2,11440600,대흥동,3421062,6187669000
2025,2,11440610,염리동,4051438,71014555000
2025,2,11440630,신수동,4157605,3070229000
2025,2,11440655,서강동,4339738,6285663000
2025,2,11440660,서교동,3212258,58705970000
2025,2,11440680,합정동,3195027,9818480000
2025,2,11440690,망원1동,2802536,7949072000
2025,2,11440700,망원2동,2912810,3746173000
2025,2,11440710,연남동,2980162,8055232000
2025,2,11440720,성산1동,2814646,3618084000
2025,2,11440730,성산2동,3521472,8110788000
2025,2,11440740,상암동,4158486,14123091000
2025,2,11470510,목1동,5667672,25892186000
2025,2,11470520,목2동,3244963,4484778000
2025,2,11470530,목3동,3101712,6431554000
2025,2,11470540,목4동,3426858,5284867000
2025,2,11470550,목5동,5987821,13621261000
2025,2,11470560,신월1동,2227154,3845001000
2025,2,11470570,신월2동,2727225,2925659000
2025,2,11470580,신월3동,2152244,2501425000
2025,2,11470590,신월4동,2639083,3460210000
2025,2,11470600,신월5동,2615553,3400146000
2025,2,11470610,신월6동,2857257,2495970000
2025,2,11470611,신월7동,2343943,2118636000
2025,2,11470620,신정1동,5046256,4283077000
2025,2,11470630,신정2동,4725315,4228352000
2025,2,11470640,신정3동,3158844,5196657000
2025,2,11470650,신정4동,2609700,10381372000
2025,2,11470670,신정6동,5384412,2821355000
2025,2,11470680,신정7동,4094404,4289033000
2025,2,11500510,염창동,4127504,6958738000
2025,2,11500520,등촌1동,3322838,5605421000
2025,2,11500530,등촌2동,3352636,2421803000
2025,2,11500535,등촌3동,3403390,8681202000
2025,2,11500540,화곡1동,2485455,11650858000
2025,2,11500550,화곡2동,2385531,2167440000
2025,2,11500560,화곡3동,3132782,4460019000
2025,2,11500570,화곡4동,2423768,4426531000
2025,2,11500590,화곡본동,2398795,5941685000
2025,2,11500591,화곡6동,3040513,7511842000
2025,2,11500593,화곡8동,2473381,4571123000
2025,2,11500603,가양1동,3560388,98057216000
2025,2,11500604,가양2동,3065320,3005030000
2025,2,11500605,가양3동,3047051,527073000
2025,2,11500611,발산1동,3192517,24633851000
2025,2,11500615,우장산동,4135674,7091758000
2025,2,11500620,공항동,2896818,8036535000
2025,2,11500630,방화1동,3407916,7014628000
2025,2,11500640,방화2동,2708397,9074592000
2025,2,11500641,방화3동,3044446,1760284000
2025,2,11530510,신도림동,4380318,11581985000
2025,2,11530520,구로1동,3368067,1837576000
2025,2,11530530,구로2동,2453690,15015066000
2025,2,11530540,구로3동,2888444,1897449979000
2025,2,11530550,구로4동,2617060,5513766000
2025,2,11530560,구로5동,3213284,18764313000
2025,2,11530595,가리봉동,2336331,1471331000
2025,2,11530720,고척1동,2972418,7524946000
2025,2,11530730,고척2동,2882639,3220297000
2025,2,11530740,개봉1동,2805757,4779914000
2025,2,11530750,개봉2동,3068971,3491691000
2025,2,11530760,개봉3동,2512790,2941460000
2025,2,11530770,오류1동,2574851,3580245000
2025,2,11530780,오류2동,2781178,3898537000
2025,2,11530790,수궁동,2682295,2526503000
2025,2,11530800,항동,3007261,1240287000
2025,2,11545510,가산동,2567594,36930718000
2025,2,11545610,독산1동,3000453,9624394000
2025,2,11545620,독산2동,2251577,2752094000
2025,2,11545630,독산3동,2386851,4850599000
2025,2,11545640,독산4동,2255044,1982919000
2025,2,11545670,시흥1동,2757307,9975122000
2025,2,11545680,시흥2동,3181421,782078000
2025,2,11545690,시흥3동,2516251,1530380000
2025,2,11545700,시흥4동,2405620,1304082000
2025,2,11545710,시흥5동,2375052,1873944000
2025,2,11560515,영등포본동,3286751,3925765000
2025,2,11560535,영등포동,3570107,29287290000
2025,2,11560540,여의동,5590853,178389194000
2025,2,11560550,당산1동,3536432,6192886000
2025,2,11560560,당산2동,4130932,8595300000
2025,2,11560585,도림동,3031484,2394505000
2025,2,11560605,문래동,4019445,1507031095000
2025,2,11560610,양평1동,3508250,4216299000
2025,2,11560620,양평2동,3672088,13781786000
2025,2,11560630,신길1동,2780044,4286666000
2025,2,11560650,신길3동,3085442,3514862000
2025,2,11560660,신길4동,2717791,962174000
2025,2,11560670,신길5동,2656511,1852152000
2025,2,11560680,신길6동,2954616,5007598000
2025,2,11560690,신길7동,3616070,2694284000
2025,2,11560700,대림1동,2582442,4994276000
2025,2,11560710,대림2동,2686240,4381851000
2025,2,11560720,대림3동,2907933,7150438000
2025,2,11590510,노량진1동,3583099,7001046000
2025,2,11590520,노량진2동,2420761,5715399000
2025,2,11590530,상도1동,3875896,8287529000
2025,2,11590540,상도2동,3826699,4419453000
2025,2,11590550,상도3동,2575897,4855478000
2025,2,11590560,상도4동,2563258,2305065000
2025,2,11590605,흑석동,4224946,10766483000
2025,2,11590620,사당1동,2855173,9206392000
2025,2,11590630,사당2동,3884988,8901115000
2025,2,11590640,사당3동,3890035,3012001000
2025,2,11590650,사당4동,2844168,2313602000
2025,2,11590651,사당5동,3047661,937530000
2025,2,11590660,대방동,3524765,6886139000
2025,2,11590670,신대방1동,3845094,3414281000
2025,2,11590680,신대방2동,3340157,89909957000
2025,2,11620525,보라매동,2529995,13692062000
2025,2,11620545,청림동,3682775,1038083000
2025,2,11620565,성현동,3455108,1516196000
2025,2,11620575,행운동,2889475,6291242000
2025,2,11620585,낙성대동,3225725,9031482000
2025,2,11620595,청룡동,2768161,8556745000
2025,2,11620605,은천동,3063077,6436120000
2025,2,11620615,중앙동,2633493,5767999000
2025,2,11620625,인헌동,2783693,4076915000
2025,2,11620630,남현동,3234026,6155654000
2025,2,11620645,서원동,2412001,12606923000
2025,2,11620655,신원동,2403237,2076269000
2025,2,11620665,서림동,2530625,2551984000
2025,2,11620685,신사동,2430662,3648903000
2025,2,11620695,신림동,2434279,8938968000
2025,2,11620715,난향동,3262195,696345000
2025,2,11620725,조원동,2523192,6902955000
2025,2,11620735,대학동,2622408,7440301000
2025,2,11620745,삼성동,2593695,1862462000
2025,2,11620765,미성동,2676537,3670993000
2025,2,11620775,난곡동,2268676,2755412000
2025,2,11650510,서초1동,4769119,10723402000
2025,2,11650520,서초2동,5196131,177519369000
2025,2,11650530,서초3동,4678950,217082205000
2025,2,11650531,서초4동,6475383,31618373000
2025,2,11650540,잠원동,5458458,8955319000
2025,2,11650550,반포본동,5583021,418603000
2025,2,11650560,반포1동,5338302,9001129000
2025,2,11650570,반포2동,6812331,2138573000
2025,2,11650580,반포3동,6140775,5377444000
2025,2,11650581,반포4동,5280483,28946429000
2025,2,11650590,방배본동,4856162,19444062000
2025,2,11650600,방배1동,4069239,6620417000
2025,2,11650610,방배2동,3864301,84323364000
2025,2,11650620,방배3동,4681587,4535594000
2025,2,11650621,방배4동,4557937,6645062000
2025,2,11650651,양재1동,4173236,10647826000
2025,2,11650652,양재2동,3222382,10397451000
2025,2,11650660,내곡동,4047063,2956675000
2025,2,11680510,신사동,5099915,36092475000
2025,2,11680521,논현1동,3277066,34451471000
2025,2,11680531,논현2동,3973993,25173159000
2025,2,11680545,압구정동,5808537,37808098000
2025,2,11680565,청담동,5010204,29562438000
2025,2,11680580,삼성1동,5098096,35204453000
2025,2,11680590,삼성2동,5055114,16156411000
2025,2,11680600,대치1동,7421305,12748596000
2025,2,11680610,대치2동,6017362,25854831000
2025,2,11680630,대치4동,4101144,186417472000
2025,2,11680640,역삼1동,3607265,1291276952000
2025,2,11680650,역삼2동,5367397,685055577000
2025,2,11680655,도곡1동,5412484,32862309000
2025,2,11680656,도곡2동,6567504,72587265000
2025,2,11680660,개포1동,5336373,403999000
2025,2,11680670,개포2동,5195802,2369091000
2025,2,11680690,개포4동,3550527,3480084000
2025,2,11680700,세곡동,3885403,5631886000
2025,2,11680720,일원본동,5444886,4836273000
2025,2,11680730,일원1동,3022931,2651081000
2025,2,11680740,일원2동,4553185,1262437000
2025,2,11680750,수서동,3847379,148376261000
2025,2,11710510,풍납1동,3011150,1657869000
2025,2,11710520,풍납2동,3891704,5281906000
2025,2,11710531,거여1동,2789100,1884445000
2025,2,11710532,거여2동,3033238,3337369000
2025,2,11710540,마천1동,2435636,1351707000
2025,2,11710550,마천2동,2339431,3920654000
2025,2,11710561,방이1동,3970520,5442767000
2025,2,11710562,방이2동,2928271,145525938000
2025,2,11710566,오륜동,6095160,2619164000
2025,2,11710570,오금동,3510674,6834882000
2025,2,11710580,송파1동,3129216,9821353000
2025,2,11710590,송파2동,4370970,2946589000
2025,2,11710600,석촌동,2927911,11339485000
2025,2,11710610,삼전동,2779980,7544178000
2025,2,11710620,가락본동,3521561,9572333000
2025,2,11710631,가락1동,4973588,5857257000
2025,2,11710632,가락2동,3910198,6133916000
2025,2,11710641,문정1동,3568357,3504546000
2025,2,11710642,문정2동,4425648,21804423000
2025,2,11710646,장지동,3263464,3673038000
2025,2,11710647,위례동,4202887,4251934000
2025,2,11710650,잠실본동,3079387,18428393000
2025,2,11710670,잠실2동,6352641,3842603000
2025,2,11710680,잠실3동,5452682,8958533000
2025,2,11710690,잠실4동,6007987,1769561000
2025,2,11710710,잠실6동,5237775,38362932000
2025,2,11710720,잠실7동,6014516,574892000
2025,2,11740515,강일동,3073250,3341937000
2025,2,11740520,상일동,3690212,3550203000
2025,2,11740530,명일1동,3540203,7161153000
2025,2,11740540,명일2동,4514278,6957488000
2025,2,11740550,고덕1동,4618641,1787083000
2025,2,11740560,고덕2동,2465499,2906279000
2025,2,11740570,암사1동,2852157,6590865000
2025,2,11740580,암사2동,3688535,2718112000
2025,2,11740590,암사3동,4470889,1772582000
2025,2,11740600,천호1동,2473111,3225553000
2025,2,11740610,천호2동,2749741,68872671000
2025,2,11740620,천호3동,3165328,6216979000
2025,2,11740640,성내1동,3438376,5947798000
2025,2,11740650,성내2동,2824592,7265219000
2025,2,11740660,성내3동,2897346,7798095000
2025,2,11740685,길동,2840603,12462276000
2025,2,11740690,둔촌1동,3596734,19872000
2025,2,11740700,둔촌2동,3414406,4441893000
2025,3,11110515,청운효자동,3780222,2758183000
2025,3,11110530,사직동,5007768,55435566000
2025,3,11110540,삼청동,3442534,3407991000
2025,3,11110550,부암동,3647449,2598566000
2025,3,11110560,평창동,4504006,2682102000
2025,3,11110570,무악동,5136717,3360487000
2025,3,11110580,교남동,4616890,2658282000
2025,3,11110600,가회동,3479766,2903579000
2025,3,11110615,종로1?2?3?4가동,3245251,110749470000
2025,3,11110630,종로5?6가동,2531450,10956403000
2025,3,11110640,이화동,3024996,10927840000
2025,3,11110650,혜화동,3333112,10539647000
2025,3,11110670,창신1동,2393308,2764439000
2025,3,11110680,창신2동,2112817,1215629000
2025,3,11110690,창신3동,3006052,367435000
2025,3,11110700,숭인1동,2868519,989995000
2025,3,11110710,숭인2동,2607311,2240949000
2025,3,11140520,소공동,5380521,2581485761000
2025,3,11140540,회현동,4442451,479724063000
2025,3,11140550,명동,3733600,118914581000
2025,3,11140570,필동,3033044,5317460000
2025,3,11140580,장충동,2895026,2427216000
2025,3,11140590,광희동,3229604,10810390000
2025,3,11140605,을지로동,3082514,162046586000
2025,3,11140615,신당동,2816850,5357520000
2025,3,11140625,다산동,2679845,3664251000
2025,3,11140635,약수동,3894878,2993041000
2025,3,11140645,청구동,3566241,1128070000
2025,3,11140650,신당5동,3027979,2884710000
2025,3,11140665,동화동,3621349,1619543000
2025,3,11140670,황학동,3247840,4153437000
2025,3,11140680,중림동,4435938,2918351000
2025,3,11170510,후암동,3013677,2310768000
2025,3,11170520,용산2가동,2540319,161164145000
2025,3,11170530,남영동,3183091,57042862000
2025,3,11170555,청파동,2608804,3157456000
2025,3,11170560,원효로1동,4450695,2982958000
2025,3,11170570,원효로2동,3817026,1129268000
2025,3,11170580,효창동,3523201,1016844000
2025,3,11170590,용문동,3568910,1531946000
2025,3,11170625,한강로동,4948344,37407771000
2025,3,11170630,이촌1동,5974291,3005710000
2025,3,11170640,이촌2동,3596083,462725000
2025,3,11170650,이태원1동,3682946,9905897000
2025,3,11170660,이태원2동,3261019,2096134000
2025,3,11170685,한남동,4381088,11815216000
2025,3,11170690,서빙고동,4208562,1945972000
2025,3,11170700,보광동,2545653,1229120000
2025,3,11200520,왕십리2동,3474994,2261347000
2025,3,11200535,왕십리도선동,4015131,8361775000
2025,3,11200540,마장동,3021967,4659047000
2025,3,11200550,사근동,3099614,5596385000
2025,3,11200560,행당1동,3900841,7721771000
2025,3,11200570,행당2동,4408744,1826015000
2025,3,11200580,응봉동,3858472,511446000
2025,3,11200590,금호1가동,4010011,1530713000
2025,3,11200615,금호2?3가동,3751434,2790746000
2025,3,11200620,금호4가동,4442144,3144908000
2025,3,11200645,옥수동,4836487,4107032000
2025,3,11200650,성수1가1동,3870717,3222264000
2025,3,11200660,성수1가2동,3263294,22136207000
2025,3,11200670,성수2가1동,2900762,8085727000
2025,3,11200690,성수2가3동,3358391,18105500000
2025,3,11200720,송정동,2566462,897214000
2025,3,11200790,용답동,2484354,18342635000
2025,3,11215710,화양동,2470026,19250566000
2025,3,11215730,군자동,2604535,6497273000
2025,3,11215740,중곡1동,2542359,5720581000
2025,3,11215750,중곡2동,2555101,3950886000
2025,3,11215760,중곡3동,2390961,2531770000
2025,3,11215770,중곡4동,2523958,3882064000
2025,3,11215780,능동,2846023,6112526000
2025,3,11215810,광장동,5284540,6072700000
2025,3,11215820,자양1동,2745988,6662802000
2025,3,11215830,자양2동,2999213,4090504000
2025,3,11215840,자양3동,4353416,5077119000
2025,3,11215847,자양4동,2795134,8733237000
2025,3,11215850,구의1동,2683701,4506775000
2025,3,11215860,구의2동,2948328,4664464000
2025,3,11215870,구의3동,4010979,10233977000
2025,3,11230536,용신동,2894254,13484305000
2025,3,11230545,제기동,2792227,12064339000
2025,3,11230560,전농1동,3070695,7082276000
2025,3,11230570,전농2동,3136080,1670908000
2025,3,11230600,답십리1동,3538405,4449329000
2025,3,11230610,답십리2동,3049260,5333387000
2025,3,11230650,장안1동,2863708,12496149000
2025,3,11230660,장안2동,2920490,10352533000
2025,3,11230705,청량리동,2860315,4836306000
2025,3,11230710,회기동,3217279,10846325000
2025,3,11230720,휘경1동,2722774,3946289000
2025,3,11230730,휘경2동,3071586,2037707000
2025,3,11230740,이문1동,3000929,3381994000
2025,3,11230750,이문2동,3137841,1426624000
2025,3,11260520,면목2동,2322173,3437896000
2025,3,11260540,면목4동,2573570,1175689000
2025,3,11260550,면목5동,2233073,2555822000
2025,3,11260565,면목본동,2336892,4932164000
2025,3,11260570,면목7동,2655671,4498871000
2025,3,11260575,면목3?8동,2354962,4452229000
2025,3,11260580,상봉1동,2969913,5268987000
2025,3,11260590,상봉2동,2575432,9448871000
2025,3,11260600,중화1동,2518956,1770379000
2025,3,11260610,중화2동,2253552,4115474000
2025,3,11260620,묵1동,3120718,5208965000
2025,3,11260630,묵2동,2533867,3930946000
2025,3,11260655,망우본동,2443681,7108659000
2025,3,11260660,망우3동,2231082,1952538000
2025,3,11260680,신내1동,2780491,5736285000
2025,3,11260690,신내2동,3060535,3975904000
2025,3,11290525,성북동,3470748,3673494000
2025,3,11290555,삼선동,3057377,7165172000
2025,3,11290575,동선동,2821008,11154544000
2025,3,11290580,돈암1동,3583117,1055017000
2025,3,11290590,돈암2동,4297592,908788000
2025,3,11290600,안암동,2896471,6505744000
2025,3,11290610,보문동,3162623,3301949000
2025,3,11290620,정릉1동,3341356,1691968000
2025,3,11290630,정릉2동,2934717,3915330000
2025,3,11290640,정릉3동,2482564,2145177000
2025,3,11290650,정릉4동,3038165,3685214000
2025,3,11290660,길음1동,4462339,4597251000
2025,3,11290685,길음2동,3736133,5908370000
2025,3,11290705,종암동,3381883,7226266000
2025,3,11290715,월곡1동,3294213,2908887000
2025,3,11290725,월곡2동,3138026,5979194000
2025,3,11290760,장위1동,2231978,1742665000
2025,3,11290770,장위2동,2411293,2367911000
2025,3,11290780,장위3동,3113825,1603624000
2025,3,11290810,석관동,2864182,6404802000
2025,3,11305534,삼양동,2473211,3584071000
2025,3,11305535,미아동,2318870,5760018000
2025,3,11305545,송중동,2555447,8795456000
2025,3,11305555,송천동,2444557,4759438000
2025,3,11305575,삼각산동,3734477,2821401000
2025,3,11305595,번1동,2303972,7588515000
2025,3,11305603,번2동,2308539,1151499000
2025,3,11305608,번3동,2548326,1836382000
2025,3,11305615,수유1동,2220463,4792181000
2025,3,11305625,수유2동,2577008,2320713000
2025,3,11305635,수유3동,2205999,11163215000
2025,3,11305645,우이동,2457144,3873567000
2025,3,11305660,인수동,2359990,2685938000
2025,3,11320511,창1동,3038009,3841860000
2025,3,11320512,창2동,2551630,3620143000
2025,3,11320513,창3동,2229423,1428434000
2025,3,11320514,창4동,3547959,4110583000
2025,3,11320515,창5동,3298026,6764914000
2025,3,11320521,도봉1동,2275377,4887008000
2025,3,11320522,도봉2동,2811820,2940870000
2025,3,11320660,쌍문1동,2440535,2034586000
2025,3,11320670,쌍문2동,2430154,4724820000
2025,3,11320680,쌍문3동,2438072,3118696000
2025,3,11320681,쌍문4동,2968285,1839395000
2025,3,11320690,방학1동,2895702,9555583000
2025,3,11320700,방학2동,2099146,2557084000
2025,3,11320710,방학3동,2962092,1906561000
2025,3,11350560,월계1동,2777397,5297717000
2025,3,11350570,월계2동,2728093,1815565000
2025,3,11350580,월계3동,3110675,7023250000
2025,3,11350595,공릉1동,2786137,13922753000
2025,3,11350600,공릉2동,3394877,9006843000
2025,3,11350611,하계1동,3611061,7116283000
2025,3,11350612,하계2동,3625940,693746000
2025,3,11350619,중계본동,4197248,6730066000
2025,3,11350621,중계1동,4623227,4877562000
2025,3,11350624,중계4동,3196660,6541437000
2025,3,11350625,중계2?3동,2936682,8359562000
2025,3,11350630,상계1동,3030316,9422635000
2025,3,11350640,상계2동,3122902,19709759000
2025,3,11350665,상계3?4동,2644186,1523045000
2025,3,11350670,상계5동,2481440,2630714000
2025,3,11350695,상계6?7동,3152836,16137981000
2025,3,11350700,상계8동,3153561,1857397000
2025,3,11350710,상계9동,2955988,1964198000
2025,3,11350720,상계10동,3132098,1022647000
2025,3,11380510,녹번동,3055864,5447030000
2025,3,11380520,불광1동,3182963,7343673000
2025,3,11380530,불광2동,2396457,5129984000
2025,3,11380551,갈현1동,2481200,5670377000
2025,3,11380552,갈현2동,2539257,6472101000
2025,3,11380560,구산동,2602334,2851693000
2025,3,11380570,대조동,2535013,8386193000
2025,3,11380580,응암1동,2726133,6712042000
2025,3,11380590,응암2동,3510245,1722327000
2025,3,11380600,응암3동,2360910,8390208000
2025,3,11380625,역촌동,2521877,7462172000
2025,3,11380631,신사1동,2637581,4660202000
2025,3,11380632,신사2동,2635300,1438170000
2025,3,11380640,증산동,2838450,2360047000
2025,3,11380650,수색동,3253972,933194000
2025,3,11380690,진관동,4070863,18768615000
2025,3,11410520,천연동,4197718,2536346000
2025,3,11410555,북아현동,4172659,2445698000
2025,3,11410565,충현동,3210231,4190531000
2025,3,11410585,신촌동,3331768,43035256000
2025,3,11410615,연희동,3383749,50825352000
2025,3,11410620,홍제1동,3459117,3554575000
2025,3,11410640,홍제3동,2807766,4469452000
2025,3,11410655,홍제2동,3664523,1512130000
2025,3,11410660,홍은1동,3093859,1422687000
2025,3,11410685,홍은2동,2874442,3846823000
2025,3,11410690,남가좌1동,4622839,3097673000
2025,3,11410700,남가좌2동,3237719,5590255000
2025,3,11410710,북가좌1동,4005416,2085659000
2025,3,11410720,북가좌2동,2590646,3986738000
2025,3,11440555,아현동,5237419,6542623000
2025,3,11440565,공덕동,4047702,5912085000
2025,3,11440585,도화동,4217433,8546161000
2025,3,11440590,용강동,4787212,7665386000
2025,3,11440600,대흥동,3421062,6131378000
2025,3,11440610,염리동,4051438,66150663000
2025,3,11440630,신수동,4157605,3039612000
2025,3,11440655,서강동,4339738,5624958000
2025,3,11440660,서교동,3212258,61415669000
2025,3,11440680,합정동,3195027,10072404000
2025,3,11440690,망원1동,2802536,7795012000
2025,3,11440700,망원2동,2912810,3782651000
2025,3,11440710,연남동,2980162,7958940000
2025,3,11440720,성산1동,2814646,10071067000
2025,3,11440730,성산2동,3521472,8619081000
2025,3,11440740,상암동,4158486,14721010000
2025,3,11470510,목1동,5667672,26726973000
2025,3,11470520,목2동,3244963,4559235000
2025,3,11470530,목3동,3101712,6575211000
2025,3,11470540,목4동,3426858,5413463000
2025,3,11470550,목5동,5987821,15002713000
2025,3,11470560,신월1동,2227154,3949351000
2025,3,11470570,신월2동,2727225,3113738000
2025,3,11470580,신월3동,2152244,2625482000
2025,3,11470590,신월4동,2639083,3577747000
2025,3,11470600,신월5동,2615553,3530545000
2025,3,11470610,신월6동,2857257,2568654000
2025,3,11470611,신월7동,2343943,2233014000
2025,3,11470620,신정1동,5046256,4475989000
2025,3,11470630,신정2동,4725315,4435653000
2025,3,11470640,신정3동,3158844,5892000000
2025,3,11470650,신정4동,2609700,10698566000
2025,3,11470670,신정6동,5384412,3019191000
2025,3,11470680,신정7동,4094404,4754225000
2025,3,11500510,염창동,4127504,6900953000
2025,3,11500520,등촌1동,3322838,5711743000
2025,3,11500530,등촌2동,3352636,2611153000
2025,3,11500535,등촌3동,3403390,8601560000
2025,3,11500540,화곡1동,2485455,11850482000
2025,3,11500550,화곡2동,2385531,2677337000
2025,3,11500560,화곡3동,3132782,4683879000
2025,3,11500570,화곡4동,2423768,4473357000
2025,3,11500590,화곡본동,2398795,6047208000
2025,3,11500591,화곡6동,3040513,7822577000
2025,3,11500593,화곡8동,2473381,4718253000
2025,3,11500603,가양1동,3560388,61759531000
2025,3,11500604,가양2동,3065320,3230435000
2025,3,11500605,가양3동,3047051,497192000
2025,3,11500611,발산1동,3192517,27227730000
2025,3,11500615,우장산동,4135674,7210783000
2025,3,11500620,공항동,2896818,8217942000
2025,3,11500630,방화1동,3407916,7159393000
2025,3,11500640,방화2동,2708397,9333858000
2025,3,11500641,방화3동,3044446,1818189000
2025,3,11530510,신도림동,4380318,8203366000
2025,3,11530520,구로1동,3368067,1900259000
2025,3,11530530,구로2동,2453690,15801790000
2025,3,11530540,구로3동,2888444,1995800564000
2025,3,11530550,구로4동,2617060,5478716000
2025,3,11530560,구로5동,3213284,18290002000
2025,3,11530595,가리봉동,2336331,1460709000
2025,3,11530720,고척1동,2972418,7191289000
2025,3,11530730,고척2동,2882639,3432115000
2025,3,11530740,개봉1동,2805757,4855571000
2025,3,11530750,개봉2동,3068971,3661445000
2025,3,11530760,개봉3동,2512790,2996719000
2025,3,11530770,오류1동,2574851,3800720000
2025,3,11530780,오류2동,2781178,4046099000
2025,3,11530790,수궁동,2682295,2736524000
2025,3,11530800,항동,3007261,1214378000
2025,3,11545510,가산동,2567594,36423714000
2025,3,11545610,독산1동,3000453,9813735000
2025,3,11545620,독산2동,2251577,2765922000
2025,3,11545630,독산3동,2386851,4884176000
2025,3,11545640,독산4동,2255044,1955956000
2025,3,11545670,시흥1동,2757307,10216878000
2025,3,11545680,시흥2동,3181421,783632000
2025,3,11545690,시흥3동,2516251,1598905000
2025,3,11545700,시흥4동,2405620,1384594000
2025,3,11545710,시흥5동,2375052,2070983000
2025,3,11560515,영등포본동,3286751,4085774000
2025,3,11560535,영등포동,3570107,31168003000
2025,3,11560540,여의동,5590853,187521137000
2025,3,11560550,당산1동,3536432,6583757000
2025,3,11560560,당산2동,4130932,8775013000
2025,3,11560585,도림동,3031484,2570035000
2025,3,11560605,문래동,4019445,1634686665000
2025,3,11560610,양평1동,3508250,4368389000
2025,3,11560620,양평2동,3672088,13433591000
2025,3,11560630,신길1동,2780044,4281759000
2025,3,11560650,신길3동,3085442,3701438000
2025,3,11560660,신길4동,2717791,971262000
2025,3,11560670,신길5동,2656511,1839280000
2025,3,11560680,신길6동,2954616,4907774000
2025,3,11560690,신길7동,3616070,2241628000
2025,3,11560700,대림1동,2582442,5033696000
2025,3,11560710,대림2동,2686240,4323342000
2025,3,11560720,대림3동,2907933,7431607000
2025,3,11590510,노량진1동,3583099,7118744000
2025,3,11590520,노량진2동,2420761,5746389000
2025,3,11590530,상도1동,3875896,7969104000
2025,3,11590540,상도2동,3826699,4676696000
2025,3,11590550,상도3동,2575897,4945980000
2025,3,11590560,상도4동,2563258,2303283000
2025,3,11590605,흑석동,4224946,10449640000
2025,3,11590620,사당1동,2855173,9121874000
2025,3,11590630,사당2동,3884988,9278362000
2025,3,11590640,사당3동,3890035,3033803000
2025,3,11590650,사당4동,2844168,2436747000
2025,3,11590651,사당5동,3047661,994935000
2025,3,11590660,대방동,3524765,6914212000
2025,3,11590670,신대방1동,3845094,3640693000
2025,3,11590680,신대방2동,3340157,93867082000
2025,3,11620525,보라매동,2529995,13616140000
2025,3,11620545,청림동,3682775,1246307000
2025,3,11620565,성현동,3455108,1552552000
2025,3,11620575,행운동,2889475,6256573000
2025,3,11620585,낙성대동,3225725,9089106000
2025,3,11620595,청룡동,2768161,9125661000
2025,3,11620605,은천동,3063077,6709487000
2025,3,11620615,중앙동,2633493,5914878000
2025,3,11620625,인헌동,2783693,4263968000
2025,3,11620630,남현동,3234026,6262478000
2025,3,11620645,서원동,2412001,13113627000
2025,3,11620655,신원동,2403237,2112041000
2025,3,11620665,서림동,2530625,2450925000
2025,3,11620685,신사동,2430662,3714605000
2025,3,11620695,신림동,2434279,9170913000
2025,3,11620715,난향동,3262195,738940000
2025,3,11620725,조원동,2523192,7130833000
2025,3,11620735,대학동,2622408,7172841000
2025,3,11620745,삼성동,2593695,1863483000
2025,3,11620765,미성동,2676537,3850742000
2025,3,11620775,난곡동,2268676,2790631000
2025,3,11650510,서초1동,4769119,11334692000
2025,3,11650520,서초2동,5196131,167902595000
2025,3,11650530,서초3동,4678950,191345126000
2025,3,11650531,서초4동,6475383,33224825000
2025,3,11650540,잠원동,5458458,9618095000
2025,3,11650550,반포본동,5583021,411834000
2025,3,11650560,반포1동,5338302,8929059000
2025,3,11650570,반포2동,6812331,1968421000
2025,3,11650580,반포3동,6140775,5463876000
2025,3,11650581,반포4동,5280483,30942246000
2025,3,11650590,방배본동,4856162,19572401000
2025,3,11650600,방배1동,4069239,6543871000
2025,3,11650610,방배2동,3864301,68529952000
2025,3,11650620,방배3동,4681587,4552422000
2025,3,11650621,방배4동,4557937,6833355000
2025,3,11650651,양재1동,4173236,10576091000
2025,3,11650652,양재2동,3222382,10438645000
2025,3,11650660,내곡동,4047063,3063981000
2025,3,11680510,신사동,5099915,37927115000
2025,3,11680521,논현1동,3277066,40560965000
2025,3,11680531,논현2동,3973993,25574264000
2025,3,11680545,압구정동,5808537,39407949000
2025,3,11680565,청담동,5010204,30832172000
2025,3,11680580,삼성1동,5098096,36249730000
2025,3,11680590,삼성2동,5055114,15906578000
2025,3,11680600,대치1동,7421305,11649936000
2025,3,11680610,대치2동,6017362,25199954000
2025,3,11680630,대치4동,4101144,190207750000
2025,3,11680640,역삼1동,3607265,1350624136000
2025,3,11680650,역삼2동,5367397,692091666000
2025,3,11680655,도곡1동,5412484,36065281000
2025,3,11680656,도곡2동,6567504,76007215000
2025,3,11680660,개포1동,5336373,395766000
2025,3,11680670,개포2동,5195802,2354478000
2025,3,11680690,개포4동,3550527,3463952000
2025,3,11680700,세곡동,3885403,5790364000
2025,3,11680720,일원본동,5444886,5194875000
2025,3,11680730,일원1동,3022931,2737078000
2025,3,11680740,일원2동,4553185,1312418000
2025,3,11680750,수서동,3847379,153961613000
2025,3,11710510,풍납1동,3011150,1577260000
2025,3,11710520,풍납2동,3891704,5470528000
2025,3,11710531,거여1동,2789100,1894025000
2025,3,11710532,거여2동,3033238,3326605000
2025,3,11710540,마천1동,2435636,1403349000
2025,3,11710550,마천2동,2339431,3721593000
2025,3,11710561,방이1동,3970520,5827543000
2025,3,11710562,방이2동,2928271,141915821000
2025,3,11710566,오륜동,6095160,2469788000
2025,3,11710570,오금동,3510674,6861823000
2025,3,11710580,송파1동,3129216,9248711000
2025,3,11710590,송파2동,4370970,3329403000
2025,3,11710600,석촌동,2927911,11224386000
2025,3,11710610,삼전동,2779980,7824613000
2025,3,11710620,가락본동,3521561,9896719000
2025,3,11710631,가락1동,4973588,6226197000
2025,3,11710632,가락2동,3910198,6400931000
2025,3,11710641,문정1동,3568357,3477814000
2025,3,11710642,문정2동,4425648,21788824000
2025,3,11710646,장지동,3263464,3860305000
2025,3,11710647,위례동,4202887,4434520000
2025,3,11710650,잠실본동,3079387,18611799000
2025,3,11710670,잠실2동,6352641,3895089000
2025,3,11710680,잠실3동,5452682,8490623000
2025,3,11710690,잠실4동,6007987,1759487000
2025,3,11710710,잠실6동,5237775,38670504000
2025,3,11710720,잠실7동,6014516,526186000
2025,3,11740515,강일동,3073250,3594286000
2025,3,11740520,상일동,3690212,3553740000
2025,3,11740530,명일1동,3540203,7354351000
2025,3,11740540,명일2동,4514278,7136615000
2025,3,11740550,고덕1동,4618641,1765942000
2025,3,11740560,고덕2동,2465499,2980426000
2025,3,11740570,암사1동,2852157,6730150000
2025,3,11740580,암사2동,3688535,2902861000
2025,3,11740590,암사3동,4470889,1754291000
2025,3,11740600,천호1동,2473111,3324925000
2025,3,11740610,천호2동,2749741,74578911000
2025,3,11740620,천호3동,3165328,6355660000
2025,3,11740640,성내1동,3438376,6420443000
2025,3,11740650,성내2동,2824592,7327192000
2025,3,11740660,성내3동,2897346,7999998000
2025,3,11740685,길동,2840603,12816843000
2025,3,11740690,둔촌1동,3596734,24319000
2025,3,11740700,둔촌2동,3414406,4506159000
